family,size,instance_id,algorithm_id,algorithm,performance_ratio,solved,any_method_solved_instance,record_path,record_sha256
adversarial,large,V2-C-M01-S03,cardinality_greedy,Cardinality greedy,1.0,true,true,experiments/algorithmic_compression_v2/results/raw_runs/V2-C-M01-S03/cardinality_greedy__mandatory_only.toml,4f6958d84bf48a6644c8369c39f7b975f5193a84f450080148e87a301a11e0d3
adversarial,large,V2-C-M01-S03,declared_source_order,Declared source order,2.2678461308446853,true,true,experiments/algorithmic_compression_v2/results/raw_runs/V2-C-M01-S03/declared_source_order__mandatory_only.toml,29747cdec807df227ba976a8d46a6e075ccd43b046c7082d227be2ecb501fdfc
adversarial,large,V2-C-M01-S03,heaviest_safe_first,Heaviest safe first,2.9734030478278863,true,true,experiments/algorithmic_compression_v2/results/raw_runs/V2-C-M01-S03/heaviest_safe_first__mandatory_only.toml,56e62f79479baf5aa89c0bef804539632d48877f1e33e6fdabc388bb441d0b3e
adversarial,large,V2-C-M01-S03,jump_highs_tagged_cover,HiGHS MIP,13.38208543192007,true,true,experiments/algorithmic_compression_v2/results/raw_runs/V2-C-M01-S03/jump_highs_tagged_cover__full_fixed_point.toml,c28f83e301476d4ce38c9e23585cea727e6a33b9ef7b4e71829b2568c5edf20c
adversarial,large,V2-C-M01-S03,lightest_safe_first,Lightest safe first,5.142659118673742,true,true,experiments/algorithmic_compression_v2/results/raw_runs/V2-C-M01-S03/lightest_safe_first__mandatory_only.toml,6e5577ce73dafc60c91ffa8cde9961be28ae8a40be9f0e6b7a1f618259d55c06
adversarial,large,V2-C-M01-S03,maximum_immediate_burden_release,Maximum immediate release,2.500481392995586,true,true,experiments/algorithmic_compression_v2/results/raw_runs/V2-C-M01-S03/maximum_immediate_burden_release__mandatory_only.toml,913a99021add6e1fa3760d2a30c28e3267d2ce212dba81c9212613263a54926d
adversarial,large,V2-C-M01-S03,minimum_unique_carrier_exposure,Minimum unique-carrier exposure,2.982347473180371,true,true,experiments/algorithmic_compression_v2/results/raw_runs/V2-C-M01-S03/minimum_unique_carrier_exposure__mandatory_only.toml,0d2bc0d5f978a6f69559ec93dd1b5a15ddaf41dc9881d09fcb8d131c1f568bb1
adversarial,large,V2-C-M01-S03,multistart_random_rechecked_deletion_32,32-start random deletion,21.44449577364688,true,true,experiments/algorithmic_compression_v2/results/raw_runs/V2-C-M01-S03/multistart_random_rechecked_deletion_32__mandatory_only.toml,d2108ec30c2ee50137943a00c7ca72264ca6e1b3875f949ccb6488275b720fb1
adversarial,large,V2-C-M01-S03,random_order_rechecked_deletion,Random-order deletion,2.2096359273600297,true,true,experiments/algorithmic_compression_v2/results/raw_runs/V2-C-M01-S03/random_order_rechecked_deletion__mandatory_only.toml,203f490071142783fcdd4ec117c15b06524b7d745187bb6260ded78b15d8cd98
adversarial,large,V2-C-M01-S03,weighted_greedy,Weighted greedy,2.2247742358220535,true,true,experiments/algorithmic_compression_v2/results/raw_runs/V2-C-M01-S03/weighted_greedy__mandatory_only.toml,fdd7b82700d1358dbb561021fa2bd9d904a2fa8de767048c459266448e7ab937
adversarial,large,V2-C-M01-S03,weighted_greedy_reverse_delete,Weighted greedy + reverse deletion,3.3555091389333684,true,true,experiments/algorithmic_compression_v2/results/raw_runs/V2-C-M01-S03/weighted_greedy_reverse_delete__mandatory_only.toml,5f3e9e9c360f83da894c90d589b0402daceed7f61296b8a1d282fae70dbb52c8
adversarial,large,V2-C-M02-S03,cardinality_greedy,Cardinality greedy,2.2098026330336924,true,true,experiments/algorithmic_compression_v2/results/raw_runs/V2-C-M02-S03/cardinality_greedy__mandatory_only.toml,7fd671290a9f9a8d99592d9a4ba3366ca363c926229e3a9fdef7da4a30cc888f
adversarial,large,V2-C-M02-S03,complete_enumeration,Enumeration,,false,true,experiments/algorithmic_compression_v2/results/raw_runs/V2-C-M02-S03/complete_enumeration__mandatory_only.toml,defa6100653105b1a7781b37f8028a4fbac2491c7e6712e06cb4a58de1b993d2
adversarial,large,V2-C-M02-S03,declared_source_order,Declared source order,2.536707346018013,true,true,experiments/algorithmic_compression_v2/results/raw_runs/V2-C-M02-S03/declared_source_order__mandatory_only.toml,1c44bc47ca0aa2e2308cb708443f8c0eb793a80193b5a54f04066c59d76a9620
adversarial,large,V2-C-M02-S03,heaviest_safe_first,Heaviest safe first,1.9851925959645684,true,true,experiments/algorithmic_compression_v2/results/raw_runs/V2-C-M02-S03/heaviest_safe_first__mandatory_only.toml,dd5f4ffa94cefc2985462080916b7c3321f3478c1c21b37e0bdcf54ae78a5efa
adversarial,large,V2-C-M02-S03,jump_highs_tagged_cover,HiGHS MIP,7.015899181815248,true,true,experiments/algorithmic_compression_v2/results/raw_runs/V2-C-M02-S03/jump_highs_tagged_cover__full_fixed_point.toml,4cc21be598013e918b130a53111ef4f81c20ffe801f9839879ce324b7d541c4e
adversarial,large,V2-C-M02-S03,lightest_safe_first,Lightest safe first,1.8852005500358051,true,true,experiments/algorithmic_compression_v2/results/raw_runs/V2-C-M02-S03/lightest_safe_first__mandatory_only.toml,2f9952a71b5f3206d82b1089ddabbfa812748b18ef770a647b3babd9078174d0
adversarial,large,V2-C-M02-S03,maximum_immediate_burden_release,Maximum immediate release,1.8927029078667763,true,true,experiments/algorithmic_compression_v2/results/raw_runs/V2-C-M02-S03/maximum_immediate_burden_release__mandatory_only.toml,90e4ca828ac9a08edcef5046e3d968e1bf4b4224a4882834090ddacfdf82edd4
adversarial,large,V2-C-M02-S03,minimum_unique_carrier_exposure,Minimum unique-carrier exposure,2.3920801262724605,true,true,experiments/algorithmic_compression_v2/results/raw_runs/V2-C-M02-S03/minimum_unique_carrier_exposure__mandatory_only.toml,d5a3cfb1bc343c4792cf61ca820ff36f9fa056731ff815819d67ef12c0ef9fc5
adversarial,large,V2-C-M02-S03,multistart_random_rechecked_deletion_32,32-start random deletion,2.1831883683160833,true,true,experiments/algorithmic_compression_v2/results/raw_runs/V2-C-M02-S03/multistart_random_rechecked_deletion_32__mandatory_only.toml,53982b35f2a8d1359b67f6bb91fc3594b1ef8b78aa3c693397065d7bd145f741
adversarial,large,V2-C-M02-S03,random_order_rechecked_deletion,Random-order deletion,2.2815632521200264,true,true,experiments/algorithmic_compression_v2/results/raw_runs/V2-C-M02-S03/random_order_rechecked_deletion__mandatory_only.toml,c24ed9622488db95c28e4cd120bf037bee27fde6274fc49f03945087f21cdec2
adversarial,large,V2-C-M02-S03,requirement_mask_dp,Mask DP,1.588370272145389,true,true,experiments/algorithmic_compression_v2/results/raw_runs/V2-C-M02-S03/requirement_mask_dp__mandatory_only.toml,5c84c692dc151a95b3806bc62d032d87339969e78b0eb3e20dfe789592165ed2
adversarial,large,V2-C-M02-S03,weighted_greedy,Weighted greedy,1.552055237165759,true,true,experiments/algorithmic_compression_v2/results/raw_runs/V2-C-M02-S03/weighted_greedy__mandatory_only.toml,db2fc42d407ded17424a47af2d3bef305f0a5ddaddbe80b57c01fd3345b06a3f
adversarial,large,V2-C-M02-S03,weighted_greedy_reverse_delete,Weighted greedy + reverse deletion,1.0,true,true,experiments/algorithmic_compression_v2/results/raw_runs/V2-C-M02-S03/weighted_greedy_reverse_delete__mandatory_only.toml,745d5c7adf50628d1f815f0e9e1e2cf495f7056081c1a948369619d1cadd90b9
adversarial,large,V2-C-M03-S03,cardinality_greedy,Cardinality greedy,1.2073296350177936,true,true,experiments/algorithmic_compression_v2/results/raw_runs/V2-C-M03-S03/cardinality_greedy__mandatory_only.toml,c2b0705ce173f5c25d6a3047247db1c07103c60ddedd060a8d1d85461974fdd2
adversarial,large,V2-C-M03-S03,declared_source_order,Declared source order,3.479522848846428,true,true,experiments/algorithmic_compression_v2/results/raw_runs/V2-C-M03-S03/declared_source_order__mandatory_only.toml,d1e9579e303cc70272d4d7bf47a6be16e9dae0a09dbccb6bcb703c09e9e8f05d
adversarial,large,V2-C-M03-S03,heaviest_safe_first,Heaviest safe first,4.0428945739733155,true,true,experiments/algorithmic_compression_v2/results/raw_runs/V2-C-M03-S03/heaviest_safe_first__mandatory_only.toml,815276c282aadb12d12bea83c820d97d62061a1396b7e7f020467d3186907bff
adversarial,large,V2-C-M03-S03,jump_highs_tagged_cover,HiGHS MIP,5.451212901668163,true,true,experiments/algorithmic_compression_v2/results/raw_runs/V2-C-M03-S03/jump_highs_tagged_cover__full_fixed_point.toml,5c675bbaa4e2496ce22867e4fde3cf4c6cd55c7a92b73435feebc94e2c996123
adversarial,large,V2-C-M03-S03,lightest_safe_first,Lightest safe first,3.7667735283354165,true,true,experiments/algorithmic_compression_v2/results/raw_runs/V2-C-M03-S03/lightest_safe_first__mandatory_only.toml,29f9fa20186e5bd6a60c0e579bdbd1f95935fa58e14582b1f36fd610fad1c2ee
adversarial,large,V2-C-M03-S03,maximum_immediate_burden_release,Maximum immediate release,4.706119257940923,true,true,experiments/algorithmic_compression_v2/results/raw_runs/V2-C-M03-S03/maximum_immediate_burden_release__mandatory_only.toml,9206bfc0b2cb3d9f36831f9d1ace10a4b80ee6cf2f690420254e58986dd3d457
adversarial,large,V2-C-M03-S03,minimum_unique_carrier_exposure,Minimum unique-carrier exposure,3.4920947316177826,true,true,experiments/algorithmic_compression_v2/results/raw_runs/V2-C-M03-S03/minimum_unique_carrier_exposure__mandatory_only.toml,230b80cc96bd52d3da2ef84dbaee9aac7782c5f330d8e3dd16893d50689bec54
adversarial,large,V2-C-M03-S03,multistart_random_rechecked_deletion_32,32-start random deletion,88.52504090603372,true,true,experiments/algorithmic_compression_v2/results/raw_runs/V2-C-M03-S03/multistart_random_rechecked_deletion_32__mandatory_only.toml,6ee2c723d059ab5ee0b73144a13df471234a9cb08c4e4d1f7648814e64eb0f13
adversarial,large,V2-C-M03-S03,random_order_rechecked_deletion,Random-order deletion,3.8501291968185196,true,true,experiments/algorithmic_compression_v2/results/raw_runs/V2-C-M03-S03/random_order_rechecked_deletion__mandatory_only.toml,1768766331a9e701ad5bde4579f88cd45e57f7255baa3ed509435571de9c13f4
adversarial,large,V2-C-M03-S03,weighted_greedy,Weighted greedy,1.0,true,true,experiments/algorithmic_compression_v2/results/raw_runs/V2-C-M03-S03/weighted_greedy__mandatory_only.toml,9d99d2299701426032f92181e12eca22a3fbb1810e0dbb66b0238359b2c59125
adversarial,large,V2-C-M03-S03,weighted_greedy_reverse_delete,Weighted greedy + reverse deletion,1.1510173167459676,true,true,experiments/algorithmic_compression_v2/results/raw_runs/V2-C-M03-S03/weighted_greedy_reverse_delete__mandatory_only.toml,022982d0e5074fc435fe1746c197db8a2aecacc8ecbc3db5c462ac99f9e254a5
adversarial,large,V2-C-M04-S03,cardinality_greedy,Cardinality greedy,1.0218137965342298,true,true,experiments/algorithmic_compression_v2/results/raw_runs/V2-C-M04-S03/cardinality_greedy__mandatory_only.toml,f047fed9e03a9a4061f7fea18605fbab4e2c8a476b13a3d93a54c352b7e524eb
adversarial,large,V2-C-M04-S03,declared_source_order,Declared source order,1.1301509815689312,true,true,experiments/algorithmic_compression_v2/results/raw_runs/V2-C-M04-S03/declared_source_order__mandatory_only.toml,47eb0fd6d87cdae3995ea28e4cf965ae877846fd0b292d26240ed98d3852ef93
adversarial,large,V2-C-M04-S03,heaviest_safe_first,Heaviest safe first,2.665436557534362,true,true,experiments/algorithmic_compression_v2/results/raw_runs/V2-C-M04-S03/heaviest_safe_first__mandatory_only.toml,41ed3a5d4555385271a658ebe802eb26238721887434eb69ce0ca68c0119777a
adversarial,large,V2-C-M04-S03,jump_highs_tagged_cover,HiGHS MIP,16.528628820022373,true,true,experiments/algorithmic_compression_v2/results/raw_runs/V2-C-M04-S03/jump_highs_tagged_cover__full_fixed_point.toml,6382b9ac99b05732a41d81391c73d28c35477d0b12a3f2e7586ce31f7167d8a9
adversarial,large,V2-C-M04-S03,lightest_safe_first,Lightest safe first,1.782127614294835,true,true,experiments/algorithmic_compression_v2/results/raw_runs/V2-C-M04-S03/lightest_safe_first__mandatory_only.toml,8e74375128ceb6d54aab9a3dc831e6e4d0b905dc6a7fae1bec579c86259fc00d
adversarial,large,V2-C-M04-S03,maximum_immediate_burden_release,Maximum immediate release,1.949163608724214,true,true,experiments/algorithmic_compression_v2/results/raw_runs/V2-C-M04-S03/maximum_immediate_burden_release__mandatory_only.toml,a496873f23c04932e8493b75fba4000b991faa93347293d764a397b7ff7f4a55
adversarial,large,V2-C-M04-S03,minimum_unique_carrier_exposure,Minimum unique-carrier exposure,2.1667641841417282,true,true,experiments/algorithmic_compression_v2/results/raw_runs/V2-C-M04-S03/minimum_unique_carrier_exposure__mandatory_only.toml,eaf04816191243309b06b9f4c232295f3689280edc00923710b173cc761e5a77
adversarial,large,V2-C-M04-S03,multistart_random_rechecked_deletion_32,32-start random deletion,10.994344176704681,true,true,experiments/algorithmic_compression_v2/results/raw_runs/V2-C-M04-S03/multistart_random_rechecked_deletion_32__mandatory_only.toml,a1dcaa25c1f83c25bcfffe5021dd6553fbb2ebe9a117848dbc0c1ae39f69dae0
adversarial,large,V2-C-M04-S03,random_order_rechecked_deletion,Random-order deletion,2.2320362635496607,true,true,experiments/algorithmic_compression_v2/results/raw_runs/V2-C-M04-S03/random_order_rechecked_deletion__mandatory_only.toml,69cc22463f25edbce986b70d8c4a2508369684dcf64971c923ed65eb1926215f
adversarial,large,V2-C-M04-S03,weighted_greedy,Weighted greedy,1.0,true,true,experiments/algorithmic_compression_v2/results/raw_runs/V2-C-M04-S03/weighted_greedy__mandatory_only.toml,3da05a568657194224b45537e65c2797aabe234e6ee4f2a9e441929b5165018a
adversarial,large,V2-C-M04-S03,weighted_greedy_reverse_delete,Weighted greedy + reverse deletion,1.5455124154834767,true,true,experiments/algorithmic_compression_v2/results/raw_runs/V2-C-M04-S03/weighted_greedy_reverse_delete__mandatory_only.toml,250219e0f81785126ecd1d1ef377c939f6e0e075c1181dfa8c32d331c3336620
adversarial,large,V2-C-M05-S03,cardinality_greedy,Cardinality greedy,1.0,true,true,experiments/algorithmic_compression_v2/results/raw_runs/V2-C-M05-S03/cardinality_greedy__mandatory_only.toml,7923b598b187df4a825fcb628aa80f38a24525cedd4a1e4be8aa1d539db5f934
adversarial,large,V2-C-M05-S03,declared_source_order,Declared source order,5.043634250983994,true,true,experiments/algorithmic_compression_v2/results/raw_runs/V2-C-M05-S03/declared_source_order__mandatory_only.toml,22abb4507b114a589260897660f0ed2fae754d681b3f36987eadd4575484f8cb
adversarial,large,V2-C-M05-S03,heaviest_safe_first,Heaviest safe first,7.1486234763621646,true,true,experiments/algorithmic_compression_v2/results/raw_runs/V2-C-M05-S03/heaviest_safe_first__mandatory_only.toml,072439664a13d57be6c4d8e2e3c4b3d2c7266c3ccd138c3c1a92fe1924828fb7
adversarial,large,V2-C-M05-S03,jump_highs_tagged_cover,HiGHS MIP,27.147144721492445,true,true,experiments/algorithmic_compression_v2/results/raw_runs/V2-C-M05-S03/jump_highs_tagged_cover__full_fixed_point.toml,dcf3d6e8f5e1a5ea3dd50223ce7343f3409f9863d7c47fa01054ac41a1b055b7
adversarial,large,V2-C-M05-S03,lightest_safe_first,Lightest safe first,6.509881637730607,true,true,experiments/algorithmic_compression_v2/results/raw_runs/V2-C-M05-S03/lightest_safe_first__mandatory_only.toml,46299e197258590367ee418f15bf7b67d3bd267a791e8029685a52fd687f9f13
adversarial,large,V2-C-M05-S03,maximum_immediate_burden_release,Maximum immediate release,3.151833103170001,true,true,experiments/algorithmic_compression_v2/results/raw_runs/V2-C-M05-S03/maximum_immediate_burden_release__mandatory_only.toml,0ac4f024163bd9005cdf92718c707d86e0ad5ba17468c7904a2e33b1560a0b43
adversarial,large,V2-C-M05-S03,minimum_unique_carrier_exposure,Minimum unique-carrier exposure,4.649080943294951,true,true,experiments/algorithmic_compression_v2/results/raw_runs/V2-C-M05-S03/minimum_unique_carrier_exposure__mandatory_only.toml,c776bd20efa093a11a7f734e31d00d7a58c8a886c15f684214e8528c3025cb59
adversarial,large,V2-C-M05-S03,multistart_random_rechecked_deletion_32,32-start random deletion,34.45356470468246,true,true,experiments/algorithmic_compression_v2/results/raw_runs/V2-C-M05-S03/multistart_random_rechecked_deletion_32__mandatory_only.toml,bcffc9444297465a29291f4b5c8baeaf2a0fb45d68a9691f3c88bcb6e5ab1ac2
adversarial,large,V2-C-M05-S03,random_order_rechecked_deletion,Random-order deletion,5.118008899317997,true,true,experiments/algorithmic_compression_v2/results/raw_runs/V2-C-M05-S03/random_order_rechecked_deletion__mandatory_only.toml,579c10c5c3c296b0714307ebd32cf6034672b741b2cc19edc1047d2bdf4327ac
adversarial,large,V2-C-M05-S03,weighted_greedy,Weighted greedy,5.57311240432712,true,true,experiments/algorithmic_compression_v2/results/raw_runs/V2-C-M05-S03/weighted_greedy__mandatory_only.toml,5c31326ed17a234d9feaf074bb62e46b4aabd316b9302bbffb4bfc22763c2458
adversarial,large,V2-C-M05-S03,weighted_greedy_reverse_delete,Weighted greedy + reverse deletion,5.490387113632693,true,true,experiments/algorithmic_compression_v2/results/raw_runs/V2-C-M05-S03/weighted_greedy_reverse_delete__mandatory_only.toml,e2819dcaf25755443d06a265d116f9f69aac0fefa0a8bae57148d041385e9ea8
adversarial,large,V2-C-M06-S03,cardinality_greedy,Cardinality greedy,1.0226050038063972,true,true,experiments/algorithmic_compression_v2/results/raw_runs/V2-C-M06-S03/cardinality_greedy__mandatory_only.toml,795f07a45145f4691be5c77db9ba111a86947bdda23e1e03347530605e795253
adversarial,large,V2-C-M06-S03,declared_source_order,Declared source order,1.9436308400980402,true,true,experiments/algorithmic_compression_v2/results/raw_runs/V2-C-M06-S03/declared_source_order__mandatory_only.toml,0e9f5f6597b0119f37f1c88580119b4680ca8dc2bc11cd333343ab0ce59dd5cf
adversarial,large,V2-C-M06-S03,heaviest_safe_first,Heaviest safe first,2.166636612768289,true,true,experiments/algorithmic_compression_v2/results/raw_runs/V2-C-M06-S03/heaviest_safe_first__mandatory_only.toml,a17206469245654a97b6ac7f305ad950d9f9f9210f3aea354a562eeee8a7e9ec
adversarial,large,V2-C-M06-S03,jump_highs_tagged_cover,HiGHS MIP,12.243231745997349,true,true,experiments/algorithmic_compression_v2/results/raw_runs/V2-C-M06-S03/jump_highs_tagged_cover__full_fixed_point.toml,3fcc3a82fbb1a705773b65ee85cc9054d9454ecaef615d721be7d08dada175f7
adversarial,large,V2-C-M06-S03,lightest_safe_first,Lightest safe first,1.4513687071586838,true,true,experiments/algorithmic_compression_v2/results/raw_runs/V2-C-M06-S03/lightest_safe_first__mandatory_only.toml,c09b0bc78029f70a8737451f127edeb4a188a1b451938138c7f44fd81cd9650f
adversarial,large,V2-C-M06-S03,maximum_immediate_burden_release,Maximum immediate release,1.7251377936414205,true,true,experiments/algorithmic_compression_v2/results/raw_runs/V2-C-M06-S03/maximum_immediate_burden_release__mandatory_only.toml,7744f36b08a1d85f36da9ddb71af334d5074dcb46d4f5fda60b1a5804026da7c
adversarial,large,V2-C-M06-S03,minimum_unique_carrier_exposure,Minimum unique-carrier exposure,1.8618504399348978,true,true,experiments/algorithmic_compression_v2/results/raw_runs/V2-C-M06-S03/minimum_unique_carrier_exposure__mandatory_only.toml,d6f697683260e02d237f84d69817c25939d39d307610ff64864edb1bff40a873
adversarial,large,V2-C-M06-S03,multistart_random_rechecked_deletion_32,32-start random deletion,4.25380779384006,true,true,experiments/algorithmic_compression_v2/results/raw_runs/V2-C-M06-S03/multistart_random_rechecked_deletion_32__mandatory_only.toml,8b552cc7058b1902c8f9cda39a61d4eef09aa074fcf4da24b2ca439f7531a71c
adversarial,large,V2-C-M06-S03,random_order_rechecked_deletion,Random-order deletion,1.0,true,true,experiments/algorithmic_compression_v2/results/raw_runs/V2-C-M06-S03/random_order_rechecked_deletion__mandatory_only.toml,73fe1b402dbe6f81fe31a11c8739d7616579abe668f83825ea51faedde9ec540
adversarial,large,V2-C-M06-S03,weighted_greedy,Weighted greedy,1.6247810773432558,true,true,experiments/algorithmic_compression_v2/results/raw_runs/V2-C-M06-S03/weighted_greedy__mandatory_only.toml,bbd8337154f6d7c15e24de6cc605fa15e3d6d49b63b530c7f9b218e470c5e1a4
adversarial,large,V2-C-M06-S03,weighted_greedy_reverse_delete,Weighted greedy + reverse deletion,1.5701172060760984,true,true,experiments/algorithmic_compression_v2/results/raw_runs/V2-C-M06-S03/weighted_greedy_reverse_delete__mandatory_only.toml,3ceab331f644a67aced62d4e88cd48200c8b45cbf7c3e94a74859265d34a06c1
adversarial,large,V2-C-M07-S03,cardinality_greedy,Cardinality greedy,2.089251559882292,true,true,experiments/algorithmic_compression_v2/results/raw_runs/V2-C-M07-S03/cardinality_greedy__mandatory_only.toml,94b48f83f0a0ff1623fe4d8a39ba00b9203cf27ecf70a058ba814f9e01e38b77
adversarial,large,V2-C-M07-S03,declared_source_order,Declared source order,1.4001752440448567,true,true,experiments/algorithmic_compression_v2/results/raw_runs/V2-C-M07-S03/declared_source_order__mandatory_only.toml,7d41b6f309f207fb8e28488f07084cbf59799d517ca356aa8a667c419a055492
adversarial,large,V2-C-M07-S03,heaviest_safe_first,Heaviest safe first,2.0917056292593066,true,true,experiments/algorithmic_compression_v2/results/raw_runs/V2-C-M07-S03/heaviest_safe_first__mandatory_only.toml,1fdf15cff0a72f830b17ab6a2db7daef003ddbe32c716b6c9cf9797419a8b3da
adversarial,large,V2-C-M07-S03,jump_highs_tagged_cover,HiGHS MIP,11.123555182947772,true,true,experiments/algorithmic_compression_v2/results/raw_runs/V2-C-M07-S03/jump_highs_tagged_cover__full_fixed_point.toml,24b0881538445c9b9c8db15517ba9008ce99ce22a5785fc6311041607b07a73c
adversarial,large,V2-C-M07-S03,lightest_safe_first,Lightest safe first,2.7457155634937216,true,true,experiments/algorithmic_compression_v2/results/raw_runs/V2-C-M07-S03/lightest_safe_first__mandatory_only.toml,7669ca4f3315595e8bf8370b5d2002ee2fd820b2450d240d5691cb6ab5ac1f3d
adversarial,large,V2-C-M07-S03,maximum_immediate_burden_release,Maximum immediate release,1.853189511714013,true,true,experiments/algorithmic_compression_v2/results/raw_runs/V2-C-M07-S03/maximum_immediate_burden_release__mandatory_only.toml,087680774516ccf8422d1c334a2d03176b77bbf305c89020315e024d852f9f4d
adversarial,large,V2-C-M07-S03,minimum_unique_carrier_exposure,Minimum unique-carrier exposure,1.0006476077785926,true,true,experiments/algorithmic_compression_v2/results/raw_runs/V2-C-M07-S03/minimum_unique_carrier_exposure__mandatory_only.toml,05b206db78e721b22fbb6c7bf35a98bcd6086620bcf32dfe77868ff2c7d6b4bd
adversarial,large,V2-C-M07-S03,multistart_random_rechecked_deletion_32,32-start random deletion,18.228918726298243,true,true,experiments/algorithmic_compression_v2/results/raw_runs/V2-C-M07-S03/multistart_random_rechecked_deletion_32__mandatory_only.toml,980de49203ccc80c2bf0e8a32257f37292f70d782e12d513d537fcce30832d0d
adversarial,large,V2-C-M07-S03,random_order_rechecked_deletion,Random-order deletion,2.0726614164485464,true,true,experiments/algorithmic_compression_v2/results/raw_runs/V2-C-M07-S03/random_order_rechecked_deletion__mandatory_only.toml,d7104fce5e9f315337db1bd81ec3877df09ba83aa37692f5f7ed74e2d4ff9447
adversarial,large,V2-C-M07-S03,weighted_greedy,Weighted greedy,2.3147562495531275,true,true,experiments/algorithmic_compression_v2/results/raw_runs/V2-C-M07-S03/weighted_greedy__mandatory_only.toml,1e9932f293a3d3bb45972db799caf78dbb4b8400673cdaa5f90f7e0554def47d
adversarial,large,V2-C-M07-S03,weighted_greedy_reverse_delete,Weighted greedy + reverse deletion,1.0,true,true,experiments/algorithmic_compression_v2/results/raw_runs/V2-C-M07-S03/weighted_greedy_reverse_delete__mandatory_only.toml,02da539291c154d589688f3835b100f1effa4e5ac238919adc4359993861e006
adversarial,medium,V2-C-M01-S02,cardinality_greedy,Cardinality greedy,1.6579041386422013,true,true,experiments/algorithmic_compression_v2/results/raw_runs/V2-C-M01-S02/cardinality_greedy__mandatory_only.toml,d12f711c80fd70b0492d04392343c785d444d351be9bc1ae220e7750e8321ab5
adversarial,medium,V2-C-M01-S02,complete_enumeration,Enumeration,,false,true,experiments/algorithmic_compression_v2/results/raw_runs/V2-C-M01-S02/complete_enumeration__mandatory_only.toml,1725a035316173eb4df9fab9f2606370b986466b1f6de70d2de3d82e31530511
adversarial,medium,V2-C-M01-S02,declared_source_order,Declared source order,2.6296788126008184,true,true,experiments/algorithmic_compression_v2/results/raw_runs/V2-C-M01-S02/declared_source_order__mandatory_only.toml,daa3aaef2b2241bc8c5f195a780c4386e43110387f8004cf6d3b6ae96d318fa4
adversarial,medium,V2-C-M01-S02,heaviest_safe_first,Heaviest safe first,1.0886435226771916,true,true,experiments/algorithmic_compression_v2/results/raw_runs/V2-C-M01-S02/heaviest_safe_first__mandatory_only.toml,bf48c62e5714b4022a92de157776481997a1a61f86318db27784ba15cbc9ca5a
adversarial,medium,V2-C-M01-S02,jump_highs_tagged_cover,HiGHS MIP,12.98197532060519,true,true,experiments/algorithmic_compression_v2/results/raw_runs/V2-C-M01-S02/jump_highs_tagged_cover__full_fixed_point.toml,213b7022ab5e3355fd3a6677511868e2308418eb66899f5cd8379b1c91e7090a
adversarial,medium,V2-C-M01-S02,lightest_safe_first,Lightest safe first,1.0,true,true,experiments/algorithmic_compression_v2/results/raw_runs/V2-C-M01-S02/lightest_safe_first__mandatory_only.toml,7d4e5809ada085e8513edcfe0f51c3aaf9cdb16958615bf2fa50d3d01118cb8f
adversarial,medium,V2-C-M01-S02,maximum_immediate_burden_release,Maximum immediate release,2.0463769997914336,true,true,experiments/algorithmic_compression_v2/results/raw_runs/V2-C-M01-S02/maximum_immediate_burden_release__mandatory_only.toml,2ed56f2fd274df1546b1052f4663e87d4b3dc2b9d1d5af38ac7e676f68e3ce79
adversarial,medium,V2-C-M01-S02,minimum_unique_carrier_exposure,Minimum unique-carrier exposure,1.2762852681022911,true,true,experiments/algorithmic_compression_v2/results/raw_runs/V2-C-M01-S02/minimum_unique_carrier_exposure__mandatory_only.toml,3c61bdc0848f1857e64484dc609dcfe8191502a8db5fe882d02b0b715a2321b7
adversarial,medium,V2-C-M01-S02,multistart_random_rechecked_deletion_32,32-start random deletion,2.812140299704179,true,true,experiments/algorithmic_compression_v2/results/raw_runs/V2-C-M01-S02/multistart_random_rechecked_deletion_32__mandatory_only.toml,9eb65d08cd1c89d522977afd10c98c6f3a81d23d0268e92e6fce887e1b419763
adversarial,medium,V2-C-M01-S02,random_order_rechecked_deletion,Random-order deletion,2.440495437732933,true,true,experiments/algorithmic_compression_v2/results/raw_runs/V2-C-M01-S02/random_order_rechecked_deletion__mandatory_only.toml,3eb1badc3c48a2a0d942e5d426014b9ec209f6a27b7212ba765a8345a36aff83
adversarial,medium,V2-C-M01-S02,requirement_mask_dp,Mask DP,3.3091967402446376,true,true,experiments/algorithmic_compression_v2/results/raw_runs/V2-C-M01-S02/requirement_mask_dp__mandatory_only.toml,48bd95b1cf84ed885e3faccfac74aa706e4104d9743fe8cedac07c7b96d51821
adversarial,medium,V2-C-M01-S02,weighted_greedy,Weighted greedy,2.4515180954766898,true,true,experiments/algorithmic_compression_v2/results/raw_runs/V2-C-M01-S02/weighted_greedy__mandatory_only.toml,599660c678945e9b6f7b263986b4d21e7655ac29b1a31b05deaf98c68ee54cc6
adversarial,medium,V2-C-M01-S02,weighted_greedy_reverse_delete,Weighted greedy + reverse deletion,1.2984500266909391,true,true,experiments/algorithmic_compression_v2/results/raw_runs/V2-C-M01-S02/weighted_greedy_reverse_delete__mandatory_only.toml,27e08f6766e10f291497fb8efc83e74a40b2257efef48d907670d8a7fe797ef6
adversarial,medium,V2-C-M02-S02,cardinality_greedy,Cardinality greedy,1.0,true,true,experiments/algorithmic_compression_v2/results/raw_runs/V2-C-M02-S02/cardinality_greedy__mandatory_only.toml,1833f14240631774813e0c72210456c6cc0f465b8310986eb17c658e4b433285
adversarial,medium,V2-C-M02-S02,complete_enumeration,Enumeration,1.6668336803981976,true,true,experiments/algorithmic_compression_v2/results/raw_runs/V2-C-M02-S02/complete_enumeration__mandatory_only.toml,dc2096d9129da6b93809eefada4db63ce71beebeef0b4284a2fc5cef2e9b69a0
adversarial,medium,V2-C-M02-S02,declared_source_order,Declared source order,1.0779155790543025,true,true,experiments/algorithmic_compression_v2/results/raw_runs/V2-C-M02-S02/declared_source_order__mandatory_only.toml,34344905a053fafc011bc5973fd33e2b69ab5a317696d248422df82ff0aa2370
adversarial,medium,V2-C-M02-S02,heaviest_safe_first,Heaviest safe first,1.3764321152447778,true,true,experiments/algorithmic_compression_v2/results/raw_runs/V2-C-M02-S02/heaviest_safe_first__mandatory_only.toml,979b9a9fe1b9e4db6c99a995a92c5b5b3bd2cd2548befc65a81bb2e5c832e295
adversarial,medium,V2-C-M02-S02,jump_highs_tagged_cover,HiGHS MIP,5.695219600476453,true,true,experiments/algorithmic_compression_v2/results/raw_runs/V2-C-M02-S02/jump_highs_tagged_cover__full_fixed_point.toml,2902976537fb8f21aa6577a2ae37c857c20c70a817182f928b3c056fb185a291
adversarial,medium,V2-C-M02-S02,lightest_safe_first,Lightest safe first,1.6419752312949059,true,true,experiments/algorithmic_compression_v2/results/raw_runs/V2-C-M02-S02/lightest_safe_first__mandatory_only.toml,ace5997babaff38ae765c4861bb900a86ae02ad1be699e3e1db0cc8b341e3652
adversarial,medium,V2-C-M02-S02,maximum_immediate_burden_release,Maximum immediate release,1.0955048212204617,true,true,experiments/algorithmic_compression_v2/results/raw_runs/V2-C-M02-S02/maximum_immediate_burden_release__mandatory_only.toml,684cebf89948243995ba04ad5a5ff44397ccce1604dc096a39ff4e29290dc426
adversarial,medium,V2-C-M02-S02,minimum_unique_carrier_exposure,Minimum unique-carrier exposure,2.026724078443327,true,true,experiments/algorithmic_compression_v2/results/raw_runs/V2-C-M02-S02/minimum_unique_carrier_exposure__mandatory_only.toml,5ae59d3635c7924f71bfc6d31df5c748d98f3d5b82368115fce077db8bcae3c0
adversarial,medium,V2-C-M02-S02,multistart_random_rechecked_deletion_32,32-start random deletion,1.7178289319500024,true,true,experiments/algorithmic_compression_v2/results/raw_runs/V2-C-M02-S02/multistart_random_rechecked_deletion_32__mandatory_only.toml,8e621549b4e1167bc344b94949fbabba4def8b622f403da30f048c05a7573fed
adversarial,medium,V2-C-M02-S02,random_order_rechecked_deletion,Random-order deletion,1.7501410321603,true,true,experiments/algorithmic_compression_v2/results/raw_runs/V2-C-M02-S02/random_order_rechecked_deletion__mandatory_only.toml,6a5723776443bf8965aef29c2680af2870f2f7b54c865050074661f0081e7bf5
adversarial,medium,V2-C-M02-S02,requirement_mask_dp,Mask DP,1.8599639348045818,true,true,experiments/algorithmic_compression_v2/results/raw_runs/V2-C-M02-S02/requirement_mask_dp__mandatory_only.toml,a04e65922a85595189b15a028fddd9c24faa35b256754839774233ea61ce8b04
adversarial,medium,V2-C-M02-S02,weighted_greedy,Weighted greedy,1.101516112877699,true,true,experiments/algorithmic_compression_v2/results/raw_runs/V2-C-M02-S02/weighted_greedy__mandatory_only.toml,8b8cbf48e39f5e93a4e298b0d40474465cce6df2126a415f2bd5b3ee6049c997
adversarial,medium,V2-C-M02-S02,weighted_greedy_reverse_delete,Weighted greedy + reverse deletion,1.5601690508627353,true,true,experiments/algorithmic_compression_v2/results/raw_runs/V2-C-M02-S02/weighted_greedy_reverse_delete__mandatory_only.toml,6555447003e6876194023071d6412bc08e96e2633397a68ed70dc1c1e5776402
adversarial,medium,V2-C-M03-S02,cardinality_greedy,Cardinality greedy,1.266889614162268,true,true,experiments/algorithmic_compression_v2/results/raw_runs/V2-C-M03-S02/cardinality_greedy__mandatory_only.toml,17f1454a51fc474bb5858ad30967474f61f99cbbb07f8461377c424e3f16f1ac
adversarial,medium,V2-C-M03-S02,declared_source_order,Declared source order,1.5535703708211765,true,true,experiments/algorithmic_compression_v2/results/raw_runs/V2-C-M03-S02/declared_source_order__mandatory_only.toml,4a31adf05342f0e2ff8e20feccb45164ddba17b710610e1ba236f696f92a13e1
adversarial,medium,V2-C-M03-S02,heaviest_safe_first,Heaviest safe first,1.042533934089917,true,true,experiments/algorithmic_compression_v2/results/raw_runs/V2-C-M03-S02/heaviest_safe_first__mandatory_only.toml,ba1b3b6401e6b1764d28b2150fe14556c03b27cd305b662976b745fcbf7d9f90
adversarial,medium,V2-C-M03-S02,jump_highs_tagged_cover,HiGHS MIP,7.399026990878965,true,true,experiments/algorithmic_compression_v2/results/raw_runs/V2-C-M03-S02/jump_highs_tagged_cover__full_fixed_point.toml,32d952dc810bac7f1805b6087cf819c16011f37578e6cdc8fdcf036a8c68be36
adversarial,medium,V2-C-M03-S02,lightest_safe_first,Lightest safe first,1.6111094205888163,true,true,experiments/algorithmic_compression_v2/results/raw_runs/V2-C-M03-S02/lightest_safe_first__mandatory_only.toml,26300835710b88b6224bc3e6201ad4398c1715def5c63affbe51aab6ced58fc8
adversarial,medium,V2-C-M03-S02,maximum_immediate_burden_release,Maximum immediate release,1.1925281779794454,true,true,experiments/algorithmic_compression_v2/results/raw_runs/V2-C-M03-S02/maximum_immediate_burden_release__mandatory_only.toml,d1918320ad63d4dcbe97d92a374bc5e700af4aa63dc5d404141cfcab1d248a3b
adversarial,medium,V2-C-M03-S02,minimum_unique_carrier_exposure,Minimum unique-carrier exposure,1.0724965144182288,true,true,experiments/algorithmic_compression_v2/results/raw_runs/V2-C-M03-S02/minimum_unique_carrier_exposure__mandatory_only.toml,60247b65f8432b418aade62fb7b446e10a670148b635edf9a72b4956f1cd2770
adversarial,medium,V2-C-M03-S02,multistart_random_rechecked_deletion_32,32-start random deletion,2.638232220206963,true,true,experiments/algorithmic_compression_v2/results/raw_runs/V2-C-M03-S02/multistart_random_rechecked_deletion_32__mandatory_only.toml,64d00d1d4a87e3e0f33e888364f6913e0a04c7dcb7dec644e57228fc121551ac
adversarial,medium,V2-C-M03-S02,random_order_rechecked_deletion,Random-order deletion,2.1008653866975395,true,true,experiments/algorithmic_compression_v2/results/raw_runs/V2-C-M03-S02/random_order_rechecked_deletion__mandatory_only.toml,42d1ffb0dc57c68d4f1c2f3d63f458723784a795868614a425f7b73564c71297
adversarial,medium,V2-C-M03-S02,requirement_mask_dp,Mask DP,3.3428110298795493,true,true,experiments/algorithmic_compression_v2/results/raw_runs/V2-C-M03-S02/requirement_mask_dp__mandatory_only.toml,fcad18aa8a9237e3e6df295a98ee38e61bdb1cd4a487e611caca4a5811abba14
adversarial,medium,V2-C-M03-S02,weighted_greedy,Weighted greedy,1.0,true,true,experiments/algorithmic_compression_v2/results/raw_runs/V2-C-M03-S02/weighted_greedy__mandatory_only.toml,785358326ecc3e5bcf5862dd781327d9cc65f508deebe05b4315f209ac302a7c
adversarial,medium,V2-C-M03-S02,weighted_greedy_reverse_delete,Weighted greedy + reverse deletion,1.0847346195298728,true,true,experiments/algorithmic_compression_v2/results/raw_runs/V2-C-M03-S02/weighted_greedy_reverse_delete__mandatory_only.toml,3c00d47244db2c85d5d1f746a3e0988824100a1dce663f3be0c2491a64bfd931
adversarial,medium,V2-C-M04-S02,cardinality_greedy,Cardinality greedy,1.0,true,true,experiments/algorithmic_compression_v2/results/raw_runs/V2-C-M04-S02/cardinality_greedy__mandatory_only.toml,273e69d1b1cac06069f546ea0626469089b81c91ec90120d3d54d9bf9820fda7
adversarial,medium,V2-C-M04-S02,complete_enumeration,Enumeration,,false,true,experiments/algorithmic_compression_v2/results/raw_runs/V2-C-M04-S02/complete_enumeration__mandatory_only.toml,2b2c6fcba4847018ba55f74888686b49a96c5f2d98b7063bc95271dbf241614b
adversarial,medium,V2-C-M04-S02,declared_source_order,Declared source order,1.6112160357051215,true,true,experiments/algorithmic_compression_v2/results/raw_runs/V2-C-M04-S02/declared_source_order__mandatory_only.toml,678d14414e540c894867687b46f9393a529560226bc01f583be0859f28803d9d
adversarial,medium,V2-C-M04-S02,heaviest_safe_first,Heaviest safe first,1.6847899705451472,true,true,experiments/algorithmic_compression_v2/results/raw_runs/V2-C-M04-S02/heaviest_safe_first__mandatory_only.toml,ff7fd80017db05adbeb299d377d378f7cd60565c41b7c77034d462a59cab2d2a
adversarial,medium,V2-C-M04-S02,jump_highs_tagged_cover,HiGHS MIP,9.341177233245157,true,true,experiments/algorithmic_compression_v2/results/raw_runs/V2-C-M04-S02/jump_highs_tagged_cover__full_fixed_point.toml,09f90bd79c239ab8965b2dcd253bd1bbc6da5df885d86f5e4b331baa9c81c706
adversarial,medium,V2-C-M04-S02,lightest_safe_first,Lightest safe first,1.7365428704597994,true,true,experiments/algorithmic_compression_v2/results/raw_runs/V2-C-M04-S02/lightest_safe_first__mandatory_only.toml,f3ec430e7851afdb0991b054c9ca2f674fd7eab710b62ad185b0bb8864097768
adversarial,medium,V2-C-M04-S02,maximum_immediate_burden_release,Maximum immediate release,1.1836571147352384,true,true,experiments/algorithmic_compression_v2/results/raw_runs/V2-C-M04-S02/maximum_immediate_burden_release__mandatory_only.toml,d3e8cdd18d085121b26e446495f2b37496aa8671d5a106533147040486c7d55f
adversarial,medium,V2-C-M04-S02,minimum_unique_carrier_exposure,Minimum unique-carrier exposure,1.3596221867280245,true,true,experiments/algorithmic_compression_v2/results/raw_runs/V2-C-M04-S02/minimum_unique_carrier_exposure__mandatory_only.toml,8d04248940757b6b7c659c0bd29c3e2ca93512d92605d05ab8890f3a09e5f90d
adversarial,medium,V2-C-M04-S02,multistart_random_rechecked_deletion_32,32-start random deletion,2.7470380086682176,true,true,experiments/algorithmic_compression_v2/results/raw_runs/V2-C-M04-S02/multistart_random_rechecked_deletion_32__mandatory_only.toml,d804d2429ddef4f044952e6168cad2655eea636d2866cfcb08081fdb5df59a19
adversarial,medium,V2-C-M04-S02,random_order_rechecked_deletion,Random-order deletion,2.3578396411932565,true,true,experiments/algorithmic_compression_v2/results/raw_runs/V2-C-M04-S02/random_order_rechecked_deletion__mandatory_only.toml,2fcde867ec2a27536f913c83076872c41be5fb390bd67d628b842c6ff2f3ba08
adversarial,medium,V2-C-M04-S02,requirement_mask_dp,Mask DP,1.2680880210593273,true,true,experiments/algorithmic_compression_v2/results/raw_runs/V2-C-M04-S02/requirement_mask_dp__mandatory_only.toml,362f52de3c22bd0a07e4e6c06cff98054c659cb28b5e65694e2bf1dd1b5f9b02
adversarial,medium,V2-C-M04-S02,weighted_greedy,Weighted greedy,1.6459358184408386,true,true,experiments/algorithmic_compression_v2/results/raw_runs/V2-C-M04-S02/weighted_greedy__mandatory_only.toml,51c8ed01ee82b21cfa9241c5a2a426f797eef45909e55b9b8f2ad3a835ded7d8
adversarial,medium,V2-C-M04-S02,weighted_greedy_reverse_delete,Weighted greedy + reverse deletion,1.1881324476493904,true,true,experiments/algorithmic_compression_v2/results/raw_runs/V2-C-M04-S02/weighted_greedy_reverse_delete__mandatory_only.toml,fb42c6f8dabcb421d48e989656aa347cab540342ff98dcd4747caf3dfc010637
adversarial,medium,V2-C-M05-S02,cardinality_greedy,Cardinality greedy,1.1444283815017078,true,true,experiments/algorithmic_compression_v2/results/raw_runs/V2-C-M05-S02/cardinality_greedy__mandatory_only.toml,842d6929f891c1f801c35ddeb27ada89d465838ee7b21ff7c8ec4e3cfd0dad76
adversarial,medium,V2-C-M05-S02,complete_enumeration,Enumeration,,false,true,experiments/algorithmic_compression_v2/results/raw_runs/V2-C-M05-S02/complete_enumeration__mandatory_only.toml,ac82d413cb90919d9f244ebb7f339b37dabb2bd18f9399a13916cbf642023805
adversarial,medium,V2-C-M05-S02,declared_source_order,Declared source order,1.3454436474167772,true,true,experiments/algorithmic_compression_v2/results/raw_runs/V2-C-M05-S02/declared_source_order__mandatory_only.toml,415e2d620bdecfb1e0fcf88a430c93c73b416211479350deede3633b95c70b4e
adversarial,medium,V2-C-M05-S02,heaviest_safe_first,Heaviest safe first,2.0951979949424575,true,true,experiments/algorithmic_compression_v2/results/raw_runs/V2-C-M05-S02/heaviest_safe_first__mandatory_only.toml,1238064a077a7b19fdec594cfbffb433df14ff80c6a41eb915fbc76f6fd99532
adversarial,medium,V2-C-M05-S02,jump_highs_tagged_cover,HiGHS MIP,12.756338016224243,true,true,experiments/algorithmic_compression_v2/results/raw_runs/V2-C-M05-S02/jump_highs_tagged_cover__full_fixed_point.toml,911d90c7f5c893035ffc43d271d5fd66ab62cd86823752d3534a58ede041d382
adversarial,medium,V2-C-M05-S02,lightest_safe_first,Lightest safe first,1.0,true,true,experiments/algorithmic_compression_v2/results/raw_runs/V2-C-M05-S02/lightest_safe_first__mandatory_only.toml,5e7335fa5bc9ae6eed59a62e2a5dc9c9966a065de962cfd6070068291e934413
adversarial,medium,V2-C-M05-S02,maximum_immediate_burden_release,Maximum immediate release,1.6540107566308526,true,true,experiments/algorithmic_compression_v2/results/raw_runs/V2-C-M05-S02/maximum_immediate_burden_release__mandatory_only.toml,27edf624cd8a4dd81e9d38a3ea58dd0458b2c40ef77c47114a920fecd7e4167c
adversarial,medium,V2-C-M05-S02,minimum_unique_carrier_exposure,Minimum unique-carrier exposure,2.3063841367382194,true,true,experiments/algorithmic_compression_v2/results/raw_runs/V2-C-M05-S02/minimum_unique_carrier_exposure__mandatory_only.toml,643123030ed82ccb0e3acd83973cf9a83cfb7328b8dac4ff1b6df2db5eda741d
adversarial,medium,V2-C-M05-S02,multistart_random_rechecked_deletion_32,32-start random deletion,2.5434250365796287,true,true,experiments/algorithmic_compression_v2/results/raw_runs/V2-C-M05-S02/multistart_random_rechecked_deletion_32__mandatory_only.toml,1fbea12769dd82c4e609bcdb3698ce6a6e40650b731094ef547da3c970d2576c
adversarial,medium,V2-C-M05-S02,random_order_rechecked_deletion,Random-order deletion,2.0386135210680205,true,true,experiments/algorithmic_compression_v2/results/raw_runs/V2-C-M05-S02/random_order_rechecked_deletion__mandatory_only.toml,2d89cd2a07fec1f0b514fc1f3c1c2df8c9a88ccd32bc0e18a758654c0dc2702a
adversarial,medium,V2-C-M05-S02,requirement_mask_dp,Mask DP,3.336764641704219,true,true,experiments/algorithmic_compression_v2/results/raw_runs/V2-C-M05-S02/requirement_mask_dp__mandatory_only.toml,c82c5b632d0e4e484e4f75bd1465b6bc618d9aa3d7bf62a091c5d6b9d62e5a71
adversarial,medium,V2-C-M05-S02,weighted_greedy,Weighted greedy,1.1421251814015347,true,true,experiments/algorithmic_compression_v2/results/raw_runs/V2-C-M05-S02/weighted_greedy__mandatory_only.toml,25871eeb6a0b04108ee0f30ea4d14addd47656df513f9caa241cff501d21a0fd
adversarial,medium,V2-C-M05-S02,weighted_greedy_reverse_delete,Weighted greedy + reverse deletion,2.035624875843776,true,true,experiments/algorithmic_compression_v2/results/raw_runs/V2-C-M05-S02/weighted_greedy_reverse_delete__mandatory_only.toml,2afbaea507e00841e6a864bf95513b807215e5918338568ef5b040be1959a60a
adversarial,medium,V2-C-M06-S02,cardinality_greedy,Cardinality greedy,1.8773512011288596,true,true,experiments/algorithmic_compression_v2/results/raw_runs/V2-C-M06-S02/cardinality_greedy__mandatory_only.toml,81907df019af8e834918c99c888f7a29c9261bdfa868807b26f0626f4a8de02d
adversarial,medium,V2-C-M06-S02,complete_enumeration,Enumeration,,false,true,experiments/algorithmic_compression_v2/results/raw_runs/V2-C-M06-S02/complete_enumeration__mandatory_only.toml,7e76a7aec09fda9388b26b4d3ed0b09b122eb97604b536e86b01ca1cf6f0cfb9
adversarial,medium,V2-C-M06-S02,declared_source_order,Declared source order,1.0,true,true,experiments/algorithmic_compression_v2/results/raw_runs/V2-C-M06-S02/declared_source_order__mandatory_only.toml,6b9f9f6e978ad77c8450aa67ce522d964713cb9afebf34ad19d3d7659bd67f59
adversarial,medium,V2-C-M06-S02,heaviest_safe_first,Heaviest safe first,2.8957968624054415,true,true,experiments/algorithmic_compression_v2/results/raw_runs/V2-C-M06-S02/heaviest_safe_first__mandatory_only.toml,27dc46d52977e51e58fc0f206d3121212c374af6edd6f151bf5c1df486777a3a
adversarial,medium,V2-C-M06-S02,jump_highs_tagged_cover,HiGHS MIP,10.592327886774692,true,true,experiments/algorithmic_compression_v2/results/raw_runs/V2-C-M06-S02/jump_highs_tagged_cover__full_fixed_point.toml,739c9d2f64deff4e5a8f8467a648a294f2c2092c9f4777d9c0e5601029f9d043
adversarial,medium,V2-C-M06-S02,lightest_safe_first,Lightest safe first,2.21103155932048,true,true,experiments/algorithmic_compression_v2/results/raw_runs/V2-C-M06-S02/lightest_safe_first__mandatory_only.toml,27f19a47cdf4198f1ba246bcdd65eaa1866ba6c50f58fd5b2ad5c59174907e7e
adversarial,medium,V2-C-M06-S02,maximum_immediate_burden_release,Maximum immediate release,2.9146497987943047,true,true,experiments/algorithmic_compression_v2/results/raw_runs/V2-C-M06-S02/maximum_immediate_burden_release__mandatory_only.toml,2e6bd7677ec3686f99a4993adb12bf399d84ae8410774f802b03237857af7302
adversarial,medium,V2-C-M06-S02,minimum_unique_carrier_exposure,Minimum unique-carrier exposure,1.9545889293304173,true,true,experiments/algorithmic_compression_v2/results/raw_runs/V2-C-M06-S02/minimum_unique_carrier_exposure__mandatory_only.toml,e8409e44e3207b6470868e4a4836019a2635c001a777fdeea287b7120fd3467d
adversarial,medium,V2-C-M06-S02,multistart_random_rechecked_deletion_32,32-start random deletion,2.1124362183074523,true,true,experiments/algorithmic_compression_v2/results/raw_runs/V2-C-M06-S02/multistart_random_rechecked_deletion_32__mandatory_only.toml,d10e77661e865006388b77c9851af6227b1f6d05b6d6d7406106a8485695f4c0
adversarial,medium,V2-C-M06-S02,random_order_rechecked_deletion,Random-order deletion,3.0185185110423416,true,true,experiments/algorithmic_compression_v2/results/raw_runs/V2-C-M06-S02/random_order_rechecked_deletion__mandatory_only.toml,1263c37b7d901a8f6488b02bfba76c1cdaba92b2a8aba4d075d7a5cb35d54eed
adversarial,medium,V2-C-M06-S02,requirement_mask_dp,Mask DP,2.7075939385464105,true,true,experiments/algorithmic_compression_v2/results/raw_runs/V2-C-M06-S02/requirement_mask_dp__mandatory_only.toml,1e5133fbb5c20d23815f10998737e1b5c6a70353e68a8664627a053070af8936
adversarial,medium,V2-C-M06-S02,weighted_greedy,Weighted greedy,1.1810632431010537,true,true,experiments/algorithmic_compression_v2/results/raw_runs/V2-C-M06-S02/weighted_greedy__mandatory_only.toml,52b9ae71f0a4aaa694e46f1c792b0047ce74164c5e221a787648ec54c92fc911
adversarial,medium,V2-C-M06-S02,weighted_greedy_reverse_delete,Weighted greedy + reverse deletion,2.994106668465632,true,true,experiments/algorithmic_compression_v2/results/raw_runs/V2-C-M06-S02/weighted_greedy_reverse_delete__mandatory_only.toml,cc4bd2b7724e58d214b679223c24cae10c0d28b6058a06b6d13b1e859b35d600
adversarial,medium,V2-C-M07-S02,cardinality_greedy,Cardinality greedy,1.5388758687462654,true,true,experiments/algorithmic_compression_v2/results/raw_runs/V2-C-M07-S02/cardinality_greedy__mandatory_only.toml,9c10b5a00d978ba47c528428230ad212c88dc89815e19d9bdb1f4c8caed179b5
adversarial,medium,V2-C-M07-S02,complete_enumeration,Enumeration,,false,true,experiments/algorithmic_compression_v2/results/raw_runs/V2-C-M07-S02/complete_enumeration__mandatory_only.toml,32c2b2b5494fc0131231f6ed58e17d2009847e6cb4f554564c4f9fec792a467f
adversarial,medium,V2-C-M07-S02,declared_source_order,Declared source order,1.0,true,true,experiments/algorithmic_compression_v2/results/raw_runs/V2-C-M07-S02/declared_source_order__mandatory_only.toml,a5cb5b161c7716c556b29296a72c6126d163c2bd113c508e818dd932af2a080a
adversarial,medium,V2-C-M07-S02,heaviest_safe_first,Heaviest safe first,1.2782883597175474,true,true,experiments/algorithmic_compression_v2/results/raw_runs/V2-C-M07-S02/heaviest_safe_first__mandatory_only.toml,eae1138ae82284d6de902e420d8d8e33806434657907a3c6f89e4591cfbd4849
adversarial,medium,V2-C-M07-S02,jump_highs_tagged_cover,HiGHS MIP,14.592813416867955,true,true,experiments/algorithmic_compression_v2/results/raw_runs/V2-C-M07-S02/jump_highs_tagged_cover__full_fixed_point.toml,2bb10e27101e36c27ce7fc4b12f77b02bebfdd95051760bdd8ec0806f6f036ed
adversarial,medium,V2-C-M07-S02,lightest_safe_first,Lightest safe first,3.130905207685265,true,true,experiments/algorithmic_compression_v2/results/raw_runs/V2-C-M07-S02/lightest_safe_first__mandatory_only.toml,d77b8b052f7c765654f676da33d3206dedef1ec47ca11d33f716a87dedd7fb94
adversarial,medium,V2-C-M07-S02,maximum_immediate_burden_release,Maximum immediate release,1.724553642949753,true,true,experiments/algorithmic_compression_v2/results/raw_runs/V2-C-M07-S02/maximum_immediate_burden_release__mandatory_only.toml,9408df915beb1c56752c9010c5b6b3bbe684d14648f8ed2a4a4cedf919ff60dd
adversarial,medium,V2-C-M07-S02,minimum_unique_carrier_exposure,Minimum unique-carrier exposure,1.6349725396116648,true,true,experiments/algorithmic_compression_v2/results/raw_runs/V2-C-M07-S02/minimum_unique_carrier_exposure__mandatory_only.toml,701ca7cdf6baeaf56beffcab81950a8c51c97488c6a7dd26cbbb329f01a6e24c
adversarial,medium,V2-C-M07-S02,multistart_random_rechecked_deletion_32,32-start random deletion,1.6072262827826156,true,true,experiments/algorithmic_compression_v2/results/raw_runs/V2-C-M07-S02/multistart_random_rechecked_deletion_32__mandatory_only.toml,d085584b92e678f4334d94fca928005615315ff66826d47ba78eafcdb0fc1524
adversarial,medium,V2-C-M07-S02,random_order_rechecked_deletion,Random-order deletion,2.0566837712711834,true,true,experiments/algorithmic_compression_v2/results/raw_runs/V2-C-M07-S02/random_order_rechecked_deletion__mandatory_only.toml,7c99dfddadbb88d3c06329fc079e0627a5952fbe1b806350c52cdc730d3df70c
adversarial,medium,V2-C-M07-S02,requirement_mask_dp,Mask DP,4.383065285364462,true,true,experiments/algorithmic_compression_v2/results/raw_runs/V2-C-M07-S02/requirement_mask_dp__mandatory_only.toml,8f809a5ed862570421c29e839e6eddf2ed9372d254f20a145d645c7bf0363dcb
adversarial,medium,V2-C-M07-S02,weighted_greedy,Weighted greedy,1.4212025910572474,true,true,experiments/algorithmic_compression_v2/results/raw_runs/V2-C-M07-S02/weighted_greedy__mandatory_only.toml,5a78b2102b2a30e73fc2617c9445608f281cd631919e502008934378151c331e
adversarial,medium,V2-C-M07-S02,weighted_greedy_reverse_delete,Weighted greedy + reverse deletion,2.094192537143529,true,true,experiments/algorithmic_compression_v2/results/raw_runs/V2-C-M07-S02/weighted_greedy_reverse_delete__mandatory_only.toml,57beb22fc4ad1a76f25534cb7ba7b82f04346abcd62e9f1a3c1c8c397c6574af
adversarial,small,V2-C-M01-S01,cardinality_greedy,Cardinality greedy,1.4059795060176317,true,true,experiments/algorithmic_compression_v2/results/raw_runs/V2-C-M01-S01/cardinality_greedy__mandatory_only.toml,5cc4c7aaeb7aa49b5669fb3d5a25fde93347d46227b91b02283eae9b8f4bb51f
adversarial,small,V2-C-M01-S01,complete_enumeration,Enumeration,1.3060793182378838,true,true,experiments/algorithmic_compression_v2/results/raw_runs/V2-C-M01-S01/complete_enumeration__mandatory_only.toml,87a32202fff0887ab7a7a4332ee947769a51550be21c006bf667350200fc9406
adversarial,small,V2-C-M01-S01,declared_source_order,Declared source order,1.274968865628458,true,true,experiments/algorithmic_compression_v2/results/raw_runs/V2-C-M01-S01/declared_source_order__mandatory_only.toml,23d1df9ad6bcf454ed8409b7d5e44ff248c53007333c5006126d6825b007d9bc
adversarial,small,V2-C-M01-S01,heaviest_safe_first,Heaviest safe first,1.068562275419352,true,true,experiments/algorithmic_compression_v2/results/raw_runs/V2-C-M01-S01/heaviest_safe_first__mandatory_only.toml,f5159b6ecf004524202f767025a11841df95680da24f1d353a64f10244ab716a
adversarial,small,V2-C-M01-S01,jump_highs_tagged_cover,HiGHS MIP,5.210870379095576,true,true,experiments/algorithmic_compression_v2/results/raw_runs/V2-C-M01-S01/jump_highs_tagged_cover__full_fixed_point.toml,d2eb2038af71499cfcfea6547688fb1ee03d6f88a4dee8c98f52df33ca1f043f
adversarial,small,V2-C-M01-S01,lightest_safe_first,Lightest safe first,2.010042782996396,true,true,experiments/algorithmic_compression_v2/results/raw_runs/V2-C-M01-S01/lightest_safe_first__mandatory_only.toml,869c9975c4125ae3b9cc843a9f2979a1c9677bebd0f431e73ba887a8ecddff4d
adversarial,small,V2-C-M01-S01,maximum_immediate_burden_release,Maximum immediate release,1.0,true,true,experiments/algorithmic_compression_v2/results/raw_runs/V2-C-M01-S01/maximum_immediate_burden_release__mandatory_only.toml,bb352b1875895a79f3d686f2b3744909da8b50f28610cfee28d8247718f88bce
adversarial,small,V2-C-M01-S01,minimum_unique_carrier_exposure,Minimum unique-carrier exposure,1.4601650292093966,true,true,experiments/algorithmic_compression_v2/results/raw_runs/V2-C-M01-S01/minimum_unique_carrier_exposure__mandatory_only.toml,0043c2c5f636450103d8e491af497aa3795ff9ad261ea4155f4fa5e15ef21b97
adversarial,small,V2-C-M01-S01,multistart_random_rechecked_deletion_32,32-start random deletion,1.722869121572532,true,true,experiments/algorithmic_compression_v2/results/raw_runs/V2-C-M01-S01/multistart_random_rechecked_deletion_32__mandatory_only.toml,cb3425debefbfe21fe46cc4974fede317bed62fb428011a5c86fb0819fbb18cf
adversarial,small,V2-C-M01-S01,random_order_rechecked_deletion,Random-order deletion,2.3106181595950757,true,true,experiments/algorithmic_compression_v2/results/raw_runs/V2-C-M01-S01/random_order_rechecked_deletion__mandatory_only.toml,a38ffbaefc3f96fddb9fc33f41c5defd18bba25b982a13192233eb6b4fdd2da0
adversarial,small,V2-C-M01-S01,requirement_mask_dp,Mask DP,1.3364286883211605,true,true,experiments/algorithmic_compression_v2/results/raw_runs/V2-C-M01-S01/requirement_mask_dp__mandatory_only.toml,453369eb04e0810ced45935f56aa4113278713ec21c7a7a5aa4834f9c387e581
adversarial,small,V2-C-M01-S01,weighted_greedy,Weighted greedy,1.2663287319388146,true,true,experiments/algorithmic_compression_v2/results/raw_runs/V2-C-M01-S01/weighted_greedy__mandatory_only.toml,e182cd1d3f323396d6990b5b3385d205966e1783fda530b917463662aeb254f8
adversarial,small,V2-C-M01-S01,weighted_greedy_reverse_delete,Weighted greedy + reverse deletion,1.1516178182227375,true,true,experiments/algorithmic_compression_v2/results/raw_runs/V2-C-M01-S01/weighted_greedy_reverse_delete__mandatory_only.toml,ea91a1be26774586c5a1a9452fdb08e135eb66215ca557d8987b5f1ad8612459
adversarial,small,V2-C-M02-S01,cardinality_greedy,Cardinality greedy,2.0809775079299366,true,true,experiments/algorithmic_compression_v2/results/raw_runs/V2-C-M02-S01/cardinality_greedy__mandatory_only.toml,1bfdaf59a3971045e866af8ad78e911f9c30d005e7878adbd578df1eefb957f4
adversarial,small,V2-C-M02-S01,complete_enumeration,Enumeration,2.773447311408222,true,true,experiments/algorithmic_compression_v2/results/raw_runs/V2-C-M02-S01/complete_enumeration__mandatory_only.toml,ea70bd238fc38dbe10e15cc153cbfa714e58b23e9234334a624005c3a07b3d67
adversarial,small,V2-C-M02-S01,declared_source_order,Declared source order,4.689288570012993,true,true,experiments/algorithmic_compression_v2/results/raw_runs/V2-C-M02-S01/declared_source_order__mandatory_only.toml,aaa8ab14b138fe0dfc2ef425bc9c25585936afa987aa9ad4623c59ee13677c55
adversarial,small,V2-C-M02-S01,heaviest_safe_first,Heaviest safe first,3.701930293656483,true,true,experiments/algorithmic_compression_v2/results/raw_runs/V2-C-M02-S01/heaviest_safe_first__mandatory_only.toml,b75d16b0cf75d3d54fde23203cb7433908932dfb898339b0b5e458c560d4cbbd
adversarial,small,V2-C-M02-S01,jump_highs_tagged_cover,HiGHS MIP,13.419043935017209,true,true,experiments/algorithmic_compression_v2/results/raw_runs/V2-C-M02-S01/jump_highs_tagged_cover__full_fixed_point.toml,d2e74809b2478b92b44d328f5321cd7ee3bed3ffe48b222fec30fbb93532ff44
adversarial,small,V2-C-M02-S01,lightest_safe_first,Lightest safe first,5.201792859808959,true,true,experiments/algorithmic_compression_v2/results/raw_runs/V2-C-M02-S01/lightest_safe_first__mandatory_only.toml,542c72454d906e238b73f333d64e8f82325eae6c2cad16fa5a971af83478609d
adversarial,small,V2-C-M02-S01,maximum_immediate_burden_release,Maximum immediate release,2.6877409505472847,true,true,experiments/algorithmic_compression_v2/results/raw_runs/V2-C-M02-S01/maximum_immediate_burden_release__mandatory_only.toml,02f2b67519f64aafff918d5b05e91be5a18ae49e13a8033b6484292d5bed7a0e
adversarial,small,V2-C-M02-S01,minimum_unique_carrier_exposure,Minimum unique-carrier exposure,3.7797293487249046,true,true,experiments/algorithmic_compression_v2/results/raw_runs/V2-C-M02-S01/minimum_unique_carrier_exposure__mandatory_only.toml,0d0a7c9e548337a3d06cf95d0d764b0f46881487822c87a67ff8d06b15b53aed
adversarial,small,V2-C-M02-S01,multistart_random_rechecked_deletion_32,32-start random deletion,1.0,true,true,experiments/algorithmic_compression_v2/results/raw_runs/V2-C-M02-S01/multistart_random_rechecked_deletion_32__mandatory_only.toml,df85ad6e058803e0020bcf14afbe4a7f8ff764317ed26eca54091ad5eac1a95d
adversarial,small,V2-C-M02-S01,random_order_rechecked_deletion,Random-order deletion,3.675285471670477,true,true,experiments/algorithmic_compression_v2/results/raw_runs/V2-C-M02-S01/random_order_rechecked_deletion__mandatory_only.toml,d11e2dec1d82e11b6ebe61eff0ff86661625ace2fd46d82ec4182bda4b6a5f39
adversarial,small,V2-C-M02-S01,requirement_mask_dp,Mask DP,2.688454667311747,true,true,experiments/algorithmic_compression_v2/results/raw_runs/V2-C-M02-S01/requirement_mask_dp__mandatory_only.toml,c5157d674032c713c9a3ccf02c6ac0e50ca79cacf381dc44894d0d90a59e58d4
adversarial,small,V2-C-M02-S01,weighted_greedy,Weighted greedy,2.2925853830423515,true,true,experiments/algorithmic_compression_v2/results/raw_runs/V2-C-M02-S01/weighted_greedy__mandatory_only.toml,f3b5c5c9a4cadeb09e1eb5d3cd0f6a34d1fb4e405e51b8bb65439505c1634a29
adversarial,small,V2-C-M02-S01,weighted_greedy_reverse_delete,Weighted greedy + reverse deletion,2.2940463768625134,true,true,experiments/algorithmic_compression_v2/results/raw_runs/V2-C-M02-S01/weighted_greedy_reverse_delete__mandatory_only.toml,95f4ed57d9af26469e7f152dc03f09250034aeee31a6cbe96e1f5376e3a7ff29
adversarial,small,V2-C-M03-S01,cardinality_greedy,Cardinality greedy,1.6521778151495363,true,true,experiments/algorithmic_compression_v2/results/raw_runs/V2-C-M03-S01/cardinality_greedy__mandatory_only.toml,6a478ec432469ea3c620309c39c7dfc524a3e35beed8d5d465140b9face8bd74
adversarial,small,V2-C-M03-S01,complete_enumeration,Enumeration,1.0187342337892635,true,true,experiments/algorithmic_compression_v2/results/raw_runs/V2-C-M03-S01/complete_enumeration__mandatory_only.toml,82ba70c02b08c08e5f632ee861364f7b1ed0f82cde5a0e76a60f8dfe3975087f
adversarial,small,V2-C-M03-S01,declared_source_order,Declared source order,1.7214150232864072,true,true,experiments/algorithmic_compression_v2/results/raw_runs/V2-C-M03-S01/declared_source_order__mandatory_only.toml,43f1569c2864aad297e12389402b8e92c1babd7637c56eb61565472bf1d0fa70
adversarial,small,V2-C-M03-S01,heaviest_safe_first,Heaviest safe first,1.6786163609597904,true,true,experiments/algorithmic_compression_v2/results/raw_runs/V2-C-M03-S01/heaviest_safe_first__mandatory_only.toml,70284c4fdfd9f2b1bfc67db9fcf6e3e268e00133bba9eaf4d5749c8cad618c2e
adversarial,small,V2-C-M03-S01,jump_highs_tagged_cover,HiGHS MIP,11.01855574161123,true,true,experiments/algorithmic_compression_v2/results/raw_runs/V2-C-M03-S01/jump_highs_tagged_cover__full_fixed_point.toml,fe2bfb225d2d2c7eadb1c39934f31228ada1ef63a13e7879c9f4f29953be9ab5
adversarial,small,V2-C-M03-S01,lightest_safe_first,Lightest safe first,2.1629456208784985,true,true,experiments/algorithmic_compression_v2/results/raw_runs/V2-C-M03-S01/lightest_safe_first__mandatory_only.toml,0bba759ffdcf987a00540e0247584147c76fe146d13ea39583c50c0056897ede
adversarial,small,V2-C-M03-S01,maximum_immediate_burden_release,Maximum immediate release,1.4872262070261584,true,true,experiments/algorithmic_compression_v2/results/raw_runs/V2-C-M03-S01/maximum_immediate_burden_release__mandatory_only.toml,1689e94fec1204a41df883ca2c0c774da6c4af9305e8b2f20d0dfd6a171978aa
adversarial,small,V2-C-M03-S01,minimum_unique_carrier_exposure,Minimum unique-carrier exposure,1.4311559189396916,true,true,experiments/algorithmic_compression_v2/results/raw_runs/V2-C-M03-S01/minimum_unique_carrier_exposure__mandatory_only.toml,9706837d7659258b0e17c3570d6b369b6f7b5e4e4d1344c31560b593a5e6d76b
adversarial,small,V2-C-M03-S01,multistart_random_rechecked_deletion_32,32-start random deletion,1.0,true,true,experiments/algorithmic_compression_v2/results/raw_runs/V2-C-M03-S01/multistart_random_rechecked_deletion_32__mandatory_only.toml,cb13a0451478eb705e20af235f844c2f15ac66ac2c6f74efa994cd2f81f8638e
adversarial,small,V2-C-M03-S01,random_order_rechecked_deletion,Random-order deletion,1.137756423940306,true,true,experiments/algorithmic_compression_v2/results/raw_runs/V2-C-M03-S01/random_order_rechecked_deletion__mandatory_only.toml,4bd1c5d6254b5c4fa8ab2e98ae965c990b9fc495e2b178a06237c4a1f4cb3a60
adversarial,small,V2-C-M03-S01,requirement_mask_dp,Mask DP,1.3735513758616453,true,true,experiments/algorithmic_compression_v2/results/raw_runs/V2-C-M03-S01/requirement_mask_dp__mandatory_only.toml,88a428bfeae19bce5c20cea333f733d00625442f402a4692b6f1174af4c2eded
adversarial,small,V2-C-M03-S01,weighted_greedy,Weighted greedy,1.7898245146958551,true,true,experiments/algorithmic_compression_v2/results/raw_runs/V2-C-M03-S01/weighted_greedy__mandatory_only.toml,a85f4f607fc9b0353b9918a52283b6f4bac49e6d941dff9e6d93856b2439c045
adversarial,small,V2-C-M03-S01,weighted_greedy_reverse_delete,Weighted greedy + reverse deletion,1.5899637753614633,true,true,experiments/algorithmic_compression_v2/results/raw_runs/V2-C-M03-S01/weighted_greedy_reverse_delete__mandatory_only.toml,2fe079b3fa5ea9da65a4e15710b63a4724189642d1cc015a348224e8d9e014fa
adversarial,small,V2-C-M04-S01,cardinality_greedy,Cardinality greedy,4.723002833412792,true,true,experiments/algorithmic_compression_v2/results/raw_runs/V2-C-M04-S01/cardinality_greedy__mandatory_only.toml,ae998e310da31a3293464ade2b48df3414d7e307ad525f298f2bb51fa8c8602d
adversarial,small,V2-C-M04-S01,complete_enumeration,Enumeration,3.0321974649527177,true,true,experiments/algorithmic_compression_v2/results/raw_runs/V2-C-M04-S01/complete_enumeration__mandatory_only.toml,33e3ecdd193421765175b3ddb05d2ceeeaca460ea6230ce3a1032680dcdddca9
adversarial,small,V2-C-M04-S01,declared_source_order,Declared source order,4.6833844418958455,true,true,experiments/algorithmic_compression_v2/results/raw_runs/V2-C-M04-S01/declared_source_order__mandatory_only.toml,b2503af0a4395ca91d0a5f116f76d8944ba0817364d884e062964e5cbe1ad8e4
adversarial,small,V2-C-M04-S01,heaviest_safe_first,Heaviest safe first,6.02632897636846,true,true,experiments/algorithmic_compression_v2/results/raw_runs/V2-C-M04-S01/heaviest_safe_first__mandatory_only.toml,c59f113ed338882e79b05e6b3350b4e41ff8a60a6c6c5dc1ce05bbc9a74d1c16
adversarial,small,V2-C-M04-S01,jump_highs_tagged_cover,HiGHS MIP,30.577578941921473,true,true,experiments/algorithmic_compression_v2/results/raw_runs/V2-C-M04-S01/jump_highs_tagged_cover__full_fixed_point.toml,d9428abf98b63f06e87c04101510975e208b9d1f8d46ccf43affd77f9704460a
adversarial,small,V2-C-M04-S01,lightest_safe_first,Lightest safe first,3.188879456597796,true,true,experiments/algorithmic_compression_v2/results/raw_runs/V2-C-M04-S01/lightest_safe_first__mandatory_only.toml,5516aaa73ee0995234507238a74fa1ee67bdafa2af802011fc000d4538af081b
adversarial,small,V2-C-M04-S01,maximum_immediate_burden_release,Maximum immediate release,6.676863662148973,true,true,experiments/algorithmic_compression_v2/results/raw_runs/V2-C-M04-S01/maximum_immediate_burden_release__mandatory_only.toml,f22319a4b5cf5f449c711c0eff056e48bdbd3499d988d1bf03d78bffd74f801e
adversarial,small,V2-C-M04-S01,minimum_unique_carrier_exposure,Minimum unique-carrier exposure,1.4146807736739793,true,true,experiments/algorithmic_compression_v2/results/raw_runs/V2-C-M04-S01/minimum_unique_carrier_exposure__mandatory_only.toml,8d302e03250cdf3a27d5923e93b32bf7fc70f696866f6f20a24a0f2d5e899b5e
adversarial,small,V2-C-M04-S01,multistart_random_rechecked_deletion_32,32-start random deletion,3.240473938490252,true,true,experiments/algorithmic_compression_v2/results/raw_runs/V2-C-M04-S01/multistart_random_rechecked_deletion_32__mandatory_only.toml,9050556e782db895202d0fc24a44b3f1e8143168d03dc63397be1fc67b11d0ac
adversarial,small,V2-C-M04-S01,random_order_rechecked_deletion,Random-order deletion,5.581916131241603,true,true,experiments/algorithmic_compression_v2/results/raw_runs/V2-C-M04-S01/random_order_rechecked_deletion__mandatory_only.toml,13844fe470795282ca20c61c1ac65078200be17e4574c73482083a8ceb78e1bd
adversarial,small,V2-C-M04-S01,requirement_mask_dp,Mask DP,4.680863846083102,true,true,experiments/algorithmic_compression_v2/results/raw_runs/V2-C-M04-S01/requirement_mask_dp__mandatory_only.toml,bf3cecd7b8806b3e61353ece060337f9083fb1103afc59fc0de3f802dd0e2a0c
adversarial,small,V2-C-M04-S01,weighted_greedy,Weighted greedy,1.0,true,true,experiments/algorithmic_compression_v2/results/raw_runs/V2-C-M04-S01/weighted_greedy__mandatory_only.toml,cb2279f77cf7fb29c1091e0295bbea9172ffb69d523f056e91824b9c34d649a9
adversarial,small,V2-C-M04-S01,weighted_greedy_reverse_delete,Weighted greedy + reverse deletion,4.180869898993767,true,true,experiments/algorithmic_compression_v2/results/raw_runs/V2-C-M04-S01/weighted_greedy_reverse_delete__mandatory_only.toml,d223cf7cbd2708f7ae9441b655351a700e2f5d96c8f8c74b7b9515db01d29f38
adversarial,small,V2-C-M05-S01,cardinality_greedy,Cardinality greedy,2.0392692519417817,true,true,experiments/algorithmic_compression_v2/results/raw_runs/V2-C-M05-S01/cardinality_greedy__mandatory_only.toml,ae5a4f781b97be06d264beae723755d5e3522dd459cebfcb8ca03c68378d90f2
adversarial,small,V2-C-M05-S01,complete_enumeration,Enumeration,2.4460862597046704,true,true,experiments/algorithmic_compression_v2/results/raw_runs/V2-C-M05-S01/complete_enumeration__mandatory_only.toml,76e8545dd8ec8b895f7cdb23743f0208cdc7d0332bc55dde8678e5c1e5a2f9cd
adversarial,small,V2-C-M05-S01,declared_source_order,Declared source order,2.543758000780266,true,true,experiments/algorithmic_compression_v2/results/raw_runs/V2-C-M05-S01/declared_source_order__mandatory_only.toml,3915664040afed0afaccbeea8d118d2c5afa47dca3b9a1781ed8a244902dfc19
adversarial,small,V2-C-M05-S01,heaviest_safe_first,Heaviest safe first,2.401688907264867,true,true,experiments/algorithmic_compression_v2/results/raw_runs/V2-C-M05-S01/heaviest_safe_first__mandatory_only.toml,f22cca1028c847f6284b3625ae9302f7c1f7dabd52b070784ea97f00bc1c06a7
adversarial,small,V2-C-M05-S01,jump_highs_tagged_cover,HiGHS MIP,9.142488949874096,true,true,experiments/algorithmic_compression_v2/results/raw_runs/V2-C-M05-S01/jump_highs_tagged_cover__full_fixed_point.toml,822e43ca58bae0b751f7af3a28ec2a0d8ab72b9d66149564dc4daf79d29f2d91
adversarial,small,V2-C-M05-S01,lightest_safe_first,Lightest safe first,2.6834147501094283,true,true,experiments/algorithmic_compression_v2/results/raw_runs/V2-C-M05-S01/lightest_safe_first__mandatory_only.toml,f9ac0d2bc9940b2b6a3049771f2fdb75e9f84fc105b7a345d1e5512fb6fda542
adversarial,small,V2-C-M05-S01,maximum_immediate_burden_release,Maximum immediate release,1.2715797187291493,true,true,experiments/algorithmic_compression_v2/results/raw_runs/V2-C-M05-S01/maximum_immediate_burden_release__mandatory_only.toml,79d12a88686e47cb614adbf3f51199631b2a5b50aac61915c79334a2882832b9
adversarial,small,V2-C-M05-S01,minimum_unique_carrier_exposure,Minimum unique-carrier exposure,1.9858290197895037,true,true,experiments/algorithmic_compression_v2/results/raw_runs/V2-C-M05-S01/minimum_unique_carrier_exposure__mandatory_only.toml,a1552a953ce0ffb7cb75c93345c4629834406f92b1196c154b7778c54728ee30
adversarial,small,V2-C-M05-S01,multistart_random_rechecked_deletion_32,32-start random deletion,2.3842968137674134,true,true,experiments/algorithmic_compression_v2/results/raw_runs/V2-C-M05-S01/multistart_random_rechecked_deletion_32__mandatory_only.toml,b89dd46cd9b2ca02766db5f9649a4afdd471dc42d2d112583dadbdfc7026724c
adversarial,small,V2-C-M05-S01,random_order_rechecked_deletion,Random-order deletion,2.1598202558073414,true,true,experiments/algorithmic_compression_v2/results/raw_runs/V2-C-M05-S01/random_order_rechecked_deletion__mandatory_only.toml,8406866b969ac1efd9081d73c175892e738dd9a8467311e020662b09183d4497
adversarial,small,V2-C-M05-S01,requirement_mask_dp,Mask DP,1.6539863085345399,true,true,experiments/algorithmic_compression_v2/results/raw_runs/V2-C-M05-S01/requirement_mask_dp__mandatory_only.toml,fd55fc808da2cf58a4a961c8ec0a1481423d71ae48fd3156eb245942499ecdbf
adversarial,small,V2-C-M05-S01,weighted_greedy,Weighted greedy,1.0,true,true,experiments/algorithmic_compression_v2/results/raw_runs/V2-C-M05-S01/weighted_greedy__mandatory_only.toml,3d840b7f51531e44aea8740d4cbaf26079541779cb30d0836353c81b81bf1bf9
adversarial,small,V2-C-M05-S01,weighted_greedy_reverse_delete,Weighted greedy + reverse deletion,1.732689092258719,true,true,experiments/algorithmic_compression_v2/results/raw_runs/V2-C-M05-S01/weighted_greedy_reverse_delete__mandatory_only.toml,53af2bc9cd152fd1d8c22019ddcc1c6947daf6c8b657281f55a81cd1fd007ba9
adversarial,small,V2-C-M06-S01,cardinality_greedy,Cardinality greedy,2.1626634062937597,true,true,experiments/algorithmic_compression_v2/results/raw_runs/V2-C-M06-S01/cardinality_greedy__mandatory_only.toml,f7384765e06b16cec5c61e07d1d0856f151343b38ddd8fe17f5247a086ec2f10
adversarial,small,V2-C-M06-S01,complete_enumeration,Enumeration,2.5150826176311694,true,true,experiments/algorithmic_compression_v2/results/raw_runs/V2-C-M06-S01/complete_enumeration__mandatory_only.toml,fd6856bed67b73fffbf0d027e332488dd77409403fe9611154fcfcf321557603
adversarial,small,V2-C-M06-S01,declared_source_order,Declared source order,1.0,true,true,experiments/algorithmic_compression_v2/results/raw_runs/V2-C-M06-S01/declared_source_order__mandatory_only.toml,33d95c14adb8a23fd5ce25d6cdd2123b4ecf20c9934324ab12aed842a62a39cf
adversarial,small,V2-C-M06-S01,heaviest_safe_first,Heaviest safe first,3.3866776179845446,true,true,experiments/algorithmic_compression_v2/results/raw_runs/V2-C-M06-S01/heaviest_safe_first__mandatory_only.toml,e6a9ab7d3de8248c9cb80ae790db333c87c7fc7398e43761e6cd5f095c901da6
adversarial,small,V2-C-M06-S01,jump_highs_tagged_cover,HiGHS MIP,15.012771700559451,true,true,experiments/algorithmic_compression_v2/results/raw_runs/V2-C-M06-S01/jump_highs_tagged_cover__full_fixed_point.toml,32b9ad3c302ac1bac85244dfac843da7f647842f540a9e7f7dc9dde56c105e5a
adversarial,small,V2-C-M06-S01,lightest_safe_first,Lightest safe first,2.4679251354706504,true,true,experiments/algorithmic_compression_v2/results/raw_runs/V2-C-M06-S01/lightest_safe_first__mandatory_only.toml,2b41c160b58ba4aebb54f79b55be5c607e73dd29d7098209927c76a123e6130c
adversarial,small,V2-C-M06-S01,maximum_immediate_burden_release,Maximum immediate release,2.9022137032291346,true,true,experiments/algorithmic_compression_v2/results/raw_runs/V2-C-M06-S01/maximum_immediate_burden_release__mandatory_only.toml,da3abb5be454cd68c751b643e2d67c0465d67427ce173b54514f5df71ed26de0
adversarial,small,V2-C-M06-S01,minimum_unique_carrier_exposure,Minimum unique-carrier exposure,1.769506436028824,true,true,experiments/algorithmic_compression_v2/results/raw_runs/V2-C-M06-S01/minimum_unique_carrier_exposure__mandatory_only.toml,54d9ae38315b16c153431d03f5b20c05ed6ed11dfc41ba9b7eb45044be827c9c
adversarial,small,V2-C-M06-S01,multistart_random_rechecked_deletion_32,32-start random deletion,2.2756134461633186,true,true,experiments/algorithmic_compression_v2/results/raw_runs/V2-C-M06-S01/multistart_random_rechecked_deletion_32__mandatory_only.toml,770226dd7d94490a332668d8f3748b815f470c8a0cfc5952c9f6befa0e72d307
adversarial,small,V2-C-M06-S01,random_order_rechecked_deletion,Random-order deletion,2.8678343103404904,true,true,experiments/algorithmic_compression_v2/results/raw_runs/V2-C-M06-S01/random_order_rechecked_deletion__mandatory_only.toml,20e1f39023a13adba6302971a33c8504d0418c4c0a6b857c10f0bf4f5b23529a
adversarial,small,V2-C-M06-S01,requirement_mask_dp,Mask DP,4.234550795654238,true,true,experiments/algorithmic_compression_v2/results/raw_runs/V2-C-M06-S01/requirement_mask_dp__mandatory_only.toml,1cd9670d58a5c1ff30f2978d98773b680cd70ace8cd381a03fc1db4b0e769b64
adversarial,small,V2-C-M06-S01,weighted_greedy,Weighted greedy,1.7353406657118204,true,true,experiments/algorithmic_compression_v2/results/raw_runs/V2-C-M06-S01/weighted_greedy__mandatory_only.toml,83f0d3597711cb48b97007000a944b8271a8ec18e5de8165fe8d8ee3dfd45766
adversarial,small,V2-C-M06-S01,weighted_greedy_reverse_delete,Weighted greedy + reverse deletion,1.8498225335477279,true,true,experiments/algorithmic_compression_v2/results/raw_runs/V2-C-M06-S01/weighted_greedy_reverse_delete__mandatory_only.toml,af8cd58020be242912920b67df20bb80fd05329558842b7b7b64effb690f7b34
adversarial,small,V2-C-M07-S01,cardinality_greedy,Cardinality greedy,3.3449378387473208,true,true,experiments/algorithmic_compression_v2/results/raw_runs/V2-C-M07-S01/cardinality_greedy__mandatory_only.toml,3c2f0d13333c42a8c78bf795b9632903f7ce1bf34fd51acfea71fd839659998e
adversarial,small,V2-C-M07-S01,complete_enumeration,Enumeration,2.5958791102784757,true,true,experiments/algorithmic_compression_v2/results/raw_runs/V2-C-M07-S01/complete_enumeration__mandatory_only.toml,5f3795895cd4e6e6ef58860b23ea8d00c5d6d0151463ea4a059f340bb1f22366
adversarial,small,V2-C-M07-S01,declared_source_order,Declared source order,1.7472985171963893,true,true,experiments/algorithmic_compression_v2/results/raw_runs/V2-C-M07-S01/declared_source_order__mandatory_only.toml,0f2b816c4d8b5af1911356b0d77d182c270d0c4d1e39ebda036399a072de8637
adversarial,small,V2-C-M07-S01,heaviest_safe_first,Heaviest safe first,1.639650975383689,true,true,experiments/algorithmic_compression_v2/results/raw_runs/V2-C-M07-S01/heaviest_safe_first__mandatory_only.toml,6aabfce3954e3ccc5e2f587be512c606a3819ec3f098ebcbab02397ab031b5c4
adversarial,small,V2-C-M07-S01,jump_highs_tagged_cover,HiGHS MIP,12.594654429027136,true,true,experiments/algorithmic_compression_v2/results/raw_runs/V2-C-M07-S01/jump_highs_tagged_cover__full_fixed_point.toml,89daa2c1414c1cce34f24731eb72e1033ff717c508715c72421c5204aba83d70
adversarial,small,V2-C-M07-S01,lightest_safe_first,Lightest safe first,3.688093032298946,true,true,experiments/algorithmic_compression_v2/results/raw_runs/V2-C-M07-S01/lightest_safe_first__mandatory_only.toml,3a5da2ad1d6bd9eae202903b4435b6b1fb393088aeb0bcd7c69d42622d0c3586
adversarial,small,V2-C-M07-S01,maximum_immediate_burden_release,Maximum immediate release,1.3741558590913472,true,true,experiments/algorithmic_compression_v2/results/raw_runs/V2-C-M07-S01/maximum_immediate_burden_release__mandatory_only.toml,c7b5067b6d002d0c8f0a8cc13d54321c793f0b118e91c4b0179f2a94e8f4f07a
adversarial,small,V2-C-M07-S01,minimum_unique_carrier_exposure,Minimum unique-carrier exposure,1.879042583128509,true,true,experiments/algorithmic_compression_v2/results/raw_runs/V2-C-M07-S01/minimum_unique_carrier_exposure__mandatory_only.toml,ffa205552030160d317732fa5e95e006850946d536241a5fe1e02f3c89759188
adversarial,small,V2-C-M07-S01,multistart_random_rechecked_deletion_32,32-start random deletion,1.0,true,true,experiments/algorithmic_compression_v2/results/raw_runs/V2-C-M07-S01/multistart_random_rechecked_deletion_32__mandatory_only.toml,772130a1eb747dd0cb2670bcd8995d6c139dbb84a024e27765cf974cbc4874e9
adversarial,small,V2-C-M07-S01,random_order_rechecked_deletion,Random-order deletion,3.4137826939993188,true,true,experiments/algorithmic_compression_v2/results/raw_runs/V2-C-M07-S01/random_order_rechecked_deletion__mandatory_only.toml,ea861dfbd209090e9803d634c61dc7f4f65910e545a7baa73b0c98645e934e01
adversarial,small,V2-C-M07-S01,requirement_mask_dp,Mask DP,3.030188450465307,true,true,experiments/algorithmic_compression_v2/results/raw_runs/V2-C-M07-S01/requirement_mask_dp__mandatory_only.toml,0e3e850cd1825b9bb08a271946382d26a8d0c11c53a11cdeb653060b1adca16e
adversarial,small,V2-C-M07-S01,weighted_greedy,Weighted greedy,1.7012208100220598,true,true,experiments/algorithmic_compression_v2/results/raw_runs/V2-C-M07-S01/weighted_greedy__mandatory_only.toml,8787ae8dce771dd561b263fe07ab6f1f9dd93bdd65db2f7b6f7c0614160de5ca
adversarial,small,V2-C-M07-S01,weighted_greedy_reverse_delete,Weighted greedy + reverse deletion,2.0462444486863363,true,true,experiments/algorithmic_compression_v2/results/raw_runs/V2-C-M07-S01/weighted_greedy_reverse_delete__mandatory_only.toml,1dc91978ef6924ff8371de6239c277830ffac5ad58e7f4d37b6cc01cd757e57d
small_exact,N11-R10,V2-A-N011-R010-X01,cardinality_greedy,Cardinality greedy,1.0308506055495592,true,true,experiments/algorithmic_compression_v2/results/raw_runs/V2-A-N011-R010-X01/cardinality_greedy__mandatory_only.toml,f56268dea77117b3ab6ff259481ef41f14018bd31589b8d96bb6f76b8766bb3c
small_exact,N11-R10,V2-A-N011-R010-X01,complete_enumeration,Enumeration,1.2744331838722787,true,true,experiments/algorithmic_compression_v2/results/raw_runs/V2-A-N011-R010-X01/complete_enumeration__mandatory_only.toml,befcf5d75dcb3e3def7f0dc1055a9b80f0cf320688ec8154e9054d06b9d8dbba
small_exact,N11-R10,V2-A-N011-R010-X01,declared_source_order,Declared source order,1.8778524606948697,true,true,experiments/algorithmic_compression_v2/results/raw_runs/V2-A-N011-R010-X01/declared_source_order__mandatory_only.toml,cdc73368b0005eb2cc1c51d3190e1280df2334bc6b0c1308e324b6ac054d80de
small_exact,N11-R10,V2-A-N011-R010-X01,heaviest_safe_first,Heaviest safe first,1.6562915207726208,true,true,experiments/algorithmic_compression_v2/results/raw_runs/V2-A-N011-R010-X01/heaviest_safe_first__mandatory_only.toml,faa359e2446fc0f92ef1a589f8b9de4ed37447a793793e3a831b1f14d57525b2
small_exact,N11-R10,V2-A-N011-R010-X01,jump_highs_tagged_cover,HiGHS MIP,5.506686957647388,true,true,experiments/algorithmic_compression_v2/results/raw_runs/V2-A-N011-R010-X01/jump_highs_tagged_cover__full_fixed_point.toml,f51d4c3a75aa301bef852d6f8f6e9f08950016b481fc8403afc652cca47e3343
small_exact,N11-R10,V2-A-N011-R010-X01,lightest_safe_first,Lightest safe first,1.196369589328652,true,true,experiments/algorithmic_compression_v2/results/raw_runs/V2-A-N011-R010-X01/lightest_safe_first__mandatory_only.toml,7f536865c5f2ff4c4a5945b379292ebe5c16a92abd54b1722e4e0f1216c686a5
small_exact,N11-R10,V2-A-N011-R010-X01,maximum_immediate_burden_release,Maximum immediate release,1.2609017043611925,true,true,experiments/algorithmic_compression_v2/results/raw_runs/V2-A-N011-R010-X01/maximum_immediate_burden_release__mandatory_only.toml,1dc0a15d00d6e06fd5db72aeec21356855538cb8a28b23ba1db1e07c418b686e
small_exact,N11-R10,V2-A-N011-R010-X01,minimum_unique_carrier_exposure,Minimum unique-carrier exposure,1.33909143976506,true,true,experiments/algorithmic_compression_v2/results/raw_runs/V2-A-N011-R010-X01/minimum_unique_carrier_exposure__mandatory_only.toml,0e8cceb57a275be71cf5fd1b3ff52d9b26471657c70c6449cd5ee5387f6f1705
small_exact,N11-R10,V2-A-N011-R010-X01,multistart_random_rechecked_deletion_32,32-start random deletion,1.163564834238955,true,true,experiments/algorithmic_compression_v2/results/raw_runs/V2-A-N011-R010-X01/multistart_random_rechecked_deletion_32__mandatory_only.toml,81539d514aeb8d7c0562036494cf7a949916396f68165c0733d5e90a5ab108ef
small_exact,N11-R10,V2-A-N011-R010-X01,random_order_rechecked_deletion,Random-order deletion,1.0,true,true,experiments/algorithmic_compression_v2/results/raw_runs/V2-A-N011-R010-X01/random_order_rechecked_deletion__mandatory_only.toml,f6df499f33d6907476e1e0c4baaac7151bdbe0f2a8671b7b9a521c545963ce0b
small_exact,N11-R10,V2-A-N011-R010-X01,requirement_mask_dp,Mask DP,1.6328266145018868,true,true,experiments/algorithmic_compression_v2/results/raw_runs/V2-A-N011-R010-X01/requirement_mask_dp__mandatory_only.toml,22a61b320ed2102cd5f323675c4b1335f7ff24d12a72cc5b53e86dbc5471f81a
small_exact,N11-R10,V2-A-N011-R010-X01,weighted_greedy,Weighted greedy,1.0901773677684627,true,true,experiments/algorithmic_compression_v2/results/raw_runs/V2-A-N011-R010-X01/weighted_greedy__mandatory_only.toml,c1c5d5c1430941215766a50e147f11e116cc1ef7af6c5a1d64bd9489b28327ba
small_exact,N11-R10,V2-A-N011-R010-X01,weighted_greedy_reverse_delete,Weighted greedy + reverse deletion,1.343586471737337,true,true,experiments/algorithmic_compression_v2/results/raw_runs/V2-A-N011-R010-X01/weighted_greedy_reverse_delete__mandatory_only.toml,f3a29d8de5cfcb3b31434603408d7ed8302922c67ce8bba02019b165c81616cc
small_exact,N11-R10,V2-A-N011-R010-X02,cardinality_greedy,Cardinality greedy,2.1572543612790045,true,true,experiments/algorithmic_compression_v2/results/raw_runs/V2-A-N011-R010-X02/cardinality_greedy__mandatory_only.toml,2924bc3f8a98386bab81a1a154a05334498ff6795ddf239eb9d26057e070e605
small_exact,N11-R10,V2-A-N011-R010-X02,complete_enumeration,Enumeration,1.4469115817073483,true,true,experiments/algorithmic_compression_v2/results/raw_runs/V2-A-N011-R010-X02/complete_enumeration__mandatory_only.toml,78098b4e9f538f004abefd18c08b6210d55c0dc8a1facf7e309f0f6df3000ec7
small_exact,N11-R10,V2-A-N011-R010-X02,declared_source_order,Declared source order,1.0,true,true,experiments/algorithmic_compression_v2/results/raw_runs/V2-A-N011-R010-X02/declared_source_order__mandatory_only.toml,5c624f6b8f8d86fea70e302d2060e8eda2eb412cd5d5cb0b9813f23992253a0b
small_exact,N11-R10,V2-A-N011-R010-X02,heaviest_safe_first,Heaviest safe first,3.0712365497161658,true,true,experiments/algorithmic_compression_v2/results/raw_runs/V2-A-N011-R010-X02/heaviest_safe_first__mandatory_only.toml,ab52634ce7b36e353412044e05bb0f75ef8f2e078294c32885dbb1a545eadad1
small_exact,N11-R10,V2-A-N011-R010-X02,jump_highs_tagged_cover,HiGHS MIP,11.354231719755473,true,true,experiments/algorithmic_compression_v2/results/raw_runs/V2-A-N011-R010-X02/jump_highs_tagged_cover__full_fixed_point.toml,456f3ba5d256da4690fe4bcb61230242ec7f98d6d3d98a3a24f95ce8f72308b2
small_exact,N11-R10,V2-A-N011-R010-X02,lightest_safe_first,Lightest safe first,2.169918013399867,true,true,experiments/algorithmic_compression_v2/results/raw_runs/V2-A-N011-R010-X02/lightest_safe_first__mandatory_only.toml,1d0090177953f814d1f1b98d094be8aa2895f2a71efb159d7224613899eaac1e
small_exact,N11-R10,V2-A-N011-R010-X02,maximum_immediate_burden_release,Maximum immediate release,2.3112104009685037,true,true,experiments/algorithmic_compression_v2/results/raw_runs/V2-A-N011-R010-X02/maximum_immediate_burden_release__mandatory_only.toml,3dd25b893315e25c6afc166203793b8e794c9a88f10a606452f07d9c84f671be
small_exact,N11-R10,V2-A-N011-R010-X02,minimum_unique_carrier_exposure,Minimum unique-carrier exposure,2.3973152954749244,true,true,experiments/algorithmic_compression_v2/results/raw_runs/V2-A-N011-R010-X02/minimum_unique_carrier_exposure__mandatory_only.toml,3f1fddf3daf6182aa06d1191569938598da9de452d674f53c3c3cb2446436dc6
small_exact,N11-R10,V2-A-N011-R010-X02,multistart_random_rechecked_deletion_32,32-start random deletion,5.129100254854413,true,true,experiments/algorithmic_compression_v2/results/raw_runs/V2-A-N011-R010-X02/multistart_random_rechecked_deletion_32__mandatory_only.toml,a486b8544a68f90f67ac92b34d3e25cc2bbc9d6aebda77f8810ace3eeab94ac1
small_exact,N11-R10,V2-A-N011-R010-X02,random_order_rechecked_deletion,Random-order deletion,2.224143292376799,true,true,experiments/algorithmic_compression_v2/results/raw_runs/V2-A-N011-R010-X02/random_order_rechecked_deletion__mandatory_only.toml,d9433b5ffd9d2d976a12726245d68ddb5460dd13bac8bc95240685cd800c683f
small_exact,N11-R10,V2-A-N011-R010-X02,requirement_mask_dp,Mask DP,2.7725925830754696,true,true,experiments/algorithmic_compression_v2/results/raw_runs/V2-A-N011-R010-X02/requirement_mask_dp__mandatory_only.toml,4c49f13911b5c746efd51b6cdcbf7f76bbfe720539808bb3cb47dfb94e33220a
small_exact,N11-R10,V2-A-N011-R010-X02,weighted_greedy,Weighted greedy,2.613067031290202,true,true,experiments/algorithmic_compression_v2/results/raw_runs/V2-A-N011-R010-X02/weighted_greedy__mandatory_only.toml,fe3fe36ab3f02e8c363a48875d81bb77b38b7a941f0e7ffc09b5bc13796aa912
small_exact,N11-R10,V2-A-N011-R010-X02,weighted_greedy_reverse_delete,Weighted greedy + reverse deletion,2.6401249627320076,true,true,experiments/algorithmic_compression_v2/results/raw_runs/V2-A-N011-R010-X02/weighted_greedy_reverse_delete__mandatory_only.toml,03642b16e2d3645f50c51821504df3e548a47d0d953b5fc4105d0e0ad4c3f262
small_exact,N11-R10,V2-A-N011-R010-X03,cardinality_greedy,Cardinality greedy,1.0,true,true,experiments/algorithmic_compression_v2/results/raw_runs/V2-A-N011-R010-X03/cardinality_greedy__mandatory_only.toml,2cd25e4058d9a325fdcff7590a86cdea2c47c5511a8861186fe87d86e71bedfe
small_exact,N11-R10,V2-A-N011-R010-X03,complete_enumeration,Enumeration,1.6145858494056449,true,true,experiments/algorithmic_compression_v2/results/raw_runs/V2-A-N011-R010-X03/complete_enumeration__mandatory_only.toml,5fc2ce161ccfaf31cfeb1c6663440e1fae70f57ca99de7407ccd5e38f2560667
small_exact,N11-R10,V2-A-N011-R010-X03,declared_source_order,Declared source order,1.4256490055960385,true,true,experiments/algorithmic_compression_v2/results/raw_runs/V2-A-N011-R010-X03/declared_source_order__mandatory_only.toml,c9d008652b6268edd4f36b063884cebb8b15a88348ae866b60aeb0749a05ba26
small_exact,N11-R10,V2-A-N011-R010-X03,heaviest_safe_first,Heaviest safe first,3.1889743376802446,true,true,experiments/algorithmic_compression_v2/results/raw_runs/V2-A-N011-R010-X03/heaviest_safe_first__mandatory_only.toml,e277bfcd3532732048075d7f4b85e140320eba53069ff4a83f065e8095cc335e
small_exact,N11-R10,V2-A-N011-R010-X03,jump_highs_tagged_cover,HiGHS MIP,6.9356007378777536,true,true,experiments/algorithmic_compression_v2/results/raw_runs/V2-A-N011-R010-X03/jump_highs_tagged_cover__full_fixed_point.toml,3c010f1865b2639a772eb9e3a65a96076f598e5fc7727b5c37fbb849b64f52fb
small_exact,N11-R10,V2-A-N011-R010-X03,lightest_safe_first,Lightest safe first,1.3490594669635712,true,true,experiments/algorithmic_compression_v2/results/raw_runs/V2-A-N011-R010-X03/lightest_safe_first__mandatory_only.toml,766df552fcab7eaf0f68086ba289c70990fddd1ea7f4a54a5a2733db02ebfc0b
small_exact,N11-R10,V2-A-N011-R010-X03,maximum_immediate_burden_release,Maximum immediate release,1.2017927248093647,true,true,experiments/algorithmic_compression_v2/results/raw_runs/V2-A-N011-R010-X03/maximum_immediate_burden_release__mandatory_only.toml,16be9626355a5c3fc85df2970b870acb1c1a882977981c206846445b778397e6
small_exact,N11-R10,V2-A-N011-R010-X03,minimum_unique_carrier_exposure,Minimum unique-carrier exposure,1.673527898787864,true,true,experiments/algorithmic_compression_v2/results/raw_runs/V2-A-N011-R010-X03/minimum_unique_carrier_exposure__mandatory_only.toml,2700e1356c95a1ab76f01a587616309a12361d6d72ca526667b38d29cc7f8bc0
small_exact,N11-R10,V2-A-N011-R010-X03,multistart_random_rechecked_deletion_32,32-start random deletion,2.13337542840751,true,true,experiments/algorithmic_compression_v2/results/raw_runs/V2-A-N011-R010-X03/multistart_random_rechecked_deletion_32__mandatory_only.toml,1ee5a7dea8225d953f0c5992dcf666a2731597d66eeeb8bf83a7ad66c99cc97b
small_exact,N11-R10,V2-A-N011-R010-X03,random_order_rechecked_deletion,Random-order deletion,2.2723536228797214,true,true,experiments/algorithmic_compression_v2/results/raw_runs/V2-A-N011-R010-X03/random_order_rechecked_deletion__mandatory_only.toml,f18698cff51b9c2a6d7af8c40273da8766811a0a08b62fa8b2a96e455f2be07f
small_exact,N11-R10,V2-A-N011-R010-X03,requirement_mask_dp,Mask DP,1.846657386118306,true,true,experiments/algorithmic_compression_v2/results/raw_runs/V2-A-N011-R010-X03/requirement_mask_dp__mandatory_only.toml,2a2d4497e4b1b53df0671389000935a77a1725d1f3bb27e6f543dd61c0cbe126
small_exact,N11-R10,V2-A-N011-R010-X03,weighted_greedy,Weighted greedy,2.149437241159386,true,true,experiments/algorithmic_compression_v2/results/raw_runs/V2-A-N011-R010-X03/weighted_greedy__mandatory_only.toml,92b26aa860f01b1311d97a9e61b373d65af3ace23cc9a343ef4aa74b5b58fa9d
small_exact,N11-R10,V2-A-N011-R010-X03,weighted_greedy_reverse_delete,Weighted greedy + reverse deletion,1.9884053314732018,true,true,experiments/algorithmic_compression_v2/results/raw_runs/V2-A-N011-R010-X03/weighted_greedy_reverse_delete__mandatory_only.toml,baeca651cfb50fa4df06da89093dc579e838c983dd98448907e766a2f46d921d
small_exact,N11-R10,V2-A-N011-R010-X04,cardinality_greedy,Cardinality greedy,1.6609626071512669,true,true,experiments/algorithmic_compression_v2/results/raw_runs/V2-A-N011-R010-X04/cardinality_greedy__mandatory_only.toml,5efbd13924ac3a20c6c25d63c1a6e0b378faaf5de8c0c14beaa3c2be0685e88a
small_exact,N11-R10,V2-A-N011-R010-X04,complete_enumeration,Enumeration,2.899077788330387,true,true,experiments/algorithmic_compression_v2/results/raw_runs/V2-A-N011-R010-X04/complete_enumeration__mandatory_only.toml,799d288a2ebd4ba878f3775e99852ed1cd9a2f93780a438013ac5bd1ad6d7648
small_exact,N11-R10,V2-A-N011-R010-X04,declared_source_order,Declared source order,1.4275776321711517,true,true,experiments/algorithmic_compression_v2/results/raw_runs/V2-A-N011-R010-X04/declared_source_order__mandatory_only.toml,f8e1333bdc22daf1ecef8acb1b8523560944bc5c1a1df7f5377f2fd8282e88c0
small_exact,N11-R10,V2-A-N011-R010-X04,heaviest_safe_first,Heaviest safe first,1.0,true,true,experiments/algorithmic_compression_v2/results/raw_runs/V2-A-N011-R010-X04/heaviest_safe_first__mandatory_only.toml,346ebc6cc75a616a6e9f1683a8fd03aa74de9dc7d918aa4a75562a13d95214a6
small_exact,N11-R10,V2-A-N011-R010-X04,jump_highs_tagged_cover,HiGHS MIP,13.554821260750844,true,true,experiments/algorithmic_compression_v2/results/raw_runs/V2-A-N011-R010-X04/jump_highs_tagged_cover__full_fixed_point.toml,238f2d6edcdc7e13148c26562e1e4cd8a252a032fc8a4691f5f6fd5f72d7b1e6
small_exact,N11-R10,V2-A-N011-R010-X04,lightest_safe_first,Lightest safe first,2.2338688406339,true,true,experiments/algorithmic_compression_v2/results/raw_runs/V2-A-N011-R010-X04/lightest_safe_first__mandatory_only.toml,edab167a9049d159bfbf1ba68b9fdc1b26a1c80c32c66481f98e6329a51a4c9d
small_exact,N11-R10,V2-A-N011-R010-X04,maximum_immediate_burden_release,Maximum immediate release,2.222334303866682,true,true,experiments/algorithmic_compression_v2/results/raw_runs/V2-A-N011-R010-X04/maximum_immediate_burden_release__mandatory_only.toml,47e088116720eac07c35047653d90205b3c71b5684ccf1b3ea03b318057747a6
small_exact,N11-R10,V2-A-N011-R010-X04,minimum_unique_carrier_exposure,Minimum unique-carrier exposure,2.7316457701759305,true,true,experiments/algorithmic_compression_v2/results/raw_runs/V2-A-N011-R010-X04/minimum_unique_carrier_exposure__mandatory_only.toml,465a4e2e5c8888a3cdbfe7029ba11d5d334134f879d0cd34d6b1d1e8d89bb269
small_exact,N11-R10,V2-A-N011-R010-X04,multistart_random_rechecked_deletion_32,32-start random deletion,3.1696146626953103,true,true,experiments/algorithmic_compression_v2/results/raw_runs/V2-A-N011-R010-X04/multistart_random_rechecked_deletion_32__mandatory_only.toml,c720f5c342ffdfdae77e5e4d8bb9649200afafc5c7313f3689a341d7457d90c1
small_exact,N11-R10,V2-A-N011-R010-X04,random_order_rechecked_deletion,Random-order deletion,2.106330869710701,true,true,experiments/algorithmic_compression_v2/results/raw_runs/V2-A-N011-R010-X04/random_order_rechecked_deletion__mandatory_only.toml,5a76dccc102b548124e8e2f3d84eca3955aa4fad14499aa841221dbafe78f629
small_exact,N11-R10,V2-A-N011-R010-X04,requirement_mask_dp,Mask DP,2.4607516079271416,true,true,experiments/algorithmic_compression_v2/results/raw_runs/V2-A-N011-R010-X04/requirement_mask_dp__mandatory_only.toml,6a8bab7e1f574219a8f13e96db195d0f01941a7a4198939bcbcb0f8478249ce3
small_exact,N11-R10,V2-A-N011-R010-X04,weighted_greedy,Weighted greedy,1.5226900254590312,true,true,experiments/algorithmic_compression_v2/results/raw_runs/V2-A-N011-R010-X04/weighted_greedy__mandatory_only.toml,394441a45a5dfcf61097fdd9b657f493ad155fb34c221379aacf61e3d91289ab
small_exact,N11-R10,V2-A-N011-R010-X04,weighted_greedy_reverse_delete,Weighted greedy + reverse deletion,1.634415836884964,true,true,experiments/algorithmic_compression_v2/results/raw_runs/V2-A-N011-R010-X04/weighted_greedy_reverse_delete__mandatory_only.toml,4265b749c9e8bec71d7c8a8bd41dedf7b4bdeb04a7da7b13381cb499f9be513c
small_exact,N11-R6,V2-A-N011-R006-X01,cardinality_greedy,Cardinality greedy,3.5808802054190654,true,true,experiments/algorithmic_compression_v2/results/raw_runs/V2-A-N011-R006-X01/cardinality_greedy__mandatory_only.toml,f2afb19e68a52f7940e515e45c84ab50c4a15339d8ce895c592ddc94a6f914ca
small_exact,N11-R6,V2-A-N011-R006-X01,complete_enumeration,Enumeration,1.5364803222392662,true,true,experiments/algorithmic_compression_v2/results/raw_runs/V2-A-N011-R006-X01/complete_enumeration__mandatory_only.toml,396de22dab6264c63db3c41324fda8238df954d752de63adffcbdc57fb4070ca
small_exact,N11-R6,V2-A-N011-R006-X01,declared_source_order,Declared source order,1.0713519437021979,true,true,experiments/algorithmic_compression_v2/results/raw_runs/V2-A-N011-R006-X01/declared_source_order__mandatory_only.toml,78d6566ff6c079c9171cb76c3a17c728669087355bcd4b769aa650e1642e7caa
small_exact,N11-R6,V2-A-N011-R006-X01,heaviest_safe_first,Heaviest safe first,1.1662492600566083,true,true,experiments/algorithmic_compression_v2/results/raw_runs/V2-A-N011-R006-X01/heaviest_safe_first__mandatory_only.toml,7637516783a692b5f8f61e91b0cb22812e0a74786ba0d6bdcbae88da883e8500
small_exact,N11-R6,V2-A-N011-R006-X01,jump_highs_tagged_cover,HiGHS MIP,7.8782695543211565,true,true,experiments/algorithmic_compression_v2/results/raw_runs/V2-A-N011-R006-X01/jump_highs_tagged_cover__full_fixed_point.toml,d6e429dbcaf2eb2797ae7ad87c39dddac6336d75a689469ed9f99714cfa1c672
small_exact,N11-R6,V2-A-N011-R006-X01,lightest_safe_first,Lightest safe first,2.0642940492956434,true,true,experiments/algorithmic_compression_v2/results/raw_runs/V2-A-N011-R006-X01/lightest_safe_first__mandatory_only.toml,a13f701b163cdb003dbe74294370b31548b970cc74377edfc559f4e1d3c94f7b
small_exact,N11-R6,V2-A-N011-R006-X01,maximum_immediate_burden_release,Maximum immediate release,1.0,true,true,experiments/algorithmic_compression_v2/results/raw_runs/V2-A-N011-R006-X01/maximum_immediate_burden_release__mandatory_only.toml,32de50b9602f52293a08c0df01571ed67f896af981d35bc9305519e49ec79ebf
small_exact,N11-R6,V2-A-N011-R006-X01,minimum_unique_carrier_exposure,Minimum unique-carrier exposure,2.0728054930405992,true,true,experiments/algorithmic_compression_v2/results/raw_runs/V2-A-N011-R006-X01/minimum_unique_carrier_exposure__mandatory_only.toml,64a3484763c19003c596f574d3609e86fbab1d80864607f41a62e801fb04ca88
small_exact,N11-R6,V2-A-N011-R006-X01,multistart_random_rechecked_deletion_32,32-start random deletion,2.239251983793642,true,true,experiments/algorithmic_compression_v2/results/raw_runs/V2-A-N011-R006-X01/multistart_random_rechecked_deletion_32__mandatory_only.toml,4e0a4cca68a58194aef13b4a61b5682312ec02a1e7e450146216490071a4848f
small_exact,N11-R6,V2-A-N011-R006-X01,random_order_rechecked_deletion,Random-order deletion,1.7506153595227585,true,true,experiments/algorithmic_compression_v2/results/raw_runs/V2-A-N011-R006-X01/random_order_rechecked_deletion__mandatory_only.toml,dcb0a09f0656bd46e8cacf6802703e2cb4cd2d886424b3f7efb492c25eec1555
small_exact,N11-R6,V2-A-N011-R006-X01,requirement_mask_dp,Mask DP,1.386862227073848,true,true,experiments/algorithmic_compression_v2/results/raw_runs/V2-A-N011-R006-X01/requirement_mask_dp__mandatory_only.toml,149a5a80b961fe060e8564b077cc61f389dfcbfe881d5c56681e5fb4dbd93d5e
small_exact,N11-R6,V2-A-N011-R006-X01,weighted_greedy,Weighted greedy,1.4687007697062056,true,true,experiments/algorithmic_compression_v2/results/raw_runs/V2-A-N011-R006-X01/weighted_greedy__mandatory_only.toml,a9a7b93e11e882921a9dd710099267469396bd362f4bf98643bffafd3b86bcb1
small_exact,N11-R6,V2-A-N011-R006-X01,weighted_greedy_reverse_delete,Weighted greedy + reverse deletion,1.8866601128198102,true,true,experiments/algorithmic_compression_v2/results/raw_runs/V2-A-N011-R006-X01/weighted_greedy_reverse_delete__mandatory_only.toml,fec2dc9bdd4a081bec52df3c483200253206775a9814fd303f5f9394262f0baf
small_exact,N11-R6,V2-A-N011-R006-X02,cardinality_greedy,Cardinality greedy,1.1165201960386761,true,true,experiments/algorithmic_compression_v2/results/raw_runs/V2-A-N011-R006-X02/cardinality_greedy__mandatory_only.toml,8529be010375b6d776fba9ddbed873745d5600e731edd69244e7a5063555beeb
small_exact,N11-R6,V2-A-N011-R006-X02,complete_enumeration,Enumeration,1.0,true,true,experiments/algorithmic_compression_v2/results/raw_runs/V2-A-N011-R006-X02/complete_enumeration__mandatory_only.toml,2fab91690b1e720779079fa9a633851e5334f07cf0870cf62f5b28d334f9740c
small_exact,N11-R6,V2-A-N011-R006-X02,declared_source_order,Declared source order,1.1057428481539224,true,true,experiments/algorithmic_compression_v2/results/raw_runs/V2-A-N011-R006-X02/declared_source_order__mandatory_only.toml,e96bc3ec9e62411ebe7cafdb8301c9a62ecc0ca325a0519f299833b5fff019f2
small_exact,N11-R6,V2-A-N011-R006-X02,heaviest_safe_first,Heaviest safe first,1.608467391441136,true,true,experiments/algorithmic_compression_v2/results/raw_runs/V2-A-N011-R006-X02/heaviest_safe_first__mandatory_only.toml,0c69aeeca73083a02a4dc7f4e7c6eecf7758ac968285d48be3570b139515b063
small_exact,N11-R6,V2-A-N011-R006-X02,jump_highs_tagged_cover,HiGHS MIP,11.9871276782281,true,true,experiments/algorithmic_compression_v2/results/raw_runs/V2-A-N011-R006-X02/jump_highs_tagged_cover__full_fixed_point.toml,f0789e5d883782c33da5ec65a7144bc011fb35b24fa0c3dccb9fb7a48f1a2910
small_exact,N11-R6,V2-A-N011-R006-X02,lightest_safe_first,Lightest safe first,1.229737657743318,true,true,experiments/algorithmic_compression_v2/results/raw_runs/V2-A-N011-R006-X02/lightest_safe_first__mandatory_only.toml,e0876f2929fc1160ade9c1a84bbec68a6ed64d19e0ef3dd8a5969c81f4ffda39
small_exact,N11-R6,V2-A-N011-R006-X02,maximum_immediate_burden_release,Maximum immediate release,2.901819859752644,true,true,experiments/algorithmic_compression_v2/results/raw_runs/V2-A-N011-R006-X02/maximum_immediate_burden_release__mandatory_only.toml,cbae57f6b4dc9d123f55c9a03a6d0f101664febebf323e80288f60ffae0d18e0
small_exact,N11-R6,V2-A-N011-R006-X02,minimum_unique_carrier_exposure,Minimum unique-carrier exposure,2.0403549055113155,true,true,experiments/algorithmic_compression_v2/results/raw_runs/V2-A-N011-R006-X02/minimum_unique_carrier_exposure__mandatory_only.toml,00694a76fcdb496e68648390e26bcebf3fb3f64368aef64408cdc5a28f4a58d9
small_exact,N11-R6,V2-A-N011-R006-X02,multistart_random_rechecked_deletion_32,32-start random deletion,2.674371531045283,true,true,experiments/algorithmic_compression_v2/results/raw_runs/V2-A-N011-R006-X02/multistart_random_rechecked_deletion_32__mandatory_only.toml,8102460da4fec8a8ec6415b002f684a0bd0d3e0a3e50579e0824f1e8bba51fdf
small_exact,N11-R6,V2-A-N011-R006-X02,random_order_rechecked_deletion,Random-order deletion,1.6559092433214713,true,true,experiments/algorithmic_compression_v2/results/raw_runs/V2-A-N011-R006-X02/random_order_rechecked_deletion__mandatory_only.toml,d970dc3fcee10284fa03b3e2db3465dd736fc3c7a0efdedae7859d7784157046
small_exact,N11-R6,V2-A-N011-R006-X02,requirement_mask_dp,Mask DP,2.421006922877937,true,true,experiments/algorithmic_compression_v2/results/raw_runs/V2-A-N011-R006-X02/requirement_mask_dp__mandatory_only.toml,e4370494faf300dd901047493a3b0a0b2b5fb619e403a4d4b81c909139a072fd
small_exact,N11-R6,V2-A-N011-R006-X02,weighted_greedy,Weighted greedy,2.008600113260576,true,true,experiments/algorithmic_compression_v2/results/raw_runs/V2-A-N011-R006-X02/weighted_greedy__mandatory_only.toml,e603aabd76bd2a28a73e409368515bb2cfdd4efd808afefc69e4c3cfabafb3f8
small_exact,N11-R6,V2-A-N011-R006-X02,weighted_greedy_reverse_delete,Weighted greedy + reverse deletion,1.6387918648144133,true,true,experiments/algorithmic_compression_v2/results/raw_runs/V2-A-N011-R006-X02/weighted_greedy_reverse_delete__mandatory_only.toml,dc65561dd8b046832bf5bf5abaed9ddf6794a13d1d98c4dab1afef135f70b2b2
small_exact,N11-R6,V2-A-N011-R006-X03,cardinality_greedy,Cardinality greedy,2.413482364863115,true,true,experiments/algorithmic_compression_v2/results/raw_runs/V2-A-N011-R006-X03/cardinality_greedy__mandatory_only.toml,658550dda84845992bf412a244d9549f0ab6867a6375bfbe0fa82a15503e735f
small_exact,N11-R6,V2-A-N011-R006-X03,complete_enumeration,Enumeration,1.0,true,true,experiments/algorithmic_compression_v2/results/raw_runs/V2-A-N011-R006-X03/complete_enumeration__mandatory_only.toml,bb685e4f60456e3a63e19773560e16a967a8b1f5f0c2c23242f46a92e38b19b1
small_exact,N11-R6,V2-A-N011-R006-X03,declared_source_order,Declared source order,2.403504257427025,true,true,experiments/algorithmic_compression_v2/results/raw_runs/V2-A-N011-R006-X03/declared_source_order__mandatory_only.toml,b9120a32e1d545cdb4dd9f2b62a5a4a118f1d536b27240318974713da87ff2e0
small_exact,N11-R6,V2-A-N011-R006-X03,heaviest_safe_first,Heaviest safe first,2.1278160273511357,true,true,experiments/algorithmic_compression_v2/results/raw_runs/V2-A-N011-R006-X03/heaviest_safe_first__mandatory_only.toml,ad025b9615996286b0e41eea48dae2cb85509b9801d9ba3b134bab4c1b4645b5
small_exact,N11-R6,V2-A-N011-R006-X03,jump_highs_tagged_cover,HiGHS MIP,12.955931447330935,true,true,experiments/algorithmic_compression_v2/results/raw_runs/V2-A-N011-R006-X03/jump_highs_tagged_cover__full_fixed_point.toml,8e58b534cc143976e9eed6a963a2267402bf2306f9bb73fdfe8b2667f64582c7
small_exact,N11-R6,V2-A-N011-R006-X03,lightest_safe_first,Lightest safe first,3.1506087732135,true,true,experiments/algorithmic_compression_v2/results/raw_runs/V2-A-N011-R006-X03/lightest_safe_first__mandatory_only.toml,7888a50c2d4802a13e5904595169355454be62a41526b14088a42efc81fb78aa
small_exact,N11-R6,V2-A-N011-R006-X03,maximum_immediate_burden_release,Maximum immediate release,2.138382566241032,true,true,experiments/algorithmic_compression_v2/results/raw_runs/V2-A-N011-R006-X03/maximum_immediate_burden_release__mandatory_only.toml,d5b36984518b7a6f009584f8024e2f7584148c814b723fffe7f9158b2c3eddad
small_exact,N11-R6,V2-A-N011-R006-X03,minimum_unique_carrier_exposure,Minimum unique-carrier exposure,2.5935458960346036,true,true,experiments/algorithmic_compression_v2/results/raw_runs/V2-A-N011-R006-X03/minimum_unique_carrier_exposure__mandatory_only.toml,1300507daf9b5643d10eaf983ded05e9fd28893c90a9c1ebf5dd68d034540ca6
small_exact,N11-R6,V2-A-N011-R006-X03,multistart_random_rechecked_deletion_32,32-start random deletion,2.3566342497863193,true,true,experiments/algorithmic_compression_v2/results/raw_runs/V2-A-N011-R006-X03/multistart_random_rechecked_deletion_32__mandatory_only.toml,c77658248bf81ab72cf8de944033a6917d9bb2b5dd3b244dc219a77201b43331
small_exact,N11-R6,V2-A-N011-R006-X03,random_order_rechecked_deletion,Random-order deletion,1.42044479590251,true,true,experiments/algorithmic_compression_v2/results/raw_runs/V2-A-N011-R006-X03/random_order_rechecked_deletion__mandatory_only.toml,67f9ef2cb095ab06f732904ed09b92e5517f4be070cdd82539bb381ec6180d38
small_exact,N11-R6,V2-A-N011-R006-X03,requirement_mask_dp,Mask DP,1.346357471703489,true,true,experiments/algorithmic_compression_v2/results/raw_runs/V2-A-N011-R006-X03/requirement_mask_dp__mandatory_only.toml,8d5dd320384f14d58c159d1f34033a44449bd5d79831cf9db60d5e1e7bc1a34d
small_exact,N11-R6,V2-A-N011-R006-X03,weighted_greedy,Weighted greedy,1.7762666768111064,true,true,experiments/algorithmic_compression_v2/results/raw_runs/V2-A-N011-R006-X03/weighted_greedy__mandatory_only.toml,b531840973f9c2bb3b0a968a4f40ac182a8972300c5e32c341fb64169d49d903
small_exact,N11-R6,V2-A-N011-R006-X03,weighted_greedy_reverse_delete,Weighted greedy + reverse deletion,1.4195529766375716,true,true,experiments/algorithmic_compression_v2/results/raw_runs/V2-A-N011-R006-X03/weighted_greedy_reverse_delete__mandatory_only.toml,abe452e6bc6fb9088c6dddf37d9f86df100d6b782cc7ae1cc548f16e72b6dd17
small_exact,N11-R6,V2-A-N011-R006-X04,cardinality_greedy,Cardinality greedy,1.9937728966573833,true,true,experiments/algorithmic_compression_v2/results/raw_runs/V2-A-N011-R006-X04/cardinality_greedy__mandatory_only.toml,6c9c6f68ab7aff3a5e9065e6f58014c09decba78e6e29df53968a6830a994a3a
small_exact,N11-R6,V2-A-N011-R006-X04,complete_enumeration,Enumeration,1.5535940847913843,true,true,experiments/algorithmic_compression_v2/results/raw_runs/V2-A-N011-R006-X04/complete_enumeration__mandatory_only.toml,2f011c390781ef40fbc00fea5835229762b5b6200268a894922d87bb1fa7b0c5
small_exact,N11-R6,V2-A-N011-R006-X04,declared_source_order,Declared source order,2.5619465684142866,true,true,experiments/algorithmic_compression_v2/results/raw_runs/V2-A-N011-R006-X04/declared_source_order__mandatory_only.toml,fc2760c332007e400c6e590e0e200e5be200aec098e920f9b17fac3968bbcd93
small_exact,N11-R6,V2-A-N011-R006-X04,heaviest_safe_first,Heaviest safe first,2.3397282333558196,true,true,experiments/algorithmic_compression_v2/results/raw_runs/V2-A-N011-R006-X04/heaviest_safe_first__mandatory_only.toml,95ed02df8560d14ce92559a8d3321c89f25812b7751239ac08469dd06169a925
small_exact,N11-R6,V2-A-N011-R006-X04,jump_highs_tagged_cover,HiGHS MIP,8.897386422517318,true,true,experiments/algorithmic_compression_v2/results/raw_runs/V2-A-N011-R006-X04/jump_highs_tagged_cover__full_fixed_point.toml,1fcf0e93eac1fb17f62ce39c385f204cd42cd2cf5299469719689aa58be0430e
small_exact,N11-R6,V2-A-N011-R006-X04,lightest_safe_first,Lightest safe first,2.089941507635063,true,true,experiments/algorithmic_compression_v2/results/raw_runs/V2-A-N011-R006-X04/lightest_safe_first__mandatory_only.toml,abe6dfdbb66332e3e8cf819f1ef5b32e986cfcec991d3ca9b045f5646dcc8903
small_exact,N11-R6,V2-A-N011-R006-X04,maximum_immediate_burden_release,Maximum immediate release,1.819879872407233,true,true,experiments/algorithmic_compression_v2/results/raw_runs/V2-A-N011-R006-X04/maximum_immediate_burden_release__mandatory_only.toml,dfb0a4f6ca7f4dedfa7ff72e18bcae519481ccef6bf68aaa7e3cb3fc2e2379fc
small_exact,N11-R6,V2-A-N011-R006-X04,minimum_unique_carrier_exposure,Minimum unique-carrier exposure,1.905466109374312,true,true,experiments/algorithmic_compression_v2/results/raw_runs/V2-A-N011-R006-X04/minimum_unique_carrier_exposure__mandatory_only.toml,9a93db8be03c5bdf3f0662fca2a35e0d144150370f24c8f002dc1367a9f63795
small_exact,N11-R6,V2-A-N011-R006-X04,multistart_random_rechecked_deletion_32,32-start random deletion,2.015224044184406,true,true,experiments/algorithmic_compression_v2/results/raw_runs/V2-A-N011-R006-X04/multistart_random_rechecked_deletion_32__mandatory_only.toml,c62ce6aaaf78e9f8447ae402536c7589d63f8fe4576e18dc88b9f355042bdf46
small_exact,N11-R6,V2-A-N011-R006-X04,random_order_rechecked_deletion,Random-order deletion,2.031304482341958,true,true,experiments/algorithmic_compression_v2/results/raw_runs/V2-A-N011-R006-X04/random_order_rechecked_deletion__mandatory_only.toml,cf4e8cba4942491d795130dec448bd93fb7de73a722297f79c410a21d2b646f1
small_exact,N11-R6,V2-A-N011-R006-X04,requirement_mask_dp,Mask DP,1.0,true,true,experiments/algorithmic_compression_v2/results/raw_runs/V2-A-N011-R006-X04/requirement_mask_dp__mandatory_only.toml,be8091ce8f04cb1c75f04558455efe17964bbe6e11e22ab98abeeabc689a3b7a
small_exact,N11-R6,V2-A-N011-R006-X04,weighted_greedy,Weighted greedy,1.9086353191175367,true,true,experiments/algorithmic_compression_v2/results/raw_runs/V2-A-N011-R006-X04/weighted_greedy__mandatory_only.toml,c7919bdf4ad3e774e67f1a41dc2b9758104c41ccb221b322df00e9bea3b0fe9c
small_exact,N11-R6,V2-A-N011-R006-X04,weighted_greedy_reverse_delete,Weighted greedy + reverse deletion,1.7663765374902187,true,true,experiments/algorithmic_compression_v2/results/raw_runs/V2-A-N011-R006-X04/weighted_greedy_reverse_delete__mandatory_only.toml,22f987c4ef41900a55e3841b345e7abb63e87d68d187433a0db7b210fa20c376
small_exact,N15-R10,V2-A-N015-R010-X01,cardinality_greedy,Cardinality greedy,2.4483521511673882,true,true,experiments/algorithmic_compression_v2/results/raw_runs/V2-A-N015-R010-X01/cardinality_greedy__mandatory_only.toml,a9feed268af849d220d151fc3a541a897292399a246ed817b4b331df7a2f147e
small_exact,N15-R10,V2-A-N015-R010-X01,complete_enumeration,Enumeration,1.6837066154317848,true,true,experiments/algorithmic_compression_v2/results/raw_runs/V2-A-N015-R010-X01/complete_enumeration__mandatory_only.toml,86ac874f9b6fc5a8744c8db91998f2deb8a722a28dd1712142ed34d4f7030f77
small_exact,N15-R10,V2-A-N015-R010-X01,declared_source_order,Declared source order,2.2454956755486415,true,true,experiments/algorithmic_compression_v2/results/raw_runs/V2-A-N015-R010-X01/declared_source_order__mandatory_only.toml,2adc21a1c48df73b634498443fead6a8181fd167d4e60da820bccd4873d7ee2e
small_exact,N15-R10,V2-A-N015-R010-X01,heaviest_safe_first,Heaviest safe first,2.0260228101281843,true,true,experiments/algorithmic_compression_v2/results/raw_runs/V2-A-N015-R010-X01/heaviest_safe_first__mandatory_only.toml,ebb9488a1de8888f49b9e8589f6dc3cc6aed6455ae84e9ca12f5ec7e909b821b
small_exact,N15-R10,V2-A-N015-R010-X01,jump_highs_tagged_cover,HiGHS MIP,14.51957777111226,true,true,experiments/algorithmic_compression_v2/results/raw_runs/V2-A-N015-R010-X01/jump_highs_tagged_cover__full_fixed_point.toml,f59013a98b284e8392dcd9ff8aa243ed81a537a230f6b81c8f248ccd5d19883c
small_exact,N15-R10,V2-A-N015-R010-X01,lightest_safe_first,Lightest safe first,1.7574312845291684,true,true,experiments/algorithmic_compression_v2/results/raw_runs/V2-A-N015-R010-X01/lightest_safe_first__mandatory_only.toml,f9934d6deb154df9acefd20d9962627d166ec3922bf5c86d41ca5241a84aa6d0
small_exact,N15-R10,V2-A-N015-R010-X01,maximum_immediate_burden_release,Maximum immediate release,1.7068570909145229,true,true,experiments/algorithmic_compression_v2/results/raw_runs/V2-A-N015-R010-X01/maximum_immediate_burden_release__mandatory_only.toml,988c8ee2a34f5e25f784e68a45bc6e2a74b6fcb4249d9e3d0f69783c77dbd642
small_exact,N15-R10,V2-A-N015-R010-X01,minimum_unique_carrier_exposure,Minimum unique-carrier exposure,2.2907860817666403,true,true,experiments/algorithmic_compression_v2/results/raw_runs/V2-A-N015-R010-X01/minimum_unique_carrier_exposure__mandatory_only.toml,bb1372be62c44ffe0c4766efddc1b96bf6dce6a464eaba7781a55ade40483be4
small_exact,N15-R10,V2-A-N015-R010-X01,multistart_random_rechecked_deletion_32,32-start random deletion,1.610497654988995,true,true,experiments/algorithmic_compression_v2/results/raw_runs/V2-A-N015-R010-X01/multistart_random_rechecked_deletion_32__mandatory_only.toml,473d26964d4e43d31da3be34bab86c2830eed41a8564487dada2074a59413d63
small_exact,N15-R10,V2-A-N015-R010-X01,random_order_rechecked_deletion,Random-order deletion,1.3036613200532339,true,true,experiments/algorithmic_compression_v2/results/raw_runs/V2-A-N015-R010-X01/random_order_rechecked_deletion__mandatory_only.toml,117039ad4fa2fe29dc1f0e081941553f3eaeaf7fba2e3400acf8866ace85f061
small_exact,N15-R10,V2-A-N015-R010-X01,requirement_mask_dp,Mask DP,1.0,true,true,experiments/algorithmic_compression_v2/results/raw_runs/V2-A-N015-R010-X01/requirement_mask_dp__mandatory_only.toml,bac16aecbfe49181b2ffcc7c11461feb8888f4d2502c2876a9b2d2aff63984c1
small_exact,N15-R10,V2-A-N015-R010-X01,weighted_greedy,Weighted greedy,1.8995973222600882,true,true,experiments/algorithmic_compression_v2/results/raw_runs/V2-A-N015-R010-X01/weighted_greedy__mandatory_only.toml,0fa17028549c36c005768398965dbab53ede12472ea6dc9bc34ad0b97bd217f4
small_exact,N15-R10,V2-A-N015-R010-X01,weighted_greedy_reverse_delete,Weighted greedy + reverse deletion,1.1671885521106362,true,true,experiments/algorithmic_compression_v2/results/raw_runs/V2-A-N015-R010-X01/weighted_greedy_reverse_delete__mandatory_only.toml,d527db64f213fe3d9499a678e1b285e6140e55efa4624bd098e8bd336734de34
small_exact,N15-R10,V2-A-N015-R010-X02,cardinality_greedy,Cardinality greedy,2.1604825626118815,true,true,experiments/algorithmic_compression_v2/results/raw_runs/V2-A-N015-R010-X02/cardinality_greedy__mandatory_only.toml,1798556fb719f8e0badfe5618c4caa05191fec44c08beceabd86adc012dd5125
small_exact,N15-R10,V2-A-N015-R010-X02,complete_enumeration,Enumeration,1.1079513267656058,true,true,experiments/algorithmic_compression_v2/results/raw_runs/V2-A-N015-R010-X02/complete_enumeration__mandatory_only.toml,000497d065ef6ceca49938290ee0c9dd428b2a693ffa01b0cd9a2ac4137fe1ac
small_exact,N15-R10,V2-A-N015-R010-X02,declared_source_order,Declared source order,1.7432914834420896,true,true,experiments/algorithmic_compression_v2/results/raw_runs/V2-A-N015-R010-X02/declared_source_order__mandatory_only.toml,9f8f01647e1a1835b2c30b58c159bb2e30afccae74b5fbcea7f4cddbaf9bcbd1
small_exact,N15-R10,V2-A-N015-R010-X02,heaviest_safe_first,Heaviest safe first,1.8876857316082463,true,true,experiments/algorithmic_compression_v2/results/raw_runs/V2-A-N015-R010-X02/heaviest_safe_first__mandatory_only.toml,1b7b4c9bf2a929f40e334ddb56e917b8988520f4d6467de9b054d6ff54e1d435
small_exact,N15-R10,V2-A-N015-R010-X02,jump_highs_tagged_cover,HiGHS MIP,8.629431838061027,true,true,experiments/algorithmic_compression_v2/results/raw_runs/V2-A-N015-R010-X02/jump_highs_tagged_cover__full_fixed_point.toml,ddb366e2b81fa82af52e5c7f5b1fc7ab7ae9b8ee33a33d34d52b1e77c5b186a0
small_exact,N15-R10,V2-A-N015-R010-X02,lightest_safe_first,Lightest safe first,1.6563642524557085,true,true,experiments/algorithmic_compression_v2/results/raw_runs/V2-A-N015-R010-X02/lightest_safe_first__mandatory_only.toml,74556f476bc59581b0b4fb2a6b58e645ba2538eee7ed55c5fbe6c225fe332adf
small_exact,N15-R10,V2-A-N015-R010-X02,maximum_immediate_burden_release,Maximum immediate release,2.247619080598045,true,true,experiments/algorithmic_compression_v2/results/raw_runs/V2-A-N015-R010-X02/maximum_immediate_burden_release__mandatory_only.toml,141be5c1b2d35ae9b015fda6e75871324a2e9a1da8ae96e1a7f0ebedcbc762f0
small_exact,N15-R10,V2-A-N015-R010-X02,minimum_unique_carrier_exposure,Minimum unique-carrier exposure,1.0,true,true,experiments/algorithmic_compression_v2/results/raw_runs/V2-A-N015-R010-X02/minimum_unique_carrier_exposure__mandatory_only.toml,4ace47b55e7fd4fe8ca749e12f67c6a51138c2c1571fd26c21b8f8b57a4cbf2a
small_exact,N15-R10,V2-A-N015-R010-X02,multistart_random_rechecked_deletion_32,32-start random deletion,1.5575878339679792,true,true,experiments/algorithmic_compression_v2/results/raw_runs/V2-A-N015-R010-X02/multistart_random_rechecked_deletion_32__mandatory_only.toml,e0e417705ba18d1f375c04e3f5ecaa48be986242c2aac9bc0c6d7f1aaf8d3e4d
small_exact,N15-R10,V2-A-N015-R010-X02,random_order_rechecked_deletion,Random-order deletion,1.8816874474290246,true,true,experiments/algorithmic_compression_v2/results/raw_runs/V2-A-N015-R010-X02/random_order_rechecked_deletion__mandatory_only.toml,98afe46e2b403f3c146506921ceed4903a727a91fa0e28b777d0e13fa3749603
small_exact,N15-R10,V2-A-N015-R010-X02,requirement_mask_dp,Mask DP,1.549377375129705,true,true,experiments/algorithmic_compression_v2/results/raw_runs/V2-A-N015-R010-X02/requirement_mask_dp__mandatory_only.toml,61cf5f91b38aa76a2f29e0a8844f0b74f62911b99651de881354422071a84778
small_exact,N15-R10,V2-A-N015-R010-X02,weighted_greedy,Weighted greedy,1.77806181747597,true,true,experiments/algorithmic_compression_v2/results/raw_runs/V2-A-N015-R010-X02/weighted_greedy__mandatory_only.toml,4d051e992285845b24be1fb82a4eb8c00f87b597ac263a04bc869696d32d984d
small_exact,N15-R10,V2-A-N015-R010-X02,weighted_greedy_reverse_delete,Weighted greedy + reverse deletion,1.179396531933198,true,true,experiments/algorithmic_compression_v2/results/raw_runs/V2-A-N015-R010-X02/weighted_greedy_reverse_delete__mandatory_only.toml,c65740b7451a79b5d60c91cc3f0319a872c33e05c25203524c5f29103e1a03a6
small_exact,N15-R10,V2-A-N015-R010-X03,cardinality_greedy,Cardinality greedy,1.7961851462990592,true,true,experiments/algorithmic_compression_v2/results/raw_runs/V2-A-N015-R010-X03/cardinality_greedy__mandatory_only.toml,e01c9b324e4b3346a6c90f7eacf9f28a51eb6cc7637418a33e8006b20bb6038c
small_exact,N15-R10,V2-A-N015-R010-X03,complete_enumeration,Enumeration,1.3039786955241752,true,true,experiments/algorithmic_compression_v2/results/raw_runs/V2-A-N015-R010-X03/complete_enumeration__mandatory_only.toml,df9125bcdfad558f0e6ffb5b112c25c52cd33fb8ca5d84a7707f825709929edc
small_exact,N15-R10,V2-A-N015-R010-X03,declared_source_order,Declared source order,2.1754629922757105,true,true,experiments/algorithmic_compression_v2/results/raw_runs/V2-A-N015-R010-X03/declared_source_order__mandatory_only.toml,de3a376fc2a700977036c94bd93174dca7f912dee121621f292c6fa639f2549b
small_exact,N15-R10,V2-A-N015-R010-X03,heaviest_safe_first,Heaviest safe first,1.2000998601701813,true,true,experiments/algorithmic_compression_v2/results/raw_runs/V2-A-N015-R010-X03/heaviest_safe_first__mandatory_only.toml,84174671a94289e4ed4220a3173840a83c672b0d8bd19f1ed65a30cd03305daa
small_exact,N15-R10,V2-A-N015-R010-X03,jump_highs_tagged_cover,HiGHS MIP,11.227408744939822,true,true,experiments/algorithmic_compression_v2/results/raw_runs/V2-A-N015-R010-X03/jump_highs_tagged_cover__full_fixed_point.toml,07620ceb7eb9163d8d3e8a22c8353a96a2294b126e0449b7fb4488ec0e77480a
small_exact,N15-R10,V2-A-N015-R010-X03,lightest_safe_first,Lightest safe first,1.8478736624335677,true,true,experiments/algorithmic_compression_v2/results/raw_runs/V2-A-N015-R010-X03/lightest_safe_first__mandatory_only.toml,5cc3b2e4f754149aca2f87992481074545ce712acdd766db0257fe115f9a4d70
small_exact,N15-R10,V2-A-N015-R010-X03,maximum_immediate_burden_release,Maximum immediate release,2.4446876952643897,true,true,experiments/algorithmic_compression_v2/results/raw_runs/V2-A-N015-R010-X03/maximum_immediate_burden_release__mandatory_only.toml,e83c32cf73848f44d95e12bf321cf4bcb3d80b8257e462b85cb5a3426eab3818
small_exact,N15-R10,V2-A-N015-R010-X03,minimum_unique_carrier_exposure,Minimum unique-carrier exposure,1.9633875664598521,true,true,experiments/algorithmic_compression_v2/results/raw_runs/V2-A-N015-R010-X03/minimum_unique_carrier_exposure__mandatory_only.toml,d64150a8886a97cb4fd2323321c5fe5963b181483c0f803de24b76a9a5fa8e9d
small_exact,N15-R10,V2-A-N015-R010-X03,multistart_random_rechecked_deletion_32,32-start random deletion,1.785748529716446,true,true,experiments/algorithmic_compression_v2/results/raw_runs/V2-A-N015-R010-X03/multistart_random_rechecked_deletion_32__mandatory_only.toml,cec10c915634f9e304717fd802974edc069359b8a0a06ef7fe0bb0e65b9809e0
small_exact,N15-R10,V2-A-N015-R010-X03,random_order_rechecked_deletion,Random-order deletion,1.128890358077507,true,true,experiments/algorithmic_compression_v2/results/raw_runs/V2-A-N015-R010-X03/random_order_rechecked_deletion__mandatory_only.toml,86bbf828cd0b4653c394518741c0e82b3d4b0e064eec7ab51a78e90f1a4a4290
small_exact,N15-R10,V2-A-N015-R010-X03,requirement_mask_dp,Mask DP,2.0100842221944024,true,true,experiments/algorithmic_compression_v2/results/raw_runs/V2-A-N015-R010-X03/requirement_mask_dp__mandatory_only.toml,245926e2ab628698bf4b8ebd258b96df9707f6bb34d35df7628bfef24d6e4b5e
small_exact,N15-R10,V2-A-N015-R010-X03,weighted_greedy,Weighted greedy,1.0,true,true,experiments/algorithmic_compression_v2/results/raw_runs/V2-A-N015-R010-X03/weighted_greedy__mandatory_only.toml,c674ab8f14e4fa00c54bb7b3a9c7046c2396f8d09f64e0ee905e2def9bc5dc01
small_exact,N15-R10,V2-A-N015-R010-X03,weighted_greedy_reverse_delete,Weighted greedy + reverse deletion,1.277911702142709,true,true,experiments/algorithmic_compression_v2/results/raw_runs/V2-A-N015-R010-X03/weighted_greedy_reverse_delete__mandatory_only.toml,6d9ca2e88d1a8b4b07cae5c5700d08d09b4eed1065d57112b938d8f8f5662bb8
small_exact,N15-R10,V2-A-N015-R010-X04,cardinality_greedy,Cardinality greedy,2.080863402334346,true,true,experiments/algorithmic_compression_v2/results/raw_runs/V2-A-N015-R010-X04/cardinality_greedy__mandatory_only.toml,0b43b98b4397acfd6e6848f12377d591187990830fe7c3f7d8a5f5740c343bad
small_exact,N15-R10,V2-A-N015-R010-X04,complete_enumeration,Enumeration,3.137595600567423,true,true,experiments/algorithmic_compression_v2/results/raw_runs/V2-A-N015-R010-X04/complete_enumeration__mandatory_only.toml,831c3217acc8c6ae7edbba681710e4ab2826d72ca9364300666b504a065cfa98
small_exact,N15-R10,V2-A-N015-R010-X04,declared_source_order,Declared source order,5.77726351338503,true,true,experiments/algorithmic_compression_v2/results/raw_runs/V2-A-N015-R010-X04/declared_source_order__mandatory_only.toml,1da02fed115bf4d523a273c229df8b30505b7bed79b6e965f4d33d433b3d8a3a
small_exact,N15-R10,V2-A-N015-R010-X04,heaviest_safe_first,Heaviest safe first,5.523467568256238,true,true,experiments/algorithmic_compression_v2/results/raw_runs/V2-A-N015-R010-X04/heaviest_safe_first__mandatory_only.toml,64f30a55f53a88586edf938e901ad7eb636294e1cd602eee97eece836fa5ef6f
small_exact,N15-R10,V2-A-N015-R010-X04,jump_highs_tagged_cover,HiGHS MIP,24.872605849937056,true,true,experiments/algorithmic_compression_v2/results/raw_runs/V2-A-N015-R010-X04/jump_highs_tagged_cover__full_fixed_point.toml,86d2bb5a19248f5abd46e3e762ff5c8a9b7e03e22884ee4d735b6db0cbb43204
small_exact,N15-R10,V2-A-N015-R010-X04,lightest_safe_first,Lightest safe first,4.806903652882943,true,true,experiments/algorithmic_compression_v2/results/raw_runs/V2-A-N015-R010-X04/lightest_safe_first__mandatory_only.toml,6633a815f9bb77758a96f84d1e6848b10709e052fd771fb4d993eec028253f8f
small_exact,N15-R10,V2-A-N015-R010-X04,maximum_immediate_burden_release,Maximum immediate release,1.0,true,true,experiments/algorithmic_compression_v2/results/raw_runs/V2-A-N015-R010-X04/maximum_immediate_burden_release__mandatory_only.toml,92b98a661028c62eeadced4bd9f884f64bb3e5ed90fa6d8c6f413329b4df9d9e
small_exact,N15-R10,V2-A-N015-R010-X04,minimum_unique_carrier_exposure,Minimum unique-carrier exposure,2.229482940409138,true,true,experiments/algorithmic_compression_v2/results/raw_runs/V2-A-N015-R010-X04/minimum_unique_carrier_exposure__mandatory_only.toml,c1208c9febcd4fdad35c90472cc313a3f5ccab061324041542fda894971ecb36
small_exact,N15-R10,V2-A-N015-R010-X04,multistart_random_rechecked_deletion_32,32-start random deletion,6.5317575778780945,true,true,experiments/algorithmic_compression_v2/results/raw_runs/V2-A-N015-R010-X04/multistart_random_rechecked_deletion_32__mandatory_only.toml,5f1a9c1cbab5fb75d330880dd142623f459d4eec66636b760d085d0260aea24b
small_exact,N15-R10,V2-A-N015-R010-X04,random_order_rechecked_deletion,Random-order deletion,8.68312321377637,true,true,experiments/algorithmic_compression_v2/results/raw_runs/V2-A-N015-R010-X04/random_order_rechecked_deletion__mandatory_only.toml,b3a19b31bae67c6bef01af486eac8205d2e515631ff6089e717a21ee9bc022c5
small_exact,N15-R10,V2-A-N015-R010-X04,requirement_mask_dp,Mask DP,4.341047554793244,true,true,experiments/algorithmic_compression_v2/results/raw_runs/V2-A-N015-R010-X04/requirement_mask_dp__mandatory_only.toml,7ca157d4d8d30c8d153813d587e6a127bc3c5bb38857b55a93884e036658bed2
small_exact,N15-R10,V2-A-N015-R010-X04,weighted_greedy,Weighted greedy,5.2801474083736775,true,true,experiments/algorithmic_compression_v2/results/raw_runs/V2-A-N015-R010-X04/weighted_greedy__mandatory_only.toml,a4cee9b172cae032fce28eb5b3ccce64a4485309a00442d5a6924fa6be478a41
small_exact,N15-R10,V2-A-N015-R010-X04,weighted_greedy_reverse_delete,Weighted greedy + reverse deletion,1.4990990442795586,true,true,experiments/algorithmic_compression_v2/results/raw_runs/V2-A-N015-R010-X04/weighted_greedy_reverse_delete__mandatory_only.toml,88b836027505b3a31e311a826ed0d540ef408887292cae8c3b9c93fc7fbb778d
small_exact,N15-R6,V2-A-N015-R006-X01,cardinality_greedy,Cardinality greedy,1.4277050567503975,true,true,experiments/algorithmic_compression_v2/results/raw_runs/V2-A-N015-R006-X01/cardinality_greedy__mandatory_only.toml,a679e50a97b792a9bd64f1304b236b33ffe5feb7e576da66c9937d1001babba6
small_exact,N15-R6,V2-A-N015-R006-X01,complete_enumeration,Enumeration,1.331596663837548,true,true,experiments/algorithmic_compression_v2/results/raw_runs/V2-A-N015-R006-X01/complete_enumeration__mandatory_only.toml,6ccc079ef90950c1645f6519a2835e5522e8a72a4431e000da3279ae6aa85a2b
small_exact,N15-R6,V2-A-N015-R006-X01,declared_source_order,Declared source order,1.0,true,true,experiments/algorithmic_compression_v2/results/raw_runs/V2-A-N015-R006-X01/declared_source_order__mandatory_only.toml,08ec2bc46ffa9f54948eef111855e53b5a822039eef735c79890d478ccc1d15f
small_exact,N15-R6,V2-A-N015-R006-X01,heaviest_safe_first,Heaviest safe first,2.279081572302871,true,true,experiments/algorithmic_compression_v2/results/raw_runs/V2-A-N015-R006-X01/heaviest_safe_first__mandatory_only.toml,adbcb8ca7e9cd26bda84747b1e205bfd54b4d61d9523449c2523ce3925e7ccee
small_exact,N15-R6,V2-A-N015-R006-X01,jump_highs_tagged_cover,HiGHS MIP,11.181553371643,true,true,experiments/algorithmic_compression_v2/results/raw_runs/V2-A-N015-R006-X01/jump_highs_tagged_cover__full_fixed_point.toml,e2a8cff08009035f83c0b0aaf14018fa6fe7b9c72d8235c08117f6200c6ae900
small_exact,N15-R6,V2-A-N015-R006-X01,lightest_safe_first,Lightest safe first,1.4347231118761394,true,true,experiments/algorithmic_compression_v2/results/raw_runs/V2-A-N015-R006-X01/lightest_safe_first__mandatory_only.toml,817dca450b361c604cd9dd1307daaffacecdfa9ce7f5ff60c7757239ea053a09
small_exact,N15-R6,V2-A-N015-R006-X01,maximum_immediate_burden_release,Maximum immediate release,1.4183481599623036,true,true,experiments/algorithmic_compression_v2/results/raw_runs/V2-A-N015-R006-X01/maximum_immediate_burden_release__mandatory_only.toml,9b6c81b92d20f94b833e7ad417b322e2e5b058b2f0405801c57d83f2a58696fa
small_exact,N15-R6,V2-A-N015-R006-X01,minimum_unique_carrier_exposure,Minimum unique-carrier exposure,1.8682506918448032,true,true,experiments/algorithmic_compression_v2/results/raw_runs/V2-A-N015-R006-X01/minimum_unique_carrier_exposure__mandatory_only.toml,548c9be474ee0a33bdd0c6c0bd9ef6960c2c70e8e3eebd9a4d1bfaf0acc7fd4c
small_exact,N15-R6,V2-A-N015-R006-X01,multistart_random_rechecked_deletion_32,32-start random deletion,2.087445831427295,true,true,experiments/algorithmic_compression_v2/results/raw_runs/V2-A-N015-R006-X01/multistart_random_rechecked_deletion_32__mandatory_only.toml,4a50e509438e4b87eb7cc583b7509ba7910cd86ddbbfc07c46941f50d90c0130
small_exact,N15-R6,V2-A-N015-R006-X01,random_order_rechecked_deletion,Random-order deletion,1.9253065718701183,true,true,experiments/algorithmic_compression_v2/results/raw_runs/V2-A-N015-R006-X01/random_order_rechecked_deletion__mandatory_only.toml,624fe8801dcd7e4177099e92458b9520c33d5d865e8c943c04a8c134102c9905
small_exact,N15-R6,V2-A-N015-R006-X01,requirement_mask_dp,Mask DP,1.1571807067220865,true,true,experiments/algorithmic_compression_v2/results/raw_runs/V2-A-N015-R006-X01/requirement_mask_dp__mandatory_only.toml,69a60401d1fcfdadf42e40e3da1c550d56d1166a73cfd7f8af2278a529ab8346
small_exact,N15-R6,V2-A-N015-R006-X01,weighted_greedy,Weighted greedy,1.3882844027959054,true,true,experiments/algorithmic_compression_v2/results/raw_runs/V2-A-N015-R006-X01/weighted_greedy__mandatory_only.toml,20e4081c0cc508853aed881eeece378b98e8ff40ea0b8ffd85ffc0180b193195
small_exact,N15-R6,V2-A-N015-R006-X01,weighted_greedy_reverse_delete,Weighted greedy + reverse deletion,1.3481374887939874,true,true,experiments/algorithmic_compression_v2/results/raw_runs/V2-A-N015-R006-X01/weighted_greedy_reverse_delete__mandatory_only.toml,766e95e8d294cd46712a6482dde2e3a73fef71ab7f5b0b096bdf11efdfb55d69
small_exact,N15-R6,V2-A-N015-R006-X02,cardinality_greedy,Cardinality greedy,1.3342222527348397,true,true,experiments/algorithmic_compression_v2/results/raw_runs/V2-A-N015-R006-X02/cardinality_greedy__mandatory_only.toml,16eb521ee597862f974b0b9c34db3ab0375e88012aa7af28382e474cbce82d18
small_exact,N15-R6,V2-A-N015-R006-X02,complete_enumeration,Enumeration,1.4271763798216766,true,true,experiments/algorithmic_compression_v2/results/raw_runs/V2-A-N015-R006-X02/complete_enumeration__mandatory_only.toml,30b6ccab138dea3bc18d50fa6162ffb213552f2140e3faa9008137c73f1bf5f0
small_exact,N15-R6,V2-A-N015-R006-X02,declared_source_order,Declared source order,1.7805846676524841,true,true,experiments/algorithmic_compression_v2/results/raw_runs/V2-A-N015-R006-X02/declared_source_order__mandatory_only.toml,13a9d56ad73283e3d2b4a73a69a04873d0d110fca92c39140a01a082b3f64135
small_exact,N15-R6,V2-A-N015-R006-X02,heaviest_safe_first,Heaviest safe first,2.0652093762234465,true,true,experiments/algorithmic_compression_v2/results/raw_runs/V2-A-N015-R006-X02/heaviest_safe_first__mandatory_only.toml,5f73c2b46cd0e74cc595ad1451547cf52f428b4e0a46650c8011f3179c7b1b60
small_exact,N15-R6,V2-A-N015-R006-X02,jump_highs_tagged_cover,HiGHS MIP,10.426407156559833,true,true,experiments/algorithmic_compression_v2/results/raw_runs/V2-A-N015-R006-X02/jump_highs_tagged_cover__full_fixed_point.toml,5003e4d0e4e6e02c04fe953a31ee418dead1edca8d1379c21e794e2bf9e80a38
small_exact,N15-R6,V2-A-N015-R006-X02,lightest_safe_first,Lightest safe first,2.1139378251250918,true,true,experiments/algorithmic_compression_v2/results/raw_runs/V2-A-N015-R006-X02/lightest_safe_first__mandatory_only.toml,db26b99adddbe55226d11be261e5de3180479c3ebaf9705393f9e01d48e5146b
small_exact,N15-R6,V2-A-N015-R006-X02,maximum_immediate_burden_release,Maximum immediate release,1.0,true,true,experiments/algorithmic_compression_v2/results/raw_runs/V2-A-N015-R006-X02/maximum_immediate_burden_release__mandatory_only.toml,f0378c668df79d1fbef0737392e73ddcd13c068f8db3afb912ad6eb76b6e87b3
small_exact,N15-R6,V2-A-N015-R006-X02,minimum_unique_carrier_exposure,Minimum unique-carrier exposure,1.8809613652415933,true,true,experiments/algorithmic_compression_v2/results/raw_runs/V2-A-N015-R006-X02/minimum_unique_carrier_exposure__mandatory_only.toml,4915ec3daa4d049f9acc83da3e1cc153ddb494e062523ac741b9448b25b4dd4c
small_exact,N15-R6,V2-A-N015-R006-X02,multistart_random_rechecked_deletion_32,32-start random deletion,2.677994124189044,true,true,experiments/algorithmic_compression_v2/results/raw_runs/V2-A-N015-R006-X02/multistart_random_rechecked_deletion_32__mandatory_only.toml,3095a48fcbd7577d36650d194086f1d53022ef4583ee0a4aac9148c0ac781e31
small_exact,N15-R6,V2-A-N015-R006-X02,random_order_rechecked_deletion,Random-order deletion,2.9973260033762057,true,true,experiments/algorithmic_compression_v2/results/raw_runs/V2-A-N015-R006-X02/random_order_rechecked_deletion__mandatory_only.toml,c178a5afcdafd55b94b1ae855e408533a439702a170f38d490c34b2d796bb2e8
small_exact,N15-R6,V2-A-N015-R006-X02,requirement_mask_dp,Mask DP,2.1312636250430264,true,true,experiments/algorithmic_compression_v2/results/raw_runs/V2-A-N015-R006-X02/requirement_mask_dp__mandatory_only.toml,8be94c753fa40cb183344e7bf9d798797940a43e886387b4a5760d9dc68cd07a
small_exact,N15-R6,V2-A-N015-R006-X02,weighted_greedy,Weighted greedy,2.2975469291905863,true,true,experiments/algorithmic_compression_v2/results/raw_runs/V2-A-N015-R006-X02/weighted_greedy__mandatory_only.toml,b0faf8a436398f43e7e18f1ef81b3c8ca39fe7d3d01ee4f923b71cc12a3d038c
small_exact,N15-R6,V2-A-N015-R006-X02,weighted_greedy_reverse_delete,Weighted greedy + reverse deletion,1.5011458387402195,true,true,experiments/algorithmic_compression_v2/results/raw_runs/V2-A-N015-R006-X02/weighted_greedy_reverse_delete__mandatory_only.toml,22b8b13e8f3a720f037d0afa26c4e8dcbd92d4da69d458b852a65b2d22aa902e
small_exact,N15-R6,V2-A-N015-R006-X03,cardinality_greedy,Cardinality greedy,1.1304789794546701,true,true,experiments/algorithmic_compression_v2/results/raw_runs/V2-A-N015-R006-X03/cardinality_greedy__mandatory_only.toml,604dad357a44ad642068bf04c4b2a893110501d14a87c2b577950ec7223b333b
small_exact,N15-R6,V2-A-N015-R006-X03,complete_enumeration,Enumeration,1.0,true,true,experiments/algorithmic_compression_v2/results/raw_runs/V2-A-N015-R006-X03/complete_enumeration__mandatory_only.toml,2ac3de0897647f73cc35451780fef61119345578dc91e53aaaeb35075cc2be12
small_exact,N15-R6,V2-A-N015-R006-X03,declared_source_order,Declared source order,1.9207798608782043,true,true,experiments/algorithmic_compression_v2/results/raw_runs/V2-A-N015-R006-X03/declared_source_order__mandatory_only.toml,0a67fb46157f3056982f18fbae5df4228382072db2a8ae30123f0b1fe1583710
small_exact,N15-R6,V2-A-N015-R006-X03,heaviest_safe_first,Heaviest safe first,1.7393437891174486,true,true,experiments/algorithmic_compression_v2/results/raw_runs/V2-A-N015-R006-X03/heaviest_safe_first__mandatory_only.toml,a92374a0c044b31c3541f0099fafceb47dc41db6c77b15744f3c0a82db65231f
small_exact,N15-R6,V2-A-N015-R006-X03,jump_highs_tagged_cover,HiGHS MIP,9.59661188403599,true,true,experiments/algorithmic_compression_v2/results/raw_runs/V2-A-N015-R006-X03/jump_highs_tagged_cover__full_fixed_point.toml,e3a24f1269fe43b5132e04bd64f1c5c4b88d06d58f26ffffe5c2f0dbd00fa228
small_exact,N15-R6,V2-A-N015-R006-X03,lightest_safe_first,Lightest safe first,1.0338721771933634,true,true,experiments/algorithmic_compression_v2/results/raw_runs/V2-A-N015-R006-X03/lightest_safe_first__mandatory_only.toml,0359a3759cb16922e15b6582e6bb5e394fc02ad4cc83abdb7b0ee82812c529f8
small_exact,N15-R6,V2-A-N015-R006-X03,maximum_immediate_burden_release,Maximum immediate release,1.0341228230986799,true,true,experiments/algorithmic_compression_v2/results/raw_runs/V2-A-N015-R006-X03/maximum_immediate_burden_release__mandatory_only.toml,41ae5e2cbbef97984debab994714fdc073e9f86eae591b3702075a7c0844542e
small_exact,N15-R6,V2-A-N015-R006-X03,minimum_unique_carrier_exposure,Minimum unique-carrier exposure,1.0817790330655446,true,true,experiments/algorithmic_compression_v2/results/raw_runs/V2-A-N015-R006-X03/minimum_unique_carrier_exposure__mandatory_only.toml,e4e09baaa89888f92f6e1d84e819dc00f38b13dd07208e4d1bf6a1ae9749a928
small_exact,N15-R6,V2-A-N015-R006-X03,multistart_random_rechecked_deletion_32,32-start random deletion,1.08860426122609,true,true,experiments/algorithmic_compression_v2/results/raw_runs/V2-A-N015-R006-X03/multistart_random_rechecked_deletion_32__mandatory_only.toml,2ab0b8166f546d331850394490ae6777d254bbc3c53db918bb948eea83f60250
small_exact,N15-R6,V2-A-N015-R006-X03,random_order_rechecked_deletion,Random-order deletion,2.274986555762683,true,true,experiments/algorithmic_compression_v2/results/raw_runs/V2-A-N015-R006-X03/random_order_rechecked_deletion__mandatory_only.toml,a8e5ce05d648146e5225824f453d3022a8e8d73bf7853ed70de660a6a5576965
small_exact,N15-R6,V2-A-N015-R006-X03,requirement_mask_dp,Mask DP,2.2760934840199627,true,true,experiments/algorithmic_compression_v2/results/raw_runs/V2-A-N015-R006-X03/requirement_mask_dp__mandatory_only.toml,017d8e97086a3b582ab325538c25b4ce3b9f1e98666eebec82db3810ef5aa796
small_exact,N15-R6,V2-A-N015-R006-X03,weighted_greedy,Weighted greedy,1.6951323796996862,true,true,experiments/algorithmic_compression_v2/results/raw_runs/V2-A-N015-R006-X03/weighted_greedy__mandatory_only.toml,fa1bf04621a2ce340c17d2b63657239000f0ea5296e267b628648bcd314b1638
small_exact,N15-R6,V2-A-N015-R006-X03,weighted_greedy_reverse_delete,Weighted greedy + reverse deletion,1.0637062365000607,true,true,experiments/algorithmic_compression_v2/results/raw_runs/V2-A-N015-R006-X03/weighted_greedy_reverse_delete__mandatory_only.toml,ab22248222aca305fd0a265718e77537a4d7d9f780e419d965e62243a4f946ee
small_exact,N15-R6,V2-A-N015-R006-X04,cardinality_greedy,Cardinality greedy,2.0752555924303913,true,true,experiments/algorithmic_compression_v2/results/raw_runs/V2-A-N015-R006-X04/cardinality_greedy__mandatory_only.toml,a0c60f8ae847dee55748ab88d91f799518fb029b7c89c88f52d2952939b1e656
small_exact,N15-R6,V2-A-N015-R006-X04,complete_enumeration,Enumeration,1.6977622216609278,true,true,experiments/algorithmic_compression_v2/results/raw_runs/V2-A-N015-R006-X04/complete_enumeration__mandatory_only.toml,78d877bdd19f3376dfdb503964c59281ca72d2933af073fdb2234b1792fe9612
small_exact,N15-R6,V2-A-N015-R006-X04,declared_source_order,Declared source order,2.1200651119360403,true,true,experiments/algorithmic_compression_v2/results/raw_runs/V2-A-N015-R006-X04/declared_source_order__mandatory_only.toml,dd03517bcb96a02fb44115ee0face1ce40dd67a3c4d805c7d23b437879097656
small_exact,N15-R6,V2-A-N015-R006-X04,heaviest_safe_first,Heaviest safe first,2.1816912997861695,true,true,experiments/algorithmic_compression_v2/results/raw_runs/V2-A-N015-R006-X04/heaviest_safe_first__mandatory_only.toml,24e5f57dc27aaec01701b6aa54a185c35245c8ab268f9d81f909c889d121831f
small_exact,N15-R6,V2-A-N015-R006-X04,jump_highs_tagged_cover,HiGHS MIP,8.820193266857096,true,true,experiments/algorithmic_compression_v2/results/raw_runs/V2-A-N015-R006-X04/jump_highs_tagged_cover__full_fixed_point.toml,7ee1995f1ab519243823b6a70387d402111f1f80d700971db8eb3ee30c9ba6f6
small_exact,N15-R6,V2-A-N015-R006-X04,lightest_safe_first,Lightest safe first,2.2904465694216616,true,true,experiments/algorithmic_compression_v2/results/raw_runs/V2-A-N015-R006-X04/lightest_safe_first__mandatory_only.toml,f37aa2bac91320100a296cf99837c4bd835b213c540da88e05d0577682e6f00a
small_exact,N15-R6,V2-A-N015-R006-X04,maximum_immediate_burden_release,Maximum immediate release,2.0090662346248203,true,true,experiments/algorithmic_compression_v2/results/raw_runs/V2-A-N015-R006-X04/maximum_immediate_burden_release__mandatory_only.toml,27524b958242d45a28c9e87356b2c2b589d3823352deefc15fe849e275e20a22
small_exact,N15-R6,V2-A-N015-R006-X04,minimum_unique_carrier_exposure,Minimum unique-carrier exposure,1.0,true,true,experiments/algorithmic_compression_v2/results/raw_runs/V2-A-N015-R006-X04/minimum_unique_carrier_exposure__mandatory_only.toml,750a6eb8393e9852a8ca80e7705862f1a32a030d0043876c9a020d8a058f8bcf
small_exact,N15-R6,V2-A-N015-R006-X04,multistart_random_rechecked_deletion_32,32-start random deletion,2.242078108142228,true,true,experiments/algorithmic_compression_v2/results/raw_runs/V2-A-N015-R006-X04/multistart_random_rechecked_deletion_32__mandatory_only.toml,1324fd71ae708d1ddf1058c9d0d9ef4f4824b6d677d18c5062d4f3cd14a61cf8
small_exact,N15-R6,V2-A-N015-R006-X04,random_order_rechecked_deletion,Random-order deletion,1.5465795889859921,true,true,experiments/algorithmic_compression_v2/results/raw_runs/V2-A-N015-R006-X04/random_order_rechecked_deletion__mandatory_only.toml,3e52e31317181f8d44275ced54f7a7dd42fc5ee11de5fed53b1b81343ea52723
small_exact,N15-R6,V2-A-N015-R006-X04,requirement_mask_dp,Mask DP,1.4959828228968388,true,true,experiments/algorithmic_compression_v2/results/raw_runs/V2-A-N015-R006-X04/requirement_mask_dp__mandatory_only.toml,4706f4f10feb0a3ceb651e058c504c438ecf30e5a23b988339185902442c7a8e
small_exact,N15-R6,V2-A-N015-R006-X04,weighted_greedy,Weighted greedy,1.929782406630123,true,true,experiments/algorithmic_compression_v2/results/raw_runs/V2-A-N015-R006-X04/weighted_greedy__mandatory_only.toml,e28833381275c33bf3147915896d5dab8352f4e6b65750040b05d969484a4d1f
small_exact,N15-R6,V2-A-N015-R006-X04,weighted_greedy_reverse_delete,Weighted greedy + reverse deletion,1.680449337366544,true,true,experiments/algorithmic_compression_v2/results/raw_runs/V2-A-N015-R006-X04/weighted_greedy_reverse_delete__mandatory_only.toml,ba766566718e7c7e9c521d112460fe96da22c56e721fbb2851883e0df2e6965a
small_exact,N7-R10,V2-A-N007-R010-X01,cardinality_greedy,Cardinality greedy,2.6611280165145494,true,true,experiments/algorithmic_compression_v2/results/raw_runs/V2-A-N007-R010-X01/cardinality_greedy__mandatory_only.toml,68141fa5746369e4b3e3aa3f60ef692cf80b7703768b9eac9b086c75ff568855
small_exact,N7-R10,V2-A-N007-R010-X01,complete_enumeration,Enumeration,2.903394038225289,true,true,experiments/algorithmic_compression_v2/results/raw_runs/V2-A-N007-R010-X01/complete_enumeration__mandatory_only.toml,b205be7406dc981bdaf7822c03b6c53892c996ce6bb57f01cf4e9c19fc7bb921
small_exact,N7-R10,V2-A-N007-R010-X01,declared_source_order,Declared source order,1.5027406427783594,true,true,experiments/algorithmic_compression_v2/results/raw_runs/V2-A-N007-R010-X01/declared_source_order__mandatory_only.toml,85ba5b527e069bf48608d2d72bcf96757f906db7b0ac6cfdc6a38a1549ed65cf
small_exact,N7-R10,V2-A-N007-R010-X01,heaviest_safe_first,Heaviest safe first,2.4656611752104878,true,true,experiments/algorithmic_compression_v2/results/raw_runs/V2-A-N007-R010-X01/heaviest_safe_first__mandatory_only.toml,c12950b3b7bc624b86299ee5a30c52bcec3645f419fe320de1aa972715027976
small_exact,N7-R10,V2-A-N007-R010-X01,jump_highs_tagged_cover,HiGHS MIP,10.456747571519406,true,true,experiments/algorithmic_compression_v2/results/raw_runs/V2-A-N007-R010-X01/jump_highs_tagged_cover__full_fixed_point.toml,e85d09e2489e3e3a7fb5ef6e62c729a20f8ad1a9687045ceda169e1be33156fc
small_exact,N7-R10,V2-A-N007-R010-X01,lightest_safe_first,Lightest safe first,2.1667613785994244,true,true,experiments/algorithmic_compression_v2/results/raw_runs/V2-A-N007-R010-X01/lightest_safe_first__mandatory_only.toml,222d0175eb025457e0c03725a3430d7da6f7982139cc1b2625d4e30333759d25
small_exact,N7-R10,V2-A-N007-R010-X01,maximum_immediate_burden_release,Maximum immediate release,1.2457704426311262,true,true,experiments/algorithmic_compression_v2/results/raw_runs/V2-A-N007-R010-X01/maximum_immediate_burden_release__mandatory_only.toml,cdc7c96ced1469b253f9629f2946da9069d4838b2e1fb768ef1e2210051bf673
small_exact,N7-R10,V2-A-N007-R010-X01,minimum_unique_carrier_exposure,Minimum unique-carrier exposure,1.689802376554837,true,true,experiments/algorithmic_compression_v2/results/raw_runs/V2-A-N007-R010-X01/minimum_unique_carrier_exposure__mandatory_only.toml,18dacb31d785aa5212be15cfbe6a766d06a93da066aa1be475818ea89a2c961d
small_exact,N7-R10,V2-A-N007-R010-X01,multistart_random_rechecked_deletion_32,32-start random deletion,1.9174268221995547,true,true,experiments/algorithmic_compression_v2/results/raw_runs/V2-A-N007-R010-X01/multistart_random_rechecked_deletion_32__mandatory_only.toml,9ba7057c9ea7158a2bd6aec25e43e9a8d7d3960a8ca35f72edf3719d8e9f47e6
small_exact,N7-R10,V2-A-N007-R010-X01,random_order_rechecked_deletion,Random-order deletion,3.6033017917631263,true,true,experiments/algorithmic_compression_v2/results/raw_runs/V2-A-N007-R010-X01/random_order_rechecked_deletion__mandatory_only.toml,3e344936200f04189c593b6e2fcd845b664a4d1fc66996e8b356b5e6d45caea3
small_exact,N7-R10,V2-A-N007-R010-X01,requirement_mask_dp,Mask DP,3.562608449975154,true,true,experiments/algorithmic_compression_v2/results/raw_runs/V2-A-N007-R010-X01/requirement_mask_dp__mandatory_only.toml,1c2c2e70c40e521adffd45553e0b1e48e1139545a1f3d9b2f9515a7654d044a6
small_exact,N7-R10,V2-A-N007-R010-X01,weighted_greedy,Weighted greedy,1.0,true,true,experiments/algorithmic_compression_v2/results/raw_runs/V2-A-N007-R010-X01/weighted_greedy__mandatory_only.toml,5f039610e30bf228a03fa29510b1694b1b565ba4e0e1c3dd859bf26d628b2539
small_exact,N7-R10,V2-A-N007-R010-X01,weighted_greedy_reverse_delete,Weighted greedy + reverse deletion,2.316321722809104,true,true,experiments/algorithmic_compression_v2/results/raw_runs/V2-A-N007-R010-X01/weighted_greedy_reverse_delete__mandatory_only.toml,227a54d5a9caf9c38d99f46062e1e5ef1ea8e54eca157a12cbe9d9681638f92f
small_exact,N7-R10,V2-A-N007-R010-X02,cardinality_greedy,Cardinality greedy,1.157917651309904,true,true,experiments/algorithmic_compression_v2/results/raw_runs/V2-A-N007-R010-X02/cardinality_greedy__mandatory_only.toml,6537b79c5c27d1b6dc01e37ff635d26e463608a28fdb34f2d1f289940c1d27a6
small_exact,N7-R10,V2-A-N007-R010-X02,complete_enumeration,Enumeration,1.8207093411923854,true,true,experiments/algorithmic_compression_v2/results/raw_runs/V2-A-N007-R010-X02/complete_enumeration__mandatory_only.toml,82ab2c9a8465bcf50c29d42b3512b8e03ca54475d4e9d3913b197accd9fc90c1
small_exact,N7-R10,V2-A-N007-R010-X02,declared_source_order,Declared source order,1.2601425400469477,true,true,experiments/algorithmic_compression_v2/results/raw_runs/V2-A-N007-R010-X02/declared_source_order__mandatory_only.toml,70722d0aed9995c9d8d608276815676c507b72ab2d1cfbdfc478b0bc92c1054f
small_exact,N7-R10,V2-A-N007-R010-X02,heaviest_safe_first,Heaviest safe first,2.7241152313306265,true,true,experiments/algorithmic_compression_v2/results/raw_runs/V2-A-N007-R010-X02/heaviest_safe_first__mandatory_only.toml,31047a611747c176df6d0fd32857ee67ebd403020aac50e289ed8def55cdd484
small_exact,N7-R10,V2-A-N007-R010-X02,jump_highs_tagged_cover,HiGHS MIP,11.125915482194468,true,true,experiments/algorithmic_compression_v2/results/raw_runs/V2-A-N007-R010-X02/jump_highs_tagged_cover__full_fixed_point.toml,4b8c3a73312350a95886979dc6a6df5f2aa06220e949246ef5feea8709e4c444
small_exact,N7-R10,V2-A-N007-R010-X02,lightest_safe_first,Lightest safe first,2.1316331810801623,true,true,experiments/algorithmic_compression_v2/results/raw_runs/V2-A-N007-R010-X02/lightest_safe_first__mandatory_only.toml,e30ffc777df6d88c35185df2614a57f9195148e65550025a6feb34852dbe7f54
small_exact,N7-R10,V2-A-N007-R010-X02,maximum_immediate_burden_release,Maximum immediate release,1.6793747412999898,true,true,experiments/algorithmic_compression_v2/results/raw_runs/V2-A-N007-R010-X02/maximum_immediate_burden_release__mandatory_only.toml,c3841104f96790fb5bb4fd521acff226be9a9ca15721fb041a0de762e9ab5fc4
small_exact,N7-R10,V2-A-N007-R010-X02,minimum_unique_carrier_exposure,Minimum unique-carrier exposure,1.0,true,true,experiments/algorithmic_compression_v2/results/raw_runs/V2-A-N007-R010-X02/minimum_unique_carrier_exposure__mandatory_only.toml,5434db21faafeccde4d759a114fdba6aa623cca72022249bca3bd266211e723b
small_exact,N7-R10,V2-A-N007-R010-X02,multistart_random_rechecked_deletion_32,32-start random deletion,1.0274439763142813,true,true,experiments/algorithmic_compression_v2/results/raw_runs/V2-A-N007-R010-X02/multistart_random_rechecked_deletion_32__mandatory_only.toml,f3efefcf580cc631f279ef18750c74584f9c1abae268f1914db81f53c0448a4b
small_exact,N7-R10,V2-A-N007-R010-X02,random_order_rechecked_deletion,Random-order deletion,1.5092990085184077,true,true,experiments/algorithmic_compression_v2/results/raw_runs/V2-A-N007-R010-X02/random_order_rechecked_deletion__mandatory_only.toml,2301f312d1e7b2abcb40af4ae707f9699356cc36ed09414fb4f5b289e4f18eae
small_exact,N7-R10,V2-A-N007-R010-X02,requirement_mask_dp,Mask DP,1.2482665968462678,true,true,experiments/algorithmic_compression_v2/results/raw_runs/V2-A-N007-R010-X02/requirement_mask_dp__mandatory_only.toml,bba79408d1a84eee54f0af356bda96322407187d6c7fd94a41492368f6a0dbdf
small_exact,N7-R10,V2-A-N007-R010-X02,weighted_greedy,Weighted greedy,1.0398005541994149,true,true,experiments/algorithmic_compression_v2/results/raw_runs/V2-A-N007-R010-X02/weighted_greedy__mandatory_only.toml,c101de3cd8f617d39d03f6e11ab458fb4507b0c986a948b3938055d7920ffe21
small_exact,N7-R10,V2-A-N007-R010-X02,weighted_greedy_reverse_delete,Weighted greedy + reverse deletion,2.016575603198753,true,true,experiments/algorithmic_compression_v2/results/raw_runs/V2-A-N007-R010-X02/weighted_greedy_reverse_delete__mandatory_only.toml,175c35de73ce19c5bce69834e47ba389eed8ab5edfd12ac8494179bf14f8c78b
small_exact,N7-R10,V2-A-N007-R010-X03,cardinality_greedy,Cardinality greedy,6.129344370297204,true,true,experiments/algorithmic_compression_v2/results/raw_runs/V2-A-N007-R010-X03/cardinality_greedy__mandatory_only.toml,e0644fd25990a5b280ee7eba74181ce88e2bb074aa1d6ebfb7f6b349a0698259
small_exact,N7-R10,V2-A-N007-R010-X03,complete_enumeration,Enumeration,2.7426847189766073,true,true,experiments/algorithmic_compression_v2/results/raw_runs/V2-A-N007-R010-X03/complete_enumeration__mandatory_only.toml,b0260c9f5c85eb95615901e8bac7d6205cc28486877ef4db71c63e0464a9e6cb
small_exact,N7-R10,V2-A-N007-R010-X03,declared_source_order,Declared source order,6.827843760790832,true,true,experiments/algorithmic_compression_v2/results/raw_runs/V2-A-N007-R010-X03/declared_source_order__mandatory_only.toml,fd5fbdb73cd49b1063108af70d2940dce3ef053db830823162dd2d6bbc3e1fa6
small_exact,N7-R10,V2-A-N007-R010-X03,heaviest_safe_first,Heaviest safe first,4.830364499265219,true,true,experiments/algorithmic_compression_v2/results/raw_runs/V2-A-N007-R010-X03/heaviest_safe_first__mandatory_only.toml,6ea762f512370ab189f2ef08203337612554e83cd531555b3a8f3a2f4b65e308
small_exact,N7-R10,V2-A-N007-R010-X03,jump_highs_tagged_cover,HiGHS MIP,26.578748917102313,true,true,experiments/algorithmic_compression_v2/results/raw_runs/V2-A-N007-R010-X03/jump_highs_tagged_cover__full_fixed_point.toml,6140b4bd791a9f7b564fc7f3e032d2e171afc53b99618609fcbc157da5461849
small_exact,N7-R10,V2-A-N007-R010-X03,lightest_safe_first,Lightest safe first,3.3937799320629263,true,true,experiments/algorithmic_compression_v2/results/raw_runs/V2-A-N007-R010-X03/lightest_safe_first__mandatory_only.toml,30c70dd9924379978e69cb522d2d375d5ada34884aeacf87c2c6c858884fc0b5
small_exact,N7-R10,V2-A-N007-R010-X03,maximum_immediate_burden_release,Maximum immediate release,5.986441231218932,true,true,experiments/algorithmic_compression_v2/results/raw_runs/V2-A-N007-R010-X03/maximum_immediate_burden_release__mandatory_only.toml,30b65d72f98e8bc78e0fb79c2cd225f62c1d1ece8fe48816f68c7be12bf645c6
small_exact,N7-R10,V2-A-N007-R010-X03,minimum_unique_carrier_exposure,Minimum unique-carrier exposure,1.6766462983931194,true,true,experiments/algorithmic_compression_v2/results/raw_runs/V2-A-N007-R010-X03/minimum_unique_carrier_exposure__mandatory_only.toml,2b1dd69d374c663acf100a0611a2243182cb5de2b16069bc84f8eba7788d4127
small_exact,N7-R10,V2-A-N007-R010-X03,multistart_random_rechecked_deletion_32,32-start random deletion,3.129143880443598,true,true,experiments/algorithmic_compression_v2/results/raw_runs/V2-A-N007-R010-X03/multistart_random_rechecked_deletion_32__mandatory_only.toml,eb1a9cadb1df8ac208fb7d688dcc9da91d34b55ccb3e62a4b7ce8e76a356979f
small_exact,N7-R10,V2-A-N007-R010-X03,random_order_rechecked_deletion,Random-order deletion,4.495048733206453,true,true,experiments/algorithmic_compression_v2/results/raw_runs/V2-A-N007-R010-X03/random_order_rechecked_deletion__mandatory_only.toml,9f0f16fc80e07c2ffdc1a929a2162d8b5723b857a3a907b946576df682d7ce14
small_exact,N7-R10,V2-A-N007-R010-X03,requirement_mask_dp,Mask DP,1.0,true,true,experiments/algorithmic_compression_v2/results/raw_runs/V2-A-N007-R010-X03/requirement_mask_dp__mandatory_only.toml,0b1e98e7e05939c70818520d8f9e8c7be7c7ff44e9b47a2b4910ccf6c8d0bfe9
small_exact,N7-R10,V2-A-N007-R010-X03,weighted_greedy,Weighted greedy,3.289302458101455,true,true,experiments/algorithmic_compression_v2/results/raw_runs/V2-A-N007-R010-X03/weighted_greedy__mandatory_only.toml,9d654bc629b07173f1e4f83be970b46abcc0631c6dd0d43f89cce647775b90ec
small_exact,N7-R10,V2-A-N007-R010-X03,weighted_greedy_reverse_delete,Weighted greedy + reverse deletion,3.98058975162013,true,true,experiments/algorithmic_compression_v2/results/raw_runs/V2-A-N007-R010-X03/weighted_greedy_reverse_delete__mandatory_only.toml,36ca620a5d60875c8c75ca99da0a8eeacfd90c6767b3163ec688a83b3b0c8f1f
small_exact,N7-R10,V2-A-N007-R010-X04,cardinality_greedy,Cardinality greedy,2.337424998424632,true,true,experiments/algorithmic_compression_v2/results/raw_runs/V2-A-N007-R010-X04/cardinality_greedy__mandatory_only.toml,d4788c7666a9514e575c0759d82b3a0008149efca46462adc25e656bcc0f13af
small_exact,N7-R10,V2-A-N007-R010-X04,complete_enumeration,Enumeration,2.3820240755368185,true,true,experiments/algorithmic_compression_v2/results/raw_runs/V2-A-N007-R010-X04/complete_enumeration__mandatory_only.toml,1b2bed435fb634e7a4f8c933fc34d79cd7e159f519ec95dcae22fca0c9b2aa34
small_exact,N7-R10,V2-A-N007-R010-X04,declared_source_order,Declared source order,2.299493758053465,true,true,experiments/algorithmic_compression_v2/results/raw_runs/V2-A-N007-R010-X04/declared_source_order__mandatory_only.toml,9369de6b5392645b11d7c45e2f3ff3a5e767290070a3ad0b7d291d1291c18175
small_exact,N7-R10,V2-A-N007-R010-X04,heaviest_safe_first,Heaviest safe first,1.234500042339881,true,true,experiments/algorithmic_compression_v2/results/raw_runs/V2-A-N007-R010-X04/heaviest_safe_first__mandatory_only.toml,698a8d1ad39cd0ec5699569f603ed3bced4607e0ea98b3c0c3ea823a3dd6f200
small_exact,N7-R10,V2-A-N007-R010-X04,jump_highs_tagged_cover,HiGHS MIP,12.856245846213659,true,true,experiments/algorithmic_compression_v2/results/raw_runs/V2-A-N007-R010-X04/jump_highs_tagged_cover__full_fixed_point.toml,a3be6f573727def88a09ca18b3814c1f2ca5e36e5155973963935bb1a84a1d45
small_exact,N7-R10,V2-A-N007-R010-X04,lightest_safe_first,Lightest safe first,2.0522737286089052,true,true,experiments/algorithmic_compression_v2/results/raw_runs/V2-A-N007-R010-X04/lightest_safe_first__mandatory_only.toml,8faa7a82da35f020e61c7130d35424218c6acc72cfea8eaa877d6fdc6771527f
small_exact,N7-R10,V2-A-N007-R010-X04,maximum_immediate_burden_release,Maximum immediate release,2.1573310508915786,true,true,experiments/algorithmic_compression_v2/results/raw_runs/V2-A-N007-R010-X04/maximum_immediate_burden_release__mandatory_only.toml,2005d106f3b3ba5ee84547629d51037050ac8b28e43da7d59103bc16131c632a
small_exact,N7-R10,V2-A-N007-R010-X04,minimum_unique_carrier_exposure,Minimum unique-carrier exposure,2.0923043252213827,true,true,experiments/algorithmic_compression_v2/results/raw_runs/V2-A-N007-R010-X04/minimum_unique_carrier_exposure__mandatory_only.toml,8a958ca18756900f123c02d4f1aef4cf2cb5f9e3a656bee9c95c320e691fa304
small_exact,N7-R10,V2-A-N007-R010-X04,multistart_random_rechecked_deletion_32,32-start random deletion,2.164893987034211,true,true,experiments/algorithmic_compression_v2/results/raw_runs/V2-A-N007-R010-X04/multistart_random_rechecked_deletion_32__mandatory_only.toml,cde4e192355dc3657e86896f48c0238015fdc3df3745455f0e997ceb498434a2
small_exact,N7-R10,V2-A-N007-R010-X04,random_order_rechecked_deletion,Random-order deletion,1.8126683355796844,true,true,experiments/algorithmic_compression_v2/results/raw_runs/V2-A-N007-R010-X04/random_order_rechecked_deletion__mandatory_only.toml,ea2e596fe9c9e5f8733fbb2de1c7a93a40ff95226742e1ad87b180616ee8578c
small_exact,N7-R10,V2-A-N007-R010-X04,requirement_mask_dp,Mask DP,1.9110149979178497,true,true,experiments/algorithmic_compression_v2/results/raw_runs/V2-A-N007-R010-X04/requirement_mask_dp__mandatory_only.toml,34efef795110adcb2ccd5bd0d444321964e626009f15874a7d801852e41ba33a
small_exact,N7-R10,V2-A-N007-R010-X04,weighted_greedy,Weighted greedy,1.0,true,true,experiments/algorithmic_compression_v2/results/raw_runs/V2-A-N007-R010-X04/weighted_greedy__mandatory_only.toml,ef54a1b9b201857e98005d40810d55638fa1e2c9efda241429d31bdf2ccbba9c
small_exact,N7-R10,V2-A-N007-R010-X04,weighted_greedy_reverse_delete,Weighted greedy + reverse deletion,1.5311516813516706,true,true,experiments/algorithmic_compression_v2/results/raw_runs/V2-A-N007-R010-X04/weighted_greedy_reverse_delete__mandatory_only.toml,97d969a8b39b7a523c87e7e3c400eea2b95628dcb0a097ab508f107eb689f6df
small_exact,N7-R6,V2-A-N007-R006-X01,cardinality_greedy,Cardinality greedy,2.4702668762656477,true,true,experiments/algorithmic_compression_v2/results/raw_runs/V2-A-N007-R006-X01/cardinality_greedy__mandatory_only.toml,8f7dd10e027f832dab80ec2dd202c41b4dec05c82678748d68cf30bab6ff574a
small_exact,N7-R6,V2-A-N007-R006-X01,complete_enumeration,Enumeration,1.0,true,true,experiments/algorithmic_compression_v2/results/raw_runs/V2-A-N007-R006-X01/complete_enumeration__mandatory_only.toml,d082ed7f7a8b306b06a78d9a4486b73e09f4a9a60c0aa3089d7a8a83fca78354
small_exact,N7-R6,V2-A-N007-R006-X01,declared_source_order,Declared source order,2.133657440124336,true,true,experiments/algorithmic_compression_v2/results/raw_runs/V2-A-N007-R006-X01/declared_source_order__mandatory_only.toml,e7cce50004f0528e457aca6a5f794848f366eb42921df0def45ec0d354531402
small_exact,N7-R6,V2-A-N007-R006-X01,heaviest_safe_first,Heaviest safe first,1.2099066758335542,true,true,experiments/algorithmic_compression_v2/results/raw_runs/V2-A-N007-R006-X01/heaviest_safe_first__mandatory_only.toml,0d01e3c78e7e4cf169f4ef4fa67a1518364202101a8dbac70f3998f2f99d724e
small_exact,N7-R6,V2-A-N007-R006-X01,jump_highs_tagged_cover,HiGHS MIP,9.380682414751474,true,true,experiments/algorithmic_compression_v2/results/raw_runs/V2-A-N007-R006-X01/jump_highs_tagged_cover__full_fixed_point.toml,3ae1a8a260d2ffbd8b7ea53a45c75967c7ab3eb36a5002b3bbad607f1b133921
small_exact,N7-R6,V2-A-N007-R006-X01,lightest_safe_first,Lightest safe first,1.4416893328994687,true,true,experiments/algorithmic_compression_v2/results/raw_runs/V2-A-N007-R006-X01/lightest_safe_first__mandatory_only.toml,599e6ecd2becc2e72d0353d989a5d01c654c9bb65d30ca075e3eae0e98bb3424
small_exact,N7-R6,V2-A-N007-R006-X01,maximum_immediate_burden_release,Maximum immediate release,1.8906577708334606,true,true,experiments/algorithmic_compression_v2/results/raw_runs/V2-A-N007-R006-X01/maximum_immediate_burden_release__mandatory_only.toml,2e93f5cfe18da6ccc4088b04f053292a520e088853bd7b745b0dfb758fe252bf
small_exact,N7-R6,V2-A-N007-R006-X01,minimum_unique_carrier_exposure,Minimum unique-carrier exposure,2.1684161820467778,true,true,experiments/algorithmic_compression_v2/results/raw_runs/V2-A-N007-R006-X01/minimum_unique_carrier_exposure__mandatory_only.toml,58c5b6f0e4970fa4180f381ab75356ece5966a3d1b9cab5b4af1ff0248ca6a3b
small_exact,N7-R6,V2-A-N007-R006-X01,multistart_random_rechecked_deletion_32,32-start random deletion,2.915337953549591,true,true,experiments/algorithmic_compression_v2/results/raw_runs/V2-A-N007-R006-X01/multistart_random_rechecked_deletion_32__mandatory_only.toml,96fd5642ee746a6437edcafa13fea5e8def1f8ad0a1dff9691ba4a5d8f16655e
small_exact,N7-R6,V2-A-N007-R006-X01,random_order_rechecked_deletion,Random-order deletion,2.342797801948534,true,true,experiments/algorithmic_compression_v2/results/raw_runs/V2-A-N007-R006-X01/random_order_rechecked_deletion__mandatory_only.toml,f5afc36cbb4e39594849703d668087b647490b64dd18e9bf9d167f4aa47458fd
small_exact,N7-R6,V2-A-N007-R006-X01,requirement_mask_dp,Mask DP,1.8130993878088624,true,true,experiments/algorithmic_compression_v2/results/raw_runs/V2-A-N007-R006-X01/requirement_mask_dp__mandatory_only.toml,63468bccab3fe22af9af4de9c0c17cd7184d5d20093c8d671a5afead4c16cd08
small_exact,N7-R6,V2-A-N007-R006-X01,weighted_greedy,Weighted greedy,1.004053508865498,true,true,experiments/algorithmic_compression_v2/results/raw_runs/V2-A-N007-R006-X01/weighted_greedy__mandatory_only.toml,73c063696a96d9dd26093b34a9cc073ca497c97e69fd2171fd18addd35cfb4ef
small_exact,N7-R6,V2-A-N007-R006-X01,weighted_greedy_reverse_delete,Weighted greedy + reverse deletion,2.5191561443752835,true,true,experiments/algorithmic_compression_v2/results/raw_runs/V2-A-N007-R006-X01/weighted_greedy_reverse_delete__mandatory_only.toml,8be0384a792a4f5e1080f498de5c158d23fa16a6faa5862d3e3f85cae7fb8f1c
small_exact,N7-R6,V2-A-N007-R006-X02,cardinality_greedy,Cardinality greedy,2.0663130635181655,true,true,experiments/algorithmic_compression_v2/results/raw_runs/V2-A-N007-R006-X02/cardinality_greedy__mandatory_only.toml,12f542b9a80b481cb5def4fc583cfe4b049ae28af75aa61779b1ee99336e2c8a
small_exact,N7-R6,V2-A-N007-R006-X02,complete_enumeration,Enumeration,1.617940161959366,true,true,experiments/algorithmic_compression_v2/results/raw_runs/V2-A-N007-R006-X02/complete_enumeration__mandatory_only.toml,75f66a66e5c45e039a87c99a3792bf29ca3fbeb6b141b13f5a60110c9bf45d25
small_exact,N7-R6,V2-A-N007-R006-X02,declared_source_order,Declared source order,1.7190693072314922,true,true,experiments/algorithmic_compression_v2/results/raw_runs/V2-A-N007-R006-X02/declared_source_order__mandatory_only.toml,99e903b87501f9f2b7f2f51c7d6d5d6548b1268787ead45aca723c577f4fea25
small_exact,N7-R6,V2-A-N007-R006-X02,heaviest_safe_first,Heaviest safe first,2.7066450592715383,true,true,experiments/algorithmic_compression_v2/results/raw_runs/V2-A-N007-R006-X02/heaviest_safe_first__mandatory_only.toml,8d584ddbe177006fb8c0e5eefa57a4e031c92bffb56c815c5407a5cda58ba451
small_exact,N7-R6,V2-A-N007-R006-X02,jump_highs_tagged_cover,HiGHS MIP,10.47114096316486,true,true,experiments/algorithmic_compression_v2/results/raw_runs/V2-A-N007-R006-X02/jump_highs_tagged_cover__full_fixed_point.toml,9762685b07a329a59ae485ffc0ed0cb7352e38f69b24b05429d5eb3af9957dd1
small_exact,N7-R6,V2-A-N007-R006-X02,lightest_safe_first,Lightest safe first,1.2007109832207705,true,true,experiments/algorithmic_compression_v2/results/raw_runs/V2-A-N007-R006-X02/lightest_safe_first__mandatory_only.toml,6cad6b0c6ac4e5ae764a3b527437f109b7fc77d53c3b0d550896fe0902457785
small_exact,N7-R6,V2-A-N007-R006-X02,maximum_immediate_burden_release,Maximum immediate release,1.305887023889007,true,true,experiments/algorithmic_compression_v2/results/raw_runs/V2-A-N007-R006-X02/maximum_immediate_burden_release__mandatory_only.toml,2604724b818d445fdc7f65730cd72fe0767bb7f9d095a9c975b2df407377ca27
small_exact,N7-R6,V2-A-N007-R006-X02,minimum_unique_carrier_exposure,Minimum unique-carrier exposure,1.4149131105864352,true,true,experiments/algorithmic_compression_v2/results/raw_runs/V2-A-N007-R006-X02/minimum_unique_carrier_exposure__mandatory_only.toml,137c030cdf7f929efc8118a3bbb62c6618d0fd2e5a69dbcfcbd6f8be61143af9
small_exact,N7-R6,V2-A-N007-R006-X02,multistart_random_rechecked_deletion_32,32-start random deletion,1.8354691741862792,true,true,experiments/algorithmic_compression_v2/results/raw_runs/V2-A-N007-R006-X02/multistart_random_rechecked_deletion_32__mandatory_only.toml,9105bf748adf115a7d249a23e9bf8f99bfd211b8aa4c0dbd9be2a06df36c028c
small_exact,N7-R6,V2-A-N007-R006-X02,random_order_rechecked_deletion,Random-order deletion,1.0,true,true,experiments/algorithmic_compression_v2/results/raw_runs/V2-A-N007-R006-X02/random_order_rechecked_deletion__mandatory_only.toml,1f6dd7b359dbc79b1b2f900c9a08c9f982c1d3961dd55a637459150ec6560d3d
small_exact,N7-R6,V2-A-N007-R006-X02,requirement_mask_dp,Mask DP,1.2936990986002639,true,true,experiments/algorithmic_compression_v2/results/raw_runs/V2-A-N007-R006-X02/requirement_mask_dp__mandatory_only.toml,ae500f2d1634ba8632fdd9c60bffa4d18f9910a1c07c83b43f0ee169075130ab
small_exact,N7-R6,V2-A-N007-R006-X02,weighted_greedy,Weighted greedy,1.5228329125740643,true,true,experiments/algorithmic_compression_v2/results/raw_runs/V2-A-N007-R006-X02/weighted_greedy__mandatory_only.toml,028f9fc2487172bde9856ef060405509c860d185a88ee509f82e8b38569b5840
small_exact,N7-R6,V2-A-N007-R006-X02,weighted_greedy_reverse_delete,Weighted greedy + reverse deletion,1.11157547632885,true,true,experiments/algorithmic_compression_v2/results/raw_runs/V2-A-N007-R006-X02/weighted_greedy_reverse_delete__mandatory_only.toml,a1720cc35d8bc9895aeb78a8ffe2863cf6508902890d10d25b7b342245d78d93
small_exact,N7-R6,V2-A-N007-R006-X03,cardinality_greedy,Cardinality greedy,2.0809433650594293,true,true,experiments/algorithmic_compression_v2/results/raw_runs/V2-A-N007-R006-X03/cardinality_greedy__mandatory_only.toml,8ae01974f768d30d8fbffbe017174af51691ae845bf71b1b986c6a9ae4a1937f
small_exact,N7-R6,V2-A-N007-R006-X03,complete_enumeration,Enumeration,1.1259991705826444,true,true,experiments/algorithmic_compression_v2/results/raw_runs/V2-A-N007-R006-X03/complete_enumeration__mandatory_only.toml,de7cf831713096c6a93eb11c31ba812acbc01bca590ebded8c077d4e3ff8b76f
small_exact,N7-R6,V2-A-N007-R006-X03,declared_source_order,Declared source order,1.6763948317064723,true,true,experiments/algorithmic_compression_v2/results/raw_runs/V2-A-N007-R006-X03/declared_source_order__mandatory_only.toml,6691b5e3fb943a5e5fd61ab771ec6dc5dc13985c90eece6467fc62c6b1e0019a
small_exact,N7-R6,V2-A-N007-R006-X03,heaviest_safe_first,Heaviest safe first,3.1713379650467,true,true,experiments/algorithmic_compression_v2/results/raw_runs/V2-A-N007-R006-X03/heaviest_safe_first__mandatory_only.toml,4b6132ae5999ed2ef1dda5ef62f33b04617f36af18e52556c1c54c16176389ea
small_exact,N7-R6,V2-A-N007-R006-X03,jump_highs_tagged_cover,HiGHS MIP,5.973757712929574,true,true,experiments/algorithmic_compression_v2/results/raw_runs/V2-A-N007-R006-X03/jump_highs_tagged_cover__full_fixed_point.toml,2e71357983e8943cbe954162b4f9c7608b2f85efdb0a2d4cfa0abf19aca4c07c
small_exact,N7-R6,V2-A-N007-R006-X03,lightest_safe_first,Lightest safe first,2.0751136422931693,true,true,experiments/algorithmic_compression_v2/results/raw_runs/V2-A-N007-R006-X03/lightest_safe_first__mandatory_only.toml,9dcf2daba9d6c0c661d2c19b9af5c9f30fa1661170b9f84d013d4c9dbedd32b3
small_exact,N7-R6,V2-A-N007-R006-X03,maximum_immediate_burden_release,Maximum immediate release,1.7190397105233288,true,true,experiments/algorithmic_compression_v2/results/raw_runs/V2-A-N007-R006-X03/maximum_immediate_burden_release__mandatory_only.toml,2b8e74504632fa731865f1980803ab03b26c539e405c926608c7245c00d89dbc
small_exact,N7-R6,V2-A-N007-R006-X03,minimum_unique_carrier_exposure,Minimum unique-carrier exposure,1.6959169873300741,true,true,experiments/algorithmic_compression_v2/results/raw_runs/V2-A-N007-R006-X03/minimum_unique_carrier_exposure__mandatory_only.toml,3779b663d24f6010ef67f5f3496308877438bbc2f7f7b85193f70abfa2734596
small_exact,N7-R6,V2-A-N007-R006-X03,multistart_random_rechecked_deletion_32,32-start random deletion,2.061143845284952,true,true,experiments/algorithmic_compression_v2/results/raw_runs/V2-A-N007-R006-X03/multistart_random_rechecked_deletion_32__mandatory_only.toml,bb14073aad359005bfe8f85651802a15e88acdbd1b780f62e5520ff41fed0cd0
small_exact,N7-R6,V2-A-N007-R006-X03,random_order_rechecked_deletion,Random-order deletion,1.4748237136016216,true,true,experiments/algorithmic_compression_v2/results/raw_runs/V2-A-N007-R006-X03/random_order_rechecked_deletion__mandatory_only.toml,6980cf89121b09c68294a7aeb041e23e4d694a58d8e1a2df1415255e986689b5
small_exact,N7-R6,V2-A-N007-R006-X03,requirement_mask_dp,Mask DP,1.7233544470454227,true,true,experiments/algorithmic_compression_v2/results/raw_runs/V2-A-N007-R006-X03/requirement_mask_dp__mandatory_only.toml,7fc7c469c56ab082b96024a609f4173e83bd5968c47a406d47ed105884d01cd2
small_exact,N7-R6,V2-A-N007-R006-X03,weighted_greedy,Weighted greedy,1.1311272694496748,true,true,experiments/algorithmic_compression_v2/results/raw_runs/V2-A-N007-R006-X03/weighted_greedy__mandatory_only.toml,c880b7a4e3d1e92fbb925591ad1bfabcd340dec706d3b37befc9ebdb8ef6b063
small_exact,N7-R6,V2-A-N007-R006-X03,weighted_greedy_reverse_delete,Weighted greedy + reverse deletion,1.0,true,true,experiments/algorithmic_compression_v2/results/raw_runs/V2-A-N007-R006-X03/weighted_greedy_reverse_delete__mandatory_only.toml,04587cca210697a889cd5dc93e91a00df6cb2790fb38649fb7941382382083f3
small_exact,N7-R6,V2-A-N007-R006-X04,cardinality_greedy,Cardinality greedy,,false,true,experiments/algorithmic_compression_v2/results/raw_runs/V2-A-N007-R006-X04/cardinality_greedy__mandatory_only.toml,21ca78ec361c6e3605915de59166a8565c3d208c902dd46c277ed45abed99e8f
small_exact,N7-R6,V2-A-N007-R006-X04,complete_enumeration,Enumeration,,false,true,experiments/algorithmic_compression_v2/results/raw_runs/V2-A-N007-R006-X04/complete_enumeration__mandatory_only.toml,887577b0fbddd4c68bd56a0022dd11ce32ebbc0e08817c3b08b3b76fdc23dc2f
small_exact,N7-R6,V2-A-N007-R006-X04,declared_source_order,Declared source order,1.8158518771794936,true,true,experiments/algorithmic_compression_v2/results/raw_runs/V2-A-N007-R006-X04/declared_source_order__mandatory_only.toml,87a7807d5b790a200f1506d566dfb2b6e6c07cd7e9ce4500643c381910472bb5
small_exact,N7-R6,V2-A-N007-R006-X04,heaviest_safe_first,Heaviest safe first,1.3555998852942261,true,true,experiments/algorithmic_compression_v2/results/raw_runs/V2-A-N007-R006-X04/heaviest_safe_first__mandatory_only.toml,9a144a310d7922eb943f944a58d3f1e246f572b4a442357f27be3de665dcb37b
small_exact,N7-R6,V2-A-N007-R006-X04,jump_highs_tagged_cover,HiGHS MIP,,false,true,experiments/algorithmic_compression_v2/results/raw_runs/V2-A-N007-R006-X04/jump_highs_tagged_cover__full_fixed_point.toml,199c5683f01151f0eaaaf5a88c11326c9e945acd5eaf826b4d460369d4208e6e
small_exact,N7-R6,V2-A-N007-R006-X04,lightest_safe_first,Lightest safe first,1.391959036264273,true,true,experiments/algorithmic_compression_v2/results/raw_runs/V2-A-N007-R006-X04/lightest_safe_first__mandatory_only.toml,6168a10b9ceea74191453fb153d69d62669fa6cf5420193959d3743fab1d2c21
small_exact,N7-R6,V2-A-N007-R006-X04,maximum_immediate_burden_release,Maximum immediate release,1.706087938858531,true,true,experiments/algorithmic_compression_v2/results/raw_runs/V2-A-N007-R006-X04/maximum_immediate_burden_release__mandatory_only.toml,ab0cfe3aca7ad425cf94c1bafe692f02fe7375dcdbf8791ad9365e5c3d87d5d7
small_exact,N7-R6,V2-A-N007-R006-X04,minimum_unique_carrier_exposure,Minimum unique-carrier exposure,1.7962088693405545,true,true,experiments/algorithmic_compression_v2/results/raw_runs/V2-A-N007-R006-X04/minimum_unique_carrier_exposure__mandatory_only.toml,bee52f71df21d7e5d95a8cedcede5f059b1a3cc68a296e11be34204360607bea
small_exact,N7-R6,V2-A-N007-R006-X04,multistart_random_rechecked_deletion_32,32-start random deletion,1.5455809173963007,true,true,experiments/algorithmic_compression_v2/results/raw_runs/V2-A-N007-R006-X04/multistart_random_rechecked_deletion_32__mandatory_only.toml,09d8372c9d3f7ed5b331bef3457fb06ade6a60e5e207d967778bbb9f4f2ce946
small_exact,N7-R6,V2-A-N007-R006-X04,random_order_rechecked_deletion,Random-order deletion,2.683564232643057,true,true,experiments/algorithmic_compression_v2/results/raw_runs/V2-A-N007-R006-X04/random_order_rechecked_deletion__mandatory_only.toml,9ed8a5c56f661264f201d21e854251a6abda7ac85e87bee47649886464a4b750
small_exact,N7-R6,V2-A-N007-R006-X04,requirement_mask_dp,Mask DP,,false,true,experiments/algorithmic_compression_v2/results/raw_runs/V2-A-N007-R006-X04/requirement_mask_dp__mandatory_only.toml,7260d0cb935ef049dc11d0846622792ad1f167685c107f08f4652caf0bc553aa
small_exact,N7-R6,V2-A-N007-R006-X04,weighted_greedy,Weighted greedy,1.0,true,true,experiments/algorithmic_compression_v2/results/raw_runs/V2-A-N007-R006-X04/weighted_greedy__mandatory_only.toml,858ab057468c918f6cc64506425282c36f34f6e434f026e9102dfc51e09416b7
small_exact,N7-R6,V2-A-N007-R006-X04,weighted_greedy_reverse_delete,Weighted greedy + reverse deletion,1.2085933945442837,true,true,experiments/algorithmic_compression_v2/results/raw_runs/V2-A-N007-R006-X04/weighted_greedy_reverse_delete__mandatory_only.toml,5ce098da0328f9efede94779a018c014037f6c1b21898776525523ed23ceb360
structured,N192-R32,V2-B-N192-R032-C01-X01,cardinality_greedy,Cardinality greedy,1.8071821780863722,true,true,experiments/algorithmic_compression_v2/results/raw_runs/V2-B-N192-R032-C01-X01/cardinality_greedy__mandatory_only.toml,c6def0d752144d99984b541bdb4117bb4e50d77717d6aef45576cf63389ba4ac
structured,N192-R32,V2-B-N192-R032-C01-X01,declared_source_order,Declared source order,7.929506542426896,true,true,experiments/algorithmic_compression_v2/results/raw_runs/V2-B-N192-R032-C01-X01/declared_source_order__mandatory_only.toml,2e2b19fd40ab252274d643895fcf89d83ea44369c491dbb6c3baf4e980f91f8e
structured,N192-R32,V2-B-N192-R032-C01-X01,heaviest_safe_first,Heaviest safe first,8.365526903318576,true,true,experiments/algorithmic_compression_v2/results/raw_runs/V2-B-N192-R032-C01-X01/heaviest_safe_first__mandatory_only.toml,f3fa4a642edbec0afdd51327d7631a4b1e9aa37004c16a33302b83a640774d6a
structured,N192-R32,V2-B-N192-R032-C01-X01,jump_highs_tagged_cover,HiGHS MIP,39.09225805034896,true,true,experiments/algorithmic_compression_v2/results/raw_runs/V2-B-N192-R032-C01-X01/jump_highs_tagged_cover__full_fixed_point.toml,90d178d49e9b505b4bc9e63f64ebed7b245dc858891d799b92becb5b2dd78e03
structured,N192-R32,V2-B-N192-R032-C01-X01,lightest_safe_first,Lightest safe first,6.063095173564057,true,true,experiments/algorithmic_compression_v2/results/raw_runs/V2-B-N192-R032-C01-X01/lightest_safe_first__mandatory_only.toml,ea6c0704f7502c9b48eb593f2276c75112dc683a59f19a8c78dbf08ef985bcc3
structured,N192-R32,V2-B-N192-R032-C01-X01,maximum_immediate_burden_release,Maximum immediate release,9.136911187006062,true,true,experiments/algorithmic_compression_v2/results/raw_runs/V2-B-N192-R032-C01-X01/maximum_immediate_burden_release__mandatory_only.toml,5d56780434cf41bd7dd66f6c230c921d5134b67f0a0f5783834d5a2f143490aa
structured,N192-R32,V2-B-N192-R032-C01-X01,minimum_unique_carrier_exposure,Minimum unique-carrier exposure,9.57280476053337,true,true,experiments/algorithmic_compression_v2/results/raw_runs/V2-B-N192-R032-C01-X01/minimum_unique_carrier_exposure__mandatory_only.toml,b148b27c81c06eefc1d4886c3ed18d07e57e340854a0bc1b93e748394a68e63e
structured,N192-R32,V2-B-N192-R032-C01-X01,multistart_random_rechecked_deletion_32,32-start random deletion,,false,true,experiments/algorithmic_compression_v2/results/raw_runs/V2-B-N192-R032-C01-X01/multistart_random_rechecked_deletion_32__mandatory_only.toml,fedce6dedf522968257841be72635e2bd278794340d62a91de81d084b3352c7a
structured,N192-R32,V2-B-N192-R032-C01-X01,random_order_rechecked_deletion,Random-order deletion,7.58943352813,true,true,experiments/algorithmic_compression_v2/results/raw_runs/V2-B-N192-R032-C01-X01/random_order_rechecked_deletion__mandatory_only.toml,bb9d31c7daf26142699ec76c961e623664bc16e2a05c81f949ef666e5769cb73
structured,N192-R32,V2-B-N192-R032-C01-X01,weighted_greedy,Weighted greedy,1.0,true,true,experiments/algorithmic_compression_v2/results/raw_runs/V2-B-N192-R032-C01-X01/weighted_greedy__mandatory_only.toml,aacc3a112f9d4d74e12574586dee96fb0bca09b3d9a348d0464a404279d08d20
structured,N192-R32,V2-B-N192-R032-C01-X01,weighted_greedy_reverse_delete,Weighted greedy + reverse deletion,1.4136963610219215,true,true,experiments/algorithmic_compression_v2/results/raw_runs/V2-B-N192-R032-C01-X01/weighted_greedy_reverse_delete__mandatory_only.toml,b267e0d7ccc097efa09b04a184c9cabc84bea126bfd80320f0197add97f1935c
structured,N192-R32,V2-B-N192-R032-C01-X02,cardinality_greedy,Cardinality greedy,1.0,true,true,experiments/algorithmic_compression_v2/results/raw_runs/V2-B-N192-R032-C01-X02/cardinality_greedy__mandatory_only.toml,33b3b3ecc0f30f973a54965b844a1b48c760c15a57e57dbac1fcc45be1a95d65
structured,N192-R32,V2-B-N192-R032-C01-X02,declared_source_order,Declared source order,4.716146220021472,true,true,experiments/algorithmic_compression_v2/results/raw_runs/V2-B-N192-R032-C01-X02/declared_source_order__mandatory_only.toml,405f5b91a9abc2a1cd8cf287bfb3d833e9a6915572952d1135a9897d75290c8f
structured,N192-R32,V2-B-N192-R032-C01-X02,heaviest_safe_first,Heaviest safe first,5.177546808474747,true,true,experiments/algorithmic_compression_v2/results/raw_runs/V2-B-N192-R032-C01-X02/heaviest_safe_first__mandatory_only.toml,6f9c486837b0f50b9173d881edfb4632c74cdb55cbae0ba346a7dcf8498860b1
structured,N192-R32,V2-B-N192-R032-C01-X02,jump_highs_tagged_cover,HiGHS MIP,29.092631523162886,true,true,experiments/algorithmic_compression_v2/results/raw_runs/V2-B-N192-R032-C01-X02/jump_highs_tagged_cover__full_fixed_point.toml,31eab0d81c4bc75de0d56ce7f5817b0aecdb2a8f3c62faa43fec62641ef4f5b9
structured,N192-R32,V2-B-N192-R032-C01-X02,lightest_safe_first,Lightest safe first,6.098855783141685,true,true,experiments/algorithmic_compression_v2/results/raw_runs/V2-B-N192-R032-C01-X02/lightest_safe_first__mandatory_only.toml,0c248b668131ea09974e7fb2f55513d2d09e23cb8481a7c89192dbab1ca29da3
structured,N192-R32,V2-B-N192-R032-C01-X02,maximum_immediate_burden_release,Maximum immediate release,5.261764670841915,true,true,experiments/algorithmic_compression_v2/results/raw_runs/V2-B-N192-R032-C01-X02/maximum_immediate_burden_release__mandatory_only.toml,85580903231e1a20e87917ae1003a08d0c88104fd345ec4c778ce08dfae0a362
structured,N192-R32,V2-B-N192-R032-C01-X02,minimum_unique_carrier_exposure,Minimum unique-carrier exposure,5.37973570390811,true,true,experiments/algorithmic_compression_v2/results/raw_runs/V2-B-N192-R032-C01-X02/minimum_unique_carrier_exposure__mandatory_only.toml,358ff37b8bf7b6bd321b00c7f0e464bb1a84f1774d4f02ae4716842fa5db850d
structured,N192-R32,V2-B-N192-R032-C01-X02,multistart_random_rechecked_deletion_32,32-start random deletion,,false,true,experiments/algorithmic_compression_v2/results/raw_runs/V2-B-N192-R032-C01-X02/multistart_random_rechecked_deletion_32__mandatory_only.toml,3e99ce29a6a5583bd4882d8fd2b0a62d8c7e3aaa96e0438ca9874c1e0593baec
structured,N192-R32,V2-B-N192-R032-C01-X02,random_order_rechecked_deletion,Random-order deletion,5.830620595589654,true,true,experiments/algorithmic_compression_v2/results/raw_runs/V2-B-N192-R032-C01-X02/random_order_rechecked_deletion__mandatory_only.toml,c2a3acf95a46ff06d72a7b73351e2ff87f5f532f0222f5b7c1578955bf241de2
structured,N192-R32,V2-B-N192-R032-C01-X02,weighted_greedy,Weighted greedy,1.0036677845715958,true,true,experiments/algorithmic_compression_v2/results/raw_runs/V2-B-N192-R032-C01-X02/weighted_greedy__mandatory_only.toml,80c789ed9ff58d9a315e226a051548c2e279f3c4450c2d151fd7b198e19249bd
structured,N192-R32,V2-B-N192-R032-C01-X02,weighted_greedy_reverse_delete,Weighted greedy + reverse deletion,1.3678270564353339,true,true,experiments/algorithmic_compression_v2/results/raw_runs/V2-B-N192-R032-C01-X02/weighted_greedy_reverse_delete__mandatory_only.toml,c80f27d29d7ff6490b556a9dd2bf796839a271eb4d21ac12295b31fd9aea6957
structured,N192-R32,V2-B-N192-R032-C02-X01,cardinality_greedy,Cardinality greedy,1.1806687134261404,true,true,experiments/algorithmic_compression_v2/results/raw_runs/V2-B-N192-R032-C02-X01/cardinality_greedy__mandatory_only.toml,0f67fb8b03c45875fb819b04756e7e73c587cd671f951127c5f43f4af83c4267
structured,N192-R32,V2-B-N192-R032-C02-X01,declared_source_order,Declared source order,7.575364583203735,true,true,experiments/algorithmic_compression_v2/results/raw_runs/V2-B-N192-R032-C02-X01/declared_source_order__mandatory_only.toml,587e4be71f58f5a26409cb1b11f225cf14e2635f4efcb7359a7bf55cf981a2b5
structured,N192-R32,V2-B-N192-R032-C02-X01,heaviest_safe_first,Heaviest safe first,6.058941012803579,true,true,experiments/algorithmic_compression_v2/results/raw_runs/V2-B-N192-R032-C02-X01/heaviest_safe_first__mandatory_only.toml,fc3565c26e551ce150555e45b029b5f8be59e833ff94dc6dacea031f974b3d75
structured,N192-R32,V2-B-N192-R032-C02-X01,jump_highs_tagged_cover,HiGHS MIP,30.580984206453717,true,true,experiments/algorithmic_compression_v2/results/raw_runs/V2-B-N192-R032-C02-X01/jump_highs_tagged_cover__full_fixed_point.toml,171d4565d5e564f6b3f9dfd10b0875decee5954b2b35b37b680c5dcac671d79c
structured,N192-R32,V2-B-N192-R032-C02-X01,lightest_safe_first,Lightest safe first,7.325258744412373,true,true,experiments/algorithmic_compression_v2/results/raw_runs/V2-B-N192-R032-C02-X01/lightest_safe_first__mandatory_only.toml,c9d0866934c73f190233ded2620f4fc57ba09cd5854f86b5c1b7f2b50d779bdd
structured,N192-R32,V2-B-N192-R032-C02-X01,maximum_immediate_burden_release,Maximum immediate release,8.143965566776043,true,true,experiments/algorithmic_compression_v2/results/raw_runs/V2-B-N192-R032-C02-X01/maximum_immediate_burden_release__mandatory_only.toml,7c1bded5ffbe8c81be43fce400767d2715f2267be7fd412757bc1fdc07c56414
structured,N192-R32,V2-B-N192-R032-C02-X01,minimum_unique_carrier_exposure,Minimum unique-carrier exposure,7.2592398001571565,true,true,experiments/algorithmic_compression_v2/results/raw_runs/V2-B-N192-R032-C02-X01/minimum_unique_carrier_exposure__mandatory_only.toml,fcda94f1c9459048323497dc579eeb9a3356d026ae4364dbdfcda969f13e029c
structured,N192-R32,V2-B-N192-R032-C02-X01,multistart_random_rechecked_deletion_32,32-start random deletion,207.30273236509547,true,true,experiments/algorithmic_compression_v2/results/raw_runs/V2-B-N192-R032-C02-X01/multistart_random_rechecked_deletion_32__mandatory_only.toml,fbd326a1117e24c41968497f4d123b7daf0f850444912daddff55082575e43b1
structured,N192-R32,V2-B-N192-R032-C02-X01,random_order_rechecked_deletion,Random-order deletion,8.365309411827768,true,true,experiments/algorithmic_compression_v2/results/raw_runs/V2-B-N192-R032-C02-X01/random_order_rechecked_deletion__mandatory_only.toml,0c1564e2be4e904d16d9fc944a54ad9fe6b9e9bd72af7c3023855a2f6a771343
structured,N192-R32,V2-B-N192-R032-C02-X01,weighted_greedy,Weighted greedy,1.0,true,true,experiments/algorithmic_compression_v2/results/raw_runs/V2-B-N192-R032-C02-X01/weighted_greedy__mandatory_only.toml,18b62ed97f95e2bddf95d0f5d6d8de9a4abed82866009f691a1218ed19d4cb65
structured,N192-R32,V2-B-N192-R032-C02-X01,weighted_greedy_reverse_delete,Weighted greedy + reverse deletion,1.3009529142754443,true,true,experiments/algorithmic_compression_v2/results/raw_runs/V2-B-N192-R032-C02-X01/weighted_greedy_reverse_delete__mandatory_only.toml,fc3ade9090ba1f27b4b25fb7f7ac2bcb800d584cf2342daf0f7ad11001bf8cb0
structured,N192-R32,V2-B-N192-R032-C02-X02,cardinality_greedy,Cardinality greedy,1.024025964177221,true,true,experiments/algorithmic_compression_v2/results/raw_runs/V2-B-N192-R032-C02-X02/cardinality_greedy__mandatory_only.toml,53c0dfa2661f238a5880d4cab8a033ca0cf18f0f3d11d08a1d7c188c58ac2389
structured,N192-R32,V2-B-N192-R032-C02-X02,declared_source_order,Declared source order,7.185621882856537,true,true,experiments/algorithmic_compression_v2/results/raw_runs/V2-B-N192-R032-C02-X02/declared_source_order__mandatory_only.toml,3c5db3e15f6267f05b1d9c3faaea6f9ef9a0a0dbd6c733d1d135967805be3bc8
structured,N192-R32,V2-B-N192-R032-C02-X02,heaviest_safe_first,Heaviest safe first,7.359443189740736,true,true,experiments/algorithmic_compression_v2/results/raw_runs/V2-B-N192-R032-C02-X02/heaviest_safe_first__mandatory_only.toml,ac83276674f787069aae2d1e28a5b6d3d412d4cbbf321a0fd976c31b8914dea8
structured,N192-R32,V2-B-N192-R032-C02-X02,jump_highs_tagged_cover,HiGHS MIP,33.941118712582806,true,true,experiments/algorithmic_compression_v2/results/raw_runs/V2-B-N192-R032-C02-X02/jump_highs_tagged_cover__full_fixed_point.toml,8be2277c107e40d270d4ba1dc5049fea4641fca6a7f3449b6a1703bf94d107a1
structured,N192-R32,V2-B-N192-R032-C02-X02,lightest_safe_first,Lightest safe first,6.55183621378352,true,true,experiments/algorithmic_compression_v2/results/raw_runs/V2-B-N192-R032-C02-X02/lightest_safe_first__mandatory_only.toml,8ceecb000728a79e1fd5879aed95c7f191e113c76f1c412f686bde9898865f3d
structured,N192-R32,V2-B-N192-R032-C02-X02,maximum_immediate_burden_release,Maximum immediate release,9.10819633311654,true,true,experiments/algorithmic_compression_v2/results/raw_runs/V2-B-N192-R032-C02-X02/maximum_immediate_burden_release__mandatory_only.toml,217683f69f2f29314af4dc97233216af3427852b3471f561e1930b5432abd8ff
structured,N192-R32,V2-B-N192-R032-C02-X02,minimum_unique_carrier_exposure,Minimum unique-carrier exposure,5.053271561460234,true,true,experiments/algorithmic_compression_v2/results/raw_runs/V2-B-N192-R032-C02-X02/minimum_unique_carrier_exposure__mandatory_only.toml,86fa18fb04983ab02fda2ab7e6aaa367c30a93265effc69b83102ef169f60949
structured,N192-R32,V2-B-N192-R032-C02-X02,multistart_random_rechecked_deletion_32,32-start random deletion,181.79446434713213,true,true,experiments/algorithmic_compression_v2/results/raw_runs/V2-B-N192-R032-C02-X02/multistart_random_rechecked_deletion_32__mandatory_only.toml,6b78d870c23d1a6a7911a9a916fd5ebf9a87bb75779efce5e68207159d31ad02
structured,N192-R32,V2-B-N192-R032-C02-X02,random_order_rechecked_deletion,Random-order deletion,5.568213351460377,true,true,experiments/algorithmic_compression_v2/results/raw_runs/V2-B-N192-R032-C02-X02/random_order_rechecked_deletion__mandatory_only.toml,4ef378f476b74f327842565bb354609593b1b5be9717e9c070732badadd88c40
structured,N192-R32,V2-B-N192-R032-C02-X02,weighted_greedy,Weighted greedy,1.201913560486066,true,true,experiments/algorithmic_compression_v2/results/raw_runs/V2-B-N192-R032-C02-X02/weighted_greedy__mandatory_only.toml,ec5de4b945a53666f940d6238ea9d0020e52ed4db1ac13f6c9059310962c9dd8
structured,N192-R32,V2-B-N192-R032-C02-X02,weighted_greedy_reverse_delete,Weighted greedy + reverse deletion,1.0,true,true,experiments/algorithmic_compression_v2/results/raw_runs/V2-B-N192-R032-C02-X02/weighted_greedy_reverse_delete__mandatory_only.toml,24ecce74ca864cce065dcccfea03266b6f3b9e87f9dada39b6d6f2bb6ef3f5a8
structured,N192-R32,V2-B-N192-R032-C03-X01,cardinality_greedy,Cardinality greedy,1.8846505108361735,true,true,experiments/algorithmic_compression_v2/results/raw_runs/V2-B-N192-R032-C03-X01/cardinality_greedy__mandatory_only.toml,f781700018dac6fa759c85f9d4e353aef329361b2cc8ee7dae088ccb79c443c3
structured,N192-R32,V2-B-N192-R032-C03-X01,declared_source_order,Declared source order,9.27835684198143,true,true,experiments/algorithmic_compression_v2/results/raw_runs/V2-B-N192-R032-C03-X01/declared_source_order__mandatory_only.toml,a0a9ca544c0e3936cd2fd75b6c850464be6ed66bd2eeea9b1deffff80fbeab57
structured,N192-R32,V2-B-N192-R032-C03-X01,heaviest_safe_first,Heaviest safe first,7.315257316727909,true,true,experiments/algorithmic_compression_v2/results/raw_runs/V2-B-N192-R032-C03-X01/heaviest_safe_first__mandatory_only.toml,951268a31789091054ac3cfad57670c0c7473070af08e809c2d952ce1a19a5c8
structured,N192-R32,V2-B-N192-R032-C03-X01,jump_highs_tagged_cover,HiGHS MIP,24.021332996065254,true,true,experiments/algorithmic_compression_v2/results/raw_runs/V2-B-N192-R032-C03-X01/jump_highs_tagged_cover__full_fixed_point.toml,acf5549fa99252bd0639ac2410ab3fc3d487f2427df7da863f6988768e0a298e
structured,N192-R32,V2-B-N192-R032-C03-X01,lightest_safe_first,Lightest safe first,10.819192852559697,true,true,experiments/algorithmic_compression_v2/results/raw_runs/V2-B-N192-R032-C03-X01/lightest_safe_first__mandatory_only.toml,4c1dd6e7dd12fa661a89227cbab6711c258a403267d58421677c6b46c7b6ecb8
structured,N192-R32,V2-B-N192-R032-C03-X01,maximum_immediate_burden_release,Maximum immediate release,9.900736460762205,true,true,experiments/algorithmic_compression_v2/results/raw_runs/V2-B-N192-R032-C03-X01/maximum_immediate_burden_release__mandatory_only.toml,ffc67b2c793d513d791316a70460662a9ad1f289efd86a789f8eb222bfc39172
structured,N192-R32,V2-B-N192-R032-C03-X01,minimum_unique_carrier_exposure,Minimum unique-carrier exposure,10.527391683296656,true,true,experiments/algorithmic_compression_v2/results/raw_runs/V2-B-N192-R032-C03-X01/minimum_unique_carrier_exposure__mandatory_only.toml,b30d682d477bcb02d0daebd71536bbdb3713b5dfceb25c481652ba55134509a4
structured,N192-R32,V2-B-N192-R032-C03-X01,multistart_random_rechecked_deletion_32,32-start random deletion,,false,true,experiments/algorithmic_compression_v2/results/raw_runs/V2-B-N192-R032-C03-X01/multistart_random_rechecked_deletion_32__mandatory_only.toml,b67ba0679aae6c4ad6dd25c2d574ea8114cf8b0dd3f95161f686e95b76b7244d
structured,N192-R32,V2-B-N192-R032-C03-X01,random_order_rechecked_deletion,Random-order deletion,10.33897359613239,true,true,experiments/algorithmic_compression_v2/results/raw_runs/V2-B-N192-R032-C03-X01/random_order_rechecked_deletion__mandatory_only.toml,e2699d10f8f16daa0b8d72c5f20624d44acb24dfa55077f8d248b57e84769c23
structured,N192-R32,V2-B-N192-R032-C03-X01,weighted_greedy,Weighted greedy,1.0,true,true,experiments/algorithmic_compression_v2/results/raw_runs/V2-B-N192-R032-C03-X01/weighted_greedy__mandatory_only.toml,92f1f678d84ae211125cf0fac8b001f9f1bcb7b7c1269838233b1da072b15771
structured,N192-R32,V2-B-N192-R032-C03-X01,weighted_greedy_reverse_delete,Weighted greedy + reverse deletion,2.057172181243959,true,true,experiments/algorithmic_compression_v2/results/raw_runs/V2-B-N192-R032-C03-X01/weighted_greedy_reverse_delete__mandatory_only.toml,1618e4592ac88066fdf72d93a57772cc2457430eecbdb85dfb9338b1b8b4b563
structured,N192-R32,V2-B-N192-R032-C03-X02,cardinality_greedy,Cardinality greedy,1.6178545229031416,true,true,experiments/algorithmic_compression_v2/results/raw_runs/V2-B-N192-R032-C03-X02/cardinality_greedy__mandatory_only.toml,bca7ba92755378fb556f8a5a6d74b9b7b2b00aebaab5b583ab9ce2cf9af01d69
structured,N192-R32,V2-B-N192-R032-C03-X02,declared_source_order,Declared source order,13.018863511153976,true,true,experiments/algorithmic_compression_v2/results/raw_runs/V2-B-N192-R032-C03-X02/declared_source_order__mandatory_only.toml,2246d9f6c5031bbd206d90f7bca3b7013b4a59781f2a1980bbb78e7d125876fa
structured,N192-R32,V2-B-N192-R032-C03-X02,heaviest_safe_first,Heaviest safe first,10.460241806591384,true,true,experiments/algorithmic_compression_v2/results/raw_runs/V2-B-N192-R032-C03-X02/heaviest_safe_first__mandatory_only.toml,0977722af0fbc21b1a49780c4804062a45a7385000301a3f5dcc88b485584d35
structured,N192-R32,V2-B-N192-R032-C03-X02,jump_highs_tagged_cover,HiGHS MIP,9.48768578506458,true,true,experiments/algorithmic_compression_v2/results/raw_runs/V2-B-N192-R032-C03-X02/jump_highs_tagged_cover__full_fixed_point.toml,e071b51723f6cc37926b5f75204f025ada6d0c407614f6ba40bf51a64b6e8fb3
structured,N192-R32,V2-B-N192-R032-C03-X02,lightest_safe_first,Lightest safe first,8.345789700047373,true,true,experiments/algorithmic_compression_v2/results/raw_runs/V2-B-N192-R032-C03-X02/lightest_safe_first__mandatory_only.toml,6d1cdfa6c122d1d241e2d29275aa7c4d43cb14812d098c4846331ec683686048
structured,N192-R32,V2-B-N192-R032-C03-X02,maximum_immediate_burden_release,Maximum immediate release,10.282546022297767,true,true,experiments/algorithmic_compression_v2/results/raw_runs/V2-B-N192-R032-C03-X02/maximum_immediate_burden_release__mandatory_only.toml,b7f28ec437dd0caf35b959d879012d62a88458c39becf2de3e8097672ec09c69
structured,N192-R32,V2-B-N192-R032-C03-X02,minimum_unique_carrier_exposure,Minimum unique-carrier exposure,7.40264490129992,true,true,experiments/algorithmic_compression_v2/results/raw_runs/V2-B-N192-R032-C03-X02/minimum_unique_carrier_exposure__mandatory_only.toml,f3b5ce374a2c84b8d8658096657e46c8b2f9ffe726cb5639141ed698677b8307
structured,N192-R32,V2-B-N192-R032-C03-X02,multistart_random_rechecked_deletion_32,32-start random deletion,,false,true,experiments/algorithmic_compression_v2/results/raw_runs/V2-B-N192-R032-C03-X02/multistart_random_rechecked_deletion_32__mandatory_only.toml,28658e3f6ea09c476d38cb85f5c5d71e4b1af1526b19bac958780e0b691ec25d
structured,N192-R32,V2-B-N192-R032-C03-X02,random_order_rechecked_deletion,Random-order deletion,11.58569676763357,true,true,experiments/algorithmic_compression_v2/results/raw_runs/V2-B-N192-R032-C03-X02/random_order_rechecked_deletion__mandatory_only.toml,82de2b2423ccec269365c9d617cc6d4e75ac7e55073cd39e71f820c092f18872
structured,N192-R32,V2-B-N192-R032-C03-X02,weighted_greedy,Weighted greedy,2.1942217625544345,true,true,experiments/algorithmic_compression_v2/results/raw_runs/V2-B-N192-R032-C03-X02/weighted_greedy__mandatory_only.toml,9d4a5a3b2d8069f59b5350f7e1da045eb7d495a5f7aef0537662f8f7323d46f3
structured,N192-R32,V2-B-N192-R032-C03-X02,weighted_greedy_reverse_delete,Weighted greedy + reverse deletion,1.0,true,true,experiments/algorithmic_compression_v2/results/raw_runs/V2-B-N192-R032-C03-X02/weighted_greedy_reverse_delete__mandatory_only.toml,04cce6d5222094b7ec52a171522f9ffd474de69975953b9491c13f8e58b9c212
structured,N192-R32,V2-B-N192-R032-C04-X01,cardinality_greedy,Cardinality greedy,1.0,true,true,experiments/algorithmic_compression_v2/results/raw_runs/V2-B-N192-R032-C04-X01/cardinality_greedy__mandatory_only.toml,f3e3ac78851ca91a80538e0a7c5e740aa7d88a99f885a8718a796d3afb42b8f9
structured,N192-R32,V2-B-N192-R032-C04-X01,declared_source_order,Declared source order,32.32768492751099,true,true,experiments/algorithmic_compression_v2/results/raw_runs/V2-B-N192-R032-C04-X01/declared_source_order__mandatory_only.toml,16ecd6f804b1bfa90ccb7c5221a44c7d41210c20c54b6926b79b55ed09502df4
structured,N192-R32,V2-B-N192-R032-C04-X01,heaviest_safe_first,Heaviest safe first,50.45285289494556,true,true,experiments/algorithmic_compression_v2/results/raw_runs/V2-B-N192-R032-C04-X01/heaviest_safe_first__mandatory_only.toml,bb8e926685f77f711b88b9b86050a49631a8a23ab050473d39437750ec49b619
structured,N192-R32,V2-B-N192-R032-C04-X01,jump_highs_tagged_cover,HiGHS MIP,163.4144095189306,true,true,experiments/algorithmic_compression_v2/results/raw_runs/V2-B-N192-R032-C04-X01/jump_highs_tagged_cover__full_fixed_point.toml,62a19223a98a492dca7debaab831a1422957a22793bf397171ea9cbb5a6cbd34
structured,N192-R32,V2-B-N192-R032-C04-X01,lightest_safe_first,Lightest safe first,39.80032948890175,true,true,experiments/algorithmic_compression_v2/results/raw_runs/V2-B-N192-R032-C04-X01/lightest_safe_first__mandatory_only.toml,223f1617323d1b425853387ef31cb80fae1ac6682f8e78b6edbd1528e4e73681
structured,N192-R32,V2-B-N192-R032-C04-X01,maximum_immediate_burden_release,Maximum immediate release,47.49791428794356,true,true,experiments/algorithmic_compression_v2/results/raw_runs/V2-B-N192-R032-C04-X01/maximum_immediate_burden_release__mandatory_only.toml,33b398bc2eedff61203cfba2366b102fe7eff280488465d4dbf23a2c4ab97545
structured,N192-R32,V2-B-N192-R032-C04-X01,minimum_unique_carrier_exposure,Minimum unique-carrier exposure,48.163760330475,true,true,experiments/algorithmic_compression_v2/results/raw_runs/V2-B-N192-R032-C04-X01/minimum_unique_carrier_exposure__mandatory_only.toml,82c97eacdffbb99ca5b5badcdf7b88fbc1d411d6bf6c6bbf9f8c58f92ca4eb8d
structured,N192-R32,V2-B-N192-R032-C04-X01,multistart_random_rechecked_deletion_32,32-start random deletion,1280.9650636425006,true,true,experiments/algorithmic_compression_v2/results/raw_runs/V2-B-N192-R032-C04-X01/multistart_random_rechecked_deletion_32__mandatory_only.toml,c094c1793546ed624e6e1580f251f9d13590ca426f68e3961b2c3b8075dbbd2b
structured,N192-R32,V2-B-N192-R032-C04-X01,random_order_rechecked_deletion,Random-order deletion,49.88476475666896,true,true,experiments/algorithmic_compression_v2/results/raw_runs/V2-B-N192-R032-C04-X01/random_order_rechecked_deletion__mandatory_only.toml,976c4f610e557d0de4fd15127b9b7d258f5d67eae60414ae8495368e795611b3
structured,N192-R32,V2-B-N192-R032-C04-X01,weighted_greedy,Weighted greedy,4.645068527145305,true,true,experiments/algorithmic_compression_v2/results/raw_runs/V2-B-N192-R032-C04-X01/weighted_greedy__mandatory_only.toml,52c77db19f4f3f5115a965844a2c49b54dc8feb50088a974d7715c8d44c5dbee
structured,N192-R32,V2-B-N192-R032-C04-X01,weighted_greedy_reverse_delete,Weighted greedy + reverse deletion,5.400762721505083,true,true,experiments/algorithmic_compression_v2/results/raw_runs/V2-B-N192-R032-C04-X01/weighted_greedy_reverse_delete__mandatory_only.toml,12cfa8a5275220bdbae39774b8df9aa40ce3434f8554a9b987153f14d6ac319c
structured,N192-R32,V2-B-N192-R032-C04-X02,cardinality_greedy,Cardinality greedy,2.710574998615199,true,true,experiments/algorithmic_compression_v2/results/raw_runs/V2-B-N192-R032-C04-X02/cardinality_greedy__mandatory_only.toml,ded10e6135e0a341bcb7066545b2aeb16d0d0c8f75dbb105951d73e322c87d4c
structured,N192-R32,V2-B-N192-R032-C04-X02,declared_source_order,Declared source order,12.607981912969247,true,true,experiments/algorithmic_compression_v2/results/raw_runs/V2-B-N192-R032-C04-X02/declared_source_order__mandatory_only.toml,f917d0bf9b121469dd8e99dd199ca207596ef93802101e4cb9d8f9533336b40a
structured,N192-R32,V2-B-N192-R032-C04-X02,heaviest_safe_first,Heaviest safe first,9.862080839077283,true,true,experiments/algorithmic_compression_v2/results/raw_runs/V2-B-N192-R032-C04-X02/heaviest_safe_first__mandatory_only.toml,5dc63fbce5e7a36a96836bcf60a3ced4bdf502bdabf25fa181b68dfe7f382ee8
structured,N192-R32,V2-B-N192-R032-C04-X02,jump_highs_tagged_cover,HiGHS MIP,41.63835431128492,true,true,experiments/algorithmic_compression_v2/results/raw_runs/V2-B-N192-R032-C04-X02/jump_highs_tagged_cover__full_fixed_point.toml,9e60cf623177f52c1324ba9f8f0fb4f3650aa3cb05a978c581b9eda0727a9839
structured,N192-R32,V2-B-N192-R032-C04-X02,lightest_safe_first,Lightest safe first,14.749272512192196,true,true,experiments/algorithmic_compression_v2/results/raw_runs/V2-B-N192-R032-C04-X02/lightest_safe_first__mandatory_only.toml,211b817b6e98b2c5b257411cd5e47f3bcd9f8cae18ac9d96db0196dd50de623e
structured,N192-R32,V2-B-N192-R032-C04-X02,maximum_immediate_burden_release,Maximum immediate release,13.583212834913704,true,true,experiments/algorithmic_compression_v2/results/raw_runs/V2-B-N192-R032-C04-X02/maximum_immediate_burden_release__mandatory_only.toml,8e28c04dc1be549d429566be279356efde203bc76e1e790476e43849343808be
structured,N192-R32,V2-B-N192-R032-C04-X02,minimum_unique_carrier_exposure,Minimum unique-carrier exposure,13.163687560340792,true,true,experiments/algorithmic_compression_v2/results/raw_runs/V2-B-N192-R032-C04-X02/minimum_unique_carrier_exposure__mandatory_only.toml,668d0be009fea3f2d923a29dd62d0b10f709cdc32468fe523a78e998303f6d2f
structured,N192-R32,V2-B-N192-R032-C04-X02,multistart_random_rechecked_deletion_32,32-start random deletion,395.69183175907784,true,true,experiments/algorithmic_compression_v2/results/raw_runs/V2-B-N192-R032-C04-X02/multistart_random_rechecked_deletion_32__mandatory_only.toml,6adb9e3648c8134b4e62daf336b62058c30ca28de018c49fff1f11d1db61a350
structured,N192-R32,V2-B-N192-R032-C04-X02,random_order_rechecked_deletion,Random-order deletion,11.143921211447735,true,true,experiments/algorithmic_compression_v2/results/raw_runs/V2-B-N192-R032-C04-X02/random_order_rechecked_deletion__mandatory_only.toml,031ba1340687ca43228e3fc637e36dbd3dd29f156d57ddcd92946da44097fba1
structured,N192-R32,V2-B-N192-R032-C04-X02,weighted_greedy,Weighted greedy,1.0,true,true,experiments/algorithmic_compression_v2/results/raw_runs/V2-B-N192-R032-C04-X02/weighted_greedy__mandatory_only.toml,5a6460712d37ea63b7a26a3490511a32f91fa5a87abbe4cbb040fba66c15cc65
structured,N192-R32,V2-B-N192-R032-C04-X02,weighted_greedy_reverse_delete,Weighted greedy + reverse deletion,2.1558110159478105,true,true,experiments/algorithmic_compression_v2/results/raw_runs/V2-B-N192-R032-C04-X02/weighted_greedy_reverse_delete__mandatory_only.toml,7dbe697ba895ee67bbbd02b85214aab63f5a29401e00a06c6ca0862a83a29b0d
structured,N192-R32,V2-B-N192-R032-C05-X01,cardinality_greedy,Cardinality greedy,1.0,true,true,experiments/algorithmic_compression_v2/results/raw_runs/V2-B-N192-R032-C05-X01/cardinality_greedy__mandatory_only.toml,0f9500de41c93178d5ed270ebc8284555255d29fbf63e988d05ccee3be8365f7
structured,N192-R32,V2-B-N192-R032-C05-X01,declared_source_order,Declared source order,9.75364917688228,true,true,experiments/algorithmic_compression_v2/results/raw_runs/V2-B-N192-R032-C05-X01/declared_source_order__mandatory_only.toml,77a49c6c56c18374f92dd9c573f511a954b245b50c9ac54236d433f5b90955d5
structured,N192-R32,V2-B-N192-R032-C05-X01,heaviest_safe_first,Heaviest safe first,8.00048467090885,true,true,experiments/algorithmic_compression_v2/results/raw_runs/V2-B-N192-R032-C05-X01/heaviest_safe_first__mandatory_only.toml,075fb87381267a21bf17e04068f58b94b1f861ede375f9ebba06cd03e9cc6fc4
structured,N192-R32,V2-B-N192-R032-C05-X01,jump_highs_tagged_cover,HiGHS MIP,55.54585010157293,true,true,experiments/algorithmic_compression_v2/results/raw_runs/V2-B-N192-R032-C05-X01/jump_highs_tagged_cover__full_fixed_point.toml,a5dc76f81b8425e4be1279b986d0566999d43a35fe6fea0d36df29b673f0126c
structured,N192-R32,V2-B-N192-R032-C05-X01,lightest_safe_first,Lightest safe first,8.707703208830218,true,true,experiments/algorithmic_compression_v2/results/raw_runs/V2-B-N192-R032-C05-X01/lightest_safe_first__mandatory_only.toml,d236ca7d2e6a5ccd84cfc03f5ef48a72f7c2c30dc73ffd8dd7aff219d0f5a222
structured,N192-R32,V2-B-N192-R032-C05-X01,maximum_immediate_burden_release,Maximum immediate release,9.995520765217673,true,true,experiments/algorithmic_compression_v2/results/raw_runs/V2-B-N192-R032-C05-X01/maximum_immediate_burden_release__mandatory_only.toml,1924e3dc24180b7b9bd4f10853fc9ad5f016a247ed9ab7eba08ff757228c8c73
structured,N192-R32,V2-B-N192-R032-C05-X01,minimum_unique_carrier_exposure,Minimum unique-carrier exposure,10.362104844420308,true,true,experiments/algorithmic_compression_v2/results/raw_runs/V2-B-N192-R032-C05-X01/minimum_unique_carrier_exposure__mandatory_only.toml,cec2f981023e71cdf05c5474193f7406c2597b218c11044ba4a72ca02dec09c5
structured,N192-R32,V2-B-N192-R032-C05-X01,multistart_random_rechecked_deletion_32,32-start random deletion,292.25447628407153,true,true,experiments/algorithmic_compression_v2/results/raw_runs/V2-B-N192-R032-C05-X01/multistart_random_rechecked_deletion_32__mandatory_only.toml,940046d8514b35ea4dba9693d3ab8c2167e1b73e099b81498f2d64511a2ced1c
structured,N192-R32,V2-B-N192-R032-C05-X01,random_order_rechecked_deletion,Random-order deletion,8.103527754934726,true,true,experiments/algorithmic_compression_v2/results/raw_runs/V2-B-N192-R032-C05-X01/random_order_rechecked_deletion__mandatory_only.toml,7f596dd42e94fc6cdf7372488e8ca330d18a5c4d0d10afe60bf5f541b541aa67
structured,N192-R32,V2-B-N192-R032-C05-X01,weighted_greedy,Weighted greedy,1.0100711023185185,true,true,experiments/algorithmic_compression_v2/results/raw_runs/V2-B-N192-R032-C05-X01/weighted_greedy__mandatory_only.toml,6c6a5f2f64dfc96f67be8a373449bfe97bc82f59130322273bc239c6b652371d
structured,N192-R32,V2-B-N192-R032-C05-X01,weighted_greedy_reverse_delete,Weighted greedy + reverse deletion,1.519133093459786,true,true,experiments/algorithmic_compression_v2/results/raw_runs/V2-B-N192-R032-C05-X01/weighted_greedy_reverse_delete__mandatory_only.toml,4fde0d25524c1b1dbf7536c3c236ce619e4a0addef3d9e278a1bef3485df1657
structured,N192-R32,V2-B-N192-R032-C05-X02,cardinality_greedy,Cardinality greedy,1.0,true,true,experiments/algorithmic_compression_v2/results/raw_runs/V2-B-N192-R032-C05-X02/cardinality_greedy__mandatory_only.toml,7145d8af29bbdafd3c2f4edf1cf1adb628e78ad4c5d1e8ecd432caf48ab850d6
structured,N192-R32,V2-B-N192-R032-C05-X02,declared_source_order,Declared source order,7.70561143717548,true,true,experiments/algorithmic_compression_v2/results/raw_runs/V2-B-N192-R032-C05-X02/declared_source_order__mandatory_only.toml,0c7cccbfc347d5e0a5033e2b596924ed820cb3169c51e83b73265189d36ba283
structured,N192-R32,V2-B-N192-R032-C05-X02,heaviest_safe_first,Heaviest safe first,8.461330238540162,true,true,experiments/algorithmic_compression_v2/results/raw_runs/V2-B-N192-R032-C05-X02/heaviest_safe_first__mandatory_only.toml,245aaeb88bf26830d706a7565074de5988c41f66e958be20aaa000b5880d01d9
structured,N192-R32,V2-B-N192-R032-C05-X02,jump_highs_tagged_cover,HiGHS MIP,,false,true,experiments/algorithmic_compression_v2/results/raw_runs/V2-B-N192-R032-C05-X02/jump_highs_tagged_cover__full_fixed_point.toml,4db570b0bd5c378ddb40868cea909ff8901afa4a0faf33387d3771c654ddb6bc
structured,N192-R32,V2-B-N192-R032-C05-X02,lightest_safe_first,Lightest safe first,9.779446942640824,true,true,experiments/algorithmic_compression_v2/results/raw_runs/V2-B-N192-R032-C05-X02/lightest_safe_first__mandatory_only.toml,ea0d903e37d1fb7ea9f1300912dd3db7ec74a643bd186fd85cd2371f31048aa4
structured,N192-R32,V2-B-N192-R032-C05-X02,maximum_immediate_burden_release,Maximum immediate release,10.329774486505462,true,true,experiments/algorithmic_compression_v2/results/raw_runs/V2-B-N192-R032-C05-X02/maximum_immediate_burden_release__mandatory_only.toml,30d295fa0b87b14cdafbaacaf2dafbee7b87f00c778ce654f73a2e031c424c2e
structured,N192-R32,V2-B-N192-R032-C05-X02,minimum_unique_carrier_exposure,Minimum unique-carrier exposure,6.723790531842055,true,true,experiments/algorithmic_compression_v2/results/raw_runs/V2-B-N192-R032-C05-X02/minimum_unique_carrier_exposure__mandatory_only.toml,1c0427485ec4946b2b123a367a96e5e35605519a7186545db846e80d8124ae1c
structured,N192-R32,V2-B-N192-R032-C05-X02,multistart_random_rechecked_deletion_32,32-start random deletion,247.80930581009136,true,true,experiments/algorithmic_compression_v2/results/raw_runs/V2-B-N192-R032-C05-X02/multistart_random_rechecked_deletion_32__mandatory_only.toml,96ecbba35f7b757c437fa6e8e04c9ebac8165286e2d6b428a688a636f2917d20
structured,N192-R32,V2-B-N192-R032-C05-X02,random_order_rechecked_deletion,Random-order deletion,7.3525011691717195,true,true,experiments/algorithmic_compression_v2/results/raw_runs/V2-B-N192-R032-C05-X02/random_order_rechecked_deletion__mandatory_only.toml,3c85b16ad1d9772973cca0be18c27cae51831856cea81016d4b6214673d5faef
structured,N192-R32,V2-B-N192-R032-C05-X02,weighted_greedy,Weighted greedy,1.3153813837944364,true,true,experiments/algorithmic_compression_v2/results/raw_runs/V2-B-N192-R032-C05-X02/weighted_greedy__mandatory_only.toml,966c5c0e23f960cf5c4604bf0b237f40890cd5532a99f72286d4770eec549547
structured,N192-R32,V2-B-N192-R032-C05-X02,weighted_greedy_reverse_delete,Weighted greedy + reverse deletion,1.923176726705257,true,true,experiments/algorithmic_compression_v2/results/raw_runs/V2-B-N192-R032-C05-X02/weighted_greedy_reverse_delete__mandatory_only.toml,0b8e8334cc8dd60b7c97ae6941c8958fc6503d1fb9bee556dd9ae2d0966eb35a
structured,N192-R32,V2-B-N192-R032-C06-X01,cardinality_greedy,Cardinality greedy,1.0,true,true,experiments/algorithmic_compression_v2/results/raw_runs/V2-B-N192-R032-C06-X01/cardinality_greedy__mandatory_only.toml,707b7bdaaba7b9e2bbd7890eca7bc7625668943ef3405e6663125285dcfec54f
structured,N192-R32,V2-B-N192-R032-C06-X01,declared_source_order,Declared source order,8.659214974932935,true,true,experiments/algorithmic_compression_v2/results/raw_runs/V2-B-N192-R032-C06-X01/declared_source_order__mandatory_only.toml,08d0621ece0dcc3af0bc0b468965c8ca15e1f1c348b9785140705972eb49e2b6
structured,N192-R32,V2-B-N192-R032-C06-X01,heaviest_safe_first,Heaviest safe first,9.463829097359127,true,true,experiments/algorithmic_compression_v2/results/raw_runs/V2-B-N192-R032-C06-X01/heaviest_safe_first__mandatory_only.toml,e9392d78f025922d4ee5c87116b6dacdbac169175e66ae9e9c9fd44465505fe3
structured,N192-R32,V2-B-N192-R032-C06-X01,jump_highs_tagged_cover,HiGHS MIP,43.43242140771846,true,true,experiments/algorithmic_compression_v2/results/raw_runs/V2-B-N192-R032-C06-X01/jump_highs_tagged_cover__full_fixed_point.toml,eb0f8eef298f785ea36816f546c934c2cc7a1f980384606c48d71bf42ef41518
structured,N192-R32,V2-B-N192-R032-C06-X01,lightest_safe_first,Lightest safe first,8.564981928143576,true,true,experiments/algorithmic_compression_v2/results/raw_runs/V2-B-N192-R032-C06-X01/lightest_safe_first__mandatory_only.toml,48f1f1aeb402211e7a8d7491457a89a3cc0d559c5dc358961ac7dbd7b33db5b4
structured,N192-R32,V2-B-N192-R032-C06-X01,maximum_immediate_burden_release,Maximum immediate release,7.4721156787979215,true,true,experiments/algorithmic_compression_v2/results/raw_runs/V2-B-N192-R032-C06-X01/maximum_immediate_burden_release__mandatory_only.toml,53b6a1b5916dd94714699936981b4777576b959d649a8801560dbc202827710d
structured,N192-R32,V2-B-N192-R032-C06-X01,minimum_unique_carrier_exposure,Minimum unique-carrier exposure,10.922027124393983,true,true,experiments/algorithmic_compression_v2/results/raw_runs/V2-B-N192-R032-C06-X01/minimum_unique_carrier_exposure__mandatory_only.toml,caa5965cc99479a6c7d582a71e8a63109f5905faacd05d45f7decdfe4bcc201c
structured,N192-R32,V2-B-N192-R032-C06-X01,multistart_random_rechecked_deletion_32,32-start random deletion,,false,true,experiments/algorithmic_compression_v2/results/raw_runs/V2-B-N192-R032-C06-X01/multistart_random_rechecked_deletion_32__mandatory_only.toml,d79fee31c9bc7a1fb1c8129f39c06e611238c96ef58f0d077e9c06addcef75bb
structured,N192-R32,V2-B-N192-R032-C06-X01,random_order_rechecked_deletion,Random-order deletion,8.10059881395904,true,true,experiments/algorithmic_compression_v2/results/raw_runs/V2-B-N192-R032-C06-X01/random_order_rechecked_deletion__mandatory_only.toml,25a1b7fb89d841bb39a8cdb829e59e6305cb10c5eb31c2c5938121e87137a9f0
structured,N192-R32,V2-B-N192-R032-C06-X01,weighted_greedy,Weighted greedy,1.4654520841314078,true,true,experiments/algorithmic_compression_v2/results/raw_runs/V2-B-N192-R032-C06-X01/weighted_greedy__mandatory_only.toml,9c72f0ea3087f69e4f0681b53d0854f665cf32fb35c7753344e86301f7ddc3ad
structured,N192-R32,V2-B-N192-R032-C06-X01,weighted_greedy_reverse_delete,Weighted greedy + reverse deletion,2.1167690471976335,true,true,experiments/algorithmic_compression_v2/results/raw_runs/V2-B-N192-R032-C06-X01/weighted_greedy_reverse_delete__mandatory_only.toml,a234381c3b615427387a5dd754afb7412cd5dd29de46f6946eecb6f6ef39e8cb
structured,N192-R32,V2-B-N192-R032-C06-X02,cardinality_greedy,Cardinality greedy,1.2323004222921983,true,true,experiments/algorithmic_compression_v2/results/raw_runs/V2-B-N192-R032-C06-X02/cardinality_greedy__mandatory_only.toml,5e90a0989a65b91bb575c5c565990e62f40f803a46b1fe6ada2d09162e6e0c46
structured,N192-R32,V2-B-N192-R032-C06-X02,declared_source_order,Declared source order,6.491870966537321,true,true,experiments/algorithmic_compression_v2/results/raw_runs/V2-B-N192-R032-C06-X02/declared_source_order__mandatory_only.toml,8161bdca5cb1bc18969b4ab110adc3b89583d1771245579a4e2e9cf6054db6c6
structured,N192-R32,V2-B-N192-R032-C06-X02,heaviest_safe_first,Heaviest safe first,7.673043535216656,true,true,experiments/algorithmic_compression_v2/results/raw_runs/V2-B-N192-R032-C06-X02/heaviest_safe_first__mandatory_only.toml,2adebefaa4acdc2647ad0baed5f8ffedcc55a8150b267111be7fd3470d17cf49
structured,N192-R32,V2-B-N192-R032-C06-X02,jump_highs_tagged_cover,HiGHS MIP,28.22991884520354,true,true,experiments/algorithmic_compression_v2/results/raw_runs/V2-B-N192-R032-C06-X02/jump_highs_tagged_cover__full_fixed_point.toml,85cb526e05535bde9e6d417f5c26eb47c61ac77df4739348df20f8fd38f87665
structured,N192-R32,V2-B-N192-R032-C06-X02,lightest_safe_first,Lightest safe first,6.805497092445233,true,true,experiments/algorithmic_compression_v2/results/raw_runs/V2-B-N192-R032-C06-X02/lightest_safe_first__mandatory_only.toml,fbc95470c8dfa24c9e4dabe008ec166ffa6fdbd3f6ffa03cb64240ce1d854c5b
structured,N192-R32,V2-B-N192-R032-C06-X02,maximum_immediate_burden_release,Maximum immediate release,8.436068743681057,true,true,experiments/algorithmic_compression_v2/results/raw_runs/V2-B-N192-R032-C06-X02/maximum_immediate_burden_release__mandatory_only.toml,2d225489a6ee4b1ca68e61c8b2e26500345dbbf70bc1fef984378cf9af45324e
structured,N192-R32,V2-B-N192-R032-C06-X02,minimum_unique_carrier_exposure,Minimum unique-carrier exposure,5.659257665978778,true,true,experiments/algorithmic_compression_v2/results/raw_runs/V2-B-N192-R032-C06-X02/minimum_unique_carrier_exposure__mandatory_only.toml,60f80df4d0bc58e09e4e93e71eb57231676d5820e16b97345e268ca444fe83da
structured,N192-R32,V2-B-N192-R032-C06-X02,multistart_random_rechecked_deletion_32,32-start random deletion,,false,true,experiments/algorithmic_compression_v2/results/raw_runs/V2-B-N192-R032-C06-X02/multistart_random_rechecked_deletion_32__mandatory_only.toml,cdf1a76861231a34e9cd6207e2881d007b835216d1e5dd5ea08413a2d802eac9
structured,N192-R32,V2-B-N192-R032-C06-X02,random_order_rechecked_deletion,Random-order deletion,6.923108973815094,true,true,experiments/algorithmic_compression_v2/results/raw_runs/V2-B-N192-R032-C06-X02/random_order_rechecked_deletion__mandatory_only.toml,2516d9bd81bac337e6625ea5ce91d2168dbaa4f7cc7995cb41426dbb26b5e0eb
structured,N192-R32,V2-B-N192-R032-C06-X02,weighted_greedy,Weighted greedy,1.0,true,true,experiments/algorithmic_compression_v2/results/raw_runs/V2-B-N192-R032-C06-X02/weighted_greedy__mandatory_only.toml,84fe01f1a73e69596ea8bb784c41f50781b0597ee9807d782a0251352eab56b1
structured,N192-R32,V2-B-N192-R032-C06-X02,weighted_greedy_reverse_delete,Weighted greedy + reverse deletion,1.0098245286379361,true,true,experiments/algorithmic_compression_v2/results/raw_runs/V2-B-N192-R032-C06-X02/weighted_greedy_reverse_delete__mandatory_only.toml,8636f18357ae68d2602c8cd79be7996573ff8b2f0c6ac10be4d52e526120953e
structured,N192-R32,V2-B-N192-R032-C07-X01,cardinality_greedy,Cardinality greedy,1.0,true,true,experiments/algorithmic_compression_v2/results/raw_runs/V2-B-N192-R032-C07-X01/cardinality_greedy__mandatory_only.toml,a887ffc908235fa871e4926409a01d849895fd1a67b1243946d6644adf3ffc7b
structured,N192-R32,V2-B-N192-R032-C07-X01,declared_source_order,Declared source order,13.892577325591478,true,true,experiments/algorithmic_compression_v2/results/raw_runs/V2-B-N192-R032-C07-X01/declared_source_order__mandatory_only.toml,bc67233029d831e88236c556f09a5abd926a336b66c6ba0800d51df2f4e33179
structured,N192-R32,V2-B-N192-R032-C07-X01,heaviest_safe_first,Heaviest safe first,14.248404224627258,true,true,experiments/algorithmic_compression_v2/results/raw_runs/V2-B-N192-R032-C07-X01/heaviest_safe_first__mandatory_only.toml,a1e8902ba3aae5d6d34e504c66d7468045413a7de9c49c778044add30448f2d4
structured,N192-R32,V2-B-N192-R032-C07-X01,jump_highs_tagged_cover,HiGHS MIP,37.659743623585335,true,true,experiments/algorithmic_compression_v2/results/raw_runs/V2-B-N192-R032-C07-X01/jump_highs_tagged_cover__full_fixed_point.toml,48b4064c6bfd1d62b6d65955b7d384fde3fa0ab4dad1914fee5260900a9ba1eb
structured,N192-R32,V2-B-N192-R032-C07-X01,lightest_safe_first,Lightest safe first,17.37134976389345,true,true,experiments/algorithmic_compression_v2/results/raw_runs/V2-B-N192-R032-C07-X01/lightest_safe_first__mandatory_only.toml,cb006a34e7fc89bc9592f30f15d9df4ab921f3be70d4b38ea7f4f3c75ba699b9
structured,N192-R32,V2-B-N192-R032-C07-X01,maximum_immediate_burden_release,Maximum immediate release,13.012395062390826,true,true,experiments/algorithmic_compression_v2/results/raw_runs/V2-B-N192-R032-C07-X01/maximum_immediate_burden_release__mandatory_only.toml,4ff098548f2712f9d52140f82e4a8cc8df26ec0a31ac5b0946901f8fd479643e
structured,N192-R32,V2-B-N192-R032-C07-X01,minimum_unique_carrier_exposure,Minimum unique-carrier exposure,11.979765473706665,true,true,experiments/algorithmic_compression_v2/results/raw_runs/V2-B-N192-R032-C07-X01/minimum_unique_carrier_exposure__mandatory_only.toml,4ec1034cc1c3869c1d8d38490e90a8ebf122a38e74cbf2a56290f328e2ef202d
structured,N192-R32,V2-B-N192-R032-C07-X01,multistart_random_rechecked_deletion_32,32-start random deletion,,false,true,experiments/algorithmic_compression_v2/results/raw_runs/V2-B-N192-R032-C07-X01/multistart_random_rechecked_deletion_32__mandatory_only.toml,25c9613220af2315c0516bf48b558f1fa35bf7deb1fc36ab8ede0593d8bc82fb
structured,N192-R32,V2-B-N192-R032-C07-X01,random_order_rechecked_deletion,Random-order deletion,12.119548690821635,true,true,experiments/algorithmic_compression_v2/results/raw_runs/V2-B-N192-R032-C07-X01/random_order_rechecked_deletion__mandatory_only.toml,6192f039f55fff9d2be048a5a558e744f6089f8e0254975b65f7a96a01bdf575
structured,N192-R32,V2-B-N192-R032-C07-X01,weighted_greedy,Weighted greedy,2.5216362045098593,true,true,experiments/algorithmic_compression_v2/results/raw_runs/V2-B-N192-R032-C07-X01/weighted_greedy__mandatory_only.toml,08c46501a324ef9841dfe109204374e34679aae525e2f45fb082a3b619b01eee
structured,N192-R32,V2-B-N192-R032-C07-X01,weighted_greedy_reverse_delete,Weighted greedy + reverse deletion,2.21646421561683,true,true,experiments/algorithmic_compression_v2/results/raw_runs/V2-B-N192-R032-C07-X01/weighted_greedy_reverse_delete__mandatory_only.toml,42d67c10b18ef31a834c059e5b213638a8eafbf444a9d9c0b78a43f84164bee2
structured,N192-R32,V2-B-N192-R032-C07-X02,cardinality_greedy,Cardinality greedy,1.1039779353775159,true,true,experiments/algorithmic_compression_v2/results/raw_runs/V2-B-N192-R032-C07-X02/cardinality_greedy__mandatory_only.toml,d37f45879dd06e8c489b19e3d68c9d6ba35bbfc9f3d5dfed3ed9662dc6e32ec5
structured,N192-R32,V2-B-N192-R032-C07-X02,declared_source_order,Declared source order,8.34982414649789,true,true,experiments/algorithmic_compression_v2/results/raw_runs/V2-B-N192-R032-C07-X02/declared_source_order__mandatory_only.toml,49a9c7b0cf9ab9a2ba9e821580d4d9125d9e999e4fd17be502cf5820a7b9be0b
structured,N192-R32,V2-B-N192-R032-C07-X02,heaviest_safe_first,Heaviest safe first,11.619345831429824,true,true,experiments/algorithmic_compression_v2/results/raw_runs/V2-B-N192-R032-C07-X02/heaviest_safe_first__mandatory_only.toml,883daae045d711a088d2ac9f0949ce6d11a79538a05472adb3fd52d229d6f991
structured,N192-R32,V2-B-N192-R032-C07-X02,jump_highs_tagged_cover,HiGHS MIP,18.176489711594805,true,true,experiments/algorithmic_compression_v2/results/raw_runs/V2-B-N192-R032-C07-X02/jump_highs_tagged_cover__full_fixed_point.toml,d1c1173b3dc407d5551c01674adaebfc9901011cf1f5da4276fb586024160a35
structured,N192-R32,V2-B-N192-R032-C07-X02,lightest_safe_first,Lightest safe first,10.201681864682568,true,true,experiments/algorithmic_compression_v2/results/raw_runs/V2-B-N192-R032-C07-X02/lightest_safe_first__mandatory_only.toml,462adecb0cfe125362001b62b7dc8f14923ea75a5dada1f4653f73bb09d4c831
structured,N192-R32,V2-B-N192-R032-C07-X02,maximum_immediate_burden_release,Maximum immediate release,6.29258146200459,true,true,experiments/algorithmic_compression_v2/results/raw_runs/V2-B-N192-R032-C07-X02/maximum_immediate_burden_release__mandatory_only.toml,199ae7d303d31a78d924e868b769e7c49f9979f6fec220337105dddca2409430
structured,N192-R32,V2-B-N192-R032-C07-X02,minimum_unique_carrier_exposure,Minimum unique-carrier exposure,6.551498841958665,true,true,experiments/algorithmic_compression_v2/results/raw_runs/V2-B-N192-R032-C07-X02/minimum_unique_carrier_exposure__mandatory_only.toml,bae17cca39b9b05db489082a087a283239700f70f568dc4b6da6eeb44314738f
structured,N192-R32,V2-B-N192-R032-C07-X02,multistart_random_rechecked_deletion_32,32-start random deletion,,false,true,experiments/algorithmic_compression_v2/results/raw_runs/V2-B-N192-R032-C07-X02/multistart_random_rechecked_deletion_32__mandatory_only.toml,da4eb00741362f8833d141094b119f843a07a49143176b82cefcc1a055e98002
structured,N192-R32,V2-B-N192-R032-C07-X02,random_order_rechecked_deletion,Random-order deletion,8.638377825521706,true,true,experiments/algorithmic_compression_v2/results/raw_runs/V2-B-N192-R032-C07-X02/random_order_rechecked_deletion__mandatory_only.toml,ece7ba2ed6eb8bb20498ea377dd50deffc8bdd007b3a30c9edad0692ad39f9b2
structured,N192-R32,V2-B-N192-R032-C07-X02,weighted_greedy,Weighted greedy,1.2791561427155098,true,true,experiments/algorithmic_compression_v2/results/raw_runs/V2-B-N192-R032-C07-X02/weighted_greedy__mandatory_only.toml,f18b8bb42f53e9d1927e245db30de08b7750d3e897688a81489f3a1e6863dc8c
structured,N192-R32,V2-B-N192-R032-C07-X02,weighted_greedy_reverse_delete,Weighted greedy + reverse deletion,1.0,true,true,experiments/algorithmic_compression_v2/results/raw_runs/V2-B-N192-R032-C07-X02/weighted_greedy_reverse_delete__mandatory_only.toml,107766ac6fa43b1bd7b8aaefb8f0edec74efe85aa9f7588d563a035342eaa5f0
structured,N192-R32,V2-B-N192-R032-C08-X01,cardinality_greedy,Cardinality greedy,1.3791412508062866,true,true,experiments/algorithmic_compression_v2/results/raw_runs/V2-B-N192-R032-C08-X01/cardinality_greedy__mandatory_only.toml,93bb44eddc7b9f1fee2a67a123a64a0f864bce6454232d4d24abb03fa8c017f9
structured,N192-R32,V2-B-N192-R032-C08-X01,declared_source_order,Declared source order,9.860518747384033,true,true,experiments/algorithmic_compression_v2/results/raw_runs/V2-B-N192-R032-C08-X01/declared_source_order__mandatory_only.toml,e8aa3f073b4efdeb0d54004f9ca8692b6be305ee7f7e8df19fb4f5d1c54f968b
structured,N192-R32,V2-B-N192-R032-C08-X01,heaviest_safe_first,Heaviest safe first,10.906596177342278,true,true,experiments/algorithmic_compression_v2/results/raw_runs/V2-B-N192-R032-C08-X01/heaviest_safe_first__mandatory_only.toml,2058c678a2fca2a9fbbaf4edaa4f508929cf7b23981c1bc561b0e56218ea0cf6
structured,N192-R32,V2-B-N192-R032-C08-X01,jump_highs_tagged_cover,HiGHS MIP,35.00294522755137,true,true,experiments/algorithmic_compression_v2/results/raw_runs/V2-B-N192-R032-C08-X01/jump_highs_tagged_cover__full_fixed_point.toml,5f2d79ef8788a8480337d85ef96fcaef7b88a3a4d432f72de07bc66a9634e511
structured,N192-R32,V2-B-N192-R032-C08-X01,lightest_safe_first,Lightest safe first,7.681197989032917,true,true,experiments/algorithmic_compression_v2/results/raw_runs/V2-B-N192-R032-C08-X01/lightest_safe_first__mandatory_only.toml,941c55d7af53952b6bca6c688c1ec4414a40f61f4acb8aebdbeefab8487b456b
structured,N192-R32,V2-B-N192-R032-C08-X01,maximum_immediate_burden_release,Maximum immediate release,12.353458085538595,true,true,experiments/algorithmic_compression_v2/results/raw_runs/V2-B-N192-R032-C08-X01/maximum_immediate_burden_release__mandatory_only.toml,147fdda89cc8d8824f62bff50bf23eba7245a3107915b1ad64bf1e6cb47df5a9
structured,N192-R32,V2-B-N192-R032-C08-X01,minimum_unique_carrier_exposure,Minimum unique-carrier exposure,12.19460390710945,true,true,experiments/algorithmic_compression_v2/results/raw_runs/V2-B-N192-R032-C08-X01/minimum_unique_carrier_exposure__mandatory_only.toml,1b4795e651d24892da94c36b3996d7da7befe20d36b1c9541b2dfd2837bd459d
structured,N192-R32,V2-B-N192-R032-C08-X01,multistart_random_rechecked_deletion_32,32-start random deletion,288.586598120367,true,true,experiments/algorithmic_compression_v2/results/raw_runs/V2-B-N192-R032-C08-X01/multistart_random_rechecked_deletion_32__mandatory_only.toml,11a43d49762dc74880abf395bb80f98dfc18f5efb78ce9dcbe676cac613f4b5e
structured,N192-R32,V2-B-N192-R032-C08-X01,random_order_rechecked_deletion,Random-order deletion,9.10071609350436,true,true,experiments/algorithmic_compression_v2/results/raw_runs/V2-B-N192-R032-C08-X01/random_order_rechecked_deletion__mandatory_only.toml,d24b8cac4ba4f99c649a3b2aa6be4114513d5afa85fc1f93aaa6a0dcc04cb8bd
structured,N192-R32,V2-B-N192-R032-C08-X01,weighted_greedy,Weighted greedy,1.6424073441254459,true,true,experiments/algorithmic_compression_v2/results/raw_runs/V2-B-N192-R032-C08-X01/weighted_greedy__mandatory_only.toml,b91c2900cbe11001cb65bd1f5103d96e14766aa9f84c6c6e01600f30d808636c
structured,N192-R32,V2-B-N192-R032-C08-X01,weighted_greedy_reverse_delete,Weighted greedy + reverse deletion,1.0,true,true,experiments/algorithmic_compression_v2/results/raw_runs/V2-B-N192-R032-C08-X01/weighted_greedy_reverse_delete__mandatory_only.toml,4299d54ba99cc98f4ca7802ab753661443e35ef9becc9da92ba4682a91121627
structured,N192-R32,V2-B-N192-R032-C08-X02,cardinality_greedy,Cardinality greedy,1.0,true,true,experiments/algorithmic_compression_v2/results/raw_runs/V2-B-N192-R032-C08-X02/cardinality_greedy__mandatory_only.toml,62d7d8b6e38bcb14f85a87a4d730f10eda088f321f11c876555b90ec32fc35c3
structured,N192-R32,V2-B-N192-R032-C08-X02,declared_source_order,Declared source order,6.278018212391605,true,true,experiments/algorithmic_compression_v2/results/raw_runs/V2-B-N192-R032-C08-X02/declared_source_order__mandatory_only.toml,f4feb69f6d465cd011337007e63ac516d0d24186110e79a7fcefe4262c4f6876
structured,N192-R32,V2-B-N192-R032-C08-X02,heaviest_safe_first,Heaviest safe first,8.77144155574293,true,true,experiments/algorithmic_compression_v2/results/raw_runs/V2-B-N192-R032-C08-X02/heaviest_safe_first__mandatory_only.toml,8cbc2b5d7c0341aaa163b2f49bc2a8cfcd4d2eb5d80b723822f9e431035c519e
structured,N192-R32,V2-B-N192-R032-C08-X02,jump_highs_tagged_cover,HiGHS MIP,17.884617680875625,true,true,experiments/algorithmic_compression_v2/results/raw_runs/V2-B-N192-R032-C08-X02/jump_highs_tagged_cover__full_fixed_point.toml,37449adf77b04e2509f87614b66a221499d45f3aecafaeff2569ad74e0bfe8c6
structured,N192-R32,V2-B-N192-R032-C08-X02,lightest_safe_first,Lightest safe first,5.418123991350449,true,true,experiments/algorithmic_compression_v2/results/raw_runs/V2-B-N192-R032-C08-X02/lightest_safe_first__mandatory_only.toml,2c3e22b8cc75a191efdec67cec1073c840e957dbd763d175d92b2a20dd24bbd1
structured,N192-R32,V2-B-N192-R032-C08-X02,maximum_immediate_burden_release,Maximum immediate release,6.173236690630843,true,true,experiments/algorithmic_compression_v2/results/raw_runs/V2-B-N192-R032-C08-X02/maximum_immediate_burden_release__mandatory_only.toml,038c21b0861404acfb2ff257d44309d3f2bbf017bb13ece3ef98174dff23dcf7
structured,N192-R32,V2-B-N192-R032-C08-X02,minimum_unique_carrier_exposure,Minimum unique-carrier exposure,5.530061418548484,true,true,experiments/algorithmic_compression_v2/results/raw_runs/V2-B-N192-R032-C08-X02/minimum_unique_carrier_exposure__mandatory_only.toml,719d4a457f3a8304720be0bea6893cd91cf6938286e0947b0d7b2b35b78f1ac3
structured,N192-R32,V2-B-N192-R032-C08-X02,multistart_random_rechecked_deletion_32,32-start random deletion,197.25076440804347,true,true,experiments/algorithmic_compression_v2/results/raw_runs/V2-B-N192-R032-C08-X02/multistart_random_rechecked_deletion_32__mandatory_only.toml,101b9c3d68363df4d32664674d9b32de3e57a882aed50225a2c9e902096ed862
structured,N192-R32,V2-B-N192-R032-C08-X02,random_order_rechecked_deletion,Random-order deletion,5.760977734095353,true,true,experiments/algorithmic_compression_v2/results/raw_runs/V2-B-N192-R032-C08-X02/random_order_rechecked_deletion__mandatory_only.toml,834b3acc4e0d8474ba7f381c19454e5712972a911301c04110d5b0264e795dfe
structured,N192-R32,V2-B-N192-R032-C08-X02,weighted_greedy,Weighted greedy,1.289365144449319,true,true,experiments/algorithmic_compression_v2/results/raw_runs/V2-B-N192-R032-C08-X02/weighted_greedy__mandatory_only.toml,a7ca93e596770ec6485df5bb3805b8e29e6a2e6c80bbf28a69a20e975ccf139b
structured,N192-R32,V2-B-N192-R032-C08-X02,weighted_greedy_reverse_delete,Weighted greedy + reverse deletion,1.6056614960724365,true,true,experiments/algorithmic_compression_v2/results/raw_runs/V2-B-N192-R032-C08-X02/weighted_greedy_reverse_delete__mandatory_only.toml,9ad1fce4b07f2d646a7a74e738664a90dcc68d51b97ebbd295328f7a478cfb1e
structured,N192-R32,V2-B-N192-R032-C09-X01,cardinality_greedy,Cardinality greedy,,false,false,experiments/algorithmic_compression_v2/results/raw_runs/V2-B-N192-R032-C09-X01/cardinality_greedy__mandatory_only.toml,732e288bd73d51ac8b3297f7cc2a617764232aab430bc9ca4e8e5723c4512892
structured,N192-R32,V2-B-N192-R032-C09-X01,declared_source_order,Declared source order,,false,false,experiments/algorithmic_compression_v2/results/raw_runs/V2-B-N192-R032-C09-X01/declared_source_order__mandatory_only.toml,99cc20f68914c6351f8f3eb7addf325a57878e0486e079911353775b2ea435f1
structured,N192-R32,V2-B-N192-R032-C09-X01,heaviest_safe_first,Heaviest safe first,,false,false,experiments/algorithmic_compression_v2/results/raw_runs/V2-B-N192-R032-C09-X01/heaviest_safe_first__mandatory_only.toml,c6370aec454a7b6ac1c8b2a0cae13ba557a7b2785ec5d21ecfd4cd790c6a6fe1
structured,N192-R32,V2-B-N192-R032-C09-X01,jump_highs_tagged_cover,HiGHS MIP,,false,false,experiments/algorithmic_compression_v2/results/raw_runs/V2-B-N192-R032-C09-X01/jump_highs_tagged_cover__full_fixed_point.toml,fcb3197f0b8c948a8ae6d6c4f59e20061f2fc2f881f23368e567392e2eba7d2f
structured,N192-R32,V2-B-N192-R032-C09-X01,lightest_safe_first,Lightest safe first,,false,false,experiments/algorithmic_compression_v2/results/raw_runs/V2-B-N192-R032-C09-X01/lightest_safe_first__mandatory_only.toml,8bff38738b47d666259134bd79536430d7456bf2ecfa5f526eb2eca9f1fd993b
structured,N192-R32,V2-B-N192-R032-C09-X01,maximum_immediate_burden_release,Maximum immediate release,,false,false,experiments/algorithmic_compression_v2/results/raw_runs/V2-B-N192-R032-C09-X01/maximum_immediate_burden_release__mandatory_only.toml,6873338f556400a6c53bcbe5bfb776b5a3dbe6616955c7f6e32c1b8079332f74
structured,N192-R32,V2-B-N192-R032-C09-X01,minimum_unique_carrier_exposure,Minimum unique-carrier exposure,,false,false,experiments/algorithmic_compression_v2/results/raw_runs/V2-B-N192-R032-C09-X01/minimum_unique_carrier_exposure__mandatory_only.toml,f76a80908a8787acb47908a3c35edbf6993cb3d0292cb65119a62eb820ca1406
structured,N192-R32,V2-B-N192-R032-C09-X01,multistart_random_rechecked_deletion_32,32-start random deletion,,false,false,experiments/algorithmic_compression_v2/results/raw_runs/V2-B-N192-R032-C09-X01/multistart_random_rechecked_deletion_32__mandatory_only.toml,defa4b28576364ee98e6c667ad954fb0307c22d6b73a682a184da1b0c356eea7
structured,N192-R32,V2-B-N192-R032-C09-X01,random_order_rechecked_deletion,Random-order deletion,,false,false,experiments/algorithmic_compression_v2/results/raw_runs/V2-B-N192-R032-C09-X01/random_order_rechecked_deletion__mandatory_only.toml,0e11265c2d8cfbeb8b0a540976cefdb571e5bf0ae60e6f955e38a5b896626ef7
structured,N192-R32,V2-B-N192-R032-C09-X01,weighted_greedy,Weighted greedy,,false,false,experiments/algorithmic_compression_v2/results/raw_runs/V2-B-N192-R032-C09-X01/weighted_greedy__mandatory_only.toml,785af7ba10057130aa7e25aa88b13e8abbb1c362ef227163fc4c9f70eae6a470
structured,N192-R32,V2-B-N192-R032-C09-X01,weighted_greedy_reverse_delete,Weighted greedy + reverse deletion,,false,false,experiments/algorithmic_compression_v2/results/raw_runs/V2-B-N192-R032-C09-X01/weighted_greedy_reverse_delete__mandatory_only.toml,0ea5db5e3f549d13b6c62d029a895deafc048736ceb652d0fbcb8324a709ec01
structured,N192-R32,V2-B-N192-R032-C09-X02,cardinality_greedy,Cardinality greedy,,false,false,experiments/algorithmic_compression_v2/results/raw_runs/V2-B-N192-R032-C09-X02/cardinality_greedy__mandatory_only.toml,7d3836b5c91c33798f67486c6e6fd23ce184a3425fb7c5327d1169221e784464
structured,N192-R32,V2-B-N192-R032-C09-X02,declared_source_order,Declared source order,,false,false,experiments/algorithmic_compression_v2/results/raw_runs/V2-B-N192-R032-C09-X02/declared_source_order__mandatory_only.toml,e5746eae19f3064f61ac8b92a86febea1569db581c5018842f7af3d7a8add69b
structured,N192-R32,V2-B-N192-R032-C09-X02,heaviest_safe_first,Heaviest safe first,,false,false,experiments/algorithmic_compression_v2/results/raw_runs/V2-B-N192-R032-C09-X02/heaviest_safe_first__mandatory_only.toml,ee33ec5c18cd1563fa8f762fd936f663c8cddc30c656b5bc53e49041a40879fd
structured,N192-R32,V2-B-N192-R032-C09-X02,jump_highs_tagged_cover,HiGHS MIP,,false,false,experiments/algorithmic_compression_v2/results/raw_runs/V2-B-N192-R032-C09-X02/jump_highs_tagged_cover__full_fixed_point.toml,9df27ba6ec7cd3dd0569de0d67098e6f0c429c2a5c1a72aad78623e755e63e94
structured,N192-R32,V2-B-N192-R032-C09-X02,lightest_safe_first,Lightest safe first,,false,false,experiments/algorithmic_compression_v2/results/raw_runs/V2-B-N192-R032-C09-X02/lightest_safe_first__mandatory_only.toml,55da566c2ff6dbfc8eca219a97221b8df704eb7f15cab4933d9f14f7d2925067
structured,N192-R32,V2-B-N192-R032-C09-X02,maximum_immediate_burden_release,Maximum immediate release,,false,false,experiments/algorithmic_compression_v2/results/raw_runs/V2-B-N192-R032-C09-X02/maximum_immediate_burden_release__mandatory_only.toml,6e44e54d0b0f43ead998fef94296d69eb5907221ff9751310e583c82fb58ca4b
structured,N192-R32,V2-B-N192-R032-C09-X02,minimum_unique_carrier_exposure,Minimum unique-carrier exposure,,false,false,experiments/algorithmic_compression_v2/results/raw_runs/V2-B-N192-R032-C09-X02/minimum_unique_carrier_exposure__mandatory_only.toml,f25ebf67733bf2e09e32661b5270c1e5db6cc8b621ef3c82678ca896b228aa69
structured,N192-R32,V2-B-N192-R032-C09-X02,multistart_random_rechecked_deletion_32,32-start random deletion,,false,false,experiments/algorithmic_compression_v2/results/raw_runs/V2-B-N192-R032-C09-X02/multistart_random_rechecked_deletion_32__mandatory_only.toml,c515609098395cef26f9855f46a490d0a22d3e20a2c170f164701b379c64e8a2
structured,N192-R32,V2-B-N192-R032-C09-X02,random_order_rechecked_deletion,Random-order deletion,,false,false,experiments/algorithmic_compression_v2/results/raw_runs/V2-B-N192-R032-C09-X02/random_order_rechecked_deletion__mandatory_only.toml,41311413e0051b063c58f6bfb1c2038c8e0ccd51b5f5df4a26f5f89808203a24
structured,N192-R32,V2-B-N192-R032-C09-X02,weighted_greedy,Weighted greedy,,false,false,experiments/algorithmic_compression_v2/results/raw_runs/V2-B-N192-R032-C09-X02/weighted_greedy__mandatory_only.toml,2856e7e1e4f7f9692f49befbfdde12ba4afc2f9938681a9056a4997dd1603d9a
structured,N192-R32,V2-B-N192-R032-C09-X02,weighted_greedy_reverse_delete,Weighted greedy + reverse deletion,,false,false,experiments/algorithmic_compression_v2/results/raw_runs/V2-B-N192-R032-C09-X02/weighted_greedy_reverse_delete__mandatory_only.toml,f2bf00644871a2c566e48b0f89fe75484dbdbaed260d1e986edd3673628925c5
structured,N192-R32,V2-B-N192-R032-C10-X01,cardinality_greedy,Cardinality greedy,4.033411868003258,true,true,experiments/algorithmic_compression_v2/results/raw_runs/V2-B-N192-R032-C10-X01/cardinality_greedy__mandatory_only.toml,baa5526b1fd698333a16ae66962c2bfdc4c3b43a4f8cda4508c2379bf3fa4c4b
structured,N192-R32,V2-B-N192-R032-C10-X01,declared_source_order,Declared source order,14.700023633194412,true,true,experiments/algorithmic_compression_v2/results/raw_runs/V2-B-N192-R032-C10-X01/declared_source_order__mandatory_only.toml,d8ffb5e2b2f085285f4f0ea7e32af0e51c70b1424d2f2ee8795f775e9253487f
structured,N192-R32,V2-B-N192-R032-C10-X01,heaviest_safe_first,Heaviest safe first,15.191897870574556,true,true,experiments/algorithmic_compression_v2/results/raw_runs/V2-B-N192-R032-C10-X01/heaviest_safe_first__mandatory_only.toml,0eb0c14717d27abe583b804f2eb61ee9545695e739b2c006f64ce7ff8acc048e
structured,N192-R32,V2-B-N192-R032-C10-X01,jump_highs_tagged_cover,HiGHS MIP,64.80525526856461,true,true,experiments/algorithmic_compression_v2/results/raw_runs/V2-B-N192-R032-C10-X01/jump_highs_tagged_cover__full_fixed_point.toml,a024ace71de2a42e949333c644b1f998ecc1c15411b2736b36c9f49ef30f4ec2
structured,N192-R32,V2-B-N192-R032-C10-X01,lightest_safe_first,Lightest safe first,15.354153101502297,true,true,experiments/algorithmic_compression_v2/results/raw_runs/V2-B-N192-R032-C10-X01/lightest_safe_first__mandatory_only.toml,cedd7ff8ead3f205547fca0e21003421909ab03c4fe7494593088517f35f00dd
structured,N192-R32,V2-B-N192-R032-C10-X01,maximum_immediate_burden_release,Maximum immediate release,20.146891401325462,true,true,experiments/algorithmic_compression_v2/results/raw_runs/V2-B-N192-R032-C10-X01/maximum_immediate_burden_release__mandatory_only.toml,fcffdbbcf83022a16282de6cbd7ef881850bf5d2003aa5136927dbcbd660c846
structured,N192-R32,V2-B-N192-R032-C10-X01,minimum_unique_carrier_exposure,Minimum unique-carrier exposure,21.7109064307987,true,true,experiments/algorithmic_compression_v2/results/raw_runs/V2-B-N192-R032-C10-X01/minimum_unique_carrier_exposure__mandatory_only.toml,3c1e8d0b693f0adcc3d21eefcbe1b5feeee88c8bb2d36e6ad4a1576d8cc23a2d
structured,N192-R32,V2-B-N192-R032-C10-X01,multistart_random_rechecked_deletion_32,32-start random deletion,,false,true,experiments/algorithmic_compression_v2/results/raw_runs/V2-B-N192-R032-C10-X01/multistart_random_rechecked_deletion_32__mandatory_only.toml,92e549b2405313ebc81d752c3c67b0f38208c526164616070a3397660f75b6c1
structured,N192-R32,V2-B-N192-R032-C10-X01,random_order_rechecked_deletion,Random-order deletion,18.126430533467104,true,true,experiments/algorithmic_compression_v2/results/raw_runs/V2-B-N192-R032-C10-X01/random_order_rechecked_deletion__mandatory_only.toml,61a09c3bf539156eb5551a536c2e5f71aa0ec45007762dec3184533fb503b1dd
structured,N192-R32,V2-B-N192-R032-C10-X01,weighted_greedy,Weighted greedy,1.0,true,true,experiments/algorithmic_compression_v2/results/raw_runs/V2-B-N192-R032-C10-X01/weighted_greedy__mandatory_only.toml,dd2a016c9437023b71256d8029637a6c7c12f307686e3f159bf3cfa9c46c81db
structured,N192-R32,V2-B-N192-R032-C10-X01,weighted_greedy_reverse_delete,Weighted greedy + reverse deletion,1.1760370063484478,true,true,experiments/algorithmic_compression_v2/results/raw_runs/V2-B-N192-R032-C10-X01/weighted_greedy_reverse_delete__mandatory_only.toml,704cdc742ad37694c199ffefd1ef046628ac90d56f62c4d66450a51e8e59b04d
structured,N192-R32,V2-B-N192-R032-C10-X02,cardinality_greedy,Cardinality greedy,1.0253042448117302,true,true,experiments/algorithmic_compression_v2/results/raw_runs/V2-B-N192-R032-C10-X02/cardinality_greedy__mandatory_only.toml,7eaed994f7c8033680317dbbfaab1d6f4e34d5674c6eab6cc7f3ebd462267a8c
structured,N192-R32,V2-B-N192-R032-C10-X02,declared_source_order,Declared source order,5.2786055143680235,true,true,experiments/algorithmic_compression_v2/results/raw_runs/V2-B-N192-R032-C10-X02/declared_source_order__mandatory_only.toml,6996d24a20b6e01ed8182cd616db1ae37888454d10c32535dd33229bdd5792bd
structured,N192-R32,V2-B-N192-R032-C10-X02,heaviest_safe_first,Heaviest safe first,4.270143114382821,true,true,experiments/algorithmic_compression_v2/results/raw_runs/V2-B-N192-R032-C10-X02/heaviest_safe_first__mandatory_only.toml,9fc745545cea840a00f54b8d8eb266d69e16730a7ecd7b5b6afa591bb3be8ec2
structured,N192-R32,V2-B-N192-R032-C10-X02,jump_highs_tagged_cover,HiGHS MIP,21.15767952272598,true,true,experiments/algorithmic_compression_v2/results/raw_runs/V2-B-N192-R032-C10-X02/jump_highs_tagged_cover__full_fixed_point.toml,b6eef306c81025c329bf3c1021df8aab55896a2710c93bedc33a1b8dc55e6547
structured,N192-R32,V2-B-N192-R032-C10-X02,lightest_safe_first,Lightest safe first,4.49700302430119,true,true,experiments/algorithmic_compression_v2/results/raw_runs/V2-B-N192-R032-C10-X02/lightest_safe_first__mandatory_only.toml,cb0c781edbe211f7e4eee1d8783b0fd3b66db1d060083256592ca7cb67f38168
structured,N192-R32,V2-B-N192-R032-C10-X02,maximum_immediate_burden_release,Maximum immediate release,6.2831167426221874,true,true,experiments/algorithmic_compression_v2/results/raw_runs/V2-B-N192-R032-C10-X02/maximum_immediate_burden_release__mandatory_only.toml,eec045579ab02f268b311d52174a52d419b8fac7559d41a29a80194384de6087
structured,N192-R32,V2-B-N192-R032-C10-X02,minimum_unique_carrier_exposure,Minimum unique-carrier exposure,5.9433278680484305,true,true,experiments/algorithmic_compression_v2/results/raw_runs/V2-B-N192-R032-C10-X02/minimum_unique_carrier_exposure__mandatory_only.toml,7c86023def16bcfb3458807ce8415f90fb6fed78aface74c7719a712f5cdfeec
structured,N192-R32,V2-B-N192-R032-C10-X02,multistart_random_rechecked_deletion_32,32-start random deletion,,false,true,experiments/algorithmic_compression_v2/results/raw_runs/V2-B-N192-R032-C10-X02/multistart_random_rechecked_deletion_32__mandatory_only.toml,9478ef603f1833175cb84233fde4ed1b79ba822e0545a4f4050673687fa1476d
structured,N192-R32,V2-B-N192-R032-C10-X02,random_order_rechecked_deletion,Random-order deletion,4.878788095727218,true,true,experiments/algorithmic_compression_v2/results/raw_runs/V2-B-N192-R032-C10-X02/random_order_rechecked_deletion__mandatory_only.toml,b3eb18eabf50be3a1d14fd9b9709509de38a5bf34bb9523f2fe2c83b64f6324f
structured,N192-R32,V2-B-N192-R032-C10-X02,weighted_greedy,Weighted greedy,1.0,true,true,experiments/algorithmic_compression_v2/results/raw_runs/V2-B-N192-R032-C10-X02/weighted_greedy__mandatory_only.toml,f636a09cfd2fb63550c3473556970c8fa55e5e9c0e72e6c29366adf2bd4a480b
structured,N192-R32,V2-B-N192-R032-C10-X02,weighted_greedy_reverse_delete,Weighted greedy + reverse deletion,1.1517177543099306,true,true,experiments/algorithmic_compression_v2/results/raw_runs/V2-B-N192-R032-C10-X02/weighted_greedy_reverse_delete__mandatory_only.toml,66d7d6a6fd81f43f90573ef2c2b9e4382286c965a397f5b5a43abcc28d706f35
structured,N192-R32,V2-B-N192-R032-C11-X01,cardinality_greedy,Cardinality greedy,1.318605792410924,true,true,experiments/algorithmic_compression_v2/results/raw_runs/V2-B-N192-R032-C11-X01/cardinality_greedy__mandatory_only.toml,ba7a7333df72c15666a39059cf345baa56182f02ba19c0f9c5ffadf71a26997b
structured,N192-R32,V2-B-N192-R032-C11-X01,declared_source_order,Declared source order,13.173961947250763,true,true,experiments/algorithmic_compression_v2/results/raw_runs/V2-B-N192-R032-C11-X01/declared_source_order__mandatory_only.toml,7cabacbf60ed90dac1aadb48f184ecaa5c78f2e0e0f0971133f05c11316f6d70
structured,N192-R32,V2-B-N192-R032-C11-X01,heaviest_safe_first,Heaviest safe first,10.446205004528256,true,true,experiments/algorithmic_compression_v2/results/raw_runs/V2-B-N192-R032-C11-X01/heaviest_safe_first__mandatory_only.toml,dd35aaf606c3315dd999663ab18fca0dc8edebf36e5b3315bad6127c2c1be5e8
structured,N192-R32,V2-B-N192-R032-C11-X01,jump_highs_tagged_cover,HiGHS MIP,33.88526157714235,true,true,experiments/algorithmic_compression_v2/results/raw_runs/V2-B-N192-R032-C11-X01/jump_highs_tagged_cover__full_fixed_point.toml,e6f290ca612c04b9110b75e291c15f590fd74dd9fa3f2b563d080cf7e6120743
structured,N192-R32,V2-B-N192-R032-C11-X01,lightest_safe_first,Lightest safe first,8.808314864183647,true,true,experiments/algorithmic_compression_v2/results/raw_runs/V2-B-N192-R032-C11-X01/lightest_safe_first__mandatory_only.toml,2921c988f72bfe92199a592ea83034d37256d87772da4736f2c4b44dd09febbd
structured,N192-R32,V2-B-N192-R032-C11-X01,maximum_immediate_burden_release,Maximum immediate release,10.456295077562919,true,true,experiments/algorithmic_compression_v2/results/raw_runs/V2-B-N192-R032-C11-X01/maximum_immediate_burden_release__mandatory_only.toml,a010661e315b96affa8f323040c31b5a827ef459b7664184e514a94b7bac3d39
structured,N192-R32,V2-B-N192-R032-C11-X01,minimum_unique_carrier_exposure,Minimum unique-carrier exposure,10.087451813926034,true,true,experiments/algorithmic_compression_v2/results/raw_runs/V2-B-N192-R032-C11-X01/minimum_unique_carrier_exposure__mandatory_only.toml,48e482442c8554364600f15974003571684251c892381032bb6fa7ebb0d3afa7
structured,N192-R32,V2-B-N192-R032-C11-X01,multistart_random_rechecked_deletion_32,32-start random deletion,275.54957897580067,true,true,experiments/algorithmic_compression_v2/results/raw_runs/V2-B-N192-R032-C11-X01/multistart_random_rechecked_deletion_32__mandatory_only.toml,d1060b6b02636e5f0d888600a86d015d018a6ddb31bf7cde18ae137d3d35d449
structured,N192-R32,V2-B-N192-R032-C11-X01,random_order_rechecked_deletion,Random-order deletion,8.734070099602352,true,true,experiments/algorithmic_compression_v2/results/raw_runs/V2-B-N192-R032-C11-X01/random_order_rechecked_deletion__mandatory_only.toml,ba6ba0a66cd5d4bafc2240df8618960d6fded5bd8a55f3c07fda5ccf6ea848a4
structured,N192-R32,V2-B-N192-R032-C11-X01,weighted_greedy,Weighted greedy,1.853553440390494,true,true,experiments/algorithmic_compression_v2/results/raw_runs/V2-B-N192-R032-C11-X01/weighted_greedy__mandatory_only.toml,c23d17f6277501527c88b4b71b28c17cb94287c6bbd7a8a43248e9c2791ab2f1
structured,N192-R32,V2-B-N192-R032-C11-X01,weighted_greedy_reverse_delete,Weighted greedy + reverse deletion,1.0,true,true,experiments/algorithmic_compression_v2/results/raw_runs/V2-B-N192-R032-C11-X01/weighted_greedy_reverse_delete__mandatory_only.toml,61f2bef8c4501f49ccc0c1ddd56e152deab121ba0970052042eebc610ffbc011
structured,N192-R32,V2-B-N192-R032-C11-X02,cardinality_greedy,Cardinality greedy,1.1010885401145283,true,true,experiments/algorithmic_compression_v2/results/raw_runs/V2-B-N192-R032-C11-X02/cardinality_greedy__mandatory_only.toml,a78fc86c40c52ce1cea156793fd01491fdec8b193391f0b2f747aaae07fc2cf3
structured,N192-R32,V2-B-N192-R032-C11-X02,declared_source_order,Declared source order,15.017378284962327,true,true,experiments/algorithmic_compression_v2/results/raw_runs/V2-B-N192-R032-C11-X02/declared_source_order__mandatory_only.toml,a64417ed6131dbc59f5b11d2676aa8b9771345490e934bff20508ca690f205a4
structured,N192-R32,V2-B-N192-R032-C11-X02,heaviest_safe_first,Heaviest safe first,13.90404122139769,true,true,experiments/algorithmic_compression_v2/results/raw_runs/V2-B-N192-R032-C11-X02/heaviest_safe_first__mandatory_only.toml,1ccacc1589fa76a6426ced5090ff55f8b44c8174bd0dcf7a9472d47d5e9545ff
structured,N192-R32,V2-B-N192-R032-C11-X02,jump_highs_tagged_cover,HiGHS MIP,53.00812409326787,true,true,experiments/algorithmic_compression_v2/results/raw_runs/V2-B-N192-R032-C11-X02/jump_highs_tagged_cover__full_fixed_point.toml,c4a275b55988d49e82651a147d3208f4bb1926913f00fcc3f3a0604d0e063a1c
structured,N192-R32,V2-B-N192-R032-C11-X02,lightest_safe_first,Lightest safe first,15.016924281516888,true,true,experiments/algorithmic_compression_v2/results/raw_runs/V2-B-N192-R032-C11-X02/lightest_safe_first__mandatory_only.toml,0f9511bfa9bd23ee646292e9e8da6d452df6964e11b48f91569d9dc6f5c895e5
structured,N192-R32,V2-B-N192-R032-C11-X02,maximum_immediate_burden_release,Maximum immediate release,15.275899758154404,true,true,experiments/algorithmic_compression_v2/results/raw_runs/V2-B-N192-R032-C11-X02/maximum_immediate_burden_release__mandatory_only.toml,34ef29ed31187d8b8fc8e1eb7ce0332d95d5a4ad4ad57675d8662fb1370ce728
structured,N192-R32,V2-B-N192-R032-C11-X02,minimum_unique_carrier_exposure,Minimum unique-carrier exposure,13.182186445844227,true,true,experiments/algorithmic_compression_v2/results/raw_runs/V2-B-N192-R032-C11-X02/minimum_unique_carrier_exposure__mandatory_only.toml,60df19227583601ec042582b6a36338ec20bfc6d726c17695d61555f5935e63d
structured,N192-R32,V2-B-N192-R032-C11-X02,multistart_random_rechecked_deletion_32,32-start random deletion,432.64871464523713,true,true,experiments/algorithmic_compression_v2/results/raw_runs/V2-B-N192-R032-C11-X02/multistart_random_rechecked_deletion_32__mandatory_only.toml,397414b653d06b26ea224bf57b28f446c429a5adea97fe6cf48f82451d98cc73
structured,N192-R32,V2-B-N192-R032-C11-X02,random_order_rechecked_deletion,Random-order deletion,13.53163539066392,true,true,experiments/algorithmic_compression_v2/results/raw_runs/V2-B-N192-R032-C11-X02/random_order_rechecked_deletion__mandatory_only.toml,02cdd3bb2b292c1f2f9970c4aa3e312cf6b73c1354c0726742ef9f122aeed892
structured,N192-R32,V2-B-N192-R032-C11-X02,weighted_greedy,Weighted greedy,1.0,true,true,experiments/algorithmic_compression_v2/results/raw_runs/V2-B-N192-R032-C11-X02/weighted_greedy__mandatory_only.toml,2510e60a551a2a698ec2ce75bb9de92c293263dd4aa459f6e5605a3e00e818ce
structured,N192-R32,V2-B-N192-R032-C11-X02,weighted_greedy_reverse_delete,Weighted greedy + reverse deletion,3.122915451489807,true,true,experiments/algorithmic_compression_v2/results/raw_runs/V2-B-N192-R032-C11-X02/weighted_greedy_reverse_delete__mandatory_only.toml,988e37a0988e13d51d37a013cb97a3aa084977e4a28a82c7b29ef295e590f252
structured,N192-R32,V2-B-N192-R032-C12-X01,cardinality_greedy,Cardinality greedy,1.0,true,true,experiments/algorithmic_compression_v2/results/raw_runs/V2-B-N192-R032-C12-X01/cardinality_greedy__mandatory_only.toml,0ecde8ce389049876185312d154cc93191d39287e79d2eb243f0bdb7b1bdd413
structured,N192-R32,V2-B-N192-R032-C12-X01,declared_source_order,Declared source order,14.238241724096019,true,true,experiments/algorithmic_compression_v2/results/raw_runs/V2-B-N192-R032-C12-X01/declared_source_order__mandatory_only.toml,9e32934f872113190ae6f878685bd283737829631990f32606e4737b169e3cf5
structured,N192-R32,V2-B-N192-R032-C12-X01,heaviest_safe_first,Heaviest safe first,10.87977681354273,true,true,experiments/algorithmic_compression_v2/results/raw_runs/V2-B-N192-R032-C12-X01/heaviest_safe_first__mandatory_only.toml,5aa6bd49c04235d0a24d7882ef0bdba6726874ec62b431aae8958ebbdc5c291c
structured,N192-R32,V2-B-N192-R032-C12-X01,jump_highs_tagged_cover,HiGHS MIP,28.960877347466756,true,true,experiments/algorithmic_compression_v2/results/raw_runs/V2-B-N192-R032-C12-X01/jump_highs_tagged_cover__full_fixed_point.toml,4f99a35474433e8d3682915e3c182259b53c9c1b615527d8566d1cbd42d74556
structured,N192-R32,V2-B-N192-R032-C12-X01,lightest_safe_first,Lightest safe first,12.201222415521697,true,true,experiments/algorithmic_compression_v2/results/raw_runs/V2-B-N192-R032-C12-X01/lightest_safe_first__mandatory_only.toml,aa641a4126b73fcfaa1289f52fc4fbae36e92f6f9e1b6d24270c1acaaf151978
structured,N192-R32,V2-B-N192-R032-C12-X01,maximum_immediate_burden_release,Maximum immediate release,8.437063719328105,true,true,experiments/algorithmic_compression_v2/results/raw_runs/V2-B-N192-R032-C12-X01/maximum_immediate_burden_release__mandatory_only.toml,8a75f3d8349dc5691f97d3ce30d106b3536c882bf81477e865fc6c893995d902
structured,N192-R32,V2-B-N192-R032-C12-X01,minimum_unique_carrier_exposure,Minimum unique-carrier exposure,9.660813370805197,true,true,experiments/algorithmic_compression_v2/results/raw_runs/V2-B-N192-R032-C12-X01/minimum_unique_carrier_exposure__mandatory_only.toml,41f4e0ca3e082c71a21dff88bd15264eaed61cbea99523b758d11e58eb228b74
structured,N192-R32,V2-B-N192-R032-C12-X01,multistart_random_rechecked_deletion_32,32-start random deletion,,false,true,experiments/algorithmic_compression_v2/results/raw_runs/V2-B-N192-R032-C12-X01/multistart_random_rechecked_deletion_32__mandatory_only.toml,2685028b3513f0551fb6a7b03b60d3a0532699ca726ae70e689a029158f97ba0
structured,N192-R32,V2-B-N192-R032-C12-X01,random_order_rechecked_deletion,Random-order deletion,8.3231705589332,true,true,experiments/algorithmic_compression_v2/results/raw_runs/V2-B-N192-R032-C12-X01/random_order_rechecked_deletion__mandatory_only.toml,e178d4c9640cdfa3404179a714f3261b2fb6d744be817b58af17a6b7cef5f1e1
structured,N192-R32,V2-B-N192-R032-C12-X01,weighted_greedy,Weighted greedy,2.11059320879385,true,true,experiments/algorithmic_compression_v2/results/raw_runs/V2-B-N192-R032-C12-X01/weighted_greedy__mandatory_only.toml,5846688c9963dcd52b2697cbe83a4eb9807e05f612f7b3072ede4b2e50b95d13
structured,N192-R32,V2-B-N192-R032-C12-X01,weighted_greedy_reverse_delete,Weighted greedy + reverse deletion,1.1797852412694234,true,true,experiments/algorithmic_compression_v2/results/raw_runs/V2-B-N192-R032-C12-X01/weighted_greedy_reverse_delete__mandatory_only.toml,4fa31572b6216a9042fa77f07de8ef1d4bb04df00e6f60e26b5d16dd3e186000
structured,N192-R32,V2-B-N192-R032-C12-X02,cardinality_greedy,Cardinality greedy,1.804658897415204,true,true,experiments/algorithmic_compression_v2/results/raw_runs/V2-B-N192-R032-C12-X02/cardinality_greedy__mandatory_only.toml,d3e5bc9a1bbf92abc9297aa67096e5b832e38cee50c9ae6e8a4ecacb95f7afed
structured,N192-R32,V2-B-N192-R032-C12-X02,declared_source_order,Declared source order,11.006939989683858,true,true,experiments/algorithmic_compression_v2/results/raw_runs/V2-B-N192-R032-C12-X02/declared_source_order__mandatory_only.toml,476bae6e2d76a9388cd4a4ba78b8d1947e9d987424b1263651b34b8372050077
structured,N192-R32,V2-B-N192-R032-C12-X02,heaviest_safe_first,Heaviest safe first,8.130524998527653,true,true,experiments/algorithmic_compression_v2/results/raw_runs/V2-B-N192-R032-C12-X02/heaviest_safe_first__mandatory_only.toml,4c6eaa6155139a2c3a8f9cf93ef65aa6288f6adc01f60abd54477b8b1348ed37
structured,N192-R32,V2-B-N192-R032-C12-X02,jump_highs_tagged_cover,HiGHS MIP,35.77593516750143,true,true,experiments/algorithmic_compression_v2/results/raw_runs/V2-B-N192-R032-C12-X02/jump_highs_tagged_cover__full_fixed_point.toml,a1c55ca9f3450d44f47bf6944fc023774e5321134cbc8200f95015da75c89027
structured,N192-R32,V2-B-N192-R032-C12-X02,lightest_safe_first,Lightest safe first,12.136385593382137,true,true,experiments/algorithmic_compression_v2/results/raw_runs/V2-B-N192-R032-C12-X02/lightest_safe_first__mandatory_only.toml,dae29a8fef3d84290a42ea84ebab3b6814d7ceeced6d565f9c191092fd5577cf
structured,N192-R32,V2-B-N192-R032-C12-X02,maximum_immediate_burden_release,Maximum immediate release,10.397708702903472,true,true,experiments/algorithmic_compression_v2/results/raw_runs/V2-B-N192-R032-C12-X02/maximum_immediate_burden_release__mandatory_only.toml,39fe2b72ae88ee282bd60a575c57de657142807262059af0b2d7bb3d4dc18afa
structured,N192-R32,V2-B-N192-R032-C12-X02,minimum_unique_carrier_exposure,Minimum unique-carrier exposure,15.531029438546783,true,true,experiments/algorithmic_compression_v2/results/raw_runs/V2-B-N192-R032-C12-X02/minimum_unique_carrier_exposure__mandatory_only.toml,8f8f1d90d4c41b449dd516a844c13003cd2583ebc7fc9953d6ca9db670e4b530
structured,N192-R32,V2-B-N192-R032-C12-X02,multistart_random_rechecked_deletion_32,32-start random deletion,439.12038672207444,true,true,experiments/algorithmic_compression_v2/results/raw_runs/V2-B-N192-R032-C12-X02/multistart_random_rechecked_deletion_32__mandatory_only.toml,7cc1fcc56cad58b6fd3c0d4ed91819a1eec6f3a048a3e9d58fc086765769776f
structured,N192-R32,V2-B-N192-R032-C12-X02,random_order_rechecked_deletion,Random-order deletion,16.195084602087434,true,true,experiments/algorithmic_compression_v2/results/raw_runs/V2-B-N192-R032-C12-X02/random_order_rechecked_deletion__mandatory_only.toml,4a3d3603e0643056e1b21fd17cd221cf50ccb0448671b07db277ee0f76bdcf76
structured,N192-R32,V2-B-N192-R032-C12-X02,weighted_greedy,Weighted greedy,1.0,true,true,experiments/algorithmic_compression_v2/results/raw_runs/V2-B-N192-R032-C12-X02/weighted_greedy__mandatory_only.toml,8b0d30625314a85601535bf86e271754e60e8a90a4ac89b6ccbdba6bc4a4f5b0
structured,N192-R32,V2-B-N192-R032-C12-X02,weighted_greedy_reverse_delete,Weighted greedy + reverse deletion,1.3543908213501465,true,true,experiments/algorithmic_compression_v2/results/raw_runs/V2-B-N192-R032-C12-X02/weighted_greedy_reverse_delete__mandatory_only.toml,7121ee2233c07b2ea6a001425a508b9c78d1e4814857de7ea96fce560f4657a1
structured,N192-R32,V2-B-N192-R032-C13-X01,cardinality_greedy,Cardinality greedy,,false,false,experiments/algorithmic_compression_v2/results/raw_runs/V2-B-N192-R032-C13-X01/cardinality_greedy__mandatory_only.toml,c026b4d6b29e4138aa2f77b690124659a90ca924ceb29f6ea7b4509c409c4f61
structured,N192-R32,V2-B-N192-R032-C13-X01,declared_source_order,Declared source order,,false,false,experiments/algorithmic_compression_v2/results/raw_runs/V2-B-N192-R032-C13-X01/declared_source_order__mandatory_only.toml,1a717451921e089bc1d2af2c0c2405c006198d71192ec5c7f8b474df0b1a98a2
structured,N192-R32,V2-B-N192-R032-C13-X01,heaviest_safe_first,Heaviest safe first,,false,false,experiments/algorithmic_compression_v2/results/raw_runs/V2-B-N192-R032-C13-X01/heaviest_safe_first__mandatory_only.toml,aa507c123018777cb2b487c9d84196c459384ad968b90bf9861f4380da8cbefc
structured,N192-R32,V2-B-N192-R032-C13-X01,jump_highs_tagged_cover,HiGHS MIP,,false,false,experiments/algorithmic_compression_v2/results/raw_runs/V2-B-N192-R032-C13-X01/jump_highs_tagged_cover__full_fixed_point.toml,176067be56df5162a17484030ae57260ea04ed77f3de9e7d8f5f802d0d5e2d83
structured,N192-R32,V2-B-N192-R032-C13-X01,lightest_safe_first,Lightest safe first,,false,false,experiments/algorithmic_compression_v2/results/raw_runs/V2-B-N192-R032-C13-X01/lightest_safe_first__mandatory_only.toml,f1cb2433432a82f28c77eff8eca16a393457db1cf5dc914bcdd3cea430173c92
structured,N192-R32,V2-B-N192-R032-C13-X01,maximum_immediate_burden_release,Maximum immediate release,,false,false,experiments/algorithmic_compression_v2/results/raw_runs/V2-B-N192-R032-C13-X01/maximum_immediate_burden_release__mandatory_only.toml,a71aef214dbd61e73c306f098a0586642d869e7af55d71d0c9c7a258de5614a9
structured,N192-R32,V2-B-N192-R032-C13-X01,minimum_unique_carrier_exposure,Minimum unique-carrier exposure,,false,false,experiments/algorithmic_compression_v2/results/raw_runs/V2-B-N192-R032-C13-X01/minimum_unique_carrier_exposure__mandatory_only.toml,7327be234584c0ccff44702520dd9968d07c308bb173cfc7ab9264c3e535a0ba
structured,N192-R32,V2-B-N192-R032-C13-X01,multistart_random_rechecked_deletion_32,32-start random deletion,,false,false,experiments/algorithmic_compression_v2/results/raw_runs/V2-B-N192-R032-C13-X01/multistart_random_rechecked_deletion_32__mandatory_only.toml,a0b30cf7622e8e507e15e4c55d7af107114325a88549383bff2c32bf3a8ec19e
structured,N192-R32,V2-B-N192-R032-C13-X01,random_order_rechecked_deletion,Random-order deletion,,false,false,experiments/algorithmic_compression_v2/results/raw_runs/V2-B-N192-R032-C13-X01/random_order_rechecked_deletion__mandatory_only.toml,c7007e0043a01788dffebab210bb2d0e745a61f95c47ecd8f94fefff3d6adec2
structured,N192-R32,V2-B-N192-R032-C13-X01,weighted_greedy,Weighted greedy,,false,false,experiments/algorithmic_compression_v2/results/raw_runs/V2-B-N192-R032-C13-X01/weighted_greedy__mandatory_only.toml,978e0cc8f689a9cd30ff2561f8dc16168b7f31868ba74d46a384615509bf3730
structured,N192-R32,V2-B-N192-R032-C13-X01,weighted_greedy_reverse_delete,Weighted greedy + reverse deletion,,false,false,experiments/algorithmic_compression_v2/results/raw_runs/V2-B-N192-R032-C13-X01/weighted_greedy_reverse_delete__mandatory_only.toml,1362abb7a1ceb58e2e3be1068df47a1cc9b1ec1f3139a6d87f49ff6fccea2d4d
structured,N192-R32,V2-B-N192-R032-C13-X02,cardinality_greedy,Cardinality greedy,,false,false,experiments/algorithmic_compression_v2/results/raw_runs/V2-B-N192-R032-C13-X02/cardinality_greedy__mandatory_only.toml,823dc6a50ec2a9e799794b5cd5f55b290bd695b60031f589402610c0f3bd0701
structured,N192-R32,V2-B-N192-R032-C13-X02,declared_source_order,Declared source order,,false,false,experiments/algorithmic_compression_v2/results/raw_runs/V2-B-N192-R032-C13-X02/declared_source_order__mandatory_only.toml,b35fa3f25c82abf50d3a54795a8d32db811c015959dc2765e85fa311c1bc411a
structured,N192-R32,V2-B-N192-R032-C13-X02,heaviest_safe_first,Heaviest safe first,,false,false,experiments/algorithmic_compression_v2/results/raw_runs/V2-B-N192-R032-C13-X02/heaviest_safe_first__mandatory_only.toml,d2488eb29a2165c7903cd9ec7c618fa0bbc144931ad4fc9e0cc521e0c63e9a25
structured,N192-R32,V2-B-N192-R032-C13-X02,jump_highs_tagged_cover,HiGHS MIP,,false,false,experiments/algorithmic_compression_v2/results/raw_runs/V2-B-N192-R032-C13-X02/jump_highs_tagged_cover__full_fixed_point.toml,af2f7e016b4d861418c8e9a75e48ef90287f467835c71731c75ae22454aae230
structured,N192-R32,V2-B-N192-R032-C13-X02,lightest_safe_first,Lightest safe first,,false,false,experiments/algorithmic_compression_v2/results/raw_runs/V2-B-N192-R032-C13-X02/lightest_safe_first__mandatory_only.toml,a382695d97411f4383cd2be29023d2a8e66b868d74bf77004ddf9d34ea13a2f3
structured,N192-R32,V2-B-N192-R032-C13-X02,maximum_immediate_burden_release,Maximum immediate release,,false,false,experiments/algorithmic_compression_v2/results/raw_runs/V2-B-N192-R032-C13-X02/maximum_immediate_burden_release__mandatory_only.toml,18fa4a893036a35a03de661961532c32619bcd155307eed351bef01929d23876
structured,N192-R32,V2-B-N192-R032-C13-X02,minimum_unique_carrier_exposure,Minimum unique-carrier exposure,,false,false,experiments/algorithmic_compression_v2/results/raw_runs/V2-B-N192-R032-C13-X02/minimum_unique_carrier_exposure__mandatory_only.toml,635ae4cc58b5fa711db53c18fea5123cfcc2cdba507b87969fab074b5b41e5d4
structured,N192-R32,V2-B-N192-R032-C13-X02,multistart_random_rechecked_deletion_32,32-start random deletion,,false,false,experiments/algorithmic_compression_v2/results/raw_runs/V2-B-N192-R032-C13-X02/multistart_random_rechecked_deletion_32__mandatory_only.toml,eb21bfe1b4ac9d863d111542c23fe083ae65b63183cedafcf4ece63aaa921f6c
structured,N192-R32,V2-B-N192-R032-C13-X02,random_order_rechecked_deletion,Random-order deletion,,false,false,experiments/algorithmic_compression_v2/results/raw_runs/V2-B-N192-R032-C13-X02/random_order_rechecked_deletion__mandatory_only.toml,1f79c96bb333b450f1cc99dc7a9780d4d4be7354d0395f0d037d997db07779f5
structured,N192-R32,V2-B-N192-R032-C13-X02,weighted_greedy,Weighted greedy,,false,false,experiments/algorithmic_compression_v2/results/raw_runs/V2-B-N192-R032-C13-X02/weighted_greedy__mandatory_only.toml,e8c1f2019aae554e1f88ba011f43508c0413e7bbfcce509d8279f4b2dac558bb
structured,N192-R32,V2-B-N192-R032-C13-X02,weighted_greedy_reverse_delete,Weighted greedy + reverse deletion,,false,false,experiments/algorithmic_compression_v2/results/raw_runs/V2-B-N192-R032-C13-X02/weighted_greedy_reverse_delete__mandatory_only.toml,56f9b94eef958758f3ffc38c143dc49cd0ab5a7a4df4406e68a856750c778c14
structured,N192-R32,V2-B-N192-R032-C14-X01,cardinality_greedy,Cardinality greedy,1.0,true,true,experiments/algorithmic_compression_v2/results/raw_runs/V2-B-N192-R032-C14-X01/cardinality_greedy__mandatory_only.toml,6be7b055c199d6425627b0495ff4aa43afe031a494f79dabbfd47700b5575004
structured,N192-R32,V2-B-N192-R032-C14-X01,declared_source_order,Declared source order,12.25122033493938,true,true,experiments/algorithmic_compression_v2/results/raw_runs/V2-B-N192-R032-C14-X01/declared_source_order__mandatory_only.toml,ab3c4631b13d83fcf73dc376a20f076cd4a78b61e3bcca08dd772d8f0950f785
structured,N192-R32,V2-B-N192-R032-C14-X01,heaviest_safe_first,Heaviest safe first,13.163475637145583,true,true,experiments/algorithmic_compression_v2/results/raw_runs/V2-B-N192-R032-C14-X01/heaviest_safe_first__mandatory_only.toml,3e4ea15c4ee855ef703fbce7e03d3fef78202a04a7c51d84418bf1c3b973d09b
structured,N192-R32,V2-B-N192-R032-C14-X01,jump_highs_tagged_cover,HiGHS MIP,61.66882360106839,true,true,experiments/algorithmic_compression_v2/results/raw_runs/V2-B-N192-R032-C14-X01/jump_highs_tagged_cover__full_fixed_point.toml,8c89a4cf1d56569ad1ce57616ce8cc17cafba4b6413e550618bee256bf1c4320
structured,N192-R32,V2-B-N192-R032-C14-X01,lightest_safe_first,Lightest safe first,8.194388947743041,true,true,experiments/algorithmic_compression_v2/results/raw_runs/V2-B-N192-R032-C14-X01/lightest_safe_first__mandatory_only.toml,8badf96a238982fbd00d3bdd11d2d93b1d81bac30973315be9c2f07bb20d8208
structured,N192-R32,V2-B-N192-R032-C14-X01,maximum_immediate_burden_release,Maximum immediate release,12.427632434089274,true,true,experiments/algorithmic_compression_v2/results/raw_runs/V2-B-N192-R032-C14-X01/maximum_immediate_burden_release__mandatory_only.toml,7d6b5d97abd99aed25e3f1a4e1d4e8ac4b83c8c7c4ba9bf5b0ef0a55a8649836
structured,N192-R32,V2-B-N192-R032-C14-X01,minimum_unique_carrier_exposure,Minimum unique-carrier exposure,14.374938612353368,true,true,experiments/algorithmic_compression_v2/results/raw_runs/V2-B-N192-R032-C14-X01/minimum_unique_carrier_exposure__mandatory_only.toml,e7fffd358ea98657a87f2014d2b4907ea4afc533d8afeed4dd9049aef879b4d7
structured,N192-R32,V2-B-N192-R032-C14-X01,multistart_random_rechecked_deletion_32,32-start random deletion,,false,true,experiments/algorithmic_compression_v2/results/raw_runs/V2-B-N192-R032-C14-X01/multistart_random_rechecked_deletion_32__mandatory_only.toml,2df57b3eb1df73957f77538d53618c94340d72d4ecc9a0b55f058beb3e1ce857
structured,N192-R32,V2-B-N192-R032-C14-X01,random_order_rechecked_deletion,Random-order deletion,10.71668598188872,true,true,experiments/algorithmic_compression_v2/results/raw_runs/V2-B-N192-R032-C14-X01/random_order_rechecked_deletion__mandatory_only.toml,2a70dfd9158062526077ad06a9420310fe65d8623a1a82dea3d7f2618961b78a
structured,N192-R32,V2-B-N192-R032-C14-X01,weighted_greedy,Weighted greedy,1.0642367406333024,true,true,experiments/algorithmic_compression_v2/results/raw_runs/V2-B-N192-R032-C14-X01/weighted_greedy__mandatory_only.toml,08e2fc7fa72a0c21e2ea393c19eb5cb0b1ea31e78e87791b3c22b063e67c7067
structured,N192-R32,V2-B-N192-R032-C14-X01,weighted_greedy_reverse_delete,Weighted greedy + reverse deletion,1.6134245928201094,true,true,experiments/algorithmic_compression_v2/results/raw_runs/V2-B-N192-R032-C14-X01/weighted_greedy_reverse_delete__mandatory_only.toml,a74ebcc5f415a80d96dcf0c4f9feeaa972c3d1815799954b7ac55460fcb15896
structured,N192-R32,V2-B-N192-R032-C14-X02,cardinality_greedy,Cardinality greedy,1.2900373920076773,true,true,experiments/algorithmic_compression_v2/results/raw_runs/V2-B-N192-R032-C14-X02/cardinality_greedy__mandatory_only.toml,80d834fce5cfcbb4e4941a9d2ecacdc3f1b9f5f413746b7266adcbe811691d62
structured,N192-R32,V2-B-N192-R032-C14-X02,declared_source_order,Declared source order,10.109251786324227,true,true,experiments/algorithmic_compression_v2/results/raw_runs/V2-B-N192-R032-C14-X02/declared_source_order__mandatory_only.toml,ed7d3a475e9b7e70278233d8ed297277d43bb1cfab941f235d2554498f9b14e4
structured,N192-R32,V2-B-N192-R032-C14-X02,heaviest_safe_first,Heaviest safe first,8.230172130236758,true,true,experiments/algorithmic_compression_v2/results/raw_runs/V2-B-N192-R032-C14-X02/heaviest_safe_first__mandatory_only.toml,46844aae3a68185795c3b97cc6cebf2a4743f1d00e7a4e6c49c5632973223f9a
structured,N192-R32,V2-B-N192-R032-C14-X02,jump_highs_tagged_cover,HiGHS MIP,41.36132246494974,true,true,experiments/algorithmic_compression_v2/results/raw_runs/V2-B-N192-R032-C14-X02/jump_highs_tagged_cover__full_fixed_point.toml,faa85d373e8f3b8bfe32fdcd9af9836778fd8647d84886a079c01630a73328af
structured,N192-R32,V2-B-N192-R032-C14-X02,lightest_safe_first,Lightest safe first,8.887288978642255,true,true,experiments/algorithmic_compression_v2/results/raw_runs/V2-B-N192-R032-C14-X02/lightest_safe_first__mandatory_only.toml,300be4c0e6b1ffaaf4ba7a1fa04bb62e9d644a0d67d4695660fa7755635f7eba
structured,N192-R32,V2-B-N192-R032-C14-X02,maximum_immediate_burden_release,Maximum immediate release,7.9183447731377905,true,true,experiments/algorithmic_compression_v2/results/raw_runs/V2-B-N192-R032-C14-X02/maximum_immediate_burden_release__mandatory_only.toml,2fa3296b4133cd433f2c0a62177ba2ad771d131bda5ffd953816de4d4043be30
structured,N192-R32,V2-B-N192-R032-C14-X02,minimum_unique_carrier_exposure,Minimum unique-carrier exposure,7.435469307902345,true,true,experiments/algorithmic_compression_v2/results/raw_runs/V2-B-N192-R032-C14-X02/minimum_unique_carrier_exposure__mandatory_only.toml,738315b143fe14f2247827c4cc10c5c42b7274685889ce25a5bb14c30a1ee199
structured,N192-R32,V2-B-N192-R032-C14-X02,multistart_random_rechecked_deletion_32,32-start random deletion,,false,true,experiments/algorithmic_compression_v2/results/raw_runs/V2-B-N192-R032-C14-X02/multistart_random_rechecked_deletion_32__mandatory_only.toml,6529ce800ef63b95481c26a53018cef44407b489520e4456ffdefe2db68b5751
structured,N192-R32,V2-B-N192-R032-C14-X02,random_order_rechecked_deletion,Random-order deletion,8.625131282981192,true,true,experiments/algorithmic_compression_v2/results/raw_runs/V2-B-N192-R032-C14-X02/random_order_rechecked_deletion__mandatory_only.toml,7fdf4e5038f9aeeea2703be90ab1f23dcd889029e6e1e36777480e6e8c741f5e
structured,N192-R32,V2-B-N192-R032-C14-X02,weighted_greedy,Weighted greedy,1.0,true,true,experiments/algorithmic_compression_v2/results/raw_runs/V2-B-N192-R032-C14-X02/weighted_greedy__mandatory_only.toml,14967496109df03d4293a2408c2b880bede7503f31dc435d55117589c870bc74
structured,N192-R32,V2-B-N192-R032-C14-X02,weighted_greedy_reverse_delete,Weighted greedy + reverse deletion,1.9581921924062873,true,true,experiments/algorithmic_compression_v2/results/raw_runs/V2-B-N192-R032-C14-X02/weighted_greedy_reverse_delete__mandatory_only.toml,ee495758d4454089911c115c3a4038f017c571bc76b80212915dd70e3af8680e
structured,N192-R32,V2-B-N192-R032-C15-X01,cardinality_greedy,Cardinality greedy,1.5118667591610393,true,true,experiments/algorithmic_compression_v2/results/raw_runs/V2-B-N192-R032-C15-X01/cardinality_greedy__mandatory_only.toml,85c77fae6e001084a742ef45acaa0539d19f58b8e9ea2c95df7562c82d3ccf8c
structured,N192-R32,V2-B-N192-R032-C15-X01,declared_source_order,Declared source order,10.13917670354993,true,true,experiments/algorithmic_compression_v2/results/raw_runs/V2-B-N192-R032-C15-X01/declared_source_order__mandatory_only.toml,b41ef611531fe8c9996af2aeb8719f16575bac0cb602f139dfd5945ff948af5b
structured,N192-R32,V2-B-N192-R032-C15-X01,heaviest_safe_first,Heaviest safe first,9.301308647889101,true,true,experiments/algorithmic_compression_v2/results/raw_runs/V2-B-N192-R032-C15-X01/heaviest_safe_first__mandatory_only.toml,6fc509c68d86d9bca21e8208e46fef0ebaef70ba7844d6147a925e5d877e8097
structured,N192-R32,V2-B-N192-R032-C15-X01,jump_highs_tagged_cover,HiGHS MIP,34.64372047107191,true,true,experiments/algorithmic_compression_v2/results/raw_runs/V2-B-N192-R032-C15-X01/jump_highs_tagged_cover__full_fixed_point.toml,742a81b3cf6d4a1759dccc71d80ed37adaed3da3ca89b20b05633fd8de67ee5b
structured,N192-R32,V2-B-N192-R032-C15-X01,lightest_safe_first,Lightest safe first,8.824536532900403,true,true,experiments/algorithmic_compression_v2/results/raw_runs/V2-B-N192-R032-C15-X01/lightest_safe_first__mandatory_only.toml,82aabaa73e8c1f07c419fb58bf025bcaa68e65dd273c1ad527b3d0559e4a0b89
structured,N192-R32,V2-B-N192-R032-C15-X01,maximum_immediate_burden_release,Maximum immediate release,8.546297731135596,true,true,experiments/algorithmic_compression_v2/results/raw_runs/V2-B-N192-R032-C15-X01/maximum_immediate_burden_release__mandatory_only.toml,7367dbe7cb55d2c02066d544dfb9234ab7a34e9638d5a0ba378c3e627a426d88
structured,N192-R32,V2-B-N192-R032-C15-X01,minimum_unique_carrier_exposure,Minimum unique-carrier exposure,8.869928006954146,true,true,experiments/algorithmic_compression_v2/results/raw_runs/V2-B-N192-R032-C15-X01/minimum_unique_carrier_exposure__mandatory_only.toml,b1f82631d8928726dd8f9b6d0b4190302d141213c2006dfe68690da3378ac910
structured,N192-R32,V2-B-N192-R032-C15-X01,multistart_random_rechecked_deletion_32,32-start random deletion,244.98189750878635,true,true,experiments/algorithmic_compression_v2/results/raw_runs/V2-B-N192-R032-C15-X01/multistart_random_rechecked_deletion_32__mandatory_only.toml,f81b3448335c14a46f69ee3575d162b9f6caeee4e274d9a0d5da3bffeb2599fe
structured,N192-R32,V2-B-N192-R032-C15-X01,random_order_rechecked_deletion,Random-order deletion,9.140120015248886,true,true,experiments/algorithmic_compression_v2/results/raw_runs/V2-B-N192-R032-C15-X01/random_order_rechecked_deletion__mandatory_only.toml,68273fe034c67189e1659189e7eb88c8314e8fcddcb343cbff7c62f93960f0b5
structured,N192-R32,V2-B-N192-R032-C15-X01,weighted_greedy,Weighted greedy,1.2442294585738156,true,true,experiments/algorithmic_compression_v2/results/raw_runs/V2-B-N192-R032-C15-X01/weighted_greedy__mandatory_only.toml,e2384cb566571639cc84470964ab5f5c0add06026339f3dc79623ef69c014df3
structured,N192-R32,V2-B-N192-R032-C15-X01,weighted_greedy_reverse_delete,Weighted greedy + reverse deletion,1.0,true,true,experiments/algorithmic_compression_v2/results/raw_runs/V2-B-N192-R032-C15-X01/weighted_greedy_reverse_delete__mandatory_only.toml,29a2e56b33c1a3894dbc804714786ae556d9c428beaf70e9493c935fea224ebb
structured,N192-R32,V2-B-N192-R032-C15-X02,cardinality_greedy,Cardinality greedy,1.3974215958799991,true,true,experiments/algorithmic_compression_v2/results/raw_runs/V2-B-N192-R032-C15-X02/cardinality_greedy__mandatory_only.toml,c711a36599e2f57f1256729a84760f16409a590b1d4650eeec46ec5512a3a979
structured,N192-R32,V2-B-N192-R032-C15-X02,declared_source_order,Declared source order,6.676783655035869,true,true,experiments/algorithmic_compression_v2/results/raw_runs/V2-B-N192-R032-C15-X02/declared_source_order__mandatory_only.toml,5b7eaded583ab2c2f291464f7355e2bd63e175f9a953d96cdc2787e0869d9b48
structured,N192-R32,V2-B-N192-R032-C15-X02,heaviest_safe_first,Heaviest safe first,6.936401449695707,true,true,experiments/algorithmic_compression_v2/results/raw_runs/V2-B-N192-R032-C15-X02/heaviest_safe_first__mandatory_only.toml,1e37dfe5b66d9f36a9b06ea0a020d56ec9c874a1d6e97fe8a7d127576f607bc1
structured,N192-R32,V2-B-N192-R032-C15-X02,jump_highs_tagged_cover,HiGHS MIP,29.828646270432003,true,true,experiments/algorithmic_compression_v2/results/raw_runs/V2-B-N192-R032-C15-X02/jump_highs_tagged_cover__full_fixed_point.toml,b40641b0d5c7ef3825257bc2b65762ae058200859a99fa1824bd8c82de7e1e7b
structured,N192-R32,V2-B-N192-R032-C15-X02,lightest_safe_first,Lightest safe first,8.327741329311102,true,true,experiments/algorithmic_compression_v2/results/raw_runs/V2-B-N192-R032-C15-X02/lightest_safe_first__mandatory_only.toml,0c99bcaeb2380b0eb895e39b2767810d75fce2d2ad111ad2da6a96c81d054754
structured,N192-R32,V2-B-N192-R032-C15-X02,maximum_immediate_burden_release,Maximum immediate release,7.2838252938497785,true,true,experiments/algorithmic_compression_v2/results/raw_runs/V2-B-N192-R032-C15-X02/maximum_immediate_burden_release__mandatory_only.toml,3a3139d3430c6797cb53cb412766fa98bea67e7357e326981432d39f8c2342de
structured,N192-R32,V2-B-N192-R032-C15-X02,minimum_unique_carrier_exposure,Minimum unique-carrier exposure,7.959103744076764,true,true,experiments/algorithmic_compression_v2/results/raw_runs/V2-B-N192-R032-C15-X02/minimum_unique_carrier_exposure__mandatory_only.toml,51592422c49622136e812d54c04f88975f2a76e016cf98f81efba56a6bda8377
structured,N192-R32,V2-B-N192-R032-C15-X02,multistart_random_rechecked_deletion_32,32-start random deletion,185.6216057430105,true,true,experiments/algorithmic_compression_v2/results/raw_runs/V2-B-N192-R032-C15-X02/multistart_random_rechecked_deletion_32__mandatory_only.toml,a0aad0bd63bd8a79ef906ad8b45894f7878c3ec2448a399888ef21ee4901ce13
structured,N192-R32,V2-B-N192-R032-C15-X02,random_order_rechecked_deletion,Random-order deletion,8.796612604174143,true,true,experiments/algorithmic_compression_v2/results/raw_runs/V2-B-N192-R032-C15-X02/random_order_rechecked_deletion__mandatory_only.toml,53212e7911db45e61f9fd77265247343ee60a8b40697595582616228bc071a6a
structured,N192-R32,V2-B-N192-R032-C15-X02,weighted_greedy,Weighted greedy,1.232833862521172,true,true,experiments/algorithmic_compression_v2/results/raw_runs/V2-B-N192-R032-C15-X02/weighted_greedy__mandatory_only.toml,c8cb0f197d1b77cb3830a2af95de501a124c6f002bc142fae39384eb18a65b96
structured,N192-R32,V2-B-N192-R032-C15-X02,weighted_greedy_reverse_delete,Weighted greedy + reverse deletion,1.0,true,true,experiments/algorithmic_compression_v2/results/raw_runs/V2-B-N192-R032-C15-X02/weighted_greedy_reverse_delete__mandatory_only.toml,6478ff34885f4562516dc87d8f123a121535d8eca98373ae6c943ba1f0dafd73
structured,N192-R32,V2-B-N192-R032-C16-X01,cardinality_greedy,Cardinality greedy,1.0385501515295226,true,true,experiments/algorithmic_compression_v2/results/raw_runs/V2-B-N192-R032-C16-X01/cardinality_greedy__mandatory_only.toml,37c214c1015c8d4f3de4c98da62a69b3980c300188495e8b3179b36e1f68d2e6
structured,N192-R32,V2-B-N192-R032-C16-X01,declared_source_order,Declared source order,7.355597026918509,true,true,experiments/algorithmic_compression_v2/results/raw_runs/V2-B-N192-R032-C16-X01/declared_source_order__mandatory_only.toml,b00ee253904a8802d37e493722b12b7242645d205e881f6f0c5d231c21dea11e
structured,N192-R32,V2-B-N192-R032-C16-X01,heaviest_safe_first,Heaviest safe first,9.543805698204977,true,true,experiments/algorithmic_compression_v2/results/raw_runs/V2-B-N192-R032-C16-X01/heaviest_safe_first__mandatory_only.toml,7a68488d1ec1b4432b0e4c9e384ecdc9fa16a1cc41f06706b5a1657214fee2a5
structured,N192-R32,V2-B-N192-R032-C16-X01,jump_highs_tagged_cover,HiGHS MIP,20.864386785038395,true,true,experiments/algorithmic_compression_v2/results/raw_runs/V2-B-N192-R032-C16-X01/jump_highs_tagged_cover__full_fixed_point.toml,6bbcd35eb23b0df94e659727bd8bba0642b272c09f213b03900753f096cd4619
structured,N192-R32,V2-B-N192-R032-C16-X01,lightest_safe_first,Lightest safe first,9.169227059859628,true,true,experiments/algorithmic_compression_v2/results/raw_runs/V2-B-N192-R032-C16-X01/lightest_safe_first__mandatory_only.toml,5234b51ae3912cbb2e426138db2872deb2c10570319d309ac06a94e188960d48
structured,N192-R32,V2-B-N192-R032-C16-X01,maximum_immediate_burden_release,Maximum immediate release,7.705108952425614,true,true,experiments/algorithmic_compression_v2/results/raw_runs/V2-B-N192-R032-C16-X01/maximum_immediate_burden_release__mandatory_only.toml,0dcecf2c5b6d6b7f7965d95e69543346783cfe1c705787d1999e2152d9c49a5c
structured,N192-R32,V2-B-N192-R032-C16-X01,minimum_unique_carrier_exposure,Minimum unique-carrier exposure,6.846925610726524,true,true,experiments/algorithmic_compression_v2/results/raw_runs/V2-B-N192-R032-C16-X01/minimum_unique_carrier_exposure__mandatory_only.toml,f35e9b5680c774bd6071d244fffdab078d93959bc67c69ad30918426143b796f
structured,N192-R32,V2-B-N192-R032-C16-X01,multistart_random_rechecked_deletion_32,32-start random deletion,255.13771141113608,true,true,experiments/algorithmic_compression_v2/results/raw_runs/V2-B-N192-R032-C16-X01/multistart_random_rechecked_deletion_32__mandatory_only.toml,a4a11b7530e729aea4d74c376975bd643372d236e9f9707532c285d22f30d9b3
structured,N192-R32,V2-B-N192-R032-C16-X01,random_order_rechecked_deletion,Random-order deletion,7.813121186364158,true,true,experiments/algorithmic_compression_v2/results/raw_runs/V2-B-N192-R032-C16-X01/random_order_rechecked_deletion__mandatory_only.toml,e906b8c9f6b59fb2c96e85019bbd8978701e07484e8401f790b10e419c866524
structured,N192-R32,V2-B-N192-R032-C16-X01,weighted_greedy,Weighted greedy,1.1768234409749112,true,true,experiments/algorithmic_compression_v2/results/raw_runs/V2-B-N192-R032-C16-X01/weighted_greedy__mandatory_only.toml,2f577306e2f5ad0f7ce7efcce8cdf60f9cfeaefe7b7feff32b3f62e97a3d2e3e
structured,N192-R32,V2-B-N192-R032-C16-X01,weighted_greedy_reverse_delete,Weighted greedy + reverse deletion,1.0,true,true,experiments/algorithmic_compression_v2/results/raw_runs/V2-B-N192-R032-C16-X01/weighted_greedy_reverse_delete__mandatory_only.toml,faaecfb86ce1c87b51d6cd353a52599e215cd745740fda4ff98194a9d93d804d
structured,N192-R32,V2-B-N192-R032-C16-X02,cardinality_greedy,Cardinality greedy,1.161794852658768,true,true,experiments/algorithmic_compression_v2/results/raw_runs/V2-B-N192-R032-C16-X02/cardinality_greedy__mandatory_only.toml,02dd1504fad90abe7fedbbeb439cbdf3064d5cf06332b19431b9a8734d7e78e4
structured,N192-R32,V2-B-N192-R032-C16-X02,declared_source_order,Declared source order,7.751069798733461,true,true,experiments/algorithmic_compression_v2/results/raw_runs/V2-B-N192-R032-C16-X02/declared_source_order__mandatory_only.toml,a3dd05dfc0a035d0d85f37adf53e0fce709b8fe1d1da80c15e1cc2887ccc350c
structured,N192-R32,V2-B-N192-R032-C16-X02,heaviest_safe_first,Heaviest safe first,5.952477287661707,true,true,experiments/algorithmic_compression_v2/results/raw_runs/V2-B-N192-R032-C16-X02/heaviest_safe_first__mandatory_only.toml,175c22be571eab38668a215a9414027c67a5ab3e9b6e744beddf8d895e40146e
structured,N192-R32,V2-B-N192-R032-C16-X02,jump_highs_tagged_cover,HiGHS MIP,20.082286833487753,true,true,experiments/algorithmic_compression_v2/results/raw_runs/V2-B-N192-R032-C16-X02/jump_highs_tagged_cover__full_fixed_point.toml,19946faa467750b1da6db513d08847888664c23d0f5c4458135528aad45b42ab
structured,N192-R32,V2-B-N192-R032-C16-X02,lightest_safe_first,Lightest safe first,6.98152832967157,true,true,experiments/algorithmic_compression_v2/results/raw_runs/V2-B-N192-R032-C16-X02/lightest_safe_first__mandatory_only.toml,aa01c0daee532a12d4200df8a25e543335872a49f58819cf8ec77aab9046eb99
structured,N192-R32,V2-B-N192-R032-C16-X02,maximum_immediate_burden_release,Maximum immediate release,8.795320284470785,true,true,experiments/algorithmic_compression_v2/results/raw_runs/V2-B-N192-R032-C16-X02/maximum_immediate_burden_release__mandatory_only.toml,33abe53263641b12b045d9d0731d9d0f5cf58de91c54522c22ada15d6cbd9511
structured,N192-R32,V2-B-N192-R032-C16-X02,minimum_unique_carrier_exposure,Minimum unique-carrier exposure,6.44074757058527,true,true,experiments/algorithmic_compression_v2/results/raw_runs/V2-B-N192-R032-C16-X02/minimum_unique_carrier_exposure__mandatory_only.toml,bf59b7d7ee53a6c1b2126650770766a4d2f01b5f8deb835eb264748cf7c421f1
structured,N192-R32,V2-B-N192-R032-C16-X02,multistart_random_rechecked_deletion_32,32-start random deletion,189.4881577294761,true,true,experiments/algorithmic_compression_v2/results/raw_runs/V2-B-N192-R032-C16-X02/multistart_random_rechecked_deletion_32__mandatory_only.toml,a7a7ee1893dd428f13b813875bf7a722e44cbb323c0b35c92e0b68dd8157d733
structured,N192-R32,V2-B-N192-R032-C16-X02,random_order_rechecked_deletion,Random-order deletion,6.167786554441352,true,true,experiments/algorithmic_compression_v2/results/raw_runs/V2-B-N192-R032-C16-X02/random_order_rechecked_deletion__mandatory_only.toml,0b19b0e1cf7665c3d71c11e5822b9f603a795ef4376f77ef0401fbfb4037c241
structured,N192-R32,V2-B-N192-R032-C16-X02,weighted_greedy,Weighted greedy,1.6298889093162907,true,true,experiments/algorithmic_compression_v2/results/raw_runs/V2-B-N192-R032-C16-X02/weighted_greedy__mandatory_only.toml,4b85413043e0896ac1f4eb4e4c6d26fe98d1c3f54df9747ef5c650144b2861c8
structured,N192-R32,V2-B-N192-R032-C16-X02,weighted_greedy_reverse_delete,Weighted greedy + reverse deletion,1.0,true,true,experiments/algorithmic_compression_v2/results/raw_runs/V2-B-N192-R032-C16-X02/weighted_greedy_reverse_delete__mandatory_only.toml,7afad10fe5596f07e7980c13c1792e1f9c404019ca19b1e770ea80566d3bf883
structured,N192-R64,V2-B-N192-R064-C01-X01,cardinality_greedy,Cardinality greedy,1.0,true,true,experiments/algorithmic_compression_v2/results/raw_runs/V2-B-N192-R064-C01-X01/cardinality_greedy__mandatory_only.toml,d05d841a0b9e790912f0040d08b96ca0c9ba102db79ce39c11b8764a1ef8d6ce
structured,N192-R64,V2-B-N192-R064-C01-X01,declared_source_order,Declared source order,45.66169901423855,true,true,experiments/algorithmic_compression_v2/results/raw_runs/V2-B-N192-R064-C01-X01/declared_source_order__mandatory_only.toml,99db8d51c5470fa4c0505831ac1ca864188a44094687d011746b7e3d4662cd26
structured,N192-R64,V2-B-N192-R064-C01-X01,heaviest_safe_first,Heaviest safe first,69.00216384598743,true,true,experiments/algorithmic_compression_v2/results/raw_runs/V2-B-N192-R064-C01-X01/heaviest_safe_first__mandatory_only.toml,f579630c0e37d05925029c67b729112399e03570c7e9a9c4b11c32e5aab79fd1
structured,N192-R64,V2-B-N192-R064-C01-X01,jump_highs_tagged_cover,HiGHS MIP,219.92571538627197,true,true,experiments/algorithmic_compression_v2/results/raw_runs/V2-B-N192-R064-C01-X01/jump_highs_tagged_cover__full_fixed_point.toml,fab395234b1f366dbca72817ec7aa38f0cc03475dabeec55c44a00ac3a55229f
structured,N192-R64,V2-B-N192-R064-C01-X01,lightest_safe_first,Lightest safe first,48.980493905568,true,true,experiments/algorithmic_compression_v2/results/raw_runs/V2-B-N192-R064-C01-X01/lightest_safe_first__mandatory_only.toml,20934a0494898d7f290a693d0c53e0923771305a842fc0d3c573f38c178f6e42
structured,N192-R64,V2-B-N192-R064-C01-X01,maximum_immediate_burden_release,Maximum immediate release,45.95515592496397,true,true,experiments/algorithmic_compression_v2/results/raw_runs/V2-B-N192-R064-C01-X01/maximum_immediate_burden_release__mandatory_only.toml,60971a5ac3b3ea5a220fe8c04d3e43059b5a0ec1c071fe81261fc7423a493a0a
structured,N192-R64,V2-B-N192-R064-C01-X01,minimum_unique_carrier_exposure,Minimum unique-carrier exposure,46.163248250569474,true,true,experiments/algorithmic_compression_v2/results/raw_runs/V2-B-N192-R064-C01-X01/minimum_unique_carrier_exposure__mandatory_only.toml,4dba7e3dfccfa825782d87b6ef86fe28ca0d2d0b9929450c739bc044e852a998
structured,N192-R64,V2-B-N192-R064-C01-X01,multistart_random_rechecked_deletion_32,32-start random deletion,1435.7702904063021,true,true,experiments/algorithmic_compression_v2/results/raw_runs/V2-B-N192-R064-C01-X01/multistart_random_rechecked_deletion_32__mandatory_only.toml,af97479ff2988cabf893f5a106a2d3289cdceb2e559be80c6367691be038e487
structured,N192-R64,V2-B-N192-R064-C01-X01,random_order_rechecked_deletion,Random-order deletion,62.47043660080214,true,true,experiments/algorithmic_compression_v2/results/raw_runs/V2-B-N192-R064-C01-X01/random_order_rechecked_deletion__mandatory_only.toml,6cd53bdb5fb11272a51b4c435f4211ac94c31f2bffc0efe8fd6d8922f3ab6e18
structured,N192-R64,V2-B-N192-R064-C01-X01,weighted_greedy,Weighted greedy,9.760817382374624,true,true,experiments/algorithmic_compression_v2/results/raw_runs/V2-B-N192-R064-C01-X01/weighted_greedy__mandatory_only.toml,1a3063532d61c2fd7bb7bd9aeba2d00b40e616aec319a08385b2527e6aed30a7
structured,N192-R64,V2-B-N192-R064-C01-X01,weighted_greedy_reverse_delete,Weighted greedy + reverse deletion,8.384989580803332,true,true,experiments/algorithmic_compression_v2/results/raw_runs/V2-B-N192-R064-C01-X01/weighted_greedy_reverse_delete__mandatory_only.toml,9400781b4d6d2b975103fba6e0cce70d2fb46406b6abdf78c24ca5ca5149ce2a
structured,N192-R64,V2-B-N192-R064-C01-X02,cardinality_greedy,Cardinality greedy,1.1167496404007795,true,true,experiments/algorithmic_compression_v2/results/raw_runs/V2-B-N192-R064-C01-X02/cardinality_greedy__mandatory_only.toml,c7091901c34a5fa8d94f3c86b3052836f9807f6778279501b6dbc305f13b0903
structured,N192-R64,V2-B-N192-R064-C01-X02,declared_source_order,Declared source order,18.734801978742038,true,true,experiments/algorithmic_compression_v2/results/raw_runs/V2-B-N192-R064-C01-X02/declared_source_order__mandatory_only.toml,37b51a458ee0d00997952ad18a1bdeeebd456bdf9f2ef1f728ec8a9eaca0a63c
structured,N192-R64,V2-B-N192-R064-C01-X02,heaviest_safe_first,Heaviest safe first,17.661355484441977,true,true,experiments/algorithmic_compression_v2/results/raw_runs/V2-B-N192-R064-C01-X02/heaviest_safe_first__mandatory_only.toml,388ba1b8cafb761000a70094d26770faf61e2b3692449f31a6f2f5ee3ff34cbf
structured,N192-R64,V2-B-N192-R064-C01-X02,jump_highs_tagged_cover,HiGHS MIP,65.48381434758306,true,true,experiments/algorithmic_compression_v2/results/raw_runs/V2-B-N192-R064-C01-X02/jump_highs_tagged_cover__full_fixed_point.toml,6d5ddbe87998e3e31b565f6bc2cf08f0ae3646b907dd328b59b86c4c946fe93e
structured,N192-R64,V2-B-N192-R064-C01-X02,lightest_safe_first,Lightest safe first,14.578800832652266,true,true,experiments/algorithmic_compression_v2/results/raw_runs/V2-B-N192-R064-C01-X02/lightest_safe_first__mandatory_only.toml,80b376ea27257a494bc5962ce50ac0e3b22242a81dd108c9ed59afa5c54d23ac
structured,N192-R64,V2-B-N192-R064-C01-X02,maximum_immediate_burden_release,Maximum immediate release,16.570772476074165,true,true,experiments/algorithmic_compression_v2/results/raw_runs/V2-B-N192-R064-C01-X02/maximum_immediate_burden_release__mandatory_only.toml,0785453ae3862a84c421f0886cd5840f6aaecc49ccb05e22b93691e4a1e52eae
structured,N192-R64,V2-B-N192-R064-C01-X02,minimum_unique_carrier_exposure,Minimum unique-carrier exposure,13.932988813193354,true,true,experiments/algorithmic_compression_v2/results/raw_runs/V2-B-N192-R064-C01-X02/minimum_unique_carrier_exposure__mandatory_only.toml,f0e4fb60a44375cd8d72f08b4052cf197e1ff223fa5eb1bf49a0802849e3661a
structured,N192-R64,V2-B-N192-R064-C01-X02,multistart_random_rechecked_deletion_32,32-start random deletion,392.3565263185286,true,true,experiments/algorithmic_compression_v2/results/raw_runs/V2-B-N192-R064-C01-X02/multistart_random_rechecked_deletion_32__mandatory_only.toml,e344c06218de26d0bd47c2aac221a1f61ab3ed968e5221f7f022e86c6c686460
structured,N192-R64,V2-B-N192-R064-C01-X02,random_order_rechecked_deletion,Random-order deletion,13.567534946074074,true,true,experiments/algorithmic_compression_v2/results/raw_runs/V2-B-N192-R064-C01-X02/random_order_rechecked_deletion__mandatory_only.toml,f9470c4923de0ed28d1789ac7e2d8af8fe811aebd6f20c01f65175bc58f64e2c
structured,N192-R64,V2-B-N192-R064-C01-X02,weighted_greedy,Weighted greedy,1.0,true,true,experiments/algorithmic_compression_v2/results/raw_runs/V2-B-N192-R064-C01-X02/weighted_greedy__mandatory_only.toml,cd37b7f30193d9e116c3c1e160892fa2aa492ea6714c00880d79d0e99d12d289
structured,N192-R64,V2-B-N192-R064-C01-X02,weighted_greedy_reverse_delete,Weighted greedy + reverse deletion,3.096062861551843,true,true,experiments/algorithmic_compression_v2/results/raw_runs/V2-B-N192-R064-C01-X02/weighted_greedy_reverse_delete__mandatory_only.toml,16e0dbe9324ca79de108fc3b3e220a84837f7db894efa34554fdba84d8427b30
structured,N192-R64,V2-B-N192-R064-C02-X01,cardinality_greedy,Cardinality greedy,1.0,true,true,experiments/algorithmic_compression_v2/results/raw_runs/V2-B-N192-R064-C02-X01/cardinality_greedy__mandatory_only.toml,d8a964d86153dce66d5b18d3b6c9d44ddf196f55b19bd698e5bcd4f18d1dd65e
structured,N192-R64,V2-B-N192-R064-C02-X01,declared_source_order,Declared source order,10.634151594508294,true,true,experiments/algorithmic_compression_v2/results/raw_runs/V2-B-N192-R064-C02-X01/declared_source_order__mandatory_only.toml,8c544cccd0c5b355667d95e828cee1208835eadbc07ded7c912b606a00eaffec
structured,N192-R64,V2-B-N192-R064-C02-X01,heaviest_safe_first,Heaviest safe first,12.847404226314803,true,true,experiments/algorithmic_compression_v2/results/raw_runs/V2-B-N192-R064-C02-X01/heaviest_safe_first__mandatory_only.toml,37abe53fe16dd102dc8eddcba23e6f4678a75cf2803557db8d8ff1f348d92aed
structured,N192-R64,V2-B-N192-R064-C02-X01,jump_highs_tagged_cover,HiGHS MIP,39.83152265816728,true,true,experiments/algorithmic_compression_v2/results/raw_runs/V2-B-N192-R064-C02-X01/jump_highs_tagged_cover__full_fixed_point.toml,720a46d941778a33d52bde508485b06e43fac687c87d0b00e70d35e8e6f26953
structured,N192-R64,V2-B-N192-R064-C02-X01,lightest_safe_first,Lightest safe first,12.714822969726965,true,true,experiments/algorithmic_compression_v2/results/raw_runs/V2-B-N192-R064-C02-X01/lightest_safe_first__mandatory_only.toml,6d281f8532b768eadae261f73a88c763d47f9423a693da4acea70ccfc2a5c1b0
structured,N192-R64,V2-B-N192-R064-C02-X01,maximum_immediate_burden_release,Maximum immediate release,10.592604239574417,true,true,experiments/algorithmic_compression_v2/results/raw_runs/V2-B-N192-R064-C02-X01/maximum_immediate_burden_release__mandatory_only.toml,e9757153eb903fc28883c8bdae69244ca01b1a4907a74d235751f56fce7ed563
structured,N192-R64,V2-B-N192-R064-C02-X01,minimum_unique_carrier_exposure,Minimum unique-carrier exposure,8.190656637373191,true,true,experiments/algorithmic_compression_v2/results/raw_runs/V2-B-N192-R064-C02-X01/minimum_unique_carrier_exposure__mandatory_only.toml,34f18878d662c0c6604b75a14e55364ddfbee6e080fae6d96305f1a0dedd070a
structured,N192-R64,V2-B-N192-R064-C02-X01,multistart_random_rechecked_deletion_32,32-start random deletion,298.7828650710765,true,true,experiments/algorithmic_compression_v2/results/raw_runs/V2-B-N192-R064-C02-X01/multistart_random_rechecked_deletion_32__mandatory_only.toml,ce0acee1861bb1071cbe0682ab34b9d19d81e3c689a04140b10277e48a1beb7c
structured,N192-R64,V2-B-N192-R064-C02-X01,random_order_rechecked_deletion,Random-order deletion,14.967525063305674,true,true,experiments/algorithmic_compression_v2/results/raw_runs/V2-B-N192-R064-C02-X01/random_order_rechecked_deletion__mandatory_only.toml,0e46771f7c6b8155b2bae4ad3889fbefd6cb9594e3080730010f4ad9d04bf203
structured,N192-R64,V2-B-N192-R064-C02-X01,weighted_greedy,Weighted greedy,2.1043410058939602,true,true,experiments/algorithmic_compression_v2/results/raw_runs/V2-B-N192-R064-C02-X01/weighted_greedy__mandatory_only.toml,698a6fbcb3350506adf2c63d1234b59276c99700aade888d27b6ccc1b8faeeb8
structured,N192-R64,V2-B-N192-R064-C02-X01,weighted_greedy_reverse_delete,Weighted greedy + reverse deletion,1.7119794165852498,true,true,experiments/algorithmic_compression_v2/results/raw_runs/V2-B-N192-R064-C02-X01/weighted_greedy_reverse_delete__mandatory_only.toml,bd8e61e2f44481bd0961badf9500093ecbce490ea7ed28589a804a8a6d818c93
structured,N192-R64,V2-B-N192-R064-C02-X02,cardinality_greedy,Cardinality greedy,1.2012098761792938,true,true,experiments/algorithmic_compression_v2/results/raw_runs/V2-B-N192-R064-C02-X02/cardinality_greedy__mandatory_only.toml,2d4d2391d51fcd7888524d7d35c061698c20227c572c5f382c03aba1086f9934
structured,N192-R64,V2-B-N192-R064-C02-X02,declared_source_order,Declared source order,13.986644566938676,true,true,experiments/algorithmic_compression_v2/results/raw_runs/V2-B-N192-R064-C02-X02/declared_source_order__mandatory_only.toml,97329870373b977644ca57dcc27405dac49a7f4222153c82fddfd06f8331ebb6
structured,N192-R64,V2-B-N192-R064-C02-X02,heaviest_safe_first,Heaviest safe first,10.634144626711931,true,true,experiments/algorithmic_compression_v2/results/raw_runs/V2-B-N192-R064-C02-X02/heaviest_safe_first__mandatory_only.toml,284278f29745b11de15c1102ef6cde4450a92a5bd73aeb4695f45f47c954d44d
structured,N192-R64,V2-B-N192-R064-C02-X02,jump_highs_tagged_cover,HiGHS MIP,27.671808190082228,true,true,experiments/algorithmic_compression_v2/results/raw_runs/V2-B-N192-R064-C02-X02/jump_highs_tagged_cover__full_fixed_point.toml,a703c688410557bdee64c6370b9f914355fd6918974064da0d1e6adea3e2bd1a
structured,N192-R64,V2-B-N192-R064-C02-X02,lightest_safe_first,Lightest safe first,8.541388065983123,true,true,experiments/algorithmic_compression_v2/results/raw_runs/V2-B-N192-R064-C02-X02/lightest_safe_first__mandatory_only.toml,cf8c89833cee49fe79b11255d51c1001e6807185a43dcacf3de3dcc01e099f42
structured,N192-R64,V2-B-N192-R064-C02-X02,maximum_immediate_burden_release,Maximum immediate release,7.112293406436843,true,true,experiments/algorithmic_compression_v2/results/raw_runs/V2-B-N192-R064-C02-X02/maximum_immediate_burden_release__mandatory_only.toml,9bc1532b90d1a3377678956c9a6fd917da3ce156a5d38c342516b1ad4e87c8bd
structured,N192-R64,V2-B-N192-R064-C02-X02,minimum_unique_carrier_exposure,Minimum unique-carrier exposure,9.354300711874899,true,true,experiments/algorithmic_compression_v2/results/raw_runs/V2-B-N192-R064-C02-X02/minimum_unique_carrier_exposure__mandatory_only.toml,cb775f845c8da301ecf392a9b37692ce5475625ef82c8e9e3236053088527e8d
structured,N192-R64,V2-B-N192-R064-C02-X02,multistart_random_rechecked_deletion_32,32-start random deletion,260.097121439602,true,true,experiments/algorithmic_compression_v2/results/raw_runs/V2-B-N192-R064-C02-X02/multistart_random_rechecked_deletion_32__mandatory_only.toml,e6d21ff52305b8ad5432b05585e597401c3ac70e4acd7506898b805f1d99e7b0
structured,N192-R64,V2-B-N192-R064-C02-X02,random_order_rechecked_deletion,Random-order deletion,10.047803182229822,true,true,experiments/algorithmic_compression_v2/results/raw_runs/V2-B-N192-R064-C02-X02/random_order_rechecked_deletion__mandatory_only.toml,bd4b89809d83985725d221f76e92c183f2e5ad238a5cd3ec2cbc17ede1afbb5e
structured,N192-R64,V2-B-N192-R064-C02-X02,weighted_greedy,Weighted greedy,1.0,true,true,experiments/algorithmic_compression_v2/results/raw_runs/V2-B-N192-R064-C02-X02/weighted_greedy__mandatory_only.toml,96a3a92737398c3ec580e66ad88625510d68e2dc58d8f3e50ff2745c5d8c3329
structured,N192-R64,V2-B-N192-R064-C02-X02,weighted_greedy_reverse_delete,Weighted greedy + reverse deletion,1.1797782313994638,true,true,experiments/algorithmic_compression_v2/results/raw_runs/V2-B-N192-R064-C02-X02/weighted_greedy_reverse_delete__mandatory_only.toml,eefdc2e4beb89ade78de985bafc7ebccd44106e07eb1d1d5d83a85b43b218567
structured,N192-R64,V2-B-N192-R064-C03-X01,cardinality_greedy,Cardinality greedy,1.1341508793655504,true,true,experiments/algorithmic_compression_v2/results/raw_runs/V2-B-N192-R064-C03-X01/cardinality_greedy__mandatory_only.toml,7390c06e011daff160e67920e71e9b09dae156329dfb309cf571625cfee6bde9
structured,N192-R64,V2-B-N192-R064-C03-X01,declared_source_order,Declared source order,10.823056606218378,true,true,experiments/algorithmic_compression_v2/results/raw_runs/V2-B-N192-R064-C03-X01/declared_source_order__mandatory_only.toml,c72fb3a5ec28b662889c22e8ff86c97f09447d5ef82a36e3a215229c2a32d9da
structured,N192-R64,V2-B-N192-R064-C03-X01,heaviest_safe_first,Heaviest safe first,11.792915297858016,true,true,experiments/algorithmic_compression_v2/results/raw_runs/V2-B-N192-R064-C03-X01/heaviest_safe_first__mandatory_only.toml,54555550ed7dd518bcd79a0e4f9ab4785ef84e97030c750a14885a52bf33629b
structured,N192-R64,V2-B-N192-R064-C03-X01,jump_highs_tagged_cover,HiGHS MIP,9.207975633986948,true,true,experiments/algorithmic_compression_v2/results/raw_runs/V2-B-N192-R064-C03-X01/jump_highs_tagged_cover__full_fixed_point.toml,4fb8985bdd165d1dbd2b6f0cb8981bffed9364602ce6ef3f0d094f10659e05d3
structured,N192-R64,V2-B-N192-R064-C03-X01,lightest_safe_first,Lightest safe first,11.539315895038888,true,true,experiments/algorithmic_compression_v2/results/raw_runs/V2-B-N192-R064-C03-X01/lightest_safe_first__mandatory_only.toml,c7a4c277299a20a869b877ff929aee45be6f0350ff30bf5228b1ed1abc2d6837
structured,N192-R64,V2-B-N192-R064-C03-X01,maximum_immediate_burden_release,Maximum immediate release,9.230446548493301,true,true,experiments/algorithmic_compression_v2/results/raw_runs/V2-B-N192-R064-C03-X01/maximum_immediate_burden_release__mandatory_only.toml,5262610423001eda2ff624f06f38bac6aad561e7e6c8317291f1772ff02bfb9b
structured,N192-R64,V2-B-N192-R064-C03-X01,minimum_unique_carrier_exposure,Minimum unique-carrier exposure,11.00382034644166,true,true,experiments/algorithmic_compression_v2/results/raw_runs/V2-B-N192-R064-C03-X01/minimum_unique_carrier_exposure__mandatory_only.toml,9424cfc5a5143f0bc3189b599a9bef9b2cb0e70acf970f5ee2ad420d3af0e386
structured,N192-R64,V2-B-N192-R064-C03-X01,multistart_random_rechecked_deletion_32,32-start random deletion,337.8916586881058,true,true,experiments/algorithmic_compression_v2/results/raw_runs/V2-B-N192-R064-C03-X01/multistart_random_rechecked_deletion_32__mandatory_only.toml,dfd1e87b3fdb12d85e0e56e8b9e2231dbb7c0f91b0602e0ef62d8fd1f2d62a0e
structured,N192-R64,V2-B-N192-R064-C03-X01,random_order_rechecked_deletion,Random-order deletion,9.506060122008657,true,true,experiments/algorithmic_compression_v2/results/raw_runs/V2-B-N192-R064-C03-X01/random_order_rechecked_deletion__mandatory_only.toml,86063954ba0e3cf595bdb768c188ea13e89b227fcdc82e69208d169853217260
structured,N192-R64,V2-B-N192-R064-C03-X01,weighted_greedy,Weighted greedy,1.0,true,true,experiments/algorithmic_compression_v2/results/raw_runs/V2-B-N192-R064-C03-X01/weighted_greedy__mandatory_only.toml,a4ef684ef2a072270e1233d57fc3e4e1541a74db5f6417465b4c5d712eef7e97
structured,N192-R64,V2-B-N192-R064-C03-X01,weighted_greedy_reverse_delete,Weighted greedy + reverse deletion,1.1880754334130599,true,true,experiments/algorithmic_compression_v2/results/raw_runs/V2-B-N192-R064-C03-X01/weighted_greedy_reverse_delete__mandatory_only.toml,7df08ce597590e907dc0e95644124b2387fb536cfd11267fc1cf0c7a8c9629c1
structured,N192-R64,V2-B-N192-R064-C03-X02,cardinality_greedy,Cardinality greedy,1.0,true,true,experiments/algorithmic_compression_v2/results/raw_runs/V2-B-N192-R064-C03-X02/cardinality_greedy__mandatory_only.toml,f05fc8566f554cf7f8a261901629364dddf1597999caa0d7e325a53404bcaa9a
structured,N192-R64,V2-B-N192-R064-C03-X02,declared_source_order,Declared source order,15.538304428774486,true,true,experiments/algorithmic_compression_v2/results/raw_runs/V2-B-N192-R064-C03-X02/declared_source_order__mandatory_only.toml,6a3a6a578b1ebc499f993d1c2972a9836504635a5dbe4c7a6df50ceedee2aec0
structured,N192-R64,V2-B-N192-R064-C03-X02,heaviest_safe_first,Heaviest safe first,9.834785232852461,true,true,experiments/algorithmic_compression_v2/results/raw_runs/V2-B-N192-R064-C03-X02/heaviest_safe_first__mandatory_only.toml,cfa8329273ec67c25b5508d92f03c313fee3cce9cfad0c836c2ddef021719ed2
structured,N192-R64,V2-B-N192-R064-C03-X02,jump_highs_tagged_cover,HiGHS MIP,5.545533695906442,true,true,experiments/algorithmic_compression_v2/results/raw_runs/V2-B-N192-R064-C03-X02/jump_highs_tagged_cover__full_fixed_point.toml,b1d82f2ac829d35f94b2242be0708a735cbda7538adf5568f768eec74ee67b7c
structured,N192-R64,V2-B-N192-R064-C03-X02,lightest_safe_first,Lightest safe first,14.744210807481505,true,true,experiments/algorithmic_compression_v2/results/raw_runs/V2-B-N192-R064-C03-X02/lightest_safe_first__mandatory_only.toml,f033d6910be167086bce44a7a1341b4b35e5db9d940f7c8093a49e48051e9b35
structured,N192-R64,V2-B-N192-R064-C03-X02,maximum_immediate_burden_release,Maximum immediate release,8.114601714029217,true,true,experiments/algorithmic_compression_v2/results/raw_runs/V2-B-N192-R064-C03-X02/maximum_immediate_burden_release__mandatory_only.toml,affdb4e70e5e9b86f6c2330c7d1fd0aea92791a2e69a023b3d40efda4f80d408
structured,N192-R64,V2-B-N192-R064-C03-X02,minimum_unique_carrier_exposure,Minimum unique-carrier exposure,10.05230252621583,true,true,experiments/algorithmic_compression_v2/results/raw_runs/V2-B-N192-R064-C03-X02/minimum_unique_carrier_exposure__mandatory_only.toml,afce2d93a823f2564f97f1c95b307d5b00f2effe332d3827415f38a48b81e761
structured,N192-R64,V2-B-N192-R064-C03-X02,multistart_random_rechecked_deletion_32,32-start random deletion,309.74452527088704,true,true,experiments/algorithmic_compression_v2/results/raw_runs/V2-B-N192-R064-C03-X02/multistart_random_rechecked_deletion_32__mandatory_only.toml,0c5777ad793f52101119dc63f33fa70ccee88310d692baf42b2c16766bc6b82e
structured,N192-R64,V2-B-N192-R064-C03-X02,random_order_rechecked_deletion,Random-order deletion,13.161811000016161,true,true,experiments/algorithmic_compression_v2/results/raw_runs/V2-B-N192-R064-C03-X02/random_order_rechecked_deletion__mandatory_only.toml,004ef6a48040b513ac899a810d5b2e4704aaf9b33aafa27172d539b37bbb8cd9
structured,N192-R64,V2-B-N192-R064-C03-X02,weighted_greedy,Weighted greedy,1.315730959655282,true,true,experiments/algorithmic_compression_v2/results/raw_runs/V2-B-N192-R064-C03-X02/weighted_greedy__mandatory_only.toml,ca17798d033ab70d47c1015056bf4cbc0edd6f98c4e7820ce33390166aef5e56
structured,N192-R64,V2-B-N192-R064-C03-X02,weighted_greedy_reverse_delete,Weighted greedy + reverse deletion,1.333199747416605,true,true,experiments/algorithmic_compression_v2/results/raw_runs/V2-B-N192-R064-C03-X02/weighted_greedy_reverse_delete__mandatory_only.toml,b2f2fe1a2d475768a5acf2695b6bb2ee7c99f7fc9e7b6b97e586d7086c437a6b
structured,N192-R64,V2-B-N192-R064-C04-X01,cardinality_greedy,Cardinality greedy,1.111642866279827,true,true,experiments/algorithmic_compression_v2/results/raw_runs/V2-B-N192-R064-C04-X01/cardinality_greedy__mandatory_only.toml,dd988c98638abe3d49d8e4a21122e0fe230ddac2185e65cf78d3ac0b2e72345f
structured,N192-R64,V2-B-N192-R064-C04-X01,declared_source_order,Declared source order,9.383869305688593,true,true,experiments/algorithmic_compression_v2/results/raw_runs/V2-B-N192-R064-C04-X01/declared_source_order__mandatory_only.toml,7ef4795c14ac660518c60602c95948227207194307dd159e16292fe864ba54db
structured,N192-R64,V2-B-N192-R064-C04-X01,heaviest_safe_first,Heaviest safe first,10.162914101549251,true,true,experiments/algorithmic_compression_v2/results/raw_runs/V2-B-N192-R064-C04-X01/heaviest_safe_first__mandatory_only.toml,afb2fe544d5a6bc3ed9f49880867eeacdb7f25a17ad24f32fa4e9eb883f496b7
structured,N192-R64,V2-B-N192-R064-C04-X01,jump_highs_tagged_cover,HiGHS MIP,35.92632416412786,true,true,experiments/algorithmic_compression_v2/results/raw_runs/V2-B-N192-R064-C04-X01/jump_highs_tagged_cover__full_fixed_point.toml,c0b0671ee3f4aa4c1eac2e4bfa8ea013f158609df8dc6af7d5ab45a3d839e90a
structured,N192-R64,V2-B-N192-R064-C04-X01,lightest_safe_first,Lightest safe first,8.791137060361233,true,true,experiments/algorithmic_compression_v2/results/raw_runs/V2-B-N192-R064-C04-X01/lightest_safe_first__mandatory_only.toml,a8ec66beeb502745fdd5064ee8f60fe1f3736094210474f7fe432017406996fc
structured,N192-R64,V2-B-N192-R064-C04-X01,maximum_immediate_burden_release,Maximum immediate release,12.14481534310118,true,true,experiments/algorithmic_compression_v2/results/raw_runs/V2-B-N192-R064-C04-X01/maximum_immediate_burden_release__mandatory_only.toml,60479118574b18e01b6c6cbd762110c85a63111a3c2a351a3c3a0451816f0644
structured,N192-R64,V2-B-N192-R064-C04-X01,minimum_unique_carrier_exposure,Minimum unique-carrier exposure,10.494597037629466,true,true,experiments/algorithmic_compression_v2/results/raw_runs/V2-B-N192-R064-C04-X01/minimum_unique_carrier_exposure__mandatory_only.toml,cfb114be21fcbab1e86b07c53f80b31c87b0e19efcd445e7ecd161a9d1c8037c
structured,N192-R64,V2-B-N192-R064-C04-X01,multistart_random_rechecked_deletion_32,32-start random deletion,303.72195653427934,true,true,experiments/algorithmic_compression_v2/results/raw_runs/V2-B-N192-R064-C04-X01/multistart_random_rechecked_deletion_32__mandatory_only.toml,f7faddff58328d5230e7ab11183521d5a47e822f3ae95d90e621f8ea5a438346
structured,N192-R64,V2-B-N192-R064-C04-X01,random_order_rechecked_deletion,Random-order deletion,10.740469379071728,true,true,experiments/algorithmic_compression_v2/results/raw_runs/V2-B-N192-R064-C04-X01/random_order_rechecked_deletion__mandatory_only.toml,3b3daf7a5290b7d944f5e6748462396d31e8e17bb8a7151cc00bc1a840d885b0
structured,N192-R64,V2-B-N192-R064-C04-X01,weighted_greedy,Weighted greedy,1.0,true,true,experiments/algorithmic_compression_v2/results/raw_runs/V2-B-N192-R064-C04-X01/weighted_greedy__mandatory_only.toml,8b4edb98188f4277e7dad3601e000029e3f0ef6dcfe13026e32d081bda0545a6
structured,N192-R64,V2-B-N192-R064-C04-X01,weighted_greedy_reverse_delete,Weighted greedy + reverse deletion,1.2673553257830967,true,true,experiments/algorithmic_compression_v2/results/raw_runs/V2-B-N192-R064-C04-X01/weighted_greedy_reverse_delete__mandatory_only.toml,8d14726fb74cccda728b0693fd6bb58f8784a7ead82377831412c48d71703a8f
structured,N192-R64,V2-B-N192-R064-C04-X02,cardinality_greedy,Cardinality greedy,2.2495654441658717,true,true,experiments/algorithmic_compression_v2/results/raw_runs/V2-B-N192-R064-C04-X02/cardinality_greedy__mandatory_only.toml,266931b020801c6d2bbe50baaf570dff18b9147cfc06dbe9d9193e75f7fe0f2f
structured,N192-R64,V2-B-N192-R064-C04-X02,declared_source_order,Declared source order,9.849695318667363,true,true,experiments/algorithmic_compression_v2/results/raw_runs/V2-B-N192-R064-C04-X02/declared_source_order__mandatory_only.toml,8c593f0409d783794d950d3f070751dbd7e01ae0f5218eccd8f52e3848828524
structured,N192-R64,V2-B-N192-R064-C04-X02,heaviest_safe_first,Heaviest safe first,12.831484383051334,true,true,experiments/algorithmic_compression_v2/results/raw_runs/V2-B-N192-R064-C04-X02/heaviest_safe_first__mandatory_only.toml,e7a239fa64a6ffa26f1527a48ee84338111b618d080a8885baa9c1d5d85df371
structured,N192-R64,V2-B-N192-R064-C04-X02,jump_highs_tagged_cover,HiGHS MIP,32.51675277505889,true,true,experiments/algorithmic_compression_v2/results/raw_runs/V2-B-N192-R064-C04-X02/jump_highs_tagged_cover__full_fixed_point.toml,a7b704dabbfba2dc1d3800b0c3a64ade9766d739e36e595fddf64bce2b7b914a
structured,N192-R64,V2-B-N192-R064-C04-X02,lightest_safe_first,Lightest safe first,11.481497505324127,true,true,experiments/algorithmic_compression_v2/results/raw_runs/V2-B-N192-R064-C04-X02/lightest_safe_first__mandatory_only.toml,53a288761702c44e3221d07d14c6f917a2ff1db6a7c46ce086cfaac59ee00f86
structured,N192-R64,V2-B-N192-R064-C04-X02,maximum_immediate_burden_release,Maximum immediate release,11.662521734587202,true,true,experiments/algorithmic_compression_v2/results/raw_runs/V2-B-N192-R064-C04-X02/maximum_immediate_burden_release__mandatory_only.toml,9700a81b166df6facc549e61ad680c00f4d2b3d7769986707e22ec7f3ee44494
structured,N192-R64,V2-B-N192-R064-C04-X02,minimum_unique_carrier_exposure,Minimum unique-carrier exposure,11.2193696675891,true,true,experiments/algorithmic_compression_v2/results/raw_runs/V2-B-N192-R064-C04-X02/minimum_unique_carrier_exposure__mandatory_only.toml,9897cdf7c33f86e0f773971c569793ae2d89d36d5a7b34232fcf76ebac1d2dd0
structured,N192-R64,V2-B-N192-R064-C04-X02,multistart_random_rechecked_deletion_32,32-start random deletion,347.67041522482236,true,true,experiments/algorithmic_compression_v2/results/raw_runs/V2-B-N192-R064-C04-X02/multistart_random_rechecked_deletion_32__mandatory_only.toml,2b86f64deac9c9ceed2e8b21e0e53316d3703ad25ee6619fe03c065e57644214
structured,N192-R64,V2-B-N192-R064-C04-X02,random_order_rechecked_deletion,Random-order deletion,10.887687591665083,true,true,experiments/algorithmic_compression_v2/results/raw_runs/V2-B-N192-R064-C04-X02/random_order_rechecked_deletion__mandatory_only.toml,978a3e174b26a54d4d80ca55eaceba9d70f893bbf0d62811572342f96b9938fc
structured,N192-R64,V2-B-N192-R064-C04-X02,weighted_greedy,Weighted greedy,1.0,true,true,experiments/algorithmic_compression_v2/results/raw_runs/V2-B-N192-R064-C04-X02/weighted_greedy__mandatory_only.toml,a24d3a1d4cd1e8c3cc5e8b4eef1cc91a073a9ae84f3a38adc84e552821188d95
structured,N192-R64,V2-B-N192-R064-C04-X02,weighted_greedy_reverse_delete,Weighted greedy + reverse deletion,1.2464133957874304,true,true,experiments/algorithmic_compression_v2/results/raw_runs/V2-B-N192-R064-C04-X02/weighted_greedy_reverse_delete__mandatory_only.toml,a12828f643ef5554ca8c117bba47c5586c441cb78ae8e59bca5c75b25da4edc1
structured,N192-R64,V2-B-N192-R064-C05-X01,cardinality_greedy,Cardinality greedy,1.0,true,true,experiments/algorithmic_compression_v2/results/raw_runs/V2-B-N192-R064-C05-X01/cardinality_greedy__mandatory_only.toml,4fd5b7e9fae78ec965f8999763bfc585a500b3d028dbee82f89c8ccf70270c28
structured,N192-R64,V2-B-N192-R064-C05-X01,declared_source_order,Declared source order,7.2571142666787685,true,true,experiments/algorithmic_compression_v2/results/raw_runs/V2-B-N192-R064-C05-X01/declared_source_order__mandatory_only.toml,c3ed61e6d32950c6571eb6e171e609057579da3f04983224112c39b6f137a31d
structured,N192-R64,V2-B-N192-R064-C05-X01,heaviest_safe_first,Heaviest safe first,9.241376548373145,true,true,experiments/algorithmic_compression_v2/results/raw_runs/V2-B-N192-R064-C05-X01/heaviest_safe_first__mandatory_only.toml,a8ba72984728a1bbe6408340d9a291d808186a3566de4381e9eee2c20252f990
structured,N192-R64,V2-B-N192-R064-C05-X01,jump_highs_tagged_cover,HiGHS MIP,43.65754378779994,true,true,experiments/algorithmic_compression_v2/results/raw_runs/V2-B-N192-R064-C05-X01/jump_highs_tagged_cover__full_fixed_point.toml,01c299b6af279bb170849351e864a8fb776cf4323571ca1192b2d102dbef67f7
structured,N192-R64,V2-B-N192-R064-C05-X01,lightest_safe_first,Lightest safe first,8.651075212774455,true,true,experiments/algorithmic_compression_v2/results/raw_runs/V2-B-N192-R064-C05-X01/lightest_safe_first__mandatory_only.toml,6e23e6986dbac7bfd1bae6987ab05beeffe74163a20d6dde6850bb8568514cbd
structured,N192-R64,V2-B-N192-R064-C05-X01,maximum_immediate_burden_release,Maximum immediate release,9.231476928856509,true,true,experiments/algorithmic_compression_v2/results/raw_runs/V2-B-N192-R064-C05-X01/maximum_immediate_burden_release__mandatory_only.toml,bcc009c6b7a5aeacc4d45b0edd51d6dc96171876f7e838da2945721d68da5ece
structured,N192-R64,V2-B-N192-R064-C05-X01,minimum_unique_carrier_exposure,Minimum unique-carrier exposure,7.463270619418908,true,true,experiments/algorithmic_compression_v2/results/raw_runs/V2-B-N192-R064-C05-X01/minimum_unique_carrier_exposure__mandatory_only.toml,ff35c2ba809fa3b91685fb545ce03f132a2568ca626b163e52433cac67c2ac37
structured,N192-R64,V2-B-N192-R064-C05-X01,multistart_random_rechecked_deletion_32,32-start random deletion,288.596599773769,true,true,experiments/algorithmic_compression_v2/results/raw_runs/V2-B-N192-R064-C05-X01/multistart_random_rechecked_deletion_32__mandatory_only.toml,cc9799e64ba9d63354dda490e11d9a8015bec859954ca54926f75732132df68b
structured,N192-R64,V2-B-N192-R064-C05-X01,random_order_rechecked_deletion,Random-order deletion,13.315414492235035,true,true,experiments/algorithmic_compression_v2/results/raw_runs/V2-B-N192-R064-C05-X01/random_order_rechecked_deletion__mandatory_only.toml,551baee319ce663a130a0943896c1228b77de881ed546006080583813b6c48aa
structured,N192-R64,V2-B-N192-R064-C05-X01,weighted_greedy,Weighted greedy,1.3198221581444791,true,true,experiments/algorithmic_compression_v2/results/raw_runs/V2-B-N192-R064-C05-X01/weighted_greedy__mandatory_only.toml,523ab39a1f56aa7a2e5bd90dd1dfae6535fd52af5368be468a28dd1f5b994da3
structured,N192-R64,V2-B-N192-R064-C05-X01,weighted_greedy_reverse_delete,Weighted greedy + reverse deletion,1.490350068637623,true,true,experiments/algorithmic_compression_v2/results/raw_runs/V2-B-N192-R064-C05-X01/weighted_greedy_reverse_delete__mandatory_only.toml,28cbfa5cc315361606b68d508be331c668de29d5f7cb7c4b8ed7c790030474b3
structured,N192-R64,V2-B-N192-R064-C05-X02,cardinality_greedy,Cardinality greedy,1.9082869444316872,true,true,experiments/algorithmic_compression_v2/results/raw_runs/V2-B-N192-R064-C05-X02/cardinality_greedy__mandatory_only.toml,03b6a59371f31606580624ebf085fbc0e6c883445d6fb5c6c2dff9cfd8363c58
structured,N192-R64,V2-B-N192-R064-C05-X02,declared_source_order,Declared source order,8.600229916242107,true,true,experiments/algorithmic_compression_v2/results/raw_runs/V2-B-N192-R064-C05-X02/declared_source_order__mandatory_only.toml,c145c1bc7294a34419cb003aec61fe4191e94b089d995ccb88ecb53dddaf44dc
structured,N192-R64,V2-B-N192-R064-C05-X02,heaviest_safe_first,Heaviest safe first,9.899184590020159,true,true,experiments/algorithmic_compression_v2/results/raw_runs/V2-B-N192-R064-C05-X02/heaviest_safe_first__mandatory_only.toml,f28df5a77a6d6542f672a7197b436ae62c0dee3478ef402a9949261332f5ccf0
structured,N192-R64,V2-B-N192-R064-C05-X02,jump_highs_tagged_cover,HiGHS MIP,43.81666113548945,true,true,experiments/algorithmic_compression_v2/results/raw_runs/V2-B-N192-R064-C05-X02/jump_highs_tagged_cover__full_fixed_point.toml,d4a80a0ca06057118532fe416076eb0fd2d213f8d79f3c8ff0ee2900dce955aa
structured,N192-R64,V2-B-N192-R064-C05-X02,lightest_safe_first,Lightest safe first,9.322496609103164,true,true,experiments/algorithmic_compression_v2/results/raw_runs/V2-B-N192-R064-C05-X02/lightest_safe_first__mandatory_only.toml,fe093b78af7aeca3d8e0f0257b20f5d86946c11043bf20c1b85d666b98c10111
structured,N192-R64,V2-B-N192-R064-C05-X02,maximum_immediate_burden_release,Maximum immediate release,8.221081978707614,true,true,experiments/algorithmic_compression_v2/results/raw_runs/V2-B-N192-R064-C05-X02/maximum_immediate_burden_release__mandatory_only.toml,78af58ad106997272b104e391991070471fcdccd12478951cbfefc97c1383673
structured,N192-R64,V2-B-N192-R064-C05-X02,minimum_unique_carrier_exposure,Minimum unique-carrier exposure,9.315188962939335,true,true,experiments/algorithmic_compression_v2/results/raw_runs/V2-B-N192-R064-C05-X02/minimum_unique_carrier_exposure__mandatory_only.toml,51aa6bed8b86bff7320e6408c3948092e653c9e251119e95853f09ffbe93d3df
structured,N192-R64,V2-B-N192-R064-C05-X02,multistart_random_rechecked_deletion_32,32-start random deletion,243.27828972893528,true,true,experiments/algorithmic_compression_v2/results/raw_runs/V2-B-N192-R064-C05-X02/multistart_random_rechecked_deletion_32__mandatory_only.toml,b5e1e82dcd9cf688c95951e6853534669e5fe153dfa711213aacc332e4de08b1
structured,N192-R64,V2-B-N192-R064-C05-X02,random_order_rechecked_deletion,Random-order deletion,12.122626720721554,true,true,experiments/algorithmic_compression_v2/results/raw_runs/V2-B-N192-R064-C05-X02/random_order_rechecked_deletion__mandatory_only.toml,5475584b90e87aa78661a680e31439831203e1a7aaa0b418aadccd50775ca67f
structured,N192-R64,V2-B-N192-R064-C05-X02,weighted_greedy,Weighted greedy,1.0,true,true,experiments/algorithmic_compression_v2/results/raw_runs/V2-B-N192-R064-C05-X02/weighted_greedy__mandatory_only.toml,5bc7e59bc6483721ad31fd8b00ce42601bc10bab75597d734ec27a3362f3dd8f
structured,N192-R64,V2-B-N192-R064-C05-X02,weighted_greedy_reverse_delete,Weighted greedy + reverse deletion,1.0907725212800619,true,true,experiments/algorithmic_compression_v2/results/raw_runs/V2-B-N192-R064-C05-X02/weighted_greedy_reverse_delete__mandatory_only.toml,fdeb018cf9355d5f214b50ae8d230ef7916f07605e70b5ca345910abed90e5ec
structured,N192-R64,V2-B-N192-R064-C06-X01,cardinality_greedy,Cardinality greedy,4.779755402510927,true,true,experiments/algorithmic_compression_v2/results/raw_runs/V2-B-N192-R064-C06-X01/cardinality_greedy__mandatory_only.toml,4a5b2830d41d2364cc1c8ff66c56a6184d307eff852cf84a94fbd0cd5adf56d0
structured,N192-R64,V2-B-N192-R064-C06-X01,declared_source_order,Declared source order,18.784668131247603,true,true,experiments/algorithmic_compression_v2/results/raw_runs/V2-B-N192-R064-C06-X01/declared_source_order__mandatory_only.toml,00bfc04344a3a753dd20782359a96d7f8a5522f5377a5757ae3c291ce907cb49
structured,N192-R64,V2-B-N192-R064-C06-X01,heaviest_safe_first,Heaviest safe first,19.160211464086064,true,true,experiments/algorithmic_compression_v2/results/raw_runs/V2-B-N192-R064-C06-X01/heaviest_safe_first__mandatory_only.toml,f7507cdb77a4867b4a82cb5fb93d06dff74ca370901a83bb93d160c75e8da4c9
structured,N192-R64,V2-B-N192-R064-C06-X01,jump_highs_tagged_cover,HiGHS MIP,82.43580245977269,true,true,experiments/algorithmic_compression_v2/results/raw_runs/V2-B-N192-R064-C06-X01/jump_highs_tagged_cover__full_fixed_point.toml,a572aa56164ddb6c4d8904e965005a1ae297142e424ced7b433753cf794624b5
structured,N192-R64,V2-B-N192-R064-C06-X01,lightest_safe_first,Lightest safe first,18.253744586050157,true,true,experiments/algorithmic_compression_v2/results/raw_runs/V2-B-N192-R064-C06-X01/lightest_safe_first__mandatory_only.toml,34e56ad6d64c7141df50f677ce6a5b22c70fee8e2cf71bad7513c417ec16f697
structured,N192-R64,V2-B-N192-R064-C06-X01,maximum_immediate_burden_release,Maximum immediate release,22.125356514632898,true,true,experiments/algorithmic_compression_v2/results/raw_runs/V2-B-N192-R064-C06-X01/maximum_immediate_burden_release__mandatory_only.toml,9d926970e2f22c96068106b35d5e035e1568d513832674095b548d9de808ce8f
structured,N192-R64,V2-B-N192-R064-C06-X01,minimum_unique_carrier_exposure,Minimum unique-carrier exposure,17.838911635982093,true,true,experiments/algorithmic_compression_v2/results/raw_runs/V2-B-N192-R064-C06-X01/minimum_unique_carrier_exposure__mandatory_only.toml,3ad185c5358d11adab1d805eff68a129ce21705764ead8d6c568dbff82a04608
structured,N192-R64,V2-B-N192-R064-C06-X01,multistart_random_rechecked_deletion_32,32-start random deletion,563.4061183431102,true,true,experiments/algorithmic_compression_v2/results/raw_runs/V2-B-N192-R064-C06-X01/multistart_random_rechecked_deletion_32__mandatory_only.toml,8ce999f2c42c2c00d3a330e3428ae8e04b367c3462f6ee490e7838e62bb6b6e1
structured,N192-R64,V2-B-N192-R064-C06-X01,random_order_rechecked_deletion,Random-order deletion,14.97565917469467,true,true,experiments/algorithmic_compression_v2/results/raw_runs/V2-B-N192-R064-C06-X01/random_order_rechecked_deletion__mandatory_only.toml,292aeabe51b8115d3d30d91eb1df3bf3de121fc5147b0fc4c43a995333836dc0
structured,N192-R64,V2-B-N192-R064-C06-X01,weighted_greedy,Weighted greedy,1.0,true,true,experiments/algorithmic_compression_v2/results/raw_runs/V2-B-N192-R064-C06-X01/weighted_greedy__mandatory_only.toml,16a846106d8d4dcaa1e3a712d27e30342a5bd681f1960521c9459732dda0b018
structured,N192-R64,V2-B-N192-R064-C06-X01,weighted_greedy_reverse_delete,Weighted greedy + reverse deletion,2.193265955305024,true,true,experiments/algorithmic_compression_v2/results/raw_runs/V2-B-N192-R064-C06-X01/weighted_greedy_reverse_delete__mandatory_only.toml,2c742132a0ec1b09c947cbe72d6a8b4ad87137722296e2fd99412ea6ff57e170
structured,N192-R64,V2-B-N192-R064-C06-X02,cardinality_greedy,Cardinality greedy,1.2453247937358105,true,true,experiments/algorithmic_compression_v2/results/raw_runs/V2-B-N192-R064-C06-X02/cardinality_greedy__mandatory_only.toml,d5980f1f5d3f2bae1ba09a0a78e31a4aefeae9cd85bd977f006105d8751e0d09
structured,N192-R64,V2-B-N192-R064-C06-X02,declared_source_order,Declared source order,10.784564371176845,true,true,experiments/algorithmic_compression_v2/results/raw_runs/V2-B-N192-R064-C06-X02/declared_source_order__mandatory_only.toml,3883f48a6fbb7574731470fc289df5a32f7e47cb8a2267d91539d1ebffeb18e9
structured,N192-R64,V2-B-N192-R064-C06-X02,heaviest_safe_first,Heaviest safe first,10.70273866051026,true,true,experiments/algorithmic_compression_v2/results/raw_runs/V2-B-N192-R064-C06-X02/heaviest_safe_first__mandatory_only.toml,9544ab2fc3ca57af502d03dda8acea170080d2fcc005819a4d4b90c7bc1b360c
structured,N192-R64,V2-B-N192-R064-C06-X02,jump_highs_tagged_cover,HiGHS MIP,46.94673663415846,true,true,experiments/algorithmic_compression_v2/results/raw_runs/V2-B-N192-R064-C06-X02/jump_highs_tagged_cover__full_fixed_point.toml,9e89b7ef29ca9f31750cf96837b9848a74566406f6b41ce2bfc997cb9ef53bc5
structured,N192-R64,V2-B-N192-R064-C06-X02,lightest_safe_first,Lightest safe first,9.469596185574542,true,true,experiments/algorithmic_compression_v2/results/raw_runs/V2-B-N192-R064-C06-X02/lightest_safe_first__mandatory_only.toml,7be5845fd5d99d6bcf2b3e2c6fbcfcb4bf09fe55183d3bec5dbf19b013813cd2
structured,N192-R64,V2-B-N192-R064-C06-X02,maximum_immediate_burden_release,Maximum immediate release,11.778057760835578,true,true,experiments/algorithmic_compression_v2/results/raw_runs/V2-B-N192-R064-C06-X02/maximum_immediate_burden_release__mandatory_only.toml,f672173f72a21d008d95aac087dbe10d60f3a547fce698eb34c2fd1198de83bb
structured,N192-R64,V2-B-N192-R064-C06-X02,minimum_unique_carrier_exposure,Minimum unique-carrier exposure,10.259109106385386,true,true,experiments/algorithmic_compression_v2/results/raw_runs/V2-B-N192-R064-C06-X02/minimum_unique_carrier_exposure__mandatory_only.toml,e422902c2cbe6aba528bfaa88a46582597728e36c5aed8657aa676fe9fe90382
structured,N192-R64,V2-B-N192-R064-C06-X02,multistart_random_rechecked_deletion_32,32-start random deletion,283.05590594434585,true,true,experiments/algorithmic_compression_v2/results/raw_runs/V2-B-N192-R064-C06-X02/multistart_random_rechecked_deletion_32__mandatory_only.toml,289413ee2b9ca22d5844511f025853fd84d617bea5a9ed4a746e9a298c7c445c
structured,N192-R64,V2-B-N192-R064-C06-X02,random_order_rechecked_deletion,Random-order deletion,11.788707675211581,true,true,experiments/algorithmic_compression_v2/results/raw_runs/V2-B-N192-R064-C06-X02/random_order_rechecked_deletion__mandatory_only.toml,75fdae9ce84b68c4172a12bf4001a30f41c1fa6433067de4d1ff833aabc34310
structured,N192-R64,V2-B-N192-R064-C06-X02,weighted_greedy,Weighted greedy,1.0,true,true,experiments/algorithmic_compression_v2/results/raw_runs/V2-B-N192-R064-C06-X02/weighted_greedy__mandatory_only.toml,1b81eb6d694ae7a97ce95f0dfa2427a7caf616f7e8cc1c56baba7d5b822ec104
structured,N192-R64,V2-B-N192-R064-C06-X02,weighted_greedy_reverse_delete,Weighted greedy + reverse deletion,1.2041613449910893,true,true,experiments/algorithmic_compression_v2/results/raw_runs/V2-B-N192-R064-C06-X02/weighted_greedy_reverse_delete__mandatory_only.toml,6d84bbc25589529df17908aab85aa3ed6a27c89b4a3b77f79e2c3438b5d9047d
structured,N192-R64,V2-B-N192-R064-C07-X01,cardinality_greedy,Cardinality greedy,1.2300233770726465,true,true,experiments/algorithmic_compression_v2/results/raw_runs/V2-B-N192-R064-C07-X01/cardinality_greedy__mandatory_only.toml,8ef607f0091a5aa1129c0bcae001a31c1e638ebf4b9103576743300413f14b22
structured,N192-R64,V2-B-N192-R064-C07-X01,declared_source_order,Declared source order,8.34002874668655,true,true,experiments/algorithmic_compression_v2/results/raw_runs/V2-B-N192-R064-C07-X01/declared_source_order__mandatory_only.toml,19fdb52142aa81d1faa2439f005a65252f9ca6acad06872ae5838d8b9f8a4ccf
structured,N192-R64,V2-B-N192-R064-C07-X01,heaviest_safe_first,Heaviest safe first,7.532427979528671,true,true,experiments/algorithmic_compression_v2/results/raw_runs/V2-B-N192-R064-C07-X01/heaviest_safe_first__mandatory_only.toml,727208cd5ad80f6d053101d7461e5b049c633b475f848dd46a318e04dcdd226d
structured,N192-R64,V2-B-N192-R064-C07-X01,jump_highs_tagged_cover,HiGHS MIP,5.8651811635990825,true,true,experiments/algorithmic_compression_v2/results/raw_runs/V2-B-N192-R064-C07-X01/jump_highs_tagged_cover__full_fixed_point.toml,459be0b68ef94a3c36ad1547d102d5541dd757943ee92006247b5eab0e1a77ed
structured,N192-R64,V2-B-N192-R064-C07-X01,lightest_safe_first,Lightest safe first,6.783595635632938,true,true,experiments/algorithmic_compression_v2/results/raw_runs/V2-B-N192-R064-C07-X01/lightest_safe_first__mandatory_only.toml,2b0bae8d9be5d5de488312c4eb01733d3900504eedb3059b8c3040a0eda770ad
structured,N192-R64,V2-B-N192-R064-C07-X01,maximum_immediate_burden_release,Maximum immediate release,8.585455274918225,true,true,experiments/algorithmic_compression_v2/results/raw_runs/V2-B-N192-R064-C07-X01/maximum_immediate_burden_release__mandatory_only.toml,ace4b004943f3648fdfcccee71d4fe5720c1bc068e762ded73e09e41b7ae5b09
structured,N192-R64,V2-B-N192-R064-C07-X01,minimum_unique_carrier_exposure,Minimum unique-carrier exposure,6.439644980729557,true,true,experiments/algorithmic_compression_v2/results/raw_runs/V2-B-N192-R064-C07-X01/minimum_unique_carrier_exposure__mandatory_only.toml,1d447147a7bf03d3e90ca6b39126f96e756e4f83b2d2f180b2e265b414b9decb
structured,N192-R64,V2-B-N192-R064-C07-X01,multistart_random_rechecked_deletion_32,32-start random deletion,265.16557603115075,true,true,experiments/algorithmic_compression_v2/results/raw_runs/V2-B-N192-R064-C07-X01/multistart_random_rechecked_deletion_32__mandatory_only.toml,5499e688b20b0931640ad41b4eb646828c61606583619f823e308b2be55c885b
structured,N192-R64,V2-B-N192-R064-C07-X01,random_order_rechecked_deletion,Random-order deletion,7.915608294340249,true,true,experiments/algorithmic_compression_v2/results/raw_runs/V2-B-N192-R064-C07-X01/random_order_rechecked_deletion__mandatory_only.toml,afd47b8287de89f27d6a2ce9cac7f6623b28d0b8f05a1cd109f7560e0e88259a
structured,N192-R64,V2-B-N192-R064-C07-X01,weighted_greedy,Weighted greedy,1.0,true,true,experiments/algorithmic_compression_v2/results/raw_runs/V2-B-N192-R064-C07-X01/weighted_greedy__mandatory_only.toml,d8ea82c1660cfcd5531016e2793521bdeb96b2342c2cbbe6b7d78418bf6cd3d6
structured,N192-R64,V2-B-N192-R064-C07-X01,weighted_greedy_reverse_delete,Weighted greedy + reverse deletion,2.081978278950688,true,true,experiments/algorithmic_compression_v2/results/raw_runs/V2-B-N192-R064-C07-X01/weighted_greedy_reverse_delete__mandatory_only.toml,89b5b968ff14f7a3002a036dcbb51a137eb43df26bdd5d8118beaaefdc983b8f
structured,N192-R64,V2-B-N192-R064-C07-X02,cardinality_greedy,Cardinality greedy,2.367934399159194,true,true,experiments/algorithmic_compression_v2/results/raw_runs/V2-B-N192-R064-C07-X02/cardinality_greedy__mandatory_only.toml,6785e3eda6be9ddbcfbecdc661a89831e04b9c7da3c42f5d3315842a46cb21fc
structured,N192-R64,V2-B-N192-R064-C07-X02,declared_source_order,Declared source order,19.38686398678078,true,true,experiments/algorithmic_compression_v2/results/raw_runs/V2-B-N192-R064-C07-X02/declared_source_order__mandatory_only.toml,449948858aadcab97207b78f5c79cf28e6f523d5aa2052cb423851b4e641fdf3
structured,N192-R64,V2-B-N192-R064-C07-X02,heaviest_safe_first,Heaviest safe first,24.320145720890206,true,true,experiments/algorithmic_compression_v2/results/raw_runs/V2-B-N192-R064-C07-X02/heaviest_safe_first__mandatory_only.toml,7a50a5c1166fc662b214359a0e33c81e05ed1a3e381d46808a24ad67674ebba6
structured,N192-R64,V2-B-N192-R064-C07-X02,jump_highs_tagged_cover,HiGHS MIP,11.327231110751699,true,true,experiments/algorithmic_compression_v2/results/raw_runs/V2-B-N192-R064-C07-X02/jump_highs_tagged_cover__full_fixed_point.toml,e10df7dda216ad08a61c9a5ca653deadbda57c4f32a93737cb6586b7b382ffa5
structured,N192-R64,V2-B-N192-R064-C07-X02,lightest_safe_first,Lightest safe first,21.893264756268522,true,true,experiments/algorithmic_compression_v2/results/raw_runs/V2-B-N192-R064-C07-X02/lightest_safe_first__mandatory_only.toml,864a54bcd33ed02bc7ba38b4ee5c5353459b8cdb957827ddd52421397c305402
structured,N192-R64,V2-B-N192-R064-C07-X02,maximum_immediate_burden_release,Maximum immediate release,29.505449583096482,true,true,experiments/algorithmic_compression_v2/results/raw_runs/V2-B-N192-R064-C07-X02/maximum_immediate_burden_release__mandatory_only.toml,b9b6d2161a6fe651000cdf719a09e0e3d1a6e6f00096d86ef4277ccb02f6ed19
structured,N192-R64,V2-B-N192-R064-C07-X02,minimum_unique_carrier_exposure,Minimum unique-carrier exposure,18.588955197933995,true,true,experiments/algorithmic_compression_v2/results/raw_runs/V2-B-N192-R064-C07-X02/minimum_unique_carrier_exposure__mandatory_only.toml,a3210892c91ba6a9f32cef524fee3f7f4b1618f99030f804c1182096d01620c0
structured,N192-R64,V2-B-N192-R064-C07-X02,multistart_random_rechecked_deletion_32,32-start random deletion,633.7181459991523,true,true,experiments/algorithmic_compression_v2/results/raw_runs/V2-B-N192-R064-C07-X02/multistart_random_rechecked_deletion_32__mandatory_only.toml,8b12a2092baba2b60fefd036bd97e975f3885e23757194acd198ef970dc0e37b
structured,N192-R64,V2-B-N192-R064-C07-X02,random_order_rechecked_deletion,Random-order deletion,20.835789867389625,true,true,experiments/algorithmic_compression_v2/results/raw_runs/V2-B-N192-R064-C07-X02/random_order_rechecked_deletion__mandatory_only.toml,dbd7f8266eb436ae5541aceb4848aed904960fd8643f86e82a062a2841071a6f
structured,N192-R64,V2-B-N192-R064-C07-X02,weighted_greedy,Weighted greedy,1.0,true,true,experiments/algorithmic_compression_v2/results/raw_runs/V2-B-N192-R064-C07-X02/weighted_greedy__mandatory_only.toml,13e571ba5527fd505ba4c15e7fa0783f99b859d2e7704d22ff2b2a1e571dacc5
structured,N192-R64,V2-B-N192-R064-C07-X02,weighted_greedy_reverse_delete,Weighted greedy + reverse deletion,2.5558840206348954,true,true,experiments/algorithmic_compression_v2/results/raw_runs/V2-B-N192-R064-C07-X02/weighted_greedy_reverse_delete__mandatory_only.toml,0353b194e2f33d07006178c9a6f67559f0edb060810f5fe4b5b6398854ab28c6
structured,N192-R64,V2-B-N192-R064-C08-X01,cardinality_greedy,Cardinality greedy,1.0,true,true,experiments/algorithmic_compression_v2/results/raw_runs/V2-B-N192-R064-C08-X01/cardinality_greedy__mandatory_only.toml,fc050b5839cb219709302219f46f4bb336892a1dacaeb68dc05686b15f81387e
structured,N192-R64,V2-B-N192-R064-C08-X01,declared_source_order,Declared source order,27.969127001618393,true,true,experiments/algorithmic_compression_v2/results/raw_runs/V2-B-N192-R064-C08-X01/declared_source_order__mandatory_only.toml,f97c599ca1a76ef0d693a43765c2d15d2644ccc15b75d46719127b204e8fb4f2
structured,N192-R64,V2-B-N192-R064-C08-X01,heaviest_safe_first,Heaviest safe first,25.72386025449445,true,true,experiments/algorithmic_compression_v2/results/raw_runs/V2-B-N192-R064-C08-X01/heaviest_safe_first__mandatory_only.toml,ab6b2796f9cd6de0f00b7423a11e9dfe8373277255d02bf482a887c0efea77ee
structured,N192-R64,V2-B-N192-R064-C08-X01,jump_highs_tagged_cover,HiGHS MIP,64.23442939269218,true,true,experiments/algorithmic_compression_v2/results/raw_runs/V2-B-N192-R064-C08-X01/jump_highs_tagged_cover__full_fixed_point.toml,1d57a1b458b6768a2a606e83b8a9a349fed10dc44aeafbbb00d4c3aaf430786c
structured,N192-R64,V2-B-N192-R064-C08-X01,lightest_safe_first,Lightest safe first,24.60915854436556,true,true,experiments/algorithmic_compression_v2/results/raw_runs/V2-B-N192-R064-C08-X01/lightest_safe_first__mandatory_only.toml,0e8ef35c2ddabea9cd6c6cde89c3af4ee8942f609dfa0fefec7b3eb9e777b9cf
structured,N192-R64,V2-B-N192-R064-C08-X01,maximum_immediate_burden_release,Maximum immediate release,24.28360078735829,true,true,experiments/algorithmic_compression_v2/results/raw_runs/V2-B-N192-R064-C08-X01/maximum_immediate_burden_release__mandatory_only.toml,4a4c88bf27b6bebc96252e969c5c7e38f0cb1d5e9e55dff010b106edafbb71f6
structured,N192-R64,V2-B-N192-R064-C08-X01,minimum_unique_carrier_exposure,Minimum unique-carrier exposure,24.31177613041542,true,true,experiments/algorithmic_compression_v2/results/raw_runs/V2-B-N192-R064-C08-X01/minimum_unique_carrier_exposure__mandatory_only.toml,daf410701599b26d1d4211156af62963c42da25f7492c298d0f3b33603cd0451
structured,N192-R64,V2-B-N192-R064-C08-X01,multistart_random_rechecked_deletion_32,32-start random deletion,740.4213242688617,true,true,experiments/algorithmic_compression_v2/results/raw_runs/V2-B-N192-R064-C08-X01/multistart_random_rechecked_deletion_32__mandatory_only.toml,d01995fb6097abdb873b40ff78625d145010833075313bd3c6548f89661a264a
structured,N192-R64,V2-B-N192-R064-C08-X01,random_order_rechecked_deletion,Random-order deletion,21.64480098122232,true,true,experiments/algorithmic_compression_v2/results/raw_runs/V2-B-N192-R064-C08-X01/random_order_rechecked_deletion__mandatory_only.toml,e79e62f637792347c8102c2982a56efa6c0c892d1086f9eba7f4a43fb17b75b9
structured,N192-R64,V2-B-N192-R064-C08-X01,weighted_greedy,Weighted greedy,2.738116119713561,true,true,experiments/algorithmic_compression_v2/results/raw_runs/V2-B-N192-R064-C08-X01/weighted_greedy__mandatory_only.toml,0c18b69779a3c781e0f8f5438e11700936e21d76ad530de1d7163a104dd00630
structured,N192-R64,V2-B-N192-R064-C08-X01,weighted_greedy_reverse_delete,Weighted greedy + reverse deletion,3.941435140528728,true,true,experiments/algorithmic_compression_v2/results/raw_runs/V2-B-N192-R064-C08-X01/weighted_greedy_reverse_delete__mandatory_only.toml,2c81613ef48e1bfc56268b1ebccdffb835e6851926a2781827009abafaa57ed0
structured,N192-R64,V2-B-N192-R064-C08-X02,cardinality_greedy,Cardinality greedy,1.0457740676340748,true,true,experiments/algorithmic_compression_v2/results/raw_runs/V2-B-N192-R064-C08-X02/cardinality_greedy__mandatory_only.toml,cf44289fb93546fab6a4b486dfe24c897a39f9cef7068852dc16092679bffe8b
structured,N192-R64,V2-B-N192-R064-C08-X02,declared_source_order,Declared source order,7.16541647333488,true,true,experiments/algorithmic_compression_v2/results/raw_runs/V2-B-N192-R064-C08-X02/declared_source_order__mandatory_only.toml,34c009171cc98182e5f7b22abae9e87e482e83b2a3f1efe8c060b57ec2c25903
structured,N192-R64,V2-B-N192-R064-C08-X02,heaviest_safe_first,Heaviest safe first,6.613901878251867,true,true,experiments/algorithmic_compression_v2/results/raw_runs/V2-B-N192-R064-C08-X02/heaviest_safe_first__mandatory_only.toml,9a89c1b066095f8d771e13447581a4f0a0784ce8ffbcdcbcd24a4862cbd538e8
structured,N192-R64,V2-B-N192-R064-C08-X02,jump_highs_tagged_cover,HiGHS MIP,19.433019890453064,true,true,experiments/algorithmic_compression_v2/results/raw_runs/V2-B-N192-R064-C08-X02/jump_highs_tagged_cover__full_fixed_point.toml,2217dd14a1bb03502a40e459f3c66ce9b7251a41c39f067d7c5f0c2b311b686c
structured,N192-R64,V2-B-N192-R064-C08-X02,lightest_safe_first,Lightest safe first,7.684750604199538,true,true,experiments/algorithmic_compression_v2/results/raw_runs/V2-B-N192-R064-C08-X02/lightest_safe_first__mandatory_only.toml,bcc1d04a10f2a9323b47b8b2010cd34ec1801dab8c2c52476a2e6b69a36726da
structured,N192-R64,V2-B-N192-R064-C08-X02,maximum_immediate_burden_release,Maximum immediate release,6.8385879528040805,true,true,experiments/algorithmic_compression_v2/results/raw_runs/V2-B-N192-R064-C08-X02/maximum_immediate_burden_release__mandatory_only.toml,ff73123ac5870e1fe74f3561b65694f2f811f0c177884dba8e3ffdd001a02484
structured,N192-R64,V2-B-N192-R064-C08-X02,minimum_unique_carrier_exposure,Minimum unique-carrier exposure,6.357091314578059,true,true,experiments/algorithmic_compression_v2/results/raw_runs/V2-B-N192-R064-C08-X02/minimum_unique_carrier_exposure__mandatory_only.toml,9a65fbc602c9638185f21f3f0d0ebfbaf8c0c5a4f8247ac4387cc7ea59b6217c
structured,N192-R64,V2-B-N192-R064-C08-X02,multistart_random_rechecked_deletion_32,32-start random deletion,211.31220918410494,true,true,experiments/algorithmic_compression_v2/results/raw_runs/V2-B-N192-R064-C08-X02/multistart_random_rechecked_deletion_32__mandatory_only.toml,6e38cffd654d3be5f7bd9646b76c0ce1d6e8e385cdb29f753c727f05828132bb
structured,N192-R64,V2-B-N192-R064-C08-X02,random_order_rechecked_deletion,Random-order deletion,5.651433909168999,true,true,experiments/algorithmic_compression_v2/results/raw_runs/V2-B-N192-R064-C08-X02/random_order_rechecked_deletion__mandatory_only.toml,b0edf015409c21cc2bf403d8dd86c51e7a84d2a665904ae9db8608629218cd22
structured,N192-R64,V2-B-N192-R064-C08-X02,weighted_greedy,Weighted greedy,1.0,true,true,experiments/algorithmic_compression_v2/results/raw_runs/V2-B-N192-R064-C08-X02/weighted_greedy__mandatory_only.toml,646ecbf02eee8bc456e33322e7a41a74ddc3bcee8a1ac82a7d7e57f0a62730ec
structured,N192-R64,V2-B-N192-R064-C08-X02,weighted_greedy_reverse_delete,Weighted greedy + reverse deletion,1.0903741012498451,true,true,experiments/algorithmic_compression_v2/results/raw_runs/V2-B-N192-R064-C08-X02/weighted_greedy_reverse_delete__mandatory_only.toml,b2a997b17d35cd65af88a7953cbb07d00c9ffc367cc9e85ecdd6851acf3905ba
structured,N192-R64,V2-B-N192-R064-C09-X01,cardinality_greedy,Cardinality greedy,,false,false,experiments/algorithmic_compression_v2/results/raw_runs/V2-B-N192-R064-C09-X01/cardinality_greedy__mandatory_only.toml,bac0e9196cfbae5ad1458008647c7f197ecd78f136a00d45e9093c229d54f9ac
structured,N192-R64,V2-B-N192-R064-C09-X01,declared_source_order,Declared source order,,false,false,experiments/algorithmic_compression_v2/results/raw_runs/V2-B-N192-R064-C09-X01/declared_source_order__mandatory_only.toml,c6365109b9505899ca0e3580215b6b109b04d6e46fd5e409fe8d46a3dc4bfd05
structured,N192-R64,V2-B-N192-R064-C09-X01,heaviest_safe_first,Heaviest safe first,,false,false,experiments/algorithmic_compression_v2/results/raw_runs/V2-B-N192-R064-C09-X01/heaviest_safe_first__mandatory_only.toml,8408d03e5b70d1e0ed4c58c04a7225cc69ae27fc4b0a680e55d52dee9312be4b
structured,N192-R64,V2-B-N192-R064-C09-X01,jump_highs_tagged_cover,HiGHS MIP,,false,false,experiments/algorithmic_compression_v2/results/raw_runs/V2-B-N192-R064-C09-X01/jump_highs_tagged_cover__full_fixed_point.toml,f4bd59bd973b9ada2e347644bebabdcb9abdf91d75e298d78f939ccef400732b
structured,N192-R64,V2-B-N192-R064-C09-X01,lightest_safe_first,Lightest safe first,,false,false,experiments/algorithmic_compression_v2/results/raw_runs/V2-B-N192-R064-C09-X01/lightest_safe_first__mandatory_only.toml,11c787c424480ae9d7c3731c9481fd5f7ef404a6fa1cc7a571a1eea5b34891e5
structured,N192-R64,V2-B-N192-R064-C09-X01,maximum_immediate_burden_release,Maximum immediate release,,false,false,experiments/algorithmic_compression_v2/results/raw_runs/V2-B-N192-R064-C09-X01/maximum_immediate_burden_release__mandatory_only.toml,00dc86b240016793ed5d72acc6faf0288b745eed295649c7c3784b180b06814d
structured,N192-R64,V2-B-N192-R064-C09-X01,minimum_unique_carrier_exposure,Minimum unique-carrier exposure,,false,false,experiments/algorithmic_compression_v2/results/raw_runs/V2-B-N192-R064-C09-X01/minimum_unique_carrier_exposure__mandatory_only.toml,b9fefc5b46b553e13247d05b46c645f366c4bd76ed05e8547ba75d90edd22482
structured,N192-R64,V2-B-N192-R064-C09-X01,multistart_random_rechecked_deletion_32,32-start random deletion,,false,false,experiments/algorithmic_compression_v2/results/raw_runs/V2-B-N192-R064-C09-X01/multistart_random_rechecked_deletion_32__mandatory_only.toml,bba1ac7208951ec89cf5783c4741b009c4388dd7817fcc0f3ddaa129104bbe15
structured,N192-R64,V2-B-N192-R064-C09-X01,random_order_rechecked_deletion,Random-order deletion,,false,false,experiments/algorithmic_compression_v2/results/raw_runs/V2-B-N192-R064-C09-X01/random_order_rechecked_deletion__mandatory_only.toml,03ee2d748e5b0004e14f06b2d33083ea71254f4bf6bf2362d9dbbb64cce88352
structured,N192-R64,V2-B-N192-R064-C09-X01,weighted_greedy,Weighted greedy,,false,false,experiments/algorithmic_compression_v2/results/raw_runs/V2-B-N192-R064-C09-X01/weighted_greedy__mandatory_only.toml,4671228c9831d9af0e713add89fefaf1856d80532b38f1f979dfe68b1ee91d51
structured,N192-R64,V2-B-N192-R064-C09-X01,weighted_greedy_reverse_delete,Weighted greedy + reverse deletion,,false,false,experiments/algorithmic_compression_v2/results/raw_runs/V2-B-N192-R064-C09-X01/weighted_greedy_reverse_delete__mandatory_only.toml,e0d9e082568f02b473bd49dd33ac0319210867116357f730699445fcae05ca74
structured,N192-R64,V2-B-N192-R064-C09-X02,cardinality_greedy,Cardinality greedy,,false,false,experiments/algorithmic_compression_v2/results/raw_runs/V2-B-N192-R064-C09-X02/cardinality_greedy__mandatory_only.toml,322b1f78f564c70a133d779e60e65ffbfc91cc9de59559ed29b1c50186f3592c
structured,N192-R64,V2-B-N192-R064-C09-X02,declared_source_order,Declared source order,,false,false,experiments/algorithmic_compression_v2/results/raw_runs/V2-B-N192-R064-C09-X02/declared_source_order__mandatory_only.toml,c3e433e7d8b8ae8ad2d660faf1f65816a67f286aba0909ecf5ee7d2e36c50c6d
structured,N192-R64,V2-B-N192-R064-C09-X02,heaviest_safe_first,Heaviest safe first,,false,false,experiments/algorithmic_compression_v2/results/raw_runs/V2-B-N192-R064-C09-X02/heaviest_safe_first__mandatory_only.toml,e7a93a4c09995d7cb4f487128b1a65a19e127ed8205c62ea02dd7318a9e6c971
structured,N192-R64,V2-B-N192-R064-C09-X02,jump_highs_tagged_cover,HiGHS MIP,,false,false,experiments/algorithmic_compression_v2/results/raw_runs/V2-B-N192-R064-C09-X02/jump_highs_tagged_cover__full_fixed_point.toml,3ea50505448c08a5c697cfe6449f362fdfb8e01fc8e9e56a0e3ce9a3e6473ad8
structured,N192-R64,V2-B-N192-R064-C09-X02,lightest_safe_first,Lightest safe first,,false,false,experiments/algorithmic_compression_v2/results/raw_runs/V2-B-N192-R064-C09-X02/lightest_safe_first__mandatory_only.toml,c7943a19544a6e4a53bc26d657be2cf37b1632830ed6772509ded2b5f292e210
structured,N192-R64,V2-B-N192-R064-C09-X02,maximum_immediate_burden_release,Maximum immediate release,,false,false,experiments/algorithmic_compression_v2/results/raw_runs/V2-B-N192-R064-C09-X02/maximum_immediate_burden_release__mandatory_only.toml,4a5ac96a7ac2410dfa9180631f96f0ea8b239c7d871d664240976c834348483e
structured,N192-R64,V2-B-N192-R064-C09-X02,minimum_unique_carrier_exposure,Minimum unique-carrier exposure,,false,false,experiments/algorithmic_compression_v2/results/raw_runs/V2-B-N192-R064-C09-X02/minimum_unique_carrier_exposure__mandatory_only.toml,6f89c47a9d9eb4d12db64280087be8b5fffad368c95c2c18533eef84d2ab3dee
structured,N192-R64,V2-B-N192-R064-C09-X02,multistart_random_rechecked_deletion_32,32-start random deletion,,false,false,experiments/algorithmic_compression_v2/results/raw_runs/V2-B-N192-R064-C09-X02/multistart_random_rechecked_deletion_32__mandatory_only.toml,1cb6b2f5ea9a31b48506a4cd7c23b4fdd829cf54430af0536798899a374feb46
structured,N192-R64,V2-B-N192-R064-C09-X02,random_order_rechecked_deletion,Random-order deletion,,false,false,experiments/algorithmic_compression_v2/results/raw_runs/V2-B-N192-R064-C09-X02/random_order_rechecked_deletion__mandatory_only.toml,b05f7d4af800355c70c4c37c712957f3419dba091fc0b27c772cd49ec403a541
structured,N192-R64,V2-B-N192-R064-C09-X02,weighted_greedy,Weighted greedy,,false,false,experiments/algorithmic_compression_v2/results/raw_runs/V2-B-N192-R064-C09-X02/weighted_greedy__mandatory_only.toml,edae2fdeb2f1f67eee4035432bc97827638bc5741ab8399ed50e482d8a2041b5
structured,N192-R64,V2-B-N192-R064-C09-X02,weighted_greedy_reverse_delete,Weighted greedy + reverse deletion,,false,false,experiments/algorithmic_compression_v2/results/raw_runs/V2-B-N192-R064-C09-X02/weighted_greedy_reverse_delete__mandatory_only.toml,292322940f959ae85334f5e9457fb7e7b8cfdbead1917d6ed06394a0edce55a9
structured,N192-R64,V2-B-N192-R064-C10-X01,cardinality_greedy,Cardinality greedy,1.2101081926881123,true,true,experiments/algorithmic_compression_v2/results/raw_runs/V2-B-N192-R064-C10-X01/cardinality_greedy__mandatory_only.toml,1e8ba994bc596fb5ab8311342f026d2ff0599b963f3e0a2b1a08b50cc12a7ac7
structured,N192-R64,V2-B-N192-R064-C10-X01,declared_source_order,Declared source order,7.983482604931726,true,true,experiments/algorithmic_compression_v2/results/raw_runs/V2-B-N192-R064-C10-X01/declared_source_order__mandatory_only.toml,bfdb47d1569888779dfdf3e5992b8bf01f29e0296134cb2d5c46eed93167f258
structured,N192-R64,V2-B-N192-R064-C10-X01,heaviest_safe_first,Heaviest safe first,7.6765155243182255,true,true,experiments/algorithmic_compression_v2/results/raw_runs/V2-B-N192-R064-C10-X01/heaviest_safe_first__mandatory_only.toml,258759a1c604e925d2cde3949174649876e7d23f4910ea423c7a00b405de0521
structured,N192-R64,V2-B-N192-R064-C10-X01,jump_highs_tagged_cover,HiGHS MIP,20.141093652536757,true,true,experiments/algorithmic_compression_v2/results/raw_runs/V2-B-N192-R064-C10-X01/jump_highs_tagged_cover__full_fixed_point.toml,3e4cc41e9bf8d8291715156f941a435e559b9498372f2b53d186ecf43f41a933
structured,N192-R64,V2-B-N192-R064-C10-X01,lightest_safe_first,Lightest safe first,6.6078401074827715,true,true,experiments/algorithmic_compression_v2/results/raw_runs/V2-B-N192-R064-C10-X01/lightest_safe_first__mandatory_only.toml,3f1cb73a66a787e3804bf12b62a06ddfdbc21e802f781a3d4fdc519faf21a8a0
structured,N192-R64,V2-B-N192-R064-C10-X01,maximum_immediate_burden_release,Maximum immediate release,6.474264101357851,true,true,experiments/algorithmic_compression_v2/results/raw_runs/V2-B-N192-R064-C10-X01/maximum_immediate_burden_release__mandatory_only.toml,4280e750eb19f508cafee7f2c6f08efc5ba8a2f26089f10e3d93c08bebfd48f9
structured,N192-R64,V2-B-N192-R064-C10-X01,minimum_unique_carrier_exposure,Minimum unique-carrier exposure,6.927575001780087,true,true,experiments/algorithmic_compression_v2/results/raw_runs/V2-B-N192-R064-C10-X01/minimum_unique_carrier_exposure__mandatory_only.toml,ab1df60ef3ba52ede7dd6a6832dcc40da9220171dc39a6ba0bacbd945b88e2cf
structured,N192-R64,V2-B-N192-R064-C10-X01,multistart_random_rechecked_deletion_32,32-start random deletion,179.50294869576345,true,true,experiments/algorithmic_compression_v2/results/raw_runs/V2-B-N192-R064-C10-X01/multistart_random_rechecked_deletion_32__mandatory_only.toml,4fc8e84864e0d1e8db2d8a4b4044d0413b515800078cceb559d3771fbf1f5296
structured,N192-R64,V2-B-N192-R064-C10-X01,random_order_rechecked_deletion,Random-order deletion,7.157598321707388,true,true,experiments/algorithmic_compression_v2/results/raw_runs/V2-B-N192-R064-C10-X01/random_order_rechecked_deletion__mandatory_only.toml,bebaa81e18fc8a5ef443d194bb9b4cf9b3bcdb0197f297b7a38d89358afcc4b8
structured,N192-R64,V2-B-N192-R064-C10-X01,weighted_greedy,Weighted greedy,1.0,true,true,experiments/algorithmic_compression_v2/results/raw_runs/V2-B-N192-R064-C10-X01/weighted_greedy__mandatory_only.toml,c32b39ec758b03f468fcd8c47e3ee925a841d414586408c0ed05999dad07d43a
structured,N192-R64,V2-B-N192-R064-C10-X01,weighted_greedy_reverse_delete,Weighted greedy + reverse deletion,1.078430143068223,true,true,experiments/algorithmic_compression_v2/results/raw_runs/V2-B-N192-R064-C10-X01/weighted_greedy_reverse_delete__mandatory_only.toml,ad5a6867fc4635d7cb8d350c9a5cf5a9c367ae9fd875d484ec5298fb3129ca59
structured,N192-R64,V2-B-N192-R064-C10-X02,cardinality_greedy,Cardinality greedy,1.0,true,true,experiments/algorithmic_compression_v2/results/raw_runs/V2-B-N192-R064-C10-X02/cardinality_greedy__mandatory_only.toml,8edd19a9ad5b929c1b682cac75faa509c8b19168ac4ca73d534d030b4080b783
structured,N192-R64,V2-B-N192-R064-C10-X02,declared_source_order,Declared source order,5.926341387792151,true,true,experiments/algorithmic_compression_v2/results/raw_runs/V2-B-N192-R064-C10-X02/declared_source_order__mandatory_only.toml,35bd89753607a06e159967ddf14232834e7f6bc5586176a485ec98c2fbd53b8e
structured,N192-R64,V2-B-N192-R064-C10-X02,heaviest_safe_first,Heaviest safe first,7.75029950128598,true,true,experiments/algorithmic_compression_v2/results/raw_runs/V2-B-N192-R064-C10-X02/heaviest_safe_first__mandatory_only.toml,b7d39945f0e3d0e519cd3be3f47525b3ba72bffa4e472a2a25bf44b464a9a51c
structured,N192-R64,V2-B-N192-R064-C10-X02,jump_highs_tagged_cover,HiGHS MIP,16.464520595847336,true,true,experiments/algorithmic_compression_v2/results/raw_runs/V2-B-N192-R064-C10-X02/jump_highs_tagged_cover__full_fixed_point.toml,626f488646fe1d753c1178eaafa348994d4b197b232d1ec136cc506858cddf09
structured,N192-R64,V2-B-N192-R064-C10-X02,lightest_safe_first,Lightest safe first,9.036921403526247,true,true,experiments/algorithmic_compression_v2/results/raw_runs/V2-B-N192-R064-C10-X02/lightest_safe_first__mandatory_only.toml,446109ea2fa850a6729923949efc659ce4890742c41e4b1810918d5dd04583d9
structured,N192-R64,V2-B-N192-R064-C10-X02,maximum_immediate_burden_release,Maximum immediate release,6.185727568654285,true,true,experiments/algorithmic_compression_v2/results/raw_runs/V2-B-N192-R064-C10-X02/maximum_immediate_burden_release__mandatory_only.toml,48a018fb6c48b356f1ec3e76e020463d13777732ae092e58c957b8195c02de5d
structured,N192-R64,V2-B-N192-R064-C10-X02,minimum_unique_carrier_exposure,Minimum unique-carrier exposure,8.789449726827897,true,true,experiments/algorithmic_compression_v2/results/raw_runs/V2-B-N192-R064-C10-X02/minimum_unique_carrier_exposure__mandatory_only.toml,f4a19523501620e99563287151320ef07ee39847859821dc0bfd35f147b2b385
structured,N192-R64,V2-B-N192-R064-C10-X02,multistart_random_rechecked_deletion_32,32-start random deletion,217.98239015857908,true,true,experiments/algorithmic_compression_v2/results/raw_runs/V2-B-N192-R064-C10-X02/multistart_random_rechecked_deletion_32__mandatory_only.toml,ae4f3405fcaa9e2dc92bffae2bba9b01ac37558a0903ed9fd8741f3b738f6061
structured,N192-R64,V2-B-N192-R064-C10-X02,random_order_rechecked_deletion,Random-order deletion,7.4131487377123415,true,true,experiments/algorithmic_compression_v2/results/raw_runs/V2-B-N192-R064-C10-X02/random_order_rechecked_deletion__mandatory_only.toml,306edaeaaa673f5f006520723f863a35e2edaa4c97fa439cf2dcece5e1e241b4
structured,N192-R64,V2-B-N192-R064-C10-X02,weighted_greedy,Weighted greedy,1.4276612715015398,true,true,experiments/algorithmic_compression_v2/results/raw_runs/V2-B-N192-R064-C10-X02/weighted_greedy__mandatory_only.toml,a85dda77178be0625d712cfe63239874de1c4153fdc41471588a2843c4122081
structured,N192-R64,V2-B-N192-R064-C10-X02,weighted_greedy_reverse_delete,Weighted greedy + reverse deletion,1.2570154854228126,true,true,experiments/algorithmic_compression_v2/results/raw_runs/V2-B-N192-R064-C10-X02/weighted_greedy_reverse_delete__mandatory_only.toml,71b4fea45ddfda33af0c7d11a2828ca76c53ad964e2044f595a18c6471f6517c
structured,N192-R64,V2-B-N192-R064-C11-X01,cardinality_greedy,Cardinality greedy,1.0,true,true,experiments/algorithmic_compression_v2/results/raw_runs/V2-B-N192-R064-C11-X01/cardinality_greedy__mandatory_only.toml,3fc8a23605754fedc4ff97140b8dc6120bb07572beac4c78d67b08d50ddb4e3e
structured,N192-R64,V2-B-N192-R064-C11-X01,declared_source_order,Declared source order,11.422351961437004,true,true,experiments/algorithmic_compression_v2/results/raw_runs/V2-B-N192-R064-C11-X01/declared_source_order__mandatory_only.toml,b1e5fb0fc0dd5109af68190117d95bc350ef133a261e290cb08710f5c49b782b
structured,N192-R64,V2-B-N192-R064-C11-X01,heaviest_safe_first,Heaviest safe first,15.238510894084909,true,true,experiments/algorithmic_compression_v2/results/raw_runs/V2-B-N192-R064-C11-X01/heaviest_safe_first__mandatory_only.toml,1e6c89e1f95136471152e7f7ff2ba4f0f8f2141f9302acaeeaa59c89544c1bfd
structured,N192-R64,V2-B-N192-R064-C11-X01,jump_highs_tagged_cover,HiGHS MIP,26.696485128044813,true,true,experiments/algorithmic_compression_v2/results/raw_runs/V2-B-N192-R064-C11-X01/jump_highs_tagged_cover__full_fixed_point.toml,1e30d97266620776199baf5b2224ddfb4b20556dfe09b9cff04acb83385cda06
structured,N192-R64,V2-B-N192-R064-C11-X01,lightest_safe_first,Lightest safe first,11.043557300513104,true,true,experiments/algorithmic_compression_v2/results/raw_runs/V2-B-N192-R064-C11-X01/lightest_safe_first__mandatory_only.toml,2ffb1470a649e02b222ee33ee1ec3aee777ac3b68cf52b63abe55b3dfcf006c8
structured,N192-R64,V2-B-N192-R064-C11-X01,maximum_immediate_burden_release,Maximum immediate release,9.257615696899176,true,true,experiments/algorithmic_compression_v2/results/raw_runs/V2-B-N192-R064-C11-X01/maximum_immediate_burden_release__mandatory_only.toml,ceb1d96fc2c68aeb87770a7f998c9f22a9efa868aeee9629a14280c803b47f98
structured,N192-R64,V2-B-N192-R064-C11-X01,minimum_unique_carrier_exposure,Minimum unique-carrier exposure,10.262331353853694,true,true,experiments/algorithmic_compression_v2/results/raw_runs/V2-B-N192-R064-C11-X01/minimum_unique_carrier_exposure__mandatory_only.toml,5b5f53762ed9f153ac489d906af836b88d86a03571b29bdaf53ca0b378ca3aa9
structured,N192-R64,V2-B-N192-R064-C11-X01,multistart_random_rechecked_deletion_32,32-start random deletion,327.7998019486045,true,true,experiments/algorithmic_compression_v2/results/raw_runs/V2-B-N192-R064-C11-X01/multistart_random_rechecked_deletion_32__mandatory_only.toml,ddf77aec58cb2842299d49521b182e3aebb4b6153e4751a741337f233c3f1183
structured,N192-R64,V2-B-N192-R064-C11-X01,random_order_rechecked_deletion,Random-order deletion,9.921901121730858,true,true,experiments/algorithmic_compression_v2/results/raw_runs/V2-B-N192-R064-C11-X01/random_order_rechecked_deletion__mandatory_only.toml,1ed45f90982851d54b72a36b8f464739117e663cb4735a921d6f31e85aad2bb1
structured,N192-R64,V2-B-N192-R064-C11-X01,weighted_greedy,Weighted greedy,1.442407910199781,true,true,experiments/algorithmic_compression_v2/results/raw_runs/V2-B-N192-R064-C11-X01/weighted_greedy__mandatory_only.toml,4a2cc298ab4264bfc115bcb29a5a432f356fc8a5967df87a61d9415fb69a373a
structured,N192-R64,V2-B-N192-R064-C11-X01,weighted_greedy_reverse_delete,Weighted greedy + reverse deletion,1.2849151363232005,true,true,experiments/algorithmic_compression_v2/results/raw_runs/V2-B-N192-R064-C11-X01/weighted_greedy_reverse_delete__mandatory_only.toml,51635260154172d646ccba51f0454ebb784adf45a8e3df7b34dbea8b7e8e3487
structured,N192-R64,V2-B-N192-R064-C11-X02,cardinality_greedy,Cardinality greedy,1.9931433154433371,true,true,experiments/algorithmic_compression_v2/results/raw_runs/V2-B-N192-R064-C11-X02/cardinality_greedy__mandatory_only.toml,13721e4ca0c762a6eb5ad1ffb497396ab48126aa4ab1d16b5fb863d45cbd1f4b
structured,N192-R64,V2-B-N192-R064-C11-X02,declared_source_order,Declared source order,17.632532856342827,true,true,experiments/algorithmic_compression_v2/results/raw_runs/V2-B-N192-R064-C11-X02/declared_source_order__mandatory_only.toml,2c56b7be9e6fb08999c20f36ada3004fafdd05bf70d1dc20a0f308c0fdda329e
structured,N192-R64,V2-B-N192-R064-C11-X02,heaviest_safe_first,Heaviest safe first,15.457148421959296,true,true,experiments/algorithmic_compression_v2/results/raw_runs/V2-B-N192-R064-C11-X02/heaviest_safe_first__mandatory_only.toml,41d5fc25c95e9c0a49655bc500f4006896ee704ca719185f201ba79fc0d43d07
structured,N192-R64,V2-B-N192-R064-C11-X02,jump_highs_tagged_cover,HiGHS MIP,35.96774402875781,true,true,experiments/algorithmic_compression_v2/results/raw_runs/V2-B-N192-R064-C11-X02/jump_highs_tagged_cover__full_fixed_point.toml,48b647052ee2021d7dc6106fa46a647185ce9d467a9fee2f47ca9d4cbc8de55b
structured,N192-R64,V2-B-N192-R064-C11-X02,lightest_safe_first,Lightest safe first,14.98592401277414,true,true,experiments/algorithmic_compression_v2/results/raw_runs/V2-B-N192-R064-C11-X02/lightest_safe_first__mandatory_only.toml,29e8e666ef1026da4593e10d0f78b264cf6eef6e85e2b07a48fc9d2ce8975011
structured,N192-R64,V2-B-N192-R064-C11-X02,maximum_immediate_burden_release,Maximum immediate release,12.969195715748725,true,true,experiments/algorithmic_compression_v2/results/raw_runs/V2-B-N192-R064-C11-X02/maximum_immediate_burden_release__mandatory_only.toml,4fab4f634014b2199dcabf9d2ce3551648b963f4dfda170cb32aef180de179d4
structured,N192-R64,V2-B-N192-R064-C11-X02,minimum_unique_carrier_exposure,Minimum unique-carrier exposure,16.3397812924536,true,true,experiments/algorithmic_compression_v2/results/raw_runs/V2-B-N192-R064-C11-X02/minimum_unique_carrier_exposure__mandatory_only.toml,c915b6f3f721736f86e103fcc56bd2faa356a501749275fd196c0f7fe4e8c714
structured,N192-R64,V2-B-N192-R064-C11-X02,multistart_random_rechecked_deletion_32,32-start random deletion,474.4837183880992,true,true,experiments/algorithmic_compression_v2/results/raw_runs/V2-B-N192-R064-C11-X02/multistart_random_rechecked_deletion_32__mandatory_only.toml,f3b73932656bf5a77fa0b175f1e4e3533a919d38b09ef4709820e35481ab874e
structured,N192-R64,V2-B-N192-R064-C11-X02,random_order_rechecked_deletion,Random-order deletion,15.685229061068956,true,true,experiments/algorithmic_compression_v2/results/raw_runs/V2-B-N192-R064-C11-X02/random_order_rechecked_deletion__mandatory_only.toml,738689e5df0e74fd458331f591cab464f227fbe812dbaf8f7a2e070bac9bac71
structured,N192-R64,V2-B-N192-R064-C11-X02,weighted_greedy,Weighted greedy,2.1844688690469494,true,true,experiments/algorithmic_compression_v2/results/raw_runs/V2-B-N192-R064-C11-X02/weighted_greedy__mandatory_only.toml,8aa3c0dea0f0ce8f3ce02ccee9e08e4405371c750d1a4c76bd5ab8b5c0db30e4
structured,N192-R64,V2-B-N192-R064-C11-X02,weighted_greedy_reverse_delete,Weighted greedy + reverse deletion,1.0,true,true,experiments/algorithmic_compression_v2/results/raw_runs/V2-B-N192-R064-C11-X02/weighted_greedy_reverse_delete__mandatory_only.toml,c6a56a50a332ab38792c638f3b2aab969a16dd16b13e601d35dab8a13596881a
structured,N192-R64,V2-B-N192-R064-C12-X01,cardinality_greedy,Cardinality greedy,1.0,true,true,experiments/algorithmic_compression_v2/results/raw_runs/V2-B-N192-R064-C12-X01/cardinality_greedy__mandatory_only.toml,8116005aec208c32c8cd3fd2cc2bf0e41516184263742c87f0d002cec1d9c0f2
structured,N192-R64,V2-B-N192-R064-C12-X01,declared_source_order,Declared source order,12.672624558383333,true,true,experiments/algorithmic_compression_v2/results/raw_runs/V2-B-N192-R064-C12-X01/declared_source_order__mandatory_only.toml,26bb1a74856bc523facb5761daaa1ce1513548d4ac723f5d7f1c1f1907a53d2b
structured,N192-R64,V2-B-N192-R064-C12-X01,heaviest_safe_first,Heaviest safe first,14.182825613014414,true,true,experiments/algorithmic_compression_v2/results/raw_runs/V2-B-N192-R064-C12-X01/heaviest_safe_first__mandatory_only.toml,254de8dad28764ae9e27bbf9acc0ce770e8e4de70e9794796c3d5a7a80f499f9
structured,N192-R64,V2-B-N192-R064-C12-X01,jump_highs_tagged_cover,HiGHS MIP,38.557981758892836,true,true,experiments/algorithmic_compression_v2/results/raw_runs/V2-B-N192-R064-C12-X01/jump_highs_tagged_cover__full_fixed_point.toml,9703c63ee09b2b8a56a1bbb875fd7c3734f18bff1a83e669a7c71d24c05b1c4e
structured,N192-R64,V2-B-N192-R064-C12-X01,lightest_safe_first,Lightest safe first,13.19831648354233,true,true,experiments/algorithmic_compression_v2/results/raw_runs/V2-B-N192-R064-C12-X01/lightest_safe_first__mandatory_only.toml,20eaf52641a4b637017e655b627056c5b260e3c49be4f517b8f5c7a8926757fc
structured,N192-R64,V2-B-N192-R064-C12-X01,maximum_immediate_burden_release,Maximum immediate release,12.26168986530283,true,true,experiments/algorithmic_compression_v2/results/raw_runs/V2-B-N192-R064-C12-X01/maximum_immediate_burden_release__mandatory_only.toml,faa5a22bb638882e2b57b5547612cabbb37181131132e72dbf6cf03ca9369b30
structured,N192-R64,V2-B-N192-R064-C12-X01,minimum_unique_carrier_exposure,Minimum unique-carrier exposure,10.494640515233439,true,true,experiments/algorithmic_compression_v2/results/raw_runs/V2-B-N192-R064-C12-X01/minimum_unique_carrier_exposure__mandatory_only.toml,2392c0ed47b47b40db12fc8274fc9c5862e8a93399771c5cf42b0a3626c26487
structured,N192-R64,V2-B-N192-R064-C12-X01,multistart_random_rechecked_deletion_32,32-start random deletion,347.44461195121664,true,true,experiments/algorithmic_compression_v2/results/raw_runs/V2-B-N192-R064-C12-X01/multistart_random_rechecked_deletion_32__mandatory_only.toml,a6def7a624d586b851105ea20e12ce415d31f9188072504e21a34fc1632ba8e2
structured,N192-R64,V2-B-N192-R064-C12-X01,random_order_rechecked_deletion,Random-order deletion,11.067020139756446,true,true,experiments/algorithmic_compression_v2/results/raw_runs/V2-B-N192-R064-C12-X01/random_order_rechecked_deletion__mandatory_only.toml,e78366fc16dbb8a58b859bb502c00512bb3cca548498b22c51d0b064d6333a3a
structured,N192-R64,V2-B-N192-R064-C12-X01,weighted_greedy,Weighted greedy,2.1932498407647825,true,true,experiments/algorithmic_compression_v2/results/raw_runs/V2-B-N192-R064-C12-X01/weighted_greedy__mandatory_only.toml,4d196ab638330b7508f46d1697d6e80adaa7406e43826991f761457084d80ee7
structured,N192-R64,V2-B-N192-R064-C12-X01,weighted_greedy_reverse_delete,Weighted greedy + reverse deletion,1.7892211643497244,true,true,experiments/algorithmic_compression_v2/results/raw_runs/V2-B-N192-R064-C12-X01/weighted_greedy_reverse_delete__mandatory_only.toml,fa1cb1787e57cd246e81584fad856c59174f081f6b4894c28f6af40c52492321
structured,N192-R64,V2-B-N192-R064-C12-X02,cardinality_greedy,Cardinality greedy,1.2152428658616965,true,true,experiments/algorithmic_compression_v2/results/raw_runs/V2-B-N192-R064-C12-X02/cardinality_greedy__mandatory_only.toml,1344aebb42ce68c6758171d02f7bc4702e600dbce4e68fb176ef29a73ea59700
structured,N192-R64,V2-B-N192-R064-C12-X02,declared_source_order,Declared source order,6.801469452377006,true,true,experiments/algorithmic_compression_v2/results/raw_runs/V2-B-N192-R064-C12-X02/declared_source_order__mandatory_only.toml,82b8e631c710931bc4760bdece9ddef31395a0474dc45059ceabe1a505b11f69
structured,N192-R64,V2-B-N192-R064-C12-X02,heaviest_safe_first,Heaviest safe first,9.862216502870124,true,true,experiments/algorithmic_compression_v2/results/raw_runs/V2-B-N192-R064-C12-X02/heaviest_safe_first__mandatory_only.toml,dda5581e3809c00b53ec86a0ab5a6ea0c7547581bdb819fbb869ccd717cadd55
structured,N192-R64,V2-B-N192-R064-C12-X02,jump_highs_tagged_cover,HiGHS MIP,26.599899793860686,true,true,experiments/algorithmic_compression_v2/results/raw_runs/V2-B-N192-R064-C12-X02/jump_highs_tagged_cover__full_fixed_point.toml,f7beea399190c26c85869b53d030b0a53d3a536d724d78034b4ee04e67803858
structured,N192-R64,V2-B-N192-R064-C12-X02,lightest_safe_first,Lightest safe first,8.186265320237744,true,true,experiments/algorithmic_compression_v2/results/raw_runs/V2-B-N192-R064-C12-X02/lightest_safe_first__mandatory_only.toml,9eed3835f1769ba858c8d296f38a2560cbd558e97d821af4ca2374e74ccb7b06
structured,N192-R64,V2-B-N192-R064-C12-X02,maximum_immediate_burden_release,Maximum immediate release,8.60890371772571,true,true,experiments/algorithmic_compression_v2/results/raw_runs/V2-B-N192-R064-C12-X02/maximum_immediate_burden_release__mandatory_only.toml,bfee3b2c248c5b48fcdfcdca71ea11a75ac785b5be3c3dd09fc260ddd2ce694e
structured,N192-R64,V2-B-N192-R064-C12-X02,minimum_unique_carrier_exposure,Minimum unique-carrier exposure,10.195941748276892,true,true,experiments/algorithmic_compression_v2/results/raw_runs/V2-B-N192-R064-C12-X02/minimum_unique_carrier_exposure__mandatory_only.toml,99101f7f7a8e00b8fcf6677fdd5c16b2e7e4d076c93bd3286a44004d4f8bc04e
structured,N192-R64,V2-B-N192-R064-C12-X02,multistart_random_rechecked_deletion_32,32-start random deletion,248.16902316669697,true,true,experiments/algorithmic_compression_v2/results/raw_runs/V2-B-N192-R064-C12-X02/multistart_random_rechecked_deletion_32__mandatory_only.toml,4ae51af6132c8abd5b1ff277787c166132d48c0fc9abfd3676d93e4a0bac184a
structured,N192-R64,V2-B-N192-R064-C12-X02,random_order_rechecked_deletion,Random-order deletion,9.286805987426959,true,true,experiments/algorithmic_compression_v2/results/raw_runs/V2-B-N192-R064-C12-X02/random_order_rechecked_deletion__mandatory_only.toml,9c8c6ed3ddc1d361d5014cd17479c4f79f6606f1dbbcfe4fbbabe08fc1fe7bdb
structured,N192-R64,V2-B-N192-R064-C12-X02,weighted_greedy,Weighted greedy,1.0,true,true,experiments/algorithmic_compression_v2/results/raw_runs/V2-B-N192-R064-C12-X02/weighted_greedy__mandatory_only.toml,f98d208d265418343710b666cd94778b645382ad6667c558fc4405494620b943
structured,N192-R64,V2-B-N192-R064-C12-X02,weighted_greedy_reverse_delete,Weighted greedy + reverse deletion,1.4217677081395377,true,true,experiments/algorithmic_compression_v2/results/raw_runs/V2-B-N192-R064-C12-X02/weighted_greedy_reverse_delete__mandatory_only.toml,483c6e1f2d6406e4f6e15757467df90bd39ab6ffcc1fb02ef29bd13870f5d7e3
structured,N192-R64,V2-B-N192-R064-C13-X01,cardinality_greedy,Cardinality greedy,,false,false,experiments/algorithmic_compression_v2/results/raw_runs/V2-B-N192-R064-C13-X01/cardinality_greedy__mandatory_only.toml,e44f62d53741456b19ef3b95db33f22da46bf33af7ab8c97da1a0e70770cc11b
structured,N192-R64,V2-B-N192-R064-C13-X01,declared_source_order,Declared source order,,false,false,experiments/algorithmic_compression_v2/results/raw_runs/V2-B-N192-R064-C13-X01/declared_source_order__mandatory_only.toml,6ac818cda054ed454eadcf2b60e07653e406b7c7074be6e10066d5487630e33c
structured,N192-R64,V2-B-N192-R064-C13-X01,heaviest_safe_first,Heaviest safe first,,false,false,experiments/algorithmic_compression_v2/results/raw_runs/V2-B-N192-R064-C13-X01/heaviest_safe_first__mandatory_only.toml,a3ffa800ee9abf902ffbadb8ade1905836677e484c392a97295f587742fd73ea
structured,N192-R64,V2-B-N192-R064-C13-X01,jump_highs_tagged_cover,HiGHS MIP,,false,false,experiments/algorithmic_compression_v2/results/raw_runs/V2-B-N192-R064-C13-X01/jump_highs_tagged_cover__full_fixed_point.toml,859d678001e9f5ad86303bcaf438ec6719220f44c18b1da6616a650d55613148
structured,N192-R64,V2-B-N192-R064-C13-X01,lightest_safe_first,Lightest safe first,,false,false,experiments/algorithmic_compression_v2/results/raw_runs/V2-B-N192-R064-C13-X01/lightest_safe_first__mandatory_only.toml,048c06f69b87c3536dd2b6b67b34b6e175d0fa56a5165a30d69ea5e9baa87750
structured,N192-R64,V2-B-N192-R064-C13-X01,maximum_immediate_burden_release,Maximum immediate release,,false,false,experiments/algorithmic_compression_v2/results/raw_runs/V2-B-N192-R064-C13-X01/maximum_immediate_burden_release__mandatory_only.toml,aa4a33caa48f904911952e6f1b99f3c7e13673604f028ee869bfff218712f7b7
structured,N192-R64,V2-B-N192-R064-C13-X01,minimum_unique_carrier_exposure,Minimum unique-carrier exposure,,false,false,experiments/algorithmic_compression_v2/results/raw_runs/V2-B-N192-R064-C13-X01/minimum_unique_carrier_exposure__mandatory_only.toml,34c5b37ad586e12761d8053299f96cba76b89be6f14577008a070686619be7f6
structured,N192-R64,V2-B-N192-R064-C13-X01,multistart_random_rechecked_deletion_32,32-start random deletion,,false,false,experiments/algorithmic_compression_v2/results/raw_runs/V2-B-N192-R064-C13-X01/multistart_random_rechecked_deletion_32__mandatory_only.toml,ede78962d1507ad174799cf839e49bb7923fdd8bba2791e1753b779882479b5b
structured,N192-R64,V2-B-N192-R064-C13-X01,random_order_rechecked_deletion,Random-order deletion,,false,false,experiments/algorithmic_compression_v2/results/raw_runs/V2-B-N192-R064-C13-X01/random_order_rechecked_deletion__mandatory_only.toml,93aad73275ab55a7bc3cb1db7f3d69f9ef5c3b6624e003d26bd834371a84ed79
structured,N192-R64,V2-B-N192-R064-C13-X01,weighted_greedy,Weighted greedy,,false,false,experiments/algorithmic_compression_v2/results/raw_runs/V2-B-N192-R064-C13-X01/weighted_greedy__mandatory_only.toml,3b98b7e1b96dc7a4be4ab041f83de695a457d8f3875cea999f2a71fe17553351
structured,N192-R64,V2-B-N192-R064-C13-X01,weighted_greedy_reverse_delete,Weighted greedy + reverse deletion,,false,false,experiments/algorithmic_compression_v2/results/raw_runs/V2-B-N192-R064-C13-X01/weighted_greedy_reverse_delete__mandatory_only.toml,fbcb5645357b503fb5107e84f0ceb0179a071960cec21171003d6443dcd53542
structured,N192-R64,V2-B-N192-R064-C13-X02,cardinality_greedy,Cardinality greedy,,false,false,experiments/algorithmic_compression_v2/results/raw_runs/V2-B-N192-R064-C13-X02/cardinality_greedy__mandatory_only.toml,ffe8d7a426d25b0060b339651c1042f4b58173df275530890c74d6e8429c64e8
structured,N192-R64,V2-B-N192-R064-C13-X02,declared_source_order,Declared source order,,false,false,experiments/algorithmic_compression_v2/results/raw_runs/V2-B-N192-R064-C13-X02/declared_source_order__mandatory_only.toml,80a3a71fb37eeba2cd0d05fcb97c39a12ab1f66f06efe6e83583764f4822a83d
structured,N192-R64,V2-B-N192-R064-C13-X02,heaviest_safe_first,Heaviest safe first,,false,false,experiments/algorithmic_compression_v2/results/raw_runs/V2-B-N192-R064-C13-X02/heaviest_safe_first__mandatory_only.toml,1f258b77073d4d1921adf06806e65235096d327cb2a0bff7af84af82ad4cb761
structured,N192-R64,V2-B-N192-R064-C13-X02,jump_highs_tagged_cover,HiGHS MIP,,false,false,experiments/algorithmic_compression_v2/results/raw_runs/V2-B-N192-R064-C13-X02/jump_highs_tagged_cover__full_fixed_point.toml,48881e346d6ef8c1793a85b87f2e37329c2280bf35e1ffff394f8594e93a76e9
structured,N192-R64,V2-B-N192-R064-C13-X02,lightest_safe_first,Lightest safe first,,false,false,experiments/algorithmic_compression_v2/results/raw_runs/V2-B-N192-R064-C13-X02/lightest_safe_first__mandatory_only.toml,1f488cc329c42d40754b3c48b8dd5b1974fa9a15ec3a077ab56b866614ed4d41
structured,N192-R64,V2-B-N192-R064-C13-X02,maximum_immediate_burden_release,Maximum immediate release,,false,false,experiments/algorithmic_compression_v2/results/raw_runs/V2-B-N192-R064-C13-X02/maximum_immediate_burden_release__mandatory_only.toml,fde9a5312ac08ad1bd142ffa5182f02c99a11d62066c6904e0de4fafc91180cf
structured,N192-R64,V2-B-N192-R064-C13-X02,minimum_unique_carrier_exposure,Minimum unique-carrier exposure,,false,false,experiments/algorithmic_compression_v2/results/raw_runs/V2-B-N192-R064-C13-X02/minimum_unique_carrier_exposure__mandatory_only.toml,e5e9e9321714f615c302be1384dc7eb2d4ff6bd3b1a41b05a650c7c1e594c105
structured,N192-R64,V2-B-N192-R064-C13-X02,multistart_random_rechecked_deletion_32,32-start random deletion,,false,false,experiments/algorithmic_compression_v2/results/raw_runs/V2-B-N192-R064-C13-X02/multistart_random_rechecked_deletion_32__mandatory_only.toml,59cce7aee3ac8953c2b589995cf81f3d4f0f59ae60722979a67922b2b5852fdd
structured,N192-R64,V2-B-N192-R064-C13-X02,random_order_rechecked_deletion,Random-order deletion,,false,false,experiments/algorithmic_compression_v2/results/raw_runs/V2-B-N192-R064-C13-X02/random_order_rechecked_deletion__mandatory_only.toml,c64ccfa911f88a730ba366bcaa979e2567bac7e7089aa798d48589174c2a7f83
structured,N192-R64,V2-B-N192-R064-C13-X02,weighted_greedy,Weighted greedy,,false,false,experiments/algorithmic_compression_v2/results/raw_runs/V2-B-N192-R064-C13-X02/weighted_greedy__mandatory_only.toml,02262b427a4f5329b1706204f8644f2fe7a072e564cc9437c3598190b358d90c
structured,N192-R64,V2-B-N192-R064-C13-X02,weighted_greedy_reverse_delete,Weighted greedy + reverse deletion,,false,false,experiments/algorithmic_compression_v2/results/raw_runs/V2-B-N192-R064-C13-X02/weighted_greedy_reverse_delete__mandatory_only.toml,08a9048fc6e3d159f85e606ce9226a243217737460062e8d90afe04b1bc7a2de
structured,N192-R64,V2-B-N192-R064-C14-X01,cardinality_greedy,Cardinality greedy,1.6448751934999808,true,true,experiments/algorithmic_compression_v2/results/raw_runs/V2-B-N192-R064-C14-X01/cardinality_greedy__mandatory_only.toml,51e65a915ab44beb00f948796df5c495c1cf5bc9db338cbca507335694caba1a
structured,N192-R64,V2-B-N192-R064-C14-X01,declared_source_order,Declared source order,8.03393239470151,true,true,experiments/algorithmic_compression_v2/results/raw_runs/V2-B-N192-R064-C14-X01/declared_source_order__mandatory_only.toml,c527759de50424eefda576c75f6cf147f51458abfbe85ebca784c55fe29ca4be
structured,N192-R64,V2-B-N192-R064-C14-X01,heaviest_safe_first,Heaviest safe first,9.135649609523753,true,true,experiments/algorithmic_compression_v2/results/raw_runs/V2-B-N192-R064-C14-X01/heaviest_safe_first__mandatory_only.toml,d951d6b416e8a4e067beb95b9fd5d860c4a92a1f319de27d2fb69c9da8f9d4fe
structured,N192-R64,V2-B-N192-R064-C14-X01,jump_highs_tagged_cover,HiGHS MIP,40.692738444910646,true,true,experiments/algorithmic_compression_v2/results/raw_runs/V2-B-N192-R064-C14-X01/jump_highs_tagged_cover__full_fixed_point.toml,5d1a07a8694ebeb3fb6f7a1078534888a31b392b4f3f81a7be9985a978eb8414
structured,N192-R64,V2-B-N192-R064-C14-X01,lightest_safe_first,Lightest safe first,11.014984453109404,true,true,experiments/algorithmic_compression_v2/results/raw_runs/V2-B-N192-R064-C14-X01/lightest_safe_first__mandatory_only.toml,d9a3032cb1e0ad93b4b4cc738cec162e4a6312c007beec984ae4d771f0f612f9
structured,N192-R64,V2-B-N192-R064-C14-X01,maximum_immediate_burden_release,Maximum immediate release,9.076072506859077,true,true,experiments/algorithmic_compression_v2/results/raw_runs/V2-B-N192-R064-C14-X01/maximum_immediate_burden_release__mandatory_only.toml,084d7ea30cf55d36ef8af224a6dca73591a384b5b1ad38d9499e51005a139081
structured,N192-R64,V2-B-N192-R064-C14-X01,minimum_unique_carrier_exposure,Minimum unique-carrier exposure,8.220072310923063,true,true,experiments/algorithmic_compression_v2/results/raw_runs/V2-B-N192-R064-C14-X01/minimum_unique_carrier_exposure__mandatory_only.toml,713de6072ec50ff886355a94b68a63c3075a3c04fe3183318098794261a6d3ba
structured,N192-R64,V2-B-N192-R064-C14-X01,multistart_random_rechecked_deletion_32,32-start random deletion,298.8916020876666,true,true,experiments/algorithmic_compression_v2/results/raw_runs/V2-B-N192-R064-C14-X01/multistart_random_rechecked_deletion_32__mandatory_only.toml,2de86ca6505fa812d4222a811417d33d81f78fdaa503cfc4fdccdf78e4ff71dc
structured,N192-R64,V2-B-N192-R064-C14-X01,random_order_rechecked_deletion,Random-order deletion,12.635753371337193,true,true,experiments/algorithmic_compression_v2/results/raw_runs/V2-B-N192-R064-C14-X01/random_order_rechecked_deletion__mandatory_only.toml,6f85340293d55ecac15e014d4c3fb79dfe02d9864359ce77a6e76d099df12ee9
structured,N192-R64,V2-B-N192-R064-C14-X01,weighted_greedy,Weighted greedy,1.0,true,true,experiments/algorithmic_compression_v2/results/raw_runs/V2-B-N192-R064-C14-X01/weighted_greedy__mandatory_only.toml,7c7a0be06dd98ae29643935e16f33ea83db4aa2ce1879a976e14c7f6d4a4ac1e
structured,N192-R64,V2-B-N192-R064-C14-X01,weighted_greedy_reverse_delete,Weighted greedy + reverse deletion,2.4076720894943007,true,true,experiments/algorithmic_compression_v2/results/raw_runs/V2-B-N192-R064-C14-X01/weighted_greedy_reverse_delete__mandatory_only.toml,c6773c573290e8d89a9a2cc4af6d163a6291d2581ef7eceaa24b19f9c4e50d62
structured,N192-R64,V2-B-N192-R064-C14-X02,cardinality_greedy,Cardinality greedy,2.120165948380011,true,true,experiments/algorithmic_compression_v2/results/raw_runs/V2-B-N192-R064-C14-X02/cardinality_greedy__mandatory_only.toml,98c79379404ea706bd4eeb3e66088536147fe2049bebad90ea7507c955b3fcbf
structured,N192-R64,V2-B-N192-R064-C14-X02,declared_source_order,Declared source order,12.426050507808139,true,true,experiments/algorithmic_compression_v2/results/raw_runs/V2-B-N192-R064-C14-X02/declared_source_order__mandatory_only.toml,28070f471c3222ede48b3a259c98b7ecc1fa269d018370522716a14afb97a35b
structured,N192-R64,V2-B-N192-R064-C14-X02,heaviest_safe_first,Heaviest safe first,16.345620949484974,true,true,experiments/algorithmic_compression_v2/results/raw_runs/V2-B-N192-R064-C14-X02/heaviest_safe_first__mandatory_only.toml,b85d720d239ba98be2e33977ef0e764ccc2356bee4d63a1db38efd5a1d85eb9f
structured,N192-R64,V2-B-N192-R064-C14-X02,jump_highs_tagged_cover,HiGHS MIP,63.282637049985254,true,true,experiments/algorithmic_compression_v2/results/raw_runs/V2-B-N192-R064-C14-X02/jump_highs_tagged_cover__full_fixed_point.toml,c59f9d2c8b3ca629767bfdc01ba0639650c8faa944d1359840fdfb9500030e2c
structured,N192-R64,V2-B-N192-R064-C14-X02,lightest_safe_first,Lightest safe first,14.267334192455333,true,true,experiments/algorithmic_compression_v2/results/raw_runs/V2-B-N192-R064-C14-X02/lightest_safe_first__mandatory_only.toml,c16642a183ff71890515d63971a1d82f102666ce3d02d9f837f101d440b1a1d6
structured,N192-R64,V2-B-N192-R064-C14-X02,maximum_immediate_burden_release,Maximum immediate release,12.186686274302637,true,true,experiments/algorithmic_compression_v2/results/raw_runs/V2-B-N192-R064-C14-X02/maximum_immediate_burden_release__mandatory_only.toml,51e08412d7b340e60d1c8e1d0dd779472d2855a458630c121be4f631f80a192a
structured,N192-R64,V2-B-N192-R064-C14-X02,minimum_unique_carrier_exposure,Minimum unique-carrier exposure,18.241427072562352,true,true,experiments/algorithmic_compression_v2/results/raw_runs/V2-B-N192-R064-C14-X02/minimum_unique_carrier_exposure__mandatory_only.toml,eaffe22427c012f19a0f1d5c1a7bbfa10f72f16ae7496b1e670db4cecaea27f4
structured,N192-R64,V2-B-N192-R064-C14-X02,multistart_random_rechecked_deletion_32,32-start random deletion,390.7646385049671,true,true,experiments/algorithmic_compression_v2/results/raw_runs/V2-B-N192-R064-C14-X02/multistart_random_rechecked_deletion_32__mandatory_only.toml,a03dba5e3bbc8c338b6e7322bef0642b791eae1bcaa00d9f0190ebfc5e66f72b
structured,N192-R64,V2-B-N192-R064-C14-X02,random_order_rechecked_deletion,Random-order deletion,13.044327690183598,true,true,experiments/algorithmic_compression_v2/results/raw_runs/V2-B-N192-R064-C14-X02/random_order_rechecked_deletion__mandatory_only.toml,0c2b05842ebd233b410c5b486ad801a0d4e8b5f69bdabb7a5499d92fd09b5dbb
structured,N192-R64,V2-B-N192-R064-C14-X02,weighted_greedy,Weighted greedy,2.7866893692866097,true,true,experiments/algorithmic_compression_v2/results/raw_runs/V2-B-N192-R064-C14-X02/weighted_greedy__mandatory_only.toml,d0afa6af47cbaa33eb783af983680b3e0c8beb2abb2076f96253d2bf0e5f674b
structured,N192-R64,V2-B-N192-R064-C14-X02,weighted_greedy_reverse_delete,Weighted greedy + reverse deletion,1.0,true,true,experiments/algorithmic_compression_v2/results/raw_runs/V2-B-N192-R064-C14-X02/weighted_greedy_reverse_delete__mandatory_only.toml,65454cac03368bca39db9d591a5484e4625928340ae4ba6d110665e81c4ffbfd
structured,N192-R64,V2-B-N192-R064-C15-X01,cardinality_greedy,Cardinality greedy,1.0,true,true,experiments/algorithmic_compression_v2/results/raw_runs/V2-B-N192-R064-C15-X01/cardinality_greedy__mandatory_only.toml,2070a75257f871037f09802de1080d08d8e32ca28fef6ba6548dc1c837aa511b
structured,N192-R64,V2-B-N192-R064-C15-X01,declared_source_order,Declared source order,13.202626280958565,true,true,experiments/algorithmic_compression_v2/results/raw_runs/V2-B-N192-R064-C15-X01/declared_source_order__mandatory_only.toml,e2b38ef8e316863cf637e7dfd9abb4157f8d414bb9bdd8baeb4de3e52d0efb6f
structured,N192-R64,V2-B-N192-R064-C15-X01,heaviest_safe_first,Heaviest safe first,12.450535147138359,true,true,experiments/algorithmic_compression_v2/results/raw_runs/V2-B-N192-R064-C15-X01/heaviest_safe_first__mandatory_only.toml,95305cde9ae8680be4d46929289d8f13fb5b2eb6a9b777dd1d63042d9233316c
structured,N192-R64,V2-B-N192-R064-C15-X01,jump_highs_tagged_cover,HiGHS MIP,36.322222166333155,true,true,experiments/algorithmic_compression_v2/results/raw_runs/V2-B-N192-R064-C15-X01/jump_highs_tagged_cover__full_fixed_point.toml,a60bc0c2766857535e2f8c40cff17677564861e2799bb419b55fa1382f7bc81f
structured,N192-R64,V2-B-N192-R064-C15-X01,lightest_safe_first,Lightest safe first,12.588118989488251,true,true,experiments/algorithmic_compression_v2/results/raw_runs/V2-B-N192-R064-C15-X01/lightest_safe_first__mandatory_only.toml,b2c01608dd3e07606598299cff7acfca400fb2e3e5ef0ee66948b8d7519c60dc
structured,N192-R64,V2-B-N192-R064-C15-X01,maximum_immediate_burden_release,Maximum immediate release,11.66519792996867,true,true,experiments/algorithmic_compression_v2/results/raw_runs/V2-B-N192-R064-C15-X01/maximum_immediate_burden_release__mandatory_only.toml,f92c5dc4acef7531a3f0627d8d528b9741bfdc368f7021b8e76d3d6da449f1a5
structured,N192-R64,V2-B-N192-R064-C15-X01,minimum_unique_carrier_exposure,Minimum unique-carrier exposure,13.00338723247476,true,true,experiments/algorithmic_compression_v2/results/raw_runs/V2-B-N192-R064-C15-X01/minimum_unique_carrier_exposure__mandatory_only.toml,bb33a06746de01ab9c9964ed1d2543f4ac276b9e968eb96ca124ab359b18cf21
structured,N192-R64,V2-B-N192-R064-C15-X01,multistart_random_rechecked_deletion_32,32-start random deletion,,false,true,experiments/algorithmic_compression_v2/results/raw_runs/V2-B-N192-R064-C15-X01/multistart_random_rechecked_deletion_32__mandatory_only.toml,68f0bc1c579f7e032c6966b24c3c779956f02c15f9e74e941d6534f057cfff23
structured,N192-R64,V2-B-N192-R064-C15-X01,random_order_rechecked_deletion,Random-order deletion,10.545879771917988,true,true,experiments/algorithmic_compression_v2/results/raw_runs/V2-B-N192-R064-C15-X01/random_order_rechecked_deletion__mandatory_only.toml,fafd52893b0a1bd9ccbb5a4a6a92d3fda024b91c91a9ced312ab0a5e1519f7ed
structured,N192-R64,V2-B-N192-R064-C15-X01,weighted_greedy,Weighted greedy,1.426794176027592,true,true,experiments/algorithmic_compression_v2/results/raw_runs/V2-B-N192-R064-C15-X01/weighted_greedy__mandatory_only.toml,2ce819df45cbb100cbebfcbe31c903c753c67cd1db7b814abb7c17f8921d098c
structured,N192-R64,V2-B-N192-R064-C15-X01,weighted_greedy_reverse_delete,Weighted greedy + reverse deletion,1.6197056694253102,true,true,experiments/algorithmic_compression_v2/results/raw_runs/V2-B-N192-R064-C15-X01/weighted_greedy_reverse_delete__mandatory_only.toml,c91e3bbbf357b7dc6c4944741e0a78eb556383f25b9e2df67db8fba71dada2bd
structured,N192-R64,V2-B-N192-R064-C15-X02,cardinality_greedy,Cardinality greedy,1.1817056516039648,true,true,experiments/algorithmic_compression_v2/results/raw_runs/V2-B-N192-R064-C15-X02/cardinality_greedy__mandatory_only.toml,b564802de15e6c9f31ce9cd425604b93acd807778e2df75b89c804fbbf967b98
structured,N192-R64,V2-B-N192-R064-C15-X02,declared_source_order,Declared source order,5.305173919820705,true,true,experiments/algorithmic_compression_v2/results/raw_runs/V2-B-N192-R064-C15-X02/declared_source_order__mandatory_only.toml,2fef830fd6f9fd9ab97d3b4894fbc98e09ceb1865641cd7f60787946a7b9c2ca
structured,N192-R64,V2-B-N192-R064-C15-X02,heaviest_safe_first,Heaviest safe first,5.3904906463178,true,true,experiments/algorithmic_compression_v2/results/raw_runs/V2-B-N192-R064-C15-X02/heaviest_safe_first__mandatory_only.toml,e9af6332618d3fe0c1a410b8456c8655308709e52070432c49f676136bc31ba2
structured,N192-R64,V2-B-N192-R064-C15-X02,jump_highs_tagged_cover,HiGHS MIP,16.38327720646279,true,true,experiments/algorithmic_compression_v2/results/raw_runs/V2-B-N192-R064-C15-X02/jump_highs_tagged_cover__full_fixed_point.toml,8b1cb8c57d3fdc58b9a74f4a87cf6eaaa0f8583c1f388e2cb2dadd4d57c66a87
structured,N192-R64,V2-B-N192-R064-C15-X02,lightest_safe_first,Lightest safe first,5.762395567167577,true,true,experiments/algorithmic_compression_v2/results/raw_runs/V2-B-N192-R064-C15-X02/lightest_safe_first__mandatory_only.toml,d26a7526267e49b04630317b6cad90f671814eb0de2de55991b518de59c7b9e0
structured,N192-R64,V2-B-N192-R064-C15-X02,maximum_immediate_burden_release,Maximum immediate release,6.302755866482767,true,true,experiments/algorithmic_compression_v2/results/raw_runs/V2-B-N192-R064-C15-X02/maximum_immediate_burden_release__mandatory_only.toml,49c375db74e136d319a03a7b537fbeaa0af053a8750aa5e265f4b1a828cf139e
structured,N192-R64,V2-B-N192-R064-C15-X02,minimum_unique_carrier_exposure,Minimum unique-carrier exposure,4.732352083778408,true,true,experiments/algorithmic_compression_v2/results/raw_runs/V2-B-N192-R064-C15-X02/minimum_unique_carrier_exposure__mandatory_only.toml,225275b700d4e304ea3d5cab3499cea03d449e81ce4d9c69f39480b47d72df8f
structured,N192-R64,V2-B-N192-R064-C15-X02,multistart_random_rechecked_deletion_32,32-start random deletion,154.75414110443654,true,true,experiments/algorithmic_compression_v2/results/raw_runs/V2-B-N192-R064-C15-X02/multistart_random_rechecked_deletion_32__mandatory_only.toml,310da78ebd9a7b1452a506de6f2c66ef81cbea0dfa1e7e536d15167aa64270d5
structured,N192-R64,V2-B-N192-R064-C15-X02,random_order_rechecked_deletion,Random-order deletion,6.358369800661897,true,true,experiments/algorithmic_compression_v2/results/raw_runs/V2-B-N192-R064-C15-X02/random_order_rechecked_deletion__mandatory_only.toml,7f9cdd176362255dbc5bc1b3a5101231a06ab6add246e3d6ca0ee0906c81e58b
structured,N192-R64,V2-B-N192-R064-C15-X02,weighted_greedy,Weighted greedy,1.0118645479931598,true,true,experiments/algorithmic_compression_v2/results/raw_runs/V2-B-N192-R064-C15-X02/weighted_greedy__mandatory_only.toml,4271651ee5c0f8361fe0ca2efaaf2d5d1d8ce259b1464d8f40bf0d71610ed0e8
structured,N192-R64,V2-B-N192-R064-C15-X02,weighted_greedy_reverse_delete,Weighted greedy + reverse deletion,1.0,true,true,experiments/algorithmic_compression_v2/results/raw_runs/V2-B-N192-R064-C15-X02/weighted_greedy_reverse_delete__mandatory_only.toml,bd9b66299d69a53ac1de1af2fca5ee433814695b1a49c0bb7df54fc1c347ae60
structured,N192-R64,V2-B-N192-R064-C16-X01,cardinality_greedy,Cardinality greedy,1.0,true,true,experiments/algorithmic_compression_v2/results/raw_runs/V2-B-N192-R064-C16-X01/cardinality_greedy__mandatory_only.toml,a1bac9409005c94a1db4398031f3145a0b0defc6372f532013b184c2fe5da051
structured,N192-R64,V2-B-N192-R064-C16-X01,declared_source_order,Declared source order,7.803188920121481,true,true,experiments/algorithmic_compression_v2/results/raw_runs/V2-B-N192-R064-C16-X01/declared_source_order__mandatory_only.toml,fcd2db55554dc3919a2e76ce7aa81b7bb2b38b6985f6ed2c37250432651b52d7
structured,N192-R64,V2-B-N192-R064-C16-X01,heaviest_safe_first,Heaviest safe first,7.877080319133773,true,true,experiments/algorithmic_compression_v2/results/raw_runs/V2-B-N192-R064-C16-X01/heaviest_safe_first__mandatory_only.toml,649e62509dc182fe826c50e0a7d428f0beb0786902d391d4e9c4e9415a5e3d5e
structured,N192-R64,V2-B-N192-R064-C16-X01,jump_highs_tagged_cover,HiGHS MIP,21.92796036780235,true,true,experiments/algorithmic_compression_v2/results/raw_runs/V2-B-N192-R064-C16-X01/jump_highs_tagged_cover__full_fixed_point.toml,60bb4be58cad8fe8eb4b7bdfbb282232b29ca52f8828426e87ec12330ff22f50
structured,N192-R64,V2-B-N192-R064-C16-X01,lightest_safe_first,Lightest safe first,7.503952756416711,true,true,experiments/algorithmic_compression_v2/results/raw_runs/V2-B-N192-R064-C16-X01/lightest_safe_first__mandatory_only.toml,a4e969178fc1a1fb5023d023201f8f7f3464650d24117c5e05713fda3742503f
structured,N192-R64,V2-B-N192-R064-C16-X01,maximum_immediate_burden_release,Maximum immediate release,9.857113173718112,true,true,experiments/algorithmic_compression_v2/results/raw_runs/V2-B-N192-R064-C16-X01/maximum_immediate_burden_release__mandatory_only.toml,d6a04347aee8473fbeeaee8c905f168a98cf405534915c61e3e61d15a1b26acb
structured,N192-R64,V2-B-N192-R064-C16-X01,minimum_unique_carrier_exposure,Minimum unique-carrier exposure,7.271540697564248,true,true,experiments/algorithmic_compression_v2/results/raw_runs/V2-B-N192-R064-C16-X01/minimum_unique_carrier_exposure__mandatory_only.toml,47df3f277b976e8226d9951533ad30b85b158c0caabfb06c95ddf0ff18bbdf71
structured,N192-R64,V2-B-N192-R064-C16-X01,multistart_random_rechecked_deletion_32,32-start random deletion,241.34432495633817,true,true,experiments/algorithmic_compression_v2/results/raw_runs/V2-B-N192-R064-C16-X01/multistart_random_rechecked_deletion_32__mandatory_only.toml,9357f3ee14fd46162ca67b426ca7785bd23a368966ba4067c35c6a34a09fbe88
structured,N192-R64,V2-B-N192-R064-C16-X01,random_order_rechecked_deletion,Random-order deletion,7.663979481950559,true,true,experiments/algorithmic_compression_v2/results/raw_runs/V2-B-N192-R064-C16-X01/random_order_rechecked_deletion__mandatory_only.toml,7f0ec4ce03d4b426d1afe471e2638fccd7cda2eaec28026be38ed3cf3df795e3
structured,N192-R64,V2-B-N192-R064-C16-X01,weighted_greedy,Weighted greedy,1.2587637133714837,true,true,experiments/algorithmic_compression_v2/results/raw_runs/V2-B-N192-R064-C16-X01/weighted_greedy__mandatory_only.toml,bb14d37a78de29ee99d8845cde65f58b0d613d61bc3886f7e47554fe2dc50b91
structured,N192-R64,V2-B-N192-R064-C16-X01,weighted_greedy_reverse_delete,Weighted greedy + reverse deletion,1.1223225838769193,true,true,experiments/algorithmic_compression_v2/results/raw_runs/V2-B-N192-R064-C16-X01/weighted_greedy_reverse_delete__mandatory_only.toml,d3737622a2f9ab3132824bb07af50d52d62397f0faeef652917ab1670269b6fd
structured,N192-R64,V2-B-N192-R064-C16-X02,cardinality_greedy,Cardinality greedy,1.3168524602637368,true,true,experiments/algorithmic_compression_v2/results/raw_runs/V2-B-N192-R064-C16-X02/cardinality_greedy__mandatory_only.toml,adea5ed5eb66c299ad0001ea2fd0d6657c37e0d1852648024dea73403ad5c08b
structured,N192-R64,V2-B-N192-R064-C16-X02,declared_source_order,Declared source order,7.6151556731774175,true,true,experiments/algorithmic_compression_v2/results/raw_runs/V2-B-N192-R064-C16-X02/declared_source_order__mandatory_only.toml,3cf6b9ea0120d13544ef95c7e3c97201e53d69dd11911c97ffeba070050ba735
structured,N192-R64,V2-B-N192-R064-C16-X02,heaviest_safe_first,Heaviest safe first,7.484438097115065,true,true,experiments/algorithmic_compression_v2/results/raw_runs/V2-B-N192-R064-C16-X02/heaviest_safe_first__mandatory_only.toml,56d4cf371138e12a7c29fe4a035cf4dd3f669429798f6c93d7059156d9c5e31c
structured,N192-R64,V2-B-N192-R064-C16-X02,jump_highs_tagged_cover,HiGHS MIP,21.088768446607418,true,true,experiments/algorithmic_compression_v2/results/raw_runs/V2-B-N192-R064-C16-X02/jump_highs_tagged_cover__full_fixed_point.toml,77051c9cdfc88ba1ff19d1f5da2db954127fb0bb8df0d0aa92fb5a5271bd91a4
structured,N192-R64,V2-B-N192-R064-C16-X02,lightest_safe_first,Lightest safe first,6.88616693423108,true,true,experiments/algorithmic_compression_v2/results/raw_runs/V2-B-N192-R064-C16-X02/lightest_safe_first__mandatory_only.toml,93017601b6a7f3423abc9823b38932a168fd2c0ecab3ccd17f589ac4bb1a8b85
structured,N192-R64,V2-B-N192-R064-C16-X02,maximum_immediate_burden_release,Maximum immediate release,9.473207755789767,true,true,experiments/algorithmic_compression_v2/results/raw_runs/V2-B-N192-R064-C16-X02/maximum_immediate_burden_release__mandatory_only.toml,48f7f42d606a6d5b7dcb916413092305ef710d0636ade595c57318fd3b4409c2
structured,N192-R64,V2-B-N192-R064-C16-X02,minimum_unique_carrier_exposure,Minimum unique-carrier exposure,6.849419179044362,true,true,experiments/algorithmic_compression_v2/results/raw_runs/V2-B-N192-R064-C16-X02/minimum_unique_carrier_exposure__mandatory_only.toml,daee6b0d51b644aaf96c24ff58650e9b73f11e1a7ffa6bfe32ed9e8201d05053
structured,N192-R64,V2-B-N192-R064-C16-X02,multistart_random_rechecked_deletion_32,32-start random deletion,242.96814664840755,true,true,experiments/algorithmic_compression_v2/results/raw_runs/V2-B-N192-R064-C16-X02/multistart_random_rechecked_deletion_32__mandatory_only.toml,2fb8028704a5fd4704512abf89cefae00a83e0861d2cdbbb9ec4397e82250463
structured,N192-R64,V2-B-N192-R064-C16-X02,random_order_rechecked_deletion,Random-order deletion,8.819108870778077,true,true,experiments/algorithmic_compression_v2/results/raw_runs/V2-B-N192-R064-C16-X02/random_order_rechecked_deletion__mandatory_only.toml,2ace747703308d0ef20edbd8d65c6bf789b459d93e1f36c878b697d39a95c4ca
structured,N192-R64,V2-B-N192-R064-C16-X02,weighted_greedy,Weighted greedy,1.0,true,true,experiments/algorithmic_compression_v2/results/raw_runs/V2-B-N192-R064-C16-X02/weighted_greedy__mandatory_only.toml,9190be48f1e42fc70a862fcfa8aea43a4a4e6ae952aabe14f8db809f56517789
structured,N192-R64,V2-B-N192-R064-C16-X02,weighted_greedy_reverse_delete,Weighted greedy + reverse deletion,1.2299706719277899,true,true,experiments/algorithmic_compression_v2/results/raw_runs/V2-B-N192-R064-C16-X02/weighted_greedy_reverse_delete__mandatory_only.toml,18184b2981b93b496c43bc841ef32c40f58b5fdc0a637a299ef79c0a75d79ca6
structured,N64-R32,V2-B-N064-R032-C01-X01,cardinality_greedy,Cardinality greedy,1.3044838392884954,true,true,experiments/algorithmic_compression_v2/results/raw_runs/V2-B-N064-R032-C01-X01/cardinality_greedy__mandatory_only.toml,434f9d3fcd2196fc9a15b3e282c7698270fbe312ff804cdb3011b614be24cf24
structured,N64-R32,V2-B-N064-R032-C01-X01,declared_source_order,Declared source order,1.8649449553269268,true,true,experiments/algorithmic_compression_v2/results/raw_runs/V2-B-N064-R032-C01-X01/declared_source_order__mandatory_only.toml,b1d7cc2a6fa4b3f72983567e1769cab90d3408f85a2a183a9c972df719dfd3b4
structured,N64-R32,V2-B-N064-R032-C01-X01,heaviest_safe_first,Heaviest safe first,1.5103969145987417,true,true,experiments/algorithmic_compression_v2/results/raw_runs/V2-B-N064-R032-C01-X01/heaviest_safe_first__mandatory_only.toml,ee040aa0f456071f09f691075cb144562c82a96ccae4173d6a45706e235f3632
structured,N64-R32,V2-B-N064-R032-C01-X01,jump_highs_tagged_cover,HiGHS MIP,10.203121685438107,true,true,experiments/algorithmic_compression_v2/results/raw_runs/V2-B-N064-R032-C01-X01/jump_highs_tagged_cover__full_fixed_point.toml,dad695e59dadbd9dcb362e3be1cba073c30098d7e00faa77ef5ddca637c9de0c
structured,N64-R32,V2-B-N064-R032-C01-X01,lightest_safe_first,Lightest safe first,1.8977434429548727,true,true,experiments/algorithmic_compression_v2/results/raw_runs/V2-B-N064-R032-C01-X01/lightest_safe_first__mandatory_only.toml,d9710c64582ddb7f8350163d42dc81377000763346265685ea4f078833c3dd97
structured,N64-R32,V2-B-N064-R032-C01-X01,maximum_immediate_burden_release,Maximum immediate release,1.7234073419781042,true,true,experiments/algorithmic_compression_v2/results/raw_runs/V2-B-N064-R032-C01-X01/maximum_immediate_burden_release__mandatory_only.toml,2559cd2784e3353b1b7f8f3b395f2b609907db60f9bf5663287cd8e5a8f8a9fe
structured,N64-R32,V2-B-N064-R032-C01-X01,minimum_unique_carrier_exposure,Minimum unique-carrier exposure,1.4683053111950837,true,true,experiments/algorithmic_compression_v2/results/raw_runs/V2-B-N064-R032-C01-X01/minimum_unique_carrier_exposure__mandatory_only.toml,2ef789529873e71412867941f3f2526917a7e5608a4ee7d4302cf8680b0a6fea
structured,N64-R32,V2-B-N064-R032-C01-X01,multistart_random_rechecked_deletion_32,32-start random deletion,10.57427687719028,true,true,experiments/algorithmic_compression_v2/results/raw_runs/V2-B-N064-R032-C01-X01/multistart_random_rechecked_deletion_32__mandatory_only.toml,207193a19af3ffbc8748a569be3ee633d142ec128644351c90e86d8d57c8b5be
structured,N64-R32,V2-B-N064-R032-C01-X01,random_order_rechecked_deletion,Random-order deletion,1.7047547043700435,true,true,experiments/algorithmic_compression_v2/results/raw_runs/V2-B-N064-R032-C01-X01/random_order_rechecked_deletion__mandatory_only.toml,50ad14cd02d952ecc751a5236df6d0212c4e2c9e03527092e3484c02df1b76eb
structured,N64-R32,V2-B-N064-R032-C01-X01,weighted_greedy,Weighted greedy,1.3200325481629118,true,true,experiments/algorithmic_compression_v2/results/raw_runs/V2-B-N064-R032-C01-X01/weighted_greedy__mandatory_only.toml,b166b946673ade867039320d654006812c91edf0e117a02fd721d530be9c7f8a
structured,N64-R32,V2-B-N064-R032-C01-X01,weighted_greedy_reverse_delete,Weighted greedy + reverse deletion,1.0,true,true,experiments/algorithmic_compression_v2/results/raw_runs/V2-B-N064-R032-C01-X01/weighted_greedy_reverse_delete__mandatory_only.toml,87f25199ae40045591f97d9994f799026594ebefcf3cb7ec6da0833bd6d7409c
structured,N64-R32,V2-B-N064-R032-C01-X02,cardinality_greedy,Cardinality greedy,1.596687131465288,true,true,experiments/algorithmic_compression_v2/results/raw_runs/V2-B-N064-R032-C01-X02/cardinality_greedy__mandatory_only.toml,2bc689c98b62cee76bde510234724ef9328279e4401e3835d6478ff7251081e7
structured,N64-R32,V2-B-N064-R032-C01-X02,declared_source_order,Declared source order,2.2739944548156203,true,true,experiments/algorithmic_compression_v2/results/raw_runs/V2-B-N064-R032-C01-X02/declared_source_order__mandatory_only.toml,af2623097e44c6ab7bb13330a3a63262ba8b54f220dc90b86f10db5682691772
structured,N64-R32,V2-B-N064-R032-C01-X02,heaviest_safe_first,Heaviest safe first,2.711652589598928,true,true,experiments/algorithmic_compression_v2/results/raw_runs/V2-B-N064-R032-C01-X02/heaviest_safe_first__mandatory_only.toml,3f3b3df56fb8e7ccbe67ac85f32e6d8935f83658726a6b765c43b863ea86550d
structured,N64-R32,V2-B-N064-R032-C01-X02,jump_highs_tagged_cover,HiGHS MIP,18.74975089673094,true,true,experiments/algorithmic_compression_v2/results/raw_runs/V2-B-N064-R032-C01-X02/jump_highs_tagged_cover__full_fixed_point.toml,d6a122e28f357877cc13f796eb8ac3b12e381e33c3405a2a3361eb77764844cb
structured,N64-R32,V2-B-N064-R032-C01-X02,lightest_safe_first,Lightest safe first,2.2050201321165894,true,true,experiments/algorithmic_compression_v2/results/raw_runs/V2-B-N064-R032-C01-X02/lightest_safe_first__mandatory_only.toml,d695e817e0e3007cbb18a7f5cdb7a18f954e0e05957fa6c1b2b98527e33835ba
structured,N64-R32,V2-B-N064-R032-C01-X02,maximum_immediate_burden_release,Maximum immediate release,2.05795317430098,true,true,experiments/algorithmic_compression_v2/results/raw_runs/V2-B-N064-R032-C01-X02/maximum_immediate_burden_release__mandatory_only.toml,31c1d0bd4b69953a0a3d5b1a0aeb72a1bdf0991ad2ca4675c279c5063377d7f0
structured,N64-R32,V2-B-N064-R032-C01-X02,minimum_unique_carrier_exposure,Minimum unique-carrier exposure,1.6980449237775297,true,true,experiments/algorithmic_compression_v2/results/raw_runs/V2-B-N064-R032-C01-X02/minimum_unique_carrier_exposure__mandatory_only.toml,7c391b191cb821fc775a262ccae74b1a28f983a00a3983ce09fdea921889f609
structured,N64-R32,V2-B-N064-R032-C01-X02,multistart_random_rechecked_deletion_32,32-start random deletion,12.456665193503092,true,true,experiments/algorithmic_compression_v2/results/raw_runs/V2-B-N064-R032-C01-X02/multistart_random_rechecked_deletion_32__mandatory_only.toml,11d94b3cbe3d907e74411d2d9457d3888e1aa9d3e3b99b6cdb3f4edd763498cd
structured,N64-R32,V2-B-N064-R032-C01-X02,random_order_rechecked_deletion,Random-order deletion,2.255944436022306,true,true,experiments/algorithmic_compression_v2/results/raw_runs/V2-B-N064-R032-C01-X02/random_order_rechecked_deletion__mandatory_only.toml,acc6f47f2fb7160b01f2985c00171295f680b4d507b0e676324eacf12f6c1dd4
structured,N64-R32,V2-B-N064-R032-C01-X02,weighted_greedy,Weighted greedy,1.0,true,true,experiments/algorithmic_compression_v2/results/raw_runs/V2-B-N064-R032-C01-X02/weighted_greedy__mandatory_only.toml,a5d48dbde7c917c858ad01df9a0b01c986af01eedd9afaf52d8bda28553a8d48
structured,N64-R32,V2-B-N064-R032-C01-X02,weighted_greedy_reverse_delete,Weighted greedy + reverse deletion,1.2797493905441186,true,true,experiments/algorithmic_compression_v2/results/raw_runs/V2-B-N064-R032-C01-X02/weighted_greedy_reverse_delete__mandatory_only.toml,c13a8b5dc9934da8f455e664c58ec4d17348721dadece4428ca7a475533aa975
structured,N64-R32,V2-B-N064-R032-C02-X01,cardinality_greedy,Cardinality greedy,1.2878636704851048,true,true,experiments/algorithmic_compression_v2/results/raw_runs/V2-B-N064-R032-C02-X01/cardinality_greedy__mandatory_only.toml,e31bdeaaa822d128b2beb9c7106140523fc3ec8fb2802dc635140fb29603a45a
structured,N64-R32,V2-B-N064-R032-C02-X01,declared_source_order,Declared source order,1.270115829816254,true,true,experiments/algorithmic_compression_v2/results/raw_runs/V2-B-N064-R032-C02-X01/declared_source_order__mandatory_only.toml,bf5c6e8ba4265fc6a7447de1799526a7be7380d48bd80bb414856a91d1eec76a
structured,N64-R32,V2-B-N064-R032-C02-X01,heaviest_safe_first,Heaviest safe first,2.038504758800938,true,true,experiments/algorithmic_compression_v2/results/raw_runs/V2-B-N064-R032-C02-X01/heaviest_safe_first__mandatory_only.toml,c3a8bd477f2fcc2a32d747172f5ecd5fa3b7b30647d7a4610441c4d13cb1be9e
structured,N64-R32,V2-B-N064-R032-C02-X01,jump_highs_tagged_cover,HiGHS MIP,13.54419394205398,true,true,experiments/algorithmic_compression_v2/results/raw_runs/V2-B-N064-R032-C02-X01/jump_highs_tagged_cover__full_fixed_point.toml,8f71c1fce340519cf25fdd603251c88564cf40bb158ab09fba32e041142a905a
structured,N64-R32,V2-B-N064-R032-C02-X01,lightest_safe_first,Lightest safe first,1.5537347609093943,true,true,experiments/algorithmic_compression_v2/results/raw_runs/V2-B-N064-R032-C02-X01/lightest_safe_first__mandatory_only.toml,55640e4679818826478d40972c919ac4644a7db33b374741799178ca5d2b20e4
structured,N64-R32,V2-B-N064-R032-C02-X01,maximum_immediate_burden_release,Maximum immediate release,1.8637194859999702,true,true,experiments/algorithmic_compression_v2/results/raw_runs/V2-B-N064-R032-C02-X01/maximum_immediate_burden_release__mandatory_only.toml,4d790179ea83326dd762bb2777c54b8c5908ea79413c24975d5c894e43c65928
structured,N64-R32,V2-B-N064-R032-C02-X01,minimum_unique_carrier_exposure,Minimum unique-carrier exposure,2.07335268191748,true,true,experiments/algorithmic_compression_v2/results/raw_runs/V2-B-N064-R032-C02-X01/minimum_unique_carrier_exposure__mandatory_only.toml,cb0e5b6536f99b177c52c95e392f6b607c395fdf578ab7022f6459d51a022f74
structured,N64-R32,V2-B-N064-R032-C02-X01,multistart_random_rechecked_deletion_32,32-start random deletion,10.74001303170309,true,true,experiments/algorithmic_compression_v2/results/raw_runs/V2-B-N064-R032-C02-X01/multistart_random_rechecked_deletion_32__mandatory_only.toml,ffbc5ee32d7cfed3d13fa2ae2b41ed93d031dc8bf2d731a05e14b86a5b315aeb
structured,N64-R32,V2-B-N064-R032-C02-X01,random_order_rechecked_deletion,Random-order deletion,1.4967944964538076,true,true,experiments/algorithmic_compression_v2/results/raw_runs/V2-B-N064-R032-C02-X01/random_order_rechecked_deletion__mandatory_only.toml,c656da1ec35415094c6d3bab6930dff398edc18f22559e376ae6579f4085ea7f
structured,N64-R32,V2-B-N064-R032-C02-X01,weighted_greedy,Weighted greedy,1.3002379071856085,true,true,experiments/algorithmic_compression_v2/results/raw_runs/V2-B-N064-R032-C02-X01/weighted_greedy__mandatory_only.toml,ae1507740410ce025d925f18bb20a65bddae414ea6ecc50adb6fbd317c2ca03f
structured,N64-R32,V2-B-N064-R032-C02-X01,weighted_greedy_reverse_delete,Weighted greedy + reverse deletion,1.0,true,true,experiments/algorithmic_compression_v2/results/raw_runs/V2-B-N064-R032-C02-X01/weighted_greedy_reverse_delete__mandatory_only.toml,d8532681ebe590cdd10176268d1987ac4bc14d74b35a2566f2356c306ddd17cc
structured,N64-R32,V2-B-N064-R032-C02-X02,cardinality_greedy,Cardinality greedy,1.2033127755612287,true,true,experiments/algorithmic_compression_v2/results/raw_runs/V2-B-N064-R032-C02-X02/cardinality_greedy__mandatory_only.toml,d37983289c67b12bb5f58a448048727d76b72796692f8ea51843c4080c790d09
structured,N64-R32,V2-B-N064-R032-C02-X02,declared_source_order,Declared source order,2.4091643212877227,true,true,experiments/algorithmic_compression_v2/results/raw_runs/V2-B-N064-R032-C02-X02/declared_source_order__mandatory_only.toml,9b466176e7a903d70a2959424541e9dbfa359edfe8000325ca7c3dde3e2b9b1a
structured,N64-R32,V2-B-N064-R032-C02-X02,heaviest_safe_first,Heaviest safe first,1.494151425553355,true,true,experiments/algorithmic_compression_v2/results/raw_runs/V2-B-N064-R032-C02-X02/heaviest_safe_first__mandatory_only.toml,d82f6422817efef1f091d2d6aee263e213bfef5e98baadf8a6412e6f4c0e8ba7
structured,N64-R32,V2-B-N064-R032-C02-X02,jump_highs_tagged_cover,HiGHS MIP,19.431472239976827,true,true,experiments/algorithmic_compression_v2/results/raw_runs/V2-B-N064-R032-C02-X02/jump_highs_tagged_cover__full_fixed_point.toml,94e2cce1c3e57397c6765792544e2cfaf6247ecab17d81b973e14ab041f430f3
structured,N64-R32,V2-B-N064-R032-C02-X02,lightest_safe_first,Lightest safe first,1.7019080129080288,true,true,experiments/algorithmic_compression_v2/results/raw_runs/V2-B-N064-R032-C02-X02/lightest_safe_first__mandatory_only.toml,7cdb2e48887c109099ed8bbafe2388d44c0787e2c4eedf4141564c2a76c04d01
structured,N64-R32,V2-B-N064-R032-C02-X02,maximum_immediate_burden_release,Maximum immediate release,2.343870064714285,true,true,experiments/algorithmic_compression_v2/results/raw_runs/V2-B-N064-R032-C02-X02/maximum_immediate_burden_release__mandatory_only.toml,64b3572908e2ae9fc5eb008c035c701b04bee59a2ae92b895b7bdb4fdb384247
structured,N64-R32,V2-B-N064-R032-C02-X02,minimum_unique_carrier_exposure,Minimum unique-carrier exposure,2.184120423590147,true,true,experiments/algorithmic_compression_v2/results/raw_runs/V2-B-N064-R032-C02-X02/minimum_unique_carrier_exposure__mandatory_only.toml,aab6de8be086205eca12d70b8f8a3a06fb3e7ad4bfe8fdfa1edc62e4a01c4708
structured,N64-R32,V2-B-N064-R032-C02-X02,multistart_random_rechecked_deletion_32,32-start random deletion,12.779399234957985,true,true,experiments/algorithmic_compression_v2/results/raw_runs/V2-B-N064-R032-C02-X02/multistart_random_rechecked_deletion_32__mandatory_only.toml,539313ff33ab7ba62129a50cf63c0ae7991b4c602119df4f7a7b29811bb54047
structured,N64-R32,V2-B-N064-R032-C02-X02,random_order_rechecked_deletion,Random-order deletion,1.0,true,true,experiments/algorithmic_compression_v2/results/raw_runs/V2-B-N064-R032-C02-X02/random_order_rechecked_deletion__mandatory_only.toml,132c1889abc3202ff9f498bd13a40cb770e3df46b3ddd4e1280bad6cb71c9341
structured,N64-R32,V2-B-N064-R032-C02-X02,weighted_greedy,Weighted greedy,1.2167312541244208,true,true,experiments/algorithmic_compression_v2/results/raw_runs/V2-B-N064-R032-C02-X02/weighted_greedy__mandatory_only.toml,089b6668f3b805164e008ebae7b9c976f3ef569431193b401970e6b082c15327
structured,N64-R32,V2-B-N064-R032-C02-X02,weighted_greedy_reverse_delete,Weighted greedy + reverse deletion,1.2045785894932852,true,true,experiments/algorithmic_compression_v2/results/raw_runs/V2-B-N064-R032-C02-X02/weighted_greedy_reverse_delete__mandatory_only.toml,6f64983e29f35f89016c0ed6ee392163a1e1dd2cffaf539b0172c626ae9e49bc
structured,N64-R32,V2-B-N064-R032-C03-X01,cardinality_greedy,Cardinality greedy,1.7061276505091179,true,true,experiments/algorithmic_compression_v2/results/raw_runs/V2-B-N064-R032-C03-X01/cardinality_greedy__mandatory_only.toml,a5a33bb8155f98a542f1d34e9a619fe2cd1d8f99e374ea386af04dacbd064c82
structured,N64-R32,V2-B-N064-R032-C03-X01,declared_source_order,Declared source order,2.535314764804793,true,true,experiments/algorithmic_compression_v2/results/raw_runs/V2-B-N064-R032-C03-X01/declared_source_order__mandatory_only.toml,17d365cd72dacf4b11f027d8fb740832f6ef809f2103639529c0213f53f0a6e9
structured,N64-R32,V2-B-N064-R032-C03-X01,heaviest_safe_first,Heaviest safe first,1.271816466459028,true,true,experiments/algorithmic_compression_v2/results/raw_runs/V2-B-N064-R032-C03-X01/heaviest_safe_first__mandatory_only.toml,9edc3cd42f8b8821343bf03f430f3024f9cc423fd200b0b639ce003ff86100b8
structured,N64-R32,V2-B-N064-R032-C03-X01,jump_highs_tagged_cover,HiGHS MIP,9.039931000483465,true,true,experiments/algorithmic_compression_v2/results/raw_runs/V2-B-N064-R032-C03-X01/jump_highs_tagged_cover__full_fixed_point.toml,95607703eafef5178fb7315f1ad83e418c43dabfd08276514a9ebd08a7e23aa1
structured,N64-R32,V2-B-N064-R032-C03-X01,lightest_safe_first,Lightest safe first,2.0365753097602193,true,true,experiments/algorithmic_compression_v2/results/raw_runs/V2-B-N064-R032-C03-X01/lightest_safe_first__mandatory_only.toml,df5b7f10df8b078dce3dd718f6ae995cedbbd520f673a0c9edc2195f6bfaa075
structured,N64-R32,V2-B-N064-R032-C03-X01,maximum_immediate_burden_release,Maximum immediate release,1.2759512824876358,true,true,experiments/algorithmic_compression_v2/results/raw_runs/V2-B-N064-R032-C03-X01/maximum_immediate_burden_release__mandatory_only.toml,991842dc21ad98e11c32192efc51fdfbf8cdfc0b5b3b1ef3a651a541fa1362d4
structured,N64-R32,V2-B-N064-R032-C03-X01,minimum_unique_carrier_exposure,Minimum unique-carrier exposure,1.7618280571066087,true,true,experiments/algorithmic_compression_v2/results/raw_runs/V2-B-N064-R032-C03-X01/minimum_unique_carrier_exposure__mandatory_only.toml,9c32de944ff8f8dda1ce934f8f0dc8853718cd58b7fc2a5f3a9191eaa6a5d535
structured,N64-R32,V2-B-N064-R032-C03-X01,multistart_random_rechecked_deletion_32,32-start random deletion,12.197455717766253,true,true,experiments/algorithmic_compression_v2/results/raw_runs/V2-B-N064-R032-C03-X01/multistart_random_rechecked_deletion_32__mandatory_only.toml,7833d02ad35b6c7237de7c303781841fc7b229270696db17261c130b90ee62f8
structured,N64-R32,V2-B-N064-R032-C03-X01,random_order_rechecked_deletion,Random-order deletion,1.813712866430857,true,true,experiments/algorithmic_compression_v2/results/raw_runs/V2-B-N064-R032-C03-X01/random_order_rechecked_deletion__mandatory_only.toml,623b82a567ae5cda7a2632ecb1f0d6d78c1e2d6a285ab3a0a4127d2e2210a40f
structured,N64-R32,V2-B-N064-R032-C03-X01,weighted_greedy,Weighted greedy,1.2384922483816176,true,true,experiments/algorithmic_compression_v2/results/raw_runs/V2-B-N064-R032-C03-X01/weighted_greedy__mandatory_only.toml,d1e6a71c662a32725d98186816bd6a540b2486ff61c64c6999c497f8dfa8d166
structured,N64-R32,V2-B-N064-R032-C03-X01,weighted_greedy_reverse_delete,Weighted greedy + reverse deletion,1.0,true,true,experiments/algorithmic_compression_v2/results/raw_runs/V2-B-N064-R032-C03-X01/weighted_greedy_reverse_delete__mandatory_only.toml,9e0b258fb0ccca68e48983f33ec3422aefce1b373ebc387ac9bb35a687a70138
structured,N64-R32,V2-B-N064-R032-C03-X02,cardinality_greedy,Cardinality greedy,4.59813895217198,true,true,experiments/algorithmic_compression_v2/results/raw_runs/V2-B-N064-R032-C03-X02/cardinality_greedy__mandatory_only.toml,463fd4f49034f64f2fd7040c91381123b8461790ab138373b8757770306697b2
structured,N64-R32,V2-B-N064-R032-C03-X02,declared_source_order,Declared source order,3.1394694338917075,true,true,experiments/algorithmic_compression_v2/results/raw_runs/V2-B-N064-R032-C03-X02/declared_source_order__mandatory_only.toml,ae577d6e8274bdcdc68827e26bc0bf1d1b038c1e43ce7e66db005d0b0d747880
structured,N64-R32,V2-B-N064-R032-C03-X02,heaviest_safe_first,Heaviest safe first,2.6993840694585884,true,true,experiments/algorithmic_compression_v2/results/raw_runs/V2-B-N064-R032-C03-X02/heaviest_safe_first__mandatory_only.toml,f145a10c9ecf5316afff8e19f5c58690659ff292e8d32d3801e8a4775a77b95b
structured,N64-R32,V2-B-N064-R032-C03-X02,jump_highs_tagged_cover,HiGHS MIP,14.796071132361565,true,true,experiments/algorithmic_compression_v2/results/raw_runs/V2-B-N064-R032-C03-X02/jump_highs_tagged_cover__full_fixed_point.toml,833d9554abccdf3b5c9442db0f41a4265cf6c052a675a2d853f2010bfe4bff97
structured,N64-R32,V2-B-N064-R032-C03-X02,lightest_safe_first,Lightest safe first,1.3535544253753615,true,true,experiments/algorithmic_compression_v2/results/raw_runs/V2-B-N064-R032-C03-X02/lightest_safe_first__mandatory_only.toml,884091f3b6b726c11426582e6afdcce611f8790c9a34c2bfa8f24a4fcbbcd929
structured,N64-R32,V2-B-N064-R032-C03-X02,maximum_immediate_burden_release,Maximum immediate release,3.406284448457234,true,true,experiments/algorithmic_compression_v2/results/raw_runs/V2-B-N064-R032-C03-X02/maximum_immediate_burden_release__mandatory_only.toml,8a53c3ad60986668860e1504a7b5ea02ff690dbb802200252fca099408b1ddc8
structured,N64-R32,V2-B-N064-R032-C03-X02,minimum_unique_carrier_exposure,Minimum unique-carrier exposure,5.7165074132455045,true,true,experiments/algorithmic_compression_v2/results/raw_runs/V2-B-N064-R032-C03-X02/minimum_unique_carrier_exposure__mandatory_only.toml,492e0bf9ee56baeb2cf3b04ae82eca347dca8e74e60c8cdac111c61f5b5b43de
structured,N64-R32,V2-B-N064-R032-C03-X02,multistart_random_rechecked_deletion_32,32-start random deletion,36.21756402007527,true,true,experiments/algorithmic_compression_v2/results/raw_runs/V2-B-N064-R032-C03-X02/multistart_random_rechecked_deletion_32__mandatory_only.toml,23603b4f32776a09465cc42e338ff2bba498dce326698b4e90eb80237510b505
structured,N64-R32,V2-B-N064-R032-C03-X02,random_order_rechecked_deletion,Random-order deletion,3.412422784712671,true,true,experiments/algorithmic_compression_v2/results/raw_runs/V2-B-N064-R032-C03-X02/random_order_rechecked_deletion__mandatory_only.toml,0fee7c95ab2902bb3b0c855b010800d5ecc4d904840a76d785e91b0cc9da083b
structured,N64-R32,V2-B-N064-R032-C03-X02,weighted_greedy,Weighted greedy,1.0,true,true,experiments/algorithmic_compression_v2/results/raw_runs/V2-B-N064-R032-C03-X02/weighted_greedy__mandatory_only.toml,b327316e63ea8ba8eb2a3a5134a72f85413e72447069923e02d6069e9a12330f
structured,N64-R32,V2-B-N064-R032-C03-X02,weighted_greedy_reverse_delete,Weighted greedy + reverse deletion,2.93758079380244,true,true,experiments/algorithmic_compression_v2/results/raw_runs/V2-B-N064-R032-C03-X02/weighted_greedy_reverse_delete__mandatory_only.toml,c57084f3c05c8948d2f09aaca46aa2ad0057d715cd3e4afb095dc65dcdc085be
structured,N64-R32,V2-B-N064-R032-C04-X01,cardinality_greedy,Cardinality greedy,1.1017395133115873,true,true,experiments/algorithmic_compression_v2/results/raw_runs/V2-B-N064-R032-C04-X01/cardinality_greedy__mandatory_only.toml,5cee63072be7fd7ce16e96605fd6339229d62f686de24031139e607f32155b2b
structured,N64-R32,V2-B-N064-R032-C04-X01,declared_source_order,Declared source order,1.6778662025492639,true,true,experiments/algorithmic_compression_v2/results/raw_runs/V2-B-N064-R032-C04-X01/declared_source_order__mandatory_only.toml,cd9186c4846a02d3b5d1760c97361502e26355a096cf9f6970c2a355c73be08b
structured,N64-R32,V2-B-N064-R032-C04-X01,heaviest_safe_first,Heaviest safe first,1.528350214463076,true,true,experiments/algorithmic_compression_v2/results/raw_runs/V2-B-N064-R032-C04-X01/heaviest_safe_first__mandatory_only.toml,23cc8b68f23335c24bcdfaf9f069ab3b7b8eb280d2121a91f8c6bc5ba3a36d33
structured,N64-R32,V2-B-N064-R032-C04-X01,jump_highs_tagged_cover,HiGHS MIP,13.415973026245634,true,true,experiments/algorithmic_compression_v2/results/raw_runs/V2-B-N064-R032-C04-X01/jump_highs_tagged_cover__full_fixed_point.toml,732fd7070315523e4b3f174bd5373d258916462b1620f1b8c8a55f302147c208
structured,N64-R32,V2-B-N064-R032-C04-X01,lightest_safe_first,Lightest safe first,1.915390190363583,true,true,experiments/algorithmic_compression_v2/results/raw_runs/V2-B-N064-R032-C04-X01/lightest_safe_first__mandatory_only.toml,9f6d5654f4c9ec8246e1910879f2841b993bace586301b459879e2d0908318f2
structured,N64-R32,V2-B-N064-R032-C04-X01,maximum_immediate_burden_release,Maximum immediate release,2.855571172767412,true,true,experiments/algorithmic_compression_v2/results/raw_runs/V2-B-N064-R032-C04-X01/maximum_immediate_burden_release__mandatory_only.toml,e609a7ab2ad84f4e8dbee83c81ab3ec557db67ff6e28d32b43718af94b53565f
structured,N64-R32,V2-B-N064-R032-C04-X01,minimum_unique_carrier_exposure,Minimum unique-carrier exposure,2.653828824387437,true,true,experiments/algorithmic_compression_v2/results/raw_runs/V2-B-N064-R032-C04-X01/minimum_unique_carrier_exposure__mandatory_only.toml,7321014300b751602c3a49a059ec67fedf88975eba3bd1adaf766d0a52363bc0
structured,N64-R32,V2-B-N064-R032-C04-X01,multistart_random_rechecked_deletion_32,32-start random deletion,17.24288159935912,true,true,experiments/algorithmic_compression_v2/results/raw_runs/V2-B-N064-R032-C04-X01/multistart_random_rechecked_deletion_32__mandatory_only.toml,c54027212d00a3167a7da2b5214668249ec85da0a34e73b04807596380ecf8d3
structured,N64-R32,V2-B-N064-R032-C04-X01,random_order_rechecked_deletion,Random-order deletion,2.6478878873830625,true,true,experiments/algorithmic_compression_v2/results/raw_runs/V2-B-N064-R032-C04-X01/random_order_rechecked_deletion__mandatory_only.toml,ed60aaa7b9d909e076ed0eab2843aeaa46f13cb659ad338c77c2afb6b8ca388e
structured,N64-R32,V2-B-N064-R032-C04-X01,weighted_greedy,Weighted greedy,1.0,true,true,experiments/algorithmic_compression_v2/results/raw_runs/V2-B-N064-R032-C04-X01/weighted_greedy__mandatory_only.toml,355444e79ae5aedbe014fe7198758249cc0c79599251389b9b162d1effe52199
structured,N64-R32,V2-B-N064-R032-C04-X01,weighted_greedy_reverse_delete,Weighted greedy + reverse deletion,1.1841951392650547,true,true,experiments/algorithmic_compression_v2/results/raw_runs/V2-B-N064-R032-C04-X01/weighted_greedy_reverse_delete__mandatory_only.toml,c14745903e1fa3f9bf09e10c12e5c97952762d648931c203b46e6b8fcb8f9f7e
structured,N64-R32,V2-B-N064-R032-C04-X02,cardinality_greedy,Cardinality greedy,1.0,true,true,experiments/algorithmic_compression_v2/results/raw_runs/V2-B-N064-R032-C04-X02/cardinality_greedy__mandatory_only.toml,a6926390fd294f7ad5554c3ef33e30f909a4d507686b7c87aa0e42ece6cbf415
structured,N64-R32,V2-B-N064-R032-C04-X02,declared_source_order,Declared source order,2.6005103824281606,true,true,experiments/algorithmic_compression_v2/results/raw_runs/V2-B-N064-R032-C04-X02/declared_source_order__mandatory_only.toml,ca85cc1e6cea5c823c3939784ca3c0efb228fa9528ca1618dcf3d5f1a676805c
structured,N64-R32,V2-B-N064-R032-C04-X02,heaviest_safe_first,Heaviest safe first,2.7248860291302552,true,true,experiments/algorithmic_compression_v2/results/raw_runs/V2-B-N064-R032-C04-X02/heaviest_safe_first__mandatory_only.toml,38303547e35525df230b7862f6d1df6b7c8c84dda142bdafc1c0a4ed0a8790c7
structured,N64-R32,V2-B-N064-R032-C04-X02,jump_highs_tagged_cover,HiGHS MIP,18.158147708714047,true,true,experiments/algorithmic_compression_v2/results/raw_runs/V2-B-N064-R032-C04-X02/jump_highs_tagged_cover__full_fixed_point.toml,81a7834207e38033d5d93671ad19fb7c5a40e1094e1c1ab959af95b7132dd945
structured,N64-R32,V2-B-N064-R032-C04-X02,lightest_safe_first,Lightest safe first,1.4154480651658088,true,true,experiments/algorithmic_compression_v2/results/raw_runs/V2-B-N064-R032-C04-X02/lightest_safe_first__mandatory_only.toml,6007a8d0d71fcebc1250526e56cf332f540042722eb4e1a3aab66541de4884df
structured,N64-R32,V2-B-N064-R032-C04-X02,maximum_immediate_burden_release,Maximum immediate release,1.6361641875393924,true,true,experiments/algorithmic_compression_v2/results/raw_runs/V2-B-N064-R032-C04-X02/maximum_immediate_burden_release__mandatory_only.toml,b1850b200543ea459506aa0091a5f3647af35e6d22560d77bcea9de60f2818e6
structured,N64-R32,V2-B-N064-R032-C04-X02,minimum_unique_carrier_exposure,Minimum unique-carrier exposure,3.26510273309477,true,true,experiments/algorithmic_compression_v2/results/raw_runs/V2-B-N064-R032-C04-X02/minimum_unique_carrier_exposure__mandatory_only.toml,c655db7b45b524c00be0b3716876d54c88da4b2894bf00ce88292243383bfa61
structured,N64-R32,V2-B-N064-R032-C04-X02,multistart_random_rechecked_deletion_32,32-start random deletion,13.37768527754566,true,true,experiments/algorithmic_compression_v2/results/raw_runs/V2-B-N064-R032-C04-X02/multistart_random_rechecked_deletion_32__mandatory_only.toml,01a9349a0a80abcec2a8b40d4f6330867a1f6f0fc97af616276666b87e60da20
structured,N64-R32,V2-B-N064-R032-C04-X02,random_order_rechecked_deletion,Random-order deletion,1.406552000726018,true,true,experiments/algorithmic_compression_v2/results/raw_runs/V2-B-N064-R032-C04-X02/random_order_rechecked_deletion__mandatory_only.toml,3c2cc2f3b8ad446ad8b483d1a6398b63151beb83d54c800a4a3ec0a89123ee75
structured,N64-R32,V2-B-N064-R032-C04-X02,weighted_greedy,Weighted greedy,1.0359104805610837,true,true,experiments/algorithmic_compression_v2/results/raw_runs/V2-B-N064-R032-C04-X02/weighted_greedy__mandatory_only.toml,b06685c802ce08cfd9753bc1839a80b68f4febd90794c6a87408631c29210bba
structured,N64-R32,V2-B-N064-R032-C04-X02,weighted_greedy_reverse_delete,Weighted greedy + reverse deletion,2.837517399182966,true,true,experiments/algorithmic_compression_v2/results/raw_runs/V2-B-N064-R032-C04-X02/weighted_greedy_reverse_delete__mandatory_only.toml,02bca9080e107f898a25870b0c42ef244ab2779fac6d6542e46bc13c808ccfbd
structured,N64-R32,V2-B-N064-R032-C05-X01,cardinality_greedy,Cardinality greedy,1.294962179522344,true,true,experiments/algorithmic_compression_v2/results/raw_runs/V2-B-N064-R032-C05-X01/cardinality_greedy__mandatory_only.toml,51377c08ac2526f8be40138b9346a3df8b2f0e033563b531e58e9b25ce9cdecc
structured,N64-R32,V2-B-N064-R032-C05-X01,declared_source_order,Declared source order,2.1938243918524183,true,true,experiments/algorithmic_compression_v2/results/raw_runs/V2-B-N064-R032-C05-X01/declared_source_order__mandatory_only.toml,e011fe3ae5cc47511733be7343b9574b4b56b6e6fe43757e7cad7bb808bd8380
structured,N64-R32,V2-B-N064-R032-C05-X01,heaviest_safe_first,Heaviest safe first,1.9139890522944794,true,true,experiments/algorithmic_compression_v2/results/raw_runs/V2-B-N064-R032-C05-X01/heaviest_safe_first__mandatory_only.toml,c78d206b705a15bd8191c00df7c88afb58e7aa76750397222dd8b1a25af024bb
structured,N64-R32,V2-B-N064-R032-C05-X01,jump_highs_tagged_cover,HiGHS MIP,21.65248438886612,true,true,experiments/algorithmic_compression_v2/results/raw_runs/V2-B-N064-R032-C05-X01/jump_highs_tagged_cover__full_fixed_point.toml,4a8e22f2c72b750aa71a13662c69853f818f8dcbeb3e9a7f15cd4eb37250b86c
structured,N64-R32,V2-B-N064-R032-C05-X01,lightest_safe_first,Lightest safe first,2.5270422622614563,true,true,experiments/algorithmic_compression_v2/results/raw_runs/V2-B-N064-R032-C05-X01/lightest_safe_first__mandatory_only.toml,461503e14b0d41e555d75496cbacc7f078b16103360995da5db1fa890a8127bf
structured,N64-R32,V2-B-N064-R032-C05-X01,maximum_immediate_burden_release,Maximum immediate release,1.9694492361396532,true,true,experiments/algorithmic_compression_v2/results/raw_runs/V2-B-N064-R032-C05-X01/maximum_immediate_burden_release__mandatory_only.toml,d7b66c16c2a93889d6767e55014e33e7f86f008ad83b5d3e8eb69765f9ca5cd2
structured,N64-R32,V2-B-N064-R032-C05-X01,minimum_unique_carrier_exposure,Minimum unique-carrier exposure,1.0,true,true,experiments/algorithmic_compression_v2/results/raw_runs/V2-B-N064-R032-C05-X01/minimum_unique_carrier_exposure__mandatory_only.toml,33fb2cb0f9c37b4adbd71ce0183fc5a71773a8a7facbc054ec4eabaf058c9d79
structured,N64-R32,V2-B-N064-R032-C05-X01,multistart_random_rechecked_deletion_32,32-start random deletion,10.236927578750112,true,true,experiments/algorithmic_compression_v2/results/raw_runs/V2-B-N064-R032-C05-X01/multistart_random_rechecked_deletion_32__mandatory_only.toml,564820f9d247083f032a15e1597df42355e1e7ce8e68da9a672b37d80e6c29ad
structured,N64-R32,V2-B-N064-R032-C05-X01,random_order_rechecked_deletion,Random-order deletion,2.2182935954497296,true,true,experiments/algorithmic_compression_v2/results/raw_runs/V2-B-N064-R032-C05-X01/random_order_rechecked_deletion__mandatory_only.toml,a4bb8b313b4db9062dba70fa65209398d1dcba538cf186b8a8fc1970886f3672
structured,N64-R32,V2-B-N064-R032-C05-X01,weighted_greedy,Weighted greedy,1.665132410275327,true,true,experiments/algorithmic_compression_v2/results/raw_runs/V2-B-N064-R032-C05-X01/weighted_greedy__mandatory_only.toml,7c019e59738a7e3f9568c37f67ce02caf4b0c090a0d7422e4d922775c3a9f856
structured,N64-R32,V2-B-N064-R032-C05-X01,weighted_greedy_reverse_delete,Weighted greedy + reverse deletion,2.3855769281494457,true,true,experiments/algorithmic_compression_v2/results/raw_runs/V2-B-N064-R032-C05-X01/weighted_greedy_reverse_delete__mandatory_only.toml,78e120816288d87c1e24a4e6305d7a6a6f353870af03d77955b5e0c0cc1aa350
structured,N64-R32,V2-B-N064-R032-C05-X02,cardinality_greedy,Cardinality greedy,1.4003699521608761,true,true,experiments/algorithmic_compression_v2/results/raw_runs/V2-B-N064-R032-C05-X02/cardinality_greedy__mandatory_only.toml,32fbde2d1b382da66c436e8e31251d45709f285c705635152da6cf5a9c33a218
structured,N64-R32,V2-B-N064-R032-C05-X02,declared_source_order,Declared source order,1.0,true,true,experiments/algorithmic_compression_v2/results/raw_runs/V2-B-N064-R032-C05-X02/declared_source_order__mandatory_only.toml,77191ddd0a672479eb3e5a699901c26acc11393ed426982fc1062f79b80b3fe8
structured,N64-R32,V2-B-N064-R032-C05-X02,heaviest_safe_first,Heaviest safe first,1.6848142854144543,true,true,experiments/algorithmic_compression_v2/results/raw_runs/V2-B-N064-R032-C05-X02/heaviest_safe_first__mandatory_only.toml,8b5e67352f6e4b2b5a8f425d688ba745afc1c7d2836b9d3bbdc36542969241d7
structured,N64-R32,V2-B-N064-R032-C05-X02,jump_highs_tagged_cover,HiGHS MIP,17.740521375091472,true,true,experiments/algorithmic_compression_v2/results/raw_runs/V2-B-N064-R032-C05-X02/jump_highs_tagged_cover__full_fixed_point.toml,38e93912977bddef2986410693de2848372601f70b722fc96ed421c22fde5bc0
structured,N64-R32,V2-B-N064-R032-C05-X02,lightest_safe_first,Lightest safe first,2.282627220027788,true,true,experiments/algorithmic_compression_v2/results/raw_runs/V2-B-N064-R032-C05-X02/lightest_safe_first__mandatory_only.toml,c12367e718c7afc66960e55c314bdee2f4d18e496258996e4d1e6e66e8c5f977
structured,N64-R32,V2-B-N064-R032-C05-X02,maximum_immediate_burden_release,Maximum immediate release,1.1097905337581346,true,true,experiments/algorithmic_compression_v2/results/raw_runs/V2-B-N064-R032-C05-X02/maximum_immediate_burden_release__mandatory_only.toml,772ca73856d3fdb690fff022e2ab724be29b5231412b7926addcc9ad8a3b1a27
structured,N64-R32,V2-B-N064-R032-C05-X02,minimum_unique_carrier_exposure,Minimum unique-carrier exposure,2.6910103785293424,true,true,experiments/algorithmic_compression_v2/results/raw_runs/V2-B-N064-R032-C05-X02/minimum_unique_carrier_exposure__mandatory_only.toml,bd46c3b750e0af06e6f474f6f5d1ad62655c3ab77a448db603befbd4ffe387d2
structured,N64-R32,V2-B-N064-R032-C05-X02,multistart_random_rechecked_deletion_32,32-start random deletion,10.571216024917202,true,true,experiments/algorithmic_compression_v2/results/raw_runs/V2-B-N064-R032-C05-X02/multistart_random_rechecked_deletion_32__mandatory_only.toml,3c28d003ff4e9a9c19e4549bfef8d616a63f26aeac73a5c36733d4b54a94fdd4
structured,N64-R32,V2-B-N064-R032-C05-X02,random_order_rechecked_deletion,Random-order deletion,1.8481572134374908,true,true,experiments/algorithmic_compression_v2/results/raw_runs/V2-B-N064-R032-C05-X02/random_order_rechecked_deletion__mandatory_only.toml,6ec71a364954b7ff13b6de0d46c4c6b097597826b61e0d0dce6a3bac328311f3
structured,N64-R32,V2-B-N064-R032-C05-X02,weighted_greedy,Weighted greedy,1.7365274588736048,true,true,experiments/algorithmic_compression_v2/results/raw_runs/V2-B-N064-R032-C05-X02/weighted_greedy__mandatory_only.toml,bea43fa0db027e4aeb3fe1b0f0cd21664008e59d4ff34a57ec9b3472986ee114
structured,N64-R32,V2-B-N064-R032-C05-X02,weighted_greedy_reverse_delete,Weighted greedy + reverse deletion,1.7804921595047902,true,true,experiments/algorithmic_compression_v2/results/raw_runs/V2-B-N064-R032-C05-X02/weighted_greedy_reverse_delete__mandatory_only.toml,7d6b15830da42019e87ac9ec3c7122ea6a0c8b3d3354845eb760047ab8a5dfee
structured,N64-R32,V2-B-N064-R032-C06-X01,cardinality_greedy,Cardinality greedy,1.9997090611256523,true,true,experiments/algorithmic_compression_v2/results/raw_runs/V2-B-N064-R032-C06-X01/cardinality_greedy__mandatory_only.toml,18024c33f6e3be9b04e9cb6c7ba08b17db303f6c5008abd9539b80f4f8e9e730
structured,N64-R32,V2-B-N064-R032-C06-X01,declared_source_order,Declared source order,2.284571337001229,true,true,experiments/algorithmic_compression_v2/results/raw_runs/V2-B-N064-R032-C06-X01/declared_source_order__mandatory_only.toml,a098e0b9f59b06e5121bafc5730e08f46066ab03e6a2e653c9f818292d2a31cc
structured,N64-R32,V2-B-N064-R032-C06-X01,heaviest_safe_first,Heaviest safe first,1.0,true,true,experiments/algorithmic_compression_v2/results/raw_runs/V2-B-N064-R032-C06-X01/heaviest_safe_first__mandatory_only.toml,bad64955ee245fc0f1539ed41ff459eba21af28a5c1c8619e119fd79f6b81f54
structured,N64-R32,V2-B-N064-R032-C06-X01,jump_highs_tagged_cover,HiGHS MIP,21.031689902604917,true,true,experiments/algorithmic_compression_v2/results/raw_runs/V2-B-N064-R032-C06-X01/jump_highs_tagged_cover__full_fixed_point.toml,c9198460a278274c4829912c39a56c9a0f88db011e956d19d962d52fd9078de9
structured,N64-R32,V2-B-N064-R032-C06-X01,lightest_safe_first,Lightest safe first,1.485769278706622,true,true,experiments/algorithmic_compression_v2/results/raw_runs/V2-B-N064-R032-C06-X01/lightest_safe_first__mandatory_only.toml,d29b7c59e735d3c143573e1dc94ec7703f0930c1734b5229ef5c79717aee86d9
structured,N64-R32,V2-B-N064-R032-C06-X01,maximum_immediate_burden_release,Maximum immediate release,2.1118254594661967,true,true,experiments/algorithmic_compression_v2/results/raw_runs/V2-B-N064-R032-C06-X01/maximum_immediate_burden_release__mandatory_only.toml,3c4129d847425ad16851085173e4d18aea4f7d8c0c3767b668c047c1387fcd0d
structured,N64-R32,V2-B-N064-R032-C06-X01,minimum_unique_carrier_exposure,Minimum unique-carrier exposure,2.6284961045528195,true,true,experiments/algorithmic_compression_v2/results/raw_runs/V2-B-N064-R032-C06-X01/minimum_unique_carrier_exposure__mandatory_only.toml,7578cdfd04708f65f47d1a8ae911df360a2abe822bd12fa32939a3a813d4ec33
structured,N64-R32,V2-B-N064-R032-C06-X01,multistart_random_rechecked_deletion_32,32-start random deletion,13.895332514288768,true,true,experiments/algorithmic_compression_v2/results/raw_runs/V2-B-N064-R032-C06-X01/multistart_random_rechecked_deletion_32__mandatory_only.toml,a3e764284fc1df326b47e79d7b069d140a9eaaee36c39ac06c9460d8cf1dee16
structured,N64-R32,V2-B-N064-R032-C06-X01,random_order_rechecked_deletion,Random-order deletion,2.6788756526538826,true,true,experiments/algorithmic_compression_v2/results/raw_runs/V2-B-N064-R032-C06-X01/random_order_rechecked_deletion__mandatory_only.toml,92dc51b362c31a65e7ac91afdb49c7d0fa9d70f934023e0ff0b2975a85f40a9f
structured,N64-R32,V2-B-N064-R032-C06-X01,weighted_greedy,Weighted greedy,2.468688043017645,true,true,experiments/algorithmic_compression_v2/results/raw_runs/V2-B-N064-R032-C06-X01/weighted_greedy__mandatory_only.toml,5758ae78c4881243e79a2ab6351c09dbd85193ccf1960a7a50e14549e5c12310
structured,N64-R32,V2-B-N064-R032-C06-X01,weighted_greedy_reverse_delete,Weighted greedy + reverse deletion,2.8786215123835976,true,true,experiments/algorithmic_compression_v2/results/raw_runs/V2-B-N064-R032-C06-X01/weighted_greedy_reverse_delete__mandatory_only.toml,ce234611f1a2d479a67ad83fc69ee9d8aa100007ba8539755e2e04ba96e29c75
structured,N64-R32,V2-B-N064-R032-C06-X02,cardinality_greedy,Cardinality greedy,1.6673079073936887,true,true,experiments/algorithmic_compression_v2/results/raw_runs/V2-B-N064-R032-C06-X02/cardinality_greedy__mandatory_only.toml,ada32d545cf52cfb313937a0158314c837013f6916e67c96e80a1c7e7c2c0774
structured,N64-R32,V2-B-N064-R032-C06-X02,declared_source_order,Declared source order,1.5903864261770861,true,true,experiments/algorithmic_compression_v2/results/raw_runs/V2-B-N064-R032-C06-X02/declared_source_order__mandatory_only.toml,54750ccbf8ec376702c8f17d71d1ff2cf0fb4becb3fc33a2bd45a6c5124625fe
structured,N64-R32,V2-B-N064-R032-C06-X02,heaviest_safe_first,Heaviest safe first,2.586316495980087,true,true,experiments/algorithmic_compression_v2/results/raw_runs/V2-B-N064-R032-C06-X02/heaviest_safe_first__mandatory_only.toml,a42a06a670f34e47729e4620fb02ff3c59451fb723e1cdaa2da7812025bb5865
structured,N64-R32,V2-B-N064-R032-C06-X02,jump_highs_tagged_cover,HiGHS MIP,14.045905569336519,true,true,experiments/algorithmic_compression_v2/results/raw_runs/V2-B-N064-R032-C06-X02/jump_highs_tagged_cover__full_fixed_point.toml,cf1fb978dd9eb0ea74f6ec574f38a638166c6018412eb6e499862f9f58af4284
structured,N64-R32,V2-B-N064-R032-C06-X02,lightest_safe_first,Lightest safe first,1.8714602631721988,true,true,experiments/algorithmic_compression_v2/results/raw_runs/V2-B-N064-R032-C06-X02/lightest_safe_first__mandatory_only.toml,0259d39e39ae6b00035c84df75a486eeb02c287c2e03afec708f1c5823f36efd
structured,N64-R32,V2-B-N064-R032-C06-X02,maximum_immediate_burden_release,Maximum immediate release,1.712165301830781,true,true,experiments/algorithmic_compression_v2/results/raw_runs/V2-B-N064-R032-C06-X02/maximum_immediate_burden_release__mandatory_only.toml,32cc96849138a5c920721325918ad2febc1235446db5cf632df444c66b45e0a7
structured,N64-R32,V2-B-N064-R032-C06-X02,minimum_unique_carrier_exposure,Minimum unique-carrier exposure,1.0,true,true,experiments/algorithmic_compression_v2/results/raw_runs/V2-B-N064-R032-C06-X02/minimum_unique_carrier_exposure__mandatory_only.toml,21dcda6027bdcddb383d4f2f9a377a9642f96adbe5bcaf65e6ddfff1348e15c9
structured,N64-R32,V2-B-N064-R032-C06-X02,multistart_random_rechecked_deletion_32,32-start random deletion,9.935890950786705,true,true,experiments/algorithmic_compression_v2/results/raw_runs/V2-B-N064-R032-C06-X02/multistart_random_rechecked_deletion_32__mandatory_only.toml,04b4319dd1e27a5adefe4d5cf19b00f62a059bffcbef1632bd87c673219a2cc0
structured,N64-R32,V2-B-N064-R032-C06-X02,random_order_rechecked_deletion,Random-order deletion,2.3632638878453065,true,true,experiments/algorithmic_compression_v2/results/raw_runs/V2-B-N064-R032-C06-X02/random_order_rechecked_deletion__mandatory_only.toml,5a353e65aaec6dd81d901d8c8bc1a27ae3cdb3e49553a5d79b109c110f67b88d
structured,N64-R32,V2-B-N064-R032-C06-X02,weighted_greedy,Weighted greedy,1.2447680945893134,true,true,experiments/algorithmic_compression_v2/results/raw_runs/V2-B-N064-R032-C06-X02/weighted_greedy__mandatory_only.toml,5c7eebd77947a2ee3760ce7085714a8335cec5b54785614e3399617dd29cc069
structured,N64-R32,V2-B-N064-R032-C06-X02,weighted_greedy_reverse_delete,Weighted greedy + reverse deletion,1.8553747384583739,true,true,experiments/algorithmic_compression_v2/results/raw_runs/V2-B-N064-R032-C06-X02/weighted_greedy_reverse_delete__mandatory_only.toml,a3b41545479383969bae465c296abee4fde146d5739c4fd6793589d9508b98d4
structured,N64-R32,V2-B-N064-R032-C07-X01,cardinality_greedy,Cardinality greedy,1.5380615281552104,true,true,experiments/algorithmic_compression_v2/results/raw_runs/V2-B-N064-R032-C07-X01/cardinality_greedy__mandatory_only.toml,8e4a9505d70ecc82f70104c7bdbbb67d894ff351727f25068501be401357faab
structured,N64-R32,V2-B-N064-R032-C07-X01,declared_source_order,Declared source order,1.5908644752296408,true,true,experiments/algorithmic_compression_v2/results/raw_runs/V2-B-N064-R032-C07-X01/declared_source_order__mandatory_only.toml,bfd8de38b52eeb886eb3b7a986d326525087c80a4b4d2f7909fe0a1c975ba756
structured,N64-R32,V2-B-N064-R032-C07-X01,heaviest_safe_first,Heaviest safe first,1.7458464018276372,true,true,experiments/algorithmic_compression_v2/results/raw_runs/V2-B-N064-R032-C07-X01/heaviest_safe_first__mandatory_only.toml,698d20e7eff631adc0146b7a2abd86185da746678624dd3e8fa157bfeab70849
structured,N64-R32,V2-B-N064-R032-C07-X01,jump_highs_tagged_cover,HiGHS MIP,8.407351654825858,true,true,experiments/algorithmic_compression_v2/results/raw_runs/V2-B-N064-R032-C07-X01/jump_highs_tagged_cover__full_fixed_point.toml,62c047c8d6b9ce1f3c5d5b34539f99da7a7a9f2f95c48c7b0d25c609fb2acb18
structured,N64-R32,V2-B-N064-R032-C07-X01,lightest_safe_first,Lightest safe first,1.8170373673598472,true,true,experiments/algorithmic_compression_v2/results/raw_runs/V2-B-N064-R032-C07-X01/lightest_safe_first__mandatory_only.toml,db0660a7455a8ae9c776730452094c210c26e5a617bd2dc86344d19308454424
structured,N64-R32,V2-B-N064-R032-C07-X01,maximum_immediate_burden_release,Maximum immediate release,1.8837270474735242,true,true,experiments/algorithmic_compression_v2/results/raw_runs/V2-B-N064-R032-C07-X01/maximum_immediate_burden_release__mandatory_only.toml,c6b06ed94e564dc907d60a4fa085e5539f74e98bc91b892db3b2bd60ac2c2fe9
structured,N64-R32,V2-B-N064-R032-C07-X01,minimum_unique_carrier_exposure,Minimum unique-carrier exposure,1.8606363276201485,true,true,experiments/algorithmic_compression_v2/results/raw_runs/V2-B-N064-R032-C07-X01/minimum_unique_carrier_exposure__mandatory_only.toml,910ec56d8904a92341e5afd5e2d8a186ab44b0c9236f548359296f72a03e5a26
structured,N64-R32,V2-B-N064-R032-C07-X01,multistart_random_rechecked_deletion_32,32-start random deletion,12.680259058455663,true,true,experiments/algorithmic_compression_v2/results/raw_runs/V2-B-N064-R032-C07-X01/multistart_random_rechecked_deletion_32__mandatory_only.toml,68738378ce90ecd65f7205d73dd91ccdb2b005a8eb2a7a009a6e27ba1fd7eb05
structured,N64-R32,V2-B-N064-R032-C07-X01,random_order_rechecked_deletion,Random-order deletion,1.9733669297817915,true,true,experiments/algorithmic_compression_v2/results/raw_runs/V2-B-N064-R032-C07-X01/random_order_rechecked_deletion__mandatory_only.toml,3b6b387e68b470bfab05b4d55b3ac3e161e05147dacb53cb45feb5aa8e0583c5
structured,N64-R32,V2-B-N064-R032-C07-X01,weighted_greedy,Weighted greedy,1.0,true,true,experiments/algorithmic_compression_v2/results/raw_runs/V2-B-N064-R032-C07-X01/weighted_greedy__mandatory_only.toml,ef07868e89e388173c27fdd4df424e3afb7b38bd0a49c127fe07aa5bc0e58119
structured,N64-R32,V2-B-N064-R032-C07-X01,weighted_greedy_reverse_delete,Weighted greedy + reverse deletion,1.8854773661098152,true,true,experiments/algorithmic_compression_v2/results/raw_runs/V2-B-N064-R032-C07-X01/weighted_greedy_reverse_delete__mandatory_only.toml,6124cdb5fb0ed72cda46b4a0f4e7fb222d5778cb46c999b7c96f08c39287b42d
structured,N64-R32,V2-B-N064-R032-C07-X02,cardinality_greedy,Cardinality greedy,2.098453399123027,true,true,experiments/algorithmic_compression_v2/results/raw_runs/V2-B-N064-R032-C07-X02/cardinality_greedy__mandatory_only.toml,d85dd13c1ab913722fdb7f58dab031cde5509fc22430329a1158a5b35e0b40e1
structured,N64-R32,V2-B-N064-R032-C07-X02,declared_source_order,Declared source order,2.8215229827193706,true,true,experiments/algorithmic_compression_v2/results/raw_runs/V2-B-N064-R032-C07-X02/declared_source_order__mandatory_only.toml,3dd2b883a06ff643efa54cded08efc75ea2b0b7afbfe2063ec3d7d0c502e95df
structured,N64-R32,V2-B-N064-R032-C07-X02,heaviest_safe_first,Heaviest safe first,2.576250114266521,true,true,experiments/algorithmic_compression_v2/results/raw_runs/V2-B-N064-R032-C07-X02/heaviest_safe_first__mandatory_only.toml,df7c7b196c922b1a2f1f09ed472d478bd2df60cd75f2c8d4689a2fb90ee62768
structured,N64-R32,V2-B-N064-R032-C07-X02,jump_highs_tagged_cover,HiGHS MIP,14.483966238907922,true,true,experiments/algorithmic_compression_v2/results/raw_runs/V2-B-N064-R032-C07-X02/jump_highs_tagged_cover__full_fixed_point.toml,c6c73ea32d4cb317c461c6be36e3379e5af62ea56399f64b54ea0fd392191711
structured,N64-R32,V2-B-N064-R032-C07-X02,lightest_safe_first,Lightest safe first,3.7857549218874462,true,true,experiments/algorithmic_compression_v2/results/raw_runs/V2-B-N064-R032-C07-X02/lightest_safe_first__mandatory_only.toml,8213457816bba89c02cbd8c904139dda69b6b8077913ae8ecfb08382266a1251
structured,N64-R32,V2-B-N064-R032-C07-X02,maximum_immediate_burden_release,Maximum immediate release,2.892749182277072,true,true,experiments/algorithmic_compression_v2/results/raw_runs/V2-B-N064-R032-C07-X02/maximum_immediate_burden_release__mandatory_only.toml,8139d8a98a9987bb63e698db010883e8da0fda5cf39c0e9f7fb350d726fd37ad
structured,N64-R32,V2-B-N064-R032-C07-X02,minimum_unique_carrier_exposure,Minimum unique-carrier exposure,3.175146869899891,true,true,experiments/algorithmic_compression_v2/results/raw_runs/V2-B-N064-R032-C07-X02/minimum_unique_carrier_exposure__mandatory_only.toml,ee65267e194fb10a9f6f11c506dcda33be7a8ea7350d4e7e7dccf4ae8a984231
structured,N64-R32,V2-B-N064-R032-C07-X02,multistart_random_rechecked_deletion_32,32-start random deletion,20.078285775052056,true,true,experiments/algorithmic_compression_v2/results/raw_runs/V2-B-N064-R032-C07-X02/multistart_random_rechecked_deletion_32__mandatory_only.toml,b0f3d5a3aea53bd94919f9d26f701251c719721c6d4cf94379e5ee3e34a5c482
structured,N64-R32,V2-B-N064-R032-C07-X02,random_order_rechecked_deletion,Random-order deletion,2.1407009122461207,true,true,experiments/algorithmic_compression_v2/results/raw_runs/V2-B-N064-R032-C07-X02/random_order_rechecked_deletion__mandatory_only.toml,d0521e7820c501c3e373b369bde546e3aadfa8113259d3f171dc021857b53b3e
structured,N64-R32,V2-B-N064-R032-C07-X02,weighted_greedy,Weighted greedy,2.8526770468956224,true,true,experiments/algorithmic_compression_v2/results/raw_runs/V2-B-N064-R032-C07-X02/weighted_greedy__mandatory_only.toml,ad865dab8297c9eff5c62d8f90b878bec1de95889fdd68be7fe1ee9511e970ea
structured,N64-R32,V2-B-N064-R032-C07-X02,weighted_greedy_reverse_delete,Weighted greedy + reverse deletion,1.0,true,true,experiments/algorithmic_compression_v2/results/raw_runs/V2-B-N064-R032-C07-X02/weighted_greedy_reverse_delete__mandatory_only.toml,b7fd43829a80fa667eb10ecc01ace866cd1970b98a00c14739333fbd3d90b513
structured,N64-R32,V2-B-N064-R032-C08-X01,cardinality_greedy,Cardinality greedy,1.88592002653253,true,true,experiments/algorithmic_compression_v2/results/raw_runs/V2-B-N064-R032-C08-X01/cardinality_greedy__mandatory_only.toml,1b8fb04c8631cfc27412bf4efe06896c9e0d4bf901bd67106e61c0e39c36a422
structured,N64-R32,V2-B-N064-R032-C08-X01,declared_source_order,Declared source order,2.4699344038472173,true,true,experiments/algorithmic_compression_v2/results/raw_runs/V2-B-N064-R032-C08-X01/declared_source_order__mandatory_only.toml,19faec64fe5c5f6e09616e88e997fe8012825eca199bbd5f3dfff6a88de1b5b3
structured,N64-R32,V2-B-N064-R032-C08-X01,heaviest_safe_first,Heaviest safe first,2.492537380465425,true,true,experiments/algorithmic_compression_v2/results/raw_runs/V2-B-N064-R032-C08-X01/heaviest_safe_first__mandatory_only.toml,3ea65f5cbe822852f2cd4082921cc37472908cb45abb97421f4ddeb74fcce99a
structured,N64-R32,V2-B-N064-R032-C08-X01,jump_highs_tagged_cover,HiGHS MIP,12.263430479243825,true,true,experiments/algorithmic_compression_v2/results/raw_runs/V2-B-N064-R032-C08-X01/jump_highs_tagged_cover__full_fixed_point.toml,e128f39be6d2693bdcf2099c57f4527cb7cf9550732a259c009a2c95e1757c70
structured,N64-R32,V2-B-N064-R032-C08-X01,lightest_safe_first,Lightest safe first,2.545379263169532,true,true,experiments/algorithmic_compression_v2/results/raw_runs/V2-B-N064-R032-C08-X01/lightest_safe_first__mandatory_only.toml,02114c171ee8b266e0ff013e4ba9e3379bbdbb8433828701acbcd4e4698d0a1b
structured,N64-R32,V2-B-N064-R032-C08-X01,maximum_immediate_burden_release,Maximum immediate release,2.2532061273561443,true,true,experiments/algorithmic_compression_v2/results/raw_runs/V2-B-N064-R032-C08-X01/maximum_immediate_burden_release__mandatory_only.toml,e0bbc3cc3daba31b57a0b6414eeac1d92f97849ac4bae1135edd1b258f63204c
structured,N64-R32,V2-B-N064-R032-C08-X01,minimum_unique_carrier_exposure,Minimum unique-carrier exposure,1.0,true,true,experiments/algorithmic_compression_v2/results/raw_runs/V2-B-N064-R032-C08-X01/minimum_unique_carrier_exposure__mandatory_only.toml,6eefd5db5961c989a271054858152b30187c1174137f4d766571865479ec12d5
structured,N64-R32,V2-B-N064-R032-C08-X01,multistart_random_rechecked_deletion_32,32-start random deletion,17.12650143717871,true,true,experiments/algorithmic_compression_v2/results/raw_runs/V2-B-N064-R032-C08-X01/multistart_random_rechecked_deletion_32__mandatory_only.toml,74c7d25e201aea806a74397195e92ab8cfd96eea67480841660db6587ffb2ff9
structured,N64-R32,V2-B-N064-R032-C08-X01,random_order_rechecked_deletion,Random-order deletion,1.2096532806367808,true,true,experiments/algorithmic_compression_v2/results/raw_runs/V2-B-N064-R032-C08-X01/random_order_rechecked_deletion__mandatory_only.toml,155c33dd0dcff653a65975e608a052fd9e0bedb00aad01d817457602d5975841
structured,N64-R32,V2-B-N064-R032-C08-X01,weighted_greedy,Weighted greedy,1.9662169725277765,true,true,experiments/algorithmic_compression_v2/results/raw_runs/V2-B-N064-R032-C08-X01/weighted_greedy__mandatory_only.toml,15429fa974c950519c6b4f803615f722a5a433d4b27b0be990b95077202e5638
structured,N64-R32,V2-B-N064-R032-C08-X01,weighted_greedy_reverse_delete,Weighted greedy + reverse deletion,2.281588104582389,true,true,experiments/algorithmic_compression_v2/results/raw_runs/V2-B-N064-R032-C08-X01/weighted_greedy_reverse_delete__mandatory_only.toml,bc42465aa030073fd8b864765e623a59dbb6a31d511dd0a0980fde50021e1505
structured,N64-R32,V2-B-N064-R032-C08-X02,cardinality_greedy,Cardinality greedy,1.7732489116212307,true,true,experiments/algorithmic_compression_v2/results/raw_runs/V2-B-N064-R032-C08-X02/cardinality_greedy__mandatory_only.toml,48811702df10831513a7fba3f2a186e47a2c817afeab1f62cfb1a0c3a4283da9
structured,N64-R32,V2-B-N064-R032-C08-X02,declared_source_order,Declared source order,2.6051149824590625,true,true,experiments/algorithmic_compression_v2/results/raw_runs/V2-B-N064-R032-C08-X02/declared_source_order__mandatory_only.toml,b7e2c28adb6edb74eb45f4d5be3f9e1eac3b17c304eba10dbec66c434628d927
structured,N64-R32,V2-B-N064-R032-C08-X02,heaviest_safe_first,Heaviest safe first,2.085195430249185,true,true,experiments/algorithmic_compression_v2/results/raw_runs/V2-B-N064-R032-C08-X02/heaviest_safe_first__mandatory_only.toml,43ccfa2c6b408fde14d09a8b6e1b5d19cfd2c6dedcf32e75dde52885d3553a38
structured,N64-R32,V2-B-N064-R032-C08-X02,jump_highs_tagged_cover,HiGHS MIP,17.041431300006458,true,true,experiments/algorithmic_compression_v2/results/raw_runs/V2-B-N064-R032-C08-X02/jump_highs_tagged_cover__full_fixed_point.toml,33ec6f0cc4a26c3322b881496bc18bd8a7c175d1aa0a1ce1e377c14eb17fb4fe
structured,N64-R32,V2-B-N064-R032-C08-X02,lightest_safe_first,Lightest safe first,2.924343436529206,true,true,experiments/algorithmic_compression_v2/results/raw_runs/V2-B-N064-R032-C08-X02/lightest_safe_first__mandatory_only.toml,666b0fd5c788b2470e879c7c87109ed624b4c4e0dec641499ce7e82d12a70c65
structured,N64-R32,V2-B-N064-R032-C08-X02,maximum_immediate_burden_release,Maximum immediate release,1.0,true,true,experiments/algorithmic_compression_v2/results/raw_runs/V2-B-N064-R032-C08-X02/maximum_immediate_burden_release__mandatory_only.toml,ccd2c3512521942524625d7cd3b1139704f8b76ceb232f54b8cd3613b63397c2
structured,N64-R32,V2-B-N064-R032-C08-X02,minimum_unique_carrier_exposure,Minimum unique-carrier exposure,2.480909815374532,true,true,experiments/algorithmic_compression_v2/results/raw_runs/V2-B-N064-R032-C08-X02/minimum_unique_carrier_exposure__mandatory_only.toml,35c0d157824cc8b831a3547add34413b91905815a4cdb2c411f5a8fa3ff12f73
structured,N64-R32,V2-B-N064-R032-C08-X02,multistart_random_rechecked_deletion_32,32-start random deletion,17.592866944965746,true,true,experiments/algorithmic_compression_v2/results/raw_runs/V2-B-N064-R032-C08-X02/multistart_random_rechecked_deletion_32__mandatory_only.toml,8d88fcff2d4901b7c1982d4c689b8210a79a9e3f176718ec0e39d21bb6aec0b6
structured,N64-R32,V2-B-N064-R032-C08-X02,random_order_rechecked_deletion,Random-order deletion,2.6293591249068853,true,true,experiments/algorithmic_compression_v2/results/raw_runs/V2-B-N064-R032-C08-X02/random_order_rechecked_deletion__mandatory_only.toml,a744db81dc9143c6ce23851bbdf55a49d4c3017c1dc1bd207d4e408d994f8783
structured,N64-R32,V2-B-N064-R032-C08-X02,weighted_greedy,Weighted greedy,1.2433462893153235,true,true,experiments/algorithmic_compression_v2/results/raw_runs/V2-B-N064-R032-C08-X02/weighted_greedy__mandatory_only.toml,f9569439eb69134822e66ce1dfb7569dc7194fcd8271af0803aafaeacee406b7
structured,N64-R32,V2-B-N064-R032-C08-X02,weighted_greedy_reverse_delete,Weighted greedy + reverse deletion,2.297636015626885,true,true,experiments/algorithmic_compression_v2/results/raw_runs/V2-B-N064-R032-C08-X02/weighted_greedy_reverse_delete__mandatory_only.toml,4eb35c08f2d39da8c01fa2810c5bf6638d31bde05481b5be7bde1503085f389e
structured,N64-R32,V2-B-N064-R032-C09-X01,cardinality_greedy,Cardinality greedy,,false,false,experiments/algorithmic_compression_v2/results/raw_runs/V2-B-N064-R032-C09-X01/cardinality_greedy__mandatory_only.toml,f6d8ee07b75d2794a5e80dac08bb61030a9d7dad9b561c5ac06b0149d030e7a8
structured,N64-R32,V2-B-N064-R032-C09-X01,declared_source_order,Declared source order,,false,false,experiments/algorithmic_compression_v2/results/raw_runs/V2-B-N064-R032-C09-X01/declared_source_order__mandatory_only.toml,786cd22f9a3ef3849fabb19fc3715fe5daa7aa543e9e773619ce80e3a98fb315
structured,N64-R32,V2-B-N064-R032-C09-X01,heaviest_safe_first,Heaviest safe first,,false,false,experiments/algorithmic_compression_v2/results/raw_runs/V2-B-N064-R032-C09-X01/heaviest_safe_first__mandatory_only.toml,9c5432bec40d50bd9dfdc0cd579c2bd9ae70b82418a8a92abc7ac62d4ee36f51
structured,N64-R32,V2-B-N064-R032-C09-X01,jump_highs_tagged_cover,HiGHS MIP,,false,false,experiments/algorithmic_compression_v2/results/raw_runs/V2-B-N064-R032-C09-X01/jump_highs_tagged_cover__full_fixed_point.toml,85a6dacc0b15a558aba906755540bf8660e95fa006b6b3c39223be453967244a
structured,N64-R32,V2-B-N064-R032-C09-X01,lightest_safe_first,Lightest safe first,,false,false,experiments/algorithmic_compression_v2/results/raw_runs/V2-B-N064-R032-C09-X01/lightest_safe_first__mandatory_only.toml,46bf2c5c775e1a55b10769233c3bd0d00b036c15c6fe5efa5310b25925c86763
structured,N64-R32,V2-B-N064-R032-C09-X01,maximum_immediate_burden_release,Maximum immediate release,,false,false,experiments/algorithmic_compression_v2/results/raw_runs/V2-B-N064-R032-C09-X01/maximum_immediate_burden_release__mandatory_only.toml,942a44316c6ae5d18b0eebc31c24531a0bc20597d80904f92bc3869ccb9f3e96
structured,N64-R32,V2-B-N064-R032-C09-X01,minimum_unique_carrier_exposure,Minimum unique-carrier exposure,,false,false,experiments/algorithmic_compression_v2/results/raw_runs/V2-B-N064-R032-C09-X01/minimum_unique_carrier_exposure__mandatory_only.toml,60c481e8fc974ecaf37056eca9d539668bdd14ef652d84a4d2984091cec30fbe
structured,N64-R32,V2-B-N064-R032-C09-X01,multistart_random_rechecked_deletion_32,32-start random deletion,,false,false,experiments/algorithmic_compression_v2/results/raw_runs/V2-B-N064-R032-C09-X01/multistart_random_rechecked_deletion_32__mandatory_only.toml,4090fe2571227926c025fd1c230b3c0bb499e07f44ae1d989a53eabacd935cd2
structured,N64-R32,V2-B-N064-R032-C09-X01,random_order_rechecked_deletion,Random-order deletion,,false,false,experiments/algorithmic_compression_v2/results/raw_runs/V2-B-N064-R032-C09-X01/random_order_rechecked_deletion__mandatory_only.toml,8851e6324f97fe61492b79a3e05f0556e152386ab4e7af6f718de21952beb6e5
structured,N64-R32,V2-B-N064-R032-C09-X01,weighted_greedy,Weighted greedy,,false,false,experiments/algorithmic_compression_v2/results/raw_runs/V2-B-N064-R032-C09-X01/weighted_greedy__mandatory_only.toml,3bcebfd629683e61314a4e5032b78b59c4efe2be502adf4090fd05f16654c51b
structured,N64-R32,V2-B-N064-R032-C09-X01,weighted_greedy_reverse_delete,Weighted greedy + reverse deletion,,false,false,experiments/algorithmic_compression_v2/results/raw_runs/V2-B-N064-R032-C09-X01/weighted_greedy_reverse_delete__mandatory_only.toml,a5090b2bc43ebb2d2213aea2d5c499266de4d93e811f51a2bdc32a73f338a6f3
structured,N64-R32,V2-B-N064-R032-C09-X02,cardinality_greedy,Cardinality greedy,,false,false,experiments/algorithmic_compression_v2/results/raw_runs/V2-B-N064-R032-C09-X02/cardinality_greedy__mandatory_only.toml,e559862abdc8400493d7e34371f7a5827383210b2b22b6102b233a411c889f26
structured,N64-R32,V2-B-N064-R032-C09-X02,declared_source_order,Declared source order,,false,false,experiments/algorithmic_compression_v2/results/raw_runs/V2-B-N064-R032-C09-X02/declared_source_order__mandatory_only.toml,d08e5d1e04eab60ef50fb7cae395a2dfa6ff042244fa9f02dc4a6290d0e52996
structured,N64-R32,V2-B-N064-R032-C09-X02,heaviest_safe_first,Heaviest safe first,,false,false,experiments/algorithmic_compression_v2/results/raw_runs/V2-B-N064-R032-C09-X02/heaviest_safe_first__mandatory_only.toml,e8ff032c87431a783ee33fa32cb873d3768ea4c8f549314472f35248a14f4e72
structured,N64-R32,V2-B-N064-R032-C09-X02,jump_highs_tagged_cover,HiGHS MIP,,false,false,experiments/algorithmic_compression_v2/results/raw_runs/V2-B-N064-R032-C09-X02/jump_highs_tagged_cover__full_fixed_point.toml,4efd2dc0bd88589967570ece341b2b83dccf3b7632c534c29bfb5072119ba03b
structured,N64-R32,V2-B-N064-R032-C09-X02,lightest_safe_first,Lightest safe first,,false,false,experiments/algorithmic_compression_v2/results/raw_runs/V2-B-N064-R032-C09-X02/lightest_safe_first__mandatory_only.toml,60ef502d296e0ae4fad5628607f066b9f47d631f3bee5debdad1703e8d29b5cf
structured,N64-R32,V2-B-N064-R032-C09-X02,maximum_immediate_burden_release,Maximum immediate release,,false,false,experiments/algorithmic_compression_v2/results/raw_runs/V2-B-N064-R032-C09-X02/maximum_immediate_burden_release__mandatory_only.toml,13bc13c230a9496ad948744e258a30b064736360bfde814ca6764e5bbce7b933
structured,N64-R32,V2-B-N064-R032-C09-X02,minimum_unique_carrier_exposure,Minimum unique-carrier exposure,,false,false,experiments/algorithmic_compression_v2/results/raw_runs/V2-B-N064-R032-C09-X02/minimum_unique_carrier_exposure__mandatory_only.toml,aa0ff9aced4efdc4e280b9f944036e7ab2d18eabea4d76a04e28282d301fc9ca
structured,N64-R32,V2-B-N064-R032-C09-X02,multistart_random_rechecked_deletion_32,32-start random deletion,,false,false,experiments/algorithmic_compression_v2/results/raw_runs/V2-B-N064-R032-C09-X02/multistart_random_rechecked_deletion_32__mandatory_only.toml,57e5525dd62c43680e94308418551f90924f5f2ecdb89467b178a8bdff0bda13
structured,N64-R32,V2-B-N064-R032-C09-X02,random_order_rechecked_deletion,Random-order deletion,,false,false,experiments/algorithmic_compression_v2/results/raw_runs/V2-B-N064-R032-C09-X02/random_order_rechecked_deletion__mandatory_only.toml,65d80ffcab89bb085f322fb85c3d7874a1eb6af369c71ecb1a697e48e6ce537e
structured,N64-R32,V2-B-N064-R032-C09-X02,weighted_greedy,Weighted greedy,,false,false,experiments/algorithmic_compression_v2/results/raw_runs/V2-B-N064-R032-C09-X02/weighted_greedy__mandatory_only.toml,51abbc1d2df319b793329ba0aaa37944228b4e0d1323a44d57571d822ca4acea
structured,N64-R32,V2-B-N064-R032-C09-X02,weighted_greedy_reverse_delete,Weighted greedy + reverse deletion,,false,false,experiments/algorithmic_compression_v2/results/raw_runs/V2-B-N064-R032-C09-X02/weighted_greedy_reverse_delete__mandatory_only.toml,0c92b543db776d2104523d4923a336d219a9cbd9d758222916b4b07aa1f60093
structured,N64-R32,V2-B-N064-R032-C10-X01,cardinality_greedy,Cardinality greedy,1.6472967886092174,true,true,experiments/algorithmic_compression_v2/results/raw_runs/V2-B-N064-R032-C10-X01/cardinality_greedy__mandatory_only.toml,60bd1a23fc8d4cd9388371746092f3f28af9166d3d90834c0d9e58ae3dac6629
structured,N64-R32,V2-B-N064-R032-C10-X01,declared_source_order,Declared source order,1.8068969979455252,true,true,experiments/algorithmic_compression_v2/results/raw_runs/V2-B-N064-R032-C10-X01/declared_source_order__mandatory_only.toml,04c6f80539ec2671e6e15def47905bc9afa804fab535ea45452668fd34a6cc18
structured,N64-R32,V2-B-N064-R032-C10-X01,heaviest_safe_first,Heaviest safe first,2.097906576937066,true,true,experiments/algorithmic_compression_v2/results/raw_runs/V2-B-N064-R032-C10-X01/heaviest_safe_first__mandatory_only.toml,78f4af69d8e1746b9f82e95dca5f2359a133135358ecf3a42f733c28a6af3cc9
structured,N64-R32,V2-B-N064-R032-C10-X01,jump_highs_tagged_cover,HiGHS MIP,9.21856869375008,true,true,experiments/algorithmic_compression_v2/results/raw_runs/V2-B-N064-R032-C10-X01/jump_highs_tagged_cover__full_fixed_point.toml,be7af52c6f0e6d2186c9a9c5c5bda8b36447596b9708b58a8adf580cb41e252d
structured,N64-R32,V2-B-N064-R032-C10-X01,lightest_safe_first,Lightest safe first,1.2200874566223194,true,true,experiments/algorithmic_compression_v2/results/raw_runs/V2-B-N064-R032-C10-X01/lightest_safe_first__mandatory_only.toml,6a380d72279aef6e19cf00c5bf80405588a307fba5c1e659ea24a2358a3442e8
structured,N64-R32,V2-B-N064-R032-C10-X01,maximum_immediate_burden_release,Maximum immediate release,2.0651622384344615,true,true,experiments/algorithmic_compression_v2/results/raw_runs/V2-B-N064-R032-C10-X01/maximum_immediate_burden_release__mandatory_only.toml,043f88754e7b8454652eaa55c9c098296be0e378ad684798cd3db9494d7ef2e6
structured,N64-R32,V2-B-N064-R032-C10-X01,minimum_unique_carrier_exposure,Minimum unique-carrier exposure,1.8707384716975328,true,true,experiments/algorithmic_compression_v2/results/raw_runs/V2-B-N064-R032-C10-X01/minimum_unique_carrier_exposure__mandatory_only.toml,988990aba519b8687d4235e32f987177072403e987cf6eabd98ea8956097a369
structured,N64-R32,V2-B-N064-R032-C10-X01,multistart_random_rechecked_deletion_32,32-start random deletion,10.133601687094071,true,true,experiments/algorithmic_compression_v2/results/raw_runs/V2-B-N064-R032-C10-X01/multistart_random_rechecked_deletion_32__mandatory_only.toml,3146faa96461253249eb4ff9a3c464b169d765dfdd85e9ea2aa9b81d4f4ed6ab
structured,N64-R32,V2-B-N064-R032-C10-X01,random_order_rechecked_deletion,Random-order deletion,1.9889135125366675,true,true,experiments/algorithmic_compression_v2/results/raw_runs/V2-B-N064-R032-C10-X01/random_order_rechecked_deletion__mandatory_only.toml,3448447b429359bdfd2f8b3ff7275d55b8964af742fa73f2caa620b48cf2041b
structured,N64-R32,V2-B-N064-R032-C10-X01,weighted_greedy,Weighted greedy,1.8154638774137155,true,true,experiments/algorithmic_compression_v2/results/raw_runs/V2-B-N064-R032-C10-X01/weighted_greedy__mandatory_only.toml,83cb9880c083cce911838907781beef9b5bd715f79bb98ca37a821ab72cc2839
structured,N64-R32,V2-B-N064-R032-C10-X01,weighted_greedy_reverse_delete,Weighted greedy + reverse deletion,1.0,true,true,experiments/algorithmic_compression_v2/results/raw_runs/V2-B-N064-R032-C10-X01/weighted_greedy_reverse_delete__mandatory_only.toml,2f1b2ff659a07b02b32ddb814016d3281c18028536a05c194364d718be16d17f
structured,N64-R32,V2-B-N064-R032-C10-X02,cardinality_greedy,Cardinality greedy,1.0,true,true,experiments/algorithmic_compression_v2/results/raw_runs/V2-B-N064-R032-C10-X02/cardinality_greedy__mandatory_only.toml,6c5dc2b490e6ef255d1ed68c946f4773d38bff2c61b7440967b81f1a7f7f9f2c
structured,N64-R32,V2-B-N064-R032-C10-X02,declared_source_order,Declared source order,1.6965315285797582,true,true,experiments/algorithmic_compression_v2/results/raw_runs/V2-B-N064-R032-C10-X02/declared_source_order__mandatory_only.toml,9d5ebe9f5d6b8e5c942aed932b989db3e02603511b409356e56428b0572b0b50
structured,N64-R32,V2-B-N064-R032-C10-X02,heaviest_safe_first,Heaviest safe first,1.1872869357857452,true,true,experiments/algorithmic_compression_v2/results/raw_runs/V2-B-N064-R032-C10-X02/heaviest_safe_first__mandatory_only.toml,15c11bc2d0526878e9b3b7543383a7daa272189e90db33db1ca1e3a19a64d8f0
structured,N64-R32,V2-B-N064-R032-C10-X02,jump_highs_tagged_cover,HiGHS MIP,11.0037858138167,true,true,experiments/algorithmic_compression_v2/results/raw_runs/V2-B-N064-R032-C10-X02/jump_highs_tagged_cover__full_fixed_point.toml,3ba8152b9f7bec1f0871af798f9c8a822e48996b6ea2f63963fb36a61dd9d89f
structured,N64-R32,V2-B-N064-R032-C10-X02,lightest_safe_first,Lightest safe first,1.1422231300565107,true,true,experiments/algorithmic_compression_v2/results/raw_runs/V2-B-N064-R032-C10-X02/lightest_safe_first__mandatory_only.toml,dbe5707b9a4a86b3df3faeeff0a956bf2d1a296b47521335c9877dae02d0b26a
structured,N64-R32,V2-B-N064-R032-C10-X02,maximum_immediate_burden_release,Maximum immediate release,1.1416333011983608,true,true,experiments/algorithmic_compression_v2/results/raw_runs/V2-B-N064-R032-C10-X02/maximum_immediate_burden_release__mandatory_only.toml,5fd87ccbc72d03d9c7c9aee8368c66c26015c6d00692840b7aa1d817904e682e
structured,N64-R32,V2-B-N064-R032-C10-X02,minimum_unique_carrier_exposure,Minimum unique-carrier exposure,1.0315244150028011,true,true,experiments/algorithmic_compression_v2/results/raw_runs/V2-B-N064-R032-C10-X02/minimum_unique_carrier_exposure__mandatory_only.toml,36e138948685ba500e2d79ced8492ace1be1e3382826a582a25d779f44de11f2
structured,N64-R32,V2-B-N064-R032-C10-X02,multistart_random_rechecked_deletion_32,32-start random deletion,9.2493503961575,true,true,experiments/algorithmic_compression_v2/results/raw_runs/V2-B-N064-R032-C10-X02/multistart_random_rechecked_deletion_32__mandatory_only.toml,3f6725d49de5e07a228a8970142c464aa08a3096277d514cff1f63d251d8b70e
structured,N64-R32,V2-B-N064-R032-C10-X02,random_order_rechecked_deletion,Random-order deletion,1.8197621618473063,true,true,experiments/algorithmic_compression_v2/results/raw_runs/V2-B-N064-R032-C10-X02/random_order_rechecked_deletion__mandatory_only.toml,4217cf36e21a4f192de83b3c9d9017807218a2d13153d038850c46e1517a8618
structured,N64-R32,V2-B-N064-R032-C10-X02,weighted_greedy,Weighted greedy,1.4712014831283524,true,true,experiments/algorithmic_compression_v2/results/raw_runs/V2-B-N064-R032-C10-X02/weighted_greedy__mandatory_only.toml,4807f44085ae94d9ee5670465660070dd2416a7113d0468f92741dc6433c47ac
structured,N64-R32,V2-B-N064-R032-C10-X02,weighted_greedy_reverse_delete,Weighted greedy + reverse deletion,1.6080620281713311,true,true,experiments/algorithmic_compression_v2/results/raw_runs/V2-B-N064-R032-C10-X02/weighted_greedy_reverse_delete__mandatory_only.toml,9e035012a1a1729f6412e7fc9dcf4be0de67def332b07621c71e858f6c4f8132
structured,N64-R32,V2-B-N064-R032-C11-X01,cardinality_greedy,Cardinality greedy,1.1213621244696925,true,true,experiments/algorithmic_compression_v2/results/raw_runs/V2-B-N064-R032-C11-X01/cardinality_greedy__mandatory_only.toml,75fa60944c7df4661d50dc5a2165c8703c5be8f265e7ec9b59fa1e965842dadc
structured,N64-R32,V2-B-N064-R032-C11-X01,declared_source_order,Declared source order,1.6050692663721522,true,true,experiments/algorithmic_compression_v2/results/raw_runs/V2-B-N064-R032-C11-X01/declared_source_order__mandatory_only.toml,d29b0a0dbe913579f23acb5aa8d6ecac353eefc4f9475ecdacf9498ee72a6c10
structured,N64-R32,V2-B-N064-R032-C11-X01,heaviest_safe_first,Heaviest safe first,1.739993825286408,true,true,experiments/algorithmic_compression_v2/results/raw_runs/V2-B-N064-R032-C11-X01/heaviest_safe_first__mandatory_only.toml,b7ef3d2fe535fc2f9e8fdd6de84fac811d6be67a90f241b8a226cf93f4d0a92e
structured,N64-R32,V2-B-N064-R032-C11-X01,jump_highs_tagged_cover,HiGHS MIP,13.2610085194407,true,true,experiments/algorithmic_compression_v2/results/raw_runs/V2-B-N064-R032-C11-X01/jump_highs_tagged_cover__full_fixed_point.toml,0e48c393b60f5a0c710c1056b55e7c584e556e428e3a7ce6168f9854dcc0034a
structured,N64-R32,V2-B-N064-R032-C11-X01,lightest_safe_first,Lightest safe first,1.4616598614407015,true,true,experiments/algorithmic_compression_v2/results/raw_runs/V2-B-N064-R032-C11-X01/lightest_safe_first__mandatory_only.toml,bf1e85d8ba524300634d938bc6fde31ae6a1b630754108c43fac2819e08e8787
structured,N64-R32,V2-B-N064-R032-C11-X01,maximum_immediate_burden_release,Maximum immediate release,1.0,true,true,experiments/algorithmic_compression_v2/results/raw_runs/V2-B-N064-R032-C11-X01/maximum_immediate_burden_release__mandatory_only.toml,f8419470acff6ab363320c456ae9996e5baa28709aa53ec3435a975d2d780185
structured,N64-R32,V2-B-N064-R032-C11-X01,minimum_unique_carrier_exposure,Minimum unique-carrier exposure,1.9407497603492396,true,true,experiments/algorithmic_compression_v2/results/raw_runs/V2-B-N064-R032-C11-X01/minimum_unique_carrier_exposure__mandatory_only.toml,837cfc4b4ff6681cf7835fcf2b8e2d2293e7b885e556719682bd9c42e0e1f656
structured,N64-R32,V2-B-N064-R032-C11-X01,multistart_random_rechecked_deletion_32,32-start random deletion,10.180380458306079,true,true,experiments/algorithmic_compression_v2/results/raw_runs/V2-B-N064-R032-C11-X01/multistart_random_rechecked_deletion_32__mandatory_only.toml,c01de06cd10b1724e73f622272e65e73bcd40d04754be6d5419d38d54af71f3f
structured,N64-R32,V2-B-N064-R032-C11-X01,random_order_rechecked_deletion,Random-order deletion,1.0900809528319506,true,true,experiments/algorithmic_compression_v2/results/raw_runs/V2-B-N064-R032-C11-X01/random_order_rechecked_deletion__mandatory_only.toml,3ca030ebed2463af65e78463f83752ebcc0eb10d3923c0484e8c42b3da45a153
structured,N64-R32,V2-B-N064-R032-C11-X01,weighted_greedy,Weighted greedy,1.957890655523386,true,true,experiments/algorithmic_compression_v2/results/raw_runs/V2-B-N064-R032-C11-X01/weighted_greedy__mandatory_only.toml,bc9edbe913d73ddae52d5d6ac05a5f377f348147408a0111bf20af81ed4f48c3
structured,N64-R32,V2-B-N064-R032-C11-X01,weighted_greedy_reverse_delete,Weighted greedy + reverse deletion,1.1799758021330025,true,true,experiments/algorithmic_compression_v2/results/raw_runs/V2-B-N064-R032-C11-X01/weighted_greedy_reverse_delete__mandatory_only.toml,df36bb4801bd4af2912ba94ef5e014e4629aa7d337f9d875860eccd68aae35d5
structured,N64-R32,V2-B-N064-R032-C11-X02,cardinality_greedy,Cardinality greedy,1.0,true,true,experiments/algorithmic_compression_v2/results/raw_runs/V2-B-N064-R032-C11-X02/cardinality_greedy__mandatory_only.toml,0d6c235f31e3a40f8ec91d333c58b6677ab6fdeac213047f418de96500e31080
structured,N64-R32,V2-B-N064-R032-C11-X02,declared_source_order,Declared source order,4.722562595295688,true,true,experiments/algorithmic_compression_v2/results/raw_runs/V2-B-N064-R032-C11-X02/declared_source_order__mandatory_only.toml,7233c629baaa01b0f05b282b542a6b6930cb816547cea210a6ef24774c611e7e
structured,N64-R32,V2-B-N064-R032-C11-X02,heaviest_safe_first,Heaviest safe first,2.9849972419155772,true,true,experiments/algorithmic_compression_v2/results/raw_runs/V2-B-N064-R032-C11-X02/heaviest_safe_first__mandatory_only.toml,f67770d647cd31cd3a334afd37f7cf15c240115d800e8e0f2c3f39e4501163e2
structured,N64-R32,V2-B-N064-R032-C11-X02,jump_highs_tagged_cover,HiGHS MIP,31.215535904240287,true,true,experiments/algorithmic_compression_v2/results/raw_runs/V2-B-N064-R032-C11-X02/jump_highs_tagged_cover__full_fixed_point.toml,b64b32ca0833cee5d4af98cb0a06f1436c3552da28a70ed42abd5fb33afbd4aa
structured,N64-R32,V2-B-N064-R032-C11-X02,lightest_safe_first,Lightest safe first,4.19337236227191,true,true,experiments/algorithmic_compression_v2/results/raw_runs/V2-B-N064-R032-C11-X02/lightest_safe_first__mandatory_only.toml,9fd7a64273a9c5474d2c704889ab563709b3470e996e4eb759bb0ab0a94733a7
structured,N64-R32,V2-B-N064-R032-C11-X02,maximum_immediate_burden_release,Maximum immediate release,4.237931386235324,true,true,experiments/algorithmic_compression_v2/results/raw_runs/V2-B-N064-R032-C11-X02/maximum_immediate_burden_release__mandatory_only.toml,27d7f63e88eccc2bed75fae1f954959d5935dfaa9ded3528ef422426367e1d31
structured,N64-R32,V2-B-N064-R032-C11-X02,minimum_unique_carrier_exposure,Minimum unique-carrier exposure,4.9731964502383645,true,true,experiments/algorithmic_compression_v2/results/raw_runs/V2-B-N064-R032-C11-X02/minimum_unique_carrier_exposure__mandatory_only.toml,6e9752de44e972bed10a8b72292ef7c7e31e34323f6f647a2b2d37947f769311
structured,N64-R32,V2-B-N064-R032-C11-X02,multistart_random_rechecked_deletion_32,32-start random deletion,20.60337713738496,true,true,experiments/algorithmic_compression_v2/results/raw_runs/V2-B-N064-R032-C11-X02/multistart_random_rechecked_deletion_32__mandatory_only.toml,ee87c3d0a4d55b47d9ad615c176befb747d8654baef91e5d958f4d44dcfd853d
structured,N64-R32,V2-B-N064-R032-C11-X02,random_order_rechecked_deletion,Random-order deletion,2.7571502751561043,true,true,experiments/algorithmic_compression_v2/results/raw_runs/V2-B-N064-R032-C11-X02/random_order_rechecked_deletion__mandatory_only.toml,fbb2e575904e5c1f8583ea2df4fe0a69f827b204508131e463918a6d356112dc
structured,N64-R32,V2-B-N064-R032-C11-X02,weighted_greedy,Weighted greedy,3.346693647360076,true,true,experiments/algorithmic_compression_v2/results/raw_runs/V2-B-N064-R032-C11-X02/weighted_greedy__mandatory_only.toml,783f2b131be60a7117835d712c83efdea44d8414bd8c2007997c1fc32de69eb0
structured,N64-R32,V2-B-N064-R032-C11-X02,weighted_greedy_reverse_delete,Weighted greedy + reverse deletion,2.469810096624282,true,true,experiments/algorithmic_compression_v2/results/raw_runs/V2-B-N064-R032-C11-X02/weighted_greedy_reverse_delete__mandatory_only.toml,b3ee170b920302471c94f5658adb036d4a4a570fd8127f6ea89f6aa92af7893a
structured,N64-R32,V2-B-N064-R032-C12-X01,cardinality_greedy,Cardinality greedy,1.0,true,true,experiments/algorithmic_compression_v2/results/raw_runs/V2-B-N064-R032-C12-X01/cardinality_greedy__mandatory_only.toml,85ac919276f0e0317bbb9f61b5aedd58bf2173ec6429833bf5dabd6b1f3401fe
structured,N64-R32,V2-B-N064-R032-C12-X01,declared_source_order,Declared source order,2.677569373857372,true,true,experiments/algorithmic_compression_v2/results/raw_runs/V2-B-N064-R032-C12-X01/declared_source_order__mandatory_only.toml,cf573f1fc80f4d031302e5985a3a50f6a61fbaf2b566a3fe1efd51bde302e474
structured,N64-R32,V2-B-N064-R032-C12-X01,heaviest_safe_first,Heaviest safe first,1.3021364243496456,true,true,experiments/algorithmic_compression_v2/results/raw_runs/V2-B-N064-R032-C12-X01/heaviest_safe_first__mandatory_only.toml,6f4262882730c5afcc9575ecec1299115239591ea51e906f4cc605ad968eb8ea
structured,N64-R32,V2-B-N064-R032-C12-X01,jump_highs_tagged_cover,HiGHS MIP,20.65537406529409,true,true,experiments/algorithmic_compression_v2/results/raw_runs/V2-B-N064-R032-C12-X01/jump_highs_tagged_cover__full_fixed_point.toml,3215a391590cdd7369f3ce63077ada1983e423e70b867ce7ed6e33eca5e573d2
structured,N64-R32,V2-B-N064-R032-C12-X01,lightest_safe_first,Lightest safe first,1.8319124628711903,true,true,experiments/algorithmic_compression_v2/results/raw_runs/V2-B-N064-R032-C12-X01/lightest_safe_first__mandatory_only.toml,7bd68a11b4811eafe1ad32432e2cdf02645c92bb4127e44245b332331964e7f5
structured,N64-R32,V2-B-N064-R032-C12-X01,maximum_immediate_burden_release,Maximum immediate release,2.599838564053172,true,true,experiments/algorithmic_compression_v2/results/raw_runs/V2-B-N064-R032-C12-X01/maximum_immediate_burden_release__mandatory_only.toml,46cc953a0a5da97438f5ac7761483664be74ee47c4db3b3d14afbe8e965705a6
structured,N64-R32,V2-B-N064-R032-C12-X01,minimum_unique_carrier_exposure,Minimum unique-carrier exposure,2.0684220914401403,true,true,experiments/algorithmic_compression_v2/results/raw_runs/V2-B-N064-R032-C12-X01/minimum_unique_carrier_exposure__mandatory_only.toml,82912ebbed74a92b3e90da442fd34d014fc8349e4a7075c5c4552235093f644f
structured,N64-R32,V2-B-N064-R032-C12-X01,multistart_random_rechecked_deletion_32,32-start random deletion,12.896203499382741,true,true,experiments/algorithmic_compression_v2/results/raw_runs/V2-B-N064-R032-C12-X01/multistart_random_rechecked_deletion_32__mandatory_only.toml,6f7c3a84bfb1c07bb7e20171236ef9a21f381a7b87b04552f2e2264afe1c7b5f
structured,N64-R32,V2-B-N064-R032-C12-X01,random_order_rechecked_deletion,Random-order deletion,1.7821191742979163,true,true,experiments/algorithmic_compression_v2/results/raw_runs/V2-B-N064-R032-C12-X01/random_order_rechecked_deletion__mandatory_only.toml,73932d76b55a5ccef3785514edec7f7dac4db318cfffce1c3c5d115c764f6dbc
structured,N64-R32,V2-B-N064-R032-C12-X01,weighted_greedy,Weighted greedy,1.4784814872381842,true,true,experiments/algorithmic_compression_v2/results/raw_runs/V2-B-N064-R032-C12-X01/weighted_greedy__mandatory_only.toml,0fc5f8d285e2fdf2729a7ed2e08df783cbe998620c6bc2bb82fb28413f5a28fc
structured,N64-R32,V2-B-N064-R032-C12-X01,weighted_greedy_reverse_delete,Weighted greedy + reverse deletion,1.7655648258788885,true,true,experiments/algorithmic_compression_v2/results/raw_runs/V2-B-N064-R032-C12-X01/weighted_greedy_reverse_delete__mandatory_only.toml,5b10ac89984b765696f82bf0fa6e58a641160f957b38c409e90ddfaad20a8233
structured,N64-R32,V2-B-N064-R032-C12-X02,cardinality_greedy,Cardinality greedy,2.0836205834586488,true,true,experiments/algorithmic_compression_v2/results/raw_runs/V2-B-N064-R032-C12-X02/cardinality_greedy__mandatory_only.toml,158baf31327b3a9196018a698424e1c51a7409b4aec3d453ad34c57fcc8947d9
structured,N64-R32,V2-B-N064-R032-C12-X02,declared_source_order,Declared source order,1.6009412805765446,true,true,experiments/algorithmic_compression_v2/results/raw_runs/V2-B-N064-R032-C12-X02/declared_source_order__mandatory_only.toml,8b029ce14a6cb873fe16b14b76b8cbf09667b240133225393707f9a444da7864
structured,N64-R32,V2-B-N064-R032-C12-X02,heaviest_safe_first,Heaviest safe first,1.4409939230993158,true,true,experiments/algorithmic_compression_v2/results/raw_runs/V2-B-N064-R032-C12-X02/heaviest_safe_first__mandatory_only.toml,9b2076c03d7b1769a7640d18a11a4d0c6eafeb079572a143c4b742b3f53332e0
structured,N64-R32,V2-B-N064-R032-C12-X02,jump_highs_tagged_cover,HiGHS MIP,14.090557746083247,true,true,experiments/algorithmic_compression_v2/results/raw_runs/V2-B-N064-R032-C12-X02/jump_highs_tagged_cover__full_fixed_point.toml,67cdea36683525483ab40c6df5e13649a5bcbd40160a597e62f207740b84055b
structured,N64-R32,V2-B-N064-R032-C12-X02,lightest_safe_first,Lightest safe first,1.3617034120942069,true,true,experiments/algorithmic_compression_v2/results/raw_runs/V2-B-N064-R032-C12-X02/lightest_safe_first__mandatory_only.toml,d7f34f2c0ae8711fd9dd6ea09c2562f05781bad131251a96f9a1f7bb5b2ba108
structured,N64-R32,V2-B-N064-R032-C12-X02,maximum_immediate_burden_release,Maximum immediate release,1.004871319892508,true,true,experiments/algorithmic_compression_v2/results/raw_runs/V2-B-N064-R032-C12-X02/maximum_immediate_burden_release__mandatory_only.toml,f0c10fc5f05f886f24a9c3fbb528b49491df169756dc0e3bfa3a4f8dfee73f02
structured,N64-R32,V2-B-N064-R032-C12-X02,minimum_unique_carrier_exposure,Minimum unique-carrier exposure,2.067971130114298,true,true,experiments/algorithmic_compression_v2/results/raw_runs/V2-B-N064-R032-C12-X02/minimum_unique_carrier_exposure__mandatory_only.toml,f398bb5c049f8f21b937f3786dd4ecf47f6928aaa85c441c289d35f15d5c9c7d
structured,N64-R32,V2-B-N064-R032-C12-X02,multistart_random_rechecked_deletion_32,32-start random deletion,10.351883103951382,true,true,experiments/algorithmic_compression_v2/results/raw_runs/V2-B-N064-R032-C12-X02/multistart_random_rechecked_deletion_32__mandatory_only.toml,a0435575825adc9205970fed06d082b2b437067502f3ee9e28017ce21e71eeda
structured,N64-R32,V2-B-N064-R032-C12-X02,random_order_rechecked_deletion,Random-order deletion,1.4594187987797822,true,true,experiments/algorithmic_compression_v2/results/raw_runs/V2-B-N064-R032-C12-X02/random_order_rechecked_deletion__mandatory_only.toml,8d96f725286b4312d3cc31ba3453ed3f63e951b4c68c7ee50f3c1bf816b5e6b5
structured,N64-R32,V2-B-N064-R032-C12-X02,weighted_greedy,Weighted greedy,1.4334735343262042,true,true,experiments/algorithmic_compression_v2/results/raw_runs/V2-B-N064-R032-C12-X02/weighted_greedy__mandatory_only.toml,6cde4df08f4de2247e978d79daa039975b08cfe9f8f5dfdc7e0035f288570cbd
structured,N64-R32,V2-B-N064-R032-C12-X02,weighted_greedy_reverse_delete,Weighted greedy + reverse deletion,1.0,true,true,experiments/algorithmic_compression_v2/results/raw_runs/V2-B-N064-R032-C12-X02/weighted_greedy_reverse_delete__mandatory_only.toml,d7041a41c8ddba9645b0b4abf671cf921e120b75a9ecdd67069e9ef400f5121c
structured,N64-R32,V2-B-N064-R032-C13-X01,cardinality_greedy,Cardinality greedy,,false,false,experiments/algorithmic_compression_v2/results/raw_runs/V2-B-N064-R032-C13-X01/cardinality_greedy__mandatory_only.toml,87f4282b018a0802a1cefaf8b2ae0194e4607453c28cf2b5b321af18ce6d6b04
structured,N64-R32,V2-B-N064-R032-C13-X01,declared_source_order,Declared source order,,false,false,experiments/algorithmic_compression_v2/results/raw_runs/V2-B-N064-R032-C13-X01/declared_source_order__mandatory_only.toml,99ea2a5ed1fed1bc2cab28c24f093a97f7bc99cac092dc8930fa080745f6e6ef
structured,N64-R32,V2-B-N064-R032-C13-X01,heaviest_safe_first,Heaviest safe first,,false,false,experiments/algorithmic_compression_v2/results/raw_runs/V2-B-N064-R032-C13-X01/heaviest_safe_first__mandatory_only.toml,394515897a659d9e51f58f3f7ebb7374a8549eb59551f0d017a8cb91a6d1eb58
structured,N64-R32,V2-B-N064-R032-C13-X01,jump_highs_tagged_cover,HiGHS MIP,,false,false,experiments/algorithmic_compression_v2/results/raw_runs/V2-B-N064-R032-C13-X01/jump_highs_tagged_cover__full_fixed_point.toml,629410887e41fbe37a5f54a84f34f173fa36c280c5f8f0199a2e6697e097c161
structured,N64-R32,V2-B-N064-R032-C13-X01,lightest_safe_first,Lightest safe first,,false,false,experiments/algorithmic_compression_v2/results/raw_runs/V2-B-N064-R032-C13-X01/lightest_safe_first__mandatory_only.toml,1faf4f4e07838a3ed42897eb903ba9e089be163c309b7e2ac0677ed7a0f8a029
structured,N64-R32,V2-B-N064-R032-C13-X01,maximum_immediate_burden_release,Maximum immediate release,,false,false,experiments/algorithmic_compression_v2/results/raw_runs/V2-B-N064-R032-C13-X01/maximum_immediate_burden_release__mandatory_only.toml,0cc70cd7c521783a1bd1dcb0a560e530c03695b7b0b83dc81fd5aaf93fbd8acc
structured,N64-R32,V2-B-N064-R032-C13-X01,minimum_unique_carrier_exposure,Minimum unique-carrier exposure,,false,false,experiments/algorithmic_compression_v2/results/raw_runs/V2-B-N064-R032-C13-X01/minimum_unique_carrier_exposure__mandatory_only.toml,cf5abad9551e79fb0016680d4fee7043d4ba5b449156e7e59f3cf959a7d4c661
structured,N64-R32,V2-B-N064-R032-C13-X01,multistart_random_rechecked_deletion_32,32-start random deletion,,false,false,experiments/algorithmic_compression_v2/results/raw_runs/V2-B-N064-R032-C13-X01/multistart_random_rechecked_deletion_32__mandatory_only.toml,1fa7ba3db34924135ed9ebb0ab2ee0612ab3980bb07f9f0bb934e0cec5ac263a
structured,N64-R32,V2-B-N064-R032-C13-X01,random_order_rechecked_deletion,Random-order deletion,,false,false,experiments/algorithmic_compression_v2/results/raw_runs/V2-B-N064-R032-C13-X01/random_order_rechecked_deletion__mandatory_only.toml,264483289806894d805f928f1f5e19b9a6500b85ca62c38f9ca8edbccf6ccc8f
structured,N64-R32,V2-B-N064-R032-C13-X01,weighted_greedy,Weighted greedy,,false,false,experiments/algorithmic_compression_v2/results/raw_runs/V2-B-N064-R032-C13-X01/weighted_greedy__mandatory_only.toml,316131b2a6614a0b079e375290f8b0ef026c4f09c226b1618d1d5c2973c8f124
structured,N64-R32,V2-B-N064-R032-C13-X01,weighted_greedy_reverse_delete,Weighted greedy + reverse deletion,,false,false,experiments/algorithmic_compression_v2/results/raw_runs/V2-B-N064-R032-C13-X01/weighted_greedy_reverse_delete__mandatory_only.toml,3d6347e21eaeac57b52618b8053a07afa918aee5706565a9a4dc24756acacce3
structured,N64-R32,V2-B-N064-R032-C13-X02,cardinality_greedy,Cardinality greedy,,false,false,experiments/algorithmic_compression_v2/results/raw_runs/V2-B-N064-R032-C13-X02/cardinality_greedy__mandatory_only.toml,0246bf43e77eb0af397854aab5d8ea0a529a15a8cb3cd2ae5d401cdba7fdcc38
structured,N64-R32,V2-B-N064-R032-C13-X02,declared_source_order,Declared source order,,false,false,experiments/algorithmic_compression_v2/results/raw_runs/V2-B-N064-R032-C13-X02/declared_source_order__mandatory_only.toml,f0100151938de50706d3b5954652c803445544808977b24af77f6c298e4bb32f
structured,N64-R32,V2-B-N064-R032-C13-X02,heaviest_safe_first,Heaviest safe first,,false,false,experiments/algorithmic_compression_v2/results/raw_runs/V2-B-N064-R032-C13-X02/heaviest_safe_first__mandatory_only.toml,db87263b87e4ef5f031773d34bbe479e24d0c7d5c843dc3f46da21b73ed8d34e
structured,N64-R32,V2-B-N064-R032-C13-X02,jump_highs_tagged_cover,HiGHS MIP,,false,false,experiments/algorithmic_compression_v2/results/raw_runs/V2-B-N064-R032-C13-X02/jump_highs_tagged_cover__full_fixed_point.toml,a5a961e01321cfe7e1753ad06d575e827cee8232e34b2b75d84789ba6a67b1dd
structured,N64-R32,V2-B-N064-R032-C13-X02,lightest_safe_first,Lightest safe first,,false,false,experiments/algorithmic_compression_v2/results/raw_runs/V2-B-N064-R032-C13-X02/lightest_safe_first__mandatory_only.toml,41b6710fb253d0eb07ab402e720ce46c29c2a139bebed009e12b98326f668a7e
structured,N64-R32,V2-B-N064-R032-C13-X02,maximum_immediate_burden_release,Maximum immediate release,,false,false,experiments/algorithmic_compression_v2/results/raw_runs/V2-B-N064-R032-C13-X02/maximum_immediate_burden_release__mandatory_only.toml,6bd2d2d126b5c062728535c146e11c702b151d40e10b57a4c32a468b6451dfc4
structured,N64-R32,V2-B-N064-R032-C13-X02,minimum_unique_carrier_exposure,Minimum unique-carrier exposure,,false,false,experiments/algorithmic_compression_v2/results/raw_runs/V2-B-N064-R032-C13-X02/minimum_unique_carrier_exposure__mandatory_only.toml,d91eeced8d28034eb17de221a574f76a1657b974d054f346962b03f180f6e0a0
structured,N64-R32,V2-B-N064-R032-C13-X02,multistart_random_rechecked_deletion_32,32-start random deletion,,false,false,experiments/algorithmic_compression_v2/results/raw_runs/V2-B-N064-R032-C13-X02/multistart_random_rechecked_deletion_32__mandatory_only.toml,75230b618af8ca3005949c5819d90063da2a3201f5df77e66b4ad96dc3eb45a2
structured,N64-R32,V2-B-N064-R032-C13-X02,random_order_rechecked_deletion,Random-order deletion,,false,false,experiments/algorithmic_compression_v2/results/raw_runs/V2-B-N064-R032-C13-X02/random_order_rechecked_deletion__mandatory_only.toml,c1167a54deff652b9903d22da92ba0b6bd659394d16d920a280346d482f660c9
structured,N64-R32,V2-B-N064-R032-C13-X02,weighted_greedy,Weighted greedy,,false,false,experiments/algorithmic_compression_v2/results/raw_runs/V2-B-N064-R032-C13-X02/weighted_greedy__mandatory_only.toml,fcc8048ede3cec1d5fdf3f685ec61893d82da883e4dcb689d8abc3e99d380801
structured,N64-R32,V2-B-N064-R032-C13-X02,weighted_greedy_reverse_delete,Weighted greedy + reverse deletion,,false,false,experiments/algorithmic_compression_v2/results/raw_runs/V2-B-N064-R032-C13-X02/weighted_greedy_reverse_delete__mandatory_only.toml,388f1dd190678c86a0c2798bbc733f892f5826013566cedd29c395ea966dcc27
structured,N64-R32,V2-B-N064-R032-C14-X01,cardinality_greedy,Cardinality greedy,1.2227478455049725,true,true,experiments/algorithmic_compression_v2/results/raw_runs/V2-B-N064-R032-C14-X01/cardinality_greedy__mandatory_only.toml,eed6519e845e8b5adeb7310c84e0ba9f09a46dcd0bc5c1feef9e2fed39e79309
structured,N64-R32,V2-B-N064-R032-C14-X01,declared_source_order,Declared source order,1.0,true,true,experiments/algorithmic_compression_v2/results/raw_runs/V2-B-N064-R032-C14-X01/declared_source_order__mandatory_only.toml,0f6807c5c1b7d2a8750e38a03a44c91d96438218d2074a66ec3e51f1072c91f2
structured,N64-R32,V2-B-N064-R032-C14-X01,heaviest_safe_first,Heaviest safe first,1.69435322124844,true,true,experiments/algorithmic_compression_v2/results/raw_runs/V2-B-N064-R032-C14-X01/heaviest_safe_first__mandatory_only.toml,930ff8861b7151b161f4b57d5bc8c88902487ccb0c50bf583551a29cc9a25f4e
structured,N64-R32,V2-B-N064-R032-C14-X01,jump_highs_tagged_cover,HiGHS MIP,12.71829434624363,true,true,experiments/algorithmic_compression_v2/results/raw_runs/V2-B-N064-R032-C14-X01/jump_highs_tagged_cover__full_fixed_point.toml,64dffaf294ae62fbd0aa5ef8d007a2d144dbf3fd1dd11c5408abe84dabc8f062
structured,N64-R32,V2-B-N064-R032-C14-X01,lightest_safe_first,Lightest safe first,1.3869620111483993,true,true,experiments/algorithmic_compression_v2/results/raw_runs/V2-B-N064-R032-C14-X01/lightest_safe_first__mandatory_only.toml,815da8ddc050f792934b56017f14b8031d405c0b7b67aa52da2c71470e43d90a
structured,N64-R32,V2-B-N064-R032-C14-X01,maximum_immediate_burden_release,Maximum immediate release,1.9914954860360128,true,true,experiments/algorithmic_compression_v2/results/raw_runs/V2-B-N064-R032-C14-X01/maximum_immediate_burden_release__mandatory_only.toml,5caef6d85a990068552c9e9ac3e8a6533e54aca051cc276c4952c12e497e3768
structured,N64-R32,V2-B-N064-R032-C14-X01,minimum_unique_carrier_exposure,Minimum unique-carrier exposure,1.6244385703087236,true,true,experiments/algorithmic_compression_v2/results/raw_runs/V2-B-N064-R032-C14-X01/minimum_unique_carrier_exposure__mandatory_only.toml,c88fc642676354dddf4c60dac910efd51207da82338c45da83f5669954db4d29
structured,N64-R32,V2-B-N064-R032-C14-X01,multistart_random_rechecked_deletion_32,32-start random deletion,13.353290081041067,true,true,experiments/algorithmic_compression_v2/results/raw_runs/V2-B-N064-R032-C14-X01/multistart_random_rechecked_deletion_32__mandatory_only.toml,c8757301b998e4ae89b4bbc2cb5e77f66b2b1b080b2873b8b08340a89de79312
structured,N64-R32,V2-B-N064-R032-C14-X01,random_order_rechecked_deletion,Random-order deletion,1.8128937512594177,true,true,experiments/algorithmic_compression_v2/results/raw_runs/V2-B-N064-R032-C14-X01/random_order_rechecked_deletion__mandatory_only.toml,a69941a64526947b99c9b118962d31ee8324431e97f795c567f42d823ccd1c9c
structured,N64-R32,V2-B-N064-R032-C14-X01,weighted_greedy,Weighted greedy,1.589134565620646,true,true,experiments/algorithmic_compression_v2/results/raw_runs/V2-B-N064-R032-C14-X01/weighted_greedy__mandatory_only.toml,b70b4f7c2e1ed8a325aaeee51159767fb9a5156ddf700f1dff5c7733aa74d27e
structured,N64-R32,V2-B-N064-R032-C14-X01,weighted_greedy_reverse_delete,Weighted greedy + reverse deletion,3.0874169104976597,true,true,experiments/algorithmic_compression_v2/results/raw_runs/V2-B-N064-R032-C14-X01/weighted_greedy_reverse_delete__mandatory_only.toml,1d452fe23880e391d233f41b0db2644640a8ddf150003ef6107b3c2e90bc8b1f
structured,N64-R32,V2-B-N064-R032-C14-X02,cardinality_greedy,Cardinality greedy,1.011187626147329,true,true,experiments/algorithmic_compression_v2/results/raw_runs/V2-B-N064-R032-C14-X02/cardinality_greedy__mandatory_only.toml,d51dd2937fc1bead7cc543a7744f6f10d012c985823179ac4fa0abfbb8f71990
structured,N64-R32,V2-B-N064-R032-C14-X02,declared_source_order,Declared source order,1.3739889958470841,true,true,experiments/algorithmic_compression_v2/results/raw_runs/V2-B-N064-R032-C14-X02/declared_source_order__mandatory_only.toml,92f944a22e20617d4381b6578c63cd666422b054cfda7cc9ebf07b255bd4c317
structured,N64-R32,V2-B-N064-R032-C14-X02,heaviest_safe_first,Heaviest safe first,1.6696013923167743,true,true,experiments/algorithmic_compression_v2/results/raw_runs/V2-B-N064-R032-C14-X02/heaviest_safe_first__mandatory_only.toml,0cda286bed51dd0c97a0eefc8c2f047ceb502862301025e04be157b56058a024
structured,N64-R32,V2-B-N064-R032-C14-X02,jump_highs_tagged_cover,HiGHS MIP,15.47666336553717,true,true,experiments/algorithmic_compression_v2/results/raw_runs/V2-B-N064-R032-C14-X02/jump_highs_tagged_cover__full_fixed_point.toml,74694379789bd038080dda90f28d4be81f2688e6b22769f64cd13c1720843310
structured,N64-R32,V2-B-N064-R032-C14-X02,lightest_safe_first,Lightest safe first,1.6413208958148746,true,true,experiments/algorithmic_compression_v2/results/raw_runs/V2-B-N064-R032-C14-X02/lightest_safe_first__mandatory_only.toml,9b65faf1e16de8ab959cc0666c89e0e9cb4228bb5a5b8e03a8fbddfdd0d30f3a
structured,N64-R32,V2-B-N064-R032-C14-X02,maximum_immediate_burden_release,Maximum immediate release,1.0942966304300654,true,true,experiments/algorithmic_compression_v2/results/raw_runs/V2-B-N064-R032-C14-X02/maximum_immediate_burden_release__mandatory_only.toml,77efb3c3ca0ad3e91217c440a3cbb7d806010c0ce1ee523be05ce516fb4dce5b
structured,N64-R32,V2-B-N064-R032-C14-X02,minimum_unique_carrier_exposure,Minimum unique-carrier exposure,1.9409232455959278,true,true,experiments/algorithmic_compression_v2/results/raw_runs/V2-B-N064-R032-C14-X02/minimum_unique_carrier_exposure__mandatory_only.toml,40d8ec76102d198dfe876bdf5e66300ce1c7f54268646669800eb7d5ceb87482
structured,N64-R32,V2-B-N064-R032-C14-X02,multistart_random_rechecked_deletion_32,32-start random deletion,13.126438062993754,true,true,experiments/algorithmic_compression_v2/results/raw_runs/V2-B-N064-R032-C14-X02/multistart_random_rechecked_deletion_32__mandatory_only.toml,4b2e10a96f0cfc79c53ff27062ab64ee0759e7ad7d7e77ee50742bfab5e2aee8
structured,N64-R32,V2-B-N064-R032-C14-X02,random_order_rechecked_deletion,Random-order deletion,1.0,true,true,experiments/algorithmic_compression_v2/results/raw_runs/V2-B-N064-R032-C14-X02/random_order_rechecked_deletion__mandatory_only.toml,c3bfbb766276313a8ba05401b0d1beee97d6341b6fee3d631acd929d5cd54c79
structured,N64-R32,V2-B-N064-R032-C14-X02,weighted_greedy,Weighted greedy,1.2033191103783536,true,true,experiments/algorithmic_compression_v2/results/raw_runs/V2-B-N064-R032-C14-X02/weighted_greedy__mandatory_only.toml,d56528c00db7fc0ed16a95e6fc89cf834c3336dce9be42698607605a33babfb7
structured,N64-R32,V2-B-N064-R032-C14-X02,weighted_greedy_reverse_delete,Weighted greedy + reverse deletion,1.636532935420018,true,true,experiments/algorithmic_compression_v2/results/raw_runs/V2-B-N064-R032-C14-X02/weighted_greedy_reverse_delete__mandatory_only.toml,94d8e5113867beaf8766e285f6fab713315a63d3edb6e0582a78aad11db1ae35
structured,N64-R32,V2-B-N064-R032-C15-X01,cardinality_greedy,Cardinality greedy,2.5601084151575795,true,true,experiments/algorithmic_compression_v2/results/raw_runs/V2-B-N064-R032-C15-X01/cardinality_greedy__mandatory_only.toml,48bb31f1f56477e1846a46e7def93443812d95c73cdc89d068c681649475f5ec
structured,N64-R32,V2-B-N064-R032-C15-X01,declared_source_order,Declared source order,4.017487705101568,true,true,experiments/algorithmic_compression_v2/results/raw_runs/V2-B-N064-R032-C15-X01/declared_source_order__mandatory_only.toml,84a4690b767441bceca0eae888d726fd151398a95fb0c8f4115f700248e1314b
structured,N64-R32,V2-B-N064-R032-C15-X01,heaviest_safe_first,Heaviest safe first,2.7871934171933423,true,true,experiments/algorithmic_compression_v2/results/raw_runs/V2-B-N064-R032-C15-X01/heaviest_safe_first__mandatory_only.toml,879ef1f1b827bb482e8bdbeaeaadaa717a67a7e561b612d9e5adb5235727512c
structured,N64-R32,V2-B-N064-R032-C15-X01,jump_highs_tagged_cover,HiGHS MIP,16.65923739788831,true,true,experiments/algorithmic_compression_v2/results/raw_runs/V2-B-N064-R032-C15-X01/jump_highs_tagged_cover__full_fixed_point.toml,cf7a7120b314670ed9714b9eac99771426079454d390e88c2e4619a131ab24ae
structured,N64-R32,V2-B-N064-R032-C15-X01,lightest_safe_first,Lightest safe first,4.357070204032331,true,true,experiments/algorithmic_compression_v2/results/raw_runs/V2-B-N064-R032-C15-X01/lightest_safe_first__mandatory_only.toml,c4ecae823d8cfe962fe52759bf012aa36c88b0369fb138888aa0894484dabf9f
structured,N64-R32,V2-B-N064-R032-C15-X01,maximum_immediate_burden_release,Maximum immediate release,4.332322229832081,true,true,experiments/algorithmic_compression_v2/results/raw_runs/V2-B-N064-R032-C15-X01/maximum_immediate_burden_release__mandatory_only.toml,f819686dae5c966989c67373fe3ab8e2e9fed911f2a426e22eed99879ee313ff
structured,N64-R32,V2-B-N064-R032-C15-X01,minimum_unique_carrier_exposure,Minimum unique-carrier exposure,2.5459651689395586,true,true,experiments/algorithmic_compression_v2/results/raw_runs/V2-B-N064-R032-C15-X01/minimum_unique_carrier_exposure__mandatory_only.toml,e23a70bda5534898af71193676600c21b2bc5b7e77020803891dadd2926e6da2
structured,N64-R32,V2-B-N064-R032-C15-X01,multistart_random_rechecked_deletion_32,32-start random deletion,19.143000940436167,true,true,experiments/algorithmic_compression_v2/results/raw_runs/V2-B-N064-R032-C15-X01/multistart_random_rechecked_deletion_32__mandatory_only.toml,5209b2da8c31f279369b8b04a8f3114e031cd755ac55314b632c63f57e653330
structured,N64-R32,V2-B-N064-R032-C15-X01,random_order_rechecked_deletion,Random-order deletion,3.929477285939843,true,true,experiments/algorithmic_compression_v2/results/raw_runs/V2-B-N064-R032-C15-X01/random_order_rechecked_deletion__mandatory_only.toml,8095ef66794074bbd3b99195bf283e2c728f7f8109fea9e4a096cffc19c410c7
structured,N64-R32,V2-B-N064-R032-C15-X01,weighted_greedy,Weighted greedy,1.0,true,true,experiments/algorithmic_compression_v2/results/raw_runs/V2-B-N064-R032-C15-X01/weighted_greedy__mandatory_only.toml,72a3e4fe939c5ad768bdf67f57a56bcd6725d7b53a4cd6638e8c24e729f8c8db
structured,N64-R32,V2-B-N064-R032-C15-X01,weighted_greedy_reverse_delete,Weighted greedy + reverse deletion,2.596003028787864,true,true,experiments/algorithmic_compression_v2/results/raw_runs/V2-B-N064-R032-C15-X01/weighted_greedy_reverse_delete__mandatory_only.toml,580302572f16f533365afece7f84507cae63da5c18cbf82748da77427a48df23
structured,N64-R32,V2-B-N064-R032-C15-X02,cardinality_greedy,Cardinality greedy,1.475428492816621,true,true,experiments/algorithmic_compression_v2/results/raw_runs/V2-B-N064-R032-C15-X02/cardinality_greedy__mandatory_only.toml,b597bd398178cda70e35d1d234b5773f80dd29fe6b4df2006505c89f5e94aa61
structured,N64-R32,V2-B-N064-R032-C15-X02,declared_source_order,Declared source order,2.078254693585785,true,true,experiments/algorithmic_compression_v2/results/raw_runs/V2-B-N064-R032-C15-X02/declared_source_order__mandatory_only.toml,8a399cc5223d3ee9940c94b311f874c0a7137370cb7f3d50af94693cdf0d3a95
structured,N64-R32,V2-B-N064-R032-C15-X02,heaviest_safe_first,Heaviest safe first,3.167359124504192,true,true,experiments/algorithmic_compression_v2/results/raw_runs/V2-B-N064-R032-C15-X02/heaviest_safe_first__mandatory_only.toml,cdce0ed1b154c9d27651547a79bd7bc2c4988f44836e5115785e0aded5bd9a00
structured,N64-R32,V2-B-N064-R032-C15-X02,jump_highs_tagged_cover,HiGHS MIP,22.013125688866978,true,true,experiments/algorithmic_compression_v2/results/raw_runs/V2-B-N064-R032-C15-X02/jump_highs_tagged_cover__full_fixed_point.toml,39a0b31f30895c8d235056dac5d672f6021a782cb7a56e0d69291e5ecb40a98c
structured,N64-R32,V2-B-N064-R032-C15-X02,lightest_safe_first,Lightest safe first,2.335766964302375,true,true,experiments/algorithmic_compression_v2/results/raw_runs/V2-B-N064-R032-C15-X02/lightest_safe_first__mandatory_only.toml,b7ca5bb8bb16cce0750c9e3fc19d5e29040fd0314a1fb24165a86d30ffda782b
structured,N64-R32,V2-B-N064-R032-C15-X02,maximum_immediate_burden_release,Maximum immediate release,2.739372754159005,true,true,experiments/algorithmic_compression_v2/results/raw_runs/V2-B-N064-R032-C15-X02/maximum_immediate_burden_release__mandatory_only.toml,f83e14f9f77a39ce0934992a30de1d646810017c272ba26accf9199876944682
structured,N64-R32,V2-B-N064-R032-C15-X02,minimum_unique_carrier_exposure,Minimum unique-carrier exposure,3.045638785836739,true,true,experiments/algorithmic_compression_v2/results/raw_runs/V2-B-N064-R032-C15-X02/minimum_unique_carrier_exposure__mandatory_only.toml,91b39417f1139a24c22b5d60f73f9c0a16f4a28104384de5788b4872e7c0ecc1
structured,N64-R32,V2-B-N064-R032-C15-X02,multistart_random_rechecked_deletion_32,32-start random deletion,22.990133241016242,true,true,experiments/algorithmic_compression_v2/results/raw_runs/V2-B-N064-R032-C15-X02/multistart_random_rechecked_deletion_32__mandatory_only.toml,9494f623f770e1fd9df1587f59167b6aaa8dc5ac37a686e7f4487310e81c95f8
structured,N64-R32,V2-B-N064-R032-C15-X02,random_order_rechecked_deletion,Random-order deletion,1.473278461745978,true,true,experiments/algorithmic_compression_v2/results/raw_runs/V2-B-N064-R032-C15-X02/random_order_rechecked_deletion__mandatory_only.toml,f9eb2c64efb1ea540be98a02f2eb2299b19048afd96a9d7fa15f7d15907db91a
structured,N64-R32,V2-B-N064-R032-C15-X02,weighted_greedy,Weighted greedy,2.5586883479613496,true,true,experiments/algorithmic_compression_v2/results/raw_runs/V2-B-N064-R032-C15-X02/weighted_greedy__mandatory_only.toml,b8d3f114fce79f8890071186ceb6239180a76e6bad9a84f5afdd31a4d02fd879
structured,N64-R32,V2-B-N064-R032-C15-X02,weighted_greedy_reverse_delete,Weighted greedy + reverse deletion,1.0,true,true,experiments/algorithmic_compression_v2/results/raw_runs/V2-B-N064-R032-C15-X02/weighted_greedy_reverse_delete__mandatory_only.toml,384556890594b06ae382f983edef6f4682760436ffa002bd03617c4543a44862
structured,N64-R32,V2-B-N064-R032-C16-X01,cardinality_greedy,Cardinality greedy,1.0014066277723903,true,true,experiments/algorithmic_compression_v2/results/raw_runs/V2-B-N064-R032-C16-X01/cardinality_greedy__mandatory_only.toml,56213b43d2879d7747caedbfcd57170cb1f0bbad12a3d0ddd76e7aca7d3cf326
structured,N64-R32,V2-B-N064-R032-C16-X01,declared_source_order,Declared source order,1.1057610466607428,true,true,experiments/algorithmic_compression_v2/results/raw_runs/V2-B-N064-R032-C16-X01/declared_source_order__mandatory_only.toml,cfaa05620509e1742946d42bbb75dbf6c2a4571c125b3caf0c720b5c2499f51a
structured,N64-R32,V2-B-N064-R032-C16-X01,heaviest_safe_first,Heaviest safe first,1.1119368933203257,true,true,experiments/algorithmic_compression_v2/results/raw_runs/V2-B-N064-R032-C16-X01/heaviest_safe_first__mandatory_only.toml,06362dadc5e475ba59ad15caa8876400fc6635bf36208a930d7aae2b9831dcc9
structured,N64-R32,V2-B-N064-R032-C16-X01,jump_highs_tagged_cover,HiGHS MIP,16.020546063832622,true,true,experiments/algorithmic_compression_v2/results/raw_runs/V2-B-N064-R032-C16-X01/jump_highs_tagged_cover__full_fixed_point.toml,87a44f8c74865bc65026220adf1b341540606432ad9a1ed978f81be60df98409
structured,N64-R32,V2-B-N064-R032-C16-X01,lightest_safe_first,Lightest safe first,1.0493640814792302,true,true,experiments/algorithmic_compression_v2/results/raw_runs/V2-B-N064-R032-C16-X01/lightest_safe_first__mandatory_only.toml,725b1cadf8a1364170a4871e38630037435a3e17585f61100e52538222e3c316
structured,N64-R32,V2-B-N064-R032-C16-X01,maximum_immediate_burden_release,Maximum immediate release,1.2313546948720024,true,true,experiments/algorithmic_compression_v2/results/raw_runs/V2-B-N064-R032-C16-X01/maximum_immediate_burden_release__mandatory_only.toml,8cadb481a81f0c6410cbc71a3f10bdbc6c1235d1ab7c402184913101ebff771e
structured,N64-R32,V2-B-N064-R032-C16-X01,minimum_unique_carrier_exposure,Minimum unique-carrier exposure,2.1545241322264816,true,true,experiments/algorithmic_compression_v2/results/raw_runs/V2-B-N064-R032-C16-X01/minimum_unique_carrier_exposure__mandatory_only.toml,287e4eddec85b6e4f9472b37b34739b96493e70164de8e755147f7f9040a834c
structured,N64-R32,V2-B-N064-R032-C16-X01,multistart_random_rechecked_deletion_32,32-start random deletion,11.694062062317478,true,true,experiments/algorithmic_compression_v2/results/raw_runs/V2-B-N064-R032-C16-X01/multistart_random_rechecked_deletion_32__mandatory_only.toml,cb912087ae4cc0e960f2452c99f32ffab46a5a1a924b3a6e30e3fa46d1d3f766
structured,N64-R32,V2-B-N064-R032-C16-X01,random_order_rechecked_deletion,Random-order deletion,1.0190814431177138,true,true,experiments/algorithmic_compression_v2/results/raw_runs/V2-B-N064-R032-C16-X01/random_order_rechecked_deletion__mandatory_only.toml,f727c18d9a01c05407bc0024a326f4b835ba1ac1d836f94fa7ab05c5c372204e
structured,N64-R32,V2-B-N064-R032-C16-X01,weighted_greedy,Weighted greedy,1.4020080981563396,true,true,experiments/algorithmic_compression_v2/results/raw_runs/V2-B-N064-R032-C16-X01/weighted_greedy__mandatory_only.toml,2ae84d3294da73277b5ec404f8330b3dfbf8551b2d00565e7d1c38060cf2700f
structured,N64-R32,V2-B-N064-R032-C16-X01,weighted_greedy_reverse_delete,Weighted greedy + reverse deletion,1.0,true,true,experiments/algorithmic_compression_v2/results/raw_runs/V2-B-N064-R032-C16-X01/weighted_greedy_reverse_delete__mandatory_only.toml,303b2e803f1c0b9ce470ecca413c992392c4ef75c34815a7c67f93c5616e0c7c
structured,N64-R32,V2-B-N064-R032-C16-X02,cardinality_greedy,Cardinality greedy,1.691694823197193,true,true,experiments/algorithmic_compression_v2/results/raw_runs/V2-B-N064-R032-C16-X02/cardinality_greedy__mandatory_only.toml,5c6ab11bd05c4a48ff0b83b918dccf1db1226d1fd2cbf8bd3ac9917daab8ad83
structured,N64-R32,V2-B-N064-R032-C16-X02,declared_source_order,Declared source order,1.3769730055427307,true,true,experiments/algorithmic_compression_v2/results/raw_runs/V2-B-N064-R032-C16-X02/declared_source_order__mandatory_only.toml,121db19d83cbf1f27dcbbc993cc993c95dffeb3e3a5092425300414f894fed4f
structured,N64-R32,V2-B-N064-R032-C16-X02,heaviest_safe_first,Heaviest safe first,1.7975032380737492,true,true,experiments/algorithmic_compression_v2/results/raw_runs/V2-B-N064-R032-C16-X02/heaviest_safe_first__mandatory_only.toml,846dcb41e6ef68b0348a3a110438e3fdfe8c7d200f607e9088d14d5ca34461ce
structured,N64-R32,V2-B-N064-R032-C16-X02,jump_highs_tagged_cover,HiGHS MIP,10.677322409750065,true,true,experiments/algorithmic_compression_v2/results/raw_runs/V2-B-N064-R032-C16-X02/jump_highs_tagged_cover__full_fixed_point.toml,41c4ec51772a6142d81a879b3aee007cd59586194c9f29dd7d1ec4d67ba0e2c3
structured,N64-R32,V2-B-N064-R032-C16-X02,lightest_safe_first,Lightest safe first,1.2227810254644562,true,true,experiments/algorithmic_compression_v2/results/raw_runs/V2-B-N064-R032-C16-X02/lightest_safe_first__mandatory_only.toml,f540247c32ed1592b2696ea048ba1a4d61ec04ba61dd28ddf198214efd8a9afc
structured,N64-R32,V2-B-N064-R032-C16-X02,maximum_immediate_burden_release,Maximum immediate release,1.1059554759462664,true,true,experiments/algorithmic_compression_v2/results/raw_runs/V2-B-N064-R032-C16-X02/maximum_immediate_burden_release__mandatory_only.toml,8f760e31ba5cadd8ecc3b80861242d8954b3a42394a0daf0e5ab614e6831d728
structured,N64-R32,V2-B-N064-R032-C16-X02,minimum_unique_carrier_exposure,Minimum unique-carrier exposure,1.0,true,true,experiments/algorithmic_compression_v2/results/raw_runs/V2-B-N064-R032-C16-X02/minimum_unique_carrier_exposure__mandatory_only.toml,1afbc3f8e019acc29a28537c71a07399af2358df6c7b11931e6ad1885f80783b
structured,N64-R32,V2-B-N064-R032-C16-X02,multistart_random_rechecked_deletion_32,32-start random deletion,15.744257437791745,true,true,experiments/algorithmic_compression_v2/results/raw_runs/V2-B-N064-R032-C16-X02/multistart_random_rechecked_deletion_32__mandatory_only.toml,7aae65197c0a15df01f7d247ad217263f227f0dc3a8a02e5a21c4f10b2b4459c
structured,N64-R32,V2-B-N064-R032-C16-X02,random_order_rechecked_deletion,Random-order deletion,1.4496874135213114,true,true,experiments/algorithmic_compression_v2/results/raw_runs/V2-B-N064-R032-C16-X02/random_order_rechecked_deletion__mandatory_only.toml,5ef8e36544a6febaaf9759f14a8e5ecefeef5161d090d2ca2821c1b2c73a059f
structured,N64-R32,V2-B-N064-R032-C16-X02,weighted_greedy,Weighted greedy,1.6824931815263169,true,true,experiments/algorithmic_compression_v2/results/raw_runs/V2-B-N064-R032-C16-X02/weighted_greedy__mandatory_only.toml,7f5a8ef0089483a2c416f3799b76f5f5e0ccf4cc9655f2d1d06282840670b8ba
structured,N64-R32,V2-B-N064-R032-C16-X02,weighted_greedy_reverse_delete,Weighted greedy + reverse deletion,2.042921834585818,true,true,experiments/algorithmic_compression_v2/results/raw_runs/V2-B-N064-R032-C16-X02/weighted_greedy_reverse_delete__mandatory_only.toml,a0852cb3a47a36b4c5c50f6a9e682d357229ad2ccf1a48f3d153727d732cfb62
structured,N64-R64,V2-B-N064-R064-C01-X01,cardinality_greedy,Cardinality greedy,1.170629533492592,true,true,experiments/algorithmic_compression_v2/results/raw_runs/V2-B-N064-R064-C01-X01/cardinality_greedy__mandatory_only.toml,e725faecb4ca960521c811f7e4b2ca4368fe94e6d39154c8fe4707c6fa5fe194
structured,N64-R64,V2-B-N064-R064-C01-X01,declared_source_order,Declared source order,1.2044189163981092,true,true,experiments/algorithmic_compression_v2/results/raw_runs/V2-B-N064-R064-C01-X01/declared_source_order__mandatory_only.toml,eb2ad9e8468d915a0f90a5015657e0289126727905600c82cb5636c3233574b0
structured,N64-R64,V2-B-N064-R064-C01-X01,heaviest_safe_first,Heaviest safe first,1.3849941633494385,true,true,experiments/algorithmic_compression_v2/results/raw_runs/V2-B-N064-R064-C01-X01/heaviest_safe_first__mandatory_only.toml,217f64f7d4acd075262fe6766e3fdf5a825ac062227c9bd04f2c7dd3b8197247
structured,N64-R64,V2-B-N064-R064-C01-X01,jump_highs_tagged_cover,HiGHS MIP,7.236107472688413,true,true,experiments/algorithmic_compression_v2/results/raw_runs/V2-B-N064-R064-C01-X01/jump_highs_tagged_cover__full_fixed_point.toml,306713d28b7f3a0da3bf497271472d9c4ae7ea66440598dfdae3248950766f62
structured,N64-R64,V2-B-N064-R064-C01-X01,lightest_safe_first,Lightest safe first,1.769589839518332,true,true,experiments/algorithmic_compression_v2/results/raw_runs/V2-B-N064-R064-C01-X01/lightest_safe_first__mandatory_only.toml,79c8bfa60dd9389bd8b68d54b20b248a45f6ba267bf695eb1cebcdf919042d9a
structured,N64-R64,V2-B-N064-R064-C01-X01,maximum_immediate_burden_release,Maximum immediate release,1.5598625539505078,true,true,experiments/algorithmic_compression_v2/results/raw_runs/V2-B-N064-R064-C01-X01/maximum_immediate_burden_release__mandatory_only.toml,272b6fec8a9ed697d66dbb56158c83e82141d9c9b4d21df6f961f2c40eae406f
structured,N64-R64,V2-B-N064-R064-C01-X01,minimum_unique_carrier_exposure,Minimum unique-carrier exposure,1.2141857068212942,true,true,experiments/algorithmic_compression_v2/results/raw_runs/V2-B-N064-R064-C01-X01/minimum_unique_carrier_exposure__mandatory_only.toml,571c27e423a3532510bc3b3f863fc8f8db6cd79c418ee77e6ba2f30edefcca92
structured,N64-R64,V2-B-N064-R064-C01-X01,multistart_random_rechecked_deletion_32,32-start random deletion,8.172397393842315,true,true,experiments/algorithmic_compression_v2/results/raw_runs/V2-B-N064-R064-C01-X01/multistart_random_rechecked_deletion_32__mandatory_only.toml,18f333aa4319b3256a19b1a5f6b1eda5db21c8043496419c7a5bc928b4ccdc56
structured,N64-R64,V2-B-N064-R064-C01-X01,random_order_rechecked_deletion,Random-order deletion,1.8333661468216333,true,true,experiments/algorithmic_compression_v2/results/raw_runs/V2-B-N064-R064-C01-X01/random_order_rechecked_deletion__mandatory_only.toml,afaa02902b6237d6d4b5c3da3bde7096a30d61266cb6e24cfc8d7266931e6318
structured,N64-R64,V2-B-N064-R064-C01-X01,weighted_greedy,Weighted greedy,1.0,true,true,experiments/algorithmic_compression_v2/results/raw_runs/V2-B-N064-R064-C01-X01/weighted_greedy__mandatory_only.toml,b1cecb42d75eda7ae111c4d56344f2292d60d97d70b38f538ede1f36ea9884de
structured,N64-R64,V2-B-N064-R064-C01-X01,weighted_greedy_reverse_delete,Weighted greedy + reverse deletion,1.4360250003473518,true,true,experiments/algorithmic_compression_v2/results/raw_runs/V2-B-N064-R064-C01-X01/weighted_greedy_reverse_delete__mandatory_only.toml,a617e9db4fe56e80b08b35b2855e1bd734d25246fdc7bc5e23f074179f56a611
structured,N64-R64,V2-B-N064-R064-C01-X02,cardinality_greedy,Cardinality greedy,1.0,true,true,experiments/algorithmic_compression_v2/results/raw_runs/V2-B-N064-R064-C01-X02/cardinality_greedy__mandatory_only.toml,a40b777128f82598169de774561aaafced98eed23366af04e662962447c94b27
structured,N64-R64,V2-B-N064-R064-C01-X02,declared_source_order,Declared source order,3.5357999988095092,true,true,experiments/algorithmic_compression_v2/results/raw_runs/V2-B-N064-R064-C01-X02/declared_source_order__mandatory_only.toml,54ca4192cbb5bda5f2b66b6a7568339080a524ac8c150b261e1ce078eb867dd3
structured,N64-R64,V2-B-N064-R064-C01-X02,heaviest_safe_first,Heaviest safe first,3.2841370413301116,true,true,experiments/algorithmic_compression_v2/results/raw_runs/V2-B-N064-R064-C01-X02/heaviest_safe_first__mandatory_only.toml,ce17e8e33a982db2d5552fb7cdeab30b9fadd14527b6e705432498d731ea84dd
structured,N64-R64,V2-B-N064-R064-C01-X02,jump_highs_tagged_cover,HiGHS MIP,16.4792103656162,true,true,experiments/algorithmic_compression_v2/results/raw_runs/V2-B-N064-R064-C01-X02/jump_highs_tagged_cover__full_fixed_point.toml,4c543c9d084b45e850e084472102343a4f162fff7fdfc97b6a6fdb433117b82d
structured,N64-R64,V2-B-N064-R064-C01-X02,lightest_safe_first,Lightest safe first,3.9584067111331,true,true,experiments/algorithmic_compression_v2/results/raw_runs/V2-B-N064-R064-C01-X02/lightest_safe_first__mandatory_only.toml,cff546d113f0108f3051805e1e16e173e86d5a1e1789b22834348162067d829c
structured,N64-R64,V2-B-N064-R064-C01-X02,maximum_immediate_burden_release,Maximum immediate release,3.0424044590804042,true,true,experiments/algorithmic_compression_v2/results/raw_runs/V2-B-N064-R064-C01-X02/maximum_immediate_burden_release__mandatory_only.toml,37e11ccb7cac66c2e70d9c1a7e41bdcf5abb262a998c3066a09b4d15f32b6db3
structured,N64-R64,V2-B-N064-R064-C01-X02,minimum_unique_carrier_exposure,Minimum unique-carrier exposure,2.0712107935091186,true,true,experiments/algorithmic_compression_v2/results/raw_runs/V2-B-N064-R064-C01-X02/minimum_unique_carrier_exposure__mandatory_only.toml,0e56bfdf8f8ffa4c0ed9e077ca90ebcf7024db4d199768d6401062bb5577f155
structured,N64-R64,V2-B-N064-R064-C01-X02,multistart_random_rechecked_deletion_32,32-start random deletion,27.583380417037233,true,true,experiments/algorithmic_compression_v2/results/raw_runs/V2-B-N064-R064-C01-X02/multistart_random_rechecked_deletion_32__mandatory_only.toml,912e13c857e4dcfa912462dc14a049a7b7d07b382f47e37cbbf690d3bbb1b8f7
structured,N64-R64,V2-B-N064-R064-C01-X02,random_order_rechecked_deletion,Random-order deletion,3.9057624390019385,true,true,experiments/algorithmic_compression_v2/results/raw_runs/V2-B-N064-R064-C01-X02/random_order_rechecked_deletion__mandatory_only.toml,b3657d458c1bf92265c5c5a918b83e53ff269e49e4cc386200b6c7bc80d5aeb9
structured,N64-R64,V2-B-N064-R064-C01-X02,weighted_greedy,Weighted greedy,1.578769761454954,true,true,experiments/algorithmic_compression_v2/results/raw_runs/V2-B-N064-R064-C01-X02/weighted_greedy__mandatory_only.toml,6ebe1ae3af5d696982ef49f88ae296a92da7297363d60438e6eedb0ff64f73b9
structured,N64-R64,V2-B-N064-R064-C01-X02,weighted_greedy_reverse_delete,Weighted greedy + reverse deletion,1.9315859577779133,true,true,experiments/algorithmic_compression_v2/results/raw_runs/V2-B-N064-R064-C01-X02/weighted_greedy_reverse_delete__mandatory_only.toml,4d89735287eef02ce3ab7af6cb8e3c8296a6920388b85eb01cdd15147c6b2727
structured,N64-R64,V2-B-N064-R064-C02-X01,cardinality_greedy,Cardinality greedy,1.0,true,true,experiments/algorithmic_compression_v2/results/raw_runs/V2-B-N064-R064-C02-X01/cardinality_greedy__mandatory_only.toml,e84514dc0f40350a9cb37fa2b9b819fd5b2858550b92928b4f36a054812c26dd
structured,N64-R64,V2-B-N064-R064-C02-X01,declared_source_order,Declared source order,3.4932007110402004,true,true,experiments/algorithmic_compression_v2/results/raw_runs/V2-B-N064-R064-C02-X01/declared_source_order__mandatory_only.toml,a43e98b1beb87c274776bfabcfec09680711338a7fb71bc7ce4784ade5ee2b28
structured,N64-R64,V2-B-N064-R064-C02-X01,heaviest_safe_first,Heaviest safe first,3.914253488159392,true,true,experiments/algorithmic_compression_v2/results/raw_runs/V2-B-N064-R064-C02-X01/heaviest_safe_first__mandatory_only.toml,18aafe8b00def84328076ee6d6c893a4d87fceb82466e21c85948e1141262ebb
structured,N64-R64,V2-B-N064-R064-C02-X01,jump_highs_tagged_cover,HiGHS MIP,39.997492932510596,true,true,experiments/algorithmic_compression_v2/results/raw_runs/V2-B-N064-R064-C02-X01/jump_highs_tagged_cover__full_fixed_point.toml,a7d797a5bb0931aab7710f812bdfb1ba23694c39e7305c6043b434e318eb96d6
structured,N64-R64,V2-B-N064-R064-C02-X01,lightest_safe_first,Lightest safe first,2.769888515145409,true,true,experiments/algorithmic_compression_v2/results/raw_runs/V2-B-N064-R064-C02-X01/lightest_safe_first__mandatory_only.toml,50bac9b5e001fa6f321a5e7b2759f2df6981b63483c5c9c78f6353f5fa69eac4
structured,N64-R64,V2-B-N064-R064-C02-X01,maximum_immediate_burden_release,Maximum immediate release,3.309454796005654,true,true,experiments/algorithmic_compression_v2/results/raw_runs/V2-B-N064-R064-C02-X01/maximum_immediate_burden_release__mandatory_only.toml,8c20f17297f60596ee97add98714753ef74b5b46bf312bca6720ada09b670105
structured,N64-R64,V2-B-N064-R064-C02-X01,minimum_unique_carrier_exposure,Minimum unique-carrier exposure,3.005450404584092,true,true,experiments/algorithmic_compression_v2/results/raw_runs/V2-B-N064-R064-C02-X01/minimum_unique_carrier_exposure__mandatory_only.toml,1a1b2154b393adce5b83d0473149337ae6c05d624d4158c445a659457f0d3e5e
structured,N64-R64,V2-B-N064-R064-C02-X01,multistart_random_rechecked_deletion_32,32-start random deletion,32.1015028234844,true,true,experiments/algorithmic_compression_v2/results/raw_runs/V2-B-N064-R064-C02-X01/multistart_random_rechecked_deletion_32__mandatory_only.toml,f08513e06d7335cf2c9b5927f03e6845e4f962ab35cbbc7888a74889e465fb11
structured,N64-R64,V2-B-N064-R064-C02-X01,random_order_rechecked_deletion,Random-order deletion,4.379518237938321,true,true,experiments/algorithmic_compression_v2/results/raw_runs/V2-B-N064-R064-C02-X01/random_order_rechecked_deletion__mandatory_only.toml,0ab2dcbcbe7327f285fd08ea61d1971be1201a09afc1738f4c3a717139b89296
structured,N64-R64,V2-B-N064-R064-C02-X01,weighted_greedy,Weighted greedy,2.992849781203536,true,true,experiments/algorithmic_compression_v2/results/raw_runs/V2-B-N064-R064-C02-X01/weighted_greedy__mandatory_only.toml,d60336312d65650bfef8f1f106054a2a9eac7c85b49ac6a033973377714c7dd8
structured,N64-R64,V2-B-N064-R064-C02-X01,weighted_greedy_reverse_delete,Weighted greedy + reverse deletion,2.102631009898933,true,true,experiments/algorithmic_compression_v2/results/raw_runs/V2-B-N064-R064-C02-X01/weighted_greedy_reverse_delete__mandatory_only.toml,078242ecc7aa226a0dcbc0c067f600e2db84248f74814a7d05f7bffb1dfc9221
structured,N64-R64,V2-B-N064-R064-C02-X02,cardinality_greedy,Cardinality greedy,1.101618125883164,true,true,experiments/algorithmic_compression_v2/results/raw_runs/V2-B-N064-R064-C02-X02/cardinality_greedy__mandatory_only.toml,38958b39de360531c2f52e1c89c05abeacf498ccb29e4ab51a29735720bebb4f
structured,N64-R64,V2-B-N064-R064-C02-X02,declared_source_order,Declared source order,1.6511504324084272,true,true,experiments/algorithmic_compression_v2/results/raw_runs/V2-B-N064-R064-C02-X02/declared_source_order__mandatory_only.toml,d21259b41657ac779ea7e45b17bec66617905388be029929d6b0112d0b2d5da1
structured,N64-R64,V2-B-N064-R064-C02-X02,heaviest_safe_first,Heaviest safe first,2.068041764700949,true,true,experiments/algorithmic_compression_v2/results/raw_runs/V2-B-N064-R064-C02-X02/heaviest_safe_first__mandatory_only.toml,66c3bd89d7b43bcf6e51e38bbd1ce862c748f5f14d46fdb8e2f777dc9017fa06
structured,N64-R64,V2-B-N064-R064-C02-X02,jump_highs_tagged_cover,HiGHS MIP,12.254937766374946,true,true,experiments/algorithmic_compression_v2/results/raw_runs/V2-B-N064-R064-C02-X02/jump_highs_tagged_cover__full_fixed_point.toml,953beabd445e8fdcadb4d5d6cf32851c2cce96d3dd21f9221e9c4aa0a56da902
structured,N64-R64,V2-B-N064-R064-C02-X02,lightest_safe_first,Lightest safe first,1.0,true,true,experiments/algorithmic_compression_v2/results/raw_runs/V2-B-N064-R064-C02-X02/lightest_safe_first__mandatory_only.toml,debc113d7f4f24f2ee859c82bbd07f59625c68ff2c82c1d6f1ccd7070e905a7d
structured,N64-R64,V2-B-N064-R064-C02-X02,maximum_immediate_burden_release,Maximum immediate release,1.427940249199657,true,true,experiments/algorithmic_compression_v2/results/raw_runs/V2-B-N064-R064-C02-X02/maximum_immediate_burden_release__mandatory_only.toml,26a0874842c32775fba867e82d80be0d572d1ca23939f86e43b9421e5d33bba4
structured,N64-R64,V2-B-N064-R064-C02-X02,minimum_unique_carrier_exposure,Minimum unique-carrier exposure,2.2907767845456894,true,true,experiments/algorithmic_compression_v2/results/raw_runs/V2-B-N064-R064-C02-X02/minimum_unique_carrier_exposure__mandatory_only.toml,4b17edbd675baca33be207c25c9bb87380c56ae63393ec0e9cd86620cfc10adb
structured,N64-R64,V2-B-N064-R064-C02-X02,multistart_random_rechecked_deletion_32,32-start random deletion,10.95224486423482,true,true,experiments/algorithmic_compression_v2/results/raw_runs/V2-B-N064-R064-C02-X02/multistart_random_rechecked_deletion_32__mandatory_only.toml,1798494d58be06e23c407d7b881833f04af4ed5edb1c43bbe50b47bc7f1dac9c
structured,N64-R64,V2-B-N064-R064-C02-X02,random_order_rechecked_deletion,Random-order deletion,1.6514135087802961,true,true,experiments/algorithmic_compression_v2/results/raw_runs/V2-B-N064-R064-C02-X02/random_order_rechecked_deletion__mandatory_only.toml,38795d34c722b694cf923b6a032f18ef3dd9990ee93a439f09c7767fc52a3345
structured,N64-R64,V2-B-N064-R064-C02-X02,weighted_greedy,Weighted greedy,1.1480701471120287,true,true,experiments/algorithmic_compression_v2/results/raw_runs/V2-B-N064-R064-C02-X02/weighted_greedy__mandatory_only.toml,b85cbf7ea9279b1117586e4e4d13ea49b7acaede7e828d9433feb8888b09e382
structured,N64-R64,V2-B-N064-R064-C02-X02,weighted_greedy_reverse_delete,Weighted greedy + reverse deletion,1.665063815373373,true,true,experiments/algorithmic_compression_v2/results/raw_runs/V2-B-N064-R064-C02-X02/weighted_greedy_reverse_delete__mandatory_only.toml,d9b59291c0e3c7e102b3af23a29e920ef163a43b7231b92a9a530ad05ead93ab
structured,N64-R64,V2-B-N064-R064-C03-X01,cardinality_greedy,Cardinality greedy,2.1293991692665406,true,true,experiments/algorithmic_compression_v2/results/raw_runs/V2-B-N064-R064-C03-X01/cardinality_greedy__mandatory_only.toml,a5b3ae940fba5c19d90dc34da14feff75da6728747ca9e555bba0d50ad8f90c7
structured,N64-R64,V2-B-N064-R064-C03-X01,declared_source_order,Declared source order,4.438026695508334,true,true,experiments/algorithmic_compression_v2/results/raw_runs/V2-B-N064-R064-C03-X01/declared_source_order__mandatory_only.toml,1aba026d006639881f74a1dab73c3dcc2879be0979fcb94ccbb5031d02686494
structured,N64-R64,V2-B-N064-R064-C03-X01,heaviest_safe_first,Heaviest safe first,5.498762579950011,true,true,experiments/algorithmic_compression_v2/results/raw_runs/V2-B-N064-R064-C03-X01/heaviest_safe_first__mandatory_only.toml,012c26fa61385fc623878b2b9d286b2d13131367d93517184bb3a48fd2209f9e
structured,N64-R64,V2-B-N064-R064-C03-X01,jump_highs_tagged_cover,HiGHS MIP,14.46919788245392,true,true,experiments/algorithmic_compression_v2/results/raw_runs/V2-B-N064-R064-C03-X01/jump_highs_tagged_cover__full_fixed_point.toml,92efab193935338bd8f223aea973b36318cdb33557e22ef310525953e07fe541
structured,N64-R64,V2-B-N064-R064-C03-X01,lightest_safe_first,Lightest safe first,4.1014189632051625,true,true,experiments/algorithmic_compression_v2/results/raw_runs/V2-B-N064-R064-C03-X01/lightest_safe_first__mandatory_only.toml,e8c6f1931b4c5ae4a740086667e8b0f8f28dcab5f7faa54e22e1d99509ae2a72
structured,N64-R64,V2-B-N064-R064-C03-X01,maximum_immediate_burden_release,Maximum immediate release,4.588615657463739,true,true,experiments/algorithmic_compression_v2/results/raw_runs/V2-B-N064-R064-C03-X01/maximum_immediate_burden_release__mandatory_only.toml,94757c689779bd3506b9b96e9248a4784547d983fa601b90c6f352be09aa089f
structured,N64-R64,V2-B-N064-R064-C03-X01,minimum_unique_carrier_exposure,Minimum unique-carrier exposure,3.312054751555822,true,true,experiments/algorithmic_compression_v2/results/raw_runs/V2-B-N064-R064-C03-X01/minimum_unique_carrier_exposure__mandatory_only.toml,264eefcdd3f80b1a00935de19407b9ad0ea7620b11fc921aea7404c483ad0e8e
structured,N64-R64,V2-B-N064-R064-C03-X01,multistart_random_rechecked_deletion_32,32-start random deletion,50.03725978654616,true,true,experiments/algorithmic_compression_v2/results/raw_runs/V2-B-N064-R064-C03-X01/multistart_random_rechecked_deletion_32__mandatory_only.toml,247e2a484180a28923275e5e652512c46edbb007ecf5183fd728b40dcc720dfa
structured,N64-R64,V2-B-N064-R064-C03-X01,random_order_rechecked_deletion,Random-order deletion,2.9889509798200273,true,true,experiments/algorithmic_compression_v2/results/raw_runs/V2-B-N064-R064-C03-X01/random_order_rechecked_deletion__mandatory_only.toml,63f3e373e948627a551a472cdcac0ea3935aa818d5276d7377a1e2c7d934e45e
structured,N64-R64,V2-B-N064-R064-C03-X01,weighted_greedy,Weighted greedy,4.587890401264334,true,true,experiments/algorithmic_compression_v2/results/raw_runs/V2-B-N064-R064-C03-X01/weighted_greedy__mandatory_only.toml,850215d51f7e12f3cdee29d4bdf3b1c79d2586208a1c70d9ee9931661f616b54
structured,N64-R64,V2-B-N064-R064-C03-X01,weighted_greedy_reverse_delete,Weighted greedy + reverse deletion,1.0,true,true,experiments/algorithmic_compression_v2/results/raw_runs/V2-B-N064-R064-C03-X01/weighted_greedy_reverse_delete__mandatory_only.toml,dc9f939ee76688df205854f51c99fc4ce11e985a73fdc467ce813fd0b314d456
structured,N64-R64,V2-B-N064-R064-C03-X02,cardinality_greedy,Cardinality greedy,1.0,true,true,experiments/algorithmic_compression_v2/results/raw_runs/V2-B-N064-R064-C03-X02/cardinality_greedy__mandatory_only.toml,e4ccf100f1418e91e534fcd2313a4942bf34799b7a72ee2120f75633379c2659
structured,N64-R64,V2-B-N064-R064-C03-X02,declared_source_order,Declared source order,2.7422212219125375,true,true,experiments/algorithmic_compression_v2/results/raw_runs/V2-B-N064-R064-C03-X02/declared_source_order__mandatory_only.toml,1c94a3814eef8edbd44d4ac35834580a2df4ecf4858f8c9bd1ad363a99b9d74a
structured,N64-R64,V2-B-N064-R064-C03-X02,heaviest_safe_first,Heaviest safe first,2.075890959392908,true,true,experiments/algorithmic_compression_v2/results/raw_runs/V2-B-N064-R064-C03-X02/heaviest_safe_first__mandatory_only.toml,a6ad113cb091306b3e6b7b8645b9b591023d6cd0495115fc802800662f90f18b
structured,N64-R64,V2-B-N064-R064-C03-X02,jump_highs_tagged_cover,HiGHS MIP,9.026747321773591,true,true,experiments/algorithmic_compression_v2/results/raw_runs/V2-B-N064-R064-C03-X02/jump_highs_tagged_cover__full_fixed_point.toml,11a927aa19925d7b79badc6edb1423897e328b7c6af6432bcaef0d73c031a9ed
structured,N64-R64,V2-B-N064-R064-C03-X02,lightest_safe_first,Lightest safe first,4.312842570439615,true,true,experiments/algorithmic_compression_v2/results/raw_runs/V2-B-N064-R064-C03-X02/lightest_safe_first__mandatory_only.toml,171abe282b7b8bdb4c5eefd5c500e031019209428acc3e078e90ca88e6de02be
structured,N64-R64,V2-B-N064-R064-C03-X02,maximum_immediate_burden_release,Maximum immediate release,3.873422284159205,true,true,experiments/algorithmic_compression_v2/results/raw_runs/V2-B-N064-R064-C03-X02/maximum_immediate_burden_release__mandatory_only.toml,ebb5f4cd921d137da86dd2a560bb65aa0438f78e87da01a3c19da977515624c4
structured,N64-R64,V2-B-N064-R064-C03-X02,minimum_unique_carrier_exposure,Minimum unique-carrier exposure,2.091289392332421,true,true,experiments/algorithmic_compression_v2/results/raw_runs/V2-B-N064-R064-C03-X02/minimum_unique_carrier_exposure__mandatory_only.toml,e64c5eef51e32ca933f6e4da6eaa894dfdae820ab1cfc73e4caf64384fbe16b9
structured,N64-R64,V2-B-N064-R064-C03-X02,multistart_random_rechecked_deletion_32,32-start random deletion,39.93272574797129,true,true,experiments/algorithmic_compression_v2/results/raw_runs/V2-B-N064-R064-C03-X02/multistart_random_rechecked_deletion_32__mandatory_only.toml,1a8dfaa75fc86e062b5560650863f46228c1e52b4ac5f5adfef9359ee20bf85b
structured,N64-R64,V2-B-N064-R064-C03-X02,random_order_rechecked_deletion,Random-order deletion,3.010956474196121,true,true,experiments/algorithmic_compression_v2/results/raw_runs/V2-B-N064-R064-C03-X02/random_order_rechecked_deletion__mandatory_only.toml,77ec700a3ced4bed6728b52cbd8d3d0ed78671e81d812d100530f7e72ea1543f
structured,N64-R64,V2-B-N064-R064-C03-X02,weighted_greedy,Weighted greedy,3.6817357168109575,true,true,experiments/algorithmic_compression_v2/results/raw_runs/V2-B-N064-R064-C03-X02/weighted_greedy__mandatory_only.toml,547427068470ef89c1e4c83f74354c87d972820e577ffe0be3279d39f35f282d
structured,N64-R64,V2-B-N064-R064-C03-X02,weighted_greedy_reverse_delete,Weighted greedy + reverse deletion,2.8019907546719947,true,true,experiments/algorithmic_compression_v2/results/raw_runs/V2-B-N064-R064-C03-X02/weighted_greedy_reverse_delete__mandatory_only.toml,2b938a38c72fd136e3062a60fe64786a85e4fdabad2ed17b340d955075fc986b
structured,N64-R64,V2-B-N064-R064-C04-X01,cardinality_greedy,Cardinality greedy,1.0,true,true,experiments/algorithmic_compression_v2/results/raw_runs/V2-B-N064-R064-C04-X01/cardinality_greedy__mandatory_only.toml,2f68ecf027744dd844be214226b854c99e207db4874d8734b511f7637cc05dc6
structured,N64-R64,V2-B-N064-R064-C04-X01,declared_source_order,Declared source order,2.44498686998963,true,true,experiments/algorithmic_compression_v2/results/raw_runs/V2-B-N064-R064-C04-X01/declared_source_order__mandatory_only.toml,f9c131eebf6b936c190832ab1e9914f9b74cf4b37a70747a5dafcfe7c35904c4
structured,N64-R64,V2-B-N064-R064-C04-X01,heaviest_safe_first,Heaviest safe first,2.369882260148429,true,true,experiments/algorithmic_compression_v2/results/raw_runs/V2-B-N064-R064-C04-X01/heaviest_safe_first__mandatory_only.toml,5ab44e1d18936b30a84156def75a9a758e04ed15654579d5db4cc1c7ed3b174c
structured,N64-R64,V2-B-N064-R064-C04-X01,jump_highs_tagged_cover,HiGHS MIP,26.059886974015857,true,true,experiments/algorithmic_compression_v2/results/raw_runs/V2-B-N064-R064-C04-X01/jump_highs_tagged_cover__full_fixed_point.toml,cd091228c2b6fadaa9c6992e584104a077ab31f20a85621bb723644d9970aed8
structured,N64-R64,V2-B-N064-R064-C04-X01,lightest_safe_first,Lightest safe first,2.767567232691669,true,true,experiments/algorithmic_compression_v2/results/raw_runs/V2-B-N064-R064-C04-X01/lightest_safe_first__mandatory_only.toml,18b2a552da1b8b8e7b81e82bec740622da51c306b891acdbba2cde9a88273297
structured,N64-R64,V2-B-N064-R064-C04-X01,maximum_immediate_burden_release,Maximum immediate release,4.225919022759408,true,true,experiments/algorithmic_compression_v2/results/raw_runs/V2-B-N064-R064-C04-X01/maximum_immediate_burden_release__mandatory_only.toml,cf49baf8be80913107bba34b437c5e225256b39c5493ffc9f9ca2324a6606ae8
structured,N64-R64,V2-B-N064-R064-C04-X01,minimum_unique_carrier_exposure,Minimum unique-carrier exposure,3.5403272309906404,true,true,experiments/algorithmic_compression_v2/results/raw_runs/V2-B-N064-R064-C04-X01/minimum_unique_carrier_exposure__mandatory_only.toml,3999a00e2ff25712f25b80bc462c505534c4e817048542dff1f3757af64ff4b2
structured,N64-R64,V2-B-N064-R064-C04-X01,multistart_random_rechecked_deletion_32,32-start random deletion,24.067982715993583,true,true,experiments/algorithmic_compression_v2/results/raw_runs/V2-B-N064-R064-C04-X01/multistart_random_rechecked_deletion_32__mandatory_only.toml,8398683411941d6b9da1aa8c92362bb6d83c5ebc164741877ad59fd9fe584286
structured,N64-R64,V2-B-N064-R064-C04-X01,random_order_rechecked_deletion,Random-order deletion,3.5478869819910948,true,true,experiments/algorithmic_compression_v2/results/raw_runs/V2-B-N064-R064-C04-X01/random_order_rechecked_deletion__mandatory_only.toml,4a918ee4ce289d9b59b5c9a8a07a0c52e379a7a9b5dfecb844fb5103c8bf597f
structured,N64-R64,V2-B-N064-R064-C04-X01,weighted_greedy,Weighted greedy,3.6313651050972586,true,true,experiments/algorithmic_compression_v2/results/raw_runs/V2-B-N064-R064-C04-X01/weighted_greedy__mandatory_only.toml,7b787544f191024c607957cea7be85438fc5348f1bc60b7ad07e4b8c78b69679
structured,N64-R64,V2-B-N064-R064-C04-X01,weighted_greedy_reverse_delete,Weighted greedy + reverse deletion,1.784965864510614,true,true,experiments/algorithmic_compression_v2/results/raw_runs/V2-B-N064-R064-C04-X01/weighted_greedy_reverse_delete__mandatory_only.toml,0b52b3b4adfe85dc03d7949beb6e62076790765828cc08be0bcaba66b1342be7
structured,N64-R64,V2-B-N064-R064-C04-X02,cardinality_greedy,Cardinality greedy,1.0,true,true,experiments/algorithmic_compression_v2/results/raw_runs/V2-B-N064-R064-C04-X02/cardinality_greedy__mandatory_only.toml,ff984ec353e4456faf49d8f19abfb95397324729d1701fe9513810c6f3f88d6b
structured,N64-R64,V2-B-N064-R064-C04-X02,declared_source_order,Declared source order,2.784668583344793,true,true,experiments/algorithmic_compression_v2/results/raw_runs/V2-B-N064-R064-C04-X02/declared_source_order__mandatory_only.toml,148a11c7a0f9a66140d4264dea3665bc6e214b8049ab5224fca1ae1718218e21
structured,N64-R64,V2-B-N064-R064-C04-X02,heaviest_safe_first,Heaviest safe first,4.0395350361402205,true,true,experiments/algorithmic_compression_v2/results/raw_runs/V2-B-N064-R064-C04-X02/heaviest_safe_first__mandatory_only.toml,db33017d20a950925165b3684173ae7cc25b07021e77e0220dbb3d77c2dd55dd
structured,N64-R64,V2-B-N064-R064-C04-X02,jump_highs_tagged_cover,HiGHS MIP,25.45245408769726,true,true,experiments/algorithmic_compression_v2/results/raw_runs/V2-B-N064-R064-C04-X02/jump_highs_tagged_cover__full_fixed_point.toml,4bb7016edcf16f727121e06cf509822fdba4edca63f8c4f0aabf8c9eb4da3ba8
structured,N64-R64,V2-B-N064-R064-C04-X02,lightest_safe_first,Lightest safe first,2.6863922991283777,true,true,experiments/algorithmic_compression_v2/results/raw_runs/V2-B-N064-R064-C04-X02/lightest_safe_first__mandatory_only.toml,d644c5b2c564b5772f05d09b608959486458b9856ec53a4af2f9fe96e3151d5f
structured,N64-R64,V2-B-N064-R064-C04-X02,maximum_immediate_burden_release,Maximum immediate release,2.527401827638368,true,true,experiments/algorithmic_compression_v2/results/raw_runs/V2-B-N064-R064-C04-X02/maximum_immediate_burden_release__mandatory_only.toml,e1bdda70d6d5a3749105cbc13137713dafa2e48610582bfa6f14e4c98409ce4d
structured,N64-R64,V2-B-N064-R064-C04-X02,minimum_unique_carrier_exposure,Minimum unique-carrier exposure,3.8818900802299714,true,true,experiments/algorithmic_compression_v2/results/raw_runs/V2-B-N064-R064-C04-X02/minimum_unique_carrier_exposure__mandatory_only.toml,95597e215d9023a062911aa354af6ccf971ec0fcba45b5c6e4903a7258c55115
structured,N64-R64,V2-B-N064-R064-C04-X02,multistart_random_rechecked_deletion_32,32-start random deletion,25.70859271242858,true,true,experiments/algorithmic_compression_v2/results/raw_runs/V2-B-N064-R064-C04-X02/multistart_random_rechecked_deletion_32__mandatory_only.toml,d2ede106f62cb6a4650aa9b8d24e031ed23063a60f25b98e707a0c3a147fbb46
structured,N64-R64,V2-B-N064-R064-C04-X02,random_order_rechecked_deletion,Random-order deletion,3.0098772615188123,true,true,experiments/algorithmic_compression_v2/results/raw_runs/V2-B-N064-R064-C04-X02/random_order_rechecked_deletion__mandatory_only.toml,200e9da2d9216d2280976e56d5b1642716defc72f7d30af88372bfe8693d12fd
structured,N64-R64,V2-B-N064-R064-C04-X02,weighted_greedy,Weighted greedy,1.7981940898447581,true,true,experiments/algorithmic_compression_v2/results/raw_runs/V2-B-N064-R064-C04-X02/weighted_greedy__mandatory_only.toml,bad407154b2497bea2135e11d707f23026974a1782884df3f0aa74a391712237
structured,N64-R64,V2-B-N064-R064-C04-X02,weighted_greedy_reverse_delete,Weighted greedy + reverse deletion,1.5573009786210392,true,true,experiments/algorithmic_compression_v2/results/raw_runs/V2-B-N064-R064-C04-X02/weighted_greedy_reverse_delete__mandatory_only.toml,d374999bb2babeb7cd38e95559403ffe603d6a109f7c57b50fa962d14e6c23e4
structured,N64-R64,V2-B-N064-R064-C05-X01,cardinality_greedy,Cardinality greedy,1.7426658902271746,true,true,experiments/algorithmic_compression_v2/results/raw_runs/V2-B-N064-R064-C05-X01/cardinality_greedy__mandatory_only.toml,0fe95c8fc2bb0f2a81c7cce1d90f20636927d7aa083df8d37fbc3687e5d40db3
structured,N64-R64,V2-B-N064-R064-C05-X01,declared_source_order,Declared source order,2.2025182297119104,true,true,experiments/algorithmic_compression_v2/results/raw_runs/V2-B-N064-R064-C05-X01/declared_source_order__mandatory_only.toml,75f2da14f932cfa8ec27a2a41cfe2f9486cae6f26a660be5178a70d024ad3dc0
structured,N64-R64,V2-B-N064-R064-C05-X01,heaviest_safe_first,Heaviest safe first,1.1644891280494116,true,true,experiments/algorithmic_compression_v2/results/raw_runs/V2-B-N064-R064-C05-X01/heaviest_safe_first__mandatory_only.toml,46ec8a4ced6218f87d1d9147f152407dc6436a801747e146c0bfd9dc1813d20a
structured,N64-R64,V2-B-N064-R064-C05-X01,jump_highs_tagged_cover,HiGHS MIP,27.734957296541992,true,true,experiments/algorithmic_compression_v2/results/raw_runs/V2-B-N064-R064-C05-X01/jump_highs_tagged_cover__full_fixed_point.toml,b694431d143394db4cb5a61731a145438e3f7c053d2000104b15cfccdcec0ce0
structured,N64-R64,V2-B-N064-R064-C05-X01,lightest_safe_first,Lightest safe first,3.057831657345327,true,true,experiments/algorithmic_compression_v2/results/raw_runs/V2-B-N064-R064-C05-X01/lightest_safe_first__mandatory_only.toml,5183a6be926ad5fb3ded84a13570bad94115bb7575c34ac998edc96c0484f2b4
structured,N64-R64,V2-B-N064-R064-C05-X01,maximum_immediate_burden_release,Maximum immediate release,2.5776354604993172,true,true,experiments/algorithmic_compression_v2/results/raw_runs/V2-B-N064-R064-C05-X01/maximum_immediate_burden_release__mandatory_only.toml,ac82b9f607d1d193f7b783bc209438ac96b7ebc2ad3812455a9df2eb2a56dc1c
structured,N64-R64,V2-B-N064-R064-C05-X01,minimum_unique_carrier_exposure,Minimum unique-carrier exposure,1.0,true,true,experiments/algorithmic_compression_v2/results/raw_runs/V2-B-N064-R064-C05-X01/minimum_unique_carrier_exposure__mandatory_only.toml,440e8a77f45c3f9584d30bb594a61b4058e2b728f93d0666e61d8c6cd0288f8a
structured,N64-R64,V2-B-N064-R064-C05-X01,multistart_random_rechecked_deletion_32,32-start random deletion,17.41463913960679,true,true,experiments/algorithmic_compression_v2/results/raw_runs/V2-B-N064-R064-C05-X01/multistart_random_rechecked_deletion_32__mandatory_only.toml,8e368c0442e27227ef95785b16ced0ade51d9ee3925f02cdd308f4864e42bedb
structured,N64-R64,V2-B-N064-R064-C05-X01,random_order_rechecked_deletion,Random-order deletion,2.8802787340743294,true,true,experiments/algorithmic_compression_v2/results/raw_runs/V2-B-N064-R064-C05-X01/random_order_rechecked_deletion__mandatory_only.toml,4abef57821266c3c32c214338ef98c1070df28f4f1135866708aaf26e616e01c
structured,N64-R64,V2-B-N064-R064-C05-X01,weighted_greedy,Weighted greedy,2.0918110706941655,true,true,experiments/algorithmic_compression_v2/results/raw_runs/V2-B-N064-R064-C05-X01/weighted_greedy__mandatory_only.toml,ccda22e7baa50a383a39031c2441ae2ec7b78e0cdd085c5647f45b2c476f131a
structured,N64-R64,V2-B-N064-R064-C05-X01,weighted_greedy_reverse_delete,Weighted greedy + reverse deletion,2.2686349888292106,true,true,experiments/algorithmic_compression_v2/results/raw_runs/V2-B-N064-R064-C05-X01/weighted_greedy_reverse_delete__mandatory_only.toml,634407380210afb18b783f5df66440c0ac8db98dde8e476ad463e8314052740a
structured,N64-R64,V2-B-N064-R064-C05-X02,cardinality_greedy,Cardinality greedy,2.3075858655783867,true,true,experiments/algorithmic_compression_v2/results/raw_runs/V2-B-N064-R064-C05-X02/cardinality_greedy__mandatory_only.toml,ea5812936e378e038e63c9852c9086691810562a70bf3f8066f15777cc22d9ca
structured,N64-R64,V2-B-N064-R064-C05-X02,declared_source_order,Declared source order,2.173220859058358,true,true,experiments/algorithmic_compression_v2/results/raw_runs/V2-B-N064-R064-C05-X02/declared_source_order__mandatory_only.toml,6ff6e23c95acf6898988b21d951e57ada98171d28b925eeeac7adf9dbdfeb2af
structured,N64-R64,V2-B-N064-R064-C05-X02,heaviest_safe_first,Heaviest safe first,2.8208575988047744,true,true,experiments/algorithmic_compression_v2/results/raw_runs/V2-B-N064-R064-C05-X02/heaviest_safe_first__mandatory_only.toml,6ec54519bb9ad9571220be886a86ea83a05711492deff2eed14fc665db2b70df
structured,N64-R64,V2-B-N064-R064-C05-X02,jump_highs_tagged_cover,HiGHS MIP,16.043510264319796,true,true,experiments/algorithmic_compression_v2/results/raw_runs/V2-B-N064-R064-C05-X02/jump_highs_tagged_cover__full_fixed_point.toml,10bb1dd57df2aee87a052934ab14ec053e99d9e730c0ad370aace2bfe45df922
structured,N64-R64,V2-B-N064-R064-C05-X02,lightest_safe_first,Lightest safe first,1.7929691832542765,true,true,experiments/algorithmic_compression_v2/results/raw_runs/V2-B-N064-R064-C05-X02/lightest_safe_first__mandatory_only.toml,b3738bf7fa619efb6e046e8a3ff5eb23dfbc3cbc3342244c4b209a29ed38779f
structured,N64-R64,V2-B-N064-R064-C05-X02,maximum_immediate_burden_release,Maximum immediate release,2.063745409458648,true,true,experiments/algorithmic_compression_v2/results/raw_runs/V2-B-N064-R064-C05-X02/maximum_immediate_burden_release__mandatory_only.toml,b4b8849fd824cc4e43a8eefbc274a994e4ef65d89fe664024e2097e365103281
structured,N64-R64,V2-B-N064-R064-C05-X02,minimum_unique_carrier_exposure,Minimum unique-carrier exposure,3.414619059710258,true,true,experiments/algorithmic_compression_v2/results/raw_runs/V2-B-N064-R064-C05-X02/minimum_unique_carrier_exposure__mandatory_only.toml,201837462888481e7c6ad92dd1b02b181ad444b2070c88e882444c9f6714f9fa
structured,N64-R64,V2-B-N064-R064-C05-X02,multistart_random_rechecked_deletion_32,32-start random deletion,13.145961677662642,true,true,experiments/algorithmic_compression_v2/results/raw_runs/V2-B-N064-R064-C05-X02/multistart_random_rechecked_deletion_32__mandatory_only.toml,c7c513afe578308bc6ac2731bfa2d3e639de319c615e9bb89c9577e4eef916b4
structured,N64-R64,V2-B-N064-R064-C05-X02,random_order_rechecked_deletion,Random-order deletion,2.286783218014226,true,true,experiments/algorithmic_compression_v2/results/raw_runs/V2-B-N064-R064-C05-X02/random_order_rechecked_deletion__mandatory_only.toml,5cfd708e03027a24bd91c6f554e3984ee8413cde56da3c16d847a09b26ffce24
structured,N64-R64,V2-B-N064-R064-C05-X02,weighted_greedy,Weighted greedy,1.9016855927172092,true,true,experiments/algorithmic_compression_v2/results/raw_runs/V2-B-N064-R064-C05-X02/weighted_greedy__mandatory_only.toml,81191cd47439fb855858c25bcc9d0258b7508d4cab5bc8919e7656ac995af89f
structured,N64-R64,V2-B-N064-R064-C05-X02,weighted_greedy_reverse_delete,Weighted greedy + reverse deletion,1.0,true,true,experiments/algorithmic_compression_v2/results/raw_runs/V2-B-N064-R064-C05-X02/weighted_greedy_reverse_delete__mandatory_only.toml,0f235776e25f11bd8fa1d33da657c704a6ab744e486a69ca5973f844d738bb2f
structured,N64-R64,V2-B-N064-R064-C06-X01,cardinality_greedy,Cardinality greedy,1.3217229318410868,true,true,experiments/algorithmic_compression_v2/results/raw_runs/V2-B-N064-R064-C06-X01/cardinality_greedy__mandatory_only.toml,634ca4aa2886712105f9e6310b57dd30e055ddefd09161bd74a92d938a670c2c
structured,N64-R64,V2-B-N064-R064-C06-X01,declared_source_order,Declared source order,1.4739784561280933,true,true,experiments/algorithmic_compression_v2/results/raw_runs/V2-B-N064-R064-C06-X01/declared_source_order__mandatory_only.toml,e2e4b040b8254286e1f1f6e9917771d00a30064e3131fda00d57d1755e76accf
structured,N64-R64,V2-B-N064-R064-C06-X01,heaviest_safe_first,Heaviest safe first,1.0,true,true,experiments/algorithmic_compression_v2/results/raw_runs/V2-B-N064-R064-C06-X01/heaviest_safe_first__mandatory_only.toml,de76e8a942eb7b72ce0f010ea56b5de3b5de9f44a6f84c4a4c37b2f8256647ee
structured,N64-R64,V2-B-N064-R064-C06-X01,jump_highs_tagged_cover,HiGHS MIP,12.759473316698623,true,true,experiments/algorithmic_compression_v2/results/raw_runs/V2-B-N064-R064-C06-X01/jump_highs_tagged_cover__full_fixed_point.toml,aff5cb4a6663697001a62560c6259837755b849cb836d8c6325135917c81945a
structured,N64-R64,V2-B-N064-R064-C06-X01,lightest_safe_first,Lightest safe first,1.3265608404610623,true,true,experiments/algorithmic_compression_v2/results/raw_runs/V2-B-N064-R064-C06-X01/lightest_safe_first__mandatory_only.toml,4120be1aa831cebfecfc64474d38d3075201a98324173790816e816e96639f52
structured,N64-R64,V2-B-N064-R064-C06-X01,maximum_immediate_burden_release,Maximum immediate release,1.5671438330828744,true,true,experiments/algorithmic_compression_v2/results/raw_runs/V2-B-N064-R064-C06-X01/maximum_immediate_burden_release__mandatory_only.toml,583632dfd9fc889d765b0b38fd1e14861b9d550cf76553e718e3bc1871fd3ad7
structured,N64-R64,V2-B-N064-R064-C06-X01,minimum_unique_carrier_exposure,Minimum unique-carrier exposure,1.149115107549876,true,true,experiments/algorithmic_compression_v2/results/raw_runs/V2-B-N064-R064-C06-X01/minimum_unique_carrier_exposure__mandatory_only.toml,4d63fe1c7b2c717f195ae559318817e6d1c90fa5d6062bb2dec537c8f98c5891
structured,N64-R64,V2-B-N064-R064-C06-X01,multistart_random_rechecked_deletion_32,32-start random deletion,8.837520629493747,true,true,experiments/algorithmic_compression_v2/results/raw_runs/V2-B-N064-R064-C06-X01/multistart_random_rechecked_deletion_32__mandatory_only.toml,491fcaa667f7d8b487b756676086728fcecaf11345e058ee6038da5d38a939f5
structured,N64-R64,V2-B-N064-R064-C06-X01,random_order_rechecked_deletion,Random-order deletion,1.8294570977620566,true,true,experiments/algorithmic_compression_v2/results/raw_runs/V2-B-N064-R064-C06-X01/random_order_rechecked_deletion__mandatory_only.toml,1bce1595b59e89c6308b5d920c5d507592c8ea9176586816e211cb645111b4b0
structured,N64-R64,V2-B-N064-R064-C06-X01,weighted_greedy,Weighted greedy,1.1332143304997768,true,true,experiments/algorithmic_compression_v2/results/raw_runs/V2-B-N064-R064-C06-X01/weighted_greedy__mandatory_only.toml,b02a8dbc3f15f907e2cccbe00b4ab15ad4f61d9ffa03b6f2d110ffce9537a439
structured,N64-R64,V2-B-N064-R064-C06-X01,weighted_greedy_reverse_delete,Weighted greedy + reverse deletion,1.3885554269867233,true,true,experiments/algorithmic_compression_v2/results/raw_runs/V2-B-N064-R064-C06-X01/weighted_greedy_reverse_delete__mandatory_only.toml,9fb4d1fcc08b358b67de5c94d9ae9e880971f452de344567749d67525725fb0a
structured,N64-R64,V2-B-N064-R064-C06-X02,cardinality_greedy,Cardinality greedy,2.5059857746977725,true,true,experiments/algorithmic_compression_v2/results/raw_runs/V2-B-N064-R064-C06-X02/cardinality_greedy__mandatory_only.toml,c48a6ec1ecf6f53ac355665d082112b793cfc20df8e367ec571262307b158ac1
structured,N64-R64,V2-B-N064-R064-C06-X02,declared_source_order,Declared source order,2.3643171052269465,true,true,experiments/algorithmic_compression_v2/results/raw_runs/V2-B-N064-R064-C06-X02/declared_source_order__mandatory_only.toml,1d1991b94cb05057b555da0c35b9786bbddbe755541e497d32531ccd66040591
structured,N64-R64,V2-B-N064-R064-C06-X02,heaviest_safe_first,Heaviest safe first,1.9239292721707317,true,true,experiments/algorithmic_compression_v2/results/raw_runs/V2-B-N064-R064-C06-X02/heaviest_safe_first__mandatory_only.toml,70bf0735b93d37f3b8350d573362386557c005e0d7eab772029c66ef7bdd5f14
structured,N64-R64,V2-B-N064-R064-C06-X02,jump_highs_tagged_cover,HiGHS MIP,11.745276553085398,true,true,experiments/algorithmic_compression_v2/results/raw_runs/V2-B-N064-R064-C06-X02/jump_highs_tagged_cover__full_fixed_point.toml,166ca3ebeaf4ae2b3a6c6f0a1069ab2504ac7cc330ad8f2bdb852a0cdd881c4f
structured,N64-R64,V2-B-N064-R064-C06-X02,lightest_safe_first,Lightest safe first,1.5695814510889745,true,true,experiments/algorithmic_compression_v2/results/raw_runs/V2-B-N064-R064-C06-X02/lightest_safe_first__mandatory_only.toml,27ddd029fd91d2f03ddcbd77c84215d03e002e38ab5c5da6fb74a31340f6bd4e
structured,N64-R64,V2-B-N064-R064-C06-X02,maximum_immediate_burden_release,Maximum immediate release,2.121129382630683,true,true,experiments/algorithmic_compression_v2/results/raw_runs/V2-B-N064-R064-C06-X02/maximum_immediate_burden_release__mandatory_only.toml,1ce1ed7242d9924a13ebda304410f4dd200c3a3ce80020d3147d7fc17aa39cc0
structured,N64-R64,V2-B-N064-R064-C06-X02,minimum_unique_carrier_exposure,Minimum unique-carrier exposure,1.0663167606188058,true,true,experiments/algorithmic_compression_v2/results/raw_runs/V2-B-N064-R064-C06-X02/minimum_unique_carrier_exposure__mandatory_only.toml,c947286ca842b6dfbea6bb967826f7daab3436cf73fb8aeba3b658f0a64c26a1
structured,N64-R64,V2-B-N064-R064-C06-X02,multistart_random_rechecked_deletion_32,32-start random deletion,12.121429581315542,true,true,experiments/algorithmic_compression_v2/results/raw_runs/V2-B-N064-R064-C06-X02/multistart_random_rechecked_deletion_32__mandatory_only.toml,78ff6bfc2e0d5badac8e158f86df8d5fbe6fd5a96effe4b612637802be9de650
structured,N64-R64,V2-B-N064-R064-C06-X02,random_order_rechecked_deletion,Random-order deletion,2.558861165004601,true,true,experiments/algorithmic_compression_v2/results/raw_runs/V2-B-N064-R064-C06-X02/random_order_rechecked_deletion__mandatory_only.toml,a778a14c6ce433b5b4ed71a602b09749a68de6be6199525d2bb952635db55a7c
structured,N64-R64,V2-B-N064-R064-C06-X02,weighted_greedy,Weighted greedy,1.0,true,true,experiments/algorithmic_compression_v2/results/raw_runs/V2-B-N064-R064-C06-X02/weighted_greedy__mandatory_only.toml,3d81504e4e2a41ef4c524fc55cb721f61c653f773245a3883c69fb64112976ef
structured,N64-R64,V2-B-N064-R064-C06-X02,weighted_greedy_reverse_delete,Weighted greedy + reverse deletion,1.0689118394202568,true,true,experiments/algorithmic_compression_v2/results/raw_runs/V2-B-N064-R064-C06-X02/weighted_greedy_reverse_delete__mandatory_only.toml,9678e9da5f94e66dafa53f5b3f2fb8d3f2457c62605bd30f0332b4ce8f82c90f
structured,N64-R64,V2-B-N064-R064-C07-X01,cardinality_greedy,Cardinality greedy,1.0,true,true,experiments/algorithmic_compression_v2/results/raw_runs/V2-B-N064-R064-C07-X01/cardinality_greedy__mandatory_only.toml,5bd759fd8eb25f86e22d56ca0b1054963dfc32260ebbd718700fc7c2a790ae8c
structured,N64-R64,V2-B-N064-R064-C07-X01,declared_source_order,Declared source order,3.6941212190411203,true,true,experiments/algorithmic_compression_v2/results/raw_runs/V2-B-N064-R064-C07-X01/declared_source_order__mandatory_only.toml,085f6bef594614ae815fdc8dc73b7a176cfbe546b42878aeca38c4b16b00de13
structured,N64-R64,V2-B-N064-R064-C07-X01,heaviest_safe_first,Heaviest safe first,2.9804763619027392,true,true,experiments/algorithmic_compression_v2/results/raw_runs/V2-B-N064-R064-C07-X01/heaviest_safe_first__mandatory_only.toml,21f4c3abf01126f8567d61ea70842c368eddf652c9cfc97e7d14a2d7551125d8
structured,N64-R64,V2-B-N064-R064-C07-X01,jump_highs_tagged_cover,HiGHS MIP,16.963251037941966,true,true,experiments/algorithmic_compression_v2/results/raw_runs/V2-B-N064-R064-C07-X01/jump_highs_tagged_cover__full_fixed_point.toml,5de4def67067e86414f369a2efb0a12521dc6f751cbcf8e904ac3ae2afe84234
structured,N64-R64,V2-B-N064-R064-C07-X01,lightest_safe_first,Lightest safe first,3.052825877801942,true,true,experiments/algorithmic_compression_v2/results/raw_runs/V2-B-N064-R064-C07-X01/lightest_safe_first__mandatory_only.toml,57951d31556ad4154f07c9f77da547680b854ad7e2e5d31eee6a408c262a2183
structured,N64-R64,V2-B-N064-R064-C07-X01,maximum_immediate_burden_release,Maximum immediate release,4.494613440219335,true,true,experiments/algorithmic_compression_v2/results/raw_runs/V2-B-N064-R064-C07-X01/maximum_immediate_burden_release__mandatory_only.toml,c3681c8b767c6250963a75ceca2321408ddaac3095e87978703c29463ec0428a
structured,N64-R64,V2-B-N064-R064-C07-X01,minimum_unique_carrier_exposure,Minimum unique-carrier exposure,4.557702551271865,true,true,experiments/algorithmic_compression_v2/results/raw_runs/V2-B-N064-R064-C07-X01/minimum_unique_carrier_exposure__mandatory_only.toml,f70631ae6cff109064126fa45072c1d84faa107697261c21f8d2213b382817f3
structured,N64-R64,V2-B-N064-R064-C07-X01,multistart_random_rechecked_deletion_32,32-start random deletion,28.97410617807008,true,true,experiments/algorithmic_compression_v2/results/raw_runs/V2-B-N064-R064-C07-X01/multistart_random_rechecked_deletion_32__mandatory_only.toml,9254578c21956dac8e57bd24caa5ad1f99259453c2d710c4f6c5397bdec4a636
structured,N64-R64,V2-B-N064-R064-C07-X01,random_order_rechecked_deletion,Random-order deletion,4.7411376746545,true,true,experiments/algorithmic_compression_v2/results/raw_runs/V2-B-N064-R064-C07-X01/random_order_rechecked_deletion__mandatory_only.toml,0000ab0929bce5d4b317bf1dd6081439f4400a173f863016629f589a159794db
structured,N64-R64,V2-B-N064-R064-C07-X01,weighted_greedy,Weighted greedy,3.9297366676527052,true,true,experiments/algorithmic_compression_v2/results/raw_runs/V2-B-N064-R064-C07-X01/weighted_greedy__mandatory_only.toml,af05a11fe4d47efb51361cb7cfb623cb86f7ef2485ba1a8a38d7947b66a12293
structured,N64-R64,V2-B-N064-R064-C07-X01,weighted_greedy_reverse_delete,Weighted greedy + reverse deletion,2.689032195763285,true,true,experiments/algorithmic_compression_v2/results/raw_runs/V2-B-N064-R064-C07-X01/weighted_greedy_reverse_delete__mandatory_only.toml,1236d81f5f24a57f64a58e27b4a0f8fb1648cd4945e1ff6502d0ecb7257e722e
structured,N64-R64,V2-B-N064-R064-C07-X02,cardinality_greedy,Cardinality greedy,1.0,true,true,experiments/algorithmic_compression_v2/results/raw_runs/V2-B-N064-R064-C07-X02/cardinality_greedy__mandatory_only.toml,687dfac4bb037708312a6defb8578e17b6baeef2b3e9a6a0ae1e2caefd5cc924
structured,N64-R64,V2-B-N064-R064-C07-X02,declared_source_order,Declared source order,1.7562992266608044,true,true,experiments/algorithmic_compression_v2/results/raw_runs/V2-B-N064-R064-C07-X02/declared_source_order__mandatory_only.toml,1908c756de26789e49cb70c08fada0e26eb85c2a572fc836ebca271ffed23e18
structured,N64-R64,V2-B-N064-R064-C07-X02,heaviest_safe_first,Heaviest safe first,2.266665365031246,true,true,experiments/algorithmic_compression_v2/results/raw_runs/V2-B-N064-R064-C07-X02/heaviest_safe_first__mandatory_only.toml,c4e74e7a7220e63e05a6e48bba823f19df0f093ea624992367492e2a1db1f344
structured,N64-R64,V2-B-N064-R064-C07-X02,jump_highs_tagged_cover,HiGHS MIP,8.164104436728211,true,true,experiments/algorithmic_compression_v2/results/raw_runs/V2-B-N064-R064-C07-X02/jump_highs_tagged_cover__full_fixed_point.toml,f090ec2ed64ee4622098d0431e625706ae440ba67f4d1c815cb79512d61653b4
structured,N64-R64,V2-B-N064-R064-C07-X02,lightest_safe_first,Lightest safe first,2.7046538801007003,true,true,experiments/algorithmic_compression_v2/results/raw_runs/V2-B-N064-R064-C07-X02/lightest_safe_first__mandatory_only.toml,c5de7b0fe2af46432e799fa5d2f6d2a8b18491e452190252074b82cc37d07a7a
structured,N64-R64,V2-B-N064-R064-C07-X02,maximum_immediate_burden_release,Maximum immediate release,1.3808718976908518,true,true,experiments/algorithmic_compression_v2/results/raw_runs/V2-B-N064-R064-C07-X02/maximum_immediate_burden_release__mandatory_only.toml,671b574261b0f55cdfa6f35a3773ec2ab7729b1cabe9b62fad28d4cc6c4fd797
structured,N64-R64,V2-B-N064-R064-C07-X02,minimum_unique_carrier_exposure,Minimum unique-carrier exposure,2.2812904798054694,true,true,experiments/algorithmic_compression_v2/results/raw_runs/V2-B-N064-R064-C07-X02/minimum_unique_carrier_exposure__mandatory_only.toml,4f5fd5fe0b777453bf21d2aacc34f1c27e43063440938f825643b14245e35389
structured,N64-R64,V2-B-N064-R064-C07-X02,multistart_random_rechecked_deletion_32,32-start random deletion,20.649650205990845,true,true,experiments/algorithmic_compression_v2/results/raw_runs/V2-B-N064-R064-C07-X02/multistart_random_rechecked_deletion_32__mandatory_only.toml,3cb882e2e722af563fdee77b2d7054ecc249d091603c4d497811d5d254b43f19
structured,N64-R64,V2-B-N064-R064-C07-X02,random_order_rechecked_deletion,Random-order deletion,1.5696982359705345,true,true,experiments/algorithmic_compression_v2/results/raw_runs/V2-B-N064-R064-C07-X02/random_order_rechecked_deletion__mandatory_only.toml,ed03e3735afb233f194dbbc05727cfd9a94581dd0c2785f24f027d212def10f5
structured,N64-R64,V2-B-N064-R064-C07-X02,weighted_greedy,Weighted greedy,1.37814893271671,true,true,experiments/algorithmic_compression_v2/results/raw_runs/V2-B-N064-R064-C07-X02/weighted_greedy__mandatory_only.toml,1860691fd7e7b4ad0e7916527c2962e5eff332a16b16aaaec587b97768006080
structured,N64-R64,V2-B-N064-R064-C07-X02,weighted_greedy_reverse_delete,Weighted greedy + reverse deletion,1.8824672684303954,true,true,experiments/algorithmic_compression_v2/results/raw_runs/V2-B-N064-R064-C07-X02/weighted_greedy_reverse_delete__mandatory_only.toml,ce6e094c1f4c118f0fe6e495369f675bcc368edfeab8d02de602268223986f79
structured,N64-R64,V2-B-N064-R064-C08-X01,cardinality_greedy,Cardinality greedy,1.0,true,true,experiments/algorithmic_compression_v2/results/raw_runs/V2-B-N064-R064-C08-X01/cardinality_greedy__mandatory_only.toml,e210b1e05980518a0cc9e208589c1a7492d3859fe59c494ae9fddb5ae401c7f8
structured,N64-R64,V2-B-N064-R064-C08-X01,declared_source_order,Declared source order,1.8069534986053786,true,true,experiments/algorithmic_compression_v2/results/raw_runs/V2-B-N064-R064-C08-X01/declared_source_order__mandatory_only.toml,a469e7afa4bf8fcc20851046c88accbdea1fb25fd503e5ee797dbf85253a4df5
structured,N64-R64,V2-B-N064-R064-C08-X01,heaviest_safe_first,Heaviest safe first,2.6408209290000335,true,true,experiments/algorithmic_compression_v2/results/raw_runs/V2-B-N064-R064-C08-X01/heaviest_safe_first__mandatory_only.toml,50dd55de08688113cdfe6ca6dccc498817754b7c154e6407dd5134fd9807a0be
structured,N64-R64,V2-B-N064-R064-C08-X01,jump_highs_tagged_cover,HiGHS MIP,23.277329878846295,true,true,experiments/algorithmic_compression_v2/results/raw_runs/V2-B-N064-R064-C08-X01/jump_highs_tagged_cover__full_fixed_point.toml,9ff4cfe981f6f853ef07804a39c5ad804538deae6e4dd8717fe6ed0546e52ac2
structured,N64-R64,V2-B-N064-R064-C08-X01,lightest_safe_first,Lightest safe first,2.1323525822872744,true,true,experiments/algorithmic_compression_v2/results/raw_runs/V2-B-N064-R064-C08-X01/lightest_safe_first__mandatory_only.toml,bf02e44799d6c51529e98dbf29f13b7098129194bd4794923eb2e81fd2acff5c
structured,N64-R64,V2-B-N064-R064-C08-X01,maximum_immediate_burden_release,Maximum immediate release,2.4280964888069967,true,true,experiments/algorithmic_compression_v2/results/raw_runs/V2-B-N064-R064-C08-X01/maximum_immediate_burden_release__mandatory_only.toml,fe5e74daa643d728a0cd6e946825e2bf71363fcbfb0553024e30892264ea030c
structured,N64-R64,V2-B-N064-R064-C08-X01,minimum_unique_carrier_exposure,Minimum unique-carrier exposure,2.532911688036107,true,true,experiments/algorithmic_compression_v2/results/raw_runs/V2-B-N064-R064-C08-X01/minimum_unique_carrier_exposure__mandatory_only.toml,a211a0d10ba88957caffef5b45838fcf1e33a72a49c1680651ca732476425197
structured,N64-R64,V2-B-N064-R064-C08-X01,multistart_random_rechecked_deletion_32,32-start random deletion,19.885017403586183,true,true,experiments/algorithmic_compression_v2/results/raw_runs/V2-B-N064-R064-C08-X01/multistart_random_rechecked_deletion_32__mandatory_only.toml,33a81a51527c624d22e4066cb07e510b75d99d13b476faf51230dd8504954178
structured,N64-R64,V2-B-N064-R064-C08-X01,random_order_rechecked_deletion,Random-order deletion,1.7961503595771593,true,true,experiments/algorithmic_compression_v2/results/raw_runs/V2-B-N064-R064-C08-X01/random_order_rechecked_deletion__mandatory_only.toml,3e4193ff4ea96b301580f29aafb923140dfab2431224889ebb14e41898b7b7d0
structured,N64-R64,V2-B-N064-R064-C08-X01,weighted_greedy,Weighted greedy,1.16694777537176,true,true,experiments/algorithmic_compression_v2/results/raw_runs/V2-B-N064-R064-C08-X01/weighted_greedy__mandatory_only.toml,0e8b5a9ea1f286274bb64cb6954d25b84d8584893d6677e687203e4914c82168
structured,N64-R64,V2-B-N064-R064-C08-X01,weighted_greedy_reverse_delete,Weighted greedy + reverse deletion,1.6635590911282392,true,true,experiments/algorithmic_compression_v2/results/raw_runs/V2-B-N064-R064-C08-X01/weighted_greedy_reverse_delete__mandatory_only.toml,38cb1d25cdc970c67af4edc415f493104cd61d4bc5867081edc7005819cf5d28
structured,N64-R64,V2-B-N064-R064-C08-X02,cardinality_greedy,Cardinality greedy,3.252864680198129,true,true,experiments/algorithmic_compression_v2/results/raw_runs/V2-B-N064-R064-C08-X02/cardinality_greedy__mandatory_only.toml,5b605617b3cb76678922a1d6732e59ecb417408ce78735346d96918bc3b554bd
structured,N64-R64,V2-B-N064-R064-C08-X02,declared_source_order,Declared source order,4.876887591974869,true,true,experiments/algorithmic_compression_v2/results/raw_runs/V2-B-N064-R064-C08-X02/declared_source_order__mandatory_only.toml,7824f74fb2517df422a1fa6a7b7e7c34d75b3dbf86eb60a2e04175f16e586f03
structured,N64-R64,V2-B-N064-R064-C08-X02,heaviest_safe_first,Heaviest safe first,4.519422578356102,true,true,experiments/algorithmic_compression_v2/results/raw_runs/V2-B-N064-R064-C08-X02/heaviest_safe_first__mandatory_only.toml,c76b7b3b6f47a868919ccc5f6c830b75b9389a351b3ffcdf61788bf991de4d71
structured,N64-R64,V2-B-N064-R064-C08-X02,jump_highs_tagged_cover,HiGHS MIP,31.71380260276422,true,true,experiments/algorithmic_compression_v2/results/raw_runs/V2-B-N064-R064-C08-X02/jump_highs_tagged_cover__full_fixed_point.toml,4b7e4709a8f30eacb87a98a17b738428cd74c83e257554654ea873fb66a89873
structured,N64-R64,V2-B-N064-R064-C08-X02,lightest_safe_first,Lightest safe first,4.082033094677339,true,true,experiments/algorithmic_compression_v2/results/raw_runs/V2-B-N064-R064-C08-X02/lightest_safe_first__mandatory_only.toml,15fe643ba929c7e102c789414d8bad7fb1552bc5874699c7751a9f5c46b55a9b
structured,N64-R64,V2-B-N064-R064-C08-X02,maximum_immediate_burden_release,Maximum immediate release,3.0620383729193135,true,true,experiments/algorithmic_compression_v2/results/raw_runs/V2-B-N064-R064-C08-X02/maximum_immediate_burden_release__mandatory_only.toml,a065f63fac9e6bbaf451a81f02e11820e2306d423ef98f76b34c3246c1c92e71
structured,N64-R64,V2-B-N064-R064-C08-X02,minimum_unique_carrier_exposure,Minimum unique-carrier exposure,3.8501209638851064,true,true,experiments/algorithmic_compression_v2/results/raw_runs/V2-B-N064-R064-C08-X02/minimum_unique_carrier_exposure__mandatory_only.toml,e67f1de1669e31c49f76e14e02ba431d1b3f6d220c50cc7c08ffa9ea60447fc1
structured,N64-R64,V2-B-N064-R064-C08-X02,multistart_random_rechecked_deletion_32,32-start random deletion,44.583001857400326,true,true,experiments/algorithmic_compression_v2/results/raw_runs/V2-B-N064-R064-C08-X02/multistart_random_rechecked_deletion_32__mandatory_only.toml,0984a77e42fd987edccf6ba7a1a4a15e034ceb233085f711fdf9b04ca6c032fa
structured,N64-R64,V2-B-N064-R064-C08-X02,random_order_rechecked_deletion,Random-order deletion,4.322111809590676,true,true,experiments/algorithmic_compression_v2/results/raw_runs/V2-B-N064-R064-C08-X02/random_order_rechecked_deletion__mandatory_only.toml,b0778436af8189b61bfa4b3b5cc464660f78da28261d9969a93788cf08e9a246
structured,N64-R64,V2-B-N064-R064-C08-X02,weighted_greedy,Weighted greedy,2.16038160387445,true,true,experiments/algorithmic_compression_v2/results/raw_runs/V2-B-N064-R064-C08-X02/weighted_greedy__mandatory_only.toml,8090237fdac99d7671a340994f28a0ea885a5bb650b928a70821d9dc4972088a
structured,N64-R64,V2-B-N064-R064-C08-X02,weighted_greedy_reverse_delete,Weighted greedy + reverse deletion,1.0,true,true,experiments/algorithmic_compression_v2/results/raw_runs/V2-B-N064-R064-C08-X02/weighted_greedy_reverse_delete__mandatory_only.toml,309322aeb2655e6e9368a6c907b04be3366dd5474e7345766ad120d62ba2ed23
structured,N64-R64,V2-B-N064-R064-C09-X01,cardinality_greedy,Cardinality greedy,,false,false,experiments/algorithmic_compression_v2/results/raw_runs/V2-B-N064-R064-C09-X01/cardinality_greedy__mandatory_only.toml,8091aa0ee547fc2fb4bf9396033a43b95372179afb74ec9f629fa96121029615
structured,N64-R64,V2-B-N064-R064-C09-X01,declared_source_order,Declared source order,,false,false,experiments/algorithmic_compression_v2/results/raw_runs/V2-B-N064-R064-C09-X01/declared_source_order__mandatory_only.toml,51897a0f375ce743af0a9b2c256ada6fe311266622d08547c2612a411fb8d9a1
structured,N64-R64,V2-B-N064-R064-C09-X01,heaviest_safe_first,Heaviest safe first,,false,false,experiments/algorithmic_compression_v2/results/raw_runs/V2-B-N064-R064-C09-X01/heaviest_safe_first__mandatory_only.toml,734bfee5a00c3da30ca38092bba2e07b3d354e21baf2db747b00dc23a4df8497
structured,N64-R64,V2-B-N064-R064-C09-X01,jump_highs_tagged_cover,HiGHS MIP,,false,false,experiments/algorithmic_compression_v2/results/raw_runs/V2-B-N064-R064-C09-X01/jump_highs_tagged_cover__full_fixed_point.toml,be85638267737f94e5089a537db9d493ea5767d41ad2e3a0671315b46de597fa
structured,N64-R64,V2-B-N064-R064-C09-X01,lightest_safe_first,Lightest safe first,,false,false,experiments/algorithmic_compression_v2/results/raw_runs/V2-B-N064-R064-C09-X01/lightest_safe_first__mandatory_only.toml,04996166a88165bd67a5fec46224c94ce670d21a39a7aba7407750587426fbfa
structured,N64-R64,V2-B-N064-R064-C09-X01,maximum_immediate_burden_release,Maximum immediate release,,false,false,experiments/algorithmic_compression_v2/results/raw_runs/V2-B-N064-R064-C09-X01/maximum_immediate_burden_release__mandatory_only.toml,3f1f4a17a590bd88961400c7898313d5a034cfcc15e8f6b685745513cc4826f1
structured,N64-R64,V2-B-N064-R064-C09-X01,minimum_unique_carrier_exposure,Minimum unique-carrier exposure,,false,false,experiments/algorithmic_compression_v2/results/raw_runs/V2-B-N064-R064-C09-X01/minimum_unique_carrier_exposure__mandatory_only.toml,2005b5f1dbe1e6b08f0376ce5e6242eb88dcaee2eef262414331e59ddc848677
structured,N64-R64,V2-B-N064-R064-C09-X01,multistart_random_rechecked_deletion_32,32-start random deletion,,false,false,experiments/algorithmic_compression_v2/results/raw_runs/V2-B-N064-R064-C09-X01/multistart_random_rechecked_deletion_32__mandatory_only.toml,15d0d6173640ad861663c3ee6a82e67ea1ec81b3fbfeb9ec28824d0c80b57801
structured,N64-R64,V2-B-N064-R064-C09-X01,random_order_rechecked_deletion,Random-order deletion,,false,false,experiments/algorithmic_compression_v2/results/raw_runs/V2-B-N064-R064-C09-X01/random_order_rechecked_deletion__mandatory_only.toml,be348289ce30e5905ee3ba048c3bad58435926d296c837cae4f199ee527a405e
structured,N64-R64,V2-B-N064-R064-C09-X01,weighted_greedy,Weighted greedy,,false,false,experiments/algorithmic_compression_v2/results/raw_runs/V2-B-N064-R064-C09-X01/weighted_greedy__mandatory_only.toml,5075cfd7687c8657bfa8baeaf80d232cfb22fabd06accb3c625e628b3abbc75d
structured,N64-R64,V2-B-N064-R064-C09-X01,weighted_greedy_reverse_delete,Weighted greedy + reverse deletion,,false,false,experiments/algorithmic_compression_v2/results/raw_runs/V2-B-N064-R064-C09-X01/weighted_greedy_reverse_delete__mandatory_only.toml,5b1452f95c1ef69dcfd83fe3284d1cd03a377db9a08bfd501d63d4d293d5e253
structured,N64-R64,V2-B-N064-R064-C09-X02,cardinality_greedy,Cardinality greedy,,false,false,experiments/algorithmic_compression_v2/results/raw_runs/V2-B-N064-R064-C09-X02/cardinality_greedy__mandatory_only.toml,190f711077d156a1fa82863d6524302bae3b1a66624ebd5078618aae0e8518db
structured,N64-R64,V2-B-N064-R064-C09-X02,declared_source_order,Declared source order,,false,false,experiments/algorithmic_compression_v2/results/raw_runs/V2-B-N064-R064-C09-X02/declared_source_order__mandatory_only.toml,5da0630098720b1a64911fc37b6eaf9d05f79b37acf6e581565f3df9c0e5e03d
structured,N64-R64,V2-B-N064-R064-C09-X02,heaviest_safe_first,Heaviest safe first,,false,false,experiments/algorithmic_compression_v2/results/raw_runs/V2-B-N064-R064-C09-X02/heaviest_safe_first__mandatory_only.toml,f8a8d067673f00be17738b97fd1b59ce6ad623d8ab1957b64db0333c125925cd
structured,N64-R64,V2-B-N064-R064-C09-X02,jump_highs_tagged_cover,HiGHS MIP,,false,false,experiments/algorithmic_compression_v2/results/raw_runs/V2-B-N064-R064-C09-X02/jump_highs_tagged_cover__full_fixed_point.toml,46954ad77d199eb7713c63c7d96d916586c3bb5cab8ed9e37b79599d30adcfe1
structured,N64-R64,V2-B-N064-R064-C09-X02,lightest_safe_first,Lightest safe first,,false,false,experiments/algorithmic_compression_v2/results/raw_runs/V2-B-N064-R064-C09-X02/lightest_safe_first__mandatory_only.toml,04f30fd9bfc6b2f76c9cb2145f9add3d2a8b810f6277ae129e5e5020a24dde5b
structured,N64-R64,V2-B-N064-R064-C09-X02,maximum_immediate_burden_release,Maximum immediate release,,false,false,experiments/algorithmic_compression_v2/results/raw_runs/V2-B-N064-R064-C09-X02/maximum_immediate_burden_release__mandatory_only.toml,3c11bb8a22946271bfdee6578f065dfd90bbef486a68c6f35031c4287b532f54
structured,N64-R64,V2-B-N064-R064-C09-X02,minimum_unique_carrier_exposure,Minimum unique-carrier exposure,,false,false,experiments/algorithmic_compression_v2/results/raw_runs/V2-B-N064-R064-C09-X02/minimum_unique_carrier_exposure__mandatory_only.toml,8bb435962c7f92145f2b23f23270a1c404df02382abf723f1087f2750f3564ba
structured,N64-R64,V2-B-N064-R064-C09-X02,multistart_random_rechecked_deletion_32,32-start random deletion,,false,false,experiments/algorithmic_compression_v2/results/raw_runs/V2-B-N064-R064-C09-X02/multistart_random_rechecked_deletion_32__mandatory_only.toml,3b97b37408843b1ef677af4e0788f6bcf75bceb162b2b87bb610b89c63c70657
structured,N64-R64,V2-B-N064-R064-C09-X02,random_order_rechecked_deletion,Random-order deletion,,false,false,experiments/algorithmic_compression_v2/results/raw_runs/V2-B-N064-R064-C09-X02/random_order_rechecked_deletion__mandatory_only.toml,469521437d6cf16238cba389baa0ad56a81ec0716e07af788f9c42247dbd14c1
structured,N64-R64,V2-B-N064-R064-C09-X02,weighted_greedy,Weighted greedy,,false,false,experiments/algorithmic_compression_v2/results/raw_runs/V2-B-N064-R064-C09-X02/weighted_greedy__mandatory_only.toml,df59bf0a060cd2e6d2dfff8d1d84baa8464067e5b49d0ef6444351dbdae71ce5
structured,N64-R64,V2-B-N064-R064-C09-X02,weighted_greedy_reverse_delete,Weighted greedy + reverse deletion,,false,false,experiments/algorithmic_compression_v2/results/raw_runs/V2-B-N064-R064-C09-X02/weighted_greedy_reverse_delete__mandatory_only.toml,de012b30ee9aec41d663b347014434adf52cc674bbc7538f7ea2d39106334bb3
structured,N64-R64,V2-B-N064-R064-C10-X01,cardinality_greedy,Cardinality greedy,1.0913457603003676,true,true,experiments/algorithmic_compression_v2/results/raw_runs/V2-B-N064-R064-C10-X01/cardinality_greedy__mandatory_only.toml,06d0d942a0c9465be2bf1a1ae84f3d8e4f63490b4084b93cda4705b03fae0dd8
structured,N64-R64,V2-B-N064-R064-C10-X01,declared_source_order,Declared source order,2.6654034522166885,true,true,experiments/algorithmic_compression_v2/results/raw_runs/V2-B-N064-R064-C10-X01/declared_source_order__mandatory_only.toml,62fa0afbc5856d00ca70fa02dfc092cd3a08a0d4c1cb79f00856e6434a8223e8
structured,N64-R64,V2-B-N064-R064-C10-X01,heaviest_safe_first,Heaviest safe first,1.637108714479601,true,true,experiments/algorithmic_compression_v2/results/raw_runs/V2-B-N064-R064-C10-X01/heaviest_safe_first__mandatory_only.toml,0b719551270c1ab8a8eb9272dca0e328d479461eb66d062d216bafc99d7f3fba
structured,N64-R64,V2-B-N064-R064-C10-X01,jump_highs_tagged_cover,HiGHS MIP,7.441068310329561,true,true,experiments/algorithmic_compression_v2/results/raw_runs/V2-B-N064-R064-C10-X01/jump_highs_tagged_cover__full_fixed_point.toml,5dbbc6b533136531f5642d547acb2f5eeaa3c6eebe153e782a8cfde5ab4af471
structured,N64-R64,V2-B-N064-R064-C10-X01,lightest_safe_first,Lightest safe first,1.6856805250097349,true,true,experiments/algorithmic_compression_v2/results/raw_runs/V2-B-N064-R064-C10-X01/lightest_safe_first__mandatory_only.toml,7176122ff2b9165a261f97586207c9b2f35943513965d81ae4c25ca79495d935
structured,N64-R64,V2-B-N064-R064-C10-X01,maximum_immediate_burden_release,Maximum immediate release,1.0,true,true,experiments/algorithmic_compression_v2/results/raw_runs/V2-B-N064-R064-C10-X01/maximum_immediate_burden_release__mandatory_only.toml,bcd52aa2c1f7f567d11a5e8dbed22aeab57130efa338a895b249eda056ebc6fd
structured,N64-R64,V2-B-N064-R064-C10-X01,minimum_unique_carrier_exposure,Minimum unique-carrier exposure,2.5700625780416515,true,true,experiments/algorithmic_compression_v2/results/raw_runs/V2-B-N064-R064-C10-X01/minimum_unique_carrier_exposure__mandatory_only.toml,920523b9b27c7c013ba55529ac41299b696deb99bae0db0cdbf5ec852ab4cb71
structured,N64-R64,V2-B-N064-R064-C10-X01,multistart_random_rechecked_deletion_32,32-start random deletion,10.870124069775173,true,true,experiments/algorithmic_compression_v2/results/raw_runs/V2-B-N064-R064-C10-X01/multistart_random_rechecked_deletion_32__mandatory_only.toml,a0f2a778448e2b7f0e9927e3e99ef484c6e18fd55feae88d7b45bb01f2a259ba
structured,N64-R64,V2-B-N064-R064-C10-X01,random_order_rechecked_deletion,Random-order deletion,2.22555591886427,true,true,experiments/algorithmic_compression_v2/results/raw_runs/V2-B-N064-R064-C10-X01/random_order_rechecked_deletion__mandatory_only.toml,be3608d889b1c667d5d2adfcc165725aaef4056c7dd1fabbc5545bd9b3b2e260
structured,N64-R64,V2-B-N064-R064-C10-X01,weighted_greedy,Weighted greedy,1.6474707770902048,true,true,experiments/algorithmic_compression_v2/results/raw_runs/V2-B-N064-R064-C10-X01/weighted_greedy__mandatory_only.toml,13d49aa7db849b17d5badf18b79bcda61803c4123bcb4a4394d932a74b3172bc
structured,N64-R64,V2-B-N064-R064-C10-X01,weighted_greedy_reverse_delete,Weighted greedy + reverse deletion,1.588087440116247,true,true,experiments/algorithmic_compression_v2/results/raw_runs/V2-B-N064-R064-C10-X01/weighted_greedy_reverse_delete__mandatory_only.toml,be614d08cf64d875ce931b4da4e9f77f7e198acda17a15474c65e85b23d3c992
structured,N64-R64,V2-B-N064-R064-C10-X02,cardinality_greedy,Cardinality greedy,1.9880216258659025,true,true,experiments/algorithmic_compression_v2/results/raw_runs/V2-B-N064-R064-C10-X02/cardinality_greedy__mandatory_only.toml,aa437408d6933b948a2395218b35b2db8a7b5675fd6ab1a9b11c90dcc63acf50
structured,N64-R64,V2-B-N064-R064-C10-X02,declared_source_order,Declared source order,1.1671072108587774,true,true,experiments/algorithmic_compression_v2/results/raw_runs/V2-B-N064-R064-C10-X02/declared_source_order__mandatory_only.toml,87f4989193e49a762f41a12360aa518dedeb0724525774eb28a2858059979efa
structured,N64-R64,V2-B-N064-R064-C10-X02,heaviest_safe_first,Heaviest safe first,1.2142472346888065,true,true,experiments/algorithmic_compression_v2/results/raw_runs/V2-B-N064-R064-C10-X02/heaviest_safe_first__mandatory_only.toml,c00c3ea6a5f6ab6ab99dda81f7f82f96fb1671ce23583f54ad96708fcf7a474b
structured,N64-R64,V2-B-N064-R064-C10-X02,jump_highs_tagged_cover,HiGHS MIP,10.899930391292555,true,true,experiments/algorithmic_compression_v2/results/raw_runs/V2-B-N064-R064-C10-X02/jump_highs_tagged_cover__full_fixed_point.toml,25c5531d6c39d215bf1f7a1fac2c34580a5a009fbb67124e17b5d4d0932df913
structured,N64-R64,V2-B-N064-R064-C10-X02,lightest_safe_first,Lightest safe first,1.7019898851102944,true,true,experiments/algorithmic_compression_v2/results/raw_runs/V2-B-N064-R064-C10-X02/lightest_safe_first__mandatory_only.toml,cc7049e6c6601a36f637a2d27bd819d6243c59cb77fff26939abe04350244b79
structured,N64-R64,V2-B-N064-R064-C10-X02,maximum_immediate_burden_release,Maximum immediate release,1.779229121735802,true,true,experiments/algorithmic_compression_v2/results/raw_runs/V2-B-N064-R064-C10-X02/maximum_immediate_burden_release__mandatory_only.toml,3c6f8658c83dc73ae0b9c640c84870bcc895a5661cc0897be57ca672714e30d6
structured,N64-R64,V2-B-N064-R064-C10-X02,minimum_unique_carrier_exposure,Minimum unique-carrier exposure,2.6010316436329686,true,true,experiments/algorithmic_compression_v2/results/raw_runs/V2-B-N064-R064-C10-X02/minimum_unique_carrier_exposure__mandatory_only.toml,679ddea1b46290ad08aba6ab14bbeb4a729ba34126612a6ef77ff88346071df9
structured,N64-R64,V2-B-N064-R064-C10-X02,multistart_random_rechecked_deletion_32,32-start random deletion,15.155118872953025,true,true,experiments/algorithmic_compression_v2/results/raw_runs/V2-B-N064-R064-C10-X02/multistart_random_rechecked_deletion_32__mandatory_only.toml,a22a8f55753ba7b281173f79b340de11f06720f083f0e858d78b6dcd5ef98703
structured,N64-R64,V2-B-N064-R064-C10-X02,random_order_rechecked_deletion,Random-order deletion,4.3423222617979125,true,true,experiments/algorithmic_compression_v2/results/raw_runs/V2-B-N064-R064-C10-X02/random_order_rechecked_deletion__mandatory_only.toml,538ad9eb4e16df3e990121a490d86b21df8cd637bdca953e8f1844e79422fae8
structured,N64-R64,V2-B-N064-R064-C10-X02,weighted_greedy,Weighted greedy,1.7138765910208755,true,true,experiments/algorithmic_compression_v2/results/raw_runs/V2-B-N064-R064-C10-X02/weighted_greedy__mandatory_only.toml,d7cf3dd1fb0fcc224ad9a237e8a3d4d35406171f08e021cba2f7ad2b3a17e523
structured,N64-R64,V2-B-N064-R064-C10-X02,weighted_greedy_reverse_delete,Weighted greedy + reverse deletion,1.0,true,true,experiments/algorithmic_compression_v2/results/raw_runs/V2-B-N064-R064-C10-X02/weighted_greedy_reverse_delete__mandatory_only.toml,cba930a9474a57a0704300daf2847cfdfc3569f6fc31f8e75d8db61c89a07e7b
structured,N64-R64,V2-B-N064-R064-C11-X01,cardinality_greedy,Cardinality greedy,1.0,true,true,experiments/algorithmic_compression_v2/results/raw_runs/V2-B-N064-R064-C11-X01/cardinality_greedy__mandatory_only.toml,a8b692d5a6d79abd3a33a42a452ef0ee169880eed5c86747a1c4df7cce6ae495
structured,N64-R64,V2-B-N064-R064-C11-X01,declared_source_order,Declared source order,1.6024157550991875,true,true,experiments/algorithmic_compression_v2/results/raw_runs/V2-B-N064-R064-C11-X01/declared_source_order__mandatory_only.toml,c78afb4e07dd913599d36945f5e4a8bc0a71cebf15e9c1ecda06e1f32717e69c
structured,N64-R64,V2-B-N064-R064-C11-X01,heaviest_safe_first,Heaviest safe first,1.8237789980750334,true,true,experiments/algorithmic_compression_v2/results/raw_runs/V2-B-N064-R064-C11-X01/heaviest_safe_first__mandatory_only.toml,d613f87ec361e8cdd80dad7c41b638c349c77bac17a5ec941e9581d354821205
structured,N64-R64,V2-B-N064-R064-C11-X01,jump_highs_tagged_cover,HiGHS MIP,9.632592440343643,true,true,experiments/algorithmic_compression_v2/results/raw_runs/V2-B-N064-R064-C11-X01/jump_highs_tagged_cover__full_fixed_point.toml,8540b92ad82894a2e39ad74919b3e746f558ac84e29efe41fecc857268718827
structured,N64-R64,V2-B-N064-R064-C11-X01,lightest_safe_first,Lightest safe first,1.9955655683416509,true,true,experiments/algorithmic_compression_v2/results/raw_runs/V2-B-N064-R064-C11-X01/lightest_safe_first__mandatory_only.toml,f4f2026d6a6f646cfbadf02d2273a78f4560eef977b6c29b41d22a47017e799e
structured,N64-R64,V2-B-N064-R064-C11-X01,maximum_immediate_burden_release,Maximum immediate release,1.4721508269763572,true,true,experiments/algorithmic_compression_v2/results/raw_runs/V2-B-N064-R064-C11-X01/maximum_immediate_burden_release__mandatory_only.toml,a6baa32ef87cbdeb996386bc18b2f530ebad77ac7e27fbcf160dacbdea002c62
structured,N64-R64,V2-B-N064-R064-C11-X01,minimum_unique_carrier_exposure,Minimum unique-carrier exposure,1.1104247335053197,true,true,experiments/algorithmic_compression_v2/results/raw_runs/V2-B-N064-R064-C11-X01/minimum_unique_carrier_exposure__mandatory_only.toml,16c6138cf343584c0da96f31a5c8df0d4a4b5c3547e20ce4b9865b38f20db388
structured,N64-R64,V2-B-N064-R064-C11-X01,multistart_random_rechecked_deletion_32,32-start random deletion,14.744029700373963,true,true,experiments/algorithmic_compression_v2/results/raw_runs/V2-B-N064-R064-C11-X01/multistart_random_rechecked_deletion_32__mandatory_only.toml,fb9534107b4ce90f245b509bf6ef59990063bf833383bd208a0b91b83a593e72
structured,N64-R64,V2-B-N064-R064-C11-X01,random_order_rechecked_deletion,Random-order deletion,1.351638604218374,true,true,experiments/algorithmic_compression_v2/results/raw_runs/V2-B-N064-R064-C11-X01/random_order_rechecked_deletion__mandatory_only.toml,44f1c8c3403538835033a336c36df08e63f78c3dbfbfe4fdee440b3c0d5c0283
structured,N64-R64,V2-B-N064-R064-C11-X01,weighted_greedy,Weighted greedy,1.2524962404243287,true,true,experiments/algorithmic_compression_v2/results/raw_runs/V2-B-N064-R064-C11-X01/weighted_greedy__mandatory_only.toml,6494b0b0872fcd4f263dcc89b5243bca472ffbaf233bf0675a6101e1d4dd3f50
structured,N64-R64,V2-B-N064-R064-C11-X01,weighted_greedy_reverse_delete,Weighted greedy + reverse deletion,1.4801484127913322,true,true,experiments/algorithmic_compression_v2/results/raw_runs/V2-B-N064-R064-C11-X01/weighted_greedy_reverse_delete__mandatory_only.toml,338ca947093ab450a0a06c34d95c0e2b55bab968890aaf9f0ae47a849c0d1ca1
structured,N64-R64,V2-B-N064-R064-C11-X02,cardinality_greedy,Cardinality greedy,1.4095651220944645,true,true,experiments/algorithmic_compression_v2/results/raw_runs/V2-B-N064-R064-C11-X02/cardinality_greedy__mandatory_only.toml,ec6abfdf434fa33c4ce1731c8f3683f464e6541d526c72e10fefdad5fae2e5da
structured,N64-R64,V2-B-N064-R064-C11-X02,declared_source_order,Declared source order,1.2686505019926355,true,true,experiments/algorithmic_compression_v2/results/raw_runs/V2-B-N064-R064-C11-X02/declared_source_order__mandatory_only.toml,2e8d7ddcf0c345ba5e241b6bad599d69ef7fa027f7b50598e592d7b590a94556
structured,N64-R64,V2-B-N064-R064-C11-X02,heaviest_safe_first,Heaviest safe first,2.5859804878482695,true,true,experiments/algorithmic_compression_v2/results/raw_runs/V2-B-N064-R064-C11-X02/heaviest_safe_first__mandatory_only.toml,83ea57b09589ee9bf2450db27ad0648de130d5b988946b7bccc572616f491ca3
structured,N64-R64,V2-B-N064-R064-C11-X02,jump_highs_tagged_cover,HiGHS MIP,14.760658596581013,true,true,experiments/algorithmic_compression_v2/results/raw_runs/V2-B-N064-R064-C11-X02/jump_highs_tagged_cover__full_fixed_point.toml,48d10439393db435a24e290f77c3057d87586dae7bf444a9e37bc5470c9910f0
structured,N64-R64,V2-B-N064-R064-C11-X02,lightest_safe_first,Lightest safe first,1.0,true,true,experiments/algorithmic_compression_v2/results/raw_runs/V2-B-N064-R064-C11-X02/lightest_safe_first__mandatory_only.toml,a5ccf6328b0551506fd33c6c4e28feb295569bb072953e4ae87663b5fd22236f
structured,N64-R64,V2-B-N064-R064-C11-X02,maximum_immediate_burden_release,Maximum immediate release,2.208864705703575,true,true,experiments/algorithmic_compression_v2/results/raw_runs/V2-B-N064-R064-C11-X02/maximum_immediate_burden_release__mandatory_only.toml,eb48512d31a0bea835e5ee8ba4618cee89f1f252a6061d506600532850929bd6
structured,N64-R64,V2-B-N064-R064-C11-X02,minimum_unique_carrier_exposure,Minimum unique-carrier exposure,3.373680450100497,true,true,experiments/algorithmic_compression_v2/results/raw_runs/V2-B-N064-R064-C11-X02/minimum_unique_carrier_exposure__mandatory_only.toml,8575294dc252758d86cae49b616876194569101a43ff5f5f6f230b5835b96d52
structured,N64-R64,V2-B-N064-R064-C11-X02,multistart_random_rechecked_deletion_32,32-start random deletion,23.245408469431286,true,true,experiments/algorithmic_compression_v2/results/raw_runs/V2-B-N064-R064-C11-X02/multistart_random_rechecked_deletion_32__mandatory_only.toml,85ae139eb46b8e099e40be68ea61fe0962713be7df288f4e6748b56954dcc0c7
structured,N64-R64,V2-B-N064-R064-C11-X02,random_order_rechecked_deletion,Random-order deletion,3.006981022532527,true,true,experiments/algorithmic_compression_v2/results/raw_runs/V2-B-N064-R064-C11-X02/random_order_rechecked_deletion__mandatory_only.toml,7ec0b3b8ab3c346310c010bccc1d0d496f96290072936a87e46bd9d9973ddf45
structured,N64-R64,V2-B-N064-R064-C11-X02,weighted_greedy,Weighted greedy,2.1335915039860356,true,true,experiments/algorithmic_compression_v2/results/raw_runs/V2-B-N064-R064-C11-X02/weighted_greedy__mandatory_only.toml,81f439d2b178dd95fbed585db94fef923dbb7c0724fe79e82def4fdf535770a0
structured,N64-R64,V2-B-N064-R064-C11-X02,weighted_greedy_reverse_delete,Weighted greedy + reverse deletion,1.7594423853011343,true,true,experiments/algorithmic_compression_v2/results/raw_runs/V2-B-N064-R064-C11-X02/weighted_greedy_reverse_delete__mandatory_only.toml,217586d13486c9efc507d47d36a340a6b9a35fbfae20d07f36174062bae79bb2
structured,N64-R64,V2-B-N064-R064-C12-X01,cardinality_greedy,Cardinality greedy,1.0,true,true,experiments/algorithmic_compression_v2/results/raw_runs/V2-B-N064-R064-C12-X01/cardinality_greedy__mandatory_only.toml,5d7b878a6510962091eacc248e59eac4e3fa9b71e6864a219a57a6a74a5b0ef4
structured,N64-R64,V2-B-N064-R064-C12-X01,declared_source_order,Declared source order,4.192161529822618,true,true,experiments/algorithmic_compression_v2/results/raw_runs/V2-B-N064-R064-C12-X01/declared_source_order__mandatory_only.toml,844d17d6775d921d626094a0f838c2f630d6c608a376792ce781f418ed9f4293
structured,N64-R64,V2-B-N064-R064-C12-X01,heaviest_safe_first,Heaviest safe first,2.115173286448911,true,true,experiments/algorithmic_compression_v2/results/raw_runs/V2-B-N064-R064-C12-X01/heaviest_safe_first__mandatory_only.toml,361db787be87a210530be9f32ee7455ecf3cf9cb56055ccd24aead5f61bb2c9b
structured,N64-R64,V2-B-N064-R064-C12-X01,jump_highs_tagged_cover,HiGHS MIP,30.723548744214604,true,true,experiments/algorithmic_compression_v2/results/raw_runs/V2-B-N064-R064-C12-X01/jump_highs_tagged_cover__full_fixed_point.toml,c8165a14d7427c640c4fc5dc1730ac253d7504db2952825895d6127d3618663d
structured,N64-R64,V2-B-N064-R064-C12-X01,lightest_safe_first,Lightest safe first,3.7212483977238864,true,true,experiments/algorithmic_compression_v2/results/raw_runs/V2-B-N064-R064-C12-X01/lightest_safe_first__mandatory_only.toml,afb4b28ee500fe020babdabafe11edc18a46168533028a44cf562a83318f45c7
structured,N64-R64,V2-B-N064-R064-C12-X01,maximum_immediate_burden_release,Maximum immediate release,5.764660845331981,true,true,experiments/algorithmic_compression_v2/results/raw_runs/V2-B-N064-R064-C12-X01/maximum_immediate_burden_release__mandatory_only.toml,ccb19b802c894cf18be5c75774afe6bf8a9bb2377eb12feb995158ce77866fc8
structured,N64-R64,V2-B-N064-R064-C12-X01,minimum_unique_carrier_exposure,Minimum unique-carrier exposure,1.2101870280190632,true,true,experiments/algorithmic_compression_v2/results/raw_runs/V2-B-N064-R064-C12-X01/minimum_unique_carrier_exposure__mandatory_only.toml,44fbc1bf72d97dc17562b1b17d90ee867c6a5e47312d4b847f8d1aee1fd7354b
structured,N64-R64,V2-B-N064-R064-C12-X01,multistart_random_rechecked_deletion_32,32-start random deletion,29.443804435597166,true,true,experiments/algorithmic_compression_v2/results/raw_runs/V2-B-N064-R064-C12-X01/multistart_random_rechecked_deletion_32__mandatory_only.toml,82077c7639ccb308ab1f8a508e4a7f9779cd75baa139cf5ea9f979cbbc97a387
structured,N64-R64,V2-B-N064-R064-C12-X01,random_order_rechecked_deletion,Random-order deletion,3.057413732326857,true,true,experiments/algorithmic_compression_v2/results/raw_runs/V2-B-N064-R064-C12-X01/random_order_rechecked_deletion__mandatory_only.toml,f78413f09102c136996e51974427752124770a0d4bcc3ae82f640d17026c97e2
structured,N64-R64,V2-B-N064-R064-C12-X01,weighted_greedy,Weighted greedy,2.5376561984055406,true,true,experiments/algorithmic_compression_v2/results/raw_runs/V2-B-N064-R064-C12-X01/weighted_greedy__mandatory_only.toml,03d19b7b9343b72ae541dfc4a889ac429ed03dd4b0bf99462f63c941ce4088cd
structured,N64-R64,V2-B-N064-R064-C12-X01,weighted_greedy_reverse_delete,Weighted greedy + reverse deletion,2.8382417720637974,true,true,experiments/algorithmic_compression_v2/results/raw_runs/V2-B-N064-R064-C12-X01/weighted_greedy_reverse_delete__mandatory_only.toml,822b6483f2ff233e59af0141bd171ec6495b030a1f8087ffb1f853f4ed8691fe
structured,N64-R64,V2-B-N064-R064-C12-X02,cardinality_greedy,Cardinality greedy,1.2258890584909865,true,true,experiments/algorithmic_compression_v2/results/raw_runs/V2-B-N064-R064-C12-X02/cardinality_greedy__mandatory_only.toml,e290963d6588e64e1d15327b422536d587d86b7b31a6918f1dbbeea8f507babe
structured,N64-R64,V2-B-N064-R064-C12-X02,declared_source_order,Declared source order,1.7968830135428329,true,true,experiments/algorithmic_compression_v2/results/raw_runs/V2-B-N064-R064-C12-X02/declared_source_order__mandatory_only.toml,87dd59326b9fabeba84ddfb84a40cb5cd2cadeab7d99cf737afbe6855f90dab2
structured,N64-R64,V2-B-N064-R064-C12-X02,heaviest_safe_first,Heaviest safe first,1.6162446143805915,true,true,experiments/algorithmic_compression_v2/results/raw_runs/V2-B-N064-R064-C12-X02/heaviest_safe_first__mandatory_only.toml,e95a2fdb4757f5efa04317af3f7a5310400ef13ca9ca05f400a60805ee77f32f
structured,N64-R64,V2-B-N064-R064-C12-X02,jump_highs_tagged_cover,HiGHS MIP,10.83755105733248,true,true,experiments/algorithmic_compression_v2/results/raw_runs/V2-B-N064-R064-C12-X02/jump_highs_tagged_cover__full_fixed_point.toml,d9fbc533012e7ab7beabf835aa963afb327ad081e9b25589bea6c0a3207ef096
structured,N64-R64,V2-B-N064-R064-C12-X02,lightest_safe_first,Lightest safe first,1.4814800772327512,true,true,experiments/algorithmic_compression_v2/results/raw_runs/V2-B-N064-R064-C12-X02/lightest_safe_first__mandatory_only.toml,4d3802fb5a2376ea2f439a8fdc7ec97863e182b592a5ddc5c153e4c8d1f45635
structured,N64-R64,V2-B-N064-R064-C12-X02,maximum_immediate_burden_release,Maximum immediate release,1.0,true,true,experiments/algorithmic_compression_v2/results/raw_runs/V2-B-N064-R064-C12-X02/maximum_immediate_burden_release__mandatory_only.toml,3782dba5dd6be92c2ac4630b50bea67ab374891b1f8cde8344727571071e35ce
structured,N64-R64,V2-B-N064-R064-C12-X02,minimum_unique_carrier_exposure,Minimum unique-carrier exposure,1.9173322526842873,true,true,experiments/algorithmic_compression_v2/results/raw_runs/V2-B-N064-R064-C12-X02/minimum_unique_carrier_exposure__mandatory_only.toml,fa28f4e0354369f3ca96a2ad873855ac93f1e00cfc4acc95196ccbf5d45a381e
structured,N64-R64,V2-B-N064-R064-C12-X02,multistart_random_rechecked_deletion_32,32-start random deletion,13.338389983919376,true,true,experiments/algorithmic_compression_v2/results/raw_runs/V2-B-N064-R064-C12-X02/multistart_random_rechecked_deletion_32__mandatory_only.toml,d1cfe534b5ff45972d81e057d2d223f17a4511a5056c425f71e74ade1cbd601b
structured,N64-R64,V2-B-N064-R064-C12-X02,random_order_rechecked_deletion,Random-order deletion,1.8041367974171525,true,true,experiments/algorithmic_compression_v2/results/raw_runs/V2-B-N064-R064-C12-X02/random_order_rechecked_deletion__mandatory_only.toml,f22c2927e43d853fd5a8bb7e0f3d1dfaa9205adcfbc0a4805a5ef2c4a90026ce
structured,N64-R64,V2-B-N064-R064-C12-X02,weighted_greedy,Weighted greedy,1.5244959154058704,true,true,experiments/algorithmic_compression_v2/results/raw_runs/V2-B-N064-R064-C12-X02/weighted_greedy__mandatory_only.toml,f31e8f19efaec0f6534c805ed5934707e1253fb21e450e235cdc8d640ebb85a6
structured,N64-R64,V2-B-N064-R064-C12-X02,weighted_greedy_reverse_delete,Weighted greedy + reverse deletion,1.0289410820558071,true,true,experiments/algorithmic_compression_v2/results/raw_runs/V2-B-N064-R064-C12-X02/weighted_greedy_reverse_delete__mandatory_only.toml,09c0119907cb692b08957d42b1ee4b9028676355008a12ca1b5befad97590fda
structured,N64-R64,V2-B-N064-R064-C13-X01,cardinality_greedy,Cardinality greedy,,false,false,experiments/algorithmic_compression_v2/results/raw_runs/V2-B-N064-R064-C13-X01/cardinality_greedy__mandatory_only.toml,dbabc7142a698e78d07a736cb17a158433f90d9ef088aeb947ea435f791c72c6
structured,N64-R64,V2-B-N064-R064-C13-X01,declared_source_order,Declared source order,,false,false,experiments/algorithmic_compression_v2/results/raw_runs/V2-B-N064-R064-C13-X01/declared_source_order__mandatory_only.toml,292e82f2120cf8fc5a1851877184c8d04f75bd9862024bf581d0950b56ce63d0
structured,N64-R64,V2-B-N064-R064-C13-X01,heaviest_safe_first,Heaviest safe first,,false,false,experiments/algorithmic_compression_v2/results/raw_runs/V2-B-N064-R064-C13-X01/heaviest_safe_first__mandatory_only.toml,e9e16327b8e83226ca43872863bdef0b0a490010a8039eff9ea280a347e36f3f
structured,N64-R64,V2-B-N064-R064-C13-X01,jump_highs_tagged_cover,HiGHS MIP,,false,false,experiments/algorithmic_compression_v2/results/raw_runs/V2-B-N064-R064-C13-X01/jump_highs_tagged_cover__full_fixed_point.toml,3fd65090591e3e5eb8f66fbf54ffbfba17d48c382d3a25637c8e3917ac2f4421
structured,N64-R64,V2-B-N064-R064-C13-X01,lightest_safe_first,Lightest safe first,,false,false,experiments/algorithmic_compression_v2/results/raw_runs/V2-B-N064-R064-C13-X01/lightest_safe_first__mandatory_only.toml,80c95c0153ddf07b706da9a3f123fe5c3a15d3d0884b67f2bd2d6fa1e7258d82
structured,N64-R64,V2-B-N064-R064-C13-X01,maximum_immediate_burden_release,Maximum immediate release,,false,false,experiments/algorithmic_compression_v2/results/raw_runs/V2-B-N064-R064-C13-X01/maximum_immediate_burden_release__mandatory_only.toml,e2fa83f04ab96e111e97ecf09312262dfe49d491a79717b00a0347ac0dd4b32e
structured,N64-R64,V2-B-N064-R064-C13-X01,minimum_unique_carrier_exposure,Minimum unique-carrier exposure,,false,false,experiments/algorithmic_compression_v2/results/raw_runs/V2-B-N064-R064-C13-X01/minimum_unique_carrier_exposure__mandatory_only.toml,e48d2ec0be7a6b96daf1b77f7fb3bd9230f93bffc55852ca330a0beee746a93b
structured,N64-R64,V2-B-N064-R064-C13-X01,multistart_random_rechecked_deletion_32,32-start random deletion,,false,false,experiments/algorithmic_compression_v2/results/raw_runs/V2-B-N064-R064-C13-X01/multistart_random_rechecked_deletion_32__mandatory_only.toml,3bbe58d534041b019e7edd376d8080bea923781a279b62fcb9cbdd400a855cdf
structured,N64-R64,V2-B-N064-R064-C13-X01,random_order_rechecked_deletion,Random-order deletion,,false,false,experiments/algorithmic_compression_v2/results/raw_runs/V2-B-N064-R064-C13-X01/random_order_rechecked_deletion__mandatory_only.toml,86fdc7eb548bcef2c65cdc6e70d32528f96a2b053bbf42fd5c5409355f064363
structured,N64-R64,V2-B-N064-R064-C13-X01,weighted_greedy,Weighted greedy,,false,false,experiments/algorithmic_compression_v2/results/raw_runs/V2-B-N064-R064-C13-X01/weighted_greedy__mandatory_only.toml,0cf2b87a84fb27707c89f95641cc21655d202341f55cd2373a94b84c9c8cbe0c
structured,N64-R64,V2-B-N064-R064-C13-X01,weighted_greedy_reverse_delete,Weighted greedy + reverse deletion,,false,false,experiments/algorithmic_compression_v2/results/raw_runs/V2-B-N064-R064-C13-X01/weighted_greedy_reverse_delete__mandatory_only.toml,182731a34a986f15da30bb6ba1e8d37ea0aee19168107b7afcdf2a5f1c4da368
structured,N64-R64,V2-B-N064-R064-C13-X02,cardinality_greedy,Cardinality greedy,,false,false,experiments/algorithmic_compression_v2/results/raw_runs/V2-B-N064-R064-C13-X02/cardinality_greedy__mandatory_only.toml,43c284ff7bb524ee613859796a89f5a6ea73896f6c052fa438f5ddb510028bd4
structured,N64-R64,V2-B-N064-R064-C13-X02,declared_source_order,Declared source order,,false,false,experiments/algorithmic_compression_v2/results/raw_runs/V2-B-N064-R064-C13-X02/declared_source_order__mandatory_only.toml,7ff05cbde28b4300bf2356facc2ccf35654cdc4452b3500fe0cac7b191171e67
structured,N64-R64,V2-B-N064-R064-C13-X02,heaviest_safe_first,Heaviest safe first,,false,false,experiments/algorithmic_compression_v2/results/raw_runs/V2-B-N064-R064-C13-X02/heaviest_safe_first__mandatory_only.toml,c3e678a738dae6b3885b89c6628f06823d896c111d396559e7b723dbd17d1daa
structured,N64-R64,V2-B-N064-R064-C13-X02,jump_highs_tagged_cover,HiGHS MIP,,false,false,experiments/algorithmic_compression_v2/results/raw_runs/V2-B-N064-R064-C13-X02/jump_highs_tagged_cover__full_fixed_point.toml,671dd8912f5dc082a0aaca28d6e6da2835568290719166dc65e0de53645a9881
structured,N64-R64,V2-B-N064-R064-C13-X02,lightest_safe_first,Lightest safe first,,false,false,experiments/algorithmic_compression_v2/results/raw_runs/V2-B-N064-R064-C13-X02/lightest_safe_first__mandatory_only.toml,14e540bc126782cbbe53a1425b0d89ba7f1fb32c6a232e114641365802474779
structured,N64-R64,V2-B-N064-R064-C13-X02,maximum_immediate_burden_release,Maximum immediate release,,false,false,experiments/algorithmic_compression_v2/results/raw_runs/V2-B-N064-R064-C13-X02/maximum_immediate_burden_release__mandatory_only.toml,22f6f92ff8bbb7c528a009d76a2328a30a487ee012d65000cd58be66b5fe9ff9
structured,N64-R64,V2-B-N064-R064-C13-X02,minimum_unique_carrier_exposure,Minimum unique-carrier exposure,,false,false,experiments/algorithmic_compression_v2/results/raw_runs/V2-B-N064-R064-C13-X02/minimum_unique_carrier_exposure__mandatory_only.toml,b6cd846f97ffc052b9db9c672d6c23677df8c9c20f93edf48c833d9f7bb44a5e
structured,N64-R64,V2-B-N064-R064-C13-X02,multistart_random_rechecked_deletion_32,32-start random deletion,,false,false,experiments/algorithmic_compression_v2/results/raw_runs/V2-B-N064-R064-C13-X02/multistart_random_rechecked_deletion_32__mandatory_only.toml,3c94d770d6c9e3d46a711632ebdaa4419fd7749e6512da33d83d86cf4f206cc3
structured,N64-R64,V2-B-N064-R064-C13-X02,random_order_rechecked_deletion,Random-order deletion,,false,false,experiments/algorithmic_compression_v2/results/raw_runs/V2-B-N064-R064-C13-X02/random_order_rechecked_deletion__mandatory_only.toml,6dd55cf45a4d7def6893e57b13521a910128c9c09e1d05d123f445a52a20bc93
structured,N64-R64,V2-B-N064-R064-C13-X02,weighted_greedy,Weighted greedy,,false,false,experiments/algorithmic_compression_v2/results/raw_runs/V2-B-N064-R064-C13-X02/weighted_greedy__mandatory_only.toml,4c52f738c8f4f278e1b7667f964c2d1cd0619de2e83ee1d87678b04dbbe7a81c
structured,N64-R64,V2-B-N064-R064-C13-X02,weighted_greedy_reverse_delete,Weighted greedy + reverse deletion,,false,false,experiments/algorithmic_compression_v2/results/raw_runs/V2-B-N064-R064-C13-X02/weighted_greedy_reverse_delete__mandatory_only.toml,cb42e539ac9e6953d9fdfc1f0cc1365d0e21e70fb0c25e547ad820ef56585a0c
structured,N64-R64,V2-B-N064-R064-C14-X01,cardinality_greedy,Cardinality greedy,1.6209595797046135,true,true,experiments/algorithmic_compression_v2/results/raw_runs/V2-B-N064-R064-C14-X01/cardinality_greedy__mandatory_only.toml,7ddab1cd8721e79bfae5e2be4c5e14d38681bec79b912407960c4177855d1a5f
structured,N64-R64,V2-B-N064-R064-C14-X01,declared_source_order,Declared source order,2.4084073849733123,true,true,experiments/algorithmic_compression_v2/results/raw_runs/V2-B-N064-R064-C14-X01/declared_source_order__mandatory_only.toml,47312ee39cb45941d76c191fe84d6781b666a940dc283b2c15d7b85e651d43cf
structured,N64-R64,V2-B-N064-R064-C14-X01,heaviest_safe_first,Heaviest safe first,2.0369235680227016,true,true,experiments/algorithmic_compression_v2/results/raw_runs/V2-B-N064-R064-C14-X01/heaviest_safe_first__mandatory_only.toml,0374cef0ff41b531722a4cef12186bc42a4d274f823296937861e12da0721883
structured,N64-R64,V2-B-N064-R064-C14-X01,jump_highs_tagged_cover,HiGHS MIP,19.339738120330267,true,true,experiments/algorithmic_compression_v2/results/raw_runs/V2-B-N064-R064-C14-X01/jump_highs_tagged_cover__full_fixed_point.toml,0e7128b2e7ec9f9241ffae903dff470dc305258653b036307a5f15c8efd0c3bc
structured,N64-R64,V2-B-N064-R064-C14-X01,lightest_safe_first,Lightest safe first,3.0983723029913057,true,true,experiments/algorithmic_compression_v2/results/raw_runs/V2-B-N064-R064-C14-X01/lightest_safe_first__mandatory_only.toml,3c067fa62e524d40af7a2d634a6870828977a7fa8a922818325506cf77c5bd5d
structured,N64-R64,V2-B-N064-R064-C14-X01,maximum_immediate_burden_release,Maximum immediate release,1.7142757032971183,true,true,experiments/algorithmic_compression_v2/results/raw_runs/V2-B-N064-R064-C14-X01/maximum_immediate_burden_release__mandatory_only.toml,c3a13821af1f53e18cbde268548579a991ce458f2025748b3ccc7a29816e9087
structured,N64-R64,V2-B-N064-R064-C14-X01,minimum_unique_carrier_exposure,Minimum unique-carrier exposure,1.5802912535542257,true,true,experiments/algorithmic_compression_v2/results/raw_runs/V2-B-N064-R064-C14-X01/minimum_unique_carrier_exposure__mandatory_only.toml,67b0331531ebcd464b9532dda64b5820f08b9bdf3b6c97e2af4a9ada88778264
structured,N64-R64,V2-B-N064-R064-C14-X01,multistart_random_rechecked_deletion_32,32-start random deletion,14.585175593779715,true,true,experiments/algorithmic_compression_v2/results/raw_runs/V2-B-N064-R064-C14-X01/multistart_random_rechecked_deletion_32__mandatory_only.toml,0a7049934d3efbe045bf2bf208df5ee207da862e9f7ec088a2ec9763f445f735
structured,N64-R64,V2-B-N064-R064-C14-X01,random_order_rechecked_deletion,Random-order deletion,1.9116633462730412,true,true,experiments/algorithmic_compression_v2/results/raw_runs/V2-B-N064-R064-C14-X01/random_order_rechecked_deletion__mandatory_only.toml,87a44ab9528e41ce1ef02ae23fb1345d2c1f71d645f50ce0331ca22185698945
structured,N64-R64,V2-B-N064-R064-C14-X01,weighted_greedy,Weighted greedy,2.4309573268499465,true,true,experiments/algorithmic_compression_v2/results/raw_runs/V2-B-N064-R064-C14-X01/weighted_greedy__mandatory_only.toml,3f2cb443590fc71aad843009763c08f24ed733aa40cf65ec57a5fa154b218c9d
structured,N64-R64,V2-B-N064-R064-C14-X01,weighted_greedy_reverse_delete,Weighted greedy + reverse deletion,1.0,true,true,experiments/algorithmic_compression_v2/results/raw_runs/V2-B-N064-R064-C14-X01/weighted_greedy_reverse_delete__mandatory_only.toml,87b55e4a370f719a25025cf10257608d032253cf547705d23d3ab0b7c622bd2c
structured,N64-R64,V2-B-N064-R064-C14-X02,cardinality_greedy,Cardinality greedy,2.3031278506666935,true,true,experiments/algorithmic_compression_v2/results/raw_runs/V2-B-N064-R064-C14-X02/cardinality_greedy__mandatory_only.toml,58fbda3a3e5cb372af6aaedd2481530e10be88bf4be690f72e845409bd8a0a22
structured,N64-R64,V2-B-N064-R064-C14-X02,declared_source_order,Declared source order,1.7372807099680974,true,true,experiments/algorithmic_compression_v2/results/raw_runs/V2-B-N064-R064-C14-X02/declared_source_order__mandatory_only.toml,de87d6ea8a67d7ec8e74dd90c7fc1cb009fbc2fb0a4752a8e915748a844fcc10
structured,N64-R64,V2-B-N064-R064-C14-X02,heaviest_safe_first,Heaviest safe first,1.1270938879847583,true,true,experiments/algorithmic_compression_v2/results/raw_runs/V2-B-N064-R064-C14-X02/heaviest_safe_first__mandatory_only.toml,1325c19570d37a480debbd4e0fdde4642f671b9325cbc59a7b0a7b435fcc1325
structured,N64-R64,V2-B-N064-R064-C14-X02,jump_highs_tagged_cover,HiGHS MIP,17.83498822800823,true,true,experiments/algorithmic_compression_v2/results/raw_runs/V2-B-N064-R064-C14-X02/jump_highs_tagged_cover__full_fixed_point.toml,9bf46983272dbd56c1a26e230ed5c69f9e89762cc51dc925876afbae203a14f8
structured,N64-R64,V2-B-N064-R064-C14-X02,lightest_safe_first,Lightest safe first,3.7875161662021863,true,true,experiments/algorithmic_compression_v2/results/raw_runs/V2-B-N064-R064-C14-X02/lightest_safe_first__mandatory_only.toml,745c0adc243f99f171b3b71d28fd8edac1a1dfca5476ecf3d67180e89ec5d19e
structured,N64-R64,V2-B-N064-R064-C14-X02,maximum_immediate_burden_release,Maximum immediate release,1.4545754466881045,true,true,experiments/algorithmic_compression_v2/results/raw_runs/V2-B-N064-R064-C14-X02/maximum_immediate_burden_release__mandatory_only.toml,d06ccbf8e83375555221ec0e42dcea1ef522864c3ef187f3d3d5e846080a1d07
structured,N64-R64,V2-B-N064-R064-C14-X02,minimum_unique_carrier_exposure,Minimum unique-carrier exposure,2.461243663792759,true,true,experiments/algorithmic_compression_v2/results/raw_runs/V2-B-N064-R064-C14-X02/minimum_unique_carrier_exposure__mandatory_only.toml,27630cfd4a9638a64f79e07052430f38ed015456d801a3b4493611bb1c2755a4
structured,N64-R64,V2-B-N064-R064-C14-X02,multistart_random_rechecked_deletion_32,32-start random deletion,12.936754049185486,true,true,experiments/algorithmic_compression_v2/results/raw_runs/V2-B-N064-R064-C14-X02/multistart_random_rechecked_deletion_32__mandatory_only.toml,bdf9d2d0b390087d469a75c2e01c04eb450cfe34b4da066dd2273371abfe8d54
structured,N64-R64,V2-B-N064-R064-C14-X02,random_order_rechecked_deletion,Random-order deletion,3.2722921212988254,true,true,experiments/algorithmic_compression_v2/results/raw_runs/V2-B-N064-R064-C14-X02/random_order_rechecked_deletion__mandatory_only.toml,d67815f9292beb5ca15daca7479c03d4c364deb8eaa0d46b9766ce48cc14898d
structured,N64-R64,V2-B-N064-R064-C14-X02,weighted_greedy,Weighted greedy,2.5172911853183693,true,true,experiments/algorithmic_compression_v2/results/raw_runs/V2-B-N064-R064-C14-X02/weighted_greedy__mandatory_only.toml,fe4249e957789961468a6aedcb5cd13be00400e8264cd3456e5efc12d2407a19
structured,N64-R64,V2-B-N064-R064-C14-X02,weighted_greedy_reverse_delete,Weighted greedy + reverse deletion,1.0,true,true,experiments/algorithmic_compression_v2/results/raw_runs/V2-B-N064-R064-C14-X02/weighted_greedy_reverse_delete__mandatory_only.toml,6220db75ac797fdb80e0b09bdf06f4fb23967e3bc9fa23818ee9964af287113b
structured,N64-R64,V2-B-N064-R064-C15-X01,cardinality_greedy,Cardinality greedy,1.4977735495196387,true,true,experiments/algorithmic_compression_v2/results/raw_runs/V2-B-N064-R064-C15-X01/cardinality_greedy__mandatory_only.toml,0144655b5f5ab749f8a1ab3d50a97293b7fcb0594b2232a55165bc0461d07dc8
structured,N64-R64,V2-B-N064-R064-C15-X01,declared_source_order,Declared source order,1.0,true,true,experiments/algorithmic_compression_v2/results/raw_runs/V2-B-N064-R064-C15-X01/declared_source_order__mandatory_only.toml,84bd92e9f2a4b3a7d5aab8c407bff0764c29a4acf247b539184c312af98c367b
structured,N64-R64,V2-B-N064-R064-C15-X01,heaviest_safe_first,Heaviest safe first,3.492225869836518,true,true,experiments/algorithmic_compression_v2/results/raw_runs/V2-B-N064-R064-C15-X01/heaviest_safe_first__mandatory_only.toml,e4fcc3b61d0987ffc28a7b1b01c0b3e53b30695da9e9cfc57936e5014e8296ab
structured,N64-R64,V2-B-N064-R064-C15-X01,jump_highs_tagged_cover,HiGHS MIP,14.266767153903476,true,true,experiments/algorithmic_compression_v2/results/raw_runs/V2-B-N064-R064-C15-X01/jump_highs_tagged_cover__full_fixed_point.toml,e9cd5cf1b9c8175e2b25a8ee400ec2068c9f08ef3fd0e61deb7716dfb003824b
structured,N64-R64,V2-B-N064-R064-C15-X01,lightest_safe_first,Lightest safe first,2.9803006981478783,true,true,experiments/algorithmic_compression_v2/results/raw_runs/V2-B-N064-R064-C15-X01/lightest_safe_first__mandatory_only.toml,b9b05088a0ea1ab677d763d4da243ad602911b57a0d90a9de8d47d098d533a0d
structured,N64-R64,V2-B-N064-R064-C15-X01,maximum_immediate_burden_release,Maximum immediate release,1.3181135817683076,true,true,experiments/algorithmic_compression_v2/results/raw_runs/V2-B-N064-R064-C15-X01/maximum_immediate_burden_release__mandatory_only.toml,2fa70abab07518b40adedd84cfae0cdf5d319cd10d343fc12765000c30f80703
structured,N64-R64,V2-B-N064-R064-C15-X01,minimum_unique_carrier_exposure,Minimum unique-carrier exposure,1.745314790316021,true,true,experiments/algorithmic_compression_v2/results/raw_runs/V2-B-N064-R064-C15-X01/minimum_unique_carrier_exposure__mandatory_only.toml,ca1dd2c7801f96d70152d527e10a4c636b9f4bd7ca295d3cf8f01ad82693eab5
structured,N64-R64,V2-B-N064-R064-C15-X01,multistart_random_rechecked_deletion_32,32-start random deletion,18.476695393878153,true,true,experiments/algorithmic_compression_v2/results/raw_runs/V2-B-N064-R064-C15-X01/multistart_random_rechecked_deletion_32__mandatory_only.toml,aec46bdb3fc7e8c84a1fd200d48308e50573d6f6ab2bd6098b86f15319fd30b7
structured,N64-R64,V2-B-N064-R064-C15-X01,random_order_rechecked_deletion,Random-order deletion,2.0012680287484788,true,true,experiments/algorithmic_compression_v2/results/raw_runs/V2-B-N064-R064-C15-X01/random_order_rechecked_deletion__mandatory_only.toml,2a5d2cb2808ac41cf738ba58898af33acd14ba913c3ec7ef1bc7c984c8327459
structured,N64-R64,V2-B-N064-R064-C15-X01,weighted_greedy,Weighted greedy,2.2182475824661174,true,true,experiments/algorithmic_compression_v2/results/raw_runs/V2-B-N064-R064-C15-X01/weighted_greedy__mandatory_only.toml,bdb379e73c19a956e3c049ebb504f7be7d4fb1f73693dc05df61d6a8e861eb1d
structured,N64-R64,V2-B-N064-R064-C15-X01,weighted_greedy_reverse_delete,Weighted greedy + reverse deletion,1.189256772438943,true,true,experiments/algorithmic_compression_v2/results/raw_runs/V2-B-N064-R064-C15-X01/weighted_greedy_reverse_delete__mandatory_only.toml,ba9a371fd25928936b47f5a34aa2f73c7ff4ef4e56039e81fd50450a99ef7423
structured,N64-R64,V2-B-N064-R064-C15-X02,cardinality_greedy,Cardinality greedy,1.9898537712014095,true,true,experiments/algorithmic_compression_v2/results/raw_runs/V2-B-N064-R064-C15-X02/cardinality_greedy__mandatory_only.toml,06cc7e927caf1c4eae43cf8b51e7d49ecd6af4b6260b5dc95d4d7d4a120d5be5
structured,N64-R64,V2-B-N064-R064-C15-X02,declared_source_order,Declared source order,1.537964211521671,true,true,experiments/algorithmic_compression_v2/results/raw_runs/V2-B-N064-R064-C15-X02/declared_source_order__mandatory_only.toml,c6d469d744999c0546fc8c744dc35d88dde1c36a3e48cfdc3cd6e85599b61574
structured,N64-R64,V2-B-N064-R064-C15-X02,heaviest_safe_first,Heaviest safe first,2.2349013311730603,true,true,experiments/algorithmic_compression_v2/results/raw_runs/V2-B-N064-R064-C15-X02/heaviest_safe_first__mandatory_only.toml,2d8b8ccfa20605ac336325a1c71d6b9a01dcacb85600786918f05cfe69c77876
structured,N64-R64,V2-B-N064-R064-C15-X02,jump_highs_tagged_cover,HiGHS MIP,10.510255790779519,true,true,experiments/algorithmic_compression_v2/results/raw_runs/V2-B-N064-R064-C15-X02/jump_highs_tagged_cover__full_fixed_point.toml,99ff38d769660701e7b6ce93debe3cd9eee3917eeb9460c9c0261457e738d5e3
structured,N64-R64,V2-B-N064-R064-C15-X02,lightest_safe_first,Lightest safe first,1.3030848270649948,true,true,experiments/algorithmic_compression_v2/results/raw_runs/V2-B-N064-R064-C15-X02/lightest_safe_first__mandatory_only.toml,9b1907da4a39b257845f3490fd8930f994710cb311ff3c3e7e38d11c1fee1e15
structured,N64-R64,V2-B-N064-R064-C15-X02,maximum_immediate_burden_release,Maximum immediate release,1.370928854168073,true,true,experiments/algorithmic_compression_v2/results/raw_runs/V2-B-N064-R064-C15-X02/maximum_immediate_burden_release__mandatory_only.toml,09d9b0b34e760063e25a59e08d31524a119d736e9cc7f60228c6f40d3c1fe4d2
structured,N64-R64,V2-B-N064-R064-C15-X02,minimum_unique_carrier_exposure,Minimum unique-carrier exposure,1.5307372980388165,true,true,experiments/algorithmic_compression_v2/results/raw_runs/V2-B-N064-R064-C15-X02/minimum_unique_carrier_exposure__mandatory_only.toml,bedbb80597c3a096db0817bfa10e8f12c938c037386816af043b176f54974d89
structured,N64-R64,V2-B-N064-R064-C15-X02,multistart_random_rechecked_deletion_32,32-start random deletion,15.079955972592384,true,true,experiments/algorithmic_compression_v2/results/raw_runs/V2-B-N064-R064-C15-X02/multistart_random_rechecked_deletion_32__mandatory_only.toml,5ff8dce1ade9a60216fe2dc1d7415d7ac3fd524717d81718041f4fe0d59245b1
structured,N64-R64,V2-B-N064-R064-C15-X02,random_order_rechecked_deletion,Random-order deletion,1.0,true,true,experiments/algorithmic_compression_v2/results/raw_runs/V2-B-N064-R064-C15-X02/random_order_rechecked_deletion__mandatory_only.toml,d96cb50b5ebc73ebde24dfbdfbc9710a7d187daab805ff6aa057761503135010
structured,N64-R64,V2-B-N064-R064-C15-X02,weighted_greedy,Weighted greedy,1.2889979614684552,true,true,experiments/algorithmic_compression_v2/results/raw_runs/V2-B-N064-R064-C15-X02/weighted_greedy__mandatory_only.toml,e67eca42f9b49105551027d98ca289139961c927d5366965abd3df2487a52873
structured,N64-R64,V2-B-N064-R064-C15-X02,weighted_greedy_reverse_delete,Weighted greedy + reverse deletion,1.2805420598845638,true,true,experiments/algorithmic_compression_v2/results/raw_runs/V2-B-N064-R064-C15-X02/weighted_greedy_reverse_delete__mandatory_only.toml,b71581c157340f7314be1a94d3bc52e4eb5b6868f9bc6ac5224860e9c618b3b1
structured,N64-R64,V2-B-N064-R064-C16-X01,cardinality_greedy,Cardinality greedy,2.0464709572701456,true,true,experiments/algorithmic_compression_v2/results/raw_runs/V2-B-N064-R064-C16-X01/cardinality_greedy__mandatory_only.toml,443cfd9b2ccea756a17d4bc9a1bd07002bc0816d3d6642cb2d2d69c30b7eed6d
structured,N64-R64,V2-B-N064-R064-C16-X01,declared_source_order,Declared source order,3.0883160901438917,true,true,experiments/algorithmic_compression_v2/results/raw_runs/V2-B-N064-R064-C16-X01/declared_source_order__mandatory_only.toml,47ddaa1dc9b95ecefeaf2f229cbdabc878559bbb627b9baa6359bba5adee7cf4
structured,N64-R64,V2-B-N064-R064-C16-X01,heaviest_safe_first,Heaviest safe first,2.519054339405205,true,true,experiments/algorithmic_compression_v2/results/raw_runs/V2-B-N064-R064-C16-X01/heaviest_safe_first__mandatory_only.toml,1ef8b92e62de9fd02ab8b7594d78a0a6c686bd84e9c26832939ab21c258e94d4
structured,N64-R64,V2-B-N064-R064-C16-X01,jump_highs_tagged_cover,HiGHS MIP,18.196628452490803,true,true,experiments/algorithmic_compression_v2/results/raw_runs/V2-B-N064-R064-C16-X01/jump_highs_tagged_cover__full_fixed_point.toml,50419e5b110678a320cc1eb7a9a03c2420034d4f1b95daff2fa94fd78062f4c9
structured,N64-R64,V2-B-N064-R064-C16-X01,lightest_safe_first,Lightest safe first,2.207695352872965,true,true,experiments/algorithmic_compression_v2/results/raw_runs/V2-B-N064-R064-C16-X01/lightest_safe_first__mandatory_only.toml,dc3c25bcb70566aebda0e0787153187dd3338fafe14f614eb6ec75115ac1b763
structured,N64-R64,V2-B-N064-R064-C16-X01,maximum_immediate_burden_release,Maximum immediate release,1.9970647862419328,true,true,experiments/algorithmic_compression_v2/results/raw_runs/V2-B-N064-R064-C16-X01/maximum_immediate_burden_release__mandatory_only.toml,9b081f5a23cc31249e269f82b82582c3c871ded06c701e5ea89b93e324e55331
structured,N64-R64,V2-B-N064-R064-C16-X01,minimum_unique_carrier_exposure,Minimum unique-carrier exposure,3.2896603261066026,true,true,experiments/algorithmic_compression_v2/results/raw_runs/V2-B-N064-R064-C16-X01/minimum_unique_carrier_exposure__mandatory_only.toml,2be89c1c3f3997c3c00be94750c83f6b3d76781d3b02b76dd91f46f8f8a39b9f
structured,N64-R64,V2-B-N064-R064-C16-X01,multistart_random_rechecked_deletion_32,32-start random deletion,18.065668481451382,true,true,experiments/algorithmic_compression_v2/results/raw_runs/V2-B-N064-R064-C16-X01/multistart_random_rechecked_deletion_32__mandatory_only.toml,a08f4f485ef8a884954bd26a4a0d2f267ae77be946030fc3030da734b5c0e30a
structured,N64-R64,V2-B-N064-R064-C16-X01,random_order_rechecked_deletion,Random-order deletion,1.4344468062274842,true,true,experiments/algorithmic_compression_v2/results/raw_runs/V2-B-N064-R064-C16-X01/random_order_rechecked_deletion__mandatory_only.toml,4a61b6da89f595316be4e6f745d7b36e4a1247d17bce18839d4b45b28dc803a3
structured,N64-R64,V2-B-N064-R064-C16-X01,weighted_greedy,Weighted greedy,1.0,true,true,experiments/algorithmic_compression_v2/results/raw_runs/V2-B-N064-R064-C16-X01/weighted_greedy__mandatory_only.toml,a32966a0e40ff7b5214ea3f8da12967fcd6b5dca570378b4a8f9922b8e399c0a
structured,N64-R64,V2-B-N064-R064-C16-X01,weighted_greedy_reverse_delete,Weighted greedy + reverse deletion,2.02834903673099,true,true,experiments/algorithmic_compression_v2/results/raw_runs/V2-B-N064-R064-C16-X01/weighted_greedy_reverse_delete__mandatory_only.toml,f6f78b8c6310819ea39377f4e6927a261dff8946f4c34a5a57238de8214d5fbf
structured,N64-R64,V2-B-N064-R064-C16-X02,cardinality_greedy,Cardinality greedy,1.2601809170994072,true,true,experiments/algorithmic_compression_v2/results/raw_runs/V2-B-N064-R064-C16-X02/cardinality_greedy__mandatory_only.toml,b926bae6705ba1a8f600eba0fdad045c5901ef73f50ce09145d98f7f0af0e72c
structured,N64-R64,V2-B-N064-R064-C16-X02,declared_source_order,Declared source order,1.6126336743081635,true,true,experiments/algorithmic_compression_v2/results/raw_runs/V2-B-N064-R064-C16-X02/declared_source_order__mandatory_only.toml,38e4f440aff80730dff44f5eebaf48e8fb120b3ac67572660188fd2bd7feb8b2
structured,N64-R64,V2-B-N064-R064-C16-X02,heaviest_safe_first,Heaviest safe first,1.0,true,true,experiments/algorithmic_compression_v2/results/raw_runs/V2-B-N064-R064-C16-X02/heaviest_safe_first__mandatory_only.toml,b100ebab99823e525954a5c3019d2cdd29a4f2013837dfc1c0dfb01d90fbc648
structured,N64-R64,V2-B-N064-R064-C16-X02,jump_highs_tagged_cover,HiGHS MIP,13.864977217498259,true,true,experiments/algorithmic_compression_v2/results/raw_runs/V2-B-N064-R064-C16-X02/jump_highs_tagged_cover__full_fixed_point.toml,82ad83b4331667295237606c2e3374fefe1cd5ae5715ab983e7f8bb72b5f22b1
structured,N64-R64,V2-B-N064-R064-C16-X02,lightest_safe_first,Lightest safe first,1.7521120965803578,true,true,experiments/algorithmic_compression_v2/results/raw_runs/V2-B-N064-R064-C16-X02/lightest_safe_first__mandatory_only.toml,b180d59562fe245673d5ead8ce09f1e3a9c974e4555c4c91d18d8e3c28b7664c
structured,N64-R64,V2-B-N064-R064-C16-X02,maximum_immediate_burden_release,Maximum immediate release,1.7384728906619542,true,true,experiments/algorithmic_compression_v2/results/raw_runs/V2-B-N064-R064-C16-X02/maximum_immediate_burden_release__mandatory_only.toml,06ee317173e784b48b394ea85ae4c321dd548dc68696517f2f157b1cd710cd54
structured,N64-R64,V2-B-N064-R064-C16-X02,minimum_unique_carrier_exposure,Minimum unique-carrier exposure,1.479632248423786,true,true,experiments/algorithmic_compression_v2/results/raw_runs/V2-B-N064-R064-C16-X02/minimum_unique_carrier_exposure__mandatory_only.toml,9a6c4a541fafd8b898a175e1d31e00bd4119b288d3fc080984be0ec6f87b4ee3
structured,N64-R64,V2-B-N064-R064-C16-X02,multistart_random_rechecked_deletion_32,32-start random deletion,14.179326914144994,true,true,experiments/algorithmic_compression_v2/results/raw_runs/V2-B-N064-R064-C16-X02/multistart_random_rechecked_deletion_32__mandatory_only.toml,057bfddb4dbf969a4424fd947e07d35f20a2b02fc7f01c21cfbaa3ebd019ee12
structured,N64-R64,V2-B-N064-R064-C16-X02,random_order_rechecked_deletion,Random-order deletion,2.073600839620939,true,true,experiments/algorithmic_compression_v2/results/raw_runs/V2-B-N064-R064-C16-X02/random_order_rechecked_deletion__mandatory_only.toml,0205c0e88d8cc0a7de9ea116724715519d96180e9f5fbe0bd13ef7928086c1c7
structured,N64-R64,V2-B-N064-R064-C16-X02,weighted_greedy,Weighted greedy,1.077586885285164,true,true,experiments/algorithmic_compression_v2/results/raw_runs/V2-B-N064-R064-C16-X02/weighted_greedy__mandatory_only.toml,84bcfa2de01f3cfe09a085c9ef4d1b9f6b55ee1d7b9276b4e1a9640cfa7a2efc
structured,N64-R64,V2-B-N064-R064-C16-X02,weighted_greedy_reverse_delete,Weighted greedy + reverse deletion,1.1432846285900509,true,true,experiments/algorithmic_compression_v2/results/raw_runs/V2-B-N064-R064-C16-X02/weighted_greedy_reverse_delete__mandatory_only.toml,54db7f12b75e3d39170a5b545429d8b54c03b397dc31295bb5a9608afc6e667b
