instance_id,algorithm_id,relative_gap,par2_seconds,solved,record_path,record_sha256
V2-B-N064-R032-C01-X01,cardinality_greedy,4//5,0.675283833,true,experiments/algorithmic_compression_v2/results/raw_runs/V2-B-N064-R032-C01-X01/cardinality_greedy__mandatory_only.toml,434f9d3fcd2196fc9a15b3e282c7698270fbe312ff804cdb3011b614be24cf24
V2-B-N064-R032-C01-X01,declared_source_order,1//5,0.965414166,true,experiments/algorithmic_compression_v2/results/raw_runs/V2-B-N064-R032-C01-X01/declared_source_order__mandatory_only.toml,b1d7cc2a6fa4b3f72983567e1769cab90d3408f85a2a183a9c972df719dfd3b4
V2-B-N064-R032-C01-X01,heaviest_safe_first,1//5,0.781877542,true,experiments/algorithmic_compression_v2/results/raw_runs/V2-B-N064-R032-C01-X01/heaviest_safe_first__mandatory_only.toml,ee040aa0f456071f09f691075cb144562c82a96ccae4173d6a45706e235f3632
V2-B-N064-R032-C01-X01,lightest_safe_first,2//1,0.98239275,true,experiments/algorithmic_compression_v2/results/raw_runs/V2-B-N064-R032-C01-X01/lightest_safe_first__mandatory_only.toml,d9710c64582ddb7f8350163d42dc81377000763346265685ea4f078833c3dd97
V2-B-N064-R032-C01-X01,maximum_immediate_burden_release,1//5,0.892145292,true,experiments/algorithmic_compression_v2/results/raw_runs/V2-B-N064-R032-C01-X01/maximum_immediate_burden_release__mandatory_only.toml,2559cd2784e3353b1b7f8f3b395f2b609907db60f9bf5663287cd8e5a8f8a9fe
V2-B-N064-R032-C01-X01,minimum_unique_carrier_exposure,0//1,0.76008825,true,experiments/algorithmic_compression_v2/results/raw_runs/V2-B-N064-R032-C01-X01/minimum_unique_carrier_exposure__mandatory_only.toml,2ef789529873e71412867941f3f2526917a7e5608a4ee7d4302cf8680b0a6fea
V2-B-N064-R032-C01-X01,multistart_random_rechecked_deletion_32,1//5,5.4739185,true,experiments/algorithmic_compression_v2/results/raw_runs/V2-B-N064-R032-C01-X01/multistart_random_rechecked_deletion_32__mandatory_only.toml,207193a19af3ffbc8748a569be3ee633d142ec128644351c90e86d8d57c8b5be
V2-B-N064-R032-C01-X01,random_order_rechecked_deletion,1//1,0.8824895,true,experiments/algorithmic_compression_v2/results/raw_runs/V2-B-N064-R032-C01-X01/random_order_rechecked_deletion__mandatory_only.toml,50ad14cd02d952ecc751a5236df6d0212c4e2c9e03527092e3484c02df1b76eb
V2-B-N064-R032-C01-X01,weighted_greedy,0//1,0.683332834,true,experiments/algorithmic_compression_v2/results/raw_runs/V2-B-N064-R032-C01-X01/weighted_greedy__mandatory_only.toml,b166b946673ade867039320d654006812c91edf0e117a02fd721d530be9c7f8a
V2-B-N064-R032-C01-X01,weighted_greedy_reverse_delete,0//1,0.517663625,true,experiments/algorithmic_compression_v2/results/raw_runs/V2-B-N064-R032-C01-X01/weighted_greedy_reverse_delete__mandatory_only.toml,87f25199ae40045591f97d9994f799026594ebefcf3cb7ec6da0833bd6d7409c
V2-B-N064-R032-C01-X02,cardinality_greedy,1//1,0.733314291,true,experiments/algorithmic_compression_v2/results/raw_runs/V2-B-N064-R032-C01-X02/cardinality_greedy__mandatory_only.toml,2bc689c98b62cee76bde510234724ef9328279e4401e3835d6478ff7251081e7
V2-B-N064-R032-C01-X02,declared_source_order,3//5,1.044382834,true,experiments/algorithmic_compression_v2/results/raw_runs/V2-B-N064-R032-C01-X02/declared_source_order__mandatory_only.toml,af2623097e44c6ab7bb13330a3a63262ba8b54f220dc90b86f10db5682691772
V2-B-N064-R032-C01-X02,heaviest_safe_first,0//1,1.245387125,true,experiments/algorithmic_compression_v2/results/raw_runs/V2-B-N064-R032-C01-X02/heaviest_safe_first__mandatory_only.toml,3f3b3df56fb8e7ccbe67ac85f32e6d8935f83658726a6b765c43b863ea86550d
V2-B-N064-R032-C01-X02,lightest_safe_first,9//5,1.012704833,true,experiments/algorithmic_compression_v2/results/raw_runs/V2-B-N064-R032-C01-X02/lightest_safe_first__mandatory_only.toml,d695e817e0e3007cbb18a7f5cdb7a18f954e0e05957fa6c1b2b98527e33835ba
V2-B-N064-R032-C01-X02,maximum_immediate_burden_release,0//1,0.945161042,true,experiments/algorithmic_compression_v2/results/raw_runs/V2-B-N064-R032-C01-X02/maximum_immediate_burden_release__mandatory_only.toml,31c1d0bd4b69953a0a3d5b1a0aeb72a1bdf0991ad2ca4675c279c5063377d7f0
V2-B-N064-R032-C01-X02,minimum_unique_carrier_exposure,1//5,0.779865125,true,experiments/algorithmic_compression_v2/results/raw_runs/V2-B-N064-R032-C01-X02/minimum_unique_carrier_exposure__mandatory_only.toml,7c391b191cb821fc775a262ccae74b1a28f983a00a3983ce09fdea921889f609
V2-B-N064-R032-C01-X02,multistart_random_rechecked_deletion_32,0//1,5.721002208,true,experiments/algorithmic_compression_v2/results/raw_runs/V2-B-N064-R032-C01-X02/multistart_random_rechecked_deletion_32__mandatory_only.toml,11d94b3cbe3d907e74411d2d9457d3888e1aa9d3e3b99b6cdb3f4edd763498cd
V2-B-N064-R032-C01-X02,random_order_rechecked_deletion,6//5,1.036092959,true,experiments/algorithmic_compression_v2/results/raw_runs/V2-B-N064-R032-C01-X02/random_order_rechecked_deletion__mandatory_only.toml,acc6f47f2fb7160b01f2985c00171295f680b4d507b0e676324eacf12f6c1dd4
V2-B-N064-R032-C01-X02,weighted_greedy,0//1,0.459272375,true,experiments/algorithmic_compression_v2/results/raw_runs/V2-B-N064-R032-C01-X02/weighted_greedy__mandatory_only.toml,a5d48dbde7c917c858ad01df9a0b01c986af01eedd9afaf52d8bda28553a8d48
V2-B-N064-R032-C01-X02,weighted_greedy_reverse_delete,0//1,0.587753542,true,experiments/algorithmic_compression_v2/results/raw_runs/V2-B-N064-R032-C01-X02/weighted_greedy_reverse_delete__mandatory_only.toml,c13a8b5dc9934da8f455e664c58ec4d17348721dadece4428ca7a475533aa975
V2-B-N064-R032-C02-X01,cardinality_greedy,2//27,0.685840583,true,experiments/algorithmic_compression_v2/results/raw_runs/V2-B-N064-R032-C02-X01/cardinality_greedy__mandatory_only.toml,e31bdeaaa822d128b2beb9c7106140523fc3ec8fb2802dc635140fb29603a45a
V2-B-N064-R032-C02-X01,declared_source_order,2//9,0.676389125,true,experiments/algorithmic_compression_v2/results/raw_runs/V2-B-N064-R032-C02-X01/declared_source_order__mandatory_only.toml,bf5c6e8ba4265fc6a7447de1799526a7be7380d48bd80bb414856a91d1eec76a
V2-B-N064-R032-C02-X01,heaviest_safe_first,0//1,1.085587958,true,experiments/algorithmic_compression_v2/results/raw_runs/V2-B-N064-R032-C02-X01/heaviest_safe_first__mandatory_only.toml,c3a8bd477f2fcc2a32d747172f5ecd5fa3b7b30647d7a4610441c4d13cb1be9e
V2-B-N064-R032-C02-X01,lightest_safe_first,14//27,0.827427917,true,experiments/algorithmic_compression_v2/results/raw_runs/V2-B-N064-R032-C02-X01/lightest_safe_first__mandatory_only.toml,55640e4679818826478d40972c919ac4644a7db33b374741799178ca5d2b20e4
V2-B-N064-R032-C02-X01,maximum_immediate_burden_release,0//1,0.992507583,true,experiments/algorithmic_compression_v2/results/raw_runs/V2-B-N064-R032-C02-X01/maximum_immediate_burden_release__mandatory_only.toml,4d790179ea83326dd762bb2777c54b8c5908ea79413c24975d5c894e43c65928
V2-B-N064-R032-C02-X01,minimum_unique_carrier_exposure,1//27,1.104145916,true,experiments/algorithmic_compression_v2/results/raw_runs/V2-B-N064-R032-C02-X01/minimum_unique_carrier_exposure__mandatory_only.toml,cb0e5b6536f99b177c52c95e392f6b607c395fdf578ab7022f6459d51a022f74
V2-B-N064-R032-C02-X01,multistart_random_rechecked_deletion_32,2//27,5.719500416,true,experiments/algorithmic_compression_v2/results/raw_runs/V2-B-N064-R032-C02-X01/multistart_random_rechecked_deletion_32__mandatory_only.toml,ffbc5ee32d7cfed3d13fa2ae2b41ed93d031dc8bf2d731a05e14b86a5b315aeb
V2-B-N064-R032-C02-X01,random_order_rechecked_deletion,16//27,0.797104875,true,experiments/algorithmic_compression_v2/results/raw_runs/V2-B-N064-R032-C02-X01/random_order_rechecked_deletion__mandatory_only.toml,c656da1ec35415094c6d3bab6930dff398edc18f22559e376ae6579f4085ea7f
V2-B-N064-R032-C02-X01,weighted_greedy,1//27,0.692430375,true,experiments/algorithmic_compression_v2/results/raw_runs/V2-B-N064-R032-C02-X01/weighted_greedy__mandatory_only.toml,ae1507740410ce025d925f18bb20a65bddae414ea6ecc50adb6fbd317c2ca03f
V2-B-N064-R032-C02-X01,weighted_greedy_reverse_delete,0//1,0.532541292,true,experiments/algorithmic_compression_v2/results/raw_runs/V2-B-N064-R032-C02-X01/weighted_greedy_reverse_delete__mandatory_only.toml,d8532681ebe590cdd10176268d1987ac4bc14d74b35a2566f2356c306ddd17cc
V2-B-N064-R032-C02-X02,cardinality_greedy,1//17,0.582930083,true,experiments/algorithmic_compression_v2/results/raw_runs/V2-B-N064-R032-C02-X02/cardinality_greedy__mandatory_only.toml,d37983289c67b12bb5f58a448048727d76b72796692f8ea51843c4080c790d09
V2-B-N064-R032-C02-X02,declared_source_order,14//17,1.167090042,true,experiments/algorithmic_compression_v2/results/raw_runs/V2-B-N064-R032-C02-X02/declared_source_order__mandatory_only.toml,9b466176e7a903d70a2959424541e9dbfa359edfe8000325ca7c3dde3e2b9b1a
V2-B-N064-R032-C02-X02,heaviest_safe_first,1//17,0.723823292,true,experiments/algorithmic_compression_v2/results/raw_runs/V2-B-N064-R032-C02-X02/heaviest_safe_first__mandatory_only.toml,d82f6422817efef1f091d2d6aee263e213bfef5e98baadf8a6412e6f4c0e8ba7
V2-B-N064-R032-C02-X02,lightest_safe_first,14//17,0.824468417,true,experiments/algorithmic_compression_v2/results/raw_runs/V2-B-N064-R032-C02-X02/lightest_safe_first__mandatory_only.toml,7cdb2e48887c109099ed8bbafe2388d44c0787e2c4eedf4141564c2a76c04d01
V2-B-N064-R032-C02-X02,maximum_immediate_burden_release,1//17,1.135459042,true,experiments/algorithmic_compression_v2/results/raw_runs/V2-B-N064-R032-C02-X02/maximum_immediate_burden_release__mandatory_only.toml,64b3572908e2ae9fc5eb008c035c701b04bee59a2ae92b895b7bdb4fdb384247
V2-B-N064-R032-C02-X02,minimum_unique_carrier_exposure,1//17,1.058070292,true,experiments/algorithmic_compression_v2/results/raw_runs/V2-B-N064-R032-C02-X02/minimum_unique_carrier_exposure__mandatory_only.toml,aab6de8be086205eca12d70b8f8a3a06fb3e7ad4bfe8fdfa1edc62e4a01c4708
V2-B-N064-R032-C02-X02,multistart_random_rechecked_deletion_32,0//1,6.190822875,true,experiments/algorithmic_compression_v2/results/raw_runs/V2-B-N064-R032-C02-X02/multistart_random_rechecked_deletion_32__mandatory_only.toml,539313ff33ab7ba62129a50cf63c0ae7991b4c602119df4f7a7b29811bb54047
V2-B-N064-R032-C02-X02,random_order_rechecked_deletion,0//1,0.484437708,true,experiments/algorithmic_compression_v2/results/raw_runs/V2-B-N064-R032-C02-X02/random_order_rechecked_deletion__mandatory_only.toml,132c1889abc3202ff9f498bd13a40cb770e3df46b3ddd4e1280bad6cb71c9341
V2-B-N064-R032-C02-X02,weighted_greedy,1//17,0.5894305,true,experiments/algorithmic_compression_v2/results/raw_runs/V2-B-N064-R032-C02-X02/weighted_greedy__mandatory_only.toml,089b6668f3b805164e008ebae7b9c976f3ef569431193b401970e6b082c15327
V2-B-N064-R032-C02-X02,weighted_greedy_reverse_delete,1//17,0.583543291,true,experiments/algorithmic_compression_v2/results/raw_runs/V2-B-N064-R032-C02-X02/weighted_greedy_reverse_delete__mandatory_only.toml,6f64983e29f35f89016c0ed6ee392163a1e1dd2cffaf539b0172c626ae9e49bc
V2-B-N064-R032-C03-X01,cardinality_greedy,0//1,0.850918583,true,experiments/algorithmic_compression_v2/results/raw_runs/V2-B-N064-R032-C03-X01/cardinality_greedy__mandatory_only.toml,a5a33bb8155f98a542f1d34e9a619fe2cd1d8f99e374ea386af04dacbd064c82
V2-B-N064-R032-C03-X01,declared_source_order,1//10,1.264469541,true,experiments/algorithmic_compression_v2/results/raw_runs/V2-B-N064-R032-C03-X01/declared_source_order__mandatory_only.toml,17d365cd72dacf4b11f027d8fb740832f6ef809f2103639529c0213f53f0a6e9
V2-B-N064-R032-C03-X01,heaviest_safe_first,0//1,0.634309083,true,experiments/algorithmic_compression_v2/results/raw_runs/V2-B-N064-R032-C03-X01/heaviest_safe_first__mandatory_only.toml,9edc3cd42f8b8821343bf03f430f3024f9cc423fd200b0b639ce003ff86100b8
V2-B-N064-R032-C03-X01,lightest_safe_first,1//5,1.015726916,true,experiments/algorithmic_compression_v2/results/raw_runs/V2-B-N064-R032-C03-X01/lightest_safe_first__mandatory_only.toml,df5b7f10df8b078dce3dd718f6ae995cedbbd520f673a0c9edc2195f6bfaa075
V2-B-N064-R032-C03-X01,maximum_immediate_burden_release,0//1,0.636371292,true,experiments/algorithmic_compression_v2/results/raw_runs/V2-B-N064-R032-C03-X01/maximum_immediate_burden_release__mandatory_only.toml,991842dc21ad98e11c32192efc51fdfbf8cdfc0b5b3b1ef3a651a541fa1362d4
V2-B-N064-R032-C03-X01,minimum_unique_carrier_exposure,0//1,0.87869875,true,experiments/algorithmic_compression_v2/results/raw_runs/V2-B-N064-R032-C03-X01/minimum_unique_carrier_exposure__mandatory_only.toml,9c32de944ff8f8dda1ce934f8f0dc8853718cd58b7fc2a5f3a9191eaa6a5d535
V2-B-N064-R032-C03-X01,multistart_random_rechecked_deletion_32,0//1,6.083391083,true,experiments/algorithmic_compression_v2/results/raw_runs/V2-B-N064-R032-C03-X01/multistart_random_rechecked_deletion_32__mandatory_only.toml,7833d02ad35b6c7237de7c303781841fc7b229270696db17261c130b90ee62f8
V2-B-N064-R032-C03-X01,random_order_rechecked_deletion,0//1,0.904575916,true,experiments/algorithmic_compression_v2/results/raw_runs/V2-B-N064-R032-C03-X01/random_order_rechecked_deletion__mandatory_only.toml,623b82a567ae5cda7a2632ecb1f0d6d78c1e2d6a285ab3a0a4127d2e2210a40f
V2-B-N064-R032-C03-X01,weighted_greedy,0//1,0.617688875,true,experiments/algorithmic_compression_v2/results/raw_runs/V2-B-N064-R032-C03-X01/weighted_greedy__mandatory_only.toml,d1e6a71c662a32725d98186816bd6a540b2486ff61c64c6999c497f8dfa8d166
V2-B-N064-R032-C03-X01,weighted_greedy_reverse_delete,0//1,0.498742625,true,experiments/algorithmic_compression_v2/results/raw_runs/V2-B-N064-R032-C03-X01/weighted_greedy_reverse_delete__mandatory_only.toml,9e0b258fb0ccca68e48983f33ec3422aefce1b373ebc387ac9bb35a687a70138
V2-B-N064-R032-C03-X02,cardinality_greedy,3//7,1.1496905,true,experiments/algorithmic_compression_v2/results/raw_runs/V2-B-N064-R032-C03-X02/cardinality_greedy__mandatory_only.toml,463fd4f49034f64f2fd7040c91381123b8461790ab138373b8757770306697b2
V2-B-N064-R032-C03-X02,declared_source_order,0//1,0.784973708,true,experiments/algorithmic_compression_v2/results/raw_runs/V2-B-N064-R032-C03-X02/declared_source_order__mandatory_only.toml,ae577d6e8274bdcdc68827e26bc0bf1d1b038c1e43ce7e66db005d0b0d747880
V2-B-N064-R032-C03-X02,heaviest_safe_first,0//1,0.674937459,true,experiments/algorithmic_compression_v2/results/raw_runs/V2-B-N064-R032-C03-X02/heaviest_safe_first__mandatory_only.toml,f145a10c9ecf5316afff8e19f5c58690659ff292e8d32d3801e8a4775a77b95b
V2-B-N064-R032-C03-X02,lightest_safe_first,0//1,0.338434458,true,experiments/algorithmic_compression_v2/results/raw_runs/V2-B-N064-R032-C03-X02/lightest_safe_first__mandatory_only.toml,884091f3b6b726c11426582e6afdcce611f8790c9a34c2bfa8f24a4fcbbcd929
V2-B-N064-R032-C03-X02,maximum_immediate_burden_release,0//1,0.8516865,true,experiments/algorithmic_compression_v2/results/raw_runs/V2-B-N064-R032-C03-X02/maximum_immediate_burden_release__mandatory_only.toml,8a53c3ad60986668860e1504a7b5ea02ff690dbb802200252fca099408b1ddc8
V2-B-N064-R032-C03-X02,minimum_unique_carrier_exposure,0//1,1.4293205,true,experiments/algorithmic_compression_v2/results/raw_runs/V2-B-N064-R032-C03-X02/minimum_unique_carrier_exposure__mandatory_only.toml,492e0bf9ee56baeb2cf3b04ae82eca347dca8e74e60c8cdac111c61f5b5b43de
V2-B-N064-R032-C03-X02,multistart_random_rechecked_deletion_32,0//1,9.055617875,true,experiments/algorithmic_compression_v2/results/raw_runs/V2-B-N064-R032-C03-X02/multistart_random_rechecked_deletion_32__mandatory_only.toml,23603b4f32776a09465cc42e338ff2bba498dce326698b4e90eb80237510b505
V2-B-N064-R032-C03-X02,random_order_rechecked_deletion,0//1,0.853221292,true,experiments/algorithmic_compression_v2/results/raw_runs/V2-B-N064-R032-C03-X02/random_order_rechecked_deletion__mandatory_only.toml,0fee7c95ab2902bb3b0c855b010800d5ecc4d904840a76d785e91b0cc9da083b
V2-B-N064-R032-C03-X02,weighted_greedy,1//7,0.250033875,true,experiments/algorithmic_compression_v2/results/raw_runs/V2-B-N064-R032-C03-X02/weighted_greedy__mandatory_only.toml,b327316e63ea8ba8eb2a3a5134a72f85413e72447069923e02d6069e9a12330f
V2-B-N064-R032-C03-X02,weighted_greedy_reverse_delete,0//1,0.734494709,true,experiments/algorithmic_compression_v2/results/raw_runs/V2-B-N064-R032-C03-X02/weighted_greedy_reverse_delete__mandatory_only.toml,c57084f3c05c8948d2f09aaca46aa2ad0057d715cd3e4afb095dc65dcdc085be
V2-B-N064-R032-C04-X01,cardinality_greedy,2//1,0.491709834,true,experiments/algorithmic_compression_v2/results/raw_runs/V2-B-N064-R032-C04-X01/cardinality_greedy__mandatory_only.toml,5cee63072be7fd7ce16e96605fd6339229d62f686de24031139e607f32155b2b
V2-B-N064-R032-C04-X01,declared_source_order,15//2,0.748837,true,experiments/algorithmic_compression_v2/results/raw_runs/V2-B-N064-R032-C04-X01/declared_source_order__mandatory_only.toml,cd9186c4846a02d3b5d1760c97361502e26355a096cf9f6970c2a355c73be08b
V2-B-N064-R032-C04-X01,heaviest_safe_first,0//1,0.682107541,true,experiments/algorithmic_compression_v2/results/raw_runs/V2-B-N064-R032-C04-X01/heaviest_safe_first__mandatory_only.toml,23cc8b68f23335c24bcdfaf9f069ab3b7b8eb280d2121a91f8c6bc5ba3a36d33
V2-B-N064-R032-C04-X01,lightest_safe_first,15//1,0.854844708,true,experiments/algorithmic_compression_v2/results/raw_runs/V2-B-N064-R032-C04-X01/lightest_safe_first__mandatory_only.toml,9f6d5654f4c9ec8246e1910879f2841b993bace586301b459879e2d0908318f2
V2-B-N064-R032-C04-X01,maximum_immediate_burden_release,0//1,1.274450458,true,experiments/algorithmic_compression_v2/results/raw_runs/V2-B-N064-R032-C04-X01/maximum_immediate_burden_release__mandatory_only.toml,e609a7ab2ad84f4e8dbee83c81ab3ec557db67ff6e28d32b43718af94b53565f
V2-B-N064-R032-C04-X01,minimum_unique_carrier_exposure,0//1,1.184412209,true,experiments/algorithmic_compression_v2/results/raw_runs/V2-B-N064-R032-C04-X01/minimum_unique_carrier_exposure__mandatory_only.toml,7321014300b751602c3a49a059ec67fedf88975eba3bd1adaf766d0a52363bc0
V2-B-N064-R032-C04-X01,multistart_random_rechecked_deletion_32,1//2,7.695552666,true,experiments/algorithmic_compression_v2/results/raw_runs/V2-B-N064-R032-C04-X01/multistart_random_rechecked_deletion_32__mandatory_only.toml,c54027212d00a3167a7da2b5214668249ec85da0a34e73b04807596380ecf8d3
V2-B-N064-R032-C04-X01,random_order_rechecked_deletion,13//1,1.18176075,true,experiments/algorithmic_compression_v2/results/raw_runs/V2-B-N064-R032-C04-X01/random_order_rechecked_deletion__mandatory_only.toml,ed60aaa7b9d909e076ed0eab2843aeaa46f13cb659ad338c77c2afb6b8ca388e
V2-B-N064-R032-C04-X01,weighted_greedy,0//1,0.446303167,true,experiments/algorithmic_compression_v2/results/raw_runs/V2-B-N064-R032-C04-X01/weighted_greedy__mandatory_only.toml,355444e79ae5aedbe014fe7198758249cc0c79599251389b9b162d1effe52199
V2-B-N064-R032-C04-X01,weighted_greedy_reverse_delete,0//1,0.528510041,true,experiments/algorithmic_compression_v2/results/raw_runs/V2-B-N064-R032-C04-X01/weighted_greedy_reverse_delete__mandatory_only.toml,c14745903e1fa3f9bf09e10c12e5c97952762d648931c203b46e6b8fcb8f9f7e
V2-B-N064-R032-C04-X02,cardinality_greedy,2//1,0.281491666,true,experiments/algorithmic_compression_v2/results/raw_runs/V2-B-N064-R032-C04-X02/cardinality_greedy__mandatory_only.toml,a6926390fd294f7ad5554c3ef33e30f909a4d507686b7c87aa0e42ece6cbf415
V2-B-N064-R032-C04-X02,declared_source_order,0//1,0.732022,true,experiments/algorithmic_compression_v2/results/raw_runs/V2-B-N064-R032-C04-X02/declared_source_order__mandatory_only.toml,ca85cc1e6cea5c823c3939784ca3c0efb228fa9528ca1618dcf3d5f1a676805c
V2-B-N064-R032-C04-X02,heaviest_safe_first,0//1,0.767032708,true,experiments/algorithmic_compression_v2/results/raw_runs/V2-B-N064-R032-C04-X02/heaviest_safe_first__mandatory_only.toml,38303547e35525df230b7862f6d1df6b7c8c84dda142bdafc1c0a4ed0a8790c7
V2-B-N064-R032-C04-X02,lightest_safe_first,11//1,0.398436834,true,experiments/algorithmic_compression_v2/results/raw_runs/V2-B-N064-R032-C04-X02/lightest_safe_first__mandatory_only.toml,6007a8d0d71fcebc1250526e56cf332f540042722eb4e1a3aab66541de4884df
V2-B-N064-R032-C04-X02,maximum_immediate_burden_release,0//1,0.460566583,true,experiments/algorithmic_compression_v2/results/raw_runs/V2-B-N064-R032-C04-X02/maximum_immediate_burden_release__mandatory_only.toml,b1850b200543ea459506aa0091a5f3647af35e6d22560d77bcea9de60f2818e6
V2-B-N064-R032-C04-X02,minimum_unique_carrier_exposure,0//1,0.919099208,true,experiments/algorithmic_compression_v2/results/raw_runs/V2-B-N064-R032-C04-X02/minimum_unique_carrier_exposure__mandatory_only.toml,c655db7b45b524c00be0b3716876d54c88da4b2894bf00ce88292243383bfa61
V2-B-N064-R032-C04-X02,multistart_random_rechecked_deletion_32,1//2,3.765706916,true,experiments/algorithmic_compression_v2/results/raw_runs/V2-B-N064-R032-C04-X02/multistart_random_rechecked_deletion_32__mandatory_only.toml,01a9349a0a80abcec2a8b40d4f6330867a1f6f0fc97af616276666b87e60da20
V2-B-N064-R032-C04-X02,random_order_rechecked_deletion,7//1,0.395932666,true,experiments/algorithmic_compression_v2/results/raw_runs/V2-B-N064-R032-C04-X02/random_order_rechecked_deletion__mandatory_only.toml,3c2cc2f3b8ad446ad8b483d1a6398b63151beb83d54c800a4a3ec0a89123ee75
V2-B-N064-R032-C04-X02,weighted_greedy,0//1,0.291600167,true,experiments/algorithmic_compression_v2/results/raw_runs/V2-B-N064-R032-C04-X02/weighted_greedy__mandatory_only.toml,b06685c802ce08cfd9753bc1839a80b68f4febd90794c6a87408631c29210bba
V2-B-N064-R032-C04-X02,weighted_greedy_reverse_delete,0//1,0.7987375,true,experiments/algorithmic_compression_v2/results/raw_runs/V2-B-N064-R032-C04-X02/weighted_greedy_reverse_delete__mandatory_only.toml,02bca9080e107f898a25870b0c42ef244ab2779fac6d6542e46bc13c808ccfbd
V2-B-N064-R032-C05-X01,cardinality_greedy,3//2,0.632578125,true,experiments/algorithmic_compression_v2/results/raw_runs/V2-B-N064-R032-C05-X01/cardinality_greedy__mandatory_only.toml,51377c08ac2526f8be40138b9346a3df8b2f0e033563b531e58e9b25ce9cdecc
V2-B-N064-R032-C05-X01,declared_source_order,7//1,1.07166475,true,experiments/algorithmic_compression_v2/results/raw_runs/V2-B-N064-R032-C05-X01/declared_source_order__mandatory_only.toml,e011fe3ae5cc47511733be7343b9574b4b56b6e6fe43757e7cad7bb808bd8380
V2-B-N064-R032-C05-X01,heaviest_safe_first,0//1,0.934967542,true,experiments/algorithmic_compression_v2/results/raw_runs/V2-B-N064-R032-C05-X01/heaviest_safe_first__mandatory_only.toml,c78d206b705a15bd8191c00df7c88afb58e7aa76750397222dd8b1a25af024bb
V2-B-N064-R032-C05-X01,lightest_safe_first,7//1,1.234438875,true,experiments/algorithmic_compression_v2/results/raw_runs/V2-B-N064-R032-C05-X01/lightest_safe_first__mandatory_only.toml,461503e14b0d41e555d75496cbacc7f078b16103360995da5db1fa890a8127bf
V2-B-N064-R032-C05-X01,maximum_immediate_burden_release,0//1,0.962059375,true,experiments/algorithmic_compression_v2/results/raw_runs/V2-B-N064-R032-C05-X01/maximum_immediate_burden_release__mandatory_only.toml,d7b66c16c2a93889d6767e55014e33e7f86f008ad83b5d3e8eb69765f9ca5cd2
V2-B-N064-R032-C05-X01,minimum_unique_carrier_exposure,0//1,0.488491583,true,experiments/algorithmic_compression_v2/results/raw_runs/V2-B-N064-R032-C05-X01/minimum_unique_carrier_exposure__mandatory_only.toml,33fb2cb0f9c37b4adbd71ce0183fc5a71773a8a7facbc054ec4eabaf058c9d79
V2-B-N064-R032-C05-X01,multistart_random_rechecked_deletion_32,1//4,5.000652958,true,experiments/algorithmic_compression_v2/results/raw_runs/V2-B-N064-R032-C05-X01/multistart_random_rechecked_deletion_32__mandatory_only.toml,564820f9d247083f032a15e1597df42355e1e7ce8e68da9a672b37d80e6c29ad
V2-B-N064-R032-C05-X01,random_order_rechecked_deletion,9//4,1.08361775,true,experiments/algorithmic_compression_v2/results/raw_runs/V2-B-N064-R032-C05-X01/random_order_rechecked_deletion__mandatory_only.toml,a4bb8b313b4db9062dba70fa65209398d1dcba538cf186b8a8fc1970886f3672
V2-B-N064-R032-C05-X01,weighted_greedy,0//1,0.813403167,true,experiments/algorithmic_compression_v2/results/raw_runs/V2-B-N064-R032-C05-X01/weighted_greedy__mandatory_only.toml,7c019e59738a7e3f9568c37f67ce02caf4b0c090a0d7422e4d922775c3a9f856
V2-B-N064-R032-C05-X01,weighted_greedy_reverse_delete,0//1,1.16533425,true,experiments/algorithmic_compression_v2/results/raw_runs/V2-B-N064-R032-C05-X01/weighted_greedy_reverse_delete__mandatory_only.toml,78e120816288d87c1e24a4e6305d7a6a6f353870af03d77955b5e0c0cc1aa350
V2-B-N064-R032-C05-X02,cardinality_greedy,19//3,0.625516375,true,experiments/algorithmic_compression_v2/results/raw_runs/V2-B-N064-R032-C05-X02/cardinality_greedy__mandatory_only.toml,32fbde2d1b382da66c436e8e31251d45709f285c705635152da6cf5a9c33a218
V2-B-N064-R032-C05-X02,declared_source_order,7//1,0.446679375,true,experiments/algorithmic_compression_v2/results/raw_runs/V2-B-N064-R032-C05-X02/declared_source_order__mandatory_only.toml,77191ddd0a672479eb3e5a699901c26acc11393ed426982fc1062f79b80b3fe8
V2-B-N064-R032-C05-X02,heaviest_safe_first,0//1,0.752571792,true,experiments/algorithmic_compression_v2/results/raw_runs/V2-B-N064-R032-C05-X02/heaviest_safe_first__mandatory_only.toml,8b5e67352f6e4b2b5a8f425d688ba745afc1c7d2836b9d3bbdc36542969241d7
V2-B-N064-R032-C05-X02,lightest_safe_first,61//3,1.0196025,true,experiments/algorithmic_compression_v2/results/raw_runs/V2-B-N064-R032-C05-X02/lightest_safe_first__mandatory_only.toml,c12367e718c7afc66960e55c314bdee2f4d18e496258996e4d1e6e66e8c5f977
V2-B-N064-R032-C05-X02,maximum_immediate_burden_release,0//1,0.495720542,true,experiments/algorithmic_compression_v2/results/raw_runs/V2-B-N064-R032-C05-X02/maximum_immediate_burden_release__mandatory_only.toml,772ca73856d3fdb690fff022e2ab724be29b5231412b7926addcc9ad8a3b1a27
V2-B-N064-R032-C05-X02,minimum_unique_carrier_exposure,1//3,1.202018834,true,experiments/algorithmic_compression_v2/results/raw_runs/V2-B-N064-R032-C05-X02/minimum_unique_carrier_exposure__mandatory_only.toml,bd46c3b750e0af06e6f474f6f5d1ad62655c3ab77a448db603befbd4ffe387d2
V2-B-N064-R032-C05-X02,multistart_random_rechecked_deletion_32,4//3,4.721944167,true,experiments/algorithmic_compression_v2/results/raw_runs/V2-B-N064-R032-C05-X02/multistart_random_rechecked_deletion_32__mandatory_only.toml,3c28d003ff4e9a9c19e4549bfef8d616a63f26aeac73a5c36733d4b54a94fdd4
V2-B-N064-R032-C05-X02,random_order_rechecked_deletion,5//3,0.825533709,true,experiments/algorithmic_compression_v2/results/raw_runs/V2-B-N064-R032-C05-X02/random_order_rechecked_deletion__mandatory_only.toml,6ec71a364954b7ff13b6de0d46c4c6b097597826b61e0d0dce6a3bac328311f3
V2-B-N064-R032-C05-X02,weighted_greedy,0//1,0.775671,true,experiments/algorithmic_compression_v2/results/raw_runs/V2-B-N064-R032-C05-X02/weighted_greedy__mandatory_only.toml,bea43fa0db027e4aeb3fe1b0f0cd21664008e59d4ff34a57ec9b3472986ee114
V2-B-N064-R032-C05-X02,weighted_greedy_reverse_delete,0//1,0.795309125,true,experiments/algorithmic_compression_v2/results/raw_runs/V2-B-N064-R032-C05-X02/weighted_greedy_reverse_delete__mandatory_only.toml,7d6b15830da42019e87ac9ec3c7122ea6a0c8b3d3354845eb760047ab8a5dfee
V2-B-N064-R032-C06-X01,cardinality_greedy,0//1,0.701935375,true,experiments/algorithmic_compression_v2/results/raw_runs/V2-B-N064-R032-C06-X01/cardinality_greedy__mandatory_only.toml,18024c33f6e3be9b04e9cb6c7ba08b17db303f6c5008abd9539b80f4f8e9e730
V2-B-N064-R032-C06-X01,declared_source_order,0//1,0.801927375,true,experiments/algorithmic_compression_v2/results/raw_runs/V2-B-N064-R032-C06-X01/declared_source_order__mandatory_only.toml,a098e0b9f59b06e5121bafc5730e08f46066ab03e6a2e653c9f818292d2a31cc
V2-B-N064-R032-C06-X01,heaviest_safe_first,0//1,0.35101875,true,experiments/algorithmic_compression_v2/results/raw_runs/V2-B-N064-R032-C06-X01/heaviest_safe_first__mandatory_only.toml,bad64955ee245fc0f1539ed41ff459eba21af28a5c1c8619e119fd79f6b81f54
V2-B-N064-R032-C06-X01,lightest_safe_first,4//9,0.521532875,true,experiments/algorithmic_compression_v2/results/raw_runs/V2-B-N064-R032-C06-X01/lightest_safe_first__mandatory_only.toml,d29b7c59e735d3c143573e1dc94ec7703f0930c1734b5229ef5c79717aee86d9
V2-B-N064-R032-C06-X01,maximum_immediate_burden_release,0//1,0.741290333,true,experiments/algorithmic_compression_v2/results/raw_runs/V2-B-N064-R032-C06-X01/maximum_immediate_burden_release__mandatory_only.toml,3c4129d847425ad16851085173e4d18aea4f7d8c0c3767b668c047c1387fcd0d
V2-B-N064-R032-C06-X01,minimum_unique_carrier_exposure,0//1,0.922651417,true,experiments/algorithmic_compression_v2/results/raw_runs/V2-B-N064-R032-C06-X01/minimum_unique_carrier_exposure__mandatory_only.toml,7578cdfd04708f65f47d1a8ae911df360a2abe822bd12fa32939a3a813d4ec33
V2-B-N064-R032-C06-X01,multistart_random_rechecked_deletion_32,0//1,4.87752225,true,experiments/algorithmic_compression_v2/results/raw_runs/V2-B-N064-R032-C06-X01/multistart_random_rechecked_deletion_32__mandatory_only.toml,a3e764284fc1df326b47e79d7b069d140a9eaaee36c39ac06c9460d8cf1dee16
V2-B-N064-R032-C06-X01,random_order_rechecked_deletion,1//3,0.940335583,true,experiments/algorithmic_compression_v2/results/raw_runs/V2-B-N064-R032-C06-X01/random_order_rechecked_deletion__mandatory_only.toml,92dc51b362c31a65e7ac91afdb49c7d0fa9d70f934023e0ff0b2975a85f40a9f
V2-B-N064-R032-C06-X01,weighted_greedy,0//1,0.866555791,true,experiments/algorithmic_compression_v2/results/raw_runs/V2-B-N064-R032-C06-X01/weighted_greedy__mandatory_only.toml,5758ae78c4881243e79a2ab6351c09dbd85193ccf1960a7a50e14549e5c12310
V2-B-N064-R032-C06-X01,weighted_greedy_reverse_delete,0//1,1.010450125,true,experiments/algorithmic_compression_v2/results/raw_runs/V2-B-N064-R032-C06-X01/weighted_greedy_reverse_delete__mandatory_only.toml,ce234611f1a2d479a67ad83fc69ee9d8aa100007ba8539755e2e04ba96e29c75
V2-B-N064-R032-C06-X02,cardinality_greedy,1//11,0.813151,true,experiments/algorithmic_compression_v2/results/raw_runs/V2-B-N064-R032-C06-X02/cardinality_greedy__mandatory_only.toml,ada32d545cf52cfb313937a0158314c837013f6916e67c96e80a1c7e7c2c0774
V2-B-N064-R032-C06-X02,declared_source_order,2//11,0.775636166,true,experiments/algorithmic_compression_v2/results/raw_runs/V2-B-N064-R032-C06-X02/declared_source_order__mandatory_only.toml,54750ccbf8ec376702c8f17d71d1ff2cf0fb4becb3fc33a2bd45a6c5124625fe
V2-B-N064-R032-C06-X02,heaviest_safe_first,0//1,1.261354208,true,experiments/algorithmic_compression_v2/results/raw_runs/V2-B-N064-R032-C06-X02/heaviest_safe_first__mandatory_only.toml,a42a06a670f34e47729e4620fb02ff3c59451fb723e1cdaa2da7812025bb5865
V2-B-N064-R032-C06-X02,lightest_safe_first,4//11,0.912716708,true,experiments/algorithmic_compression_v2/results/raw_runs/V2-B-N064-R032-C06-X02/lightest_safe_first__mandatory_only.toml,0259d39e39ae6b00035c84df75a486eeb02c287c2e03afec708f1c5823f36efd
V2-B-N064-R032-C06-X02,maximum_immediate_burden_release,0//1,0.835028084,true,experiments/algorithmic_compression_v2/results/raw_runs/V2-B-N064-R032-C06-X02/maximum_immediate_burden_release__mandatory_only.toml,32cc96849138a5c920721325918ad2febc1235446db5cf632df444c66b45e0a7
V2-B-N064-R032-C06-X02,minimum_unique_carrier_exposure,0//1,0.487702959,true,experiments/algorithmic_compression_v2/results/raw_runs/V2-B-N064-R032-C06-X02/minimum_unique_carrier_exposure__mandatory_only.toml,21dcda6027bdcddb383d4f2f9a377a9642f96adbe5bcaf65e6ddfff1348e15c9
V2-B-N064-R032-C06-X02,multistart_random_rechecked_deletion_32,0//1,4.845763417,true,experiments/algorithmic_compression_v2/results/raw_runs/V2-B-N064-R032-C06-X02/multistart_random_rechecked_deletion_32__mandatory_only.toml,04b4319dd1e27a5adefe4d5cf19b00f62a059bffcbef1632bd87c673219a2cc0
V2-B-N064-R032-C06-X02,random_order_rechecked_deletion,1//11,1.152570791,true,experiments/algorithmic_compression_v2/results/raw_runs/V2-B-N064-R032-C06-X02/random_order_rechecked_deletion__mandatory_only.toml,5a353e65aaec6dd81d901d8c8bc1a27ae3cdb3e49553a5d79b109c110f67b88d
V2-B-N064-R032-C06-X02,weighted_greedy,0//1,0.607077083,true,experiments/algorithmic_compression_v2/results/raw_runs/V2-B-N064-R032-C06-X02/weighted_greedy__mandatory_only.toml,5c7eebd77947a2ee3760ce7085714a8335cec5b54785614e3399617dd29cc069
V2-B-N064-R032-C06-X02,weighted_greedy_reverse_delete,0//1,0.90487175,true,experiments/algorithmic_compression_v2/results/raw_runs/V2-B-N064-R032-C06-X02/weighted_greedy_reverse_delete__mandatory_only.toml,a3b41545479383969bae465c296abee4fde146d5739c4fd6793589d9508b98d4
V2-B-N064-R032-C07-X01,cardinality_greedy,2//21,0.825019792,true,experiments/algorithmic_compression_v2/results/raw_runs/V2-B-N064-R032-C07-X01/cardinality_greedy__mandatory_only.toml,8e4a9505d70ecc82f70104c7bdbbb67d894ff351727f25068501be401357faab
V2-B-N064-R032-C07-X01,declared_source_order,0//1,0.853343416,true,experiments/algorithmic_compression_v2/results/raw_runs/V2-B-N064-R032-C07-X01/declared_source_order__mandatory_only.toml,bfd8de38b52eeb886eb3b7a986d326525087c80a4b4d2f7909fe0a1c975ba756
V2-B-N064-R032-C07-X01,heaviest_safe_first,0//1,0.936476083,true,experiments/algorithmic_compression_v2/results/raw_runs/V2-B-N064-R032-C07-X01/heaviest_safe_first__mandatory_only.toml,698d20e7eff631adc0146b7a2abd86185da746678624dd3e8fa157bfeab70849
V2-B-N064-R032-C07-X01,lightest_safe_first,0//1,0.974663083,true,experiments/algorithmic_compression_v2/results/raw_runs/V2-B-N064-R032-C07-X01/lightest_safe_first__mandatory_only.toml,db0660a7455a8ae9c776730452094c210c26e5a617bd2dc86344d19308454424
V2-B-N064-R032-C07-X01,maximum_immediate_burden_release,0//1,1.010435583,true,experiments/algorithmic_compression_v2/results/raw_runs/V2-B-N064-R032-C07-X01/maximum_immediate_burden_release__mandatory_only.toml,c6b06ed94e564dc907d60a4fa085e5539f74e98bc91b892db3b2bd60ac2c2fe9
V2-B-N064-R032-C07-X01,minimum_unique_carrier_exposure,0//1,0.998049667,true,experiments/algorithmic_compression_v2/results/raw_runs/V2-B-N064-R032-C07-X01/minimum_unique_carrier_exposure__mandatory_only.toml,910ec56d8904a92341e5afd5e2d8a186ab44b0c9236f548359296f72a03e5a26
V2-B-N064-R032-C07-X01,multistart_random_rechecked_deletion_32,0//1,6.801720542,true,experiments/algorithmic_compression_v2/results/raw_runs/V2-B-N064-R032-C07-X01/multistart_random_rechecked_deletion_32__mandatory_only.toml,68738378ce90ecd65f7205d73dd91ccdb2b005a8eb2a7a009a6e27ba1fd7eb05
V2-B-N064-R032-C07-X01,random_order_rechecked_deletion,0//1,1.058518625,true,experiments/algorithmic_compression_v2/results/raw_runs/V2-B-N064-R032-C07-X01/random_order_rechecked_deletion__mandatory_only.toml,3b6b387e68b470bfab05b4d55b3ac3e161e05147dacb53cb45feb5aa8e0583c5
V2-B-N064-R032-C07-X01,weighted_greedy,1//21,0.536402333,true,experiments/algorithmic_compression_v2/results/raw_runs/V2-B-N064-R032-C07-X01/weighted_greedy__mandatory_only.toml,ef07868e89e388173c27fdd4df424e3afb7b38bd0a49c127fe07aa5bc0e58119
V2-B-N064-R032-C07-X01,weighted_greedy_reverse_delete,0//1,1.011374458,true,experiments/algorithmic_compression_v2/results/raw_runs/V2-B-N064-R032-C07-X01/weighted_greedy_reverse_delete__mandatory_only.toml,6124cdb5fb0ed72cda46b4a0f4e7fb222d5778cb46c999b7c96f08c39287b42d
V2-B-N064-R032-C07-X02,cardinality_greedy,23//29,0.65366325,true,experiments/algorithmic_compression_v2/results/raw_runs/V2-B-N064-R032-C07-X02/cardinality_greedy__mandatory_only.toml,d85dd13c1ab913722fdb7f58dab031cde5509fc22430329a1158a5b35e0b40e1
V2-B-N064-R032-C07-X02,declared_source_order,3//29,0.878897708,true,experiments/algorithmic_compression_v2/results/raw_runs/V2-B-N064-R032-C07-X02/declared_source_order__mandatory_only.toml,3dd2b883a06ff643efa54cded08efc75ea2b0b7afbfe2063ec3d7d0c502e95df
V2-B-N064-R032-C07-X02,heaviest_safe_first,0//1,0.802495792,true,experiments/algorithmic_compression_v2/results/raw_runs/V2-B-N064-R032-C07-X02/heaviest_safe_first__mandatory_only.toml,df7c7b196c922b1a2f1f09ed472d478bd2df60cd75f2c8d4689a2fb90ee62768
V2-B-N064-R032-C07-X02,lightest_safe_first,15//29,1.179253667,true,experiments/algorithmic_compression_v2/results/raw_runs/V2-B-N064-R032-C07-X02/lightest_safe_first__mandatory_only.toml,8213457816bba89c02cbd8c904139dda69b6b8077913ae8ecfb08382266a1251
V2-B-N064-R032-C07-X02,maximum_immediate_burden_release,0//1,0.9010845,true,experiments/algorithmic_compression_v2/results/raw_runs/V2-B-N064-R032-C07-X02/maximum_immediate_burden_release__mandatory_only.toml,8139d8a98a9987bb63e698db010883e8da0fda5cf39c0e9f7fb350d726fd37ad
V2-B-N064-R032-C07-X02,minimum_unique_carrier_exposure,0//1,0.989050709,true,experiments/algorithmic_compression_v2/results/raw_runs/V2-B-N064-R032-C07-X02/minimum_unique_carrier_exposure__mandatory_only.toml,ee65267e194fb10a9f6f11c506dcda33be7a8ea7350d4e7e7dccf4ae8a984231
V2-B-N064-R032-C07-X02,multistart_random_rechecked_deletion_32,0//1,6.254338333,true,experiments/algorithmic_compression_v2/results/raw_runs/V2-B-N064-R032-C07-X02/multistart_random_rechecked_deletion_32__mandatory_only.toml,b0f3d5a3aea53bd94919f9d26f701251c719721c6d4cf94379e5ee3e34a5c482
V2-B-N064-R032-C07-X02,random_order_rechecked_deletion,3//29,0.66682325,true,experiments/algorithmic_compression_v2/results/raw_runs/V2-B-N064-R032-C07-X02/random_order_rechecked_deletion__mandatory_only.toml,d0521e7820c501c3e373b369bde546e3aadfa8113259d3f171dc021857b53b3e
V2-B-N064-R032-C07-X02,weighted_greedy,1//29,0.888602125,true,experiments/algorithmic_compression_v2/results/raw_runs/V2-B-N064-R032-C07-X02/weighted_greedy__mandatory_only.toml,ad865dab8297c9eff5c62d8f90b878bec1de95889fdd68be7fe1ee9511e970ea
V2-B-N064-R032-C07-X02,weighted_greedy_reverse_delete,0//1,0.311497625,true,experiments/algorithmic_compression_v2/results/raw_runs/V2-B-N064-R032-C07-X02/weighted_greedy_reverse_delete__mandatory_only.toml,b7fd43829a80fa667eb10ecc01ace866cd1970b98a00c14739333fbd3d90b513
V2-B-N064-R032-C08-X01,cardinality_greedy,1//1,0.682363584,true,experiments/algorithmic_compression_v2/results/raw_runs/V2-B-N064-R032-C08-X01/cardinality_greedy__mandatory_only.toml,1b8fb04c8631cfc27412bf4efe06896c9e0d4bf901bd67106e61c0e39c36a422
V2-B-N064-R032-C08-X01,declared_source_order,1//1,0.893671666,true,experiments/algorithmic_compression_v2/results/raw_runs/V2-B-N064-R032-C08-X01/declared_source_order__mandatory_only.toml,19faec64fe5c5f6e09616e88e997fe8012825eca199bbd5f3dfff6a88de1b5b3
V2-B-N064-R032-C08-X01,heaviest_safe_first,0//1,0.901849875,true,experiments/algorithmic_compression_v2/results/raw_runs/V2-B-N064-R032-C08-X01/heaviest_safe_first__mandatory_only.toml,3ea65f5cbe822852f2cd4082921cc37472908cb45abb97421f4ddeb74fcce99a
V2-B-N064-R032-C08-X01,lightest_safe_first,2//1,0.920969125,true,experiments/algorithmic_compression_v2/results/raw_runs/V2-B-N064-R032-C08-X01/lightest_safe_first__mandatory_only.toml,02114c171ee8b266e0ff013e4ba9e3379bbdbb8433828701acbcd4e4698d0a1b
V2-B-N064-R032-C08-X01,maximum_immediate_burden_release,0//1,0.815255041,true,experiments/algorithmic_compression_v2/results/raw_runs/V2-B-N064-R032-C08-X01/maximum_immediate_burden_release__mandatory_only.toml,e0bbc3cc3daba31b57a0b6414eeac1d92f97849ac4bae1135edd1b258f63204c
V2-B-N064-R032-C08-X01,minimum_unique_carrier_exposure,0//1,0.36182,true,experiments/algorithmic_compression_v2/results/raw_runs/V2-B-N064-R032-C08-X01/minimum_unique_carrier_exposure__mandatory_only.toml,6eefd5db5961c989a271054858152b30187c1174137f4d766571865479ec12d5
V2-B-N064-R032-C08-X01,multistart_random_rechecked_deletion_32,0//1,6.19671075,true,experiments/algorithmic_compression_v2/results/raw_runs/V2-B-N064-R032-C08-X01/multistart_random_rechecked_deletion_32__mandatory_only.toml,74c7d25e201aea806a74397195e92ab8cfd96eea67480841660db6587ffb2ff9
V2-B-N064-R032-C08-X01,random_order_rechecked_deletion,1//1,0.43767675,true,experiments/algorithmic_compression_v2/results/raw_runs/V2-B-N064-R032-C08-X01/random_order_rechecked_deletion__mandatory_only.toml,155c33dd0dcff653a65975e608a052fd9e0bedb00aad01d817457602d5975841
V2-B-N064-R032-C08-X01,weighted_greedy,0//1,0.711416625,true,experiments/algorithmic_compression_v2/results/raw_runs/V2-B-N064-R032-C08-X01/weighted_greedy__mandatory_only.toml,15429fa974c950519c6b4f803615f722a5a433d4b27b0be990b95077202e5638
V2-B-N064-R032-C08-X01,weighted_greedy_reverse_delete,0//1,0.825524208,true,experiments/algorithmic_compression_v2/results/raw_runs/V2-B-N064-R032-C08-X01/weighted_greedy_reverse_delete__mandatory_only.toml,bc42465aa030073fd8b864765e623a59dbb6a31d511dd0a0980fde50021e1505
V2-B-N064-R032-C08-X02,cardinality_greedy,0//1,0.569527209,true,experiments/algorithmic_compression_v2/results/raw_runs/V2-B-N064-R032-C08-X02/cardinality_greedy__mandatory_only.toml,48811702df10831513a7fba3f2a186e47a2c817afeab1f62cfb1a0c3a4283da9
V2-B-N064-R032-C08-X02,declared_source_order,3//2,0.836703666,true,experiments/algorithmic_compression_v2/results/raw_runs/V2-B-N064-R032-C08-X02/declared_source_order__mandatory_only.toml,b7e2c28adb6edb74eb45f4d5be3f9e1eac3b17c304eba10dbec66c434628d927
V2-B-N064-R032-C08-X02,heaviest_safe_first,0//1,0.669717334,true,experiments/algorithmic_compression_v2/results/raw_runs/V2-B-N064-R032-C08-X02/heaviest_safe_first__mandatory_only.toml,43ccfa2c6b408fde14d09a8b6e1b5d19cfd2c6dedcf32e75dde52885d3553a38
V2-B-N064-R032-C08-X02,lightest_safe_first,2//1,0.939232583,true,experiments/algorithmic_compression_v2/results/raw_runs/V2-B-N064-R032-C08-X02/lightest_safe_first__mandatory_only.toml,666b0fd5c788b2470e879c7c87109ed624b4c4e0dec641499ce7e82d12a70c65
V2-B-N064-R032-C08-X02,maximum_immediate_burden_release,0//1,0.32117725,true,experiments/algorithmic_compression_v2/results/raw_runs/V2-B-N064-R032-C08-X02/maximum_immediate_burden_release__mandatory_only.toml,ccd2c3512521942524625d7cd3b1139704f8b76ceb232f54b8cd3613b63397c2
V2-B-N064-R032-C08-X02,minimum_unique_carrier_exposure,0//1,0.796811792,true,experiments/algorithmic_compression_v2/results/raw_runs/V2-B-N064-R032-C08-X02/minimum_unique_carrier_exposure__mandatory_only.toml,35c0d157824cc8b831a3547add34413b91905815a4cdb2c411f5a8fa3ff12f73
V2-B-N064-R032-C08-X02,multistart_random_rechecked_deletion_32,0//1,5.650428625,true,experiments/algorithmic_compression_v2/results/raw_runs/V2-B-N064-R032-C08-X02/multistart_random_rechecked_deletion_32__mandatory_only.toml,8d88fcff2d4901b7c1982d4c689b8210a79a9e3f176718ec0e39d21bb6aec0b6
V2-B-N064-R032-C08-X02,random_order_rechecked_deletion,3//2,0.844490333,true,experiments/algorithmic_compression_v2/results/raw_runs/V2-B-N064-R032-C08-X02/random_order_rechecked_deletion__mandatory_only.toml,a744db81dc9143c6ce23851bbdf55a49d4c3017c1dc1bd207d4e408d994f8783
V2-B-N064-R032-C08-X02,weighted_greedy,0//1,0.399334542,true,experiments/algorithmic_compression_v2/results/raw_runs/V2-B-N064-R032-C08-X02/weighted_greedy__mandatory_only.toml,f9569439eb69134822e66ce1dfb7569dc7194fcd8271af0803aafaeacee406b7
V2-B-N064-R032-C08-X02,weighted_greedy_reverse_delete,0//1,0.737948417,true,experiments/algorithmic_compression_v2/results/raw_runs/V2-B-N064-R032-C08-X02/weighted_greedy_reverse_delete__mandatory_only.toml,4eb35c08f2d39da8c01fa2810c5bf6638d31bde05481b5be7bde1503085f389e
V2-B-N064-R032-C10-X01,cardinality_greedy,15//28,0.810128,true,experiments/algorithmic_compression_v2/results/raw_runs/V2-B-N064-R032-C10-X01/cardinality_greedy__mandatory_only.toml,60bd1a23fc8d4cd9388371746092f3f28af9166d3d90834c0d9e58ae3dac6629
V2-B-N064-R032-C10-X01,declared_source_order,1//28,0.888618166,true,experiments/algorithmic_compression_v2/results/raw_runs/V2-B-N064-R032-C10-X01/declared_source_order__mandatory_only.toml,04c6f80539ec2671e6e15def47905bc9afa804fab535ea45452668fd34a6cc18
V2-B-N064-R032-C10-X01,heaviest_safe_first,0//1,1.031734458,true,experiments/algorithmic_compression_v2/results/raw_runs/V2-B-N064-R032-C10-X01/heaviest_safe_first__mandatory_only.toml,78f4af69d8e1746b9f82e95dca5f2359a133135358ecf3a42f733c28a6af3cc9
V2-B-N064-R032-C10-X01,lightest_safe_first,15//28,0.600029708,true,experiments/algorithmic_compression_v2/results/raw_runs/V2-B-N064-R032-C10-X01/lightest_safe_first__mandatory_only.toml,6a380d72279aef6e19cf00c5bf80405588a307fba5c1e659ea24a2358a3442e8
V2-B-N064-R032-C10-X01,maximum_immediate_burden_release,0//1,1.015631042,true,experiments/algorithmic_compression_v2/results/raw_runs/V2-B-N064-R032-C10-X01/maximum_immediate_burden_release__mandatory_only.toml,043f88754e7b8454652eaa55c9c098296be0e378ad684798cd3db9494d7ef2e6
V2-B-N064-R032-C10-X01,minimum_unique_carrier_exposure,0//1,0.920014916,true,experiments/algorithmic_compression_v2/results/raw_runs/V2-B-N064-R032-C10-X01/minimum_unique_carrier_exposure__mandatory_only.toml,988990aba519b8687d4235e32f987177072403e987cf6eabd98ea8956097a369
V2-B-N064-R032-C10-X01,multistart_random_rechecked_deletion_32,0//1,4.983628041,true,experiments/algorithmic_compression_v2/results/raw_runs/V2-B-N064-R032-C10-X01/multistart_random_rechecked_deletion_32__mandatory_only.toml,3146faa96461253249eb4ff9a3c464b169d765dfdd85e9ea2aa9b81d4f4ed6ab
V2-B-N064-R032-C10-X01,random_order_rechecked_deletion,1//28,0.9781325,true,experiments/algorithmic_compression_v2/results/raw_runs/V2-B-N064-R032-C10-X01/random_order_rechecked_deletion__mandatory_only.toml,3448447b429359bdfd2f8b3ff7275d55b8964af742fa73f2caa620b48cf2041b
V2-B-N064-R032-C10-X01,weighted_greedy,0//1,0.892831292,true,experiments/algorithmic_compression_v2/results/raw_runs/V2-B-N064-R032-C10-X01/weighted_greedy__mandatory_only.toml,83cb9880c083cce911838907781beef9b5bd715f79bb98ca37a821ab72cc2839
V2-B-N064-R032-C10-X01,weighted_greedy_reverse_delete,0//1,0.491792375,true,experiments/algorithmic_compression_v2/results/raw_runs/V2-B-N064-R032-C10-X01/weighted_greedy_reverse_delete__mandatory_only.toml,2f1b2ff659a07b02b32ddb814016d3281c18028536a05c194364d718be16d17f
V2-B-N064-R032-C10-X02,cardinality_greedy,0//1,0.635211375,true,experiments/algorithmic_compression_v2/results/raw_runs/V2-B-N064-R032-C10-X02/cardinality_greedy__mandatory_only.toml,6c5dc2b490e6ef255d1ed68c946f4773d38bff2c61b7440967b81f1a7f7f9f2c
V2-B-N064-R032-C10-X02,declared_source_order,0//1,1.077656125,true,experiments/algorithmic_compression_v2/results/raw_runs/V2-B-N064-R032-C10-X02/declared_source_order__mandatory_only.toml,9d5ebe9f5d6b8e5c942aed932b989db3e02603511b409356e56428b0572b0b50
V2-B-N064-R032-C10-X02,heaviest_safe_first,0//1,0.754178167,true,experiments/algorithmic_compression_v2/results/raw_runs/V2-B-N064-R032-C10-X02/heaviest_safe_first__mandatory_only.toml,15c11bc2d0526878e9b3b7543383a7daa272189e90db33db1ca1e3a19a64d8f0
V2-B-N064-R032-C10-X02,lightest_safe_first,15//13,0.725553125,true,experiments/algorithmic_compression_v2/results/raw_runs/V2-B-N064-R032-C10-X02/lightest_safe_first__mandatory_only.toml,dbe5707b9a4a86b3df3faeeff0a956bf2d1a296b47521335c9877dae02d0b26a
V2-B-N064-R032-C10-X02,maximum_immediate_burden_release,0//1,0.725178459,true,experiments/algorithmic_compression_v2/results/raw_runs/V2-B-N064-R032-C10-X02/maximum_immediate_burden_release__mandatory_only.toml,5fd87ccbc72d03d9c7c9aee8368c66c26015c6d00692840b7aa1d817904e682e
V2-B-N064-R032-C10-X02,minimum_unique_carrier_exposure,0//1,0.655236042,true,experiments/algorithmic_compression_v2/results/raw_runs/V2-B-N064-R032-C10-X02/minimum_unique_carrier_exposure__mandatory_only.toml,36e138948685ba500e2d79ced8492ace1be1e3382826a582a25d779f44de11f2
V2-B-N064-R032-C10-X02,multistart_random_rechecked_deletion_32,0//1,5.875292583,true,experiments/algorithmic_compression_v2/results/raw_runs/V2-B-N064-R032-C10-X02/multistart_random_rechecked_deletion_32__mandatory_only.toml,3f6725d49de5e07a228a8970142c464aa08a3096277d514cff1f63d251d8b70e
V2-B-N064-R032-C10-X02,random_order_rechecked_deletion,0//1,1.155933625,true,experiments/algorithmic_compression_v2/results/raw_runs/V2-B-N064-R032-C10-X02/random_order_rechecked_deletion__mandatory_only.toml,4217cf36e21a4f192de83b3c9d9017807218a2d13153d038850c46e1517a8618
V2-B-N064-R032-C10-X02,weighted_greedy,0//1,0.934523917,true,experiments/algorithmic_compression_v2/results/raw_runs/V2-B-N064-R032-C10-X02/weighted_greedy__mandatory_only.toml,4807f44085ae94d9ee5670465660070dd2416a7113d0468f92741dc6433c47ac
V2-B-N064-R032-C10-X02,weighted_greedy_reverse_delete,0//1,1.021459292,true,experiments/algorithmic_compression_v2/results/raw_runs/V2-B-N064-R032-C10-X02/weighted_greedy_reverse_delete__mandatory_only.toml,9e035012a1a1729f6412e7fc9dcf4be0de67def332b07621c71e858f6c4f8132
V2-B-N064-R032-C11-X01,cardinality_greedy,2//11,0.633440083,true,experiments/algorithmic_compression_v2/results/raw_runs/V2-B-N064-R032-C11-X01/cardinality_greedy__mandatory_only.toml,75fa60944c7df4661d50dc5a2165c8703c5be8f265e7ec9b59fa1e965842dadc
V2-B-N064-R032-C11-X01,declared_source_order,0//1,0.90667875,true,experiments/algorithmic_compression_v2/results/raw_runs/V2-B-N064-R032-C11-X01/declared_source_order__mandatory_only.toml,d29b0a0dbe913579f23acb5aa8d6ecac353eefc4f9475ecdacf9498ee72a6c10
V2-B-N064-R032-C11-X01,heaviest_safe_first,0//1,0.982895542,true,experiments/algorithmic_compression_v2/results/raw_runs/V2-B-N064-R032-C11-X01/heaviest_safe_first__mandatory_only.toml,b7ef3d2fe535fc2f9e8fdd6de84fac811d6be67a90f241b8a226cf93f4d0a92e
V2-B-N064-R032-C11-X01,lightest_safe_first,2//11,0.825669,true,experiments/algorithmic_compression_v2/results/raw_runs/V2-B-N064-R032-C11-X01/lightest_safe_first__mandatory_only.toml,bf1e85d8ba524300634d938bc6fde31ae6a1b630754108c43fac2819e08e8787
V2-B-N064-R032-C11-X01,maximum_immediate_burden_release,0//1,0.5648845,true,experiments/algorithmic_compression_v2/results/raw_runs/V2-B-N064-R032-C11-X01/maximum_immediate_burden_release__mandatory_only.toml,f8419470acff6ab363320c456ae9996e5baa28709aa53ec3435a975d2d780185
V2-B-N064-R032-C11-X01,minimum_unique_carrier_exposure,0//1,1.096299458,true,experiments/algorithmic_compression_v2/results/raw_runs/V2-B-N064-R032-C11-X01/minimum_unique_carrier_exposure__mandatory_only.toml,837cfc4b4ff6681cf7835fcf2b8e2d2293e7b885e556719682bd9c42e0e1f656
V2-B-N064-R032-C11-X01,multistart_random_rechecked_deletion_32,0//1,5.750739125,true,experiments/algorithmic_compression_v2/results/raw_runs/V2-B-N064-R032-C11-X01/multistart_random_rechecked_deletion_32__mandatory_only.toml,c01de06cd10b1724e73f622272e65e73bcd40d04754be6d5419d38d54af71f3f
V2-B-N064-R032-C11-X01,random_order_rechecked_deletion,2//11,0.615769834,true,experiments/algorithmic_compression_v2/results/raw_runs/V2-B-N064-R032-C11-X01/random_order_rechecked_deletion__mandatory_only.toml,3ca030ebed2463af65e78463f83752ebcc0eb10d3923c0484e8c42b3da45a153
V2-B-N064-R032-C11-X01,weighted_greedy,0//1,1.105982084,true,experiments/algorithmic_compression_v2/results/raw_runs/V2-B-N064-R032-C11-X01/weighted_greedy__mandatory_only.toml,bc9edbe913d73ddae52d5d6ac05a5f377f348147408a0111bf20af81ed4f48c3
V2-B-N064-R032-C11-X01,weighted_greedy_reverse_delete,0//1,0.666550041,true,experiments/algorithmic_compression_v2/results/raw_runs/V2-B-N064-R032-C11-X01/weighted_greedy_reverse_delete__mandatory_only.toml,df36bb4801bd4af2912ba94ef5e014e4629aa7d337f9d875860eccd68aae35d5
V2-B-N064-R032-C11-X02,cardinality_greedy,0//1,0.28742775,true,experiments/algorithmic_compression_v2/results/raw_runs/V2-B-N064-R032-C11-X02/cardinality_greedy__mandatory_only.toml,0d6c235f31e3a40f8ec91d333c58b6677ab6fdeac213047f418de96500e31080
V2-B-N064-R032-C11-X02,declared_source_order,0//1,1.357395541,true,experiments/algorithmic_compression_v2/results/raw_runs/V2-B-N064-R032-C11-X02/declared_source_order__mandatory_only.toml,7233c629baaa01b0f05b282b542a6b6930cb816547cea210a6ef24774c611e7e
V2-B-N064-R032-C11-X02,heaviest_safe_first,0//1,0.857971041,true,experiments/algorithmic_compression_v2/results/raw_runs/V2-B-N064-R032-C11-X02/heaviest_safe_first__mandatory_only.toml,f67770d647cd31cd3a334afd37f7cf15c240115d800e8e0f2c3f39e4501163e2
V2-B-N064-R032-C11-X02,lightest_safe_first,1//4,1.205291583,true,experiments/algorithmic_compression_v2/results/raw_runs/V2-B-N064-R032-C11-X02/lightest_safe_first__mandatory_only.toml,9fd7a64273a9c5474d2c704889ab563709b3470e996e4eb759bb0ab0a94733a7
V2-B-N064-R032-C11-X02,maximum_immediate_burden_release,0//1,1.218099083,true,experiments/algorithmic_compression_v2/results/raw_runs/V2-B-N064-R032-C11-X02/maximum_immediate_burden_release__mandatory_only.toml,27d7f63e88eccc2bed75fae1f954959d5935dfaa9ded3528ef422426367e1d31
V2-B-N064-R032-C11-X02,minimum_unique_carrier_exposure,0//1,1.429434666,true,experiments/algorithmic_compression_v2/results/raw_runs/V2-B-N064-R032-C11-X02/minimum_unique_carrier_exposure__mandatory_only.toml,6e9752de44e972bed10a8b72292ef7c7e31e34323f6f647a2b2d37947f769311
V2-B-N064-R032-C11-X02,multistart_random_rechecked_deletion_32,0//1,5.921982333,true,experiments/algorithmic_compression_v2/results/raw_runs/V2-B-N064-R032-C11-X02/multistart_random_rechecked_deletion_32__mandatory_only.toml,ee87c3d0a4d55b47d9ad615c176befb747d8654baef91e5d958f4d44dcfd853d
V2-B-N064-R032-C11-X02,random_order_rechecked_deletion,0//1,0.7924815,true,experiments/algorithmic_compression_v2/results/raw_runs/V2-B-N064-R032-C11-X02/random_order_rechecked_deletion__mandatory_only.toml,fbb2e575904e5c1f8583ea2df4fe0a69f827b204508131e463918a6d356112dc
V2-B-N064-R032-C11-X02,weighted_greedy,0//1,0.961932625,true,experiments/algorithmic_compression_v2/results/raw_runs/V2-B-N064-R032-C11-X02/weighted_greedy__mandatory_only.toml,783f2b131be60a7117835d712c83efdea44d8414bd8c2007997c1fc32de69eb0
V2-B-N064-R032-C11-X02,weighted_greedy_reverse_delete,0//1,0.709891959,true,experiments/algorithmic_compression_v2/results/raw_runs/V2-B-N064-R032-C11-X02/weighted_greedy_reverse_delete__mandatory_only.toml,b3ee170b920302471c94f5658adb036d4a4a570fd8127f6ea89f6aa92af7893a
V2-B-N064-R032-C12-X01,cardinality_greedy,0//1,0.462250208,true,experiments/algorithmic_compression_v2/results/raw_runs/V2-B-N064-R032-C12-X01/cardinality_greedy__mandatory_only.toml,85ac919276f0e0317bbb9f61b5aedd58bf2173ec6429833bf5dabd6b1f3401fe
V2-B-N064-R032-C12-X01,declared_source_order,0//1,1.237707,true,experiments/algorithmic_compression_v2/results/raw_runs/V2-B-N064-R032-C12-X01/declared_source_order__mandatory_only.toml,cf573f1fc80f4d031302e5985a3a50f6a61fbaf2b566a3fe1efd51bde302e474
V2-B-N064-R032-C12-X01,heaviest_safe_first,0//1,0.601912833,true,experiments/algorithmic_compression_v2/results/raw_runs/V2-B-N064-R032-C12-X01/heaviest_safe_first__mandatory_only.toml,6f4262882730c5afcc9575ecec1299115239591ea51e906f4cc605ad968eb8ea
V2-B-N064-R032-C12-X01,lightest_safe_first,15//1,0.846801917,true,experiments/algorithmic_compression_v2/results/raw_runs/V2-B-N064-R032-C12-X01/lightest_safe_first__mandatory_only.toml,7bd68a11b4811eafe1ad32432e2cdf02645c92bb4127e44245b332331964e7f5
V2-B-N064-R032-C12-X01,maximum_immediate_burden_release,0//1,1.201775917,true,experiments/algorithmic_compression_v2/results/raw_runs/V2-B-N064-R032-C12-X01/maximum_immediate_burden_release__mandatory_only.toml,46cc953a0a5da97438f5ac7761483664be74ee47c4db3b3d14afbe8e965705a6
V2-B-N064-R032-C12-X01,minimum_unique_carrier_exposure,0//1,0.956128542,true,experiments/algorithmic_compression_v2/results/raw_runs/V2-B-N064-R032-C12-X01/minimum_unique_carrier_exposure__mandatory_only.toml,82912ebbed74a92b3e90da442fd34d014fc8349e4a7075c5c4552235093f644f
V2-B-N064-R032-C12-X01,multistart_random_rechecked_deletion_32,0//1,5.96127275,true,experiments/algorithmic_compression_v2/results/raw_runs/V2-B-N064-R032-C12-X01/multistart_random_rechecked_deletion_32__mandatory_only.toml,6f7c3a84bfb1c07bb7e20171236ef9a21f381a7b87b04552f2e2264afe1c7b5f
V2-B-N064-R032-C12-X01,random_order_rechecked_deletion,0//1,0.823784959,true,experiments/algorithmic_compression_v2/results/raw_runs/V2-B-N064-R032-C12-X01/random_order_rechecked_deletion__mandatory_only.toml,73932d76b55a5ccef3785514edec7f7dac4db318cfffce1c3c5d115c764f6dbc
V2-B-N064-R032-C12-X01,weighted_greedy,0//1,0.683428375,true,experiments/algorithmic_compression_v2/results/raw_runs/V2-B-N064-R032-C12-X01/weighted_greedy__mandatory_only.toml,0fc5f8d285e2fdf2729a7ed2e08df783cbe998620c6bc2bb82fb28413f5a28fc
V2-B-N064-R032-C12-X01,weighted_greedy_reverse_delete,0//1,0.816132708,true,experiments/algorithmic_compression_v2/results/raw_runs/V2-B-N064-R032-C12-X01/weighted_greedy_reverse_delete__mandatory_only.toml,5b10ac89984b765696f82bf0fa6e58a641160f957b38c409e90ddfaad20a8233
V2-B-N064-R032-C12-X02,cardinality_greedy,1//1,1.14334625,true,experiments/algorithmic_compression_v2/results/raw_runs/V2-B-N064-R032-C12-X02/cardinality_greedy__mandatory_only.toml,158baf31327b3a9196018a698424e1c51a7409b4aec3d453ad34c57fcc8947d9
V2-B-N064-R032-C12-X02,declared_source_order,15//1,0.878485375,true,experiments/algorithmic_compression_v2/results/raw_runs/V2-B-N064-R032-C12-X02/declared_source_order__mandatory_only.toml,8b029ce14a6cb873fe16b14b76b8cbf09667b240133225393707f9a444da7864
V2-B-N064-R032-C12-X02,heaviest_safe_first,0//1,0.790717375,true,experiments/algorithmic_compression_v2/results/raw_runs/V2-B-N064-R032-C12-X02/heaviest_safe_first__mandatory_only.toml,9b2076c03d7b1769a7640d18a11a4d0c6eafeb079572a143c4b742b3f53332e0
V2-B-N064-R032-C12-X02,lightest_safe_first,15//1,0.74720825,true,experiments/algorithmic_compression_v2/results/raw_runs/V2-B-N064-R032-C12-X02/lightest_safe_first__mandatory_only.toml,d7f34f2c0ae8711fd9dd6ea09c2562f05781bad131251a96f9a1f7bb5b2ba108
V2-B-N064-R032-C12-X02,maximum_immediate_burden_release,0//1,0.551403583,true,experiments/algorithmic_compression_v2/results/raw_runs/V2-B-N064-R032-C12-X02/maximum_immediate_burden_release__mandatory_only.toml,f0c10fc5f05f886f24a9c3fbb528b49491df169756dc0e3bfa3a4f8dfee73f02
V2-B-N064-R032-C12-X02,minimum_unique_carrier_exposure,0//1,1.134758917,true,experiments/algorithmic_compression_v2/results/raw_runs/V2-B-N064-R032-C12-X02/minimum_unique_carrier_exposure__mandatory_only.toml,f398bb5c049f8f21b937f3786dd4ecf47f6928aaa85c441c289d35f15d5c9c7d
V2-B-N064-R032-C12-X02,multistart_random_rechecked_deletion_32,0//1,5.680394416,true,experiments/algorithmic_compression_v2/results/raw_runs/V2-B-N064-R032-C12-X02/multistart_random_rechecked_deletion_32__mandatory_only.toml,a0435575825adc9205970fed06d082b2b437067502f3ee9e28017ce21e71eeda
V2-B-N064-R032-C12-X02,random_order_rechecked_deletion,15//1,0.800827667,true,experiments/algorithmic_compression_v2/results/raw_runs/V2-B-N064-R032-C12-X02/random_order_rechecked_deletion__mandatory_only.toml,8d96f725286b4312d3cc31ba3453ed3f63e951b4c68c7ee50f3c1bf816b5e6b5
V2-B-N064-R032-C12-X02,weighted_greedy,0//1,0.786590708,true,experiments/algorithmic_compression_v2/results/raw_runs/V2-B-N064-R032-C12-X02/weighted_greedy__mandatory_only.toml,6cde4df08f4de2247e978d79daa039975b08cfe9f8f5dfdc7e0035f288570cbd
V2-B-N064-R032-C12-X02,weighted_greedy_reverse_delete,0//1,0.548730541,true,experiments/algorithmic_compression_v2/results/raw_runs/V2-B-N064-R032-C12-X02/weighted_greedy_reverse_delete__mandatory_only.toml,d7041a41c8ddba9645b0b4abf671cf921e120b75a9ecdd67069e9ef400f5121c
V2-B-N064-R032-C14-X01,cardinality_greedy,1//3,0.50149775,true,experiments/algorithmic_compression_v2/results/raw_runs/V2-B-N064-R032-C14-X01/cardinality_greedy__mandatory_only.toml,eed6519e845e8b5adeb7310c84e0ba9f09a46dcd0bc5c1feef9e2fed39e79309
V2-B-N064-R032-C14-X01,declared_source_order,1//6,0.410139958,true,experiments/algorithmic_compression_v2/results/raw_runs/V2-B-N064-R032-C14-X01/declared_source_order__mandatory_only.toml,0f6807c5c1b7d2a8750e38a03a44c91d96438218d2074a66ec3e51f1072c91f2
V2-B-N064-R032-C14-X01,heaviest_safe_first,0//1,0.694921959,true,experiments/algorithmic_compression_v2/results/raw_runs/V2-B-N064-R032-C14-X01/heaviest_safe_first__mandatory_only.toml,930ff8861b7151b161f4b57d5bc8c88902487ccb0c50bf583551a29cc9a25f4e
V2-B-N064-R032-C14-X01,lightest_safe_first,1//3,0.568848541,true,experiments/algorithmic_compression_v2/results/raw_runs/V2-B-N064-R032-C14-X01/lightest_safe_first__mandatory_only.toml,815da8ddc050f792934b56017f14b8031d405c0b7b67aa52da2c71470e43d90a
V2-B-N064-R032-C14-X01,maximum_immediate_burden_release,0//1,0.816791875,true,experiments/algorithmic_compression_v2/results/raw_runs/V2-B-N064-R032-C14-X01/maximum_immediate_burden_release__mandatory_only.toml,5caef6d85a990068552c9e9ac3e8a6533e54aca051cc276c4952c12e497e3768
V2-B-N064-R032-C14-X01,minimum_unique_carrier_exposure,0//1,0.666247167,true,experiments/algorithmic_compression_v2/results/raw_runs/V2-B-N064-R032-C14-X01/minimum_unique_carrier_exposure__mandatory_only.toml,c88fc642676354dddf4c60dac910efd51207da82338c45da83f5669954db4d29
V2-B-N064-R032-C14-X01,multistart_random_rechecked_deletion_32,0//1,5.476717833,true,experiments/algorithmic_compression_v2/results/raw_runs/V2-B-N064-R032-C14-X01/multistart_random_rechecked_deletion_32__mandatory_only.toml,c8757301b998e4ae89b4bbc2cb5e77f66b2b1b080b2873b8b08340a89de79312
V2-B-N064-R032-C14-X01,random_order_rechecked_deletion,0//1,0.743540167,true,experiments/algorithmic_compression_v2/results/raw_runs/V2-B-N064-R032-C14-X01/random_order_rechecked_deletion__mandatory_only.toml,a69941a64526947b99c9b118962d31ee8324431e97f795c567f42d823ccd1c9c
V2-B-N064-R032-C14-X01,weighted_greedy,0//1,0.651767584,true,experiments/algorithmic_compression_v2/results/raw_runs/V2-B-N064-R032-C14-X01/weighted_greedy__mandatory_only.toml,b70b4f7c2e1ed8a325aaeee51159767fb9a5156ddf700f1dff5c7733aa74d27e
V2-B-N064-R032-C14-X01,weighted_greedy_reverse_delete,0//1,1.266273042,true,experiments/algorithmic_compression_v2/results/raw_runs/V2-B-N064-R032-C14-X01/weighted_greedy_reverse_delete__mandatory_only.toml,1d452fe23880e391d233f41b0db2644640a8ddf150003ef6107b3c2e90bc8b1f
V2-B-N064-R032-C14-X02,cardinality_greedy,0//1,0.566518541,true,experiments/algorithmic_compression_v2/results/raw_runs/V2-B-N064-R032-C14-X02/cardinality_greedy__mandatory_only.toml,d51dd2937fc1bead7cc543a7744f6f10d012c985823179ac4fa0abfbb8f71990
V2-B-N064-R032-C14-X02,declared_source_order,0//1,0.76977825,true,experiments/algorithmic_compression_v2/results/raw_runs/V2-B-N064-R032-C14-X02/declared_source_order__mandatory_only.toml,92f944a22e20617d4381b6578c63cd666422b054cfda7cc9ebf07b255bd4c317
V2-B-N064-R032-C14-X02,heaviest_safe_first,0//1,0.935395292,true,experiments/algorithmic_compression_v2/results/raw_runs/V2-B-N064-R032-C14-X02/heaviest_safe_first__mandatory_only.toml,0cda286bed51dd0c97a0eefc8c2f047ceb502862301025e04be157b56058a024
V2-B-N064-R032-C14-X02,lightest_safe_first,2//9,0.919551125,true,experiments/algorithmic_compression_v2/results/raw_runs/V2-B-N064-R032-C14-X02/lightest_safe_first__mandatory_only.toml,9b65faf1e16de8ab959cc0666c89e0e9cb4228bb5a5b8e03a8fbddfdd0d30f3a
V2-B-N064-R032-C14-X02,maximum_immediate_burden_release,0//1,0.613080416,true,experiments/algorithmic_compression_v2/results/raw_runs/V2-B-N064-R032-C14-X02/maximum_immediate_burden_release__mandatory_only.toml,77efb3c3ca0ad3e91217c440a3cbb7d806010c0ce1ee523be05ce516fb4dce5b
V2-B-N064-R032-C14-X02,minimum_unique_carrier_exposure,0//1,1.087403541,true,experiments/algorithmic_compression_v2/results/raw_runs/V2-B-N064-R032-C14-X02/minimum_unique_carrier_exposure__mandatory_only.toml,40d8ec76102d198dfe876bdf5e66300ce1c7f54268646669800eb7d5ceb87482
V2-B-N064-R032-C14-X02,multistart_random_rechecked_deletion_32,0//1,7.354095667,true,experiments/algorithmic_compression_v2/results/raw_runs/V2-B-N064-R032-C14-X02/multistart_random_rechecked_deletion_32__mandatory_only.toml,4b2e10a96f0cfc79c53ff27062ab64ee0759e7ad7d7e77ee50742bfab5e2aee8
V2-B-N064-R032-C14-X02,random_order_rechecked_deletion,2//9,0.560250666,true,experiments/algorithmic_compression_v2/results/raw_runs/V2-B-N064-R032-C14-X02/random_order_rechecked_deletion__mandatory_only.toml,c3bfbb766276313a8ba05401b0d1beee97d6341b6fee3d631acd929d5cd54c79
V2-B-N064-R032-C14-X02,weighted_greedy,0//1,0.674160333,true,experiments/algorithmic_compression_v2/results/raw_runs/V2-B-N064-R032-C14-X02/weighted_greedy__mandatory_only.toml,d56528c00db7fc0ed16a95e6fc89cf834c3336dce9be42698607605a33babfb7
V2-B-N064-R032-C14-X02,weighted_greedy_reverse_delete,0//1,0.916868667,true,experiments/algorithmic_compression_v2/results/raw_runs/V2-B-N064-R032-C14-X02/weighted_greedy_reverse_delete__mandatory_only.toml,94d8e5113867beaf8766e285f6fab713315a63d3edb6e0582a78aad11db1ae35
V2-B-N064-R032-C15-X01,cardinality_greedy,1//4,0.778905625,true,experiments/algorithmic_compression_v2/results/raw_runs/V2-B-N064-R032-C15-X01/cardinality_greedy__mandatory_only.toml,48bb31f1f56477e1846a46e7def93443812d95c73cdc89d068c681649475f5ec
V2-B-N064-R032-C15-X01,declared_source_order,1//28,1.222309084,true,experiments/algorithmic_compression_v2/results/raw_runs/V2-B-N064-R032-C15-X01/declared_source_order__mandatory_only.toml,84a4690b767441bceca0eae888d726fd151398a95fb0c8f4115f700248e1314b
V2-B-N064-R032-C15-X01,heaviest_safe_first,0//1,0.847995584,true,experiments/algorithmic_compression_v2/results/raw_runs/V2-B-N064-R032-C15-X01/heaviest_safe_first__mandatory_only.toml,879ef1f1b827bb482e8bdbeaeaadaa717a67a7e561b612d9e5adb5235727512c
V2-B-N064-R032-C15-X01,lightest_safe_first,15//28,1.325626083,true,experiments/algorithmic_compression_v2/results/raw_runs/V2-B-N064-R032-C15-X01/lightest_safe_first__mandatory_only.toml,c4ecae823d8cfe962fe52759bf012aa36c88b0369fb138888aa0894484dabf9f
V2-B-N064-R032-C15-X01,maximum_immediate_burden_release,0//1,1.318096583,true,experiments/algorithmic_compression_v2/results/raw_runs/V2-B-N064-R032-C15-X01/maximum_immediate_burden_release__mandatory_only.toml,f819686dae5c966989c67373fe3ab8e2e9fed911f2a426e22eed99879ee313ff
V2-B-N064-R032-C15-X01,minimum_unique_carrier_exposure,0//1,0.774602583,true,experiments/algorithmic_compression_v2/results/raw_runs/V2-B-N064-R032-C15-X01/minimum_unique_carrier_exposure__mandatory_only.toml,e23a70bda5534898af71193676600c21b2bc5b7e77020803891dadd2926e6da2
V2-B-N064-R032-C15-X01,multistart_random_rechecked_deletion_32,0//1,5.824203,true,experiments/algorithmic_compression_v2/results/raw_runs/V2-B-N064-R032-C15-X01/multistart_random_rechecked_deletion_32__mandatory_only.toml,5209b2da8c31f279369b8b04a8f3114e031cd755ac55314b632c63f57e653330
V2-B-N064-R032-C15-X01,random_order_rechecked_deletion,3//28,1.195532167,true,experiments/algorithmic_compression_v2/results/raw_runs/V2-B-N064-R032-C15-X01/random_order_rechecked_deletion__mandatory_only.toml,8095ef66794074bbd3b99195bf283e2c728f7f8109fea9e4a096cffc19c410c7
V2-B-N064-R032-C15-X01,weighted_greedy,1//28,0.304247125,true,experiments/algorithmic_compression_v2/results/raw_runs/V2-B-N064-R032-C15-X01/weighted_greedy__mandatory_only.toml,72a3e4fe939c5ad768bdf67f57a56bcd6725d7b53a4cd6638e8c24e729f8c8db
V2-B-N064-R032-C15-X01,weighted_greedy_reverse_delete,0//1,0.789826458,true,experiments/algorithmic_compression_v2/results/raw_runs/V2-B-N064-R032-C15-X01/weighted_greedy_reverse_delete__mandatory_only.toml,580302572f16f533365afece7f84507cae63da5c18cbf82748da77427a48df23
V2-B-N064-R032-C15-X02,cardinality_greedy,1//23,0.540125292,true,experiments/algorithmic_compression_v2/results/raw_runs/V2-B-N064-R032-C15-X02/cardinality_greedy__mandatory_only.toml,b597bd398178cda70e35d1d234b5773f80dd29fe6b4df2006505c89f5e94aa61
V2-B-N064-R032-C15-X02,declared_source_order,3//23,0.760808083,true,experiments/algorithmic_compression_v2/results/raw_runs/V2-B-N064-R032-C15-X02/declared_source_order__mandatory_only.toml,8a399cc5223d3ee9940c94b311f874c0a7137370cb7f3d50af94693cdf0d3a95
V2-B-N064-R032-C15-X02,heaviest_safe_first,0//1,1.15950775,true,experiments/algorithmic_compression_v2/results/raw_runs/V2-B-N064-R032-C15-X02/heaviest_safe_first__mandatory_only.toml,cdce0ed1b154c9d27651547a79bd7bc2c4988f44836e5115785e0aded5bd9a00
V2-B-N064-R032-C15-X02,lightest_safe_first,7//23,0.85507825,true,experiments/algorithmic_compression_v2/results/raw_runs/V2-B-N064-R032-C15-X02/lightest_safe_first__mandatory_only.toml,b7ca5bb8bb16cce0750c9e3fc19d5e29040fd0314a1fb24165a86d30ffda782b
V2-B-N064-R032-C15-X02,maximum_immediate_burden_release,0//1,1.002830375,true,experiments/algorithmic_compression_v2/results/raw_runs/V2-B-N064-R032-C15-X02/maximum_immediate_burden_release__mandatory_only.toml,f83e14f9f77a39ce0934992a30de1d646810017c272ba26accf9199876944682
V2-B-N064-R032-C15-X02,minimum_unique_carrier_exposure,0//1,1.114948333,true,experiments/algorithmic_compression_v2/results/raw_runs/V2-B-N064-R032-C15-X02/minimum_unique_carrier_exposure__mandatory_only.toml,91b39417f1139a24c22b5d60f73f9c0a16f4a28104384de5788b4872e7c0ecc1
V2-B-N064-R032-C15-X02,multistart_random_rechecked_deletion_32,0//1,8.416234667,true,experiments/algorithmic_compression_v2/results/raw_runs/V2-B-N064-R032-C15-X02/multistart_random_rechecked_deletion_32__mandatory_only.toml,9494f623f770e1fd9df1587f59167b6aaa8dc5ac37a686e7f4487310e81c95f8
V2-B-N064-R032-C15-X02,random_order_rechecked_deletion,3//23,0.539338208,true,experiments/algorithmic_compression_v2/results/raw_runs/V2-B-N064-R032-C15-X02/random_order_rechecked_deletion__mandatory_only.toml,f9eb2c64efb1ea540be98a02f2eb2299b19048afd96a9d7fa15f7d15907db91a
V2-B-N064-R032-C15-X02,weighted_greedy,1//46,0.936685375,true,experiments/algorithmic_compression_v2/results/raw_runs/V2-B-N064-R032-C15-X02/weighted_greedy__mandatory_only.toml,b8d3f114fce79f8890071186ceb6239180a76e6bad9a84f5afdd31a4d02fd879
V2-B-N064-R032-C15-X02,weighted_greedy_reverse_delete,0//1,0.366080291,true,experiments/algorithmic_compression_v2/results/raw_runs/V2-B-N064-R032-C15-X02/weighted_greedy_reverse_delete__mandatory_only.toml,384556890594b06ae382f983edef6f4682760436ffa002bd03617c4543a44862
V2-B-N064-R032-C16-X01,cardinality_greedy,1//1,0.474879916,true,experiments/algorithmic_compression_v2/results/raw_runs/V2-B-N064-R032-C16-X01/cardinality_greedy__mandatory_only.toml,56213b43d2879d7747caedbfcd57170cb1f0bbad12a3d0ddd76e7aca7d3cf326
V2-B-N064-R032-C16-X01,declared_source_order,5//1,0.524366125,true,experiments/algorithmic_compression_v2/results/raw_runs/V2-B-N064-R032-C16-X01/declared_source_order__mandatory_only.toml,cfaa05620509e1742946d42bbb75dbf6c2a4571c125b3caf0c720b5c2499f51a
V2-B-N064-R032-C16-X01,heaviest_safe_first,0//1,0.527294791,true,experiments/algorithmic_compression_v2/results/raw_runs/V2-B-N064-R032-C16-X01/heaviest_safe_first__mandatory_only.toml,06362dadc5e475ba59ad15caa8876400fc6635bf36208a930d7aae2b9831dcc9
V2-B-N064-R032-C16-X01,lightest_safe_first,2//1,0.497621958,true,experiments/algorithmic_compression_v2/results/raw_runs/V2-B-N064-R032-C16-X01/lightest_safe_first__mandatory_only.toml,725b1cadf8a1364170a4871e38630037435a3e17585f61100e52538222e3c316
V2-B-N064-R032-C16-X01,maximum_immediate_burden_release,0//1,0.58392425,true,experiments/algorithmic_compression_v2/results/raw_runs/V2-B-N064-R032-C16-X01/maximum_immediate_burden_release__mandatory_only.toml,8cadb481a81f0c6410cbc71a3f10bdbc6c1235d1ab7c402184913101ebff771e
V2-B-N064-R032-C16-X01,minimum_unique_carrier_exposure,0//1,1.021703083,true,experiments/algorithmic_compression_v2/results/raw_runs/V2-B-N064-R032-C16-X01/minimum_unique_carrier_exposure__mandatory_only.toml,287e4eddec85b6e4f9472b37b34739b96493e70164de8e755147f7f9040a834c
V2-B-N064-R032-C16-X01,multistart_random_rechecked_deletion_32,0//1,5.545474791,true,experiments/algorithmic_compression_v2/results/raw_runs/V2-B-N064-R032-C16-X01/multistart_random_rechecked_deletion_32__mandatory_only.toml,cb912087ae4cc0e960f2452c99f32ffab46a5a1a924b3a6e30e3fa46d1d3f766
V2-B-N064-R032-C16-X01,random_order_rechecked_deletion,1//1,0.483261541,true,experiments/algorithmic_compression_v2/results/raw_runs/V2-B-N064-R032-C16-X01/random_order_rechecked_deletion__mandatory_only.toml,f727c18d9a01c05407bc0024a326f4b835ba1ac1d836f94fa7ab05c5c372204e
V2-B-N064-R032-C16-X01,weighted_greedy,0//1,0.664850291,true,experiments/algorithmic_compression_v2/results/raw_runs/V2-B-N064-R032-C16-X01/weighted_greedy__mandatory_only.toml,2ae84d3294da73277b5ec404f8330b3dfbf8551b2d00565e7d1c38060cf2700f
V2-B-N064-R032-C16-X01,weighted_greedy_reverse_delete,0//1,0.474212875,true,experiments/algorithmic_compression_v2/results/raw_runs/V2-B-N064-R032-C16-X01/weighted_greedy_reverse_delete__mandatory_only.toml,303b2e803f1c0b9ce470ecca413c992392c4ef75c34815a7c67f93c5616e0c7c
V2-B-N064-R032-C16-X02,cardinality_greedy,0//1,0.757794625,true,experiments/algorithmic_compression_v2/results/raw_runs/V2-B-N064-R032-C16-X02/cardinality_greedy__mandatory_only.toml,5c6ab11bd05c4a48ff0b83b918dccf1db1226d1fd2cbf8bd3ac9917daab8ad83
V2-B-N064-R032-C16-X02,declared_source_order,2//1,0.616815,true,experiments/algorithmic_compression_v2/results/raw_runs/V2-B-N064-R032-C16-X02/declared_source_order__mandatory_only.toml,121db19d83cbf1f27dcbbc993cc993c95dffeb3e3a5092425300414f894fed4f
V2-B-N064-R032-C16-X02,heaviest_safe_first,0//1,0.8051915,true,experiments/algorithmic_compression_v2/results/raw_runs/V2-B-N064-R032-C16-X02/heaviest_safe_first__mandatory_only.toml,846dcb41e6ef68b0348a3a110438e3fdfe8c7d200f607e9088d14d5ca34461ce
V2-B-N064-R032-C16-X02,lightest_safe_first,2//1,0.547744709,true,experiments/algorithmic_compression_v2/results/raw_runs/V2-B-N064-R032-C16-X02/lightest_safe_first__mandatory_only.toml,f540247c32ed1592b2696ea048ba1a4d61ec04ba61dd28ddf198214efd8a9afc
V2-B-N064-R032-C16-X02,maximum_immediate_burden_release,0//1,0.495412709,true,experiments/algorithmic_compression_v2/results/raw_runs/V2-B-N064-R032-C16-X02/maximum_immediate_burden_release__mandatory_only.toml,8f760e31ba5cadd8ecc3b80861242d8954b3a42394a0daf0e5ab614e6831d728
V2-B-N064-R032-C16-X02,minimum_unique_carrier_exposure,0//1,0.447949958,true,experiments/algorithmic_compression_v2/results/raw_runs/V2-B-N064-R032-C16-X02/minimum_unique_carrier_exposure__mandatory_only.toml,1afbc3f8e019acc29a28537c71a07399af2358df6c7b11931e6ad1885f80783b
V2-B-N064-R032-C16-X02,multistart_random_rechecked_deletion_32,0//1,7.052639458,true,experiments/algorithmic_compression_v2/results/raw_runs/V2-B-N064-R032-C16-X02/multistart_random_rechecked_deletion_32__mandatory_only.toml,7aae65197c0a15df01f7d247ad217263f227f0dc3a8a02e5a21c4f10b2b4459c
V2-B-N064-R032-C16-X02,random_order_rechecked_deletion,1//1,0.649387416,true,experiments/algorithmic_compression_v2/results/raw_runs/V2-B-N064-R032-C16-X02/random_order_rechecked_deletion__mandatory_only.toml,5ef8e36544a6febaaf9759f14a8e5ecefeef5161d090d2ca2821c1b2c73a059f
V2-B-N064-R032-C16-X02,weighted_greedy,0//1,0.75367275,true,experiments/algorithmic_compression_v2/results/raw_runs/V2-B-N064-R032-C16-X02/weighted_greedy__mandatory_only.toml,7f5a8ef0089483a2c416f3799b76f5f5e0ccf4cc9655f2d1d06282840670b8ba
V2-B-N064-R032-C16-X02,weighted_greedy_reverse_delete,0//1,0.91512675,true,experiments/algorithmic_compression_v2/results/raw_runs/V2-B-N064-R032-C16-X02/weighted_greedy_reverse_delete__mandatory_only.toml,a0852cb3a47a36b4c5c50f6a9e682d357229ad2ccf1a48f3d153727d732cfb62
V2-B-N064-R064-C01-X01,cardinality_greedy,13//9,0.83883225,true,experiments/algorithmic_compression_v2/results/raw_runs/V2-B-N064-R064-C01-X01/cardinality_greedy__mandatory_only.toml,e725faecb4ca960521c811f7e4b2ca4368fe94e6d39154c8fe4707c6fa5fe194
V2-B-N064-R064-C01-X01,declared_source_order,1//1,0.863044542,true,experiments/algorithmic_compression_v2/results/raw_runs/V2-B-N064-R064-C01-X01/declared_source_order__mandatory_only.toml,eb2ad9e8468d915a0f90a5015657e0289126727905600c82cb5636c3233574b0
V2-B-N064-R064-C01-X01,heaviest_safe_first,1//9,0.992438459,true,experiments/algorithmic_compression_v2/results/raw_runs/V2-B-N064-R064-C01-X01/heaviest_safe_first__mandatory_only.toml,217f64f7d4acd075262fe6766e3fdf5a825ac062227c9bd04f2c7dd3b8197247
V2-B-N064-R064-C01-X01,lightest_safe_first,20//9,1.268026292,true,experiments/algorithmic_compression_v2/results/raw_runs/V2-B-N064-R064-C01-X01/lightest_safe_first__mandatory_only.toml,79c8bfa60dd9389bd8b68d54b20b248a45f6ba267bf695eb1cebcdf919042d9a
V2-B-N064-R064-C01-X01,maximum_immediate_burden_release,1//9,1.117743042,true,experiments/algorithmic_compression_v2/results/raw_runs/V2-B-N064-R064-C01-X01/maximum_immediate_burden_release__mandatory_only.toml,272b6fec8a9ed697d66dbb56158c83e82141d9c9b4d21df6f961f2c40eae406f
V2-B-N064-R064-C01-X01,minimum_unique_carrier_exposure,1//9,0.870043083,true,experiments/algorithmic_compression_v2/results/raw_runs/V2-B-N064-R064-C01-X01/minimum_unique_carrier_exposure__mandatory_only.toml,571c27e423a3532510bc3b3f863fc8f8db6cd79c418ee77e6ba2f30edefcca92
V2-B-N064-R064-C01-X01,multistart_random_rechecked_deletion_32,1//3,5.856054625,true,experiments/algorithmic_compression_v2/results/raw_runs/V2-B-N064-R064-C01-X01/multistart_random_rechecked_deletion_32__mandatory_only.toml,18f333aa4319b3256a19b1a5f6b1eda5db21c8043496419c7a5bc928b4ccdc56
V2-B-N064-R064-C01-X01,random_order_rechecked_deletion,8//9,1.313726167,true,experiments/algorithmic_compression_v2/results/raw_runs/V2-B-N064-R064-C01-X01/random_order_rechecked_deletion__mandatory_only.toml,afaa02902b6237d6d4b5c3da3bde7096a30d61266cb6e24cfc8d7266931e6318
V2-B-N064-R064-C01-X01,weighted_greedy,2//9,0.716565084,true,experiments/algorithmic_compression_v2/results/raw_runs/V2-B-N064-R064-C01-X01/weighted_greedy__mandatory_only.toml,b1cecb42d75eda7ae111c4d56344f2292d60d97d70b38f538ede1f36ea9884de
V2-B-N064-R064-C01-X01,weighted_greedy_reverse_delete,1//9,1.029005375,true,experiments/algorithmic_compression_v2/results/raw_runs/V2-B-N064-R064-C01-X01/weighted_greedy_reverse_delete__mandatory_only.toml,a617e9db4fe56e80b08b35b2855e1bd734d25246fdc7bc5e23f074179f56a611
V2-B-N064-R064-C01-X02,cardinality_greedy,2//3,0.234021167,true,experiments/algorithmic_compression_v2/results/raw_runs/V2-B-N064-R064-C01-X02/cardinality_greedy__mandatory_only.toml,a40b777128f82598169de774561aaafced98eed23366af04e662962447c94b27
V2-B-N064-R064-C01-X02,declared_source_order,11//9,0.827452042,true,experiments/algorithmic_compression_v2/results/raw_runs/V2-B-N064-R064-C01-X02/declared_source_order__mandatory_only.toml,54ca4192cbb5bda5f2b66b6a7568339080a524ac8c150b261e1ce078eb867dd3
V2-B-N064-R064-C01-X02,heaviest_safe_first,0//1,0.768557583,true,experiments/algorithmic_compression_v2/results/raw_runs/V2-B-N064-R064-C01-X02/heaviest_safe_first__mandatory_only.toml,ce17e8e33a982db2d5552fb7cdeab30b9fadd14527b6e705432498d731ea84dd
V2-B-N064-R064-C01-X02,lightest_safe_first,19//9,0.926350958,true,experiments/algorithmic_compression_v2/results/raw_runs/V2-B-N064-R064-C01-X02/lightest_safe_first__mandatory_only.toml,cff546d113f0108f3051805e1e16e173e86d5a1e1789b22834348162067d829c
V2-B-N064-R064-C01-X02,maximum_immediate_burden_release,0//1,0.711987042,true,experiments/algorithmic_compression_v2/results/raw_runs/V2-B-N064-R064-C01-X02/maximum_immediate_burden_release__mandatory_only.toml,37e11ccb7cac66c2e70d9c1a7e41bdcf5abb262a998c3066a09b4d15f32b6db3
V2-B-N064-R064-C01-X02,minimum_unique_carrier_exposure,0//1,0.484707167,true,experiments/algorithmic_compression_v2/results/raw_runs/V2-B-N064-R064-C01-X02/minimum_unique_carrier_exposure__mandatory_only.toml,0e56bfdf8f8ffa4c0ed9e077ca90ebcf7024db4d199768d6401062bb5577f155
V2-B-N064-R064-C01-X02,multistart_random_rechecked_deletion_32,5//9,6.455094875,true,experiments/algorithmic_compression_v2/results/raw_runs/V2-B-N064-R064-C01-X02/multistart_random_rechecked_deletion_32__mandatory_only.toml,912e13c857e4dcfa912462dc14a049a7b7d07b382f47e37cbbf690d3bbb1b8f7
V2-B-N064-R064-C01-X02,random_order_rechecked_deletion,10//9,0.914031084,true,experiments/algorithmic_compression_v2/results/raw_runs/V2-B-N064-R064-C01-X02/random_order_rechecked_deletion__mandatory_only.toml,b3657d458c1bf92265c5c5a918b83e53ff269e49e4cc386200b6c7bc80d5aeb9
V2-B-N064-R064-C01-X02,weighted_greedy,0//1,0.369465542,true,experiments/algorithmic_compression_v2/results/raw_runs/V2-B-N064-R064-C01-X02/weighted_greedy__mandatory_only.toml,6ebe1ae3af5d696982ef49f88ae296a92da7297363d60438e6eedb0ff64f73b9
V2-B-N064-R064-C01-X02,weighted_greedy_reverse_delete,0//1,0.452032,true,experiments/algorithmic_compression_v2/results/raw_runs/V2-B-N064-R064-C01-X02/weighted_greedy_reverse_delete__mandatory_only.toml,4d89735287eef02ce3ab7af6cb8e3c8296a6920388b85eb01cdd15147c6b2727
V2-B-N064-R064-C02-X01,cardinality_greedy,1//7,0.264712459,true,experiments/algorithmic_compression_v2/results/raw_runs/V2-B-N064-R064-C02-X01/cardinality_greedy__mandatory_only.toml,e84514dc0f40350a9cb37fa2b9b819fd5b2858550b92928b4f36a054812c26dd
V2-B-N064-R064-C02-X01,declared_source_order,11//28,0.92469375,true,experiments/algorithmic_compression_v2/results/raw_runs/V2-B-N064-R064-C02-X01/declared_source_order__mandatory_only.toml,a43e98b1beb87c274776bfabcfec09680711338a7fb71bc7ce4784ade5ee2b28
V2-B-N064-R064-C02-X01,heaviest_safe_first,0//1,1.036151666,true,experiments/algorithmic_compression_v2/results/raw_runs/V2-B-N064-R064-C02-X01/heaviest_safe_first__mandatory_only.toml,18aafe8b00def84328076ee6d6c893a4d87fceb82466e21c85948e1141262ebb
V2-B-N064-R064-C02-X01,lightest_safe_first,11//4,0.733224,true,experiments/algorithmic_compression_v2/results/raw_runs/V2-B-N064-R064-C02-X01/lightest_safe_first__mandatory_only.toml,50bac9b5e001fa6f321a5e7b2759f2df6981b63483c5c9c78f6353f5fa69eac4
V2-B-N064-R064-C02-X01,maximum_immediate_burden_release,0//1,0.876053917,true,experiments/algorithmic_compression_v2/results/raw_runs/V2-B-N064-R064-C02-X01/maximum_immediate_burden_release__mandatory_only.toml,8c20f17297f60596ee97add98714753ef74b5b46bf312bca6720ada09b670105
V2-B-N064-R064-C02-X01,minimum_unique_carrier_exposure,1//14,0.795580167,true,experiments/algorithmic_compression_v2/results/raw_runs/V2-B-N064-R064-C02-X01/minimum_unique_carrier_exposure__mandatory_only.toml,1a1b2154b393adce5b83d0473149337ae6c05d624d4158c445a659457f0d3e5e
V2-B-N064-R064-C02-X01,multistart_random_rechecked_deletion_32,0//1,8.49766775,true,experiments/algorithmic_compression_v2/results/raw_runs/V2-B-N064-R064-C02-X01/multistart_random_rechecked_deletion_32__mandatory_only.toml,f08513e06d7335cf2c9b5927f03e6845e4f962ab35cbbc7888a74889e465fb11
V2-B-N064-R064-C02-X01,random_order_rechecked_deletion,17//28,1.159313042,true,experiments/algorithmic_compression_v2/results/raw_runs/V2-B-N064-R064-C02-X01/random_order_rechecked_deletion__mandatory_only.toml,0ab2dcbcbe7327f285fd08ea61d1971be1201a09afc1738f4c3a717139b89296
V2-B-N064-R064-C02-X01,weighted_greedy,0//1,0.792244625,true,experiments/algorithmic_compression_v2/results/raw_runs/V2-B-N064-R064-C02-X01/weighted_greedy__mandatory_only.toml,d60336312d65650bfef8f1f106054a2a9eac7c85b49ac6a033973377714c7dd8
V2-B-N064-R064-C02-X01,weighted_greedy_reverse_delete,0//1,0.556592625,true,experiments/algorithmic_compression_v2/results/raw_runs/V2-B-N064-R064-C02-X01/weighted_greedy_reverse_delete__mandatory_only.toml,078242ecc7aa226a0dcbc0c067f600e2db84248f74814a7d05f7bffb1dfc9221
V2-B-N064-R064-C02-X02,cardinality_greedy,22//43,0.632827791,true,experiments/algorithmic_compression_v2/results/raw_runs/V2-B-N064-R064-C02-X02/cardinality_greedy__mandatory_only.toml,38958b39de360531c2f52e1c89c05abeacf498ccb29e4ab51a29735720bebb4f
V2-B-N064-R064-C02-X02,declared_source_order,11//43,0.94850825,true,experiments/algorithmic_compression_v2/results/raw_runs/V2-B-N064-R064-C02-X02/declared_source_order__mandatory_only.toml,d21259b41657ac779ea7e45b17bec66617905388be029929d6b0112d0b2d5da1
V2-B-N064-R064-C02-X02,heaviest_safe_first,0//1,1.187992709,true,experiments/algorithmic_compression_v2/results/raw_runs/V2-B-N064-R064-C02-X02/heaviest_safe_first__mandatory_only.toml,66c3bd89d7b43bcf6e51e38bbd1ce862c748f5f14d46fdb8e2f777dc9017fa06
V2-B-N064-R064-C02-X02,lightest_safe_first,52//43,0.574452958,true,experiments/algorithmic_compression_v2/results/raw_runs/V2-B-N064-R064-C02-X02/lightest_safe_first__mandatory_only.toml,debc113d7f4f24f2ee859c82bbd07f59625c68ff2c82c1d6f1ccd7070e905a7d
V2-B-N064-R064-C02-X02,maximum_immediate_burden_release,0//1,0.8202845,true,experiments/algorithmic_compression_v2/results/raw_runs/V2-B-N064-R064-C02-X02/maximum_immediate_burden_release__mandatory_only.toml,26a0874842c32775fba867e82d80be0d572d1ca23939f86e43b9421e5d33bba4
V2-B-N064-R064-C02-X02,minimum_unique_carrier_exposure,0//1,1.3159435,true,experiments/algorithmic_compression_v2/results/raw_runs/V2-B-N064-R064-C02-X02/minimum_unique_carrier_exposure__mandatory_only.toml,4b17edbd675baca33be207c25c9bb87380c56ae63393ec0e9cd86620cfc10adb
V2-B-N064-R064-C02-X02,multistart_random_rechecked_deletion_32,3//43,6.291549459,true,experiments/algorithmic_compression_v2/results/raw_runs/V2-B-N064-R064-C02-X02/multistart_random_rechecked_deletion_32__mandatory_only.toml,1798494d58be06e23c407d7b881833f04af4ed5edb1c43bbe50b47bc7f1dac9c
V2-B-N064-R064-C02-X02,random_order_rechecked_deletion,20//43,0.948659375,true,experiments/algorithmic_compression_v2/results/raw_runs/V2-B-N064-R064-C02-X02/random_order_rechecked_deletion__mandatory_only.toml,38795d34c722b694cf923b6a032f18ef3dd9990ee93a439f09c7767fc52a3345
V2-B-N064-R064-C02-X02,weighted_greedy,1//43,0.659512292,true,experiments/algorithmic_compression_v2/results/raw_runs/V2-B-N064-R064-C02-X02/weighted_greedy__mandatory_only.toml,b85cbf7ea9279b1117586e4e4d13ea49b7acaede7e828d9433feb8888b09e382
V2-B-N064-R064-C02-X02,weighted_greedy_reverse_delete,0//1,0.956500834,true,experiments/algorithmic_compression_v2/results/raw_runs/V2-B-N064-R064-C02-X02/weighted_greedy_reverse_delete__mandatory_only.toml,d9b59291c0e3c7e102b3af23a29e920ef163a43b7231b92a9a530ad05ead93ab
V2-B-N064-R064-C03-X01,cardinality_greedy,0//1,0.436372625,true,experiments/algorithmic_compression_v2/results/raw_runs/V2-B-N064-R064-C03-X01/cardinality_greedy__mandatory_only.toml,a5b3ae940fba5c19d90dc34da14feff75da6728747ca9e555bba0d50ad8f90c7
V2-B-N064-R064-C03-X01,declared_source_order,0//1,0.909474084,true,experiments/algorithmic_compression_v2/results/raw_runs/V2-B-N064-R064-C03-X01/declared_source_order__mandatory_only.toml,1aba026d006639881f74a1dab73c3dcc2879be0979fcb94ccbb5031d02686494
V2-B-N064-R064-C03-X01,heaviest_safe_first,0//1,1.126848125,true,experiments/algorithmic_compression_v2/results/raw_runs/V2-B-N064-R064-C03-X01/heaviest_safe_first__mandatory_only.toml,012c26fa61385fc623878b2b9d286b2d13131367d93517184bb3a48fd2209f9e
V2-B-N064-R064-C03-X01,lightest_safe_first,0//1,0.840493875,true,experiments/algorithmic_compression_v2/results/raw_runs/V2-B-N064-R064-C03-X01/lightest_safe_first__mandatory_only.toml,e8c6f1931b4c5ae4a740086667e8b0f8f28dcab5f7faa54e22e1d99509ae2a72
V2-B-N064-R064-C03-X01,maximum_immediate_burden_release,0//1,0.940333916,true,experiments/algorithmic_compression_v2/results/raw_runs/V2-B-N064-R064-C03-X01/maximum_immediate_burden_release__mandatory_only.toml,94757c689779bd3506b9b96e9248a4784547d983fa601b90c6f352be09aa089f
V2-B-N064-R064-C03-X01,minimum_unique_carrier_exposure,0//1,0.678731375,true,experiments/algorithmic_compression_v2/results/raw_runs/V2-B-N064-R064-C03-X01/minimum_unique_carrier_exposure__mandatory_only.toml,264eefcdd3f80b1a00935de19407b9ad0ea7620b11fc921aea7404c483ad0e8e
V2-B-N064-R064-C03-X01,multistart_random_rechecked_deletion_32,0//1,10.254014708,true,experiments/algorithmic_compression_v2/results/raw_runs/V2-B-N064-R064-C03-X01/multistart_random_rechecked_deletion_32__mandatory_only.toml,247e2a484180a28923275e5e652512c46edbb007ecf5183fd728b40dcc720dfa
V2-B-N064-R064-C03-X01,random_order_rechecked_deletion,0//1,0.6125185,true,experiments/algorithmic_compression_v2/results/raw_runs/V2-B-N064-R064-C03-X01/random_order_rechecked_deletion__mandatory_only.toml,63f3e373e948627a551a472cdcac0ea3935aa818d5276d7377a1e2c7d934e45e
V2-B-N064-R064-C03-X01,weighted_greedy,1//17,0.940185291,true,experiments/algorithmic_compression_v2/results/raw_runs/V2-B-N064-R064-C03-X01/weighted_greedy__mandatory_only.toml,850215d51f7e12f3cdee29d4bdf3b1c79d2586208a1c70d9ee9931661f616b54
V2-B-N064-R064-C03-X01,weighted_greedy_reverse_delete,0//1,0.204927583,true,experiments/algorithmic_compression_v2/results/raw_runs/V2-B-N064-R064-C03-X01/weighted_greedy_reverse_delete__mandatory_only.toml,dc9f939ee76688df205854f51c99fc4ce11e985a73fdc467ce813fd0b314d456
V2-B-N064-R064-C03-X02,cardinality_greedy,0//1,0.243258,true,experiments/algorithmic_compression_v2/results/raw_runs/V2-B-N064-R064-C03-X02/cardinality_greedy__mandatory_only.toml,e4ccf100f1418e91e534fcd2313a4942bf34799b7a72ee2120f75633379c2659
V2-B-N064-R064-C03-X02,declared_source_order,0//1,0.66706725,true,experiments/algorithmic_compression_v2/results/raw_runs/V2-B-N064-R064-C03-X02/declared_source_order__mandatory_only.toml,1c94a3814eef8edbd44d4ac35834580a2df4ecf4858f8c9bd1ad363a99b9d74a
V2-B-N064-R064-C03-X02,heaviest_safe_first,0//1,0.504977083,true,experiments/algorithmic_compression_v2/results/raw_runs/V2-B-N064-R064-C03-X02/heaviest_safe_first__mandatory_only.toml,a6ad113cb091306b3e6b7b8645b9b591023d6cd0495115fc802800662f90f18b
V2-B-N064-R064-C03-X02,lightest_safe_first,0//1,1.049133458,true,experiments/algorithmic_compression_v2/results/raw_runs/V2-B-N064-R064-C03-X02/lightest_safe_first__mandatory_only.toml,171abe282b7b8bdb4c5eefd5c500e031019209428acc3e078e90ca88e6de02be
V2-B-N064-R064-C03-X02,maximum_immediate_burden_release,0//1,0.942240958,true,experiments/algorithmic_compression_v2/results/raw_runs/V2-B-N064-R064-C03-X02/maximum_immediate_burden_release__mandatory_only.toml,ebb5f4cd921d137da86dd2a560bb65aa0438f78e87da01a3c19da977515624c4
V2-B-N064-R064-C03-X02,minimum_unique_carrier_exposure,0//1,0.508722875,true,experiments/algorithmic_compression_v2/results/raw_runs/V2-B-N064-R064-C03-X02/minimum_unique_carrier_exposure__mandatory_only.toml,e64c5eef51e32ca933f6e4da6eaa894dfdae820ab1cfc73e4caf64384fbe16b9
V2-B-N064-R064-C03-X02,multistart_random_rechecked_deletion_32,0//1,9.713955,true,experiments/algorithmic_compression_v2/results/raw_runs/V2-B-N064-R064-C03-X02/multistart_random_rechecked_deletion_32__mandatory_only.toml,1a8dfaa75fc86e062b5560650863f46228c1e52b4ac5f5adfef9359ee20bf85b
V2-B-N064-R064-C03-X02,random_order_rechecked_deletion,0//1,0.73243925,true,experiments/algorithmic_compression_v2/results/raw_runs/V2-B-N064-R064-C03-X02/random_order_rechecked_deletion__mandatory_only.toml,77ec700a3ced4bed6728b52cbd8d3d0ed78671e81d812d100530f7e72ea1543f
V2-B-N064-R064-C03-X02,weighted_greedy,0//1,0.895611667,true,experiments/algorithmic_compression_v2/results/raw_runs/V2-B-N064-R064-C03-X02/weighted_greedy__mandatory_only.toml,547427068470ef89c1e4c83f74354c87d972820e577ffe0be3279d39f35f282d
V2-B-N064-R064-C03-X02,weighted_greedy_reverse_delete,0//1,0.681606667,true,experiments/algorithmic_compression_v2/results/raw_runs/V2-B-N064-R064-C03-X02/weighted_greedy_reverse_delete__mandatory_only.toml,2b938a38c72fd136e3062a60fe64786a85e4fdabad2ed17b340d955075fc986b
V2-B-N064-R064-C04-X01,cardinality_greedy,4//1,0.375161166,true,experiments/algorithmic_compression_v2/results/raw_runs/V2-B-N064-R064-C04-X01/cardinality_greedy__mandatory_only.toml,2f68ecf027744dd844be214226b854c99e207db4874d8734b511f7637cc05dc6
V2-B-N064-R064-C04-X01,declared_source_order,23//2,0.917264125,true,experiments/algorithmic_compression_v2/results/raw_runs/V2-B-N064-R064-C04-X01/declared_source_order__mandatory_only.toml,f9c131eebf6b936c190832ab1e9914f9b74cf4b37a70747a5dafcfe7c35904c4
V2-B-N064-R064-C04-X01,heaviest_safe_first,1//2,0.889087792,true,experiments/algorithmic_compression_v2/results/raw_runs/V2-B-N064-R064-C04-X01/heaviest_safe_first__mandatory_only.toml,5ab44e1d18936b30a84156def75a9a758e04ed15654579d5db4cc1c7ed3b174c
V2-B-N064-R064-C04-X01,lightest_safe_first,15//1,1.03828375,true,experiments/algorithmic_compression_v2/results/raw_runs/V2-B-N064-R064-C04-X01/lightest_safe_first__mandatory_only.toml,18b2a552da1b8b8e7b81e82bec740622da51c306b891acdbba2cde9a88273297
V2-B-N064-R064-C04-X01,maximum_immediate_burden_release,1//2,1.585400708,true,experiments/algorithmic_compression_v2/results/raw_runs/V2-B-N064-R064-C04-X01/maximum_immediate_burden_release__mandatory_only.toml,cf49baf8be80913107bba34b437c5e225256b39c5493ffc9f9ca2324a6606ae8
V2-B-N064-R064-C04-X01,minimum_unique_carrier_exposure,0//1,1.328193292,true,experiments/algorithmic_compression_v2/results/raw_runs/V2-B-N064-R064-C04-X01/minimum_unique_carrier_exposure__mandatory_only.toml,3999a00e2ff25712f25b80bc462c505534c4e817048542dff1f3757af64ff4b2
V2-B-N064-R064-C04-X01,multistart_random_rechecked_deletion_32,1//2,9.029372459,true,experiments/algorithmic_compression_v2/results/raw_runs/V2-B-N064-R064-C04-X01/multistart_random_rechecked_deletion_32__mandatory_only.toml,8398683411941d6b9da1aa8c92362bb6d83c5ebc164741877ad59fd9fe584286
V2-B-N064-R064-C04-X01,random_order_rechecked_deletion,11//1,1.331029417,true,experiments/algorithmic_compression_v2/results/raw_runs/V2-B-N064-R064-C04-X01/random_order_rechecked_deletion__mandatory_only.toml,4a918ee4ce289d9b59b5c9a8a07a0c52e379a7a9b5dfecb844fb5103c8bf597f
V2-B-N064-R064-C04-X01,weighted_greedy,1//2,1.362347167,true,experiments/algorithmic_compression_v2/results/raw_runs/V2-B-N064-R064-C04-X01/weighted_greedy__mandatory_only.toml,7b787544f191024c607957cea7be85438fc5348f1bc60b7ad07e4b8c78b69679
V2-B-N064-R064-C04-X01,weighted_greedy_reverse_delete,1//2,0.669649875,true,experiments/algorithmic_compression_v2/results/raw_runs/V2-B-N064-R064-C04-X01/weighted_greedy_reverse_delete__mandatory_only.toml,0b52b3b4adfe85dc03d7949beb6e62076790765828cc08be0bcaba66b1342be7
V2-B-N064-R064-C04-X02,cardinality_greedy,7//2,0.331780625,true,experiments/algorithmic_compression_v2/results/raw_runs/V2-B-N064-R064-C04-X02/cardinality_greedy__mandatory_only.toml,ff984ec353e4456faf49d8f19abfb95397324729d1701fe9513810c6f3f88d6b
V2-B-N064-R064-C04-X02,declared_source_order,2//1,0.923899083,true,experiments/algorithmic_compression_v2/results/raw_runs/V2-B-N064-R064-C04-X02/declared_source_order__mandatory_only.toml,148a11c7a0f9a66140d4264dea3665bc6e214b8049ab5224fca1ae1718218e21
V2-B-N064-R064-C04-X02,heaviest_safe_first,1//2,1.340239459,true,experiments/algorithmic_compression_v2/results/raw_runs/V2-B-N064-R064-C04-X02/heaviest_safe_first__mandatory_only.toml,db33017d20a950925165b3684173ae7cc25b07021e77e0220dbb3d77c2dd55dd
V2-B-N064-R064-C04-X02,lightest_safe_first,15//1,0.891292916,true,experiments/algorithmic_compression_v2/results/raw_runs/V2-B-N064-R064-C04-X02/lightest_safe_first__mandatory_only.toml,d644c5b2c564b5772f05d09b608959486458b9856ec53a4af2f9fe96e3151d5f
V2-B-N064-R064-C04-X02,maximum_immediate_burden_release,1//2,0.838542958,true,experiments/algorithmic_compression_v2/results/raw_runs/V2-B-N064-R064-C04-X02/maximum_immediate_burden_release__mandatory_only.toml,e1bdda70d6d5a3749105cbc13137713dafa2e48610582bfa6f14e4c98409ce4d
V2-B-N064-R064-C04-X02,minimum_unique_carrier_exposure,0//1,1.287935917,true,experiments/algorithmic_compression_v2/results/raw_runs/V2-B-N064-R064-C04-X02/minimum_unique_carrier_exposure__mandatory_only.toml,95597e215d9023a062911aa354af6ccf971ec0fcba45b5c6e4903a7258c55115
V2-B-N064-R064-C04-X02,multistart_random_rechecked_deletion_32,1//1,8.529612958,true,experiments/algorithmic_compression_v2/results/raw_runs/V2-B-N064-R064-C04-X02/multistart_random_rechecked_deletion_32__mandatory_only.toml,d2ede106f62cb6a4650aa9b8d24e031ed23063a60f25b98e707a0c3a147fbb46
V2-B-N064-R064-C04-X02,random_order_rechecked_deletion,8//1,0.998618959,true,experiments/algorithmic_compression_v2/results/raw_runs/V2-B-N064-R064-C04-X02/random_order_rechecked_deletion__mandatory_only.toml,200e9da2d9216d2280976e56d5b1642716defc72f7d30af88372bfe8693d12fd
V2-B-N064-R064-C04-X02,weighted_greedy,1//2,0.596605959,true,experiments/algorithmic_compression_v2/results/raw_runs/V2-B-N064-R064-C04-X02/weighted_greedy__mandatory_only.toml,bad407154b2497bea2135e11d707f23026974a1782884df3f0aa74a391712237
V2-B-N064-R064-C04-X02,weighted_greedy_reverse_delete,0//1,0.516682292,true,experiments/algorithmic_compression_v2/results/raw_runs/V2-B-N064-R064-C04-X02/weighted_greedy_reverse_delete__mandatory_only.toml,d374999bb2babeb7cd38e95559403ffe603d6a109f7c57b50fa962d14e6c23e4
V2-B-N064-R064-C05-X01,cardinality_greedy,20//9,0.553195708,true,experiments/algorithmic_compression_v2/results/raw_runs/V2-B-N064-R064-C05-X01/cardinality_greedy__mandatory_only.toml,0fe95c8fc2bb0f2a81c7cce1d90f20636927d7aa083df8d37fbc3687e5d40db3
V2-B-N064-R064-C05-X01,declared_source_order,3//1,0.69917225,true,experiments/algorithmic_compression_v2/results/raw_runs/V2-B-N064-R064-C05-X01/declared_source_order__mandatory_only.toml,75f2da14f932cfa8ec27a2a41cfe2f9486cae6f26a660be5178a70d024ad3dc0
V2-B-N064-R064-C05-X01,heaviest_safe_first,0//1,0.369658,true,experiments/algorithmic_compression_v2/results/raw_runs/V2-B-N064-R064-C05-X01/heaviest_safe_first__mandatory_only.toml,46ec8a4ced6218f87d1d9147f152407dc6436a801747e146c0bfd9dc1813d20a
V2-B-N064-R064-C05-X01,lightest_safe_first,47//9,0.970684833,true,experiments/algorithmic_compression_v2/results/raw_runs/V2-B-N064-R064-C05-X01/lightest_safe_first__mandatory_only.toml,5183a6be926ad5fb3ded84a13570bad94115bb7575c34ac998edc96c0484f2b4
V2-B-N064-R064-C05-X01,maximum_immediate_burden_release,0//1,0.818250292,true,experiments/algorithmic_compression_v2/results/raw_runs/V2-B-N064-R064-C05-X01/maximum_immediate_burden_release__mandatory_only.toml,ac82b9f607d1d193f7b783bc209438ac96b7ebc2ad3812455a9df2eb2a56dc1c
V2-B-N064-R064-C05-X01,minimum_unique_carrier_exposure,2//9,0.317442208,true,experiments/algorithmic_compression_v2/results/raw_runs/V2-B-N064-R064-C05-X01/minimum_unique_carrier_exposure__mandatory_only.toml,440e8a77f45c3f9584d30bb594a61b4058e2b728f93d0666e61d8c6cd0288f8a
V2-B-N064-R064-C05-X01,multistart_random_rechecked_deletion_32,5//9,5.5281415,true,experiments/algorithmic_compression_v2/results/raw_runs/V2-B-N064-R064-C05-X01/multistart_random_rechecked_deletion_32__mandatory_only.toml,8e368c0442e27227ef95785b16ced0ade51d9ee3925f02cdd308f4864e42bedb
V2-B-N064-R064-C05-X01,random_order_rechecked_deletion,2//3,0.914322041,true,experiments/algorithmic_compression_v2/results/raw_runs/V2-B-N064-R064-C05-X01/random_order_rechecked_deletion__mandatory_only.toml,4abef57821266c3c32c214338ef98c1070df28f4f1135866708aaf26e616e01c
V2-B-N064-R064-C05-X01,weighted_greedy,0//1,0.664029125,true,experiments/algorithmic_compression_v2/results/raw_runs/V2-B-N064-R064-C05-X01/weighted_greedy__mandatory_only.toml,ccda22e7baa50a383a39031c2441ae2ec7b78e0cdd085c5647f45b2c476f131a
V2-B-N064-R064-C05-X01,weighted_greedy_reverse_delete,0//1,0.7201605,true,experiments/algorithmic_compression_v2/results/raw_runs/V2-B-N064-R064-C05-X01/weighted_greedy_reverse_delete__mandatory_only.toml,634407380210afb18b783f5df66440c0ac8db98dde8e476ad463e8314052740a
V2-B-N064-R064-C05-X02,cardinality_greedy,16//5,0.925213958,true,experiments/algorithmic_compression_v2/results/raw_runs/V2-B-N064-R064-C05-X02/cardinality_greedy__mandatory_only.toml,ea5812936e378e038e63c9852c9086691810562a70bf3f8066f15777cc22d9ca
V2-B-N064-R064-C05-X02,declared_source_order,17//5,0.871341042,true,experiments/algorithmic_compression_v2/results/raw_runs/V2-B-N064-R064-C05-X02/declared_source_order__mandatory_only.toml,6ff6e23c95acf6898988b21d951e57ada98171d28b925eeeac7adf9dbdfeb2af
V2-B-N064-R064-C05-X02,heaviest_safe_first,0//1,1.131007458,true,experiments/algorithmic_compression_v2/results/raw_runs/V2-B-N064-R064-C05-X02/heaviest_safe_first__mandatory_only.toml,6ec54519bb9ad9571220be886a86ea83a05711492deff2eed14fc665db2b70df
V2-B-N064-R064-C05-X02,lightest_safe_first,51//5,0.718881208,true,experiments/algorithmic_compression_v2/results/raw_runs/V2-B-N064-R064-C05-X02/lightest_safe_first__mandatory_only.toml,b3738bf7fa619efb6e046e8a3ff5eb23dfbc3cbc3342244c4b209a29ed38779f
V2-B-N064-R064-C05-X02,maximum_immediate_burden_release,0//1,0.827447458,true,experiments/algorithmic_compression_v2/results/raw_runs/V2-B-N064-R064-C05-X02/maximum_immediate_burden_release__mandatory_only.toml,b4b8849fd824cc4e43a8eefbc274a994e4ef65d89fe664024e2097e365103281
V2-B-N064-R064-C05-X02,minimum_unique_carrier_exposure,0//1,1.369072875,true,experiments/algorithmic_compression_v2/results/raw_runs/V2-B-N064-R064-C05-X02/minimum_unique_carrier_exposure__mandatory_only.toml,201837462888481e7c6ad92dd1b02b181ad444b2070c88e882444c9f6714f9fa
V2-B-N064-R064-C05-X02,multistart_random_rechecked_deletion_32,4//5,5.270801584,true,experiments/algorithmic_compression_v2/results/raw_runs/V2-B-N064-R064-C05-X02/multistart_random_rechecked_deletion_32__mandatory_only.toml,c7c513afe578308bc6ac2731bfa2d3e639de319c615e9bb89c9577e4eef916b4
V2-B-N064-R064-C05-X02,random_order_rechecked_deletion,34//5,0.91687325,true,experiments/algorithmic_compression_v2/results/raw_runs/V2-B-N064-R064-C05-X02/random_order_rechecked_deletion__mandatory_only.toml,5cfd708e03027a24bd91c6f554e3984ee8413cde56da3c16d847a09b26ffce24
V2-B-N064-R064-C05-X02,weighted_greedy,0//1,0.762470459,true,experiments/algorithmic_compression_v2/results/raw_runs/V2-B-N064-R064-C05-X02/weighted_greedy__mandatory_only.toml,81191cd47439fb855858c25bcc9d0258b7508d4cab5bc8919e7656ac995af89f
V2-B-N064-R064-C05-X02,weighted_greedy_reverse_delete,0//1,0.400944542,true,experiments/algorithmic_compression_v2/results/raw_runs/V2-B-N064-R064-C05-X02/weighted_greedy_reverse_delete__mandatory_only.toml,0f235776e25f11bd8fa1d33da657c704a6ab744e486a69ca5973f844d738bb2f
V2-B-N064-R064-C06-X01,cardinality_greedy,2//21,0.891956625,true,experiments/algorithmic_compression_v2/results/raw_runs/V2-B-N064-R064-C06-X01/cardinality_greedy__mandatory_only.toml,634ca4aa2886712105f9e6310b57dd30e055ddefd09161bd74a92d938a670c2c
V2-B-N064-R064-C06-X01,declared_source_order,5//21,0.994705333,true,experiments/algorithmic_compression_v2/results/raw_runs/V2-B-N064-R064-C06-X01/declared_source_order__mandatory_only.toml,e2e4b040b8254286e1f1f6e9917771d00a30064e3131fda00d57d1755e76accf
V2-B-N064-R064-C06-X01,heaviest_safe_first,0//1,0.674843875,true,experiments/algorithmic_compression_v2/results/raw_runs/V2-B-N064-R064-C06-X01/heaviest_safe_first__mandatory_only.toml,de76e8a942eb7b72ce0f010ea56b5de3b5de9f44a6f84c4a4c37b2f8256647ee
V2-B-N064-R064-C06-X01,lightest_safe_first,1//3,0.895221458,true,experiments/algorithmic_compression_v2/results/raw_runs/V2-B-N064-R064-C06-X01/lightest_safe_first__mandatory_only.toml,4120be1aa831cebfecfc64474d38d3075201a98324173790816e816e96639f52
V2-B-N064-R064-C06-X01,maximum_immediate_burden_release,0//1,1.057577417,true,experiments/algorithmic_compression_v2/results/raw_runs/V2-B-N064-R064-C06-X01/maximum_immediate_burden_release__mandatory_only.toml,583632dfd9fc889d765b0b38fd1e14861b9d550cf76553e718e3bc1871fd3ad7
V2-B-N064-R064-C06-X01,minimum_unique_carrier_exposure,0//1,0.775473292,true,experiments/algorithmic_compression_v2/results/raw_runs/V2-B-N064-R064-C06-X01/minimum_unique_carrier_exposure__mandatory_only.toml,4d63fe1c7b2c717f195ae559318817e6d1c90fa5d6062bb2dec537c8f98c5891
V2-B-N064-R064-C06-X01,multistart_random_rechecked_deletion_32,0//1,5.963946667,true,experiments/algorithmic_compression_v2/results/raw_runs/V2-B-N064-R064-C06-X01/multistart_random_rechecked_deletion_32__mandatory_only.toml,491fcaa667f7d8b487b756676086728fcecaf11345e058ee6038da5d38a939f5
V2-B-N064-R064-C06-X01,random_order_rechecked_deletion,0//1,1.234597917,true,experiments/algorithmic_compression_v2/results/raw_runs/V2-B-N064-R064-C06-X01/random_order_rechecked_deletion__mandatory_only.toml,1bce1595b59e89c6308b5d920c5d507592c8ea9176586816e211cb645111b4b0
V2-B-N064-R064-C06-X01,weighted_greedy,1//21,0.76474275,true,experiments/algorithmic_compression_v2/results/raw_runs/V2-B-N064-R064-C06-X01/weighted_greedy__mandatory_only.toml,b02a8dbc3f15f907e2cccbe00b4ab15ad4f61d9ffa03b6f2d110ffce9537a439
V2-B-N064-R064-C06-X01,weighted_greedy_reverse_delete,1//21,0.937058125,true,experiments/algorithmic_compression_v2/results/raw_runs/V2-B-N064-R064-C06-X01/weighted_greedy_reverse_delete__mandatory_only.toml,9fb4d1fcc08b358b67de5c94d9ae9e880971f452de344567749d67525725fb0a
V2-B-N064-R064-C06-X02,cardinality_greedy,1//6,1.388833084,true,experiments/algorithmic_compression_v2/results/raw_runs/V2-B-N064-R064-C06-X02/cardinality_greedy__mandatory_only.toml,c48a6ec1ecf6f53ac355665d082112b793cfc20df8e367ec571262307b158ac1
V2-B-N064-R064-C06-X02,declared_source_order,7//18,1.310319416,true,experiments/algorithmic_compression_v2/results/raw_runs/V2-B-N064-R064-C06-X02/declared_source_order__mandatory_only.toml,1d1991b94cb05057b555da0c35b9786bbddbe755541e497d32531ccd66040591
V2-B-N064-R064-C06-X02,heaviest_safe_first,1//18,1.066253708,true,experiments/algorithmic_compression_v2/results/raw_runs/V2-B-N064-R064-C06-X02/heaviest_safe_first__mandatory_only.toml,70bf0735b93d37f3b8350d573362386557c005e0d7eab772029c66ef7bdd5f14
V2-B-N064-R064-C06-X02,lightest_safe_first,4//9,0.869871916,true,experiments/algorithmic_compression_v2/results/raw_runs/V2-B-N064-R064-C06-X02/lightest_safe_first__mandatory_only.toml,27ddd029fd91d2f03ddcbd77c84215d03e002e38ab5c5da6fb74a31340f6bd4e
V2-B-N064-R064-C06-X02,maximum_immediate_burden_release,1//18,1.17554325,true,experiments/algorithmic_compression_v2/results/raw_runs/V2-B-N064-R064-C06-X02/maximum_immediate_burden_release__mandatory_only.toml,1ce1ed7242d9924a13ebda304410f4dd200c3a3ce80020d3147d7fc17aa39cc0
V2-B-N064-R064-C06-X02,minimum_unique_carrier_exposure,0//1,0.590959458,true,experiments/algorithmic_compression_v2/results/raw_runs/V2-B-N064-R064-C06-X02/minimum_unique_carrier_exposure__mandatory_only.toml,c947286ca842b6dfbea6bb967826f7daab3436cf73fb8aeba3b658f0a64c26a1
V2-B-N064-R064-C06-X02,multistart_random_rechecked_deletion_32,0//1,6.717772542,true,experiments/algorithmic_compression_v2/results/raw_runs/V2-B-N064-R064-C06-X02/multistart_random_rechecked_deletion_32__mandatory_only.toml,78ff6bfc2e0d5badac8e158f86df8d5fbe6fd5a96effe4b612637802be9de650
V2-B-N064-R064-C06-X02,random_order_rechecked_deletion,2//9,1.418136958,true,experiments/algorithmic_compression_v2/results/raw_runs/V2-B-N064-R064-C06-X02/random_order_rechecked_deletion__mandatory_only.toml,a778a14c6ce433b5b4ed71a602b09749a68de6be6199525d2bb952635db55a7c
V2-B-N064-R064-C06-X02,weighted_greedy,1//18,0.554206292,true,experiments/algorithmic_compression_v2/results/raw_runs/V2-B-N064-R064-C06-X02/weighted_greedy__mandatory_only.toml,3d81504e4e2a41ef4c524fc55cb721f61c653f773245a3883c69fb64112976ef
V2-B-N064-R064-C06-X02,weighted_greedy_reverse_delete,1//18,0.592397667,true,experiments/algorithmic_compression_v2/results/raw_runs/V2-B-N064-R064-C06-X02/weighted_greedy_reverse_delete__mandatory_only.toml,9678e9da5f94e66dafa53f5b3f2fb8d3f2457c62605bd30f0332b4ce8f82c90f
V2-B-N064-R064-C07-X01,cardinality_greedy,17//79,0.257728041,true,experiments/algorithmic_compression_v2/results/raw_runs/V2-B-N064-R064-C07-X01/cardinality_greedy__mandatory_only.toml,5bd759fd8eb25f86e22d56ca0b1054963dfc32260ebbd718700fc7c2a790ae8c
V2-B-N064-R064-C07-X01,declared_source_order,0//1,0.952078625,true,experiments/algorithmic_compression_v2/results/raw_runs/V2-B-N064-R064-C07-X01/declared_source_order__mandatory_only.toml,085f6bef594614ae815fdc8dc73b7a176cfbe546b42878aeca38c4b16b00de13
V2-B-N064-R064-C07-X01,heaviest_safe_first,0//1,0.768152334,true,experiments/algorithmic_compression_v2/results/raw_runs/V2-B-N064-R064-C07-X01/heaviest_safe_first__mandatory_only.toml,21f4c3abf01126f8567d61ea70842c368eddf652c9cfc97e7d14a2d7551125d8
V2-B-N064-R064-C07-X01,lightest_safe_first,0//1,0.786798833,true,experiments/algorithmic_compression_v2/results/raw_runs/V2-B-N064-R064-C07-X01/lightest_safe_first__mandatory_only.toml,57951d31556ad4154f07c9f77da547680b854ad7e2e5d31eee6a408c262a2183
V2-B-N064-R064-C07-X01,maximum_immediate_burden_release,0//1,1.158387917,true,experiments/algorithmic_compression_v2/results/raw_runs/V2-B-N064-R064-C07-X01/maximum_immediate_burden_release__mandatory_only.toml,c3681c8b767c6250963a75ceca2321408ddaac3095e87978703c29463ec0428a
V2-B-N064-R064-C07-X01,minimum_unique_carrier_exposure,0//1,1.17464775,true,experiments/algorithmic_compression_v2/results/raw_runs/V2-B-N064-R064-C07-X01/minimum_unique_carrier_exposure__mandatory_only.toml,f70631ae6cff109064126fa45072c1d84faa107697261c21f8d2213b382817f3
V2-B-N064-R064-C07-X01,multistart_random_rechecked_deletion_32,0//1,7.467439625,true,experiments/algorithmic_compression_v2/results/raw_runs/V2-B-N064-R064-C07-X01/multistart_random_rechecked_deletion_32__mandatory_only.toml,9254578c21956dac8e57bd24caa5ad1f99259453c2d710c4f6c5397bdec4a636
V2-B-N064-R064-C07-X01,random_order_rechecked_deletion,0//1,1.221924125,true,experiments/algorithmic_compression_v2/results/raw_runs/V2-B-N064-R064-C07-X01/random_order_rechecked_deletion__mandatory_only.toml,0000ab0929bce5d4b317bf1dd6081439f4400a173f863016629f589a159794db
V2-B-N064-R064-C07-X01,weighted_greedy,2//79,1.012803333,true,experiments/algorithmic_compression_v2/results/raw_runs/V2-B-N064-R064-C07-X01/weighted_greedy__mandatory_only.toml,af05a11fe4d47efb51361cb7cfb623cb86f7ef2485ba1a8a38d7947b66a12293
V2-B-N064-R064-C07-X01,weighted_greedy_reverse_delete,0//1,0.693039,true,experiments/algorithmic_compression_v2/results/raw_runs/V2-B-N064-R064-C07-X01/weighted_greedy_reverse_delete__mandatory_only.toml,1236d81f5f24a57f64a58e27b4a0f8fb1648cd4945e1ff6502d0ecb7257e722e
V2-B-N064-R064-C07-X02,cardinality_greedy,3//31,0.489998958,true,experiments/algorithmic_compression_v2/results/raw_runs/V2-B-N064-R064-C07-X02/cardinality_greedy__mandatory_only.toml,687dfac4bb037708312a6defb8578e17b6baeef2b3e9a6a0ae1e2caefd5cc924
V2-B-N064-R064-C07-X02,declared_source_order,0//1,0.860584791,true,experiments/algorithmic_compression_v2/results/raw_runs/V2-B-N064-R064-C07-X02/declared_source_order__mandatory_only.toml,1908c756de26789e49cb70c08fada0e26eb85c2a572fc836ebca271ffed23e18
V2-B-N064-R064-C07-X02,heaviest_safe_first,0//1,1.110663667,true,experiments/algorithmic_compression_v2/results/raw_runs/V2-B-N064-R064-C07-X02/heaviest_safe_first__mandatory_only.toml,c4e74e7a7220e63e05a6e48bba823f19df0f093ea624992367492e2a1db1f344
V2-B-N064-R064-C07-X02,lightest_safe_first,0//1,1.325277583,true,experiments/algorithmic_compression_v2/results/raw_runs/V2-B-N064-R064-C07-X02/lightest_safe_first__mandatory_only.toml,c5de7b0fe2af46432e799fa5d2f6d2a8b18491e452190252074b82cc37d07a7a
V2-B-N064-R064-C07-X02,maximum_immediate_burden_release,0//1,0.676625791,true,experiments/algorithmic_compression_v2/results/raw_runs/V2-B-N064-R064-C07-X02/maximum_immediate_burden_release__mandatory_only.toml,671b574261b0f55cdfa6f35a3773ec2ab7729b1cabe9b62fad28d4cc6c4fd797
V2-B-N064-R064-C07-X02,minimum_unique_carrier_exposure,0//1,1.117829958,true,experiments/algorithmic_compression_v2/results/raw_runs/V2-B-N064-R064-C07-X02/minimum_unique_carrier_exposure__mandatory_only.toml,4f5fd5fe0b777453bf21d2aacc34f1c27e43063440938f825643b14245e35389
V2-B-N064-R064-C07-X02,multistart_random_rechecked_deletion_32,0//1,10.118307084,true,experiments/algorithmic_compression_v2/results/raw_runs/V2-B-N064-R064-C07-X02/multistart_random_rechecked_deletion_32__mandatory_only.toml,3cb882e2e722af563fdee77b2d7054ecc249d091603c4d497811d5d254b43f19
V2-B-N064-R064-C07-X02,random_order_rechecked_deletion,0//1,0.7691505,true,experiments/algorithmic_compression_v2/results/raw_runs/V2-B-N064-R064-C07-X02/random_order_rechecked_deletion__mandatory_only.toml,ed03e3735afb233f194dbbc05727cfd9a94581dd0c2785f24f027d212def10f5
V2-B-N064-R064-C07-X02,weighted_greedy,2//31,0.675291541,true,experiments/algorithmic_compression_v2/results/raw_runs/V2-B-N064-R064-C07-X02/weighted_greedy__mandatory_only.toml,1860691fd7e7b4ad0e7916527c2962e5eff332a16b16aaaec587b97768006080
V2-B-N064-R064-C07-X02,weighted_greedy_reverse_delete,0//1,0.922407,true,experiments/algorithmic_compression_v2/results/raw_runs/V2-B-N064-R064-C07-X02/weighted_greedy_reverse_delete__mandatory_only.toml,ce6e094c1f4c118f0fe6e495369f675bcc368edfeab8d02de602268223986f79
V2-B-N064-R064-C08-X01,cardinality_greedy,3//2,0.362228792,true,experiments/algorithmic_compression_v2/results/raw_runs/V2-B-N064-R064-C08-X01/cardinality_greedy__mandatory_only.toml,e210b1e05980518a0cc9e208589c1a7492d3859fe59c494ae9fddb5ae401c7f8
V2-B-N064-R064-C08-X01,declared_source_order,1//2,0.654530583,true,experiments/algorithmic_compression_v2/results/raw_runs/V2-B-N064-R064-C08-X01/declared_source_order__mandatory_only.toml,a469e7afa4bf8fcc20851046c88accbdea1fb25fd503e5ee797dbf85253a4df5
V2-B-N064-R064-C08-X01,heaviest_safe_first,0//1,0.956581375,true,experiments/algorithmic_compression_v2/results/raw_runs/V2-B-N064-R064-C08-X01/heaviest_safe_first__mandatory_only.toml,50dd55de08688113cdfe6ca6dccc498817754b7c154e6407dd5134fd9807a0be
V2-B-N064-R064-C08-X01,lightest_safe_first,7//2,0.7723995,true,experiments/algorithmic_compression_v2/results/raw_runs/V2-B-N064-R064-C08-X01/lightest_safe_first__mandatory_only.toml,bf02e44799d6c51529e98dbf29f13b7098129194bd4794923eb2e81fd2acff5c
V2-B-N064-R064-C08-X01,maximum_immediate_burden_release,0//1,0.879526458,true,experiments/algorithmic_compression_v2/results/raw_runs/V2-B-N064-R064-C08-X01/maximum_immediate_burden_release__mandatory_only.toml,fe5e74daa643d728a0cd6e946825e2bf71363fcbfb0553024e30892264ea030c
V2-B-N064-R064-C08-X01,minimum_unique_carrier_exposure,0//1,0.917493541,true,experiments/algorithmic_compression_v2/results/raw_runs/V2-B-N064-R064-C08-X01/minimum_unique_carrier_exposure__mandatory_only.toml,a211a0d10ba88957caffef5b45838fcf1e33a72a49c1680651ca732476425197
V2-B-N064-R064-C08-X01,multistart_random_rechecked_deletion_32,0//1,7.202925833,true,experiments/algorithmic_compression_v2/results/raw_runs/V2-B-N064-R064-C08-X01/multistart_random_rechecked_deletion_32__mandatory_only.toml,33a81a51527c624d22e4066cb07e510b75d99d13b476faf51230dd8504954178
V2-B-N064-R064-C08-X01,random_order_rechecked_deletion,3//1,0.650617375,true,experiments/algorithmic_compression_v2/results/raw_runs/V2-B-N064-R064-C08-X01/random_order_rechecked_deletion__mandatory_only.toml,3e4193ff4ea96b301580f29aafb923140dfab2431224889ebb14e41898b7b7d0
V2-B-N064-R064-C08-X01,weighted_greedy,0//1,0.422702083,true,experiments/algorithmic_compression_v2/results/raw_runs/V2-B-N064-R064-C08-X01/weighted_greedy__mandatory_only.toml,0e8b5a9ea1f286274bb64cb6954d25b84d8584893d6677e687203e4914c82168
V2-B-N064-R064-C08-X01,weighted_greedy_reverse_delete,0//1,0.602589,true,experiments/algorithmic_compression_v2/results/raw_runs/V2-B-N064-R064-C08-X01/weighted_greedy_reverse_delete__mandatory_only.toml,38cb1d25cdc970c67af4edc415f493104cd61d4bc5867081edc7005819cf5d28
V2-B-N064-R064-C08-X02,cardinality_greedy,1//3,0.811946333,true,experiments/algorithmic_compression_v2/results/raw_runs/V2-B-N064-R064-C08-X02/cardinality_greedy__mandatory_only.toml,5b605617b3cb76678922a1d6732e59ecb417408ce78735346d96918bc3b554bd
V2-B-N064-R064-C08-X02,declared_source_order,1//1,1.217318083,true,experiments/algorithmic_compression_v2/results/raw_runs/V2-B-N064-R064-C08-X02/declared_source_order__mandatory_only.toml,7824f74fb2517df422a1fa6a7b7e7c34d75b3dbf86eb60a2e04175f16e586f03
V2-B-N064-R064-C08-X02,heaviest_safe_first,0//1,1.128091375,true,experiments/algorithmic_compression_v2/results/raw_runs/V2-B-N064-R064-C08-X02/heaviest_safe_first__mandatory_only.toml,c76b7b3b6f47a868919ccc5f6c830b75b9389a351b3ffcdf61788bf991de4d71
V2-B-N064-R064-C08-X02,lightest_safe_first,2//1,1.01891475,true,experiments/algorithmic_compression_v2/results/raw_runs/V2-B-N064-R064-C08-X02/lightest_safe_first__mandatory_only.toml,15fe643ba929c7e102c789414d8bad7fb1552bc5874699c7751a9f5c46b55a9b
V2-B-N064-R064-C08-X02,maximum_immediate_burden_release,0//1,0.76431425,true,experiments/algorithmic_compression_v2/results/raw_runs/V2-B-N064-R064-C08-X02/maximum_immediate_burden_release__mandatory_only.toml,a065f63fac9e6bbaf451a81f02e11820e2306d423ef98f76b34c3246c1c92e71
V2-B-N064-R064-C08-X02,minimum_unique_carrier_exposure,0//1,0.96102725,true,experiments/algorithmic_compression_v2/results/raw_runs/V2-B-N064-R064-C08-X02/minimum_unique_carrier_exposure__mandatory_only.toml,e67f1de1669e31c49f76e14e02ba431d1b3f6d220c50cc7c08ffa9ea60447fc1
V2-B-N064-R064-C08-X02,multistart_random_rechecked_deletion_32,0//1,11.128346375,true,experiments/algorithmic_compression_v2/results/raw_runs/V2-B-N064-R064-C08-X02/multistart_random_rechecked_deletion_32__mandatory_only.toml,0984a77e42fd987edccf6ba7a1a4a15e034ceb233085f711fdf9b04ca6c032fa
V2-B-N064-R064-C08-X02,random_order_rechecked_deletion,1//3,1.078840708,true,experiments/algorithmic_compression_v2/results/raw_runs/V2-B-N064-R064-C08-X02/random_order_rechecked_deletion__mandatory_only.toml,b0778436af8189b61bfa4b3b5cc464660f78da28261d9969a93788cf08e9a246
V2-B-N064-R064-C08-X02,weighted_greedy,0//1,0.539252042,true,experiments/algorithmic_compression_v2/results/raw_runs/V2-B-N064-R064-C08-X02/weighted_greedy__mandatory_only.toml,8090237fdac99d7671a340994f28a0ea885a5bb650b928a70821d9dc4972088a
V2-B-N064-R064-C08-X02,weighted_greedy_reverse_delete,0//1,0.249609625,true,experiments/algorithmic_compression_v2/results/raw_runs/V2-B-N064-R064-C08-X02/weighted_greedy_reverse_delete__mandatory_only.toml,309322aeb2655e6e9368a6c907b04be3366dd5474e7345766ad120d62ba2ed23
V2-B-N064-R064-C10-X01,cardinality_greedy,3//16,0.60328475,true,experiments/algorithmic_compression_v2/results/raw_runs/V2-B-N064-R064-C10-X01/cardinality_greedy__mandatory_only.toml,06d0d942a0c9465be2bf1a1ae84f3d8e4f63490b4084b93cda4705b03fae0dd8
V2-B-N064-R064-C10-X01,declared_source_order,7//16,1.473407708,true,experiments/algorithmic_compression_v2/results/raw_runs/V2-B-N064-R064-C10-X01/declared_source_order__mandatory_only.toml,62fa0afbc5856d00ca70fa02dfc092cd3a08a0d4c1cb79f00856e6434a8223e8
V2-B-N064-R064-C10-X01,heaviest_safe_first,0//1,0.904976917,true,experiments/algorithmic_compression_v2/results/raw_runs/V2-B-N064-R064-C10-X01/heaviest_safe_first__mandatory_only.toml,0b719551270c1ab8a8eb9272dca0e328d479461eb66d062d216bafc99d7f3fba
V2-B-N064-R064-C10-X01,lightest_safe_first,7//16,0.931826916,true,experiments/algorithmic_compression_v2/results/raw_runs/V2-B-N064-R064-C10-X01/lightest_safe_first__mandatory_only.toml,7176122ff2b9165a261f97586207c9b2f35943513965d81ae4c25ca79495d935
V2-B-N064-R064-C10-X01,maximum_immediate_burden_release,0//1,0.55278975,true,experiments/algorithmic_compression_v2/results/raw_runs/V2-B-N064-R064-C10-X01/maximum_immediate_burden_release__mandatory_only.toml,bcd52aa2c1f7f567d11a5e8dbed22aeab57130efa338a895b249eda056ebc6fd
V2-B-N064-R064-C10-X01,minimum_unique_carrier_exposure,0//1,1.42070425,true,experiments/algorithmic_compression_v2/results/raw_runs/V2-B-N064-R064-C10-X01/minimum_unique_carrier_exposure__mandatory_only.toml,920523b9b27c7c013ba55529ac41299b696deb99bae0db0cdbf5ec852ab4cb71
V2-B-N064-R064-C10-X01,multistart_random_rechecked_deletion_32,0//1,6.008893167,true,experiments/algorithmic_compression_v2/results/raw_runs/V2-B-N064-R064-C10-X01/multistart_random_rechecked_deletion_32__mandatory_only.toml,a0f2a778448e2b7f0e9927e3e99ef484c6e18fd55feae88d7b45bb01f2a259ba
V2-B-N064-R064-C10-X01,random_order_rechecked_deletion,3//16,1.2302645,true,experiments/algorithmic_compression_v2/results/raw_runs/V2-B-N064-R064-C10-X01/random_order_rechecked_deletion__mandatory_only.toml,be3608d889b1c667d5d2adfcc165725aaef4056c7dd1fabbc5545bd9b3b2e260
V2-B-N064-R064-C10-X01,weighted_greedy,0//1,0.910704959,true,experiments/algorithmic_compression_v2/results/raw_runs/V2-B-N064-R064-C10-X01/weighted_greedy__mandatory_only.toml,13d49aa7db849b17d5badf18b79bcda61803c4123bcb4a4394d932a74b3172bc
V2-B-N064-R064-C10-X01,weighted_greedy_reverse_delete,0//1,0.877878459,true,experiments/algorithmic_compression_v2/results/raw_runs/V2-B-N064-R064-C10-X01/weighted_greedy_reverse_delete__mandatory_only.toml,be614d08cf64d875ce931b4da4e9f77f7e198acda17a15474c65e85b23d3c992
V2-B-N064-R064-C10-X02,cardinality_greedy,1//16,0.782537084,true,experiments/algorithmic_compression_v2/results/raw_runs/V2-B-N064-R064-C10-X02/cardinality_greedy__mandatory_only.toml,aa437408d6933b948a2395218b35b2db8a7b5675fd6ab1a9b11c90dcc63acf50
V2-B-N064-R064-C10-X02,declared_source_order,0//1,0.459403792,true,experiments/algorithmic_compression_v2/results/raw_runs/V2-B-N064-R064-C10-X02/declared_source_order__mandatory_only.toml,87f4989193e49a762f41a12360aa518dedeb0724525774eb28a2858059979efa
V2-B-N064-R064-C10-X02,heaviest_safe_first,0//1,0.477959333,true,experiments/algorithmic_compression_v2/results/raw_runs/V2-B-N064-R064-C10-X02/heaviest_safe_first__mandatory_only.toml,c00c3ea6a5f6ab6ab99dda81f7f82f96fb1671ce23583f54ad96708fcf7a474b
V2-B-N064-R064-C10-X02,lightest_safe_first,5//16,0.669947542,true,experiments/algorithmic_compression_v2/results/raw_runs/V2-B-N064-R064-C10-X02/lightest_safe_first__mandatory_only.toml,cc7049e6c6601a36f637a2d27bd819d6243c59cb77fff26939abe04350244b79
V2-B-N064-R064-C10-X02,maximum_immediate_burden_release,0//1,0.700350917,true,experiments/algorithmic_compression_v2/results/raw_runs/V2-B-N064-R064-C10-X02/maximum_immediate_burden_release__mandatory_only.toml,3c6f8658c83dc73ae0b9c640c84870bcc895a5661cc0897be57ca672714e30d6
V2-B-N064-R064-C10-X02,minimum_unique_carrier_exposure,0//1,1.023833791,true,experiments/algorithmic_compression_v2/results/raw_runs/V2-B-N064-R064-C10-X02/minimum_unique_carrier_exposure__mandatory_only.toml,679ddea1b46290ad08aba6ab14bbeb4a729ba34126612a6ef77ff88346071df9
V2-B-N064-R064-C10-X02,multistart_random_rechecked_deletion_32,0//1,5.965449458,true,experiments/algorithmic_compression_v2/results/raw_runs/V2-B-N064-R064-C10-X02/multistart_random_rechecked_deletion_32__mandatory_only.toml,a22a8f55753ba7b281173f79b340de11f06720f083f0e858d78b6dcd5ef98703
V2-B-N064-R064-C10-X02,random_order_rechecked_deletion,0//1,1.709251125,true,experiments/algorithmic_compression_v2/results/raw_runs/V2-B-N064-R064-C10-X02/random_order_rechecked_deletion__mandatory_only.toml,538ad9eb4e16df3e990121a490d86b21df8cd637bdca953e8f1844e79422fae8
V2-B-N064-R064-C10-X02,weighted_greedy,0//1,0.674626459,true,experiments/algorithmic_compression_v2/results/raw_runs/V2-B-N064-R064-C10-X02/weighted_greedy__mandatory_only.toml,d7cf3dd1fb0fcc224ad9a237e8a3d4d35406171f08e021cba2f7ad2b3a17e523
V2-B-N064-R064-C10-X02,weighted_greedy_reverse_delete,0//1,0.393626042,true,experiments/algorithmic_compression_v2/results/raw_runs/V2-B-N064-R064-C10-X02/weighted_greedy_reverse_delete__mandatory_only.toml,cba930a9474a57a0704300daf2847cfdfc3569f6fc31f8e75d8db61c89a07e7b
V2-B-N064-R064-C11-X01,cardinality_greedy,0//1,0.607105083,true,experiments/algorithmic_compression_v2/results/raw_runs/V2-B-N064-R064-C11-X01/cardinality_greedy__mandatory_only.toml,a8b692d5a6d79abd3a33a42a452ef0ee169880eed5c86747a1c4df7cce6ae495
V2-B-N064-R064-C11-X01,declared_source_order,3//10,0.97283475,true,experiments/algorithmic_compression_v2/results/raw_runs/V2-B-N064-R064-C11-X01/declared_source_order__mandatory_only.toml,c78afb4e07dd913599d36945f5e4a8bc0a71cebf15e9c1ecda06e1f32717e69c
V2-B-N064-R064-C11-X01,heaviest_safe_first,0//1,1.1072255,true,experiments/algorithmic_compression_v2/results/raw_runs/V2-B-N064-R064-C11-X01/heaviest_safe_first__mandatory_only.toml,d613f87ec361e8cdd80dad7c41b638c349c77bac17a5ec941e9581d354821205
V2-B-N064-R064-C11-X01,lightest_safe_first,2//5,1.211518,true,experiments/algorithmic_compression_v2/results/raw_runs/V2-B-N064-R064-C11-X01/lightest_safe_first__mandatory_only.toml,f4f2026d6a6f646cfbadf02d2273a78f4560eef977b6c29b41d22a47017e799e
V2-B-N064-R064-C11-X01,maximum_immediate_burden_release,0//1,0.89375025,true,experiments/algorithmic_compression_v2/results/raw_runs/V2-B-N064-R064-C11-X01/maximum_immediate_burden_release__mandatory_only.toml,a6baa32ef87cbdeb996386bc18b2f530ebad77ac7e27fbcf160dacbdea002c62
V2-B-N064-R064-C11-X01,minimum_unique_carrier_exposure,0//1,0.6741445,true,experiments/algorithmic_compression_v2/results/raw_runs/V2-B-N064-R064-C11-X01/minimum_unique_carrier_exposure__mandatory_only.toml,16c6138cf343584c0da96f31a5c8df0d4a4b5c3547e20ce4b9865b38f20db388
V2-B-N064-R064-C11-X01,multistart_random_rechecked_deletion_32,0//1,8.951175375,true,experiments/algorithmic_compression_v2/results/raw_runs/V2-B-N064-R064-C11-X01/multistart_random_rechecked_deletion_32__mandatory_only.toml,fb9534107b4ce90f245b509bf6ef59990063bf833383bd208a0b91b83a593e72
V2-B-N064-R064-C11-X01,random_order_rechecked_deletion,1//5,0.820586667,true,experiments/algorithmic_compression_v2/results/raw_runs/V2-B-N064-R064-C11-X01/random_order_rechecked_deletion__mandatory_only.toml,44f1c8c3403538835033a336c36df08e63f78c3dbfbfe4fdee440b3c0d5c0283
V2-B-N064-R064-C11-X01,weighted_greedy,0//1,0.760396834,true,experiments/algorithmic_compression_v2/results/raw_runs/V2-B-N064-R064-C11-X01/weighted_greedy__mandatory_only.toml,6494b0b0872fcd4f263dcc89b5243bca472ffbaf233bf0675a6101e1d4dd3f50
V2-B-N064-R064-C11-X01,weighted_greedy_reverse_delete,0//1,0.898605625,true,experiments/algorithmic_compression_v2/results/raw_runs/V2-B-N064-R064-C11-X01/weighted_greedy_reverse_delete__mandatory_only.toml,338ca947093ab450a0a06c34d95c0e2b55bab968890aaf9f0ae47a849c0d1ca1
V2-B-N064-R064-C11-X02,cardinality_greedy,0//1,0.600887333,true,experiments/algorithmic_compression_v2/results/raw_runs/V2-B-N064-R064-C11-X02/cardinality_greedy__mandatory_only.toml,ec6abfdf434fa33c4ce1731c8f3683f464e6541d526c72e10fefdad5fae2e5da
V2-B-N064-R064-C11-X02,declared_source_order,1//18,0.540816458,true,experiments/algorithmic_compression_v2/results/raw_runs/V2-B-N064-R064-C11-X02/declared_source_order__mandatory_only.toml,2e8d7ddcf0c345ba5e241b6bad599d69ef7fa027f7b50598e592d7b590a94556
V2-B-N064-R064-C11-X02,heaviest_safe_first,1//18,1.102384625,true,experiments/algorithmic_compression_v2/results/raw_runs/V2-B-N064-R064-C11-X02/heaviest_safe_first__mandatory_only.toml,83ea57b09589ee9bf2450db27ad0648de130d5b988946b7bccc572616f491ca3
V2-B-N064-R064-C11-X02,lightest_safe_first,5//18,0.426292708,true,experiments/algorithmic_compression_v2/results/raw_runs/V2-B-N064-R064-C11-X02/lightest_safe_first__mandatory_only.toml,a5ccf6328b0551506fd33c6c4e28feb295569bb072953e4ae87663b5fd22236f
V2-B-N064-R064-C11-X02,maximum_immediate_burden_release,1//18,0.941622917,true,experiments/algorithmic_compression_v2/results/raw_runs/V2-B-N064-R064-C11-X02/maximum_immediate_burden_release__mandatory_only.toml,eb48512d31a0bea835e5ee8ba4618cee89f1f252a6061d506600532850929bd6
V2-B-N064-R064-C11-X02,minimum_unique_carrier_exposure,1//18,1.438175375,true,experiments/algorithmic_compression_v2/results/raw_runs/V2-B-N064-R064-C11-X02/minimum_unique_carrier_exposure__mandatory_only.toml,8575294dc252758d86cae49b616876194569101a43ff5f5f6f230b5835b96d52
V2-B-N064-R064-C11-X02,multistart_random_rechecked_deletion_32,0//1,9.909348125,true,experiments/algorithmic_compression_v2/results/raw_runs/V2-B-N064-R064-C11-X02/multistart_random_rechecked_deletion_32__mandatory_only.toml,85ae139eb46b8e099e40be68ea61fe0962713be7df288f4e6748b56954dcc0c7
V2-B-N064-R064-C11-X02,random_order_rechecked_deletion,0//1,1.281854083,true,experiments/algorithmic_compression_v2/results/raw_runs/V2-B-N064-R064-C11-X02/random_order_rechecked_deletion__mandatory_only.toml,7ec0b3b8ab3c346310c010bccc1d0d496f96290072936a87e46bd9d9973ddf45
V2-B-N064-R064-C11-X02,weighted_greedy,0//1,0.9095345,true,experiments/algorithmic_compression_v2/results/raw_runs/V2-B-N064-R064-C11-X02/weighted_greedy__mandatory_only.toml,81f439d2b178dd95fbed585db94fef923dbb7c0724fe79e82def4fdf535770a0
V2-B-N064-R064-C11-X02,weighted_greedy_reverse_delete,0//1,0.750037459,true,experiments/algorithmic_compression_v2/results/raw_runs/V2-B-N064-R064-C11-X02/weighted_greedy_reverse_delete__mandatory_only.toml,217586d13486c9efc507d47d36a340a6b9a35fbfae20d07f36174062bae79bb2
V2-B-N064-R064-C12-X01,cardinality_greedy,0//1,0.294353917,true,experiments/algorithmic_compression_v2/results/raw_runs/V2-B-N064-R064-C12-X01/cardinality_greedy__mandatory_only.toml,5d7b878a6510962091eacc248e59eac4e3fa9b71e6864a219a57a6a74a5b0ef4
V2-B-N064-R064-C12-X01,declared_source_order,1//1,1.233979167,true,experiments/algorithmic_compression_v2/results/raw_runs/V2-B-N064-R064-C12-X01/declared_source_order__mandatory_only.toml,844d17d6775d921d626094a0f838c2f630d6c608a376792ce781f418ed9f4293
V2-B-N064-R064-C12-X01,heaviest_safe_first,0//1,0.622609542,true,experiments/algorithmic_compression_v2/results/raw_runs/V2-B-N064-R064-C12-X01/heaviest_safe_first__mandatory_only.toml,361db787be87a210530be9f32ee7455ecf3cf9cb56055ccd24aead5f61bb2c9b
V2-B-N064-R064-C12-X01,lightest_safe_first,15//1,1.095364042,true,experiments/algorithmic_compression_v2/results/raw_runs/V2-B-N064-R064-C12-X01/lightest_safe_first__mandatory_only.toml,afb4b28ee500fe020babdabafe11edc18a46168533028a44cf562a83318f45c7
V2-B-N064-R064-C12-X01,maximum_immediate_burden_release,0//1,1.6968505,true,experiments/algorithmic_compression_v2/results/raw_runs/V2-B-N064-R064-C12-X01/maximum_immediate_burden_release__mandatory_only.toml,ccb19b802c894cf18be5c75774afe6bf8a9bb2377eb12feb995158ce77866fc8
V2-B-N064-R064-C12-X01,minimum_unique_carrier_exposure,0//1,0.356223292,true,experiments/algorithmic_compression_v2/results/raw_runs/V2-B-N064-R064-C12-X01/minimum_unique_carrier_exposure__mandatory_only.toml,44fbc1bf72d97dc17562b1b17d90ee867c6a5e47312d4b847f8d1aee1fd7354b
V2-B-N064-R064-C12-X01,multistart_random_rechecked_deletion_32,0//1,8.666899167,true,experiments/algorithmic_compression_v2/results/raw_runs/V2-B-N064-R064-C12-X01/multistart_random_rechecked_deletion_32__mandatory_only.toml,82077c7639ccb308ab1f8a508e4a7f9779cd75baa139cf5ea9f979cbbc97a387
V2-B-N064-R064-C12-X01,random_order_rechecked_deletion,17//1,0.899961708,true,experiments/algorithmic_compression_v2/results/raw_runs/V2-B-N064-R064-C12-X01/random_order_rechecked_deletion__mandatory_only.toml,f78413f09102c136996e51974427752124770a0d4bcc3ae82f640d17026c97e2
V2-B-N064-R064-C12-X01,weighted_greedy,0//1,0.746969042,true,experiments/algorithmic_compression_v2/results/raw_runs/V2-B-N064-R064-C12-X01/weighted_greedy__mandatory_only.toml,03d19b7b9343b72ae541dfc4a889ac429ed03dd4b0bf99462f63c941ce4088cd
V2-B-N064-R064-C12-X01,weighted_greedy_reverse_delete,0//1,0.835447583,true,experiments/algorithmic_compression_v2/results/raw_runs/V2-B-N064-R064-C12-X01/weighted_greedy_reverse_delete__mandatory_only.toml,822b6483f2ff233e59af0141bd171ec6495b030a1f8087ffb1f853f4ed8691fe
V2-B-N064-R064-C12-X02,cardinality_greedy,7//1,0.895263,true,experiments/algorithmic_compression_v2/results/raw_runs/V2-B-N064-R064-C12-X02/cardinality_greedy__mandatory_only.toml,e290963d6588e64e1d15327b422536d587d86b7b31a6918f1dbbeea8f507babe
V2-B-N064-R064-C12-X02,declared_source_order,1//1,1.312258125,true,experiments/algorithmic_compression_v2/results/raw_runs/V2-B-N064-R064-C12-X02/declared_source_order__mandatory_only.toml,87dd59326b9fabeba84ddfb84a40cb5cd2cadeab7d99cf737afbe6855f90dab2
V2-B-N064-R064-C12-X02,heaviest_safe_first,0//1,1.180338459,true,experiments/algorithmic_compression_v2/results/raw_runs/V2-B-N064-R064-C12-X02/heaviest_safe_first__mandatory_only.toml,e95a2fdb4757f5efa04317af3f7a5310400ef13ca9ca05f400a60805ee77f32f
V2-B-N064-R064-C12-X02,lightest_safe_first,63//1,1.081920333,true,experiments/algorithmic_compression_v2/results/raw_runs/V2-B-N064-R064-C12-X02/lightest_safe_first__mandatory_only.toml,4d3802fb5a2376ea2f439a8fdc7ec97863e182b592a5ddc5c153e4c8d1f45635
V2-B-N064-R064-C12-X02,maximum_immediate_burden_release,0//1,0.730296917,true,experiments/algorithmic_compression_v2/results/raw_runs/V2-B-N064-R064-C12-X02/maximum_immediate_burden_release__mandatory_only.toml,3782dba5dd6be92c2ac4630b50bea67ab374891b1f8cde8344727571071e35ce
V2-B-N064-R064-C12-X02,minimum_unique_carrier_exposure,0//1,1.400221833,true,experiments/algorithmic_compression_v2/results/raw_runs/V2-B-N064-R064-C12-X02/minimum_unique_carrier_exposure__mandatory_only.toml,fa28f4e0354369f3ca96a2ad873855ac93f1e00cfc4acc95196ccbf5d45a381e
V2-B-N064-R064-C12-X02,multistart_random_rechecked_deletion_32,0//1,9.740985083,true,experiments/algorithmic_compression_v2/results/raw_runs/V2-B-N064-R064-C12-X02/multistart_random_rechecked_deletion_32__mandatory_only.toml,d1cfe534b5ff45972d81e057d2d223f17a4511a5056c425f71e74ade1cbd601b
V2-B-N064-R064-C12-X02,random_order_rechecked_deletion,3//1,1.317555541,true,experiments/algorithmic_compression_v2/results/raw_runs/V2-B-N064-R064-C12-X02/random_order_rechecked_deletion__mandatory_only.toml,f22c2927e43d853fd5a8bb7e0f3d1dfaa9205adcfbc0a4805a5ef2c4a90026ce
V2-B-N064-R064-C12-X02,weighted_greedy,0//1,1.113334667,true,experiments/algorithmic_compression_v2/results/raw_runs/V2-B-N064-R064-C12-X02/weighted_greedy__mandatory_only.toml,f31e8f19efaec0f6534c805ed5934707e1253fb21e450e235cdc8d640ebb85a6
V2-B-N064-R064-C12-X02,weighted_greedy_reverse_delete,0//1,0.7514325,true,experiments/algorithmic_compression_v2/results/raw_runs/V2-B-N064-R064-C12-X02/weighted_greedy_reverse_delete__mandatory_only.toml,09c0119907cb692b08957d42b1ee4b9028676355008a12ca1b5befad97590fda
V2-B-N064-R064-C14-X01,cardinality_greedy,2//17,0.660348,true,experiments/algorithmic_compression_v2/results/raw_runs/V2-B-N064-R064-C14-X01/cardinality_greedy__mandatory_only.toml,7ddab1cd8721e79bfae5e2be4c5e14d38681bec79b912407960c4177855d1a5f
V2-B-N064-R064-C14-X01,declared_source_order,0//1,0.981139209,true,experiments/algorithmic_compression_v2/results/raw_runs/V2-B-N064-R064-C14-X01/declared_source_order__mandatory_only.toml,47312ee39cb45941d76c191fe84d6781b666a940dc283b2c15d7b85e651d43cf
V2-B-N064-R064-C14-X01,heaviest_safe_first,0//1,0.829803791,true,experiments/algorithmic_compression_v2/results/raw_runs/V2-B-N064-R064-C14-X01/heaviest_safe_first__mandatory_only.toml,0374cef0ff41b531722a4cef12186bc42a4d274f823296937861e12da0721883
V2-B-N064-R064-C14-X01,lightest_safe_first,2//17,1.26221775,true,experiments/algorithmic_compression_v2/results/raw_runs/V2-B-N064-R064-C14-X01/lightest_safe_first__mandatory_only.toml,3c067fa62e524d40af7a2d634a6870828977a7fa8a922818325506cf77c5bd5d
V2-B-N064-R064-C14-X01,maximum_immediate_burden_release,0//1,0.698363208,true,experiments/algorithmic_compression_v2/results/raw_runs/V2-B-N064-R064-C14-X01/maximum_immediate_burden_release__mandatory_only.toml,c3a13821af1f53e18cbde268548579a991ce458f2025748b3ccc7a29816e9087
V2-B-N064-R064-C14-X01,minimum_unique_carrier_exposure,0//1,0.6437805,true,experiments/algorithmic_compression_v2/results/raw_runs/V2-B-N064-R064-C14-X01/minimum_unique_carrier_exposure__mandatory_only.toml,67b0331531ebcd464b9532dda64b5820f08b9bdf3b6c97e2af4a9ada88778264
V2-B-N064-R064-C14-X01,multistart_random_rechecked_deletion_32,0//1,5.941722208,true,experiments/algorithmic_compression_v2/results/raw_runs/V2-B-N064-R064-C14-X01/multistart_random_rechecked_deletion_32__mandatory_only.toml,0a7049934d3efbe045bf2bf208df5ee207da862e9f7ec088a2ec9763f445f735
V2-B-N064-R064-C14-X01,random_order_rechecked_deletion,2//17,0.778775167,true,experiments/algorithmic_compression_v2/results/raw_runs/V2-B-N064-R064-C14-X01/random_order_rechecked_deletion__mandatory_only.toml,87a44ab9528e41ce1ef02ae23fb1345d2c1f71d645f50ce0331ca22185698945
V2-B-N064-R064-C14-X01,weighted_greedy,0//1,0.990325625,true,experiments/algorithmic_compression_v2/results/raw_runs/V2-B-N064-R064-C14-X01/weighted_greedy__mandatory_only.toml,3f2cb443590fc71aad843009763c08f24ed733aa40cf65ec57a5fa154b218c9d
V2-B-N064-R064-C14-X01,weighted_greedy_reverse_delete,0//1,0.407380917,true,experiments/algorithmic_compression_v2/results/raw_runs/V2-B-N064-R064-C14-X01/weighted_greedy_reverse_delete__mandatory_only.toml,87b55e4a370f719a25025cf10257608d032253cf547705d23d3ab0b7c622bd2c
V2-B-N064-R064-C14-X02,cardinality_greedy,1//8,0.842676958,true,experiments/algorithmic_compression_v2/results/raw_runs/V2-B-N064-R064-C14-X02/cardinality_greedy__mandatory_only.toml,58fbda3a3e5cb372af6aaedd2481530e10be88bf4be690f72e845409bd8a0a22
V2-B-N064-R064-C14-X02,declared_source_order,1//16,0.635642708,true,experiments/algorithmic_compression_v2/results/raw_runs/V2-B-N064-R064-C14-X02/declared_source_order__mandatory_only.toml,de87d6ea8a67d7ec8e74dd90c7fc1cb009fbc2fb0a4752a8e915748a844fcc10
V2-B-N064-R064-C14-X02,heaviest_safe_first,0//1,0.412385291,true,experiments/algorithmic_compression_v2/results/raw_runs/V2-B-N064-R064-C14-X02/heaviest_safe_first__mandatory_only.toml,1325c19570d37a480debbd4e0fdde4642f671b9325cbc59a7b0a7b435fcc1325
V2-B-N064-R064-C14-X02,lightest_safe_first,1//8,1.385790459,true,experiments/algorithmic_compression_v2/results/raw_runs/V2-B-N064-R064-C14-X02/lightest_safe_first__mandatory_only.toml,745c0adc243f99f171b3b71d28fd8edac1a1dfca5476ecf3d67180e89ec5d19e
V2-B-N064-R064-C14-X02,maximum_immediate_burden_release,0//1,0.532205458,true,experiments/algorithmic_compression_v2/results/raw_runs/V2-B-N064-R064-C14-X02/maximum_immediate_burden_release__mandatory_only.toml,d06ccbf8e83375555221ec0e42dcea1ef522864c3ef187f3d3d5e846080a1d07
V2-B-N064-R064-C14-X02,minimum_unique_carrier_exposure,0//1,0.900528958,true,experiments/algorithmic_compression_v2/results/raw_runs/V2-B-N064-R064-C14-X02/minimum_unique_carrier_exposure__mandatory_only.toml,27630cfd4a9638a64f79e07052430f38ed015456d801a3b4493611bb1c2755a4
V2-B-N064-R064-C14-X02,multistart_random_rechecked_deletion_32,0//1,4.733347541,true,experiments/algorithmic_compression_v2/results/raw_runs/V2-B-N064-R064-C14-X02/multistart_random_rechecked_deletion_32__mandatory_only.toml,bdf9d2d0b390087d469a75c2e01c04eb450cfe34b4da066dd2273371abfe8d54
V2-B-N064-R064-C14-X02,random_order_rechecked_deletion,1//16,1.197278375,true,experiments/algorithmic_compression_v2/results/raw_runs/V2-B-N064-R064-C14-X02/random_order_rechecked_deletion__mandatory_only.toml,d67815f9292beb5ca15daca7479c03d4c364deb8eaa0d46b9766ce48cc14898d
V2-B-N064-R064-C14-X02,weighted_greedy,0//1,0.921035833,true,experiments/algorithmic_compression_v2/results/raw_runs/V2-B-N064-R064-C14-X02/weighted_greedy__mandatory_only.toml,fe4249e957789961468a6aedcb5cd13be00400e8264cd3456e5efc12d2407a19
V2-B-N064-R064-C14-X02,weighted_greedy_reverse_delete,0//1,0.365883708,true,experiments/algorithmic_compression_v2/results/raw_runs/V2-B-N064-R064-C14-X02/weighted_greedy_reverse_delete__mandatory_only.toml,6220db75ac797fdb80e0b09bdf06f4fb23967e3bc9fa23818ee9964af287113b
V2-B-N064-R064-C15-X01,cardinality_greedy,3//13,0.687644375,true,experiments/algorithmic_compression_v2/results/raw_runs/V2-B-N064-R064-C15-X01/cardinality_greedy__mandatory_only.toml,0144655b5f5ab749f8a1ab3d50a97293b7fcb0594b2232a55165bc0461d07dc8
V2-B-N064-R064-C15-X01,declared_source_order,3//65,0.459111042,true,experiments/algorithmic_compression_v2/results/raw_runs/V2-B-N064-R064-C15-X01/declared_source_order__mandatory_only.toml,84bd92e9f2a4b3a7d5aab8c407bff0764c29a4acf247b539184c312af98c367b
V2-B-N064-R064-C15-X01,heaviest_safe_first,0//1,1.603319458,true,experiments/algorithmic_compression_v2/results/raw_runs/V2-B-N064-R064-C15-X01/heaviest_safe_first__mandatory_only.toml,e4fcc3b61d0987ffc28a7b1b01c0b3e53b30695da9e9cfc57936e5014e8296ab
V2-B-N064-R064-C15-X01,lightest_safe_first,3//13,1.368288959,true,experiments/algorithmic_compression_v2/results/raw_runs/V2-B-N064-R064-C15-X01/lightest_safe_first__mandatory_only.toml,b9b05088a0ea1ab677d763d4da243ad602911b57a0d90a9de8d47d098d533a0d
V2-B-N064-R064-C15-X01,maximum_immediate_burden_release,0//1,0.6051605,true,experiments/algorithmic_compression_v2/results/raw_runs/V2-B-N064-R064-C15-X01/maximum_immediate_burden_release__mandatory_only.toml,2fa70abab07518b40adedd84cfae0cdf5d319cd10d343fc12765000c30f80703
V2-B-N064-R064-C15-X01,minimum_unique_carrier_exposure,0//1,0.801293292,true,experiments/algorithmic_compression_v2/results/raw_runs/V2-B-N064-R064-C15-X01/minimum_unique_carrier_exposure__mandatory_only.toml,ca1dd2c7801f96d70152d527e10a4c636b9f4bd7ca295d3cf8f01ad82693eab5
V2-B-N064-R064-C15-X01,multistart_random_rechecked_deletion_32,0//1,8.482854875,true,experiments/algorithmic_compression_v2/results/raw_runs/V2-B-N064-R064-C15-X01/multistart_random_rechecked_deletion_32__mandatory_only.toml,aec46bdb3fc7e8c84a1fd200d48308e50573d6f6ab2bd6098b86f15319fd30b7
V2-B-N064-R064-C15-X01,random_order_rechecked_deletion,1//65,0.91880425,true,experiments/algorithmic_compression_v2/results/raw_runs/V2-B-N064-R064-C15-X01/random_order_rechecked_deletion__mandatory_only.toml,2a5d2cb2808ac41cf738ba58898af33acd14ba913c3ec7ef1bc7c984c8327459
V2-B-N064-R064-C15-X01,weighted_greedy,0//1,1.018421959,true,experiments/algorithmic_compression_v2/results/raw_runs/V2-B-N064-R064-C15-X01/weighted_greedy__mandatory_only.toml,bdb379e73c19a956e3c049ebb504f7be7d4fb1f73693dc05df61d6a8e861eb1d
V2-B-N064-R064-C15-X01,weighted_greedy_reverse_delete,0//1,0.546000916,true,experiments/algorithmic_compression_v2/results/raw_runs/V2-B-N064-R064-C15-X01/weighted_greedy_reverse_delete__mandatory_only.toml,ba9a371fd25928936b47f5a34aa2f73c7ff4ef4e56039e81fd50450a99ef7423
V2-B-N064-R064-C15-X02,cardinality_greedy,5//16,1.420487625,true,experiments/algorithmic_compression_v2/results/raw_runs/V2-B-N064-R064-C15-X02/cardinality_greedy__mandatory_only.toml,06cc7e927caf1c4eae43cf8b51e7d49ecd6af4b6260b5dc95d4d7d4a120d5be5
V2-B-N064-R064-C15-X02,declared_source_order,5//16,1.097899334,true,experiments/algorithmic_compression_v2/results/raw_runs/V2-B-N064-R064-C15-X02/declared_source_order__mandatory_only.toml,c6d469d744999c0546fc8c744dc35d88dde1c36a3e48cfdc3cd6e85599b61574
V2-B-N064-R064-C15-X02,heaviest_safe_first,0//1,1.595418583,true,experiments/algorithmic_compression_v2/results/raw_runs/V2-B-N064-R064-C15-X02/heaviest_safe_first__mandatory_only.toml,2d8b8ccfa20605ac336325a1c71d6b9a01dcacb85600786918f05cfe69c77876
V2-B-N064-R064-C15-X02,lightest_safe_first,5//16,0.930227084,true,experiments/algorithmic_compression_v2/results/raw_runs/V2-B-N064-R064-C15-X02/lightest_safe_first__mandatory_only.toml,9b1907da4a39b257845f3490fd8930f994710cb311ff3c3e7e38d11c1fee1e15
V2-B-N064-R064-C15-X02,maximum_immediate_burden_release,0//1,0.978658583,true,experiments/algorithmic_compression_v2/results/raw_runs/V2-B-N064-R064-C15-X02/maximum_immediate_burden_release__mandatory_only.toml,09d9b0b34e760063e25a59e08d31524a119d736e9cc7f60228c6f40d3c1fe4d2
V2-B-N064-R064-C15-X02,minimum_unique_carrier_exposure,0//1,1.092740291,true,experiments/algorithmic_compression_v2/results/raw_runs/V2-B-N064-R064-C15-X02/minimum_unique_carrier_exposure__mandatory_only.toml,bedbb80597c3a096db0817bfa10e8f12c938c037386816af043b176f54974d89
V2-B-N064-R064-C15-X02,multistart_random_rechecked_deletion_32,0//1,10.765057792,true,experiments/algorithmic_compression_v2/results/raw_runs/V2-B-N064-R064-C15-X02/multistart_random_rechecked_deletion_32__mandatory_only.toml,5ff8dce1ade9a60216fe2dc1d7415d7ac3fd524717d81718041f4fe0d59245b1
V2-B-N064-R064-C15-X02,random_order_rechecked_deletion,5//16,0.713865333,true,experiments/algorithmic_compression_v2/results/raw_runs/V2-B-N064-R064-C15-X02/random_order_rechecked_deletion__mandatory_only.toml,d96cb50b5ebc73ebde24dfbdfbc9710a7d187daab805ff6aa057761503135010
V2-B-N064-R064-C15-X02,weighted_greedy,0//1,0.920170959,true,experiments/algorithmic_compression_v2/results/raw_runs/V2-B-N064-R064-C15-X02/weighted_greedy__mandatory_only.toml,e67eca42f9b49105551027d98ca289139961c927d5366965abd3df2487a52873
V2-B-N064-R064-C15-X02,weighted_greedy_reverse_delete,0//1,0.914134584,true,experiments/algorithmic_compression_v2/results/raw_runs/V2-B-N064-R064-C15-X02/weighted_greedy_reverse_delete__mandatory_only.toml,b71581c157340f7314be1a94d3bc52e4eb5b6868f9bc6ac5224860e9c618b3b1
V2-B-N064-R064-C16-X01,cardinality_greedy,1//1,0.993558666,true,experiments/algorithmic_compression_v2/results/raw_runs/V2-B-N064-R064-C16-X01/cardinality_greedy__mandatory_only.toml,443cfd9b2ccea756a17d4bc9a1bd07002bc0816d3d6642cb2d2d69c30b7eed6d
V2-B-N064-R064-C16-X01,declared_source_order,5//1,1.499372959,true,experiments/algorithmic_compression_v2/results/raw_runs/V2-B-N064-R064-C16-X01/declared_source_order__mandatory_only.toml,47ddaa1dc9b95ecefeaf2f229cbdabc878559bbb627b9baa6359bba5adee7cf4
V2-B-N064-R064-C16-X01,heaviest_safe_first,3//1,1.222997209,true,experiments/algorithmic_compression_v2/results/raw_runs/V2-B-N064-R064-C16-X01/heaviest_safe_first__mandatory_only.toml,1ef8b92e62de9fd02ab8b7594d78a0a6c686bd84e9c26832939ab21c258e94d4
V2-B-N064-R064-C16-X01,lightest_safe_first,2//1,1.071832875,true,experiments/algorithmic_compression_v2/results/raw_runs/V2-B-N064-R064-C16-X01/lightest_safe_first__mandatory_only.toml,dc3c25bcb70566aebda0e0787153187dd3338fafe14f614eb6ec75115ac1b763
V2-B-N064-R064-C16-X01,maximum_immediate_burden_release,3//1,0.969572042,true,experiments/algorithmic_compression_v2/results/raw_runs/V2-B-N064-R064-C16-X01/maximum_immediate_burden_release__mandatory_only.toml,9b081f5a23cc31249e269f82b82582c3c871ded06c701e5ea89b93e324e55331
V2-B-N064-R064-C16-X01,minimum_unique_carrier_exposure,0//1,1.597125292,true,experiments/algorithmic_compression_v2/results/raw_runs/V2-B-N064-R064-C16-X01/minimum_unique_carrier_exposure__mandatory_only.toml,2be89c1c3f3997c3c00be94750c83f6b3d76781d3b02b76dd91f46f8f8a39b9f
V2-B-N064-R064-C16-X01,multistart_random_rechecked_deletion_32,0//1,8.770855708,true,experiments/algorithmic_compression_v2/results/raw_runs/V2-B-N064-R064-C16-X01/multistart_random_rechecked_deletion_32__mandatory_only.toml,a08f4f485ef8a884954bd26a4a0d2f267ae77be946030fc3030da734b5c0e30a
V2-B-N064-R064-C16-X01,random_order_rechecked_deletion,2//1,0.696421833,true,experiments/algorithmic_compression_v2/results/raw_runs/V2-B-N064-R064-C16-X01/random_order_rechecked_deletion__mandatory_only.toml,4a61b6da89f595316be4e6f745d7b36e4a1247d17bce18839d4b45b28dc803a3
V2-B-N064-R064-C16-X01,weighted_greedy,0//1,0.485498542,true,experiments/algorithmic_compression_v2/results/raw_runs/V2-B-N064-R064-C16-X01/weighted_greedy__mandatory_only.toml,a32966a0e40ff7b5214ea3f8da12967fcd6b5dca570378b4a8f9922b8e399c0a
V2-B-N064-R064-C16-X01,weighted_greedy_reverse_delete,0//1,0.9847605,true,experiments/algorithmic_compression_v2/results/raw_runs/V2-B-N064-R064-C16-X01/weighted_greedy_reverse_delete__mandatory_only.toml,f6f78b8c6310819ea39377f4e6927a261dff8946f4c34a5a57238de8214d5fbf
V2-B-N064-R064-C16-X02,cardinality_greedy,2//1,0.736638125,true,experiments/algorithmic_compression_v2/results/raw_runs/V2-B-N064-R064-C16-X02/cardinality_greedy__mandatory_only.toml,b926bae6705ba1a8f600eba0fdad045c5901ef73f50ce09145d98f7f0af0e72c
V2-B-N064-R064-C16-X02,declared_source_order,0//1,0.942664208,true,experiments/algorithmic_compression_v2/results/raw_runs/V2-B-N064-R064-C16-X02/declared_source_order__mandatory_only.toml,38e4f440aff80730dff44f5eebaf48e8fb120b3ac67572660188fd2bd7feb8b2
V2-B-N064-R064-C16-X02,heaviest_safe_first,0//1,0.5845495,true,experiments/algorithmic_compression_v2/results/raw_runs/V2-B-N064-R064-C16-X02/heaviest_safe_first__mandatory_only.toml,b100ebab99823e525954a5c3019d2cdd29a4f2013837dfc1c0dfb01d90fbc648
V2-B-N064-R064-C16-X02,lightest_safe_first,2//1,1.02419625,true,experiments/algorithmic_compression_v2/results/raw_runs/V2-B-N064-R064-C16-X02/lightest_safe_first__mandatory_only.toml,b180d59562fe245673d5ead8ce09f1e3a9c974e4555c4c91d18d8e3c28b7664c
V2-B-N064-R064-C16-X02,maximum_immediate_burden_release,0//1,1.016223459,true,experiments/algorithmic_compression_v2/results/raw_runs/V2-B-N064-R064-C16-X02/maximum_immediate_burden_release__mandatory_only.toml,06ee317173e784b48b394ea85ae4c321dd548dc68696517f2f157b1cd710cd54
V2-B-N064-R064-C16-X02,minimum_unique_carrier_exposure,0//1,0.864918291,true,experiments/algorithmic_compression_v2/results/raw_runs/V2-B-N064-R064-C16-X02/minimum_unique_carrier_exposure__mandatory_only.toml,9a6c4a541fafd8b898a175e1d31e00bd4119b288d3fc080984be0ec6f87b4ee3
V2-B-N064-R064-C16-X02,multistart_random_rechecked_deletion_32,0//1,8.288518458,true,experiments/algorithmic_compression_v2/results/raw_runs/V2-B-N064-R064-C16-X02/multistart_random_rechecked_deletion_32__mandatory_only.toml,057bfddb4dbf969a4424fd947e07d35f20a2b02fc7f01c21cfbaa3ebd019ee12
V2-B-N064-R064-C16-X02,random_order_rechecked_deletion,1//1,1.212122334,true,experiments/algorithmic_compression_v2/results/raw_runs/V2-B-N064-R064-C16-X02/random_order_rechecked_deletion__mandatory_only.toml,0205c0e88d8cc0a7de9ea116724715519d96180e9f5fbe0bd13ef7928086c1c7
V2-B-N064-R064-C16-X02,weighted_greedy,0//1,0.629902875,true,experiments/algorithmic_compression_v2/results/raw_runs/V2-B-N064-R064-C16-X02/weighted_greedy__mandatory_only.toml,84bcfa2de01f3cfe09a085c9ef4d1b9f6b55ee1d7b9276b4e1a9640cfa7a2efc
V2-B-N064-R064-C16-X02,weighted_greedy_reverse_delete,0//1,0.668306458,true,experiments/algorithmic_compression_v2/results/raw_runs/V2-B-N064-R064-C16-X02/weighted_greedy_reverse_delete__mandatory_only.toml,54db7f12b75e3d39170a5b545429d8b54c03b397dc31295bb5a9608afc6e667b
V2-B-N192-R032-C01-X01,cardinality_greedy,1//1,0.894986417,true,experiments/algorithmic_compression_v2/results/raw_runs/V2-B-N192-R032-C01-X01/cardinality_greedy__mandatory_only.toml,c6def0d752144d99984b541bdb4117bb4e50d77717d6aef45576cf63389ba4ac
V2-B-N192-R032-C01-X01,declared_source_order,1//1,3.926997917,true,experiments/algorithmic_compression_v2/results/raw_runs/V2-B-N192-R032-C01-X01/declared_source_order__mandatory_only.toml,2e2b19fd40ab252274d643895fcf89d83ea44369c491dbb6c3baf4e980f91f8e
V2-B-N192-R032-C01-X01,heaviest_safe_first,1//3,4.142932041,true,experiments/algorithmic_compression_v2/results/raw_runs/V2-B-N192-R032-C01-X01/heaviest_safe_first__mandatory_only.toml,f3fa4a642edbec0afdd51327d7631a4b1e9aa37004c16a33302b83a640774d6a
V2-B-N192-R032-C01-X01,lightest_safe_first,2//1,3.002678917,true,experiments/algorithmic_compression_v2/results/raw_runs/V2-B-N192-R032-C01-X01/lightest_safe_first__mandatory_only.toml,ea6c0704f7502c9b48eb593f2276c75112dc683a59f19a8c78dbf08ef985bcc3
V2-B-N192-R032-C01-X01,maximum_immediate_burden_release,1//3,4.524951333,true,experiments/algorithmic_compression_v2/results/raw_runs/V2-B-N192-R032-C01-X01/maximum_immediate_burden_release__mandatory_only.toml,5d56780434cf41bd7dd66f6c230c921d5134b67f0a0f5783834d5a2f143490aa
V2-B-N192-R032-C01-X01,minimum_unique_carrier_exposure,0//1,4.740822667,true,experiments/algorithmic_compression_v2/results/raw_runs/V2-B-N192-R032-C01-X01/minimum_unique_carrier_exposure__mandatory_only.toml,b148b27c81c06eefc1d4886c3ed18d07e57e340854a0bc1b93e748394a68e63e
V2-B-N192-R032-C01-X01,random_order_rechecked_deletion,1//3,3.758580625,true,experiments/algorithmic_compression_v2/results/raw_runs/V2-B-N192-R032-C01-X01/random_order_rechecked_deletion__mandatory_only.toml,bb9d31c7daf26142699ec76c961e623664bc16e2a05c81f949ef666e5769cb73
V2-B-N192-R032-C01-X01,weighted_greedy,0//1,0.495238625,true,experiments/algorithmic_compression_v2/results/raw_runs/V2-B-N192-R032-C01-X01/weighted_greedy__mandatory_only.toml,aacc3a112f9d4d74e12574586dee96fb0bca09b3d9a348d0464a404279d08d20
V2-B-N192-R032-C01-X01,weighted_greedy_reverse_delete,0//1,0.700117042,true,experiments/algorithmic_compression_v2/results/raw_runs/V2-B-N192-R032-C01-X01/weighted_greedy_reverse_delete__mandatory_only.toml,b267e0d7ccc097efa09b04a184c9cabc84bea126bfd80320f0197add97f1935c
V2-B-N192-R032-C01-X02,cardinality_greedy,1//1,0.628433583,true,experiments/algorithmic_compression_v2/results/raw_runs/V2-B-N192-R032-C01-X02/cardinality_greedy__mandatory_only.toml,33b3b3ecc0f30f973a54965b844a1b48c760c15a57e57dbac1fcc45be1a95d65
V2-B-N192-R032-C01-X02,declared_source_order,1//2,2.963784667,true,experiments/algorithmic_compression_v2/results/raw_runs/V2-B-N192-R032-C01-X02/declared_source_order__mandatory_only.toml,405f5b91a9abc2a1cd8cf287bfb3d833e9a6915572952d1135a9897d75290c8f
V2-B-N192-R032-C01-X02,heaviest_safe_first,1//2,3.253744292,true,experiments/algorithmic_compression_v2/results/raw_runs/V2-B-N192-R032-C01-X02/heaviest_safe_first__mandatory_only.toml,6f9c486837b0f50b9173d881edfb4632c74cdb55cbae0ba346a7dcf8498860b1
V2-B-N192-R032-C01-X02,lightest_safe_first,5//1,3.832725792,true,experiments/algorithmic_compression_v2/results/raw_runs/V2-B-N192-R032-C01-X02/lightest_safe_first__mandatory_only.toml,0c248b668131ea09974e7fb2f55513d2d09e23cb8481a7c89192dbab1ca29da3
V2-B-N192-R032-C01-X02,maximum_immediate_burden_release,1//2,3.306669625,true,experiments/algorithmic_compression_v2/results/raw_runs/V2-B-N192-R032-C01-X02/maximum_immediate_burden_release__mandatory_only.toml,85580903231e1a20e87917ae1003a08d0c88104fd345ec4c778ce08dfae0a362
V2-B-N192-R032-C01-X02,minimum_unique_carrier_exposure,1//2,3.380806584,true,experiments/algorithmic_compression_v2/results/raw_runs/V2-B-N192-R032-C01-X02/minimum_unique_carrier_exposure__mandatory_only.toml,358ff37b8bf7b6bd321b00c7f0e464bb1a84f1774d4f02ae4716842fa5db850d
V2-B-N192-R032-C01-X02,random_order_rechecked_deletion,5//2,3.664157792,true,experiments/algorithmic_compression_v2/results/raw_runs/V2-B-N192-R032-C01-X02/random_order_rechecked_deletion__mandatory_only.toml,c2a3acf95a46ff06d72a7b73351e2ff87f5f532f0222f5b7c1578955bf241de2
V2-B-N192-R032-C01-X02,weighted_greedy,0//1,0.630738542,true,experiments/algorithmic_compression_v2/results/raw_runs/V2-B-N192-R032-C01-X02/weighted_greedy__mandatory_only.toml,80c789ed9ff58d9a315e226a051548c2e279f3c4450c2d151fd7b198e19249bd
V2-B-N192-R032-C01-X02,weighted_greedy_reverse_delete,0//1,0.859588458,true,experiments/algorithmic_compression_v2/results/raw_runs/V2-B-N192-R032-C01-X02/weighted_greedy_reverse_delete__mandatory_only.toml,c80f27d29d7ff6490b556a9dd2bf796839a271eb4d21ac12295b31fd9aea6957
V2-B-N192-R032-C02-X01,cardinality_greedy,7//31,0.700344,true,experiments/algorithmic_compression_v2/results/raw_runs/V2-B-N192-R032-C02-X01/cardinality_greedy__mandatory_only.toml,0f67fb8b03c45875fb819b04756e7e73c587cd671f951127c5f43f4af83c4267
V2-B-N192-R032-C02-X01,declared_source_order,0//1,4.49352225,true,experiments/algorithmic_compression_v2/results/raw_runs/V2-B-N192-R032-C02-X01/declared_source_order__mandatory_only.toml,587e4be71f58f5a26409cb1b11f225cf14e2635f4efcb7359a7bf55cf981a2b5
V2-B-N192-R032-C02-X01,heaviest_safe_first,0//1,3.594016625,true,experiments/algorithmic_compression_v2/results/raw_runs/V2-B-N192-R032-C02-X01/heaviest_safe_first__mandatory_only.toml,fc3565c26e551ce150555e45b029b5f8be59e833ff94dc6dacea031f974b3d75
V2-B-N192-R032-C02-X01,lightest_safe_first,15//31,4.345165542,true,experiments/algorithmic_compression_v2/results/raw_runs/V2-B-N192-R032-C02-X01/lightest_safe_first__mandatory_only.toml,c9d0866934c73f190233ded2620f4fc57ba09cd5854f86b5c1b7f2b50d779bdd
V2-B-N192-R032-C02-X01,maximum_immediate_burden_release,0//1,4.830802541,true,experiments/algorithmic_compression_v2/results/raw_runs/V2-B-N192-R032-C02-X01/maximum_immediate_burden_release__mandatory_only.toml,7c1bded5ffbe8c81be43fce400767d2715f2267be7fd412757bc1fdc07c56414
V2-B-N192-R032-C02-X01,minimum_unique_carrier_exposure,0//1,4.306004708,true,experiments/algorithmic_compression_v2/results/raw_runs/V2-B-N192-R032-C02-X01/minimum_unique_carrier_exposure__mandatory_only.toml,fcda94f1c9459048323497dc579eeb9a3356d026ae4364dbdfcda969f13e029c
V2-B-N192-R032-C02-X01,multistart_random_rechecked_deletion_32,0//1,122.966945041,true,experiments/algorithmic_compression_v2/results/raw_runs/V2-B-N192-R032-C02-X01/multistart_random_rechecked_deletion_32__mandatory_only.toml,fbd326a1117e24c41968497f4d123b7daf0f850444912daddff55082575e43b1
V2-B-N192-R032-C02-X01,random_order_rechecked_deletion,15//31,4.962098333,true,experiments/algorithmic_compression_v2/results/raw_runs/V2-B-N192-R032-C02-X01/random_order_rechecked_deletion__mandatory_only.toml,0c1564e2be4e904d16d9fc944a54ad9fe6b9e9bd72af7c3023855a2f6a771343
V2-B-N192-R032-C02-X01,weighted_greedy,1//31,0.593175708,true,experiments/algorithmic_compression_v2/results/raw_runs/V2-B-N192-R032-C02-X01/weighted_greedy__mandatory_only.toml,18b62ed97f95e2bddf95d0f5d6d8de9a4abed82866009f691a1218ed19d4cb65
V2-B-N192-R032-C02-X01,weighted_greedy_reverse_delete,0//1,0.771693666,true,experiments/algorithmic_compression_v2/results/raw_runs/V2-B-N192-R032-C02-X01/weighted_greedy_reverse_delete__mandatory_only.toml,fc3ade9090ba1f27b4b25fb7f7ac2bcb800d584cf2342daf0f7ad11001bf8cb0
V2-B-N192-R032-C02-X02,cardinality_greedy,17//29,0.672530417,true,experiments/algorithmic_compression_v2/results/raw_runs/V2-B-N192-R032-C02-X02/cardinality_greedy__mandatory_only.toml,53c0dfa2661f238a5880d4cab8a033ca0cf18f0f3d11d08a1d7c188c58ac2389
V2-B-N192-R032-C02-X02,declared_source_order,0//1,4.71916675,true,experiments/algorithmic_compression_v2/results/raw_runs/V2-B-N192-R032-C02-X02/declared_source_order__mandatory_only.toml,3c5db3e15f6267f05b1d9c3faaea6f9ef9a0a0dbd6c733d1d135967805be3bc8
V2-B-N192-R032-C02-X02,heaviest_safe_first,0//1,4.833324125,true,experiments/algorithmic_compression_v2/results/raw_runs/V2-B-N192-R032-C02-X02/heaviest_safe_first__mandatory_only.toml,ac83276674f787069aae2d1e28a5b6d3d412d4cbbf321a0fd976c31b8914dea8
V2-B-N192-R032-C02-X02,lightest_safe_first,15//29,4.302927167,true,experiments/algorithmic_compression_v2/results/raw_runs/V2-B-N192-R032-C02-X02/lightest_safe_first__mandatory_only.toml,8ceecb000728a79e1fd5879aed95c7f191e113c76f1c412f686bde9898865f3d
V2-B-N192-R032-C02-X02,maximum_immediate_burden_release,0//1,5.981820083,true,experiments/algorithmic_compression_v2/results/raw_runs/V2-B-N192-R032-C02-X02/maximum_immediate_burden_release__mandatory_only.toml,217683f69f2f29314af4dc97233216af3427852b3471f561e1930b5432abd8ff
V2-B-N192-R032-C02-X02,minimum_unique_carrier_exposure,0//1,3.318742834,true,experiments/algorithmic_compression_v2/results/raw_runs/V2-B-N192-R032-C02-X02/minimum_unique_carrier_exposure__mandatory_only.toml,86fa18fb04983ab02fda2ab7e6aaa367c30a93265effc69b83102ef169f60949
V2-B-N192-R032-C02-X02,multistart_random_rechecked_deletion_32,0//1,119.393756792,true,experiments/algorithmic_compression_v2/results/raw_runs/V2-B-N192-R032-C02-X02/multistart_random_rechecked_deletion_32__mandatory_only.toml,6b78d870c23d1a6a7911a9a916fd5ebf9a87bb75779efce5e68207159d31ad02
V2-B-N192-R032-C02-X02,random_order_rechecked_deletion,1//29,3.656931541,true,experiments/algorithmic_compression_v2/results/raw_runs/V2-B-N192-R032-C02-X02/random_order_rechecked_deletion__mandatory_only.toml,4ef378f476b74f327842565bb354609593b1b5be9717e9c070732badadd88c40
V2-B-N192-R032-C02-X02,weighted_greedy,1//29,0.789358333,true,experiments/algorithmic_compression_v2/results/raw_runs/V2-B-N192-R032-C02-X02/weighted_greedy__mandatory_only.toml,ec5de4b945a53666f940d6238ea9d0020e52ed4db1ac13f6c9059310962c9dd8
V2-B-N192-R032-C02-X02,weighted_greedy_reverse_delete,0//1,0.656751333,true,experiments/algorithmic_compression_v2/results/raw_runs/V2-B-N192-R032-C02-X02/weighted_greedy_reverse_delete__mandatory_only.toml,24ecce74ca864cce065dcccfea03266b6f3b9e87f9dada39b6d6f2bb6ef3f5a8
V2-B-N192-R032-C03-X01,cardinality_greedy,1//5,1.093383292,true,experiments/algorithmic_compression_v2/results/raw_runs/V2-B-N192-R032-C03-X01/cardinality_greedy__mandatory_only.toml,f781700018dac6fa759c85f9d4e353aef329361b2cc8ee7dae088ccb79c443c3
V2-B-N192-R032-C03-X01,declared_source_order,1//10,5.382854959,true,experiments/algorithmic_compression_v2/results/raw_runs/V2-B-N192-R032-C03-X01/declared_source_order__mandatory_only.toml,a0a9ca544c0e3936cd2fd75b6c850464be6ed66bd2eeea9b1deffff80fbeab57
V2-B-N192-R032-C03-X01,heaviest_safe_first,0//1,4.243959334,true,experiments/algorithmic_compression_v2/results/raw_runs/V2-B-N192-R032-C03-X01/heaviest_safe_first__mandatory_only.toml,951268a31789091054ac3cfad57670c0c7473070af08e809c2d952ce1a19a5c8
V2-B-N192-R032-C03-X01,lightest_safe_first,1//5,6.276773667,true,experiments/algorithmic_compression_v2/results/raw_runs/V2-B-N192-R032-C03-X01/lightest_safe_first__mandatory_only.toml,4c1dd6e7dd12fa661a89227cbab6711c258a403267d58421677c6b46c7b6ecb8
V2-B-N192-R032-C03-X01,maximum_immediate_burden_release,0//1,5.743929584,true,experiments/algorithmic_compression_v2/results/raw_runs/V2-B-N192-R032-C03-X01/maximum_immediate_burden_release__mandatory_only.toml,ffc67b2c793d513d791316a70460662a9ad1f289efd86a789f8eb222bfc39172
V2-B-N192-R032-C03-X01,minimum_unique_carrier_exposure,0//1,6.107484708,true,experiments/algorithmic_compression_v2/results/raw_runs/V2-B-N192-R032-C03-X01/minimum_unique_carrier_exposure__mandatory_only.toml,b30d682d477bcb02d0daebd71536bbdb3713b5dfceb25c481652ba55134509a4
V2-B-N192-R032-C03-X01,random_order_rechecked_deletion,1//5,5.998173625,true,experiments/algorithmic_compression_v2/results/raw_runs/V2-B-N192-R032-C03-X01/random_order_rechecked_deletion__mandatory_only.toml,e2699d10f8f16daa0b8d72c5f20624d44acb24dfa55077f8d248b57e84769c23
V2-B-N192-R032-C03-X01,weighted_greedy,1//10,0.58015175,true,experiments/algorithmic_compression_v2/results/raw_runs/V2-B-N192-R032-C03-X01/weighted_greedy__mandatory_only.toml,92f1f678d84ae211125cf0fac8b001f9f1bcb7b7c1269838233b1da072b15771
V2-B-N192-R032-C03-X01,weighted_greedy_reverse_delete,0//1,1.193472041,true,experiments/algorithmic_compression_v2/results/raw_runs/V2-B-N192-R032-C03-X01/weighted_greedy_reverse_delete__mandatory_only.toml,1618e4592ac88066fdf72d93a57772cc2457430eecbdb85dfb9338b1b8b4b563
V2-B-N192-R032-C03-X02,cardinality_greedy,3//5,0.834149209,true,experiments/algorithmic_compression_v2/results/raw_runs/V2-B-N192-R032-C03-X02/cardinality_greedy__mandatory_only.toml,bca7ba92755378fb556f8a5a6d74b9b7b2b00aebaab5b583ab9ce2cf9af01d69
V2-B-N192-R032-C03-X02,declared_source_order,0//1,6.712392583,true,experiments/algorithmic_compression_v2/results/raw_runs/V2-B-N192-R032-C03-X02/declared_source_order__mandatory_only.toml,2246d9f6c5031bbd206d90f7bca3b7013b4a59781f2a1980bbb78e7d125876fa
V2-B-N192-R032-C03-X02,heaviest_safe_first,0//1,5.393193458,true,experiments/algorithmic_compression_v2/results/raw_runs/V2-B-N192-R032-C03-X02/heaviest_safe_first__mandatory_only.toml,0977722af0fbc21b1a49780c4804062a45a7385000301a3f5dcc88b485584d35
V2-B-N192-R032-C03-X02,lightest_safe_first,0//1,4.303003625,true,experiments/algorithmic_compression_v2/results/raw_runs/V2-B-N192-R032-C03-X02/lightest_safe_first__mandatory_only.toml,6d1cdfa6c122d1d241e2d29275aa7c4d43cb14812d098c4846331ec683686048
V2-B-N192-R032-C03-X02,maximum_immediate_burden_release,0//1,5.301575333,true,experiments/algorithmic_compression_v2/results/raw_runs/V2-B-N192-R032-C03-X02/maximum_immediate_burden_release__mandatory_only.toml,b7f28ec437dd0caf35b959d879012d62a88458c39becf2de3e8097672ec09c69
V2-B-N192-R032-C03-X02,minimum_unique_carrier_exposure,0//1,3.816727834,true,experiments/algorithmic_compression_v2/results/raw_runs/V2-B-N192-R032-C03-X02/minimum_unique_carrier_exposure__mandatory_only.toml,f3b5ce374a2c84b8d8658096657e46c8b2f9ffe726cb5639141ed698677b8307
V2-B-N192-R032-C03-X02,random_order_rechecked_deletion,0//1,5.9734665,true,experiments/algorithmic_compression_v2/results/raw_runs/V2-B-N192-R032-C03-X02/random_order_rechecked_deletion__mandatory_only.toml,82de2b2423ccec269365c9d617cc6d4e75ac7e55073cd39e71f820c092f18872
V2-B-N192-R032-C03-X02,weighted_greedy,1//5,1.13131825,true,experiments/algorithmic_compression_v2/results/raw_runs/V2-B-N192-R032-C03-X02/weighted_greedy__mandatory_only.toml,9d4a5a3b2d8069f59b5350f7e1da045eb7d495a5f7aef0537662f8f7323d46f3
V2-B-N192-R032-C03-X02,weighted_greedy_reverse_delete,0//1,0.51558975,true,experiments/algorithmic_compression_v2/results/raw_runs/V2-B-N192-R032-C03-X02/weighted_greedy_reverse_delete__mandatory_only.toml,04cce6d5222094b7ec52a171522f9ffd474de69975953b9491c13f8e58b9c212
V2-B-N192-R032-C04-X01,cardinality_greedy,2//1,0.108183917,true,experiments/algorithmic_compression_v2/results/raw_runs/V2-B-N192-R032-C04-X01/cardinality_greedy__mandatory_only.toml,f3e3ac78851ca91a80538e0a7c5e740aa7d88a99f885a8718a796d3afb42b8f9
V2-B-N192-R032-C04-X01,declared_source_order,19//2,3.497335583,true,experiments/algorithmic_compression_v2/results/raw_runs/V2-B-N192-R032-C04-X01/declared_source_order__mandatory_only.toml,16ecd6f804b1bfa90ccb7c5221a44c7d41210c20c54b6926b79b55ed09502df4
V2-B-N192-R032-C04-X01,heaviest_safe_first,0//1,5.45818725,true,experiments/algorithmic_compression_v2/results/raw_runs/V2-B-N192-R032-C04-X01/heaviest_safe_first__mandatory_only.toml,bb8e926685f77f711b88b9b86050a49631a8a23ab050473d39437750ec49b619
V2-B-N192-R032-C04-X01,lightest_safe_first,15//1,4.305755542,true,experiments/algorithmic_compression_v2/results/raw_runs/V2-B-N192-R032-C04-X01/lightest_safe_first__mandatory_only.toml,223f1617323d1b425853387ef31cb80fae1ac6682f8e78b6edbd1528e4e73681
V2-B-N192-R032-C04-X01,maximum_immediate_burden_release,0//1,5.138510417,true,experiments/algorithmic_compression_v2/results/raw_runs/V2-B-N192-R032-C04-X01/maximum_immediate_burden_release__mandatory_only.toml,33b398bc2eedff61203cfba2366b102fe7eff280488465d4dbf23a2c4ab97545
V2-B-N192-R032-C04-X01,minimum_unique_carrier_exposure,0//1,5.21054425,true,experiments/algorithmic_compression_v2/results/raw_runs/V2-B-N192-R032-C04-X01/minimum_unique_carrier_exposure__mandatory_only.toml,82c97eacdffbb99ca5b5badcdf7b88fbc1d411d6bf6c6bbf9f8c58f92ca4eb8d
V2-B-N192-R032-C04-X01,multistart_random_rechecked_deletion_32,1//2,138.579818125,true,experiments/algorithmic_compression_v2/results/raw_runs/V2-B-N192-R032-C04-X01/multistart_random_rechecked_deletion_32__mandatory_only.toml,c094c1793546ed624e6e1580f251f9d13590ca426f68e3961b2c3b8075dbbd2b
V2-B-N192-R032-C04-X01,random_order_rechecked_deletion,15//1,5.39672925,true,experiments/algorithmic_compression_v2/results/raw_runs/V2-B-N192-R032-C04-X01/random_order_rechecked_deletion__mandatory_only.toml,976c4f610e557d0de4fd15127b9b7d258f5d67eae60414ae8495368e795611b3
V2-B-N192-R032-C04-X01,weighted_greedy,0//1,0.502521708,true,experiments/algorithmic_compression_v2/results/raw_runs/V2-B-N192-R032-C04-X01/weighted_greedy__mandatory_only.toml,52c77db19f4f3f5115a965844a2c49b54dc8feb50088a974d7715c8d44c5dbee
V2-B-N192-R032-C04-X01,weighted_greedy_reverse_delete,0//1,0.584275666,true,experiments/algorithmic_compression_v2/results/raw_runs/V2-B-N192-R032-C04-X01/weighted_greedy_reverse_delete__mandatory_only.toml,12cfa8a5275220bdbae39774b8df9aa40ce3434f8554a9b987153f14d6ac319c
V2-B-N192-R032-C04-X02,cardinality_greedy,3//1,0.997037917,true,experiments/algorithmic_compression_v2/results/raw_runs/V2-B-N192-R032-C04-X02/cardinality_greedy__mandatory_only.toml,ded10e6135e0a341bcb7066545b2aeb16d0d0c8f75dbb105951d73e322c87d4c
V2-B-N192-R032-C04-X02,declared_source_order,5//1,4.637627083,true,experiments/algorithmic_compression_v2/results/raw_runs/V2-B-N192-R032-C04-X02/declared_source_order__mandatory_only.toml,f917d0bf9b121469dd8e99dd199ca207596ef93802101e4cb9d8f9533336b40a
V2-B-N192-R032-C04-X02,heaviest_safe_first,0//1,3.627595083,true,experiments/algorithmic_compression_v2/results/raw_runs/V2-B-N192-R032-C04-X02/heaviest_safe_first__mandatory_only.toml,5dc63fbce5e7a36a96836bcf60a3ced4bdf502bdabf25fa181b68dfe7f382ee8
V2-B-N192-R032-C04-X02,lightest_safe_first,11//1,5.425263625,true,experiments/algorithmic_compression_v2/results/raw_runs/V2-B-N192-R032-C04-X02/lightest_safe_first__mandatory_only.toml,211b817b6e98b2c5b257411cd5e47f3bcd9f8cae18ac9d96db0196dd50de623e
V2-B-N192-R032-C04-X02,maximum_immediate_burden_release,0//1,4.996348833,true,experiments/algorithmic_compression_v2/results/raw_runs/V2-B-N192-R032-C04-X02/maximum_immediate_burden_release__mandatory_only.toml,8e28c04dc1be549d429566be279356efde203bc76e1e790476e43849343808be
V2-B-N192-R032-C04-X02,minimum_unique_carrier_exposure,0//1,4.84203375,true,experiments/algorithmic_compression_v2/results/raw_runs/V2-B-N192-R032-C04-X02/minimum_unique_carrier_exposure__mandatory_only.toml,668d0be009fea3f2d923a29dd62d0b10f709cdc32468fe523a78e998303f6d2f
V2-B-N192-R032-C04-X02,multistart_random_rechecked_deletion_32,1//2,145.548365167,true,experiments/algorithmic_compression_v2/results/raw_runs/V2-B-N192-R032-C04-X02/multistart_random_rechecked_deletion_32__mandatory_only.toml,6adb9e3648c8134b4e62daf336b62058c30ca28de018c49fff1f11d1db61a350
V2-B-N192-R032-C04-X02,random_order_rechecked_deletion,2//1,4.099097792,true,experiments/algorithmic_compression_v2/results/raw_runs/V2-B-N192-R032-C04-X02/random_order_rechecked_deletion__mandatory_only.toml,031ba1340687ca43228e3fc637e36dbd3dd29f156d57ddcd92946da44097fba1
V2-B-N192-R032-C04-X02,weighted_greedy,0//1,0.367832625,true,experiments/algorithmic_compression_v2/results/raw_runs/V2-B-N192-R032-C04-X02/weighted_greedy__mandatory_only.toml,5a6460712d37ea63b7a26a3490511a32f91fa5a87abbe4cbb040fba66c15cc65
V2-B-N192-R032-C04-X02,weighted_greedy_reverse_delete,0//1,0.792977625,true,experiments/algorithmic_compression_v2/results/raw_runs/V2-B-N192-R032-C04-X02/weighted_greedy_reverse_delete__mandatory_only.toml,7dbe697ba895ee67bbbd02b85214aab63f5a29401e00a06c6ca0862a83a29b0d
V2-B-N192-R032-C05-X01,cardinality_greedy,3//1,0.438792583,true,experiments/algorithmic_compression_v2/results/raw_runs/V2-B-N192-R032-C05-X01/cardinality_greedy__mandatory_only.toml,0f9500de41c93178d5ed270ebc8284555255d29fbf63e988d05ccee3be8365f7
V2-B-N192-R032-C05-X01,declared_source_order,25//3,4.279828916,true,experiments/algorithmic_compression_v2/results/raw_runs/V2-B-N192-R032-C05-X01/declared_source_order__mandatory_only.toml,77a49c6c56c18374f92dd9c573f511a954b245b50c9ac54236d433f5b90955d5
V2-B-N192-R032-C05-X01,heaviest_safe_first,0//1,3.510553334,true,experiments/algorithmic_compression_v2/results/raw_runs/V2-B-N192-R032-C05-X01/heaviest_safe_first__mandatory_only.toml,075fb87381267a21bf17e04068f58b94b1f861ede375f9ebba06cd03e9cc6fc4
V2-B-N192-R032-C05-X01,lightest_safe_first,15//1,3.820875583,true,experiments/algorithmic_compression_v2/results/raw_runs/V2-B-N192-R032-C05-X01/lightest_safe_first__mandatory_only.toml,d236ca7d2e6a5ccd84cfc03f5ef48a72f7c2c30dc73ffd8dd7aff219d0f5a222
V2-B-N192-R032-C05-X01,maximum_immediate_burden_release,0//1,4.385960375,true,experiments/algorithmic_compression_v2/results/raw_runs/V2-B-N192-R032-C05-X01/maximum_immediate_burden_release__mandatory_only.toml,1924e3dc24180b7b9bd4f10853fc9ad5f016a247ed9ab7eba08ff757228c8c73
V2-B-N192-R032-C05-X01,minimum_unique_carrier_exposure,0//1,4.54681475,true,experiments/algorithmic_compression_v2/results/raw_runs/V2-B-N192-R032-C05-X01/minimum_unique_carrier_exposure__mandatory_only.toml,cec2f981023e71cdf05c5474193f7406c2597b218c11044ba4a72ca02dec09c5
V2-B-N192-R032-C05-X01,multistart_random_rechecked_deletion_32,2//3,128.239096542,true,experiments/algorithmic_compression_v2/results/raw_runs/V2-B-N192-R032-C05-X01/multistart_random_rechecked_deletion_32__mandatory_only.toml,940046d8514b35ea4dba9693d3ab8c2167e1b73e099b81498f2d64511a2ced1c
V2-B-N192-R032-C05-X01,random_order_rechecked_deletion,7//3,3.555767875,true,experiments/algorithmic_compression_v2/results/raw_runs/V2-B-N192-R032-C05-X01/random_order_rechecked_deletion__mandatory_only.toml,7f596dd42e94fc6cdf7372488e8ca330d18a5c4d0d10afe60bf5f541b541aa67
V2-B-N192-R032-C05-X01,weighted_greedy,0//1,0.443211708,true,experiments/algorithmic_compression_v2/results/raw_runs/V2-B-N192-R032-C05-X01/weighted_greedy__mandatory_only.toml,6c6a5f2f64dfc96f67be8a373449bfe97bc82f59130322273bc239c6b652371d
V2-B-N192-R032-C05-X01,weighted_greedy_reverse_delete,0//1,0.666584334,true,experiments/algorithmic_compression_v2/results/raw_runs/V2-B-N192-R032-C05-X01/weighted_greedy_reverse_delete__mandatory_only.toml,4fde0d25524c1b1dbf7536c3c236ce619e4a0addef3d9e278a1bef3485df1657
V2-B-N192-R032-C06-X01,cardinality_greedy,3//7,0.481265167,true,experiments/algorithmic_compression_v2/results/raw_runs/V2-B-N192-R032-C06-X01/cardinality_greedy__mandatory_only.toml,707b7bdaaba7b9e2bbd7890eca7bc7625668943ef3405e6663125285dcfec54f
V2-B-N192-R032-C06-X01,declared_source_order,1//7,4.167378541,true,experiments/algorithmic_compression_v2/results/raw_runs/V2-B-N192-R032-C06-X01/declared_source_order__mandatory_only.toml,08d0621ece0dcc3af0bc0b468965c8ca15e1f1c348b9785140705972eb49e2b6
V2-B-N192-R032-C06-X01,heaviest_safe_first,0//1,4.554611291,true,experiments/algorithmic_compression_v2/results/raw_runs/V2-B-N192-R032-C06-X01/heaviest_safe_first__mandatory_only.toml,e9392d78f025922d4ee5c87116b6dacdbac169175e66ae9e9c9fd44465505fe3
V2-B-N192-R032-C06-X01,lightest_safe_first,2//7,4.122027458,true,experiments/algorithmic_compression_v2/results/raw_runs/V2-B-N192-R032-C06-X01/lightest_safe_first__mandatory_only.toml,48f1f1aeb402211e7a8d7491457a89a3cc0d559c5dc358961ac7dbd7b33db5b4
V2-B-N192-R032-C06-X01,maximum_immediate_burden_release,0//1,3.596069,true,experiments/algorithmic_compression_v2/results/raw_runs/V2-B-N192-R032-C06-X01/maximum_immediate_burden_release__mandatory_only.toml,53b6a1b5916dd94714699936981b4777576b959d649a8801560dbc202827710d
V2-B-N192-R032-C06-X01,minimum_unique_carrier_exposure,0//1,5.256391208,true,experiments/algorithmic_compression_v2/results/raw_runs/V2-B-N192-R032-C06-X01/minimum_unique_carrier_exposure__mandatory_only.toml,caa5965cc99479a6c7d582a71e8a63109f5905faacd05d45f7decdfe4bcc201c
V2-B-N192-R032-C06-X01,random_order_rechecked_deletion,1//7,3.898536041,true,experiments/algorithmic_compression_v2/results/raw_runs/V2-B-N192-R032-C06-X01/random_order_rechecked_deletion__mandatory_only.toml,25a1b7fb89d841bb39a8cdb829e59e6305cb10c5eb31c2c5938121e87137a9f0
V2-B-N192-R032-C06-X01,weighted_greedy,0//1,0.705271042,true,experiments/algorithmic_compression_v2/results/raw_runs/V2-B-N192-R032-C06-X01/weighted_greedy__mandatory_only.toml,9c72f0ea3087f69e4f0681b53d0854f665cf32fb35c7753344e86301f7ddc3ad
V2-B-N192-R032-C06-X01,weighted_greedy_reverse_delete,0//1,1.018727209,true,experiments/algorithmic_compression_v2/results/raw_runs/V2-B-N192-R032-C06-X01/weighted_greedy_reverse_delete__mandatory_only.toml,a234381c3b615427387a5dd754afb7412cd5dd29de46f6946eecb6f6ef39e8cb
V2-B-N192-R032-C06-X02,cardinality_greedy,3//10,0.712260042,true,experiments/algorithmic_compression_v2/results/raw_runs/V2-B-N192-R032-C06-X02/cardinality_greedy__mandatory_only.toml,5e90a0989a65b91bb575c5c565990e62f40f803a46b1fe6ada2d09162e6e0c46
V2-B-N192-R032-C06-X02,declared_source_order,1//5,3.752250834,true,experiments/algorithmic_compression_v2/results/raw_runs/V2-B-N192-R032-C06-X02/declared_source_order__mandatory_only.toml,8161bdca5cb1bc18969b4ab110adc3b89583d1771245579a4e2e9cf6054db6c6
V2-B-N192-R032-C06-X02,heaviest_safe_first,1//10,4.434959375,true,experiments/algorithmic_compression_v2/results/raw_runs/V2-B-N192-R032-C06-X02/heaviest_safe_first__mandatory_only.toml,2adebefaa4acdc2647ad0baed5f8ffedcc55a8150b267111be7fd3470d17cf49
V2-B-N192-R032-C06-X02,lightest_safe_first,1//5,3.933524291,true,experiments/algorithmic_compression_v2/results/raw_runs/V2-B-N192-R032-C06-X02/lightest_safe_first__mandatory_only.toml,fbc95470c8dfa24c9e4dabe008ec166ffa6fdbd3f6ffa03cb64240ce1d854c5b
V2-B-N192-R032-C06-X02,maximum_immediate_burden_release,1//10,4.875982,true,experiments/algorithmic_compression_v2/results/raw_runs/V2-B-N192-R032-C06-X02/maximum_immediate_burden_release__mandatory_only.toml,2d225489a6ee4b1ca68e61c8b2e26500345dbbf70bc1fef984378cf9af45324e
V2-B-N192-R032-C06-X02,minimum_unique_carrier_exposure,0//1,3.271006834,true,experiments/algorithmic_compression_v2/results/raw_runs/V2-B-N192-R032-C06-X02/minimum_unique_carrier_exposure__mandatory_only.toml,60f80df4d0bc58e09e4e93e71eb57231676d5820e16b97345e268ca444fe83da
V2-B-N192-R032-C06-X02,random_order_rechecked_deletion,1//5,4.001503042,true,experiments/algorithmic_compression_v2/results/raw_runs/V2-B-N192-R032-C06-X02/random_order_rechecked_deletion__mandatory_only.toml,2516d9bd81bac337e6625ea5ce91d2168dbaa4f7cc7995cb41426dbb26b5e0eb
V2-B-N192-R032-C06-X02,weighted_greedy,1//10,0.577992208,true,experiments/algorithmic_compression_v2/results/raw_runs/V2-B-N192-R032-C06-X02/weighted_greedy__mandatory_only.toml,84fe01f1a73e69596ea8bb784c41f50781b0597ee9807d782a0251352eab56b1
V2-B-N192-R032-C06-X02,weighted_greedy_reverse_delete,0//1,0.583670709,true,experiments/algorithmic_compression_v2/results/raw_runs/V2-B-N192-R032-C06-X02/weighted_greedy_reverse_delete__mandatory_only.toml,8636f18357ae68d2602c8cd79be7996573ff8b2f0c6ac10be4d52e526120953e
V2-B-N192-R032-C07-X01,cardinality_greedy,1//35,0.382057375,true,experiments/algorithmic_compression_v2/results/raw_runs/V2-B-N192-R032-C07-X01/cardinality_greedy__mandatory_only.toml,a887ffc908235fa871e4926409a01d849895fd1a67b1243946d6644adf3ffc7b
V2-B-N192-R032-C07-X01,declared_source_order,1//35,5.307761625,true,experiments/algorithmic_compression_v2/results/raw_runs/V2-B-N192-R032-C07-X01/declared_source_order__mandatory_only.toml,bc67233029d831e88236c556f09a5abd926a336b66c6ba0800d51df2f4e33179
V2-B-N192-R032-C07-X01,heaviest_safe_first,0//1,5.443707916,true,experiments/algorithmic_compression_v2/results/raw_runs/V2-B-N192-R032-C07-X01/heaviest_safe_first__mandatory_only.toml,a1e8902ba3aae5d6d34e504c66d7468045413a7de9c49c778044add30448f2d4
V2-B-N192-R032-C07-X01,lightest_safe_first,31//35,6.636852291,true,experiments/algorithmic_compression_v2/results/raw_runs/V2-B-N192-R032-C07-X01/lightest_safe_first__mandatory_only.toml,cb006a34e7fc89bc9592f30f15d9df4ab921f3be70d4b38ea7f4f3c75ba699b9
V2-B-N192-R032-C07-X01,maximum_immediate_burden_release,0//1,4.9714815,true,experiments/algorithmic_compression_v2/results/raw_runs/V2-B-N192-R032-C07-X01/maximum_immediate_burden_release__mandatory_only.toml,4ff098548f2712f9d52140f82e4a8cc8df26ec0a31ac5b0946901f8fd479643e
V2-B-N192-R032-C07-X01,minimum_unique_carrier_exposure,0//1,4.57695775,true,experiments/algorithmic_compression_v2/results/raw_runs/V2-B-N192-R032-C07-X01/minimum_unique_carrier_exposure__mandatory_only.toml,4ec1034cc1c3869c1d8d38490e90a8ebf122a38e74cbf2a56290f328e2ef202d
V2-B-N192-R032-C07-X01,random_order_rechecked_deletion,1//5,4.630362959,true,experiments/algorithmic_compression_v2/results/raw_runs/V2-B-N192-R032-C07-X01/random_order_rechecked_deletion__mandatory_only.toml,6192f039f55fff9d2be048a5a558e744f6089f8e0254975b65f7a96a01bdf575
V2-B-N192-R032-C07-X01,weighted_greedy,1//35,0.963409709,true,experiments/algorithmic_compression_v2/results/raw_runs/V2-B-N192-R032-C07-X01/weighted_greedy__mandatory_only.toml,08c46501a324ef9841dfe109204374e34679aae525e2f45fb082a3b619b01eee
V2-B-N192-R032-C07-X01,weighted_greedy_reverse_delete,1//35,0.8468165,true,experiments/algorithmic_compression_v2/results/raw_runs/V2-B-N192-R032-C07-X01/weighted_greedy_reverse_delete__mandatory_only.toml,42d67c10b18ef31a834c059e5b213638a8eafbf444a9d9c0b78a43f84164bee2
V2-B-N192-R032-C07-X02,cardinality_greedy,0//1,0.53372425,true,experiments/algorithmic_compression_v2/results/raw_runs/V2-B-N192-R032-C07-X02/cardinality_greedy__mandatory_only.toml,d37f45879dd06e8c489b19e3d68c9d6ba35bbfc9f3d5dfed3ed9662dc6e32ec5
V2-B-N192-R032-C07-X02,declared_source_order,1//6,4.03676875,true,experiments/algorithmic_compression_v2/results/raw_runs/V2-B-N192-R032-C07-X02/declared_source_order__mandatory_only.toml,49a9c7b0cf9ab9a2ba9e821580d4d9125d9e999e4fd17be502cf5820a7b9be0b
V2-B-N192-R032-C07-X02,heaviest_safe_first,0//1,5.617437125,true,experiments/algorithmic_compression_v2/results/raw_runs/V2-B-N192-R032-C07-X02/heaviest_safe_first__mandatory_only.toml,883daae045d711a088d2ac9f0949ce6d11a79538a05472adb3fd52d229d6f991
V2-B-N192-R032-C07-X02,lightest_safe_first,5//6,4.932059625,true,experiments/algorithmic_compression_v2/results/raw_runs/V2-B-N192-R032-C07-X02/lightest_safe_first__mandatory_only.toml,462adecb0cfe125362001b62b7dc8f14923ea75a5dada1f4653f73bb09d4c831
V2-B-N192-R032-C07-X02,maximum_immediate_burden_release,0//1,3.042183375,true,experiments/algorithmic_compression_v2/results/raw_runs/V2-B-N192-R032-C07-X02/maximum_immediate_burden_release__mandatory_only.toml,199ae7d303d31a78d924e868b769e7c49f9979f6fec220337105dddca2409430
V2-B-N192-R032-C07-X02,minimum_unique_carrier_exposure,0//1,3.167358417,true,experiments/algorithmic_compression_v2/results/raw_runs/V2-B-N192-R032-C07-X02/minimum_unique_carrier_exposure__mandatory_only.toml,bae17cca39b9b05db489082a087a283239700f70f568dc4b6da6eeb44314738f
V2-B-N192-R032-C07-X02,random_order_rechecked_deletion,0//1,4.176271625,true,experiments/algorithmic_compression_v2/results/raw_runs/V2-B-N192-R032-C07-X02/random_order_rechecked_deletion__mandatory_only.toml,ece7ba2ed6eb8bb20498ea377dd50deffc8bdd007b3a30c9edad0692ad39f9b2
V2-B-N192-R032-C07-X02,weighted_greedy,0//1,0.618415125,true,experiments/algorithmic_compression_v2/results/raw_runs/V2-B-N192-R032-C07-X02/weighted_greedy__mandatory_only.toml,f18b8bb42f53e9d1927e245db30de08b7750d3e897688a81489f3a1e6863dc8c
V2-B-N192-R032-C07-X02,weighted_greedy_reverse_delete,0//1,0.483455541,true,experiments/algorithmic_compression_v2/results/raw_runs/V2-B-N192-R032-C07-X02/weighted_greedy_reverse_delete__mandatory_only.toml,107766ac6fa43b1bd7b8aaefb8f0edec74efe85aa9f7588d563a035342eaa5f0
V2-B-N192-R032-C08-X01,cardinality_greedy,2//3,0.651588041,true,experiments/algorithmic_compression_v2/results/raw_runs/V2-B-N192-R032-C08-X01/cardinality_greedy__mandatory_only.toml,93bb44eddc7b9f1fee2a67a123a64a0f864bce6454232d4d24abb03fa8c017f9
V2-B-N192-R032-C08-X01,declared_source_order,0//1,4.658693292,true,experiments/algorithmic_compression_v2/results/raw_runs/V2-B-N192-R032-C08-X01/declared_source_order__mandatory_only.toml,e8aa3f073b4efdeb0d54004f9ca8692b6be305ee7f7e8df19fb4f5d1c54f968b
V2-B-N192-R032-C08-X01,heaviest_safe_first,0//1,5.15292225,true,experiments/algorithmic_compression_v2/results/raw_runs/V2-B-N192-R032-C08-X01/heaviest_safe_first__mandatory_only.toml,2058c678a2fca2a9fbbaf4edaa4f508929cf7b23981c1bc561b0e56218ea0cf6
V2-B-N192-R032-C08-X01,lightest_safe_first,1//1,3.629053041,true,experiments/algorithmic_compression_v2/results/raw_runs/V2-B-N192-R032-C08-X01/lightest_safe_first__mandatory_only.toml,941c55d7af53952b6bca6c688c1ec4414a40f61f4acb8aebdbeefab8487b456b
V2-B-N192-R032-C08-X01,maximum_immediate_burden_release,0//1,5.836505542,true,experiments/algorithmic_compression_v2/results/raw_runs/V2-B-N192-R032-C08-X01/maximum_immediate_burden_release__mandatory_only.toml,147fdda89cc8d8824f62bff50bf23eba7245a3107915b1ad64bf1e6cb47df5a9
V2-B-N192-R032-C08-X01,minimum_unique_carrier_exposure,0//1,5.761453416,true,experiments/algorithmic_compression_v2/results/raw_runs/V2-B-N192-R032-C08-X01/minimum_unique_carrier_exposure__mandatory_only.toml,1b4795e651d24892da94c36b3996d7da7befe20d36b1c9541b2dfd2837bd459d
V2-B-N192-R032-C08-X01,multistart_random_rechecked_deletion_32,0//1,136.345407708,true,experiments/algorithmic_compression_v2/results/raw_runs/V2-B-N192-R032-C08-X01/multistart_random_rechecked_deletion_32__mandatory_only.toml,11a43d49762dc74880abf395bb80f98dfc18f5efb78ce9dcbe676cac613f4b5e
V2-B-N192-R032-C08-X01,random_order_rechecked_deletion,1//3,4.2997175,true,experiments/algorithmic_compression_v2/results/raw_runs/V2-B-N192-R032-C08-X01/random_order_rechecked_deletion__mandatory_only.toml,d24b8cac4ba4f99c649a3b2aa6be4114513d5afa85fc1f93aaa6a0dcc04cb8bd
V2-B-N192-R032-C08-X01,weighted_greedy,1//3,0.775970542,true,experiments/algorithmic_compression_v2/results/raw_runs/V2-B-N192-R032-C08-X01/weighted_greedy__mandatory_only.toml,b91c2900cbe11001cb65bd1f5103d96e14766aa9f84c6c6e01600f30d808636c
V2-B-N192-R032-C08-X01,weighted_greedy_reverse_delete,0//1,0.47245925,true,experiments/algorithmic_compression_v2/results/raw_runs/V2-B-N192-R032-C08-X01/weighted_greedy_reverse_delete__mandatory_only.toml,4299d54ba99cc98f4ca7802ab753661443e35ef9becc9da92ba4682a91121627
V2-B-N192-R032-C08-X02,cardinality_greedy,1//2,0.697203875,true,experiments/algorithmic_compression_v2/results/raw_runs/V2-B-N192-R032-C08-X02/cardinality_greedy__mandatory_only.toml,62d7d8b6e38bcb14f85a87a4d730f10eda088f321f11c876555b90ec32fc35c3
V2-B-N192-R032-C08-X02,declared_source_order,1//1,4.377058625,true,experiments/algorithmic_compression_v2/results/raw_runs/V2-B-N192-R032-C08-X02/declared_source_order__mandatory_only.toml,f4feb69f6d465cd011337007e63ac516d0d24186110e79a7fcefe4262c4f6876
V2-B-N192-R032-C08-X02,heaviest_safe_first,0//1,6.115483042,true,experiments/algorithmic_compression_v2/results/raw_runs/V2-B-N192-R032-C08-X02/heaviest_safe_first__mandatory_only.toml,8cbc2b5d7c0341aaa163b2f49bc2a8cfcd4d2eb5d80b723822f9e431035c519e
V2-B-N192-R032-C08-X02,lightest_safe_first,2//1,3.777537042,true,experiments/algorithmic_compression_v2/results/raw_runs/V2-B-N192-R032-C08-X02/lightest_safe_first__mandatory_only.toml,2c3e22b8cc75a191efdec67cec1073c840e957dbd763d175d92b2a20dd24bbd1
V2-B-N192-R032-C08-X02,maximum_immediate_burden_release,0//1,4.304004542,true,experiments/algorithmic_compression_v2/results/raw_runs/V2-B-N192-R032-C08-X02/maximum_immediate_burden_release__mandatory_only.toml,038c21b0861404acfb2ff257d44309d3f2bbf017bb13ece3ef98174dff23dcf7
V2-B-N192-R032-C08-X02,minimum_unique_carrier_exposure,0//1,3.85558025,true,experiments/algorithmic_compression_v2/results/raw_runs/V2-B-N192-R032-C08-X02/minimum_unique_carrier_exposure__mandatory_only.toml,719d4a457f3a8304720be0bea6893cd91cf6938286e0947b0d7b2b35b78f1ac3
V2-B-N192-R032-C08-X02,multistart_random_rechecked_deletion_32,0//1,137.523997292,true,experiments/algorithmic_compression_v2/results/raw_runs/V2-B-N192-R032-C08-X02/multistart_random_rechecked_deletion_32__mandatory_only.toml,101b9c3d68363df4d32664674d9b32de3e57a882aed50225a2c9e902096ed862
V2-B-N192-R032-C08-X02,random_order_rechecked_deletion,3//2,4.016576,true,experiments/algorithmic_compression_v2/results/raw_runs/V2-B-N192-R032-C08-X02/random_order_rechecked_deletion__mandatory_only.toml,834b3acc4e0d8474ba7f381c19454e5712972a911301c04110d5b0264e795dfe
V2-B-N192-R032-C08-X02,weighted_greedy,0//1,0.898950375,true,experiments/algorithmic_compression_v2/results/raw_runs/V2-B-N192-R032-C08-X02/weighted_greedy__mandatory_only.toml,a7ca93e596770ec6485df5bb3805b8e29e6a2e6c80bbf28a69a20e975ccf139b
V2-B-N192-R032-C08-X02,weighted_greedy_reverse_delete,0//1,1.119473417,true,experiments/algorithmic_compression_v2/results/raw_runs/V2-B-N192-R032-C08-X02/weighted_greedy_reverse_delete__mandatory_only.toml,9ad1fce4b07f2d646a7a74e738664a90dcc68d51b97ebbd295328f7a478cfb1e
V2-B-N192-R032-C10-X01,cardinality_greedy,15//19,0.923668125,true,experiments/algorithmic_compression_v2/results/raw_runs/V2-B-N192-R032-C10-X01/cardinality_greedy__mandatory_only.toml,baa5526b1fd698333a16ae66962c2bfdc4c3b43a4f8cda4508c2379bf3fa4c4b
V2-B-N192-R032-C10-X01,declared_source_order,1//19,3.366366667,true,experiments/algorithmic_compression_v2/results/raw_runs/V2-B-N192-R032-C10-X01/declared_source_order__mandatory_only.toml,d8ffb5e2b2f085285f4f0ea7e32af0e51c70b1424d2f2ee8795f775e9253487f
V2-B-N192-R032-C10-X01,heaviest_safe_first,0//1,3.479007917,true,experiments/algorithmic_compression_v2/results/raw_runs/V2-B-N192-R032-C10-X01/heaviest_safe_first__mandatory_only.toml,0eb0c14717d27abe583b804f2eb61ee9545695e739b2c006f64ce7ff8acc048e
V2-B-N192-R032-C10-X01,lightest_safe_first,15//19,3.516165041,true,experiments/algorithmic_compression_v2/results/raw_runs/V2-B-N192-R032-C10-X01/lightest_safe_first__mandatory_only.toml,cedd7ff8ead3f205547fca0e21003421909ab03c4fe7494593088517f35f00dd
V2-B-N192-R032-C10-X01,maximum_immediate_burden_release,0//1,4.613722083,true,experiments/algorithmic_compression_v2/results/raw_runs/V2-B-N192-R032-C10-X01/maximum_immediate_burden_release__mandatory_only.toml,fcffdbbcf83022a16282de6cbd7ef881850bf5d2003aa5136927dbcbd660c846
V2-B-N192-R032-C10-X01,minimum_unique_carrier_exposure,0//1,4.971888042,true,experiments/algorithmic_compression_v2/results/raw_runs/V2-B-N192-R032-C10-X01/minimum_unique_carrier_exposure__mandatory_only.toml,3c1e8d0b693f0adcc3d21eefcbe1b5feeee88c8bb2d36e6ad4a1576d8cc23a2d
V2-B-N192-R032-C10-X01,random_order_rechecked_deletion,15//19,4.151028125,true,experiments/algorithmic_compression_v2/results/raw_runs/V2-B-N192-R032-C10-X01/random_order_rechecked_deletion__mandatory_only.toml,61a09c3bf539156eb5551a536c2e5f71aa0ec45007762dec3184533fb503b1dd
V2-B-N192-R032-C10-X01,weighted_greedy,0//1,0.229004167,true,experiments/algorithmic_compression_v2/results/raw_runs/V2-B-N192-R032-C10-X01/weighted_greedy__mandatory_only.toml,dd2a016c9437023b71256d8029637a6c7c12f307686e3f159bf3cfa9c46c81db
V2-B-N192-R032-C10-X01,weighted_greedy_reverse_delete,0//1,0.269317375,true,experiments/algorithmic_compression_v2/results/raw_runs/V2-B-N192-R032-C10-X01/weighted_greedy_reverse_delete__mandatory_only.toml,704cdc742ad37694c199ffefd1ef046628ac90d56f62c4d66450a51e8e59b04d
V2-B-N192-R032-C10-X02,cardinality_greedy,0//1,0.91459625,true,experiments/algorithmic_compression_v2/results/raw_runs/V2-B-N192-R032-C10-X02/cardinality_greedy__mandatory_only.toml,7eaed994f7c8033680317dbbfaab1d6f4e34d5674c6eab6cc7f3ebd462267a8c
V2-B-N192-R032-C10-X02,declared_source_order,0//1,4.708644125,true,experiments/algorithmic_compression_v2/results/raw_runs/V2-B-N192-R032-C10-X02/declared_source_order__mandatory_only.toml,6996d24a20b6e01ed8182cd616db1ae37888454d10c32535dd33229bdd5792bd
V2-B-N192-R032-C10-X02,heaviest_safe_first,0//1,3.809071209,true,experiments/algorithmic_compression_v2/results/raw_runs/V2-B-N192-R032-C10-X02/heaviest_safe_first__mandatory_only.toml,9fc745545cea840a00f54b8d8eb266d69e16730a7ecd7b5b6afa591bb3be8ec2
V2-B-N192-R032-C10-X02,lightest_safe_first,5//9,4.01143575,true,experiments/algorithmic_compression_v2/results/raw_runs/V2-B-N192-R032-C10-X02/lightest_safe_first__mandatory_only.toml,cb0c781edbe211f7e4eee1d8783b0fd3b66db1d060083256592ca7cb67f38168
V2-B-N192-R032-C10-X02,maximum_immediate_burden_release,0//1,5.6046925,true,experiments/algorithmic_compression_v2/results/raw_runs/V2-B-N192-R032-C10-X02/maximum_immediate_burden_release__mandatory_only.toml,eec045579ab02f268b311d52174a52d419b8fac7559d41a29a80194384de6087
V2-B-N192-R032-C10-X02,minimum_unique_carrier_exposure,0//1,5.301592584,true,experiments/algorithmic_compression_v2/results/raw_runs/V2-B-N192-R032-C10-X02/minimum_unique_carrier_exposure__mandatory_only.toml,7c86023def16bcfb3458807ce8415f90fb6fed78aface74c7719a712f5cdfeec
V2-B-N192-R032-C10-X02,random_order_rechecked_deletion,7//27,4.351997292,true,experiments/algorithmic_compression_v2/results/raw_runs/V2-B-N192-R032-C10-X02/random_order_rechecked_deletion__mandatory_only.toml,b3eb18eabf50be3a1d14fd9b9709509de38a5bf34bb9523f2fe2c83b64f6324f
V2-B-N192-R032-C10-X02,weighted_greedy,0//1,0.89202425,true,experiments/algorithmic_compression_v2/results/raw_runs/V2-B-N192-R032-C10-X02/weighted_greedy__mandatory_only.toml,f636a09cfd2fb63550c3473556970c8fa55e5e9c0e72e6c29366adf2bd4a480b
V2-B-N192-R032-C10-X02,weighted_greedy_reverse_delete,0//1,1.027360166,true,experiments/algorithmic_compression_v2/results/raw_runs/V2-B-N192-R032-C10-X02/weighted_greedy_reverse_delete__mandatory_only.toml,66d7d6a6fd81f43f90573ef2c2b9e4382286c965a397f5b5a43abcc28d706f35
V2-B-N192-R032-C11-X01,cardinality_greedy,1//7,0.684672542,true,experiments/algorithmic_compression_v2/results/raw_runs/V2-B-N192-R032-C11-X01/cardinality_greedy__mandatory_only.toml,ba7a7333df72c15666a39059cf345baa56182f02ba19c0f9c5ffadf71a26997b
V2-B-N192-R032-C11-X01,declared_source_order,2//7,6.840444708,true,experiments/algorithmic_compression_v2/results/raw_runs/V2-B-N192-R032-C11-X01/declared_source_order__mandatory_only.toml,7cabacbf60ed90dac1aadb48f184ecaa5c78f2e0e0f0971133f05c11316f6d70
V2-B-N192-R032-C11-X01,heaviest_safe_first,0//1,5.424084875,true,experiments/algorithmic_compression_v2/results/raw_runs/V2-B-N192-R032-C11-X01/heaviest_safe_first__mandatory_only.toml,dd35aaf606c3315dd999663ab18fca0dc8edebf36e5b3315bad6127c2c1be5e8
V2-B-N192-R032-C11-X01,lightest_safe_first,2//7,4.573627208,true,experiments/algorithmic_compression_v2/results/raw_runs/V2-B-N192-R032-C11-X01/lightest_safe_first__mandatory_only.toml,2921c988f72bfe92199a592ea83034d37256d87772da4736f2c4b44dd09febbd
V2-B-N192-R032-C11-X01,maximum_immediate_burden_release,0//1,5.429324042,true,experiments/algorithmic_compression_v2/results/raw_runs/V2-B-N192-R032-C11-X01/maximum_immediate_burden_release__mandatory_only.toml,a010661e315b96affa8f323040c31b5a827ef459b7664184e514a94b7bac3d39
V2-B-N192-R032-C11-X01,minimum_unique_carrier_exposure,0//1,5.237805958,true,experiments/algorithmic_compression_v2/results/raw_runs/V2-B-N192-R032-C11-X01/minimum_unique_carrier_exposure__mandatory_only.toml,48e482442c8554364600f15974003571684251c892381032bb6fa7ebb0d3afa7
V2-B-N192-R032-C11-X01,multistart_random_rechecked_deletion_32,0//1,143.0762945,true,experiments/algorithmic_compression_v2/results/raw_runs/V2-B-N192-R032-C11-X01/multistart_random_rechecked_deletion_32__mandatory_only.toml,d1060b6b02636e5f0d888600a86d015d018a6ddb31bf7cde18ae137d3d35d449
V2-B-N192-R032-C11-X01,random_order_rechecked_deletion,1//7,4.535076375,true,experiments/algorithmic_compression_v2/results/raw_runs/V2-B-N192-R032-C11-X01/random_order_rechecked_deletion__mandatory_only.toml,ba6ba0a66cd5d4bafc2240df8618960d6fded5bd8a55f3c07fda5ccf6ea848a4
V2-B-N192-R032-C11-X01,weighted_greedy,0//1,0.962438625,true,experiments/algorithmic_compression_v2/results/raw_runs/V2-B-N192-R032-C11-X01/weighted_greedy__mandatory_only.toml,c23d17f6277501527c88b4b71b28c17cb94287c6bbd7a8a43248e9c2791ab2f1
V2-B-N192-R032-C11-X01,weighted_greedy_reverse_delete,0//1,0.51923975,true,experiments/algorithmic_compression_v2/results/raw_runs/V2-B-N192-R032-C11-X01/weighted_greedy_reverse_delete__mandatory_only.toml,61f2bef8c4501f49ccc0c1ddd56e152deab121ba0970052042eebc610ffbc011
V2-B-N192-R032-C11-X02,cardinality_greedy,0//1,0.364399334,true,experiments/algorithmic_compression_v2/results/raw_runs/V2-B-N192-R032-C11-X02/cardinality_greedy__mandatory_only.toml,a78fc86c40c52ce1cea156793fd01491fdec8b193391f0b2f747aaae07fc2cf3
V2-B-N192-R032-C11-X02,declared_source_order,1//5,4.969920625,true,experiments/algorithmic_compression_v2/results/raw_runs/V2-B-N192-R032-C11-X02/declared_source_order__mandatory_only.toml,a64417ed6131dbc59f5b11d2676aa8b9771345490e934bff20508ca690f205a4
V2-B-N192-R032-C11-X02,heaviest_safe_first,0//1,4.601467708,true,experiments/algorithmic_compression_v2/results/raw_runs/V2-B-N192-R032-C11-X02/heaviest_safe_first__mandatory_only.toml,1ccacc1589fa76a6426ced5090ff55f8b44c8174bd0dcf7a9472d47d5e9545ff
V2-B-N192-R032-C11-X02,lightest_safe_first,1//5,4.969770375,true,experiments/algorithmic_compression_v2/results/raw_runs/V2-B-N192-R032-C11-X02/lightest_safe_first__mandatory_only.toml,0f9511bfa9bd23ee646292e9e8da6d452df6964e11b48f91569d9dc6f5c895e5
V2-B-N192-R032-C11-X02,maximum_immediate_burden_release,0//1,5.055476917,true,experiments/algorithmic_compression_v2/results/raw_runs/V2-B-N192-R032-C11-X02/maximum_immediate_burden_release__mandatory_only.toml,34ef29ed31187d8b8fc8e1eb7ce0332d95d5a4ad4ad57675d8662fb1370ce728
V2-B-N192-R032-C11-X02,minimum_unique_carrier_exposure,0//1,4.36257375,true,experiments/algorithmic_compression_v2/results/raw_runs/V2-B-N192-R032-C11-X02/minimum_unique_carrier_exposure__mandatory_only.toml,60df19227583601ec042582b6a36338ec20bfc6d726c17695d61555f5935e63d
V2-B-N192-R032-C11-X02,multistart_random_rechecked_deletion_32,0//1,143.182766625,true,experiments/algorithmic_compression_v2/results/raw_runs/V2-B-N192-R032-C11-X02/multistart_random_rechecked_deletion_32__mandatory_only.toml,397414b653d06b26ea224bf57b28f446c429a5adea97fe6cf48f82451d98cc73
V2-B-N192-R032-C11-X02,random_order_rechecked_deletion,0//1,4.478222,true,experiments/algorithmic_compression_v2/results/raw_runs/V2-B-N192-R032-C11-X02/random_order_rechecked_deletion__mandatory_only.toml,02cdd3bb2b292c1f2f9970c4aa3e312cf6b73c1354c0726742ef9f122aeed892
V2-B-N192-R032-C11-X02,weighted_greedy,0//1,0.330944625,true,experiments/algorithmic_compression_v2/results/raw_runs/V2-B-N192-R032-C11-X02/weighted_greedy__mandatory_only.toml,2510e60a551a2a698ec2ce75bb9de92c293263dd4aa459f6e5605a3e00e818ce
V2-B-N192-R032-C11-X02,weighted_greedy_reverse_delete,0//1,1.033512083,true,experiments/algorithmic_compression_v2/results/raw_runs/V2-B-N192-R032-C11-X02/weighted_greedy_reverse_delete__mandatory_only.toml,988e37a0988e13d51d37a013cb97a3aa084977e4a28a82c7b29ef295e590f252
V2-B-N192-R032-C12-X01,cardinality_greedy,1//1,0.338098292,true,experiments/algorithmic_compression_v2/results/raw_runs/V2-B-N192-R032-C12-X01/cardinality_greedy__mandatory_only.toml,0ecde8ce389049876185312d154cc93191d39287e79d2eb243f0bdb7b1bdd413
V2-B-N192-R032-C12-X01,declared_source_order,20//1,4.813925208,true,experiments/algorithmic_compression_v2/results/raw_runs/V2-B-N192-R032-C12-X01/declared_source_order__mandatory_only.toml,9e32934f872113190ae6f878685bd283737829631990f32606e4737b169e3cf5
V2-B-N192-R032-C12-X01,heaviest_safe_first,0//1,3.678433958,true,experiments/algorithmic_compression_v2/results/raw_runs/V2-B-N192-R032-C12-X01/heaviest_safe_first__mandatory_only.toml,5aa6bd49c04235d0a24d7882ef0bdba6726874ec62b431aae8958ebbdc5c291c
V2-B-N192-R032-C12-X01,lightest_safe_first,15//1,4.125212459,true,experiments/algorithmic_compression_v2/results/raw_runs/V2-B-N192-R032-C12-X01/lightest_safe_first__mandatory_only.toml,aa641a4126b73fcfaa1289f52fc4fbae36e92f6f9e1b6d24270c1acaaf151978
V2-B-N192-R032-C12-X01,maximum_immediate_burden_release,0//1,2.852556833,true,experiments/algorithmic_compression_v2/results/raw_runs/V2-B-N192-R032-C12-X01/maximum_immediate_burden_release__mandatory_only.toml,8a75f3d8349dc5691f97d3ce30d106b3536c882bf81477e865fc6c893995d902
V2-B-N192-R032-C12-X01,minimum_unique_carrier_exposure,0//1,3.2663045,true,experiments/algorithmic_compression_v2/results/raw_runs/V2-B-N192-R032-C12-X01/minimum_unique_carrier_exposure__mandatory_only.toml,41f4e0ca3e082c71a21dff88bd15264eaed61cbea99523b758d11e58eb228b74
V2-B-N192-R032-C12-X01,random_order_rechecked_deletion,1//1,2.81404975,true,experiments/algorithmic_compression_v2/results/raw_runs/V2-B-N192-R032-C12-X01/random_order_rechecked_deletion__mandatory_only.toml,e178d4c9640cdfa3404179a714f3261b2fb6d744be817b58af17a6b7cef5f1e1
V2-B-N192-R032-C12-X01,weighted_greedy,0//1,0.713587959,true,experiments/algorithmic_compression_v2/results/raw_runs/V2-B-N192-R032-C12-X01/weighted_greedy__mandatory_only.toml,5846688c9963dcd52b2697cbe83a4eb9807e05f612f7b3072ede4b2e50b95d13
V2-B-N192-R032-C12-X01,weighted_greedy_reverse_delete,0//1,0.398883375,true,experiments/algorithmic_compression_v2/results/raw_runs/V2-B-N192-R032-C12-X01/weighted_greedy_reverse_delete__mandatory_only.toml,4fa31572b6216a9042fa77f07de8ef1d4bb04df00e6f60e26b5d16dd3e186000
V2-B-N192-R032-C12-X02,cardinality_greedy,0//1,0.697117625,true,experiments/algorithmic_compression_v2/results/raw_runs/V2-B-N192-R032-C12-X02/cardinality_greedy__mandatory_only.toml,d3e5bc9a1bbf92abc9297aa67096e5b832e38cee50c9ae6e8a4ecacb95f7afed
V2-B-N192-R032-C12-X02,declared_source_order,0//1,4.251846083,true,experiments/algorithmic_compression_v2/results/raw_runs/V2-B-N192-R032-C12-X02/declared_source_order__mandatory_only.toml,476bae6e2d76a9388cd4a4ba78b8d1947e9d987424b1263651b34b8372050077
V2-B-N192-R032-C12-X02,heaviest_safe_first,0//1,3.140722208,true,experiments/algorithmic_compression_v2/results/raw_runs/V2-B-N192-R032-C12-X02/heaviest_safe_first__mandatory_only.toml,4c6eaa6155139a2c3a8f9cf93ef65aa6288f6adc01f60abd54477b8b1348ed37
V2-B-N192-R032-C12-X02,lightest_safe_first,15//1,4.688137084,true,experiments/algorithmic_compression_v2/results/raw_runs/V2-B-N192-R032-C12-X02/lightest_safe_first__mandatory_only.toml,dae29a8fef3d84290a42ea84ebab3b6814d7ceeced6d565f9c191092fd5577cf
V2-B-N192-R032-C12-X02,maximum_immediate_burden_release,0//1,4.0165075,true,experiments/algorithmic_compression_v2/results/raw_runs/V2-B-N192-R032-C12-X02/maximum_immediate_burden_release__mandatory_only.toml,39fe2b72ae88ee282bd60a575c57de657142807262059af0b2d7bb3d4dc18afa
V2-B-N192-R032-C12-X02,minimum_unique_carrier_exposure,0//1,5.999446417,true,experiments/algorithmic_compression_v2/results/raw_runs/V2-B-N192-R032-C12-X02/minimum_unique_carrier_exposure__mandatory_only.toml,8f8f1d90d4c41b449dd516a844c13003cd2583ebc7fc9953d6ca9db670e4b530
V2-B-N192-R032-C12-X02,multistart_random_rechecked_deletion_32,0//1,169.626826166,true,experiments/algorithmic_compression_v2/results/raw_runs/V2-B-N192-R032-C12-X02/multistart_random_rechecked_deletion_32__mandatory_only.toml,7cc1fcc56cad58b6fd3c0d4ed91819a1eec6f3a048a3e9d58fc086765769776f
V2-B-N192-R032-C12-X02,random_order_rechecked_deletion,7//1,6.255962792,true,experiments/algorithmic_compression_v2/results/raw_runs/V2-B-N192-R032-C12-X02/random_order_rechecked_deletion__mandatory_only.toml,4a3d3603e0643056e1b21fd17cd221cf50ccb0448671b07db277ee0f76bdcf76
V2-B-N192-R032-C12-X02,weighted_greedy,0//1,0.38628775,true,experiments/algorithmic_compression_v2/results/raw_runs/V2-B-N192-R032-C12-X02/weighted_greedy__mandatory_only.toml,8b0d30625314a85601535bf86e271754e60e8a90a4ac89b6ccbdba6bc4a4f5b0
V2-B-N192-R032-C12-X02,weighted_greedy_reverse_delete,0//1,0.523184583,true,experiments/algorithmic_compression_v2/results/raw_runs/V2-B-N192-R032-C12-X02/weighted_greedy_reverse_delete__mandatory_only.toml,7121ee2233c07b2ea6a001425a508b9c78d1e4814857de7ea96fce560f4657a1
V2-B-N192-R032-C14-X01,cardinality_greedy,2//7,0.31646025,true,experiments/algorithmic_compression_v2/results/raw_runs/V2-B-N192-R032-C14-X01/cardinality_greedy__mandatory_only.toml,6be7b055c199d6425627b0495ff4aa43afe031a494f79dabbfd47700b5575004
V2-B-N192-R032-C14-X01,declared_source_order,1//7,3.87702425,true,experiments/algorithmic_compression_v2/results/raw_runs/V2-B-N192-R032-C14-X01/declared_source_order__mandatory_only.toml,ab3c4631b13d83fcf73dc376a20f076cd4a78b61e3bcca08dd772d8f0950f785
V2-B-N192-R032-C14-X01,heaviest_safe_first,0//1,4.165716791,true,experiments/algorithmic_compression_v2/results/raw_runs/V2-B-N192-R032-C14-X01/heaviest_safe_first__mandatory_only.toml,3e4ea15c4ee855ef703fbce7e03d3fef78202a04a7c51d84418bf1c3b973d09b
V2-B-N192-R032-C14-X01,lightest_safe_first,2//7,2.593198375,true,experiments/algorithmic_compression_v2/results/raw_runs/V2-B-N192-R032-C14-X01/lightest_safe_first__mandatory_only.toml,8badf96a238982fbd00d3bdd11d2d93b1d81bac30973315be9c2f07bb20d8208
V2-B-N192-R032-C14-X01,maximum_immediate_burden_release,0//1,3.932851667,true,experiments/algorithmic_compression_v2/results/raw_runs/V2-B-N192-R032-C14-X01/maximum_immediate_burden_release__mandatory_only.toml,7d6b5d97abd99aed25e3f1a4e1d4e8ac4b83c8c7c4ba9bf5b0ef0a55a8649836
V2-B-N192-R032-C14-X01,minimum_unique_carrier_exposure,0//1,4.549096667,true,experiments/algorithmic_compression_v2/results/raw_runs/V2-B-N192-R032-C14-X01/minimum_unique_carrier_exposure__mandatory_only.toml,e7fffd358ea98657a87f2014d2b4907ea4afc533d8afeed4dd9049aef879b4d7
V2-B-N192-R032-C14-X01,random_order_rechecked_deletion,1//7,3.391405125,true,experiments/algorithmic_compression_v2/results/raw_runs/V2-B-N192-R032-C14-X01/random_order_rechecked_deletion__mandatory_only.toml,2a70dfd9158062526077ad06a9420310fe65d8623a1a82dea3d7f2618961b78a
V2-B-N192-R032-C14-X01,weighted_greedy,0//1,0.336788625,true,experiments/algorithmic_compression_v2/results/raw_runs/V2-B-N192-R032-C14-X01/weighted_greedy__mandatory_only.toml,08e2fc7fa72a0c21e2ea393c19eb5cb0b1ea31e78e87791b3c22b063e67c7067
V2-B-N192-R032-C14-X01,weighted_greedy_reverse_delete,0//1,0.51058475,true,experiments/algorithmic_compression_v2/results/raw_runs/V2-B-N192-R032-C14-X01/weighted_greedy_reverse_delete__mandatory_only.toml,a74ebcc5f415a80d96dcf0c4f9feeaa972c3d1815799954b7ac55460fcb15896
V2-B-N192-R032-C14-X02,cardinality_greedy,1//6,0.597595416,true,experiments/algorithmic_compression_v2/results/raw_runs/V2-B-N192-R032-C14-X02/cardinality_greedy__mandatory_only.toml,80d834fce5cfcbb4e4941a9d2ecacdc3f1b9f5f413746b7266adcbe811691d62
V2-B-N192-R032-C14-X02,declared_source_order,0//1,4.682998,true,experiments/algorithmic_compression_v2/results/raw_runs/V2-B-N192-R032-C14-X02/declared_source_order__mandatory_only.toml,ed7d3a475e9b7e70278233d8ed297277d43bb1cfab941f235d2554498f9b14e4
V2-B-N192-R032-C14-X02,heaviest_safe_first,0//1,3.812535333,true,experiments/algorithmic_compression_v2/results/raw_runs/V2-B-N192-R032-C14-X02/heaviest_safe_first__mandatory_only.toml,46844aae3a68185795c3b97cc6cebf2a4743f1d00e7a4e6c49c5632973223f9a
V2-B-N192-R032-C14-X02,lightest_safe_first,1//6,4.116937375,true,experiments/algorithmic_compression_v2/results/raw_runs/V2-B-N192-R032-C14-X02/lightest_safe_first__mandatory_only.toml,300be4c0e6b1ffaaf4ba7a1fa04bb62e9d644a0d67d4695660fa7755635f7eba
V2-B-N192-R032-C14-X02,maximum_immediate_burden_release,0//1,3.668084792,true,experiments/algorithmic_compression_v2/results/raw_runs/V2-B-N192-R032-C14-X02/maximum_immediate_burden_release__mandatory_only.toml,2fa3296b4133cd433f2c0a62177ba2ad771d131bda5ffd953816de4d4043be30
V2-B-N192-R032-C14-X02,minimum_unique_carrier_exposure,0//1,3.444398125,true,experiments/algorithmic_compression_v2/results/raw_runs/V2-B-N192-R032-C14-X02/minimum_unique_carrier_exposure__mandatory_only.toml,738315b143fe14f2247827c4cc10c5c42b7274685889ce25a5bb14c30a1ee199
V2-B-N192-R032-C14-X02,random_order_rechecked_deletion,1//12,3.99549575,true,experiments/algorithmic_compression_v2/results/raw_runs/V2-B-N192-R032-C14-X02/random_order_rechecked_deletion__mandatory_only.toml,7fdf4e5038f9aeeea2703be90ab1f23dcd889029e6e1e36777480e6e8c741f5e
V2-B-N192-R032-C14-X02,weighted_greedy,0//1,0.463238833,true,experiments/algorithmic_compression_v2/results/raw_runs/V2-B-N192-R032-C14-X02/weighted_greedy__mandatory_only.toml,14967496109df03d4293a2408c2b880bede7503f31dc435d55117589c870bc74
V2-B-N192-R032-C14-X02,weighted_greedy_reverse_delete,0//1,0.907110666,true,experiments/algorithmic_compression_v2/results/raw_runs/V2-B-N192-R032-C14-X02/weighted_greedy_reverse_delete__mandatory_only.toml,ee495758d4454089911c115c3a4038f017c571bc76b80212915dd70e3af8680e
V2-B-N192-R032-C15-X01,cardinality_greedy,3//19,0.827873417,true,experiments/algorithmic_compression_v2/results/raw_runs/V2-B-N192-R032-C15-X01/cardinality_greedy__mandatory_only.toml,85c77fae6e001084a742ef45acaa0539d19f58b8e9ea2c95df7562c82d3ccf8c
V2-B-N192-R032-C15-X01,declared_source_order,0//1,5.552046708,true,experiments/algorithmic_compression_v2/results/raw_runs/V2-B-N192-R032-C15-X01/declared_source_order__mandatory_only.toml,b41ef611531fe8c9996af2aeb8719f16575bac0cb602f139dfd5945ff948af5b
V2-B-N192-R032-C15-X01,heaviest_safe_first,0//1,5.093243916,true,experiments/algorithmic_compression_v2/results/raw_runs/V2-B-N192-R032-C15-X01/heaviest_safe_first__mandatory_only.toml,6fc509c68d86d9bca21e8208e46fef0ebaef70ba7844d6147a925e5d877e8097
V2-B-N192-R032-C15-X01,lightest_safe_first,15//19,4.832171333,true,experiments/algorithmic_compression_v2/results/raw_runs/V2-B-N192-R032-C15-X01/lightest_safe_first__mandatory_only.toml,82aabaa73e8c1f07c419fb58bf025bcaa68e65dd273c1ad527b3d0559e4a0b89
V2-B-N192-R032-C15-X01,maximum_immediate_burden_release,0//1,4.679812333,true,experiments/algorithmic_compression_v2/results/raw_runs/V2-B-N192-R032-C15-X01/maximum_immediate_burden_release__mandatory_only.toml,7367dbe7cb55d2c02066d544dfb9234ab7a34e9638d5a0ba378c3e627a426d88
V2-B-N192-R032-C15-X01,minimum_unique_carrier_exposure,0//1,4.857026959,true,experiments/algorithmic_compression_v2/results/raw_runs/V2-B-N192-R032-C15-X01/minimum_unique_carrier_exposure__mandatory_only.toml,b1f82631d8928726dd8f9b6d0b4190302d141213c2006dfe68690da3378ac910
V2-B-N192-R032-C15-X01,multistart_random_rechecked_deletion_32,0//1,134.148065208,true,experiments/algorithmic_compression_v2/results/raw_runs/V2-B-N192-R032-C15-X01/multistart_random_rechecked_deletion_32__mandatory_only.toml,f81b3448335c14a46f69ee3575d162b9f6caeee4e274d9a0d5da3bffeb2599fe
V2-B-N192-R032-C15-X01,random_order_rechecked_deletion,3//19,5.004979667,true,experiments/algorithmic_compression_v2/results/raw_runs/V2-B-N192-R032-C15-X01/random_order_rechecked_deletion__mandatory_only.toml,68273fe034c67189e1659189e7eb88c8314e8fcddcb343cbff7c62f93960f0b5
V2-B-N192-R032-C15-X01,weighted_greedy,0//1,0.681319625,true,experiments/algorithmic_compression_v2/results/raw_runs/V2-B-N192-R032-C15-X01/weighted_greedy__mandatory_only.toml,e2384cb566571639cc84470964ab5f5c0add06026339f3dc79623ef69c014df3
V2-B-N192-R032-C15-X01,weighted_greedy_reverse_delete,0//1,0.547583583,true,experiments/algorithmic_compression_v2/results/raw_runs/V2-B-N192-R032-C15-X01/weighted_greedy_reverse_delete__mandatory_only.toml,29a2e56b33c1a3894dbc804714786ae556d9c428beaf70e9493c935fea224ebb
V2-B-N192-R032-C15-X02,cardinality_greedy,7//30,0.937488458,true,experiments/algorithmic_compression_v2/results/raw_runs/V2-B-N192-R032-C15-X02/cardinality_greedy__mandatory_only.toml,c711a36599e2f57f1256729a84760f16409a590b1d4650eeec46ec5512a3a979
V2-B-N192-R032-C15-X02,declared_source_order,7//30,4.479254959,true,experiments/algorithmic_compression_v2/results/raw_runs/V2-B-N192-R032-C15-X02/declared_source_order__mandatory_only.toml,5b7eaded583ab2c2f291464f7355e2bd63e175f9a953d96cdc2787e0869d9b48
V2-B-N192-R032-C15-X02,heaviest_safe_first,0//1,4.653424792,true,experiments/algorithmic_compression_v2/results/raw_runs/V2-B-N192-R032-C15-X02/heaviest_safe_first__mandatory_only.toml,1e37dfe5b66d9f36a9b06ea0a020d56ec9c874a1d6e97fe8a7d127576f607bc1
V2-B-N192-R032-C15-X02,lightest_safe_first,1//2,5.586833208,true,experiments/algorithmic_compression_v2/results/raw_runs/V2-B-N192-R032-C15-X02/lightest_safe_first__mandatory_only.toml,0c99bcaeb2380b0eb895e39b2767810d75fce2d2ad111ad2da6a96c81d054754
V2-B-N192-R032-C15-X02,maximum_immediate_burden_release,0//1,4.886501084,true,experiments/algorithmic_compression_v2/results/raw_runs/V2-B-N192-R032-C15-X02/maximum_immediate_burden_release__mandatory_only.toml,3a3139d3430c6797cb53cb412766fa98bea67e7357e326981432d39f8c2342de
V2-B-N192-R032-C15-X02,minimum_unique_carrier_exposure,0//1,5.33952525,true,experiments/algorithmic_compression_v2/results/raw_runs/V2-B-N192-R032-C15-X02/minimum_unique_carrier_exposure__mandatory_only.toml,51592422c49622136e812d54c04f88975f2a76e016cf98f81efba56a6bda8377
V2-B-N192-R032-C15-X02,multistart_random_rechecked_deletion_32,0//1,124.527997458,true,experiments/algorithmic_compression_v2/results/raw_runs/V2-B-N192-R032-C15-X02/multistart_random_rechecked_deletion_32__mandatory_only.toml,a0aad0bd63bd8a79ef906ad8b45894f7878c3ec2448a399888ef21ee4901ce13
V2-B-N192-R032-C15-X02,random_order_rechecked_deletion,1//30,5.901384958,true,experiments/algorithmic_compression_v2/results/raw_runs/V2-B-N192-R032-C15-X02/random_order_rechecked_deletion__mandatory_only.toml,53212e7911db45e61f9fd77265247343ee60a8b40697595582616228bc071a6a
V2-B-N192-R032-C15-X02,weighted_greedy,0//1,0.827071458,true,experiments/algorithmic_compression_v2/results/raw_runs/V2-B-N192-R032-C15-X02/weighted_greedy__mandatory_only.toml,c8cb0f197d1b77cb3830a2af95de501a124c6f002bc142fae39384eb18a65b96
V2-B-N192-R032-C15-X02,weighted_greedy_reverse_delete,0//1,0.670870166,true,experiments/algorithmic_compression_v2/results/raw_runs/V2-B-N192-R032-C15-X02/weighted_greedy_reverse_delete__mandatory_only.toml,6478ff34885f4562516dc87d8f123a121535d8eca98373ae6c943ba1f0dafd73
V2-B-N192-R032-C16-X01,cardinality_greedy,2//1,0.595634,true,experiments/algorithmic_compression_v2/results/raw_runs/V2-B-N192-R032-C16-X01/cardinality_greedy__mandatory_only.toml,37c214c1015c8d4f3de4c98da62a69b3980c300188495e8b3179b36e1f68d2e6
V2-B-N192-R032-C16-X01,declared_source_order,1//1,4.218615416,true,experiments/algorithmic_compression_v2/results/raw_runs/V2-B-N192-R032-C16-X01/declared_source_order__mandatory_only.toml,b00ee253904a8802d37e493722b12b7242645d205e881f6f0c5d231c21dea11e
V2-B-N192-R032-C16-X01,heaviest_safe_first,1//1,5.473606792,true,experiments/algorithmic_compression_v2/results/raw_runs/V2-B-N192-R032-C16-X01/heaviest_safe_first__mandatory_only.toml,7a68488d1ec1b4432b0e4c9e384ecdc9fa16a1cc41f06706b5a1657214fee2a5
V2-B-N192-R032-C16-X01,lightest_safe_first,2//1,5.25877675,true,experiments/algorithmic_compression_v2/results/raw_runs/V2-B-N192-R032-C16-X01/lightest_safe_first__mandatory_only.toml,5234b51ae3912cbb2e426138db2872deb2c10570319d309ac06a94e188960d48
V2-B-N192-R032-C16-X01,maximum_immediate_burden_release,1//1,4.419069083,true,experiments/algorithmic_compression_v2/results/raw_runs/V2-B-N192-R032-C16-X01/maximum_immediate_burden_release__mandatory_only.toml,0dcecf2c5b6d6b7f7965d95e69543346783cfe1c705787d1999e2152d9c49a5c
V2-B-N192-R032-C16-X01,minimum_unique_carrier_exposure,0//1,3.926879875,true,experiments/algorithmic_compression_v2/results/raw_runs/V2-B-N192-R032-C16-X01/minimum_unique_carrier_exposure__mandatory_only.toml,f35e9b5680c774bd6071d244fffdab078d93959bc67c69ad30918426143b796f
V2-B-N192-R032-C16-X01,multistart_random_rechecked_deletion_32,0//1,146.327739084,true,experiments/algorithmic_compression_v2/results/raw_runs/V2-B-N192-R032-C16-X01/multistart_random_rechecked_deletion_32__mandatory_only.toml,a4a11b7530e729aea4d74c376975bd643372d236e9f9707532c285d22f30d9b3
V2-B-N192-R032-C16-X01,random_order_rechecked_deletion,2//1,4.48101675,true,experiments/algorithmic_compression_v2/results/raw_runs/V2-B-N192-R032-C16-X01/random_order_rechecked_deletion__mandatory_only.toml,e906b8c9f6b59fb2c96e85019bbd8978701e07484e8401f790b10e419c866524
V2-B-N192-R032-C16-X01,weighted_greedy,0//1,0.674937125,true,experiments/algorithmic_compression_v2/results/raw_runs/V2-B-N192-R032-C16-X01/weighted_greedy__mandatory_only.toml,2f577306e2f5ad0f7ce7efcce8cdf60f9cfeaefe7b7feff32b3f62e97a3d2e3e
V2-B-N192-R032-C16-X01,weighted_greedy_reverse_delete,0//1,0.573524542,true,experiments/algorithmic_compression_v2/results/raw_runs/V2-B-N192-R032-C16-X01/weighted_greedy_reverse_delete__mandatory_only.toml,faaecfb86ce1c87b51d6cd353a52599e215cd745740fda4ff98194a9d93d804d
V2-B-N192-R032-C16-X02,cardinality_greedy,2//1,0.7978205,true,experiments/algorithmic_compression_v2/results/raw_runs/V2-B-N192-R032-C16-X02/cardinality_greedy__mandatory_only.toml,02dd1504fad90abe7fedbbeb439cbdf3064d5cf06332b19431b9a8734d7e78e4
V2-B-N192-R032-C16-X02,declared_source_order,1//1,5.322766208,true,experiments/algorithmic_compression_v2/results/raw_runs/V2-B-N192-R032-C16-X02/declared_source_order__mandatory_only.toml,a3dd05dfc0a035d0d85f37adf53e0fce709b8fe1d1da80c15e1cc2887ccc350c
V2-B-N192-R032-C16-X02,heaviest_safe_first,2//1,4.087648,true,experiments/algorithmic_compression_v2/results/raw_runs/V2-B-N192-R032-C16-X02/heaviest_safe_first__mandatory_only.toml,175c22be571eab38668a215a9414027c67a5ab3e9b6e744beddf8d895e40146e
V2-B-N192-R032-C16-X02,lightest_safe_first,5//1,4.7943115,true,experiments/algorithmic_compression_v2/results/raw_runs/V2-B-N192-R032-C16-X02/lightest_safe_first__mandatory_only.toml,aa01c0daee532a12d4200df8a25e543335872a49f58819cf8ec77aab9046eb99
V2-B-N192-R032-C16-X02,maximum_immediate_burden_release,2//1,6.039867375,true,experiments/algorithmic_compression_v2/results/raw_runs/V2-B-N192-R032-C16-X02/maximum_immediate_burden_release__mandatory_only.toml,33abe53263641b12b045d9d0731d9d0f5cf58de91c54522c22ada15d6cbd9511
V2-B-N192-R032-C16-X02,minimum_unique_carrier_exposure,1//1,4.422949917,true,experiments/algorithmic_compression_v2/results/raw_runs/V2-B-N192-R032-C16-X02/minimum_unique_carrier_exposure__mandatory_only.toml,bf59b7d7ee53a6c1b2126650770766a4d2f01b5f8deb835eb264748cf7c421f1
V2-B-N192-R032-C16-X02,multistart_random_rechecked_deletion_32,0//1,130.124123375,true,experiments/algorithmic_compression_v2/results/raw_runs/V2-B-N192-R032-C16-X02/multistart_random_rechecked_deletion_32__mandatory_only.toml,a7a7ee1893dd428f13b813875bf7a722e44cbb323c0b35c92e0b68dd8157d733
V2-B-N192-R032-C16-X02,random_order_rechecked_deletion,4//1,4.235503834,true,experiments/algorithmic_compression_v2/results/raw_runs/V2-B-N192-R032-C16-X02/random_order_rechecked_deletion__mandatory_only.toml,0b19b0e1cf7665c3d71c11e5822b9f603a795ef4376f77ef0401fbfb4037c241
V2-B-N192-R032-C16-X02,weighted_greedy,0//1,1.119267125,true,experiments/algorithmic_compression_v2/results/raw_runs/V2-B-N192-R032-C16-X02/weighted_greedy__mandatory_only.toml,4b85413043e0896ac1f4eb4e4c6d26fe98d1c3f54df9747ef5c650144b2861c8
V2-B-N192-R032-C16-X02,weighted_greedy_reverse_delete,0//1,0.68671375,true,experiments/algorithmic_compression_v2/results/raw_runs/V2-B-N192-R032-C16-X02/weighted_greedy_reverse_delete__mandatory_only.toml,7afad10fe5596f07e7980c13c1792e1f9c404019ca19b1e770ea80566d3bf883
V2-B-N192-R064-C01-X01,cardinality_greedy,1//1,0.104191334,true,experiments/algorithmic_compression_v2/results/raw_runs/V2-B-N192-R064-C01-X01/cardinality_greedy__mandatory_only.toml,d05d841a0b9e790912f0040d08b96ca0c9ba102db79ce39c11b8764a1ef8d6ce
V2-B-N192-R064-C01-X01,declared_source_order,7//3,4.757553333,true,experiments/algorithmic_compression_v2/results/raw_runs/V2-B-N192-R064-C01-X01/declared_source_order__mandatory_only.toml,99db8d51c5470fa4c0505831ac1ca864188a44094687d011746b7e3d4662cd26
V2-B-N192-R064-C01-X01,heaviest_safe_first,1//3,7.1894275,true,experiments/algorithmic_compression_v2/results/raw_runs/V2-B-N192-R064-C01-X01/heaviest_safe_first__mandatory_only.toml,f579630c0e37d05925029c67b729112399e03570c7e9a9c4b11c32e5aab79fd1
V2-B-N192-R064-C01-X01,lightest_safe_first,3//1,5.103343,true,experiments/algorithmic_compression_v2/results/raw_runs/V2-B-N192-R064-C01-X01/lightest_safe_first__mandatory_only.toml,20934a0494898d7f290a693d0c53e0923771305a842fc0d3c573f38c178f6e42
V2-B-N192-R064-C01-X01,maximum_immediate_burden_release,1//3,4.788129,true,experiments/algorithmic_compression_v2/results/raw_runs/V2-B-N192-R064-C01-X01/maximum_immediate_burden_release__mandatory_only.toml,60971a5ac3b3ea5a220fe8c04d3e43059b5a0ec1c071fe81261fc7423a493a0a
V2-B-N192-R064-C01-X01,minimum_unique_carrier_exposure,1//3,4.809810417,true,experiments/algorithmic_compression_v2/results/raw_runs/V2-B-N192-R064-C01-X01/minimum_unique_carrier_exposure__mandatory_only.toml,4dba7e3dfccfa825782d87b6ef86fe28ca0d2d0b9929450c739bc044e852a998
V2-B-N192-R064-C01-X01,multistart_random_rechecked_deletion_32,1//3,149.594821875,true,experiments/algorithmic_compression_v2/results/raw_runs/V2-B-N192-R064-C01-X01/multistart_random_rechecked_deletion_32__mandatory_only.toml,af97479ff2988cabf893f5a106a2d3289cdceb2e559be80c6367691be038e487
V2-B-N192-R064-C01-X01,random_order_rechecked_deletion,1//1,6.508878125,true,experiments/algorithmic_compression_v2/results/raw_runs/V2-B-N192-R064-C01-X01/random_order_rechecked_deletion__mandatory_only.toml,6cd53bdb5fb11272a51b4c435f4211ac94c31f2bffc0efe8fd6d8922f3ab6e18
V2-B-N192-R064-C01-X01,weighted_greedy,1//3,1.016992584,true,experiments/algorithmic_compression_v2/results/raw_runs/V2-B-N192-R064-C01-X01/weighted_greedy__mandatory_only.toml,1a3063532d61c2fd7bb7bd9aeba2d00b40e616aec319a08385b2527e6aed30a7
V2-B-N192-R064-C01-X01,weighted_greedy_reverse_delete,1//3,0.87364325,true,experiments/algorithmic_compression_v2/results/raw_runs/V2-B-N192-R064-C01-X01/weighted_greedy_reverse_delete__mandatory_only.toml,9400781b4d6d2b975103fba6e0cce70d2fb46406b6abdf78c24ca5ca5149ce2a
V2-B-N192-R064-C01-X02,cardinality_greedy,1//3,0.375681791,true,experiments/algorithmic_compression_v2/results/raw_runs/V2-B-N192-R064-C01-X02/cardinality_greedy__mandatory_only.toml,c7091901c34a5fa8d94f3c86b3052836f9807f6778279501b6dbc305f13b0903
V2-B-N192-R064-C01-X02,declared_source_order,5//3,6.302508375,true,experiments/algorithmic_compression_v2/results/raw_runs/V2-B-N192-R064-C01-X02/declared_source_order__mandatory_only.toml,37b51a458ee0d00997952ad18a1bdeeebd456bdf9f2ef1f728ec8a9eaca0a63c
V2-B-N192-R064-C01-X02,heaviest_safe_first,1//3,5.941394042,true,experiments/algorithmic_compression_v2/results/raw_runs/V2-B-N192-R064-C01-X02/heaviest_safe_first__mandatory_only.toml,388ba1b8cafb761000a70094d26770faf61e2b3692449f31a6f2f5ee3ff34cbf
V2-B-N192-R064-C01-X02,lightest_safe_first,3//1,4.90440275,true,experiments/algorithmic_compression_v2/results/raw_runs/V2-B-N192-R064-C01-X02/lightest_safe_first__mandatory_only.toml,80b376ea27257a494bc5962ce50ac0e3b22242a81dd108c9ed59afa5c54d23ac
V2-B-N192-R064-C01-X02,maximum_immediate_burden_release,1//3,5.574514875,true,experiments/algorithmic_compression_v2/results/raw_runs/V2-B-N192-R064-C01-X02/maximum_immediate_burden_release__mandatory_only.toml,0785453ae3862a84c421f0886cd5840f6aaecc49ccb05e22b93691e4a1e52eae
V2-B-N192-R064-C01-X02,minimum_unique_carrier_exposure,0//1,4.687147416,true,experiments/algorithmic_compression_v2/results/raw_runs/V2-B-N192-R064-C01-X02/minimum_unique_carrier_exposure__mandatory_only.toml,f0e4fb60a44375cd8d72f08b4052cf197e1ff223fa5eb1bf49a0802849e3661a
V2-B-N192-R064-C01-X02,multistart_random_rechecked_deletion_32,1//3,131.991269292,true,experiments/algorithmic_compression_v2/results/raw_runs/V2-B-N192-R064-C01-X02/multistart_random_rechecked_deletion_32__mandatory_only.toml,e344c06218de26d0bd47c2aac221a1f61ab3ed968e5221f7f022e86c6c686460
V2-B-N192-R064-C01-X02,random_order_rechecked_deletion,4//3,4.564206375,true,experiments/algorithmic_compression_v2/results/raw_runs/V2-B-N192-R064-C01-X02/random_order_rechecked_deletion__mandatory_only.toml,f9470c4923de0ed28d1789ac7e2d8af8fe811aebd6f20c01f65175bc58f64e2c
V2-B-N192-R064-C01-X02,weighted_greedy,0//1,0.336406458,true,experiments/algorithmic_compression_v2/results/raw_runs/V2-B-N192-R064-C01-X02/weighted_greedy__mandatory_only.toml,cd37b7f30193d9e116c3c1e160892fa2aa492ea6714c00880d79d0e99d12d289
V2-B-N192-R064-C01-X02,weighted_greedy_reverse_delete,0//1,1.041535541,true,experiments/algorithmic_compression_v2/results/raw_runs/V2-B-N192-R064-C01-X02/weighted_greedy_reverse_delete__mandatory_only.toml,16e0dbe9324ca79de108fc3b3e220a84837f7db894efa34554fdba84d8427b30
V2-B-N192-R064-C02-X01,cardinality_greedy,19//62,0.543243584,true,experiments/algorithmic_compression_v2/results/raw_runs/V2-B-N192-R064-C02-X01/cardinality_greedy__mandatory_only.toml,d8a964d86153dce66d5b18d3b6c9d44ddf196f55b19bd698e5bcd4f18d1dd65e
V2-B-N192-R064-C02-X01,declared_source_order,3//62,5.776934625,true,experiments/algorithmic_compression_v2/results/raw_runs/V2-B-N192-R064-C02-X01/declared_source_order__mandatory_only.toml,8c544cccd0c5b355667d95e828cee1208835eadbc07ded7c912b606a00eaffec
V2-B-N192-R064-C02-X01,heaviest_safe_first,0//1,6.979269917,true,experiments/algorithmic_compression_v2/results/raw_runs/V2-B-N192-R064-C02-X01/heaviest_safe_first__mandatory_only.toml,37abe53fe16dd102dc8eddcba23e6f4678a75cf2803557db8d8ff1f348d92aed
V2-B-N192-R064-C02-X01,lightest_safe_first,15//62,6.907246,true,experiments/algorithmic_compression_v2/results/raw_runs/V2-B-N192-R064-C02-X01/lightest_safe_first__mandatory_only.toml,6d281f8532b768eadae261f73a88c763d47f9423a693da4acea70ccfc2a5c1b0
V2-B-N192-R064-C02-X01,maximum_immediate_burden_release,0//1,5.754364291,true,experiments/algorithmic_compression_v2/results/raw_runs/V2-B-N192-R064-C02-X01/maximum_immediate_burden_release__mandatory_only.toml,e9757153eb903fc28883c8bdae69244ca01b1a4907a74d235751f56fce7ed563
V2-B-N192-R064-C02-X01,minimum_unique_carrier_exposure,0//1,4.449521667,true,experiments/algorithmic_compression_v2/results/raw_runs/V2-B-N192-R064-C02-X01/minimum_unique_carrier_exposure__mandatory_only.toml,34f18878d662c0c6604b75a14e55364ddfbee6e080fae6d96305f1a0dedd070a
V2-B-N192-R064-C02-X01,multistart_random_rechecked_deletion_32,0//1,162.311874459,true,experiments/algorithmic_compression_v2/results/raw_runs/V2-B-N192-R064-C02-X01/multistart_random_rechecked_deletion_32__mandatory_only.toml,ce0acee1861bb1071cbe0682ab34b9d19d81e3c689a04140b10277e48a1beb7c
V2-B-N192-R064-C02-X01,random_order_rechecked_deletion,7//62,8.131011959,true,experiments/algorithmic_compression_v2/results/raw_runs/V2-B-N192-R064-C02-X01/random_order_rechecked_deletion__mandatory_only.toml,0e46771f7c6b8155b2bae4ad3889fbefd6cb9594e3080730010f4ad9d04bf203
V2-B-N192-R064-C02-X01,weighted_greedy,0//1,1.14316975,true,experiments/algorithmic_compression_v2/results/raw_runs/V2-B-N192-R064-C02-X01/weighted_greedy__mandatory_only.toml,698a6fbcb3350506adf2c63d1234b59276c99700aade888d27b6ccc1b8faeeb8
V2-B-N192-R064-C02-X01,weighted_greedy_reverse_delete,0//1,0.930021834,true,experiments/algorithmic_compression_v2/results/raw_runs/V2-B-N192-R064-C02-X01/weighted_greedy_reverse_delete__mandatory_only.toml,bd8e61e2f44481bd0961badf9500093ecbce490ea7ed28589a804a8a6d818c93
V2-B-N192-R064-C02-X02,cardinality_greedy,4//15,0.733508,true,experiments/algorithmic_compression_v2/results/raw_runs/V2-B-N192-R064-C02-X02/cardinality_greedy__mandatory_only.toml,2d4d2391d51fcd7888524d7d35c061698c20227c572c5f382c03aba1086f9934
V2-B-N192-R064-C02-X02,declared_source_order,0//1,8.540818625,true,experiments/algorithmic_compression_v2/results/raw_runs/V2-B-N192-R064-C02-X02/declared_source_order__mandatory_only.toml,97329870373b977644ca57dcc27405dac49a7f4222153c82fddfd06f8331ebb6
V2-B-N192-R064-C02-X02,heaviest_safe_first,0//1,6.493644709,true,experiments/algorithmic_compression_v2/results/raw_runs/V2-B-N192-R064-C02-X02/heaviest_safe_first__mandatory_only.toml,284278f29745b11de15c1102ef6cde4450a92a5bd73aeb4695f45f47c954d44d
V2-B-N192-R064-C02-X02,lightest_safe_first,1//4,5.21572175,true,experiments/algorithmic_compression_v2/results/raw_runs/V2-B-N192-R064-C02-X02/lightest_safe_first__mandatory_only.toml,cf8c89833cee49fe79b11255d51c1001e6807185a43dcacf3de3dcc01e099f42
V2-B-N192-R064-C02-X02,maximum_immediate_burden_release,0//1,4.343057958,true,experiments/algorithmic_compression_v2/results/raw_runs/V2-B-N192-R064-C02-X02/maximum_immediate_burden_release__mandatory_only.toml,9bc1532b90d1a3377678956c9a6fd917da3ce156a5d38c342516b1ad4e87c8bd
V2-B-N192-R064-C02-X02,minimum_unique_carrier_exposure,0//1,5.712119541,true,experiments/algorithmic_compression_v2/results/raw_runs/V2-B-N192-R064-C02-X02/minimum_unique_carrier_exposure__mandatory_only.toml,cb775f845c8da301ecf392a9b37692ce5475625ef82c8e9e3236053088527e8d
V2-B-N192-R064-C02-X02,multistart_random_rechecked_deletion_32,0//1,158.825966333,true,experiments/algorithmic_compression_v2/results/raw_runs/V2-B-N192-R064-C02-X02/multistart_random_rechecked_deletion_32__mandatory_only.toml,e6d21ff52305b8ad5432b05585e597401c3ac70e4acd7506898b805f1d99e7b0
V2-B-N192-R064-C02-X02,random_order_rechecked_deletion,0//1,6.135600583,true,experiments/algorithmic_compression_v2/results/raw_runs/V2-B-N192-R064-C02-X02/random_order_rechecked_deletion__mandatory_only.toml,bd4b89809d83985725d221f76e92c183f2e5ad238a5cd3ec2cbc17ede1afbb5e
V2-B-N192-R064-C02-X02,weighted_greedy,1//60,0.610641,true,experiments/algorithmic_compression_v2/results/raw_runs/V2-B-N192-R064-C02-X02/weighted_greedy__mandatory_only.toml,96a3a92737398c3ec580e66ad88625510d68e2dc58d8f3e50ff2745c5d8c3329
V2-B-N192-R064-C02-X02,weighted_greedy_reverse_delete,1//60,0.720420959,true,experiments/algorithmic_compression_v2/results/raw_runs/V2-B-N192-R064-C02-X02/weighted_greedy_reverse_delete__mandatory_only.toml,eefdc2e4beb89ade78de985bafc7ebccd44106e07eb1d1d5d83a85b43b218567
V2-B-N192-R064-C03-X01,cardinality_greedy,1//16,0.746185792,true,experiments/algorithmic_compression_v2/results/raw_runs/V2-B-N192-R064-C03-X01/cardinality_greedy__mandatory_only.toml,7390c06e011daff160e67920e71e9b09dae156329dfb309cf571625cfee6bde9
V2-B-N192-R064-C03-X01,declared_source_order,0//1,7.120755459,true,experiments/algorithmic_compression_v2/results/raw_runs/V2-B-N192-R064-C03-X01/declared_source_order__mandatory_only.toml,c72fb3a5ec28b662889c22e8ff86c97f09447d5ef82a36e3a215229c2a32d9da
V2-B-N192-R064-C03-X01,heaviest_safe_first,0//1,7.758849375,true,experiments/algorithmic_compression_v2/results/raw_runs/V2-B-N192-R064-C03-X01/heaviest_safe_first__mandatory_only.toml,54555550ed7dd518bcd79a0e4f9ab4785ef84e97030c750a14885a52bf33629b
V2-B-N192-R064-C03-X01,lightest_safe_first,0//1,7.592000083,true,experiments/algorithmic_compression_v2/results/raw_runs/V2-B-N192-R064-C03-X01/lightest_safe_first__mandatory_only.toml,c7a4c277299a20a869b877ff929aee45be6f0350ff30bf5228b1ed1abc2d6837
V2-B-N192-R064-C03-X01,maximum_immediate_burden_release,0//1,6.072938084,true,experiments/algorithmic_compression_v2/results/raw_runs/V2-B-N192-R064-C03-X01/maximum_immediate_burden_release__mandatory_only.toml,5262610423001eda2ff624f06f38bac6aad561e7e6c8317291f1772ff02bfb9b
V2-B-N192-R064-C03-X01,minimum_unique_carrier_exposure,0//1,7.239684375,true,experiments/algorithmic_compression_v2/results/raw_runs/V2-B-N192-R064-C03-X01/minimum_unique_carrier_exposure__mandatory_only.toml,9424cfc5a5143f0bc3189b599a9bef9b2cb0e70acf970f5ee2ad420d3af0e386
V2-B-N192-R064-C03-X01,multistart_random_rechecked_deletion_32,0//1,222.307242833,true,experiments/algorithmic_compression_v2/results/raw_runs/V2-B-N192-R064-C03-X01/multistart_random_rechecked_deletion_32__mandatory_only.toml,dfd1e87b3fdb12d85e0e56e8b9e2231dbb7c0f91b0602e0ef62d8fd1f2d62a0e
V2-B-N192-R064-C03-X01,random_order_rechecked_deletion,0//1,6.254271041,true,experiments/algorithmic_compression_v2/results/raw_runs/V2-B-N192-R064-C03-X01/random_order_rechecked_deletion__mandatory_only.toml,86063954ba0e3cf595bdb768c188ea13e89b227fcdc82e69208d169853217260
V2-B-N192-R064-C03-X01,weighted_greedy,1//8,0.657924625,true,experiments/algorithmic_compression_v2/results/raw_runs/V2-B-N192-R064-C03-X01/weighted_greedy__mandatory_only.toml,a4ef684ef2a072270e1233d57fc3e4e1541a74db5f6417465b4c5d712eef7e97
V2-B-N192-R064-C03-X01,weighted_greedy_reverse_delete,0//1,0.781664084,true,experiments/algorithmic_compression_v2/results/raw_runs/V2-B-N192-R064-C03-X01/weighted_greedy_reverse_delete__mandatory_only.toml,7df08ce597590e907dc0e95644124b2387fb536cfd11267fc1cf0c7a8c9629c1
V2-B-N192-R064-C03-X02,cardinality_greedy,0//1,0.703881584,true,experiments/algorithmic_compression_v2/results/raw_runs/V2-B-N192-R064-C03-X02/cardinality_greedy__mandatory_only.toml,f05fc8566f554cf7f8a261901629364dddf1597999caa0d7e325a53404bcaa9a
V2-B-N192-R064-C03-X02,declared_source_order,0//1,10.937126334,true,experiments/algorithmic_compression_v2/results/raw_runs/V2-B-N192-R064-C03-X02/declared_source_order__mandatory_only.toml,6a3a6a578b1ebc499f993d1c2972a9836504635a5dbe4c7a6df50ceedee2aec0
V2-B-N192-R064-C03-X02,heaviest_safe_first,0//1,6.922524208,true,experiments/algorithmic_compression_v2/results/raw_runs/V2-B-N192-R064-C03-X02/heaviest_safe_first__mandatory_only.toml,cfa8329273ec67c25b5508d92f03c313fee3cce9cfad0c836c2ddef021719ed2
V2-B-N192-R064-C03-X02,lightest_safe_first,0//1,10.378178458,true,experiments/algorithmic_compression_v2/results/raw_runs/V2-B-N192-R064-C03-X02/lightest_safe_first__mandatory_only.toml,f033d6910be167086bce44a7a1341b4b35e5db9d940f7c8093a49e48051e9b35
V2-B-N192-R064-C03-X02,maximum_immediate_burden_release,0//1,5.711718708,true,experiments/algorithmic_compression_v2/results/raw_runs/V2-B-N192-R064-C03-X02/maximum_immediate_burden_release__mandatory_only.toml,affdb4e70e5e9b86f6c2330c7d1fd0aea92791a2e69a023b3d40efda4f80d408
V2-B-N192-R064-C03-X02,minimum_unique_carrier_exposure,0//1,7.075630625,true,experiments/algorithmic_compression_v2/results/raw_runs/V2-B-N192-R064-C03-X02/minimum_unique_carrier_exposure__mandatory_only.toml,afce2d93a823f2564f97f1c95b307d5b00f2effe332d3827415f38a48b81e761
V2-B-N192-R064-C03-X02,multistart_random_rechecked_deletion_32,0//1,218.023467083,true,experiments/algorithmic_compression_v2/results/raw_runs/V2-B-N192-R064-C03-X02/multistart_random_rechecked_deletion_32__mandatory_only.toml,0c5777ad793f52101119dc63f33fa70ccee88310d692baf42b2c16766bc6b82e
V2-B-N192-R064-C03-X02,random_order_rechecked_deletion,0//1,9.264356375,true,experiments/algorithmic_compression_v2/results/raw_runs/V2-B-N192-R064-C03-X02/random_order_rechecked_deletion__mandatory_only.toml,004ef6a48040b513ac899a810d5b2e4704aaf9b33aafa27172d539b37bbb8cd9
V2-B-N192-R064-C03-X02,weighted_greedy,1//14,0.926118792,true,experiments/algorithmic_compression_v2/results/raw_runs/V2-B-N192-R064-C03-X02/weighted_greedy__mandatory_only.toml,ca17798d033ab70d47c1015056bf4cbc0edd6f98c4e7820ce33390166aef5e56
V2-B-N192-R064-C03-X02,weighted_greedy_reverse_delete,0//1,0.93841475,true,experiments/algorithmic_compression_v2/results/raw_runs/V2-B-N192-R064-C03-X02/weighted_greedy_reverse_delete__mandatory_only.toml,b2f2fe1a2d475768a5acf2695b6bb2ee7c99f7fc9e7b6b97e586d7086c437a6b
V2-B-N192-R064-C04-X01,cardinality_greedy,15//2,0.669874834,true,experiments/algorithmic_compression_v2/results/raw_runs/V2-B-N192-R064-C04-X01/cardinality_greedy__mandatory_only.toml,dd988c98638abe3d49d8e4a21122e0fe230ddac2185e65cf78d3ac0b2e72345f
V2-B-N192-R064-C04-X01,declared_source_order,4//1,5.654709875,true,experiments/algorithmic_compression_v2/results/raw_runs/V2-B-N192-R064-C04-X01/declared_source_order__mandatory_only.toml,7ef4795c14ac660518c60602c95948227207194307dd159e16292fe864ba54db
V2-B-N192-R064-C04-X01,heaviest_safe_first,0//1,6.124161458,true,experiments/algorithmic_compression_v2/results/raw_runs/V2-B-N192-R064-C04-X01/heaviest_safe_first__mandatory_only.toml,afb2fe544d5a6bc3ed9f49880867eeacdb7f25a17ad24f32fa4e9eb883f496b7
V2-B-N192-R064-C04-X01,lightest_safe_first,15//1,5.297530041,true,experiments/algorithmic_compression_v2/results/raw_runs/V2-B-N192-R064-C04-X01/lightest_safe_first__mandatory_only.toml,a8ec66beeb502745fdd5064ee8f60fe1f3736094210474f7fe432017406996fc
V2-B-N192-R064-C04-X01,maximum_immediate_burden_release,0//1,7.318453083,true,experiments/algorithmic_compression_v2/results/raw_runs/V2-B-N192-R064-C04-X01/maximum_immediate_burden_release__mandatory_only.toml,60479118574b18e01b6c6cbd762110c85a63111a3c2a351a3c3a0451816f0644
V2-B-N192-R064-C04-X01,minimum_unique_carrier_exposure,0//1,6.32403325,true,experiments/algorithmic_compression_v2/results/raw_runs/V2-B-N192-R064-C04-X01/minimum_unique_carrier_exposure__mandatory_only.toml,cfb114be21fcbab1e86b07c53f80b31c87b0e19efcd445e7ecd161a9d1c8037c
V2-B-N192-R064-C04-X01,multistart_random_rechecked_deletion_32,0//1,183.022534833,true,experiments/algorithmic_compression_v2/results/raw_runs/V2-B-N192-R064-C04-X01/multistart_random_rechecked_deletion_32__mandatory_only.toml,f7faddff58328d5230e7ab11183521d5a47e822f3ae95d90e621f8ea5a438346
V2-B-N192-R064-C04-X01,random_order_rechecked_deletion,4//1,6.472195667,true,experiments/algorithmic_compression_v2/results/raw_runs/V2-B-N192-R064-C04-X01/random_order_rechecked_deletion__mandatory_only.toml,3b3daf7a5290b7d944f5e6748462396d31e8e17bb8a7151cc00bc1a840d885b0
V2-B-N192-R064-C04-X01,weighted_greedy,0//1,0.602598959,true,experiments/algorithmic_compression_v2/results/raw_runs/V2-B-N192-R064-C04-X01/weighted_greedy__mandatory_only.toml,8b4edb98188f4277e7dad3601e000029e3f0ef6dcfe13026e32d081bda0545a6
V2-B-N192-R064-C04-X01,weighted_greedy_reverse_delete,0//1,0.763707,true,experiments/algorithmic_compression_v2/results/raw_runs/V2-B-N192-R064-C04-X01/weighted_greedy_reverse_delete__mandatory_only.toml,8d14726fb74cccda728b0693fd6bb58f8784a7ead82377831412c48d71703a8f
V2-B-N192-R064-C04-X02,cardinality_greedy,1//1,1.324150833,true,experiments/algorithmic_compression_v2/results/raw_runs/V2-B-N192-R064-C04-X02/cardinality_greedy__mandatory_only.toml,266931b020801c6d2bbe50baaf570dff18b9147cfc06dbe9d9193e75f7fe0f2f
V2-B-N192-R064-C04-X02,declared_source_order,5//1,5.797778542,true,experiments/algorithmic_compression_v2/results/raw_runs/V2-B-N192-R064-C04-X02/declared_source_order__mandatory_only.toml,8c593f0409d783794d950d3f070751dbd7e01ae0f5218eccd8f52e3848828524
V2-B-N192-R064-C04-X02,heaviest_safe_first,0//1,7.552934625,true,experiments/algorithmic_compression_v2/results/raw_runs/V2-B-N192-R064-C04-X02/heaviest_safe_first__mandatory_only.toml,e7a239fa64a6ffa26f1527a48ee84338111b618d080a8885baa9c1d5d85df371
V2-B-N192-R064-C04-X02,lightest_safe_first,15//1,6.758298375,true,experiments/algorithmic_compression_v2/results/raw_runs/V2-B-N192-R064-C04-X02/lightest_safe_first__mandatory_only.toml,53a288761702c44e3221d07d14c6f917a2ff1db6a7c46ce086cfaac59ee00f86
V2-B-N192-R064-C04-X02,maximum_immediate_burden_release,0//1,6.864853792,true,experiments/algorithmic_compression_v2/results/raw_runs/V2-B-N192-R064-C04-X02/maximum_immediate_burden_release__mandatory_only.toml,9700a81b166df6facc549e61ad680c00f4d2b3d7769986707e22ec7f3ee44494
V2-B-N192-R064-C04-X02,minimum_unique_carrier_exposure,0//1,6.604003333,true,experiments/algorithmic_compression_v2/results/raw_runs/V2-B-N192-R064-C04-X02/minimum_unique_carrier_exposure__mandatory_only.toml,9897cdf7c33f86e0f773971c569793ae2d89d36d5a7b34232fcf76ebac1d2dd0
V2-B-N192-R064-C04-X02,multistart_random_rechecked_deletion_32,1//2,204.647555875,true,experiments/algorithmic_compression_v2/results/raw_runs/V2-B-N192-R064-C04-X02/multistart_random_rechecked_deletion_32__mandatory_only.toml,2b86f64deac9c9ceed2e8b21e0e53316d3703ad25ee6619fe03c065e57644214
V2-B-N192-R064-C04-X02,random_order_rechecked_deletion,15//1,6.408766916,true,experiments/algorithmic_compression_v2/results/raw_runs/V2-B-N192-R064-C04-X02/random_order_rechecked_deletion__mandatory_only.toml,978a3e174b26a54d4d80ca55eaceba9d70f893bbf0d62811572342f96b9938fc
V2-B-N192-R064-C04-X02,weighted_greedy,0//1,0.588625166,true,experiments/algorithmic_compression_v2/results/raw_runs/V2-B-N192-R064-C04-X02/weighted_greedy__mandatory_only.toml,a24d3a1d4cd1e8c3cc5e8b4eef1cc91a073a9ae84f3a38adc84e552821188d95
V2-B-N192-R064-C04-X02,weighted_greedy_reverse_delete,0//1,0.733670292,true,experiments/algorithmic_compression_v2/results/raw_runs/V2-B-N192-R064-C04-X02/weighted_greedy_reverse_delete__mandatory_only.toml,a12828f643ef5554ca8c117bba47c5586c441cb78ae8e59bca5c75b25da4edc1
V2-B-N192-R064-C05-X01,cardinality_greedy,2//3,0.574302375,true,experiments/algorithmic_compression_v2/results/raw_runs/V2-B-N192-R064-C05-X01/cardinality_greedy__mandatory_only.toml,4fd5b7e9fae78ec965f8999763bfc585a500b3d028dbee82f89c8ccf70270c28
V2-B-N192-R064-C05-X01,declared_source_order,22//3,4.167777959,true,experiments/algorithmic_compression_v2/results/raw_runs/V2-B-N192-R064-C05-X01/declared_source_order__mandatory_only.toml,c3ed61e6d32950c6571eb6e171e609057579da3f04983224112c39b6f137a31d
V2-B-N192-R064-C05-X01,heaviest_safe_first,0//1,5.3073445,true,experiments/algorithmic_compression_v2/results/raw_runs/V2-B-N192-R064-C05-X01/heaviest_safe_first__mandatory_only.toml,a8ba72984728a1bbe6408340d9a291d808186a3566de4381e9eee2c20252f990
V2-B-N192-R064-C05-X01,lightest_safe_first,61//3,4.968333041,true,experiments/algorithmic_compression_v2/results/raw_runs/V2-B-N192-R064-C05-X01/lightest_safe_first__mandatory_only.toml,6e23e6986dbac7bfd1bae6987ab05beeffe74163a20d6dde6850bb8568514cbd
V2-B-N192-R064-C05-X01,maximum_immediate_burden_release,0//1,5.301659125,true,experiments/algorithmic_compression_v2/results/raw_runs/V2-B-N192-R064-C05-X01/maximum_immediate_burden_release__mandatory_only.toml,bcc009c6b7a5aeacc4d45b0edd51d6dc96171876f7e838da2945721d68da5ece
V2-B-N192-R064-C05-X01,minimum_unique_carrier_exposure,0//1,4.286174042,true,experiments/algorithmic_compression_v2/results/raw_runs/V2-B-N192-R064-C05-X01/minimum_unique_carrier_exposure__mandatory_only.toml,ff35c2ba809fa3b91685fb545ce03f132a2568ca626b163e52433cac67c2ac37
V2-B-N192-R064-C05-X01,multistart_random_rechecked_deletion_32,2//3,165.741712667,true,experiments/algorithmic_compression_v2/results/raw_runs/V2-B-N192-R064-C05-X01/multistart_random_rechecked_deletion_32__mandatory_only.toml,cc9799e64ba9d63354dda490e11d9a8015bec859954ca54926f75732132df68b
V2-B-N192-R064-C05-X01,random_order_rechecked_deletion,2//1,7.647074167,true,experiments/algorithmic_compression_v2/results/raw_runs/V2-B-N192-R064-C05-X01/random_order_rechecked_deletion__mandatory_only.toml,551baee319ce663a130a0943896c1228b77de881ed546006080583813b6c48aa
V2-B-N192-R064-C05-X01,weighted_greedy,0//1,0.757977,true,experiments/algorithmic_compression_v2/results/raw_runs/V2-B-N192-R064-C05-X01/weighted_greedy__mandatory_only.toml,523ab39a1f56aa7a2e5bd90dd1dfae6535fd52af5368be468a28dd1f5b994da3
V2-B-N192-R064-C05-X01,weighted_greedy_reverse_delete,0//1,0.855911584,true,experiments/algorithmic_compression_v2/results/raw_runs/V2-B-N192-R064-C05-X01/weighted_greedy_reverse_delete__mandatory_only.toml,28cbfa5cc315361606b68d508be331c668de29d5f7cb7c4b8ed7c790030474b3
V2-B-N192-R064-C05-X02,cardinality_greedy,5//3,0.96028275,true,experiments/algorithmic_compression_v2/results/raw_runs/V2-B-N192-R064-C05-X02/cardinality_greedy__mandatory_only.toml,03b6a59371f31606580624ebf085fbc0e6c883445d6fb5c6c2dff9cfd8363c58
V2-B-N192-R064-C05-X02,declared_source_order,14//3,4.327783334,true,experiments/algorithmic_compression_v2/results/raw_runs/V2-B-N192-R064-C05-X02/declared_source_order__mandatory_only.toml,c145c1bc7294a34419cb003aec61fe4191e94b089d995ccb88ecb53dddaf44dc
V2-B-N192-R064-C05-X02,heaviest_safe_first,0//1,4.981439625,true,experiments/algorithmic_compression_v2/results/raw_runs/V2-B-N192-R064-C05-X02/heaviest_safe_first__mandatory_only.toml,f28df5a77a6d6542f672a7197b436ae62c0dee3478ef402a9949261332f5ccf0
V2-B-N192-R064-C05-X02,lightest_safe_first,61//3,4.691240333,true,experiments/algorithmic_compression_v2/results/raw_runs/V2-B-N192-R064-C05-X02/lightest_safe_first__mandatory_only.toml,fe093b78af7aeca3d8e0f0257b20f5d86946c11043bf20c1b85d666b98c10111
V2-B-N192-R064-C05-X02,maximum_immediate_burden_release,0//1,4.136989583,true,experiments/algorithmic_compression_v2/results/raw_runs/V2-B-N192-R064-C05-X02/maximum_immediate_burden_release__mandatory_only.toml,78af58ad106997272b104e391991070471fcdccd12478951cbfefc97c1383673
V2-B-N192-R064-C05-X02,minimum_unique_carrier_exposure,0//1,4.687563,true,experiments/algorithmic_compression_v2/results/raw_runs/V2-B-N192-R064-C05-X02/minimum_unique_carrier_exposure__mandatory_only.toml,51aa6bed8b86bff7320e6408c3948092e653c9e251119e95853f09ffbe93d3df
V2-B-N192-R064-C05-X02,multistart_random_rechecked_deletion_32,8//3,122.42181175,true,experiments/algorithmic_compression_v2/results/raw_runs/V2-B-N192-R064-C05-X02/multistart_random_rechecked_deletion_32__mandatory_only.toml,b5e1e82dcd9cf688c95951e6853534669e5fe153dfa711213aacc332e4de08b1
V2-B-N192-R064-C05-X02,random_order_rechecked_deletion,20//3,6.100313875,true,experiments/algorithmic_compression_v2/results/raw_runs/V2-B-N192-R064-C05-X02/random_order_rechecked_deletion__mandatory_only.toml,5475584b90e87aa78661a680e31439831203e1a7aaa0b418aadccd50775ca67f
V2-B-N192-R064-C05-X02,weighted_greedy,0//1,0.503217167,true,experiments/algorithmic_compression_v2/results/raw_runs/V2-B-N192-R064-C05-X02/weighted_greedy__mandatory_only.toml,5bc7e59bc6483721ad31fd8b00ce42601bc10bab75597d734ec27a3362f3dd8f
V2-B-N192-R064-C05-X02,weighted_greedy_reverse_delete,0//1,0.548895458,true,experiments/algorithmic_compression_v2/results/raw_runs/V2-B-N192-R064-C05-X02/weighted_greedy_reverse_delete__mandatory_only.toml,fdeb018cf9355d5f214b50ae8d230ef7916f07605e70b5ca345910abed90e5ec
V2-B-N192-R064-C06-X01,cardinality_greedy,1//9,1.371384917,true,experiments/algorithmic_compression_v2/results/raw_runs/V2-B-N192-R064-C06-X01/cardinality_greedy__mandatory_only.toml,4a5b2830d41d2364cc1c8ff66c56a6184d307eff852cf84a94fbd0cd5adf56d0
V2-B-N192-R064-C06-X01,declared_source_order,0//1,5.389608542,true,experiments/algorithmic_compression_v2/results/raw_runs/V2-B-N192-R064-C06-X01/declared_source_order__mandatory_only.toml,00bfc04344a3a753dd20782359a96d7f8a5522f5377a5757ae3c291ce907cb49
V2-B-N192-R064-C06-X01,heaviest_safe_first,0//1,5.497357667,true,experiments/algorithmic_compression_v2/results/raw_runs/V2-B-N192-R064-C06-X01/heaviest_safe_first__mandatory_only.toml,f7507cdb77a4867b4a82cb5fb93d06dff74ca370901a83bb93d160c75e8da4c9
V2-B-N192-R064-C06-X01,lightest_safe_first,1//9,5.237278458,true,experiments/algorithmic_compression_v2/results/raw_runs/V2-B-N192-R064-C06-X01/lightest_safe_first__mandatory_only.toml,34e56ad6d64c7141df50f677ce6a5b22c70fee8e2cf71bad7513c417ec16f697
V2-B-N192-R064-C06-X01,maximum_immediate_burden_release,0//1,6.348103125,true,experiments/algorithmic_compression_v2/results/raw_runs/V2-B-N192-R064-C06-X01/maximum_immediate_burden_release__mandatory_only.toml,9d926970e2f22c96068106b35d5e035e1568d513832674095b548d9de808ce8f
V2-B-N192-R064-C06-X01,minimum_unique_carrier_exposure,0//1,5.118256541,true,experiments/algorithmic_compression_v2/results/raw_runs/V2-B-N192-R064-C06-X01/minimum_unique_carrier_exposure__mandatory_only.toml,3ad185c5358d11adab1d805eff68a129ce21705764ead8d6c568dbff82a04608
V2-B-N192-R064-C06-X01,multistart_random_rechecked_deletion_32,0//1,161.649830959,true,experiments/algorithmic_compression_v2/results/raw_runs/V2-B-N192-R064-C06-X01/multistart_random_rechecked_deletion_32__mandatory_only.toml,8ce999f2c42c2c00d3a330e3428ae8e04b367c3462f6ee490e7838e62bb6b6e1
V2-B-N192-R064-C06-X01,random_order_rechecked_deletion,1//18,4.296745625,true,experiments/algorithmic_compression_v2/results/raw_runs/V2-B-N192-R064-C06-X01/random_order_rechecked_deletion__mandatory_only.toml,292aeabe51b8115d3d30d91eb1df3bf3de121fc5147b0fc4c43a995333836dc0
V2-B-N192-R064-C06-X01,weighted_greedy,0//1,0.286915292,true,experiments/algorithmic_compression_v2/results/raw_runs/V2-B-N192-R064-C06-X01/weighted_greedy__mandatory_only.toml,16a846106d8d4dcaa1e3a712d27e30342a5bd681f1960521c9459732dda0b018
V2-B-N192-R064-C06-X01,weighted_greedy_reverse_delete,0//1,0.629281542,true,experiments/algorithmic_compression_v2/results/raw_runs/V2-B-N192-R064-C06-X01/weighted_greedy_reverse_delete__mandatory_only.toml,2c742132a0ec1b09c947cbe72d6a8b4ad87137722296e2fd99412ea6ff57e170
V2-B-N192-R064-C06-X02,cardinality_greedy,0//1,0.667262667,true,experiments/algorithmic_compression_v2/results/raw_runs/V2-B-N192-R064-C06-X02/cardinality_greedy__mandatory_only.toml,d5980f1f5d3f2bae1ba09a0a78e31a4aefeae9cd85bd977f006105d8751e0d09
V2-B-N192-R064-C06-X02,declared_source_order,0//1,5.778522375,true,experiments/algorithmic_compression_v2/results/raw_runs/V2-B-N192-R064-C06-X02/declared_source_order__mandatory_only.toml,3883f48a6fbb7574731470fc289df5a32f7e47cb8a2267d91539d1ebffeb18e9
V2-B-N192-R064-C06-X02,heaviest_safe_first,0//1,5.734679,true,experiments/algorithmic_compression_v2/results/raw_runs/V2-B-N192-R064-C06-X02/heaviest_safe_first__mandatory_only.toml,9544ab2fc3ca57af502d03dda8acea170080d2fcc005819a4d4b90c7bc1b360c
V2-B-N192-R064-C06-X02,lightest_safe_first,2//19,5.073943792,true,experiments/algorithmic_compression_v2/results/raw_runs/V2-B-N192-R064-C06-X02/lightest_safe_first__mandatory_only.toml,7be5845fd5d99d6bcf2b3e2c6fbcfcb4bf09fe55183d3bec5dbf19b013813cd2
V2-B-N192-R064-C06-X02,maximum_immediate_burden_release,0//1,6.310850208,true,experiments/algorithmic_compression_v2/results/raw_runs/V2-B-N192-R064-C06-X02/maximum_immediate_burden_release__mandatory_only.toml,f672173f72a21d008d95aac087dbe10d60f3a547fce698eb34c2fd1198de83bb
V2-B-N192-R064-C06-X02,minimum_unique_carrier_exposure,0//1,5.496976,true,experiments/algorithmic_compression_v2/results/raw_runs/V2-B-N192-R064-C06-X02/minimum_unique_carrier_exposure__mandatory_only.toml,e422902c2cbe6aba528bfaa88a46582597728e36c5aed8657aa676fe9fe90382
V2-B-N192-R064-C06-X02,multistart_random_rechecked_deletion_32,0//1,151.665364458,true,experiments/algorithmic_compression_v2/results/raw_runs/V2-B-N192-R064-C06-X02/multistart_random_rechecked_deletion_32__mandatory_only.toml,289413ee2b9ca22d5844511f025853fd84d617bea5a9ed4a746e9a298c7c445c
V2-B-N192-R064-C06-X02,random_order_rechecked_deletion,0//1,6.316556583,true,experiments/algorithmic_compression_v2/results/raw_runs/V2-B-N192-R064-C06-X02/random_order_rechecked_deletion__mandatory_only.toml,75fdae9ce84b68c4172a12bf4001a30f41c1fa6433067de4d1ff833aabc34310
V2-B-N192-R064-C06-X02,weighted_greedy,0//1,0.535814167,true,experiments/algorithmic_compression_v2/results/raw_runs/V2-B-N192-R064-C06-X02/weighted_greedy__mandatory_only.toml,1b81eb6d694ae7a97ce95f0dfa2427a7caf616f7e8cc1c56baba7d5b822ec104
V2-B-N192-R064-C06-X02,weighted_greedy_reverse_delete,0//1,0.645206708,true,experiments/algorithmic_compression_v2/results/raw_runs/V2-B-N192-R064-C06-X02/weighted_greedy_reverse_delete__mandatory_only.toml,6d84bbc25589529df17908aab85aa3ed6a27c89b4a3b77f79e2c3438b5d9047d
V2-B-N192-R064-C07-X01,cardinality_greedy,1//23,0.965507209,true,experiments/algorithmic_compression_v2/results/raw_runs/V2-B-N192-R064-C07-X01/cardinality_greedy__mandatory_only.toml,8ef607f0091a5aa1129c0bcae001a31c1e638ebf4b9103576743300413f14b22
V2-B-N192-R064-C07-X01,declared_source_order,0//1,6.546508,true,experiments/algorithmic_compression_v2/results/raw_runs/V2-B-N192-R064-C07-X01/declared_source_order__mandatory_only.toml,19fdb52142aa81d1faa2439f005a65252f9ca6acad06872ae5838d8b9f8a4ccf
V2-B-N192-R064-C07-X01,heaviest_safe_first,0//1,5.912581542,true,experiments/algorithmic_compression_v2/results/raw_runs/V2-B-N192-R064-C07-X01/heaviest_safe_first__mandatory_only.toml,727208cd5ad80f6d053101d7461e5b049c633b475f848dd46a318e04dcdd226d
V2-B-N192-R064-C07-X01,lightest_safe_first,0//1,5.324785375,true,experiments/algorithmic_compression_v2/results/raw_runs/V2-B-N192-R064-C07-X01/lightest_safe_first__mandatory_only.toml,2b0bae8d9be5d5de488312c4eb01733d3900504eedb3059b8c3040a0eda770ad
V2-B-N192-R064-C07-X01,maximum_immediate_burden_release,0//1,6.739155625,true,experiments/algorithmic_compression_v2/results/raw_runs/V2-B-N192-R064-C07-X01/maximum_immediate_burden_release__mandatory_only.toml,ace4b004943f3648fdfcccee71d4fe5720c1bc068e762ded73e09e41b7ae5b09
V2-B-N192-R064-C07-X01,minimum_unique_carrier_exposure,0//1,5.054801208,true,experiments/algorithmic_compression_v2/results/raw_runs/V2-B-N192-R064-C07-X01/minimum_unique_carrier_exposure__mandatory_only.toml,1d447147a7bf03d3e90ca6b39126f96e756e4f83b2d2f180b2e265b414b9decb
V2-B-N192-R064-C07-X01,multistart_random_rechecked_deletion_32,0//1,208.141796334,true,experiments/algorithmic_compression_v2/results/raw_runs/V2-B-N192-R064-C07-X01/multistart_random_rechecked_deletion_32__mandatory_only.toml,5499e688b20b0931640ad41b4eb646828c61606583619f823e308b2be55c885b
V2-B-N192-R064-C07-X01,random_order_rechecked_deletion,0//1,6.213359042,true,experiments/algorithmic_compression_v2/results/raw_runs/V2-B-N192-R064-C07-X01/random_order_rechecked_deletion__mandatory_only.toml,afd47b8287de89f27d6a2ce9cac7f6623b28d0b8f05a1cd109f7560e0e88259a
V2-B-N192-R064-C07-X01,weighted_greedy,1//46,0.784950292,true,experiments/algorithmic_compression_v2/results/raw_runs/V2-B-N192-R064-C07-X01/weighted_greedy__mandatory_only.toml,d8ea82c1660cfcd5531016e2793521bdeb96b2342c2cbbe6b7d78418bf6cd3d6
V2-B-N192-R064-C07-X01,weighted_greedy_reverse_delete,0//1,1.634249458,true,experiments/algorithmic_compression_v2/results/raw_runs/V2-B-N192-R064-C07-X01/weighted_greedy_reverse_delete__mandatory_only.toml,89b5b968ff14f7a3002a036dcbb51a137eb43df26bdd5d8118beaaefdc983b8f
V2-B-N192-R064-C07-X02,cardinality_greedy,8//53,0.769841125,true,experiments/algorithmic_compression_v2/results/raw_runs/V2-B-N192-R064-C07-X02/cardinality_greedy__mandatory_only.toml,6785e3eda6be9ddbcfbecdc661a89831e04b9c7da3c42f5d3315842a46cb21fc
V2-B-N192-R064-C07-X02,declared_source_order,0//1,6.3028795,true,experiments/algorithmic_compression_v2/results/raw_runs/V2-B-N192-R064-C07-X02/declared_source_order__mandatory_only.toml,449948858aadcab97207b78f5c79cf28e6f523d5aa2052cb423851b4e641fdf3
V2-B-N192-R064-C07-X02,heaviest_safe_first,0//1,7.906742834,true,experiments/algorithmic_compression_v2/results/raw_runs/V2-B-N192-R064-C07-X02/heaviest_safe_first__mandatory_only.toml,7a50a5c1166fc662b214359a0e33c81e05ed1a3e381d46808a24ad67674ebba6
V2-B-N192-R064-C07-X02,lightest_safe_first,0//1,7.117737542,true,experiments/algorithmic_compression_v2/results/raw_runs/V2-B-N192-R064-C07-X02/lightest_safe_first__mandatory_only.toml,864a54bcd33ed02bc7ba38b4ee5c5353459b8cdb957827ddd52421397c305402
V2-B-N192-R064-C07-X02,maximum_immediate_burden_release,0//1,9.592541292,true,experiments/algorithmic_compression_v2/results/raw_runs/V2-B-N192-R064-C07-X02/maximum_immediate_burden_release__mandatory_only.toml,b9b6d2161a6fe651000cdf719a09e0e3d1a6e6f00096d86ef4277ccb02f6ed19
V2-B-N192-R064-C07-X02,minimum_unique_carrier_exposure,0//1,6.043470709,true,experiments/algorithmic_compression_v2/results/raw_runs/V2-B-N192-R064-C07-X02/minimum_unique_carrier_exposure__mandatory_only.toml,a3210892c91ba6a9f32cef524fee3f7f4b1618f99030f804c1182096d01620c0
V2-B-N192-R064-C07-X02,multistart_random_rechecked_deletion_32,0//1,206.028634333,true,experiments/algorithmic_compression_v2/results/raw_runs/V2-B-N192-R064-C07-X02/multistart_random_rechecked_deletion_32__mandatory_only.toml,8b12a2092baba2b60fefd036bd97e975f3885e23757194acd198ef970dc0e37b
V2-B-N192-R064-C07-X02,random_order_rechecked_deletion,0//1,6.773941,true,experiments/algorithmic_compression_v2/results/raw_runs/V2-B-N192-R064-C07-X02/random_order_rechecked_deletion__mandatory_only.toml,dbd7f8266eb436ae5541aceb4848aed904960fd8643f86e82a062a2841071a6f
V2-B-N192-R064-C07-X02,weighted_greedy,2//53,0.325110833,true,experiments/algorithmic_compression_v2/results/raw_runs/V2-B-N192-R064-C07-X02/weighted_greedy__mandatory_only.toml,13e571ba5527fd505ba4c15e7fa0783f99b859d2e7704d22ff2b2a1e571dacc5
V2-B-N192-R064-C07-X02,weighted_greedy_reverse_delete,0//1,0.830945583,true,experiments/algorithmic_compression_v2/results/raw_runs/V2-B-N192-R064-C07-X02/weighted_greedy_reverse_delete__mandatory_only.toml,0353b194e2f33d07006178c9a6f67559f0edb060810f5fe4b5b6398854ab28c6
V2-B-N192-R064-C08-X01,cardinality_greedy,1//2,0.247854125,true,experiments/algorithmic_compression_v2/results/raw_runs/V2-B-N192-R064-C08-X01/cardinality_greedy__mandatory_only.toml,fc050b5839cb219709302219f46f4bb336892a1dacaeb68dc05686b15f81387e
V2-B-N192-R064-C08-X01,declared_source_order,1//1,6.9322635,true,experiments/algorithmic_compression_v2/results/raw_runs/V2-B-N192-R064-C08-X01/declared_source_order__mandatory_only.toml,f97c599ca1a76ef0d693a43765c2d15d2644ccc15b75d46719127b204e8fb4f2
V2-B-N192-R064-C08-X01,heaviest_safe_first,0//1,6.375764875,true,experiments/algorithmic_compression_v2/results/raw_runs/V2-B-N192-R064-C08-X01/heaviest_safe_first__mandatory_only.toml,ab6b2796f9cd6de0f00b7423a11e9dfe8373277255d02bf482a887c0efea77ee
V2-B-N192-R064-C08-X01,lightest_safe_first,2//1,6.099481458,true,experiments/algorithmic_compression_v2/results/raw_runs/V2-B-N192-R064-C08-X01/lightest_safe_first__mandatory_only.toml,0e8ef35c2ddabea9cd6c6cde89c3af4ee8942f609dfa0fefec7b3eb9e777b9cf
V2-B-N192-R064-C08-X01,maximum_immediate_burden_release,0//1,6.018790625,true,experiments/algorithmic_compression_v2/results/raw_runs/V2-B-N192-R064-C08-X01/maximum_immediate_burden_release__mandatory_only.toml,4a4c88bf27b6bebc96252e969c5c7e38f0cb1d5e9e55dff010b106edafbb71f6
V2-B-N192-R064-C08-X01,minimum_unique_carrier_exposure,0//1,6.025774,true,experiments/algorithmic_compression_v2/results/raw_runs/V2-B-N192-R064-C08-X01/minimum_unique_carrier_exposure__mandatory_only.toml,daf410701599b26d1d4211156af62963c42da25f7492c298d0f3b33603cd0451
V2-B-N192-R064-C08-X01,multistart_random_rechecked_deletion_32,0//1,183.516479458,true,experiments/algorithmic_compression_v2/results/raw_runs/V2-B-N192-R064-C08-X01/multistart_random_rechecked_deletion_32__mandatory_only.toml,d01995fb6097abdb873b40ff78625d145010833075313bd3c6548f89661a264a
V2-B-N192-R064-C08-X01,random_order_rechecked_deletion,3//2,5.364753208,true,experiments/algorithmic_compression_v2/results/raw_runs/V2-B-N192-R064-C08-X01/random_order_rechecked_deletion__mandatory_only.toml,e79e62f637792347c8102c2982a56efa6c0c892d1086f9eba7f4a43fb17b75b9
V2-B-N192-R064-C08-X01,weighted_greedy,0//1,0.678653375,true,experiments/algorithmic_compression_v2/results/raw_runs/V2-B-N192-R064-C08-X01/weighted_greedy__mandatory_only.toml,0c18b69779a3c781e0f8f5438e11700936e21d76ad530de1d7163a104dd00630
V2-B-N192-R064-C08-X01,weighted_greedy_reverse_delete,0//1,0.976900958,true,experiments/algorithmic_compression_v2/results/raw_runs/V2-B-N192-R064-C08-X01/weighted_greedy_reverse_delete__mandatory_only.toml,2c81613ef48e1bfc56268b1ebccdffb835e6851926a2781827009abafaa57ed0
V2-B-N192-R064-C08-X02,cardinality_greedy,3//2,0.892124541,true,experiments/algorithmic_compression_v2/results/raw_runs/V2-B-N192-R064-C08-X02/cardinality_greedy__mandatory_only.toml,cf44289fb93546fab6a4b486dfe24c897a39f9cef7068852dc16092679bffe8b
V2-B-N192-R064-C08-X02,declared_source_order,1//1,6.112643333,true,experiments/algorithmic_compression_v2/results/raw_runs/V2-B-N192-R064-C08-X02/declared_source_order__mandatory_only.toml,34c009171cc98182e5f7b22abae9e87e482e83b2a3f1efe8c060b57ec2c25903
V2-B-N192-R064-C08-X02,heaviest_safe_first,0//1,5.642159583,true,experiments/algorithmic_compression_v2/results/raw_runs/V2-B-N192-R064-C08-X02/heaviest_safe_first__mandatory_only.toml,9a89c1b066095f8d771e13447581a4f0a0784ce8ffbcdcbcd24a4862cbd538e8
V2-B-N192-R064-C08-X02,lightest_safe_first,2//1,6.555674708,true,experiments/algorithmic_compression_v2/results/raw_runs/V2-B-N192-R064-C08-X02/lightest_safe_first__mandatory_only.toml,bcc1d04a10f2a9323b47b8b2010cd34ec1801dab8c2c52476a2e6b69a36726da
V2-B-N192-R064-C08-X02,maximum_immediate_burden_release,0//1,5.833833834,true,experiments/algorithmic_compression_v2/results/raw_runs/V2-B-N192-R064-C08-X02/maximum_immediate_burden_release__mandatory_only.toml,ff73123ac5870e1fe74f3561b65694f2f811f0c177884dba8e3ffdd001a02484
V2-B-N192-R064-C08-X02,minimum_unique_carrier_exposure,0//1,5.423080708,true,experiments/algorithmic_compression_v2/results/raw_runs/V2-B-N192-R064-C08-X02/minimum_unique_carrier_exposure__mandatory_only.toml,9a65fbc602c9638185f21f3f0d0ebfbaf8c0c5a4f8247ac4387cc7ea59b6217c
V2-B-N192-R064-C08-X02,multistart_random_rechecked_deletion_32,0//1,180.265330209,true,experiments/algorithmic_compression_v2/results/raw_runs/V2-B-N192-R064-C08-X02/multistart_random_rechecked_deletion_32__mandatory_only.toml,6e38cffd654d3be5f7bd9646b76c0ce1d6e8e385cdb29f753c727f05828132bb
V2-B-N192-R064-C08-X02,random_order_rechecked_deletion,1//1,4.821101458,true,experiments/algorithmic_compression_v2/results/raw_runs/V2-B-N192-R064-C08-X02/random_order_rechecked_deletion__mandatory_only.toml,b0edf015409c21cc2bf403d8dd86c51e7a84d2a665904ae9db8608629218cd22
V2-B-N192-R064-C08-X02,weighted_greedy,0//1,0.853075792,true,experiments/algorithmic_compression_v2/results/raw_runs/V2-B-N192-R064-C08-X02/weighted_greedy__mandatory_only.toml,646ecbf02eee8bc456e33322e7a41a74ddc3bcee8a1ac82a7d7e57f0a62730ec
V2-B-N192-R064-C08-X02,weighted_greedy_reverse_delete,0//1,0.93017175,true,experiments/algorithmic_compression_v2/results/raw_runs/V2-B-N192-R064-C08-X02/weighted_greedy_reverse_delete__mandatory_only.toml,b2a997b17d35cd65af88a7953cbb07d00c9ffc367cc9e85ecdd6851acf3905ba
V2-B-N192-R064-C10-X01,cardinality_greedy,7//51,0.98275725,true,experiments/algorithmic_compression_v2/results/raw_runs/V2-B-N192-R064-C10-X01/cardinality_greedy__mandatory_only.toml,1e8ba994bc596fb5ab8311342f026d2ff0599b963f3e0a2b1a08b50cc12a7ac7
V2-B-N192-R064-C10-X01,declared_source_order,5//17,6.4835735,true,experiments/algorithmic_compression_v2/results/raw_runs/V2-B-N192-R064-C10-X01/declared_source_order__mandatory_only.toml,bfdb47d1569888779dfdf3e5992b8bf01f29e0296134cb2d5c46eed93167f258
V2-B-N192-R064-C10-X01,heaviest_safe_first,0//1,6.234278333,true,experiments/algorithmic_compression_v2/results/raw_runs/V2-B-N192-R064-C10-X01/heaviest_safe_first__mandatory_only.toml,258759a1c604e925d2cde3949174649876e7d23f4910ea423c7a00b405de0521
V2-B-N192-R064-C10-X01,lightest_safe_first,5//17,5.366381958,true,experiments/algorithmic_compression_v2/results/raw_runs/V2-B-N192-R064-C10-X01/lightest_safe_first__mandatory_only.toml,3f1cb73a66a787e3804bf12b62a06ddfdbc21e802f781a3d4fdc519faf21a8a0
V2-B-N192-R064-C10-X01,maximum_immediate_burden_release,0//1,5.25790175,true,experiments/algorithmic_compression_v2/results/raw_runs/V2-B-N192-R064-C10-X01/maximum_immediate_burden_release__mandatory_only.toml,4280e750eb19f508cafee7f2c6f08efc5ba8a2f26089f10e3d93c08bebfd48f9
V2-B-N192-R064-C10-X01,minimum_unique_carrier_exposure,0//1,5.626046166,true,experiments/algorithmic_compression_v2/results/raw_runs/V2-B-N192-R064-C10-X01/minimum_unique_carrier_exposure__mandatory_only.toml,ab1df60ef3ba52ede7dd6a6832dcc40da9220171dc39a6ba0bacbd945b88e2cf
V2-B-N192-R064-C10-X01,multistart_random_rechecked_deletion_32,0//1,145.778555416,true,experiments/algorithmic_compression_v2/results/raw_runs/V2-B-N192-R064-C10-X01/multistart_random_rechecked_deletion_32__mandatory_only.toml,4fc8e84864e0d1e8db2d8a4b4044d0413b515800078cceb559d3771fbf1f5296
V2-B-N192-R064-C10-X01,random_order_rechecked_deletion,0//1,5.8128535,true,experiments/algorithmic_compression_v2/results/raw_runs/V2-B-N192-R064-C10-X01/random_order_rechecked_deletion__mandatory_only.toml,bebaa81e18fc8a5ef443d194bb9b4cf9b3bcdb0197f297b7a38d89358afcc4b8
V2-B-N192-R064-C10-X01,weighted_greedy,0//1,0.812123458,true,experiments/algorithmic_compression_v2/results/raw_runs/V2-B-N192-R064-C10-X01/weighted_greedy__mandatory_only.toml,c32b39ec758b03f468fcd8c47e3ee925a841d414586408c0ed05999dad07d43a
V2-B-N192-R064-C10-X01,weighted_greedy_reverse_delete,0//1,0.875818417,true,experiments/algorithmic_compression_v2/results/raw_runs/V2-B-N192-R064-C10-X01/weighted_greedy_reverse_delete__mandatory_only.toml,ad5a6867fc4635d7cb8d350c9a5cf5a9c367ae9fd875d484ec5298fb3129ca59
V2-B-N192-R064-C10-X02,cardinality_greedy,1//3,0.71278325,true,experiments/algorithmic_compression_v2/results/raw_runs/V2-B-N192-R064-C10-X02/cardinality_greedy__mandatory_only.toml,8edd19a9ad5b929c1b682cac75faa509c8b19168ac4ca73d534d030b4080b783
V2-B-N192-R064-C10-X02,declared_source_order,1//7,4.224196875,true,experiments/algorithmic_compression_v2/results/raw_runs/V2-B-N192-R064-C10-X02/declared_source_order__mandatory_only.toml,35bd89753607a06e159967ddf14232834e7f6bc5586176a485ec98c2fbd53b8e
V2-B-N192-R064-C10-X02,heaviest_safe_first,0//1,5.524283667,true,experiments/algorithmic_compression_v2/results/raw_runs/V2-B-N192-R064-C10-X02/heaviest_safe_first__mandatory_only.toml,b7d39945f0e3d0e519cd3be3f47525b3ba72bffa4e472a2a25bf44b464a9a51c
V2-B-N192-R064-C10-X02,lightest_safe_first,5//7,6.441366208,true,experiments/algorithmic_compression_v2/results/raw_runs/V2-B-N192-R064-C10-X02/lightest_safe_first__mandatory_only.toml,446109ea2fa850a6729923949efc659ce4890742c41e4b1810918d5dd04583d9
V2-B-N192-R064-C10-X02,maximum_immediate_burden_release,0//1,4.409083,true,experiments/algorithmic_compression_v2/results/raw_runs/V2-B-N192-R064-C10-X02/maximum_immediate_burden_release__mandatory_only.toml,48a018fb6c48b356f1ec3e76e020463d13777732ae092e58c957b8195c02de5d
V2-B-N192-R064-C10-X02,minimum_unique_carrier_exposure,0//1,6.264972542,true,experiments/algorithmic_compression_v2/results/raw_runs/V2-B-N192-R064-C10-X02/minimum_unique_carrier_exposure__mandatory_only.toml,f4a19523501620e99563287151320ef07ee39847859821dc0bfd35f147b2b385
V2-B-N192-R064-C10-X02,multistart_random_rechecked_deletion_32,0//1,155.3741965,true,experiments/algorithmic_compression_v2/results/raw_runs/V2-B-N192-R064-C10-X02/multistart_random_rechecked_deletion_32__mandatory_only.toml,ae4f3405fcaa9e2dc92bffae2bba9b01ac37558a0903ed9fd8741f3b738f6061
V2-B-N192-R064-C10-X02,random_order_rechecked_deletion,1//3,5.28396825,true,experiments/algorithmic_compression_v2/results/raw_runs/V2-B-N192-R064-C10-X02/random_order_rechecked_deletion__mandatory_only.toml,306edaeaaa673f5f006520723f863a35e2edaa4c97fa439cf2dcece5e1e241b4
V2-B-N192-R064-C10-X02,weighted_greedy,0//1,1.017613041,true,experiments/algorithmic_compression_v2/results/raw_runs/V2-B-N192-R064-C10-X02/weighted_greedy__mandatory_only.toml,a85dda77178be0625d712cfe63239874de1c4153fdc41471588a2843c4122081
V2-B-N192-R064-C10-X02,weighted_greedy_reverse_delete,0//1,0.895979583,true,experiments/algorithmic_compression_v2/results/raw_runs/V2-B-N192-R064-C10-X02/weighted_greedy_reverse_delete__mandatory_only.toml,71b4fea45ddfda33af0c7d11a2828ca76c53ad964e2044f595a18c6471f6517c
V2-B-N192-R064-C11-X01,cardinality_greedy,0//1,0.64777125,true,experiments/algorithmic_compression_v2/results/raw_runs/V2-B-N192-R064-C11-X01/cardinality_greedy__mandatory_only.toml,3fc8a23605754fedc4ff97140b8dc6120bb07572beac4c78d67b08d50ddb4e3e
V2-B-N192-R064-C11-X01,declared_source_order,0//1,7.399071208,true,experiments/algorithmic_compression_v2/results/raw_runs/V2-B-N192-R064-C11-X01/declared_source_order__mandatory_only.toml,b1e5fb0fc0dd5109af68190117d95bc350ef133a261e290cb08710f5c49b782b
V2-B-N192-R064-C11-X01,heaviest_safe_first,0//1,9.87106925,true,experiments/algorithmic_compression_v2/results/raw_runs/V2-B-N192-R064-C11-X01/heaviest_safe_first__mandatory_only.toml,1e6c89e1f95136471152e7f7ff2ba4f0f8f2141f9302acaeeaa59c89544c1bfd
V2-B-N192-R064-C11-X01,lightest_safe_first,1//8,7.153698917,true,experiments/algorithmic_compression_v2/results/raw_runs/V2-B-N192-R064-C11-X01/lightest_safe_first__mandatory_only.toml,2ffb1470a649e02b222ee33ee1ec3aee777ac3b68cf52b63abe55b3dfcf006c8
V2-B-N192-R064-C11-X01,maximum_immediate_burden_release,0//1,5.996817292,true,experiments/algorithmic_compression_v2/results/raw_runs/V2-B-N192-R064-C11-X01/maximum_immediate_burden_release__mandatory_only.toml,ceb1d96fc2c68aeb87770a7f998c9f22a9efa868aeee9629a14280c803b47f98
V2-B-N192-R064-C11-X01,minimum_unique_carrier_exposure,0//1,6.647643209,true,experiments/algorithmic_compression_v2/results/raw_runs/V2-B-N192-R064-C11-X01/minimum_unique_carrier_exposure__mandatory_only.toml,5b5f53762ed9f153ac489d906af836b88d86a03571b29bdaf53ca0b378ca3aa9
V2-B-N192-R064-C11-X01,multistart_random_rechecked_deletion_32,0//1,212.339287458,true,experiments/algorithmic_compression_v2/results/raw_runs/V2-B-N192-R064-C11-X01/multistart_random_rechecked_deletion_32__mandatory_only.toml,ddf77aec58cb2842299d49521b182e3aebb4b6153e4751a741337f233c3f1183
V2-B-N192-R064-C11-X01,random_order_rechecked_deletion,1//16,6.427122292,true,experiments/algorithmic_compression_v2/results/raw_runs/V2-B-N192-R064-C11-X01/random_order_rechecked_deletion__mandatory_only.toml,1ed45f90982851d54b72a36b8f464739117e663cb4735a921d6f31e85aad2bb1
V2-B-N192-R064-C11-X01,weighted_greedy,0//1,0.934350375,true,experiments/algorithmic_compression_v2/results/raw_runs/V2-B-N192-R064-C11-X01/weighted_greedy__mandatory_only.toml,4a2cc298ab4264bfc115bcb29a5a432f356fc8a5967df87a61d9415fb69a373a
V2-B-N192-R064-C11-X01,weighted_greedy_reverse_delete,0//1,0.832331084,true,experiments/algorithmic_compression_v2/results/raw_runs/V2-B-N192-R064-C11-X01/weighted_greedy_reverse_delete__mandatory_only.toml,51635260154172d646ccba51f0454ebb784adf45a8e3df7b34dbea8b7e8e3487
V2-B-N192-R064-C11-X02,cardinality_greedy,0//1,0.910792416,true,experiments/algorithmic_compression_v2/results/raw_runs/V2-B-N192-R064-C11-X02/cardinality_greedy__mandatory_only.toml,13721e4ca0c762a6eb5ad1ffb497396ab48126aa4ab1d16b5fb863d45cbd1f4b
V2-B-N192-R064-C11-X02,declared_source_order,0//1,8.057412167,true,experiments/algorithmic_compression_v2/results/raw_runs/V2-B-N192-R064-C11-X02/declared_source_order__mandatory_only.toml,2c56b7be9e6fb08999c20f36ada3004fafdd05bf70d1dc20a0f308c0fdda329e
V2-B-N192-R064-C11-X02,heaviest_safe_first,0//1,7.063342333,true,experiments/algorithmic_compression_v2/results/raw_runs/V2-B-N192-R064-C11-X02/heaviest_safe_first__mandatory_only.toml,41d5fc25c95e9c0a49655bc500f4006896ee704ca719185f201ba79fc0d43d07
V2-B-N192-R064-C11-X02,lightest_safe_first,2//15,6.848010292,true,experiments/algorithmic_compression_v2/results/raw_runs/V2-B-N192-R064-C11-X02/lightest_safe_first__mandatory_only.toml,29e8e666ef1026da4593e10d0f78b264cf6eef6e85e2b07a48fc9d2ce8975011
V2-B-N192-R064-C11-X02,maximum_immediate_burden_release,0//1,5.926440416,true,experiments/algorithmic_compression_v2/results/raw_runs/V2-B-N192-R064-C11-X02/maximum_immediate_burden_release__mandatory_only.toml,4fab4f634014b2199dcabf9d2ce3551648b963f4dfda170cb32aef180de179d4
V2-B-N192-R064-C11-X02,minimum_unique_carrier_exposure,0//1,7.46667275,true,experiments/algorithmic_compression_v2/results/raw_runs/V2-B-N192-R064-C11-X02/minimum_unique_carrier_exposure__mandatory_only.toml,c915b6f3f721736f86e103fcc56bd2faa356a501749275fd196c0f7fe4e8c714
V2-B-N192-R064-C11-X02,multistart_random_rechecked_deletion_32,0//1,216.821424167,true,experiments/algorithmic_compression_v2/results/raw_runs/V2-B-N192-R064-C11-X02/multistart_random_rechecked_deletion_32__mandatory_only.toml,f3b73932656bf5a77fa0b175f1e4e3533a919d38b09ef4709820e35481ab874e
V2-B-N192-R064-C11-X02,random_order_rechecked_deletion,1//15,7.167566708,true,experiments/algorithmic_compression_v2/results/raw_runs/V2-B-N192-R064-C11-X02/random_order_rechecked_deletion__mandatory_only.toml,738689e5df0e74fd458331f591cab464f227fbe812dbaf8f7a2e070bac9bac71
V2-B-N192-R064-C11-X02,weighted_greedy,0//1,0.998221083,true,experiments/algorithmic_compression_v2/results/raw_runs/V2-B-N192-R064-C11-X02/weighted_greedy__mandatory_only.toml,8aa3c0dea0f0ce8f3ce02ccee9e08e4405371c750d1a4c76bd5ab8b5c0db30e4
V2-B-N192-R064-C11-X02,weighted_greedy_reverse_delete,0//1,0.456962833,true,experiments/algorithmic_compression_v2/results/raw_runs/V2-B-N192-R064-C11-X02/weighted_greedy_reverse_delete__mandatory_only.toml,c6a56a50a332ab38792c638f3b2aab969a16dd16b13e601d35dab8a13596881a
V2-B-N192-R064-C12-X01,cardinality_greedy,7//1,0.546111917,true,experiments/algorithmic_compression_v2/results/raw_runs/V2-B-N192-R064-C12-X01/cardinality_greedy__mandatory_only.toml,8116005aec208c32c8cd3fd2cc2bf0e41516184263742c87f0d002cec1d9c0f2
V2-B-N192-R064-C12-X01,declared_source_order,7//1,6.920671291,true,experiments/algorithmic_compression_v2/results/raw_runs/V2-B-N192-R064-C12-X01/declared_source_order__mandatory_only.toml,26bb1a74856bc523facb5761daaa1ce1513548d4ac723f5d7f1c1f1907a53d2b
V2-B-N192-R064-C12-X01,heaviest_safe_first,1//1,7.745410084,true,experiments/algorithmic_compression_v2/results/raw_runs/V2-B-N192-R064-C12-X01/heaviest_safe_first__mandatory_only.toml,254de8dad28764ae9e27bbf9acc0ce770e8e4de70e9794796c3d5a7a80f499f9
V2-B-N192-R064-C12-X01,lightest_safe_first,15//1,7.207757916,true,experiments/algorithmic_compression_v2/results/raw_runs/V2-B-N192-R064-C12-X01/lightest_safe_first__mandatory_only.toml,20eaf52641a4b637017e655b627056c5b260e3c49be4f517b8f5c7a8926757fc
V2-B-N192-R064-C12-X01,maximum_immediate_burden_release,1//1,6.696254958,true,experiments/algorithmic_compression_v2/results/raw_runs/V2-B-N192-R064-C12-X01/maximum_immediate_burden_release__mandatory_only.toml,faa5a22bb638882e2b57b5547612cabbb37181131132e72dbf6cf03ca9369b30
V2-B-N192-R064-C12-X01,minimum_unique_carrier_exposure,1//1,5.73124825,true,experiments/algorithmic_compression_v2/results/raw_runs/V2-B-N192-R064-C12-X01/minimum_unique_carrier_exposure__mandatory_only.toml,2392c0ed47b47b40db12fc8274fc9c5862e8a93399771c5cf42b0a3626c26487
V2-B-N192-R064-C12-X01,multistart_random_rechecked_deletion_32,0//1,189.743643084,true,experiments/algorithmic_compression_v2/results/raw_runs/V2-B-N192-R064-C12-X01/multistart_random_rechecked_deletion_32__mandatory_only.toml,a6def7a624d586b851105ea20e12ce415d31f9188072504e21a34fc1632ba8e2
V2-B-N192-R064-C12-X01,random_order_rechecked_deletion,7//1,6.043831584,true,experiments/algorithmic_compression_v2/results/raw_runs/V2-B-N192-R064-C12-X01/random_order_rechecked_deletion__mandatory_only.toml,e78366fc16dbb8a58b859bb502c00512bb3cca548498b22c51d0b064d6333a3a
V2-B-N192-R064-C12-X01,weighted_greedy,0//1,1.197759875,true,experiments/algorithmic_compression_v2/results/raw_runs/V2-B-N192-R064-C12-X01/weighted_greedy__mandatory_only.toml,4d196ab638330b7508f46d1697d6e80adaa7406e43826991f761457084d80ee7
V2-B-N192-R064-C12-X01,weighted_greedy_reverse_delete,0//1,0.977115,true,experiments/algorithmic_compression_v2/results/raw_runs/V2-B-N192-R064-C12-X01/weighted_greedy_reverse_delete__mandatory_only.toml,fa1cb1787e57cd246e81584fad856c59174f081f6b4894c28f6af40c52492321
V2-B-N192-R064-C12-X02,cardinality_greedy,7//1,0.896520208,true,experiments/algorithmic_compression_v2/results/raw_runs/V2-B-N192-R064-C12-X02/cardinality_greedy__mandatory_only.toml,1344aebb42ce68c6758171d02f7bc4702e600dbce4e68fb176ef29a73ea59700
V2-B-N192-R064-C12-X02,declared_source_order,3//1,5.017642958,true,experiments/algorithmic_compression_v2/results/raw_runs/V2-B-N192-R064-C12-X02/declared_source_order__mandatory_only.toml,82b8e631c710931bc4760bdece9ddef31395a0474dc45059ceabe1a505b11f69
V2-B-N192-R064-C12-X02,heaviest_safe_first,1//1,7.275645584,true,experiments/algorithmic_compression_v2/results/raw_runs/V2-B-N192-R064-C12-X02/heaviest_safe_first__mandatory_only.toml,dda5581e3809c00b53ec86a0ab5a6ea0c7547581bdb819fbb869ccd717cadd55
V2-B-N192-R064-C12-X02,lightest_safe_first,15//1,6.039247375,true,experiments/algorithmic_compression_v2/results/raw_runs/V2-B-N192-R064-C12-X02/lightest_safe_first__mandatory_only.toml,9eed3835f1769ba858c8d296f38a2560cbd558e97d821af4ca2374e74ccb7b06
V2-B-N192-R064-C12-X02,maximum_immediate_burden_release,1//1,6.351040083,true,experiments/algorithmic_compression_v2/results/raw_runs/V2-B-N192-R064-C12-X02/maximum_immediate_burden_release__mandatory_only.toml,bfee3b2c248c5b48fcdfcdca71ea11a75ac785b5be3c3dd09fc260ddd2ce694e
V2-B-N192-R064-C12-X02,minimum_unique_carrier_exposure,1//1,7.521844459,true,experiments/algorithmic_compression_v2/results/raw_runs/V2-B-N192-R064-C12-X02/minimum_unique_carrier_exposure__mandatory_only.toml,99101f7f7a8e00b8fcf6677fdd5c16b2e7e4d076c93bd3286a44004d4f8bc04e
V2-B-N192-R064-C12-X02,multistart_random_rechecked_deletion_32,0//1,183.081547334,true,experiments/algorithmic_compression_v2/results/raw_runs/V2-B-N192-R064-C12-X02/multistart_random_rechecked_deletion_32__mandatory_only.toml,4ae51af6132c8abd5b1ff277787c166132d48c0fc9abfd3676d93e4a0bac184a
V2-B-N192-R064-C12-X02,random_order_rechecked_deletion,7//1,6.851148416,true,experiments/algorithmic_compression_v2/results/raw_runs/V2-B-N192-R064-C12-X02/random_order_rechecked_deletion__mandatory_only.toml,9c8c6ed3ddc1d361d5014cd17479c4f79f6606f1dbbcfe4fbbabe08fc1fe7bdb
V2-B-N192-R064-C12-X02,weighted_greedy,0//1,0.73772925,true,experiments/algorithmic_compression_v2/results/raw_runs/V2-B-N192-R064-C12-X02/weighted_greedy__mandatory_only.toml,f98d208d265418343710b666cd94778b645382ad6667c558fc4405494620b943
V2-B-N192-R064-C12-X02,weighted_greedy_reverse_delete,0//1,1.048879625,true,experiments/algorithmic_compression_v2/results/raw_runs/V2-B-N192-R064-C12-X02/weighted_greedy_reverse_delete__mandatory_only.toml,483c6e1f2d6406e4f6e15757467df90bd39ab6ffcc1fb02ef29bd13870f5d7e3
V2-B-N192-R064-C14-X01,cardinality_greedy,2//13,0.780731375,true,experiments/algorithmic_compression_v2/results/raw_runs/V2-B-N192-R064-C14-X01/cardinality_greedy__mandatory_only.toml,51e65a915ab44beb00f948796df5c495c1cf5bc9db338cbca507335694caba1a
V2-B-N192-R064-C14-X01,declared_source_order,0//1,3.813263833,true,experiments/algorithmic_compression_v2/results/raw_runs/V2-B-N192-R064-C14-X01/declared_source_order__mandatory_only.toml,c527759de50424eefda576c75f6cf147f51458abfbe85ebca784c55fe29ca4be
V2-B-N192-R064-C14-X01,heaviest_safe_first,0//1,4.336188125,true,experiments/algorithmic_compression_v2/results/raw_runs/V2-B-N192-R064-C14-X01/heaviest_safe_first__mandatory_only.toml,d951d6b416e8a4e067beb95b9fd5d860c4a92a1f319de27d2fb69c9da8f9d4fe
V2-B-N192-R064-C14-X01,lightest_safe_first,2//13,5.228204542,true,experiments/algorithmic_compression_v2/results/raw_runs/V2-B-N192-R064-C14-X01/lightest_safe_first__mandatory_only.toml,d9a3032cb1e0ad93b4b4cc738cec162e4a6312c007beec984ae4d771f0f612f9
V2-B-N192-R064-C14-X01,maximum_immediate_burden_release,0//1,4.307910166,true,experiments/algorithmic_compression_v2/results/raw_runs/V2-B-N192-R064-C14-X01/maximum_immediate_burden_release__mandatory_only.toml,084d7ea30cf55d36ef8af224a6dca73591a384b5b1ad38d9499e51005a139081
V2-B-N192-R064-C14-X01,minimum_unique_carrier_exposure,0//1,3.901614167,true,experiments/algorithmic_compression_v2/results/raw_runs/V2-B-N192-R064-C14-X01/minimum_unique_carrier_exposure__mandatory_only.toml,713de6072ec50ff886355a94b68a63c3075a3c04fe3183318098794261a6d3ba
V2-B-N192-R064-C14-X01,multistart_random_rechecked_deletion_32,0//1,141.86732975,true,experiments/algorithmic_compression_v2/results/raw_runs/V2-B-N192-R064-C14-X01/multistart_random_rechecked_deletion_32__mandatory_only.toml,2de86ca6505fa812d4222a811417d33d81f78fdaa503cfc4fdccdf78e4ff71dc
V2-B-N192-R064-C14-X01,random_order_rechecked_deletion,0//1,5.997494,true,experiments/algorithmic_compression_v2/results/raw_runs/V2-B-N192-R064-C14-X01/random_order_rechecked_deletion__mandatory_only.toml,6f85340293d55ecac15e014d4c3fb79dfe02d9864359ce77a6e76d099df12ee9
V2-B-N192-R064-C14-X01,weighted_greedy,0//1,0.47464475,true,experiments/algorithmic_compression_v2/results/raw_runs/V2-B-N192-R064-C14-X01/weighted_greedy__mandatory_only.toml,7c7a0be06dd98ae29643935e16f33ea83db4aa2ce1879a976e14c7f6d4a4ac1e
V2-B-N192-R064-C14-X01,weighted_greedy_reverse_delete,0//1,1.142788917,true,experiments/algorithmic_compression_v2/results/raw_runs/V2-B-N192-R064-C14-X01/weighted_greedy_reverse_delete__mandatory_only.toml,c6773c573290e8d89a9a2cc4af6d163a6291d2581ef7eceaa24b19f9c4e50d62
V2-B-N192-R064-C14-X02,cardinality_greedy,2//17,0.749700042,true,experiments/algorithmic_compression_v2/results/raw_runs/V2-B-N192-R064-C14-X02/cardinality_greedy__mandatory_only.toml,98c79379404ea706bd4eeb3e66088536147fe2049bebad90ea7507c955b3fcbf
V2-B-N192-R064-C14-X02,declared_source_order,1//17,4.393906333,true,experiments/algorithmic_compression_v2/results/raw_runs/V2-B-N192-R064-C14-X02/declared_source_order__mandatory_only.toml,28070f471c3222ede48b3a259c98b7ecc1fa269d018370522716a14afb97a35b
V2-B-N192-R064-C14-X02,heaviest_safe_first,0//1,5.77988375,true,experiments/algorithmic_compression_v2/results/raw_runs/V2-B-N192-R064-C14-X02/heaviest_safe_first__mandatory_only.toml,b85d720d239ba98be2e33977ef0e764ccc2356bee4d63a1db38efd5a1d85eb9f
V2-B-N192-R064-C14-X02,lightest_safe_first,2//17,5.044992375,true,experiments/algorithmic_compression_v2/results/raw_runs/V2-B-N192-R064-C14-X02/lightest_safe_first__mandatory_only.toml,c16642a183ff71890515d63971a1d82f102666ce3d02d9f837f101d440b1a1d6
V2-B-N192-R064-C14-X02,maximum_immediate_burden_release,0//1,4.309266083,true,experiments/algorithmic_compression_v2/results/raw_runs/V2-B-N192-R064-C14-X02/maximum_immediate_burden_release__mandatory_only.toml,51e08412d7b340e60d1c8e1d0dd779472d2855a458630c121be4f631f80a192a
V2-B-N192-R064-C14-X02,minimum_unique_carrier_exposure,0//1,6.450249167,true,experiments/algorithmic_compression_v2/results/raw_runs/V2-B-N192-R064-C14-X02/minimum_unique_carrier_exposure__mandatory_only.toml,eaffe22427c012f19a0f1d5c1a7bbfa10f72f16ae7496b1e670db4cecaea27f4
V2-B-N192-R064-C14-X02,multistart_random_rechecked_deletion_32,0//1,138.176101792,true,experiments/algorithmic_compression_v2/results/raw_runs/V2-B-N192-R064-C14-X02/multistart_random_rechecked_deletion_32__mandatory_only.toml,a03dba5e3bbc8c338b6e7322bef0642b791eae1bcaa00d9f0190ebfc5e66f72b
V2-B-N192-R064-C14-X02,random_order_rechecked_deletion,0//1,4.612531875,true,experiments/algorithmic_compression_v2/results/raw_runs/V2-B-N192-R064-C14-X02/random_order_rechecked_deletion__mandatory_only.toml,0c2b05842ebd233b410c5b486ad801a0d4e8b5f69bdabb7a5499d92fd09b5dbb
V2-B-N192-R064-C14-X02,weighted_greedy,0//1,0.985385667,true,experiments/algorithmic_compression_v2/results/raw_runs/V2-B-N192-R064-C14-X02/weighted_greedy__mandatory_only.toml,d0afa6af47cbaa33eb783af983680b3e0c8beb2abb2076f96253d2bf0e5f674b
V2-B-N192-R064-C14-X02,weighted_greedy_reverse_delete,0//1,0.353604416,true,experiments/algorithmic_compression_v2/results/raw_runs/V2-B-N192-R064-C14-X02/weighted_greedy_reverse_delete__mandatory_only.toml,65454cac03368bca39db9d591a5484e4625928340ae4ba6d110665e81c4ffbfd
V2-B-N192-R064-C15-X01,cardinality_greedy,1//54,0.562026083,true,experiments/algorithmic_compression_v2/results/raw_runs/V2-B-N192-R064-C15-X01/cardinality_greedy__mandatory_only.toml,2070a75257f871037f09802de1080d08d8e32ca28fef6ba6548dc1c837aa511b
V2-B-N192-R064-C15-X01,declared_source_order,0//1,7.420220334,true,experiments/algorithmic_compression_v2/results/raw_runs/V2-B-N192-R064-C15-X01/declared_source_order__mandatory_only.toml,e2b38ef8e316863cf637e7dfd9abb4157f8d414bb9bdd8baeb4de3e52d0efb6f
V2-B-N192-R064-C15-X01,heaviest_safe_first,0//1,6.9975255,true,experiments/algorithmic_compression_v2/results/raw_runs/V2-B-N192-R064-C15-X01/heaviest_safe_first__mandatory_only.toml,95305cde9ae8680be4d46929289d8f13fb5b2eb6a9b777dd1d63042d9233316c
V2-B-N192-R064-C15-X01,lightest_safe_first,5//18,7.074851208,true,experiments/algorithmic_compression_v2/results/raw_runs/V2-B-N192-R064-C15-X01/lightest_safe_first__mandatory_only.toml,b2c01608dd3e07606598299cff7acfca400fb2e3e5ef0ee66948b8d7519c60dc
V2-B-N192-R064-C15-X01,maximum_immediate_burden_release,0//1,6.5561455,true,experiments/algorithmic_compression_v2/results/raw_runs/V2-B-N192-R064-C15-X01/maximum_immediate_burden_release__mandatory_only.toml,f92c5dc4acef7531a3f0627d8d528b9741bfdc368f7021b8e76d3d6da449f1a5
V2-B-N192-R064-C15-X01,minimum_unique_carrier_exposure,0//1,7.308242792,true,experiments/algorithmic_compression_v2/results/raw_runs/V2-B-N192-R064-C15-X01/minimum_unique_carrier_exposure__mandatory_only.toml,bb33a06746de01ab9c9964ed1d2543f4ac276b9e968eb96ca124ab359b18cf21
V2-B-N192-R064-C15-X01,random_order_rechecked_deletion,7//54,5.9270595,true,experiments/algorithmic_compression_v2/results/raw_runs/V2-B-N192-R064-C15-X01/random_order_rechecked_deletion__mandatory_only.toml,fafd52893b0a1bd9ccbb5a4a6a92d3fda024b91c91a9ced312ab0a5e1519f7ed
V2-B-N192-R064-C15-X01,weighted_greedy,0//1,0.801895542,true,experiments/algorithmic_compression_v2/results/raw_runs/V2-B-N192-R064-C15-X01/weighted_greedy__mandatory_only.toml,2ce819df45cbb100cbebfcbe31c903c753c67cd1db7b814abb7c17f8921d098c
V2-B-N192-R064-C15-X01,weighted_greedy_reverse_delete,0//1,0.910316833,true,experiments/algorithmic_compression_v2/results/raw_runs/V2-B-N192-R064-C15-X01/weighted_greedy_reverse_delete__mandatory_only.toml,c91e3bbbf357b7dc6c4944741e0a78eb556383f25b9e2df67db8fba71dada2bd
V2-B-N192-R064-C15-X02,cardinality_greedy,0//1,1.364005708,true,experiments/algorithmic_compression_v2/results/raw_runs/V2-B-N192-R064-C15-X02/cardinality_greedy__mandatory_only.toml,b564802de15e6c9f31ce9cd425604b93acd807778e2df75b89c804fbbf967b98
V2-B-N192-R064-C15-X02,declared_source_order,1//41,6.123595583,true,experiments/algorithmic_compression_v2/results/raw_runs/V2-B-N192-R064-C15-X02/declared_source_order__mandatory_only.toml,2fef830fd6f9fd9ab97d3b4894fbc98e09ceb1865641cd7f60787946a7b9c2ca
V2-B-N192-R064-C15-X02,heaviest_safe_first,0//1,6.222074,true,experiments/algorithmic_compression_v2/results/raw_runs/V2-B-N192-R064-C15-X02/heaviest_safe_first__mandatory_only.toml,e9af6332618d3fe0c1a410b8456c8655308709e52070432c49f676136bc31ba2
V2-B-N192-R064-C15-X02,lightest_safe_first,15//41,6.651352166,true,experiments/algorithmic_compression_v2/results/raw_runs/V2-B-N192-R064-C15-X02/lightest_safe_first__mandatory_only.toml,d26a7526267e49b04630317b6cad90f671814eb0de2de55991b518de59c7b9e0
V2-B-N192-R064-C15-X02,maximum_immediate_burden_release,0//1,7.275073083,true,experiments/algorithmic_compression_v2/results/raw_runs/V2-B-N192-R064-C15-X02/maximum_immediate_burden_release__mandatory_only.toml,49c375db74e136d319a03a7b537fbeaa0af053a8750aa5e265f4b1a828cf139e
V2-B-N192-R064-C15-X02,minimum_unique_carrier_exposure,0//1,5.462405334,true,experiments/algorithmic_compression_v2/results/raw_runs/V2-B-N192-R064-C15-X02/minimum_unique_carrier_exposure__mandatory_only.toml,225275b700d4e304ea3d5cab3499cea03d449e81ce4d9c69f39480b47d72df8f
V2-B-N192-R064-C15-X02,multistart_random_rechecked_deletion_32,0//1,178.627843166,true,experiments/algorithmic_compression_v2/results/raw_runs/V2-B-N192-R064-C15-X02/multistart_random_rechecked_deletion_32__mandatory_only.toml,310da78ebd9a7b1452a506de6f2c66ef81cbea0dfa1e7e536d15167aa64270d5
V2-B-N192-R064-C15-X02,random_order_rechecked_deletion,1//41,7.3392665,true,experiments/algorithmic_compression_v2/results/raw_runs/V2-B-N192-R064-C15-X02/random_order_rechecked_deletion__mandatory_only.toml,7f9cdd176362255dbc5bc1b3a5101231a06ab6add246e3d6ca0ee0906c81e58b
V2-B-N192-R064-C15-X02,weighted_greedy,0//1,1.167963458,true,experiments/algorithmic_compression_v2/results/raw_runs/V2-B-N192-R064-C15-X02/weighted_greedy__mandatory_only.toml,4271651ee5c0f8361fe0ca2efaaf2d5d1d8ce259b1464d8f40bf0d71610ed0e8
V2-B-N192-R064-C15-X02,weighted_greedy_reverse_delete,0//1,1.154268583,true,experiments/algorithmic_compression_v2/results/raw_runs/V2-B-N192-R064-C15-X02/weighted_greedy_reverse_delete__mandatory_only.toml,bd9b66299d69a53ac1de1af2fca5ee433814695b1a49c0bb7df54fc1c347ae60
V2-B-N192-R064-C16-X01,cardinality_greedy,0//1,0.758600375,true,experiments/algorithmic_compression_v2/results/raw_runs/V2-B-N192-R064-C16-X01/cardinality_greedy__mandatory_only.toml,a1bac9409005c94a1db4398031f3145a0b0defc6372f532013b184c2fe5da051
V2-B-N192-R064-C16-X01,declared_source_order,2//1,5.919502041,true,experiments/algorithmic_compression_v2/results/raw_runs/V2-B-N192-R064-C16-X01/declared_source_order__mandatory_only.toml,fcd2db55554dc3919a2e76ce7aa81b7bb2b38b6985f6ed2c37250432651b52d7
V2-B-N192-R064-C16-X01,heaviest_safe_first,0//1,5.975556084,true,experiments/algorithmic_compression_v2/results/raw_runs/V2-B-N192-R064-C16-X01/heaviest_safe_first__mandatory_only.toml,649e62509dc182fe826c50e0a7d428f0beb0786902d391d4e9c4e9415a5e3d5e
V2-B-N192-R064-C16-X01,lightest_safe_first,2//1,5.692501375,true,experiments/algorithmic_compression_v2/results/raw_runs/V2-B-N192-R064-C16-X01/lightest_safe_first__mandatory_only.toml,a4e969178fc1a1fb5023d023201f8f7f3464650d24117c5e05713fda3742503f
V2-B-N192-R064-C16-X01,maximum_immediate_burden_release,0//1,7.47760975,true,experiments/algorithmic_compression_v2/results/raw_runs/V2-B-N192-R064-C16-X01/maximum_immediate_burden_release__mandatory_only.toml,d6a04347aee8473fbeeaee8c905f168a98cf405534915c61e3e61d15a1b26acb
V2-B-N192-R064-C16-X01,minimum_unique_carrier_exposure,0//1,5.5161935,true,experiments/algorithmic_compression_v2/results/raw_runs/V2-B-N192-R064-C16-X01/minimum_unique_carrier_exposure__mandatory_only.toml,47df3f277b976e8226d9951533ad30b85b158c0caabfb06c95ddf0ff18bbdf71
V2-B-N192-R064-C16-X01,multistart_random_rechecked_deletion_32,0//1,183.083895416,true,experiments/algorithmic_compression_v2/results/raw_runs/V2-B-N192-R064-C16-X01/multistart_random_rechecked_deletion_32__mandatory_only.toml,9357f3ee14fd46162ca67b426ca7785bd23a368966ba4067c35c6a34a09fbe88
V2-B-N192-R064-C16-X01,random_order_rechecked_deletion,2//1,5.813897709,true,experiments/algorithmic_compression_v2/results/raw_runs/V2-B-N192-R064-C16-X01/random_order_rechecked_deletion__mandatory_only.toml,7f0ec4ce03d4b426d1afe471e2638fccd7cda2eaec28026be38ed3cf3df795e3
V2-B-N192-R064-C16-X01,weighted_greedy,0//1,0.954898625,true,experiments/algorithmic_compression_v2/results/raw_runs/V2-B-N192-R064-C16-X01/weighted_greedy__mandatory_only.toml,bb14d37a78de29ee99d8845cde65f58b0d613d61bc3886f7e47554fe2dc50b91
V2-B-N192-R064-C16-X01,weighted_greedy_reverse_delete,0//1,0.851394333,true,experiments/algorithmic_compression_v2/results/raw_runs/V2-B-N192-R064-C16-X01/weighted_greedy_reverse_delete__mandatory_only.toml,d3737622a2f9ab3132824bb07af50d52d62397f0faeef652917ab1670269b6fd
V2-B-N192-R064-C16-X02,cardinality_greedy,0//1,1.138384,true,experiments/algorithmic_compression_v2/results/raw_runs/V2-B-N192-R064-C16-X02/cardinality_greedy__mandatory_only.toml,adea5ed5eb66c299ad0001ea2fd0d6657c37e0d1852648024dea73403ad5c08b
V2-B-N192-R064-C16-X02,declared_source_order,0//1,6.583099958,true,experiments/algorithmic_compression_v2/results/raw_runs/V2-B-N192-R064-C16-X02/declared_source_order__mandatory_only.toml,3cf6b9ea0120d13544ef95c7e3c97201e53d69dd11911c97ffeba070050ba735
V2-B-N192-R064-C16-X02,heaviest_safe_first,0//1,6.470098083,true,experiments/algorithmic_compression_v2/results/raw_runs/V2-B-N192-R064-C16-X02/heaviest_safe_first__mandatory_only.toml,56d4cf371138e12a7c29fe4a035cf4dd3f669429798f6c93d7059156d9c5e31c
V2-B-N192-R064-C16-X02,lightest_safe_first,2//1,5.952908542,true,experiments/algorithmic_compression_v2/results/raw_runs/V2-B-N192-R064-C16-X02/lightest_safe_first__mandatory_only.toml,93017601b6a7f3423abc9823b38932a168fd2c0ecab3ccd17f589ac4bb1a8b85
V2-B-N192-R064-C16-X02,maximum_immediate_burden_release,0//1,8.189336667,true,experiments/algorithmic_compression_v2/results/raw_runs/V2-B-N192-R064-C16-X02/maximum_immediate_burden_release__mandatory_only.toml,48f7f42d606a6d5b7dcb916413092305ef710d0636ade595c57318fd3b4409c2
V2-B-N192-R064-C16-X02,minimum_unique_carrier_exposure,0//1,5.921141083,true,experiments/algorithmic_compression_v2/results/raw_runs/V2-B-N192-R064-C16-X02/minimum_unique_carrier_exposure__mandatory_only.toml,daee6b0d51b644aaf96c24ff58650e9b73f11e1a7ffa6bfe32ed9e8201d05053
V2-B-N192-R064-C16-X02,multistart_random_rechecked_deletion_32,0//1,210.039513917,true,experiments/algorithmic_compression_v2/results/raw_runs/V2-B-N192-R064-C16-X02/multistart_random_rechecked_deletion_32__mandatory_only.toml,2fb8028704a5fd4704512abf89cefae00a83e0861d2cdbbb9ec4397e82250463
V2-B-N192-R064-C16-X02,random_order_rechecked_deletion,0//1,7.623885542,true,experiments/algorithmic_compression_v2/results/raw_runs/V2-B-N192-R064-C16-X02/random_order_rechecked_deletion__mandatory_only.toml,2ace747703308d0ef20edbd8d65c6bf789b459d93e1f36c878b697d39a95c4ca
V2-B-N192-R064-C16-X02,weighted_greedy,0//1,0.864473458,true,experiments/algorithmic_compression_v2/results/raw_runs/V2-B-N192-R064-C16-X02/weighted_greedy__mandatory_only.toml,9190be48f1e42fc70a862fcfa8aea43a4a4e6ae952aabe14f8db809f56517789
V2-B-N192-R064-C16-X02,weighted_greedy_reverse_delete,0//1,1.063277,true,experiments/algorithmic_compression_v2/results/raw_runs/V2-B-N192-R064-C16-X02/weighted_greedy_reverse_delete__mandatory_only.toml,18184b2981b93b496c43bc841ef32c40f58b5fdc0a637a299ef79c0a75d79ca6
