strategy_id,ticker,directional_signal,entry_filter,holding_horizon,sizing_rule,exit_rule,risk_constraint,in_initial_library,in_safe_library,in_frontier_only_library,enabled_initial,enabled_safe,enabled_frontier_only,development_gross_utility,development_net_utility,validation_gross_utility,validation_net_utility,locked_gross_utility,locked_net_utility,mean_validation_turnover
DIA__mean_reversion_5__always__h20__half__horizon__notional_cap_1,DIA,mean_reversion_5,always,20,half,horizon,notional_cap_1,false,false,false,true,true,false,0.03834700684585518,0.0335084716196021,0.026666134309938232,0.021603346841919707,0.03361532329684791,0.028352511690280295,0.04014308426073132
DIA__mean_reversion_5__always__h20__half__horizon__vol_target_10,DIA,mean_reversion_5,always,20,half,horizon,vol_target_10,false,false,false,true,true,false,0.037980309861202495,0.033160905157737196,0.02639340910016547,0.02127130016637705,0.03872619661447816,0.03352162123595171,0.040613104723846
DIA__mean_reversion_5__always__h20__half__signal_flip__notional_cap_1,DIA,mean_reversion_5,always,20,half,signal_flip,notional_cap_1,false,false,false,true,true,false,0.0477649013052635,0.035866844210132295,0.020613636561455054,0.00799648077013572,0.04759117963231887,0.036161625553273444,0.10015898251192369
DIA__mean_reversion_5__always__h20__half__signal_flip__vol_target_10,DIA,mean_reversion_5,always,20,half,signal_flip,vol_target_10,false,false,false,true,true,false,0.0409243355153234,0.029570277446678152,0.01872408553399561,0.006358366511886204,0.0441795032230091,0.03321300056121831,0.09815389238230346
DIA__mean_reversion_5__always__h20__unit__horizon__notional_cap_1,DIA,mean_reversion_5,always,20,unit,horizon,notional_cap_1,false,false,false,true,true,false,0.05966588963507614,0.04999121892873932,0.041018537239753544,0.03088344460138374,0.03861034883127145,0.028075795568752983,0.08028616852146264
DIA__mean_reversion_5__always__h20__unit__horizon__vol_target_10,DIA,mean_reversion_5,always,20,unit,horizon,vol_target_10,false,false,false,true,true,false,0.046155662045418266,0.0372971898100346,0.033566648126580986,0.02381443512792461,0.043905836007081825,0.03447252669112136,0.07730831649572711
DIA__mean_reversion_5__always__h20__unit__signal_flip__notional_cap_1,DIA,mean_reversion_5,always,20,unit,signal_flip,notional_cap_1,false,false,false,true,true,false,0.08408243436012652,0.0602716629332441,0.033189948471575866,0.007961388899303312,0.07494010485677995,0.052058136553316876,0.20031796502384738
DIA__mean_reversion_5__always__h20__unit__signal_flip__vol_target_10,DIA,mean_reversion_5,always,20,unit,signal_flip,vol_target_10,false,false,false,true,true,false,0.04746348399155659,0.028298079223887412,0.014167755227876552,-0.007174539331748124,0.05691835931921933,0.03933273696895427,0.16934150828226258
DIA__mean_reversion_5__always__h5__half__horizon__notional_cap_1,DIA,mean_reversion_5,always,5,half,horizon,notional_cap_1,false,false,false,true,true,false,0.04547094946500214,0.03266793855668185,0.011106062973565652,-0.0019052284888799566,0.04133072116436924,0.028349598071816945,0.10333863275039745
DIA__mean_reversion_5__always__h5__half__horizon__vol_target_10,DIA,mean_reversion_5,always,5,half,horizon,vol_target_10,false,false,false,true,true,false,0.04276561660540453,0.03059138995888371,0.01004553183647291,-0.0027938028460324487,0.03819554653347282,0.02572834027535351,0.10196038566335981
DIA__mean_reversion_5__always__h5__half__signal_flip__notional_cap_1,DIA,mean_reversion_5,always,5,half,signal_flip,notional_cap_1,false,false,false,true,true,false,0.050950187657678045,0.03609906152092635,0.012307891155342638,-0.0029126196574678002,0.04273001109281232,0.02779613702435497,0.12082670906200318
DIA__mean_reversion_5__always__h5__half__signal_flip__vol_target_10,DIA,mean_reversion_5,always,5,half,signal_flip,vol_target_10,false,false,false,true,true,false,0.04461272272645888,0.030557160082333536,0.01059483157294453,-0.004295324493284777,0.0402708167509909,0.025963164619681674,0.11819376495819987
DIA__mean_reversion_5__always__h5__unit__horizon__notional_cap_1,DIA,mean_reversion_5,always,5,unit,horizon,notional_cap_1,false,false,false,true,true,false,0.07914573428384936,0.053550909193614576,0.013931450622402891,-0.012072379774279355,0.06153954920437743,0.035556233304756504,0.2066772655007949
DIA__mean_reversion_5__always__h5__unit__horizon__vol_target_10,DIA,mean_reversion_5,always,5,unit,horizon,vol_target_10,false,false,false,true,true,false,0.05556244901337689,0.035193532590653526,0.007251132070071834,-0.01472766118609828,0.057157741636701745,0.036931521728301005,0.17449157806335808
DIA__mean_reversion_5__always__h5__unit__signal_flip__notional_cap_1,DIA,mean_reversion_5,always,5,unit,signal_flip,notional_cap_1,false,false,false,true,true,false,0.09216424996846022,0.06246570568635414,0.017704521696092664,-0.01272919087152426,0.06753113499128144,0.03764301550600534,0.24165341812400637
DIA__mean_reversion_5__always__h5__unit__signal_flip__vol_target_10,DIA,mean_reversion_5,always,5,unit,signal_flip,vol_target_10,false,false,false,true,true,false,0.05116917998513307,0.02786484175147794,0.002961399622753132,-0.022250810897038856,0.05427072859475484,0.03145532862928986,0.20001839514328898
DIA__mean_reversion_5__trend_100__h20__half__horizon__notional_cap_1,DIA,mean_reversion_5,trend_100,20,half,horizon,notional_cap_1,false,false,false,true,true,false,0.023854883862613557,0.019973868252779838,0.019407035976047492,0.015348659628220122,0.027922371082678282,0.02396690559407266,0.0321939586645469
DIA__mean_reversion_5__trend_100__h20__half__horizon__vol_target_10,DIA,mean_reversion_5,trend_100,20,half,horizon,vol_target_10,false,false,false,true,true,false,0.02357368118792257,0.019662193262375244,0.01866747980893408,0.014602893714473958,0.026449916529372324,0.02249355883992149,0.03223860869081887
DIA__mean_reversion_5__trend_100__h20__half__signal_flip__notional_cap_1,DIA,mean_reversion_5,trend_100,20,half,signal_flip,notional_cap_1,false,false,false,true,true,false,0.01997468987356108,0.010370433591379992,0.009167181364038256,-0.0005440187450374144,0.030952966931321123,0.02233557666772887,0.07710651828298887
DIA__mean_reversion_5__trend_100__h20__half__signal_flip__vol_target_10,DIA,mean_reversion_5,trend_100,20,half,signal_flip,vol_target_10,false,false,false,true,true,false,0.018032154764208583,0.008596181463072665,0.008097177734349589,-0.0015774155000299927,0.029285118688059844,0.02081754530254773,0.07680885255125794
DIA__mean_reversion_5__trend_100__h20__unit__horizon__notional_cap_1,DIA,mean_reversion_5,trend_100,20,unit,horizon,notional_cap_1,false,false,false,true,true,false,0.03814110366237451,0.030377306123701892,0.03122148253694083,0.02310085472909718,0.045829745062033064,0.03792044272605255,0.0643879173290938
DIA__mean_reversion_5__trend_100__h20__unit__horizon__vol_target_10,DIA,mean_reversion_5,trend_100,20,unit,horizon,vol_target_10,false,false,false,true,true,false,0.026586258997921556,0.018925151634042636,0.034467510604129475,0.026258366992218757,0.02459618122003412,0.01706266028462851,0.06514562934192686
DIA__mean_reversion_5__trend_100__h20__unit__signal_flip__notional_cap_1,DIA,mean_reversion_5,trend_100,20,unit,signal_flip,notional_cap_1,false,false,false,true,true,false,0.033160770090270526,0.013935797941678624,0.013204480623085173,-0.006209477205904293,0.05563505055517334,0.03839283449285523,0.15421303656597773
DIA__mean_reversion_5__trend_100__h20__unit__signal_flip__vol_target_10,DIA,mean_reversion_5,trend_100,20,unit,signal_flip,vol_target_10,false,false,false,true,true,false,0.020848664171436947,0.004003717300699833,0.008418035802321602,-0.009328844880470259,0.03677152050528403,0.022397130302061467,0.14093970968059027
DIA__mean_reversion_5__trend_100__h5__half__horizon__notional_cap_1,DIA,mean_reversion_5,trend_100,5,half,horizon,notional_cap_1,false,false,false,true,true,false,0.014679171656474126,0.005585024037454465,0.009406003585073756,-0.000209087754050367,0.03365950105584453,0.024792165194556764,0.07631160572337042
DIA__mean_reversion_5__trend_100__h5__half__horizon__vol_target_10,DIA,mean_reversion_5,trend_100,5,half,horizon,vol_target_10,false,false,false,true,true,false,0.014488136261780282,0.005509115471842384,0.007431873259601577,-0.002158542091745181,0.03244266371678182,0.023658920617233414,0.07611288232457365
DIA__mean_reversion_5__trend_100__h5__half__signal_flip__notional_cap_1,DIA,mean_reversion_5,trend_100,5,half,signal_flip,notional_cap_1,false,false,false,true,true,false,0.014433712435503194,0.0034974251714622686,0.011331846275058685,1.539792557603086e-5,0.019366425713814767,0.008944102774021318,0.08982511923688394
DIA__mean_reversion_5__trend_100__h5__half__signal_flip__vol_target_10,DIA,mean_reversion_5,trend_100,5,half,signal_flip,vol_target_10,false,false,false,true,true,false,0.014538600371635626,0.0037964851853837848,0.009667518068213785,-0.001596266101614802,0.01846272041821406,0.008189924002883287,0.08940058675781982
DIA__mean_reversion_5__trend_100__h5__unit__horizon__notional_cap_1,DIA,mean_reversion_5,trend_100,5,unit,horizon,notional_cap_1,false,false,false,true,true,false,0.023996260135829953,0.005810398136572512,0.014258125628053805,-0.004971715086153328,0.0617449008847455,0.04400369734420494,0.15262321144674085
DIA__mean_reversion_5__trend_100__h5__unit__horizon__vol_target_10,DIA,mean_reversion_5,trend_100,5,unit,horizon,vol_target_10,false,false,false,true,true,false,0.018050826893153685,0.0019093762721742458,0.007306347645423184,-0.01035289054758048,0.04084452015594147,0.02575467368209702,0.14017323955333663
DIA__mean_reversion_5__trend_100__h5__unit__signal_flip__notional_cap_1,DIA,mean_reversion_5,trend_100,5,unit,signal_flip,notional_cap_1,false,false,false,true,true,false,0.02428326828505884,0.0024003708845243017,0.018822714194034803,-0.0038071491562010466,0.03416477121773914,0.01330854782104549,0.17965023847376788
DIA__mean_reversion_5__trend_100__h5__unit__signal_flip__vol_target_10,DIA,mean_reversion_5,trend_100,5,unit,signal_flip,vol_target_10,false,false,false,true,true,false,0.015748289831328963,-0.003206828216831664,0.008376243865338216,-0.012118854200391726,0.02078847277409198,0.0033985728810605837,0.16268627326764687
DIA__momentum_20__always__h20__half__horizon__notional_cap_1,DIA,momentum_20,always,20,half,horizon,notional_cap_1,false,false,false,true,true,false,0.052688727118292145,0.047726164220206486,0.037440531474480426,0.03218477408459288,0.0557801537368777,0.05062613197776276,0.0417329093799682
DIA__momentum_20__always__h20__half__horizon__vol_target_10,DIA,momentum_20,always,20,half,horizon,vol_target_10,false,false,false,true,true,false,0.05153651224276365,0.04655855006694515,0.03728390463845728,0.0319933346535957,0.04925666500490601,0.044086833599785165,0.04200374671167316
DIA__momentum_20__always__h20__half__signal_flip__notional_cap_1,DIA,momentum_20,always,20,half,signal_flip,notional_cap_1,false,false,false,true,true,false,0.035668836588115725,0.02828157778139313,0.02937372918779864,0.02075717514951951,0.03311973082751453,0.02546931224957799,0.06836248012718601
DIA__momentum_20__always__h20__half__signal_flip__vol_target_10,DIA,momentum_20,always,20,half,signal_flip,vol_target_10,false,false,false,true,true,false,0.03547992324783083,0.028279605769387428,0.029443415787622374,0.020885959986531057,0.027091498899396462,0.01964881662580498,0.06789220114316746
DIA__momentum_20__always__h20__unit__horizon__notional_cap_1,DIA,momentum_20,always,20,unit,horizon,notional_cap_1,true,true,false,true,true,false,0.09369873893674444,0.0837782886689051,0.06504305117614137,0.05453671478034321,0.0968025100190529,0.08650279818132131,0.0834658187599364
DIA__momentum_20__always__h20__unit__horizon__vol_target_10,DIA,momentum_20,always,20,unit,horizon,vol_target_10,false,false,false,true,true,false,0.07313414212197535,0.06376462849660249,0.05407358464160106,0.043682816138146806,0.05837074488336831,0.04882488014647434,0.08257546395924227
DIA__momentum_20__always__h20__unit__signal_flip__notional_cap_1,DIA,momentum_20,always,20,unit,signal_flip,notional_cap_1,false,false,false,true,true,false,0.06272959800809172,0.04795009920504244,0.053696048706679475,0.03645717754561385,0.055920802483348825,0.040643452495927004,0.13672496025437203
DIA__momentum_20__always__h20__unit__signal_flip__vol_target_10,DIA,momentum_20,always,20,unit,signal_flip,vol_target_10,false,false,false,true,true,false,0.04709346582836296,0.03440716567736922,0.04653380275203238,0.031339749549300085,0.028761074916683227,0.016137787117911563,0.12054177871671004
DIA__momentum_20__always__h5__half__horizon__notional_cap_1,DIA,momentum_20,always,5,half,horizon,notional_cap_1,false,false,false,true,true,false,0.01965600376521657,0.0034746065153120065,0.021298142088836527,0.005218349584326949,0.023879724607617933,0.008408128064465932,0.12758346581875993
DIA__momentum_20__always__h5__half__horizon__vol_target_10,DIA,momentum_20,always,5,half,horizon,vol_target_10,false,false,false,true,true,false,0.020475492471337037,0.004699740419747311,0.02129800818531899,0.005236987132883056,0.01871094917206219,0.0036575517631422102,0.1274294504085568
DIA__momentum_20__always__h5__half__signal_flip__notional_cap_1,DIA,momentum_20,always,5,half,signal_flip,notional_cap_1,false,false,false,true,true,false,0.01996296931964269,0.0028191849358191255,0.032506739094793735,0.015171258206075785,0.013191768270620918,-0.0035804952298201893,0.13751987281399047
DIA__momentum_20__always__h5__half__signal_flip__vol_target_10,DIA,momentum_20,always,5,half,signal_flip,vol_target_10,false,false,false,true,true,false,0.021394860342865925,0.004737834764362105,0.032463482279497746,0.015221193818783832,0.008614346993286953,-0.007627706860404271,0.13677937354711334
DIA__momentum_20__always__h5__unit__horizon__notional_cap_1,DIA,momentum_20,always,5,unit,horizon,notional_cap_1,false,false,false,true,true,false,0.030213313074111223,-0.0021361169851096366,0.03643156994517127,0.004263433313460487,0.038274233883571734,0.007336973307148168,0.25516693163751986
DIA__momentum_20__always__h5__unit__horizon__vol_target_10,DIA,momentum_20,always,5,unit,horizon,vol_target_10,false,false,false,true,true,false,0.026716802038922283,-0.00022308067502209428,0.03219772292616163,0.0031531888426740515,0.012812431650144604,-0.01214063363076024,0.23043988901212728
DIA__momentum_20__always__h5__unit__signal_flip__notional_cap_1,DIA,momentum_20,always,5,unit,signal_flip,notional_cap_1,false,false,false,true,true,false,0.032511424298438216,-0.0017683489984454143,0.060434492150240084,0.02574757654449391,0.01691115893303968,-0.01662463592723028,0.27503974562798095
DIA__momentum_20__always__h5__unit__signal_flip__vol_target_10,DIA,momentum_20,always,5,unit,signal_flip,vol_target_10,false,false,false,true,true,false,0.029383425144750765,0.001017312554330972,0.05423144239691138,0.023222214156818948,0.004363296064104998,-0.022302598357072274,0.24587721911056729
DIA__momentum_20__trend_100__h20__half__horizon__notional_cap_1,DIA,momentum_20,trend_100,20,half,horizon,notional_cap_1,false,false,false,true,true,false,0.04820353912821547,0.043439354213564305,0.03106900939505545,0.026009627160929027,0.029862521763454004,0.025307590165326885,0.04014308426073132
DIA__momentum_20__trend_100__h20__half__horizon__vol_target_10,DIA,momentum_20,trend_100,20,half,horizon,vol_target_10,false,false,false,true,true,false,0.04826244856069218,0.04348616257088765,0.030817838108792316,0.02573271680427941,0.027108095278195923,0.022525439872648545,0.04034528067788828
DIA__momentum_20__trend_100__h20__half__signal_flip__notional_cap_1,DIA,momentum_20,trend_100,20,half,signal_flip,notional_cap_1,false,false,false,true,true,false,0.04070230231282475,0.0342279722997015,0.018995398330618973,0.011477006668917817,0.011490111478482277,0.004734697085247189,0.05961844197138315
DIA__momentum_20__trend_100__h20__half__signal_flip__vol_target_10,DIA,momentum_20,trend_100,20,half,signal_flip,vol_target_10,false,false,false,true,true,false,0.039449784595823725,0.0329913958291911,0.019205370335016198,0.011722815182505422,0.009560522116943046,0.002866047046086258,0.059333877098965156
DIA__momentum_20__trend_100__h20__unit__horizon__notional_cap_1,DIA,momentum_20,trend_100,20,unit,horizon,notional_cap_1,true,false,false,true,true,false,0.08686484525458346,0.07732068837743575,0.05379716635605669,0.04367569465325532,0.04797623649737714,0.03887097751345371,0.08028616852146264
DIA__momentum_20__trend_100__h20__unit__horizon__vol_target_10,DIA,momentum_20,trend_100,20,unit,horizon,vol_target_10,false,false,false,true,true,false,0.06961252321957184,0.06028399417908235,0.05453360718724744,0.04438489116383622,0.032089770589974725,0.023385853839384456,0.08056275731801164
DIA__momentum_20__trend_100__h20__unit__signal_flip__notional_cap_1,DIA,momentum_20,trend_100,20,unit,signal_flip,notional_cap_1,false,false,false,true,true,false,0.07423054170162995,0.061266996483574046,0.033565466136466396,0.018515746866450328,0.014825825882132257,0.0013256309483016156,0.1192368839427663
DIA__momentum_20__trend_100__h20__unit__signal_flip__vol_target_10,DIA,momentum_20,trend_100,20,unit,signal_flip,vol_target_10,false,false,false,true,true,false,0.05247615883656656,0.0406003668214232,0.035112527669621425,0.021426202091776005,0.005508779340919239,-0.006171702157870909,0.10851579258334113
DIA__momentum_20__trend_100__h5__half__horizon__notional_cap_1,DIA,momentum_20,trend_100,5,half,horizon,notional_cap_1,false,false,false,true,true,false,0.02271687520994745,0.007781497753740306,0.006900742605356493,-0.007777746403952914,-0.0003482617583605305,-0.014423655730463664,0.11645468998410174
DIA__momentum_20__trend_100__h5__half__horizon__vol_target_10,DIA,momentum_20,trend_100,5,half,horizon,vol_target_10,false,false,false,true,true,false,0.02300836344540836,0.008285022026444837,0.007430353846679992,-0.0072507297167689186,-0.0006325724499565873,-0.014511591915579606,0.11647236000250966
DIA__momentum_20__trend_100__h5__half__signal_flip__notional_cap_1,DIA,momentum_20,trend_100,5,half,signal_flip,notional_cap_1,false,false,false,true,true,false,0.03000978310707711,0.014275465172119951,0.023077986561482414,0.007141127639493866,-0.002081708047707983,-0.017254962830481536,0.12639109697933226
DIA__momentum_20__trend_100__h5__half__signal_flip__vol_target_10,DIA,momentum_20,trend_100,5,half,signal_flip,vol_target_10,false,false,false,true,true,false,0.029751804469764,0.014245130399287442,0.02330397941541035,0.00740516842622339,-0.0032626131721878357,-0.018195389745120492,0.12608874758829502
DIA__momentum_20__trend_100__h5__unit__horizon__notional_cap_1,DIA,momentum_20,trend_100,5,unit,horizon,notional_cap_1,false,false,false,true,true,false,0.03812540282654475,0.008256740683835419,0.008330379006481502,-0.021036995154762463,-0.008663186938053064,-0.036820088740615015,0.2329093799682035
DIA__momentum_20__trend_100__h5__unit__horizon__vol_target_10,DIA,momentum_20,trend_100,5,unit,horizon,vol_target_10,false,false,false,true,true,false,0.02972748754731771,0.003991208368466337,0.014580464874897144,-0.012598172423562079,-0.011345553578965804,-0.03485380211328578,0.21561351678148197
DIA__momentum_20__trend_100__h5__unit__signal_flip__notional_cap_1,DIA,momentum_20,trend_100,5,unit,signal_flip,notional_cap_1,false,false,false,true,true,false,0.053852250309103,0.022373256714969758,0.042170356420810365,0.010273477171647937,-0.011432762238527305,-0.041777609668508624,0.2527821939586645
DIA__momentum_20__trend_100__h5__unit__signal_flip__vol_target_10,DIA,momentum_20,trend_100,5,unit,signal_flip,vol_target_10,false,false,false,true,true,false,0.03687585822228428,0.009869027362970031,0.0440861510419997,0.014763374746686578,-0.010817651983246142,-0.035909671679791325,0.23242315632332747
DIA__momentum_60__always__h20__half__horizon__notional_cap_1,DIA,momentum_60,always,20,half,horizon,notional_cap_1,false,false,false,true,true,false,0.04390679728343564,0.03869324245241185,0.033161569832856924,0.02806050118130561,0.010887258146129463,0.005883187934460749,0.04054054054054054
DIA__momentum_60__always__h20__half__horizon__vol_target_10,DIA,momentum_60,always,20,half,horizon,vol_target_10,false,false,false,true,true,false,0.04564517325085123,0.04040615530163732,0.032087187697093476,0.026946603297206453,0.01232665543078447,0.007236668884701993,0.0408452495065008
DIA__momentum_60__always__h20__half__signal_flip__notional_cap_1,DIA,momentum_60,always,20,half,signal_flip,notional_cap_1,false,false,false,true,true,false,0.031067490293674553,0.02434863189147582,0.032743998574896585,0.026135850085035033,0.003993849835820121,-0.0026183627047963107,0.05246422893481717
DIA__momentum_60__always__h20__half__signal_flip__vol_target_10,DIA,momentum_60,always,20,half,signal_flip,vol_target_10,false,false,false,true,true,false,0.033701185580861756,0.027054492004512445,0.031319721251353815,0.024718683053254174,0.004333404252046132,-0.002271140012557642,0.05240498587130821
DIA__momentum_60__always__h20__unit__horizon__notional_cap_1,DIA,momentum_60,always,20,unit,horizon,notional_cap_1,true,false,false,true,true,false,0.07667012688208676,0.06624637113415054,0.0569978023838925,0.04680974399390347,0.00839863830788835,-0.0016017442875941278,0.08108108108108109
DIA__momentum_60__always__h20__unit__horizon__vol_target_10,DIA,momentum_60,always,20,unit,horizon,vol_target_10,false,false,false,true,true,false,0.05995897686070807,0.049828674956013994,0.047480125272352375,0.03725284348394465,0.012610475061236673,0.0030954888729404495,0.08130314389671131
DIA__momentum_60__always__h20__unit__signal_flip__notional_cap_1,DIA,momentum_60,always,20,unit,signal_flip,notional_cap_1,false,false,false,true,true,false,0.05291757971774431,0.03947658319504209,0.058327479196248096,0.04511587092837584,-0.0018885561416161732,-0.015116420612507961,0.10492845786963434
DIA__momentum_60__always__h20__unit__signal_flip__vol_target_10,DIA,momentum_60,always,20,unit,signal_flip,vol_target_10,false,false,false,true,true,false,0.04109531405437098,0.02902508465950613,0.052297937629060536,0.040073972839640926,-0.0038882993946087662,-0.015572350013774824,0.09709207042296862
DIA__momentum_60__always__h5__half__horizon__notional_cap_1,DIA,momentum_60,always,5,half,horizon,notional_cap_1,false,false,false,true,true,false,0.03070759853726311,0.013730955657704687,0.03903792281465307,0.02231384496673747,0.019074316186435125,0.003146060875387156,0.1327503974562798
DIA__momentum_60__always__h5__half__horizon__vol_target_10,DIA,momentum_60,always,5,half,horizon,vol_target_10,false,false,false,true,true,false,0.03280505875684944,0.01604429856915445,0.03752268556506953,0.02087566195356509,0.01837108934850625,0.0026010278327207245,0.13214091565933225
DIA__momentum_60__always__h5__half__signal_flip__notional_cap_1,DIA,momentum_60,always,5,half,signal_flip,notional_cap_1,false,false,false,true,true,false,0.030322992824761346,0.012588771011445857,0.03002545680693531,0.01269753168727724,0.008490288274822556,-0.008390751206908702,0.13751987281399047
DIA__momentum_60__always__h5__half__signal_flip__vol_target_10,DIA,momentum_60,always,5,half,signal_flip,vol_target_10,false,false,false,true,true,false,0.03237940184762398,0.01492178236215522,0.030087913994845384,0.01287107511607687,0.007971284144856417,-0.00872368043624194,0.1366228962970885
DIA__momentum_60__always__h5__unit__horizon__notional_cap_1,DIA,momentum_60,always,5,unit,horizon,notional_cap_1,false,false,false,true,true,false,0.05228341136759548,0.018338429253335314,0.07154479459724564,0.038101583364565775,0.028994781438904046,-0.0028676833664960707,0.2655007949125596
DIA__momentum_60__always__h5__unit__horizon__vol_target_10,DIA,momentum_60,always,5,unit,horizon,vol_target_10,false,false,false,true,true,false,0.04277130449064252,0.013824981053292239,0.06276415178297239,0.03237677500261859,0.021837632225649585,-0.004674013815450601,0.2413210124772764
DIA__momentum_60__always__h5__unit__signal_flip__notional_cap_1,DIA,momentum_60,always,5,unit,signal_flip,notional_cap_1,false,false,false,true,true,false,0.052294204411628145,0.016820893317306622,0.053643137243639866,0.018986444714133216,0.00871968728053022,-0.025050893539876495,0.27503974562798095
DIA__momentum_60__always__h5__unit__signal_flip__vol_target_10,DIA,momentum_60,always,5,unit,signal_flip,vol_target_10,false,false,false,true,true,false,0.04413165617156553,0.014118363483987716,0.055764900277205584,0.024669416985920786,0.002138732432125085,-0.025766585544621717,0.24675338360451549
DIA__momentum_60__trend_100__h20__half__horizon__notional_cap_1,DIA,momentum_60,trend_100,20,half,horizon,notional_cap_1,false,false,false,true,true,false,0.04194075162468948,0.03697493783055231,0.027932461891428974,0.022826692059428718,0.0004737315562090335,-0.00433637393903857,0.04054054054054054
DIA__momentum_60__trend_100__h20__half__horizon__vol_target_10,DIA,momentum_60,trend_100,20,half,horizon,vol_target_10,false,false,false,true,true,false,0.042934023378749055,0.03793374599665977,0.02685488780086794,0.021700212926796473,0.0021460568049189487,-0.0027202639383806745,0.04092636196538023
DIA__momentum_60__trend_100__h20__half__signal_flip__notional_cap_1,DIA,momentum_60,trend_100,20,half,signal_flip,notional_cap_1,false,false,false,true,true,false,0.02435971945216425,0.018468573881286206,0.015591371903006962,0.00927354242731155,0.0034558105967408582,-0.002658576497498972,0.050079491255961846
DIA__momentum_60__trend_100__h20__half__signal_flip__vol_target_10,DIA,momentum_60,trend_100,20,half,signal_flip,vol_target_10,false,false,false,true,true,false,0.02675685726986493,0.020861052911551783,0.014392664038505639,0.008059825739021058,0.0033974355058386573,-0.0027295083691892307,0.05019864796249198
DIA__momentum_60__trend_100__h20__unit__horizon__notional_cap_1,DIA,momentum_60,trend_100,20,unit,horizon,notional_cap_1,false,false,false,true,true,false,0.07449196543915512,0.06455851158710976,0.046412969982250626,0.03620610687046581,-0.01136672401363757,-0.0209918836734833,0.08108108108108109
DIA__momentum_60__trend_100__h20__unit__horizon__vol_target_10,DIA,momentum_60,trend_100,20,unit,horizon,vol_target_10,false,false,false,true,true,false,0.05382079078642178,0.044031158725333135,0.04156583576592765,0.03145122178716005,-0.000208124084798424,-0.009478900940741565,0.08037552104725963
DIA__momentum_60__trend_100__h20__unit__signal_flip__notional_cap_1,DIA,momentum_60,trend_100,20,unit,signal_flip,notional_cap_1,false,false,false,true,true,false,0.04014041953051109,0.028341400160906197,0.02419950668992988,0.011548220583650626,-0.002612846643243256,-0.014850999153747877,0.10015898251192369
DIA__momentum_60__trend_100__h20__unit__signal_flip__vol_target_10,DIA,momentum_60,trend_100,20,unit,signal_flip,vol_target_10,false,false,false,true,true,false,0.027547644032651267,0.01658939360568631,0.025439232818386642,0.013623361516764607,-0.005116370575578541,-0.016193998262150323,0.09366597024421382
DIA__momentum_60__trend_100__h5__half__horizon__notional_cap_1,DIA,momentum_60,trend_100,5,half,horizon,notional_cap_1,false,false,false,true,true,false,0.024091411205863788,0.008027493993324438,0.02796873089340767,0.011435359766864784,0.022337665333992406,0.007005225642094049,0.13116057233704292
DIA__momentum_60__trend_100__h5__half__horizon__vol_target_10,DIA,momentum_60,trend_100,5,half,horizon,vol_target_10,false,false,false,true,true,false,0.023516755330207854,0.007605322459954381,0.026367661143477994,0.009915053928675649,0.021044575309520305,0.005862458788956289,0.13052646990358285
DIA__momentum_60__trend_100__h5__half__signal_flip__notional_cap_1,DIA,momentum_60,trend_100,5,half,signal_flip,notional_cap_1,false,false,false,true,true,false,0.025719278000158115,0.009237730770456837,0.01602134677844036,-0.0009153368598668497,0.012783177555365025,-0.003200397262275597,0.1343402225755167
DIA__momentum_60__trend_100__h5__half__signal_flip__vol_target_10,DIA,momentum_60,trend_100,5,half,signal_flip,vol_target_10,false,false,false,true,true,false,0.02593772757493356,0.009620949841679403,0.016326052780638856,-0.0005278055317025393,0.011702969054599121,-0.004122049965116444,0.13367353080586417
DIA__momentum_60__trend_100__h5__unit__horizon__notional_cap_1,DIA,momentum_60,trend_100,5,unit,horizon,notional_cap_1,false,false,false,true,true,false,0.040552818333388786,0.008422977297800961,0.04926614455932285,0.016185124282086155,0.03618246737730481,0.005501357258360068,0.26232114467408585
DIA__momentum_60__trend_100__h5__unit__horizon__vol_target_10,DIA,momentum_60,trend_100,5,unit,horizon,vol_target_10,false,false,false,true,true,false,0.02352718501459472,-0.004162588985671529,0.046513373660027654,0.016414821561510577,0.024360146947780444,-0.0013463014460507444,0.2388000854443348
DIA__momentum_60__trend_100__h5__unit__signal_flip__notional_cap_1,DIA,momentum_60,trend_100,5,unit,signal_flip,notional_cap_1,false,false,false,true,true,false,0.04395216895427482,0.010986244936131987,0.025800417320439112,-0.008092581143759494,0.017709657757231042,-0.01427392609202776,0.2686804451510334
DIA__momentum_60__trend_100__h5__unit__signal_flip__vol_target_10,DIA,momentum_60,trend_100,5,unit,signal_flip,vol_target_10,false,false,false,true,true,false,0.02672819120372727,-0.0016460869878716618,0.03401627853649711,0.003385071559868986,0.008004296934210538,-0.0186412064599729,0.24285407522221247
EEM__mean_reversion_5__always__h20__half__horizon__notional_cap_1,EEM,mean_reversion_5,always,20,half,horizon,notional_cap_1,false,false,false,true,true,false,0.018120510398723113,0.012943038732430807,0.017205189741574797,0.01205548820290011,-0.000847308714382787,-0.0061078516876061865,0.040937996820349765
EEM__mean_reversion_5__always__h20__half__horizon__vol_target_10,EEM,mean_reversion_5,always,20,half,horizon,vol_target_10,false,false,false,true,true,false,0.005015353451127611,2.0628052476615033e-5,0.006341141238667707,0.001098116642875421,-0.003999930612677444,-0.009286944444532012,0.04166432149620541
EEM__mean_reversion_5__always__h20__half__signal_flip__notional_cap_1,EEM,mean_reversion_5,always,20,half,signal_flip,notional_cap_1,false,false,false,true,true,false,0.06219456424147196,0.048796921816122094,0.02122779410773936,0.00909650928600466,0.008560624557982222,-0.0044661453299559934,0.09618441971383147
EEM__mean_reversion_5__always__h20__half__signal_flip__vol_target_10,EEM,mean_reversion_5,always,20,half,signal_flip,vol_target_10,false,false,false,true,true,false,0.035233872627264996,0.02355262477475508,0.00996512780825409,-0.0015080072776070515,0.005085079428053792,-0.007097667496007806,0.09098766516828496
EEM__mean_reversion_5__always__h20__unit__horizon__notional_cap_1,EEM,mean_reversion_5,always,20,unit,horizon,notional_cap_1,false,false,false,true,true,false,-0.009821659067359018,-0.020184525864978556,0.012301245452785825,0.0020188144968152355,-0.035598360453715075,-0.046123839182856674,0.08187599364069953
EEM__mean_reversion_5__always__h20__unit__horizon__vol_target_10,EEM,mean_reversion_5,always,20,unit,horizon,vol_target_10,false,false,false,true,true,false,-0.003124098142991692,-0.010012485491510046,0.001204848287052293,-0.007231184644260869,-0.01658428555293001,-0.024769398410520997,0.06698364013378004
EEM__mean_reversion_5__always__h20__unit__signal_flip__notional_cap_1,EEM,mean_reversion_5,always,20,unit,signal_flip,notional_cap_1,true,false,false,true,true,false,0.09486400001224563,0.0680588607744223,0.028426718561323176,0.004140053042269928,-0.005725142467594001,-0.03179088656624668,0.19236883942766295
EEM__mean_reversion_5__always__h20__unit__signal_flip__vol_target_10,EEM,mean_reversion_5,always,20,unit,signal_flip,vol_target_10,false,false,false,true,true,false,0.0366691297346533,0.022224850931637216,0.0014421413777528473,-0.014296842129633145,-0.002757514234434058,-0.01862171477088513,0.12486347523333013
EEM__mean_reversion_5__always__h5__half__horizon__notional_cap_1,EEM,mean_reversion_5,always,5,half,horizon,notional_cap_1,false,false,false,true,true,false,0.02849802579982969,0.014528919895813383,0.024881813373724627,0.011254960943743324,0.000393130377271296,-0.014206528080610688,0.10810810810810811
EEM__mean_reversion_5__always__h5__half__horizon__vol_target_10,EEM,mean_reversion_5,always,5,half,horizon,vol_target_10,false,false,false,true,true,false,0.005292611299634396,-0.006832676026503737,0.012811007162177871,-0.000284297499402268,-0.005634293509119023,-0.019407862556814558,0.10390005979453823
EEM__mean_reversion_5__always__h5__half__signal_flip__notional_cap_1,EEM,mean_reversion_5,always,5,half,signal_flip,notional_cap_1,false,false,false,true,true,false,0.06842258422045819,0.0518573385302886,0.01875893254602897,0.0028266270903088116,-0.014964216349805205,-0.03259241288491038,0.12639109697933226
EEM__mean_reversion_5__always__h5__half__signal_flip__vol_target_10,EEM,mean_reversion_5,always,5,half,signal_flip,vol_target_10,false,false,false,true,true,false,0.04109366012450005,0.02690650346932257,0.008382727124109507,-0.006739023366354811,-0.00959438961707628,-0.026003994871110134,0.11997581175599824
EEM__mean_reversion_5__always__h5__unit__horizon__notional_cap_1,EEM,mean_reversion_5,always,5,unit,horizon,notional_cap_1,false,false,false,true,true,false,0.022292974722497708,-0.00562980650946153,0.03481814061731503,0.007553974140633083,-0.02335043874528677,-0.05260280866584488,0.21621621621621623
EEM__mean_reversion_5__always__h5__unit__horizon__vol_target_10,EEM,mean_reversion_5,always,5,unit,horizon,vol_target_10,false,false,false,true,true,false,0.0017579842207849777,-0.013156834044391294,0.0072834967154066284,-0.01052940537120442,-0.01363458026439382,-0.03166958566067054,0.1413643074608317
EEM__mean_reversion_5__always__h5__unit__signal_flip__notional_cap_1,EEM,mean_reversion_5,always,5,unit,signal_flip,notional_cap_1,true,true,false,true,true,false,0.10990385476262754,0.07677002431983004,0.02507983511257382,-0.006798830271515063,-0.04976985427044489,-0.08502667856666843,0.2527821939586645
EEM__mean_reversion_5__always__h5__unit__signal_flip__vol_target_10,EEM,mean_reversion_5,always,5,unit,signal_flip,vol_target_10,false,false,false,true,true,false,0.042779668839658544,0.0255405217136965,0.00209341729006109,-0.018162995363846468,-0.020128424466222677,-0.04101125956114832,0.16074035685665464
EEM__mean_reversion_5__trend_100__h20__half__horizon__notional_cap_1,EEM,mean_reversion_5,trend_100,20,half,horizon,notional_cap_1,false,false,false,true,true,false,0.02628004429564545,0.023277354506037393,0.018567695184396604,0.015464277324779296,-0.017025914601619604,-0.020232482750805164,0.0246422893481717
EEM__mean_reversion_5__trend_100__h20__half__horizon__vol_target_10,EEM,mean_reversion_5,trend_100,20,half,horizon,vol_target_10,false,false,false,true,true,false,0.01328519683187136,0.0102830435519165,0.012999957757143202,0.009866670440332924,-0.006813752075398902,-0.010103489628220965,0.02486924119578279
EEM__mean_reversion_5__trend_100__h20__half__signal_flip__notional_cap_1,EEM,mean_reversion_5,trend_100,20,half,signal_flip,notional_cap_1,false,false,false,true,true,false,0.031197370465150812,0.022687706782673473,0.016127753588492052,0.009114824855463145,0.00647976649878964,-0.0010446888583499694,0.05564387917329094
EEM__mean_reversion_5__trend_100__h20__half__signal_flip__vol_target_10,EEM,mean_reversion_5,trend_100,20,half,signal_flip,vol_target_10,false,false,false,true,true,false,0.016598351722856685,0.008789265521432037,0.011845700512465824,0.005089267699359735,0.004253975552171008,-0.003069886529497541,0.053604793655700624
EEM__mean_reversion_5__trend_100__h20__unit__horizon__notional_cap_1,EEM,mean_reversion_5,trend_100,20,unit,horizon,notional_cap_1,false,false,false,true,true,false,0.035237406321654646,0.02923459418308997,0.02677058359927187,0.020566769076541917,-0.05491211945576274,-0.06132821717174185,0.0492845786963434
EEM__mean_reversion_5__trend_100__h20__unit__horizon__vol_target_10,EEM,mean_reversion_5,trend_100,20,unit,horizon,vol_target_10,false,false,false,true,true,false,0.009891227403272976,0.005407679886975429,0.012681524789349218,0.007062726805505697,-0.015200930110213298,-0.020347740427228006,0.044557350768124865
EEM__mean_reversion_5__trend_100__h20__unit__signal_flip__notional_cap_1,EEM,mean_reversion_5,trend_100,20,unit,signal_flip,notional_cap_1,false,false,false,true,true,false,0.0510582871586166,0.034042148984998646,0.026051567613109797,0.012022110232663509,0.0051366780778294395,-0.009937295973940434,0.11128775834658187
EEM__mean_reversion_5__trend_100__h20__unit__signal_flip__vol_target_10,EEM,mean_reversion_5,trend_100,20,unit,signal_flip,vol_target_10,false,false,false,true,true,false,0.01953589091658284,0.009359939756207462,0.005998385708751343,-0.0041412629976572005,0.001761020892391052,-0.007845753201023055,0.0804553655035448
EEM__mean_reversion_5__trend_100__h5__half__horizon__notional_cap_1,EEM,mean_reversion_5,trend_100,5,half,horizon,notional_cap_1,false,false,false,true,true,false,0.0032282972373366007,-0.004438019373717598,0.021490492813998296,0.014376454823377871,0.010600974018505212,0.0029730434730301366,0.05643879173290938
EEM__mean_reversion_5__trend_100__h5__half__horizon__vol_target_10,EEM,mean_reversion_5,trend_100,5,half,horizon,vol_target_10,false,false,false,true,true,false,-0.009049196687364315,-0.01613201404661465,0.014542845432126634,0.007579694379833817,0.00783917423458913,0.0004027098771530631,0.05523364771725084
EEM__mean_reversion_5__trend_100__h5__half__signal_flip__notional_cap_1,EEM,mean_reversion_5,trend_100,5,half,signal_flip,notional_cap_1,false,false,false,true,true,false,0.022246825433271483,0.012742500950738866,0.011187877296141143,0.00277223365382523,-0.004073964716374908,-0.01310126297734338,0.06677265500794913
EEM__mean_reversion_5__trend_100__h5__half__signal_flip__vol_target_10,EEM,mean_reversion_5,trend_100,5,half,signal_flip,vol_target_10,false,false,false,true,true,false,0.010309837644383323,0.0016253993039487499,0.006302948643466588,-0.0018187636687278833,-0.005000299533534943,-0.013765079382474968,0.0644327386381193
EEM__mean_reversion_5__trend_100__h5__unit__horizon__notional_cap_1,EEM,mean_reversion_5,trend_100,5,unit,horizon,notional_cap_1,false,false,false,true,true,false,-0.006292882573832197,-0.02160450663394302,0.03704272165344942,0.022809145207660905,0.01399039527910813,-0.001297161560979759,0.11287758346581876
EEM__mean_reversion_5__trend_100__h5__unit__horizon__vol_target_10,EEM,mean_reversion_5,trend_100,5,unit,horizon,vol_target_10,false,false,false,true,true,false,-0.009586136502343214,-0.018799490574482047,0.008182507649183771,-0.0022586947616295484,0.0053899908675154,-0.004624542410362393,0.08283167641192515
EEM__mean_reversion_5__trend_100__h5__unit__signal_flip__notional_cap_1,EEM,mean_reversion_5,trend_100,5,unit,signal_flip,notional_cap_1,false,false,false,true,true,false,0.035410766633748245,0.016418634266531704,0.01755093366787159,0.0007150681606111296,-0.013587159342447343,-0.03166773553417495,0.13354531001589826
EEM__mean_reversion_5__trend_100__h5__unit__signal_flip__vol_target_10,EEM,mean_reversion_5,trend_100,5,unit,signal_flip,vol_target_10,false,false,false,true,true,false,0.01407624866801541,0.0029712549005269703,3.6197665872437015e-5,-0.011910667221738738,-0.011202241804880173,-0.02257171991308712,0.09475408298926251
EEM__momentum_20__always__h20__half__horizon__notional_cap_1,EEM,momentum_20,always,20,half,horizon,notional_cap_1,false,false,false,true,true,false,0.019993429989334698,0.01511001691003697,0.03214023436475999,0.0276867847082087,0.018122666878522695,0.013524653027968144,0.035373608903020666
EEM__momentum_20__always__h20__half__horizon__vol_target_10,EEM,momentum_20,always,20,half,horizon,vol_target_10,false,false,false,true,true,false,0.014302907108626283,0.009586458514175899,0.021454631207823392,0.016925837530517705,0.011634209414853203,0.007002369840406244,0.035987187901097006
EEM__momentum_20__always__h20__half__signal_flip__notional_cap_1,EEM,momentum_20,always,20,half,signal_flip,notional_cap_1,false,false,false,true,true,false,0.0011836245357281592,-0.00729307054083695,-0.0002689598970685731,-0.008043484246276135,0.012909662610929249,0.004644109166270514,0.06160572337042925
EEM__momentum_20__always__h20__half__signal_flip__vol_target_10,EEM,momentum_20,always,20,half,signal_flip,vol_target_10,false,false,false,true,true,false,-0.0013886364495541504,-0.008889753185358507,-0.00017420090722976636,-0.007667445755547054,0.006971577505712844,-0.0009379148573700081,0.05936329819124673
EEM__momentum_20__always__h20__unit__horizon__notional_cap_1,EEM,momentum_20,always,20,unit,horizon,notional_cap_1,false,false,false,true,true,false,0.0034361464474049613,-0.006334591962501163,0.04764910598050287,0.038749456797858906,0.017984750184997372,0.008807321173876163,0.07074721780604133
EEM__momentum_20__always__h20__unit__horizon__vol_target_10,EEM,momentum_20,always,20,unit,horizon,vol_target_10,false,false,false,true,true,false,0.007157920231074354,0.0004735678787017184,0.01232444354135801,0.004676102241596961,-0.004411704807963393,-0.011911218897686045,0.06080464701127717
EEM__momentum_20__always__h20__unit__signal_flip__notional_cap_1,EEM,momentum_20,always,20,unit,signal_flip,notional_cap_1,false,false,false,true,true,false,-0.02028409523457102,-0.03725180269314933,-0.011527229095428228,-0.027100684202910293,0.013029966818915668,-0.003506014845251846,0.1232114467408585
EEM__momentum_20__always__h20__unit__signal_flip__vol_target_10,EEM,momentum_20,always,20,unit,signal_flip,vol_target_10,false,false,false,true,true,false,-0.008229621986146924,-0.017752866370132403,-0.004144008027946636,-0.015503445507332562,-0.004132022258762291,-0.015112586538122218,0.0899578941974036
EEM__momentum_20__always__h5__half__horizon__notional_cap_1,EEM,momentum_20,always,5,half,horizon,notional_cap_1,false,false,false,true,true,false,-0.008545659728985255,-0.02260325328208653,0.009223075468608427,-0.004807588348774176,9.709081899272887e-5,-0.013360671191480586,0.11128775834658187
EEM__momentum_20__always__h5__half__horizon__vol_target_10,EEM,momentum_20,always,5,half,horizon,vol_target_10,false,false,false,true,true,false,-0.007869596652892242,-0.020194344809844604,0.006615114923752765,-0.006961779015498328,-0.002566104979895447,-0.015424578152414156,0.10769583312516012
EEM__momentum_20__always__h5__half__signal_flip__notional_cap_1,EEM,momentum_20,always,5,half,signal_flip,notional_cap_1,false,false,false,true,true,false,-0.02056159553148358,-0.03594738874478985,0.005593496010450643,-0.009030537198072577,0.011617879896030315,-0.0033111709875804614,0.11605723370429252
EEM__momentum_20__always__h5__half__signal_flip__vol_target_10,EEM,momentum_20,always,5,half,signal_flip,vol_target_10,false,false,false,true,true,false,-0.01633220714666609,-0.029773051076934766,0.005412573661323839,-0.008665175364052993,0.005607371249432134,-0.00848600631010498,0.11170626564152733
EEM__momentum_20__always__h5__unit__horizon__notional_cap_1,EEM,momentum_20,always,5,unit,horizon,notional_cap_1,false,false,false,true,true,false,-0.04188849851859014,-0.06999834292967073,0.005728034783813726,-0.022350105382378034,-0.013318393480785966,-0.04020667522697173,0.22257551669316375
EEM__momentum_20__always__h5__unit__horizon__vol_target_10,EEM,momentum_20,always,5,unit,horizon,vol_target_10,false,false,false,true,true,false,-0.01263511733287287,-0.028187376176094254,0.007338467569674968,-0.012615489300804313,-0.015580270976362103,-0.032888865790925245,0.15820933788207125
EEM__momentum_20__always__h5__unit__signal_flip__notional_cap_1,EEM,momentum_20,always,5,unit,signal_flip,notional_cap_1,false,false,false,true,true,false,-0.06161492517229227,-0.09236736954869612,0.0012266167922003121,-0.028023093148410824,0.011821118948191184,-0.01804770779769864,0.23211446740858505
EEM__momentum_20__always__h5__unit__signal_flip__vol_target_10,EEM,momentum_20,always,5,unit,signal_flip,vol_target_10,false,false,false,true,true,false,-0.023804427561830217,-0.0405022106914031,0.004203057035306733,-0.016167028207787384,-0.004144940685557531,-0.02284367052892637,0.16159410049908227
EEM__momentum_20__trend_100__h20__half__horizon__notional_cap_1,EEM,momentum_20,trend_100,20,half,horizon,notional_cap_1,false,false,false,true,true,false,0.026702362798351302,0.02293815499133906,0.033667850530125235,0.029812383133865108,-0.0029898427138995943,-0.006592807608660003,0.030604133545310015
EEM__momentum_20__trend_100__h20__half__horizon__vol_target_10,EEM,momentum_20,trend_100,20,half,horizon,vol_target_10,false,false,false,true,true,false,0.014089093744050762,0.01038346161758627,0.026367574131767765,0.02240592968714856,-0.005569306459588379,-0.009238017325109774,0.03146163713848424
EEM__momentum_20__trend_100__h20__half__signal_flip__notional_cap_1,EEM,momentum_20,trend_100,20,half,signal_flip,notional_cap_1,false,false,false,true,true,false,0.006011949000976813,-0.00016942328742391988,0.0019040932973893214,-0.004062883918585016,0.005446495271942774,-0.00011062242390167537,0.0472972972972973
EEM__momentum_20__trend_100__h20__half__signal_flip__vol_target_10,EEM,momentum_20,trend_100,20,half,signal_flip,vol_target_10,false,false,false,true,true,false,0.0005847540360924362,-0.0050963115069346445,0.001086938257154588,-0.004807321638308217,0.0033453069639873415,-0.0021769693073407743,0.04671766303684369
EEM__momentum_20__trend_100__h20__unit__horizon__notional_cap_1,EEM,momentum_20,trend_100,20,unit,horizon,notional_cap_1,false,false,false,true,true,false,0.03054190152453097,0.022995004071316445,0.054598902915413805,0.046889274983791446,-0.020499726976425166,-0.027700139814608286,0.06120826709062003
EEM__momentum_20__trend_100__h20__unit__horizon__vol_target_10,EEM,momentum_20,trend_100,20,unit,horizon,vol_target_10,false,false,false,true,true,false,0.00884713932943314,0.0034278437497480777,0.027124909023672705,0.02014185798122304,-0.019408235095976813,-0.025423142020847243,0.05548807849636903
EEM__momentum_20__trend_100__h20__unit__signal_flip__notional_cap_1,EEM,momentum_20,trend_100,20,unit,signal_flip,notional_cap_1,false,false,false,true,true,false,-0.005363941744437245,-0.01773976202386798,-0.004287521881984701,-0.01623651182696312,0.001793446906530785,-0.009317376818023472,0.0945945945945946
EEM__momentum_20__trend_100__h20__unit__signal_flip__vol_target_10,EEM,momentum_20,trend_100,20,unit,signal_flip,vol_target_10,false,false,false,true,true,false,-0.004563566651867849,-0.012043269768436593,-0.0008256647886832951,-0.010279906195912028,-0.005615500185685327,-0.01357560934909326,0.07489556941786794
EEM__momentum_20__trend_100__h5__half__horizon__notional_cap_1,EEM,momentum_20,trend_100,5,half,horizon,notional_cap_1,false,false,false,true,true,false,0.009086424385356315,-0.002091950901881843,-0.013280669350090767,-0.024606794961858518,0.007662326674444496,-0.002248811983923342,0.08982511923688394
EEM__momentum_20__trend_100__h5__half__horizon__vol_target_10,EEM,momentum_20,trend_100,5,half,horizon,vol_target_10,false,false,false,true,true,false,-0.00313033616554848,-0.013220013931163472,-0.014980518358719587,-0.026104029016570895,0.004559035083910833,-0.005102368001359408,0.08821796832452317
EEM__momentum_20__trend_100__h5__half__signal_flip__notional_cap_1,EEM,momentum_20,trend_100,5,half,signal_flip,notional_cap_1,false,false,false,true,true,false,-0.0034941186953774293,-0.015417376081898054,-0.005005612786398283,-0.01682574669679514,0.018458185248098554,0.007538996869879527,0.09379968203497616
EEM__momentum_20__trend_100__h5__half__signal_flip__vol_target_10,EEM,momentum_20,trend_100,5,half,signal_flip,vol_target_10,false,false,false,true,true,false,-0.008831078582339405,-0.019560849360618617,-0.0062252444769605175,-0.017794849695950864,0.014860185062717928,0.004231410118453915,0.09181033718058142
EEM__momentum_20__trend_100__h5__unit__horizon__notional_cap_1,EEM,momentum_20,trend_100,5,unit,horizon,notional_cap_1,false,false,false,true,true,false,0.0009542167467231216,-0.021396370494944722,-0.03546484910147585,-0.05813342150085209,0.0062021016103372476,-0.013610974485773194,0.17965023847376788
EEM__momentum_20__trend_100__h5__unit__horizon__vol_target_10,EEM,momentum_20,trend_100,5,unit,horizon,vol_target_10,false,false,false,true,true,false,-0.006367629360803181,-0.019431719017542096,-0.021102392108167705,-0.03809233485725655,-0.007891819808708823,-0.02097521352302758,0.13465048369855045
EEM__momentum_20__trend_100__h5__unit__signal_flip__notional_cap_1,EEM,momentum_20,trend_100,5,unit,signal_flip,notional_cap_1,false,false,false,true,true,false,-0.02197889332455627,-0.045807022208387095,-0.01716972300568831,-0.04081273877446173,0.028993167065525842,0.007151071740249114,0.1875993640699523
EEM__momentum_20__trend_100__h5__unit__signal_flip__vol_target_10,EEM,momentum_20,trend_100,5,unit,signal_flip,vol_target_10,false,false,false,true,true,false,-0.015702520853064967,-0.029400333894326468,-0.00588595938372202,-0.023324642472156445,0.009186527278915592,-0.005219331801198915,0.13835873991115763
EEM__momentum_60__always__h20__half__horizon__notional_cap_1,EEM,momentum_60,always,20,half,horizon,notional_cap_1,false,false,false,true,true,false,0.01134860154225795,0.00702421560323117,0.018638589103917032,0.014383372101417507,0.006561361153822174,0.0024092447390874497,0.033783783783783786
EEM__momentum_60__always__h20__half__horizon__vol_target_10,EEM,momentum_60,always,20,half,horizon,vol_target_10,false,false,false,true,true,false,0.012879783339127053,0.00865726418329949,0.013414735407079159,0.009049414526804554,0.006831939924657674,0.002603819367921055,0.03465840469366471
EEM__momentum_60__always__h20__half__signal_flip__notional_cap_1,EEM,momentum_60,always,20,half,signal_flip,notional_cap_1,false,false,false,true,true,false,0.01103119806791442,0.004512000594262287,0.02444924830644883,0.019287448038023545,0.0052077722662552325,-0.00045563291876779804,0.040937996820349765
EEM__momentum_60__always__h20__half__signal_flip__vol_target_10,EEM,momentum_60,always,20,half,signal_flip,vol_target_10,false,false,false,true,true,false,0.009839400144159835,0.0042187934912414045,0.022025469917507996,0.01690484012752396,0.006132288054049339,0.0004806952210870139,0.04061106637252965
EEM__momentum_60__always__h20__unit__horizon__notional_cap_1,EEM,momentum_60,always,20,unit,horizon,notional_cap_1,false,false,false,true,true,false,-0.010310777936928667,-0.018930175997671543,0.02245666166209126,0.013949307165606675,-0.0017139353529146695,-0.010009205463363893,0.06756756756756757
EEM__momentum_60__always__h20__unit__horizon__vol_target_10,EEM,momentum_60,always,20,unit,horizon,vol_target_10,false,false,false,true,true,false,0.01213113666887109,0.006083486820901063,0.01712123163684108,0.009594495065602527,-0.00601620499105858,-0.013010121032952555,0.05982049685870378
EEM__momentum_60__always__h20__unit__signal_flip__notional_cap_1,EEM,momentum_60,always,20,unit,signal_flip,notional_cap_1,false,false,false,true,true,false,-0.002371210377349081,-0.015430781728911241,0.03799827462484161,0.027667448749868616,-0.0016061255613702557,-0.012941781277614991,0.08187599364069953
EEM__momentum_60__always__h20__unit__signal_flip__vol_target_10,EEM,momentum_60,always,20,unit,signal_flip,vol_target_10,false,false,false,true,true,false,0.010255909614695226,0.002860698274495803,0.03487087356313229,0.02661382258398508,0.0003317425032940413,-0.008060374545470775,0.0655169980586876
EEM__momentum_60__always__h5__half__horizon__notional_cap_1,EEM,momentum_60,always,5,half,horizon,notional_cap_1,false,false,false,true,true,false,-0.003945479549304182,-0.017954749228491315,0.003347149022600639,-0.009625546320794008,0.007487271927794534,-0.004979225501788361,0.10294117647058823
EEM__momentum_60__always__h5__half__horizon__vol_target_10,EEM,momentum_60,always,5,half,horizon,vol_target_10,false,false,false,true,true,false,-0.0010386328921284755,-0.013445326386369413,0.0005012763575740686,-0.012199652689621839,0.007863938882975603,-0.00430717599158903,0.10078337394462906
EEM__momentum_60__always__h5__half__signal_flip__notional_cap_1,EEM,momentum_60,always,5,half,signal_flip,notional_cap_1,false,false,false,true,true,false,-0.010156512560210646,-0.024922094110922277,0.005151374087516457,-0.008017397696796647,0.013367326417076067,0.00010770578582157062,0.10453100158982512
EEM__momentum_60__always__h5__half__signal_flip__vol_target_10,EEM,momentum_60,always,5,half,signal_flip,vol_target_10,false,false,false,true,true,false,-0.0052784430564312606,-0.01810796918215791,0.002332397646746892,-0.0105548956003138,0.013654811427633659,0.0007268500073362412,0.10228526541265488
EEM__momentum_60__always__h5__unit__horizon__notional_cap_1,EEM,momentum_60,always,5,unit,horizon,notional_cap_1,false,false,false,true,true,false,-0.03519709965417041,-0.06319709227820369,-0.004202526326131582,-0.030152131229121908,0.003443815851082773,-0.02148258722177979,0.20588235294117646
EEM__momentum_60__always__h5__unit__horizon__vol_target_10,EEM,momentum_60,always,5,unit,horizon,vol_target_10,false,false,false,true,true,false,-0.0014214977305058805,-0.017281552354044532,0.003023680030498424,-0.01585918668008385,0.0016161141212414007,-0.014917360960087625,0.1498781103191627
EEM__momentum_60__always__h5__unit__signal_flip__notional_cap_1,EEM,momentum_60,always,5,unit,signal_flip,notional_cap_1,false,false,false,true,true,false,-0.04263654295607453,-0.07215979631123891,0.0008012610559482575,-0.02553201368066821,0.015782485318542667,-0.010713866840815519,0.20906200317965024
EEM__momentum_60__always__h5__unit__signal_flip__vol_target_10,EEM,momentum_60,always,5,unit,signal_flip,vol_target_10,false,false,false,true,true,false,-0.00501983397458115,-0.021287867674421042,0.005365525923680146,-0.013611735334270174,0.011145414852296063,-0.006380405805070527,0.15067301887253706
EEM__momentum_60__trend_100__h20__half__horizon__notional_cap_1,EEM,momentum_60,trend_100,20,half,horizon,notional_cap_1,false,false,false,true,true,false,0.04407527092475219,0.04015664498553715,0.035200322442014965,0.03144876386589118,0.01360531014215766,0.009908808491869854,0.029809220985691574
EEM__momentum_60__trend_100__h20__half__horizon__vol_target_10,EEM,momentum_60,trend_100,20,half,horizon,vol_target_10,false,false,false,true,true,false,0.0244913061107671,0.020531186967559668,0.029413097475078323,0.025581217522113568,0.01285325947052286,0.009089723297457209,0.030449028787622248
EEM__momentum_60__trend_100__h20__half__signal_flip__notional_cap_1,EEM,momentum_60,trend_100,20,half,signal_flip,notional_cap_1,false,false,false,true,true,false,0.03199010592490792,0.027313650573622252,0.02915915517625909,0.02500307199591828,0.0075296302379825,0.002774059376588498,0.03298887122416534
EEM__momentum_60__trend_100__h20__half__signal_flip__vol_target_10,EEM,momentum_60,trend_100,20,half,signal_flip,vol_target_10,false,false,false,true,true,false,0.016906789523760086,0.012294587536402616,0.027312095581935467,0.023181907093603134,0.007527820139841197,0.0027745387760579783,0.032780654251955664
EEM__momentum_60__trend_100__h20__unit__horizon__notional_cap_1,EEM,momentum_60,trend_100,20,unit,horizon,notional_cap_1,true,false,false,true,true,false,0.06638202144735306,0.05855122629976442,0.05822461568220957,0.05073030506610869,0.01397864597403603,0.006604404078767168,0.05961844197138315
EEM__momentum_60__trend_100__h20__unit__horizon__vol_target_10,EEM,momentum_60,trend_100,20,unit,horizon,vol_target_10,false,false,false,true,true,false,0.020279302406463442,0.01452867606158441,0.03558842019456564,0.028763475598288204,-0.0007668343749562233,-0.0069925704444528045,0.05427244633731719
EEM__momentum_60__trend_100__h20__unit__signal_flip__notional_cap_1,EEM,momentum_60,trend_100,20,unit,signal_flip,notional_cap_1,false,false,false,true,true,false,0.044991676679764094,0.03563155063885984,0.04843836951266761,0.040127232339794046,0.00361705513316991,-0.005890124973773343,0.06597774244833068
EEM__momentum_60__trend_100__h20__unit__signal_flip__vol_target_10,EEM,momentum_60,trend_100,20,unit,signal_flip,vol_target_10,false,false,false,true,true,false,0.013772873888596758,0.007428143048187202,0.039569468433620726,0.03259230336267227,0.0006855279242645781,-0.006500193995935297,0.05538877601492634
EEM__momentum_60__trend_100__h5__half__horizon__notional_cap_1,EEM,momentum_60,trend_100,5,half,horizon,notional_cap_1,false,false,false,true,true,false,0.024781956633258592,0.012361708357926477,0.013485030084349939,0.0019168203157150163,0.013052337238173933,0.0014943628537701422,0.09181240063593005
EEM__momentum_60__trend_100__h5__half__horizon__vol_target_10,EEM,momentum_60,trend_100,5,half,horizon,vol_target_10,false,false,false,true,true,false,0.01378557840011658,0.0023583227935279633,0.010868840851516667,-0.0004401776969249569,0.012399682720905716,0.0011270640442535857,0.08974341963050016
EEM__momentum_60__trend_100__h5__half__signal_flip__notional_cap_1,EEM,momentum_60,trend_100,5,half,signal_flip,notional_cap_1,false,false,false,true,true,false,0.011110300956819912,-0.001392447200310165,0.008796641178915161,-0.002866257244960111,0.014536678305616592,0.0024726932876665466,0.09260731319554849
EEM__momentum_60__trend_100__h5__half__signal_flip__vol_target_10,EEM,momentum_60,trend_100,5,half,signal_flip,vol_target_10,false,false,false,true,true,false,0.000855779707921717,-0.010650161088061803,0.0075969790221351195,-0.003793707628561513,0.013897763974203777,0.002155989982047625,0.09042811469164631
EEM__momentum_60__trend_100__h5__unit__horizon__notional_cap_1,EEM,momentum_60,trend_100,5,unit,horizon,notional_cap_1,false,false,false,true,true,false,0.03148601991051786,0.0066712519747523305,0.017427363580643233,-0.005708750533642063,0.015277527013109037,-0.007817645564251734,0.1836248012718601
EEM__momentum_60__trend_100__h5__unit__horizon__vol_target_10,EEM,momentum_60,trend_100,5,unit,horizon,vol_target_10,false,false,false,true,true,false,0.013692169439780376,-0.0011154457876580287,0.011116336932866901,-0.006048885026538825,0.007687802242103676,-0.007702139205879189,0.13617567292531257
EEM__momentum_60__trend_100__h5__unit__signal_flip__notional_cap_1,EEM,momentum_60,trend_100,5,unit,signal_flip,notional_cap_1,false,false,false,true,true,false,0.004734515085557729,-0.0202433649601811,0.00895432624189288,-0.014360224528329975,0.018676261712132446,-0.0054413635742941065,0.18521462639109698
EEM__momentum_60__trend_100__h5__unit__signal_flip__vol_target_10,EEM,momentum_60,trend_100,5,unit,signal_flip,vol_target_10,false,false,false,true,true,false,-0.0004287655009744297,-0.015282103573340148,0.0068850085371454,-0.010284476699491712,0.011610639163454292,-0.0043063129147231545,0.13626461734976725
EFA__mean_reversion_5__always__h20__half__horizon__notional_cap_1,EFA,mean_reversion_5,always,20,half,horizon,notional_cap_1,false,false,false,true,true,false,0.055725077711820406,0.05045981658086046,0.0220885514445625,0.01688294981657778,0.017181207658512193,0.011972381642164305,0.04133545310015898
EFA__mean_reversion_5__always__h20__half__horizon__vol_target_10,EFA,mean_reversion_5,always,20,half,horizon,vol_target_10,false,false,false,true,true,false,0.05349103797378532,0.048315604457786154,0.01793459524009715,0.0126913723210826,0.014253892117283765,0.00903741539267062,0.04163283211002348
EFA__mean_reversion_5__always__h20__half__signal_flip__notional_cap_1,EFA,mean_reversion_5,always,20,half,signal_flip,notional_cap_1,false,false,false,true,true,false,0.04910384781931084,0.03642508382706166,0.01929976759731058,0.00577664524880117,0.01311855161570951,-0.00020641969780097608,0.10731319554848967
EFA__mean_reversion_5__always__h20__half__signal_flip__vol_target_10,EFA,mean_reversion_5,always,20,half,signal_flip,vol_target_10,false,false,false,true,true,false,0.034770334019446035,0.023209087473640946,0.015366091273016875,0.002131634759519793,0.0110867514410522,-0.0016841194709558728,0.10502421505216153
EFA__mean_reversion_5__always__h20__unit__horizon__notional_cap_1,EFA,mean_reversion_5,always,20,unit,horizon,notional_cap_1,true,false,false,true,true,false,0.07664318237046029,0.06609604513138874,0.030790234395101476,0.020384362064402656,0.008736611238182743,-0.0016821586459687399,0.08267090620031796
EFA__mean_reversion_5__always__h20__unit__horizon__vol_target_10,EFA,mean_reversion_5,always,20,unit,horizon,vol_target_10,false,false,false,true,true,false,0.05300257214122843,0.04502707679005541,0.012582827582357457,0.002623456595718606,0.0030153397075393124,-0.006238558873888649,0.07901829041463476
EFA__mean_reversion_5__always__h20__unit__signal_flip__notional_cap_1,EFA,mean_reversion_5,always,20,unit,signal_flip,notional_cap_1,false,false,false,true,true,false,0.0755608641249253,0.05021269557314714,0.030507156239798473,0.003457592123980252,0.008521440167130696,-0.018136155738739522,0.21462639109697934
EFA__mean_reversion_5__always__h20__unit__signal_flip__vol_target_10,EFA,mean_reversion_5,always,20,unit,signal_flip,vol_target_10,false,false,false,true,true,false,0.030013101799335876,0.013784474670301132,0.013707734715260596,-0.008481233628217144,0.00555300129414673,-0.014396482813533422,0.17612531016587094
EFA__mean_reversion_5__always__h5__half__horizon__notional_cap_1,EFA,mean_reversion_5,always,5,half,horizon,notional_cap_1,false,false,false,true,true,false,0.05199405655422868,0.03842606215931997,0.03665377026948709,0.02278235268165398,0.021551795434564293,0.007775444190020532,0.11009538950715421
EFA__mean_reversion_5__always__h5__half__horizon__vol_target_10,EFA,mean_reversion_5,always,5,half,horizon,vol_target_10,false,false,false,true,true,false,0.046121166472741046,0.0339475985789361,0.03214397329057386,0.018452911926419204,0.01206122819682942,-0.0011380719340330636,0.10865975403769522
EFA__mean_reversion_5__always__h5__half__signal_flip__notional_cap_1,EFA,mean_reversion_5,always,5,half,signal_flip,notional_cap_1,false,false,false,true,true,false,0.06206403519128954,0.04594931290931251,0.018199553410123546,0.0014771036060704274,0.014212923998521448,-0.0024185444135354376,0.1327503974562798
EFA__mean_reversion_5__always__h5__half__signal_flip__vol_target_10,EFA,mean_reversion_5,always,5,half,signal_flip,vol_target_10,false,false,false,true,true,false,0.04777254863390673,0.03332275338552663,0.014688093930034778,-0.0017066986688718242,0.017312995814260972,0.0014118368829017002,0.13014527023322084
EFA__mean_reversion_5__always__h5__unit__horizon__notional_cap_1,EFA,mean_reversion_5,always,5,unit,horizon,notional_cap_1,false,false,false,true,true,false,0.08041916661426557,0.053266394332644004,0.06450634975839305,0.036764717562863494,0.023471801770054042,-0.004089883017341971,0.22019077901430842
EFA__mean_reversion_5__always__h5__unit__horizon__vol_target_10,EFA,mean_reversion_5,always,5,unit,horizon,vol_target_10,false,false,false,true,true,false,0.03944918668036271,0.02268480538616792,0.03952165015308962,0.016611754469607557,0.010750335526399677,-0.009554927221542437,0.18181955008137868
EFA__mean_reversion_5__always__h5__unit__signal_flip__notional_cap_1,EFA,mean_reversion_5,always,5,unit,signal_flip,notional_cap_1,true,true,false,true,true,false,0.10449514738767463,0.07224552978294535,0.029158344006153684,-0.004278355051076254,0.012230268331128946,-0.021042823123139903,0.2655007949125596
EFA__mean_reversion_5__always__h5__unit__signal_flip__vol_target_10,EFA,mean_reversion_5,always,5,unit,signal_flip,vol_target_10,false,false,false,true,true,false,0.04757356094059324,0.027641686280797398,0.015100304701993398,-0.011854566287035254,0.01531276699329567,-0.008934666668829413,0.21400655248237055
EFA__mean_reversion_5__trend_100__h20__half__horizon__notional_cap_1,EFA,mean_reversion_5,trend_100,20,half,horizon,notional_cap_1,false,false,false,true,true,false,0.031104286505590807,0.027601691112301537,0.016374417969706047,0.012919010161158553,0.03315482069607419,0.029603970882913735,0.027424483306836247
EFA__mean_reversion_5__trend_100__h20__half__horizon__vol_target_10,EFA,mean_reversion_5,trend_100,20,half,horizon,vol_target_10,false,false,false,true,true,false,0.026869151296925988,0.023281737471597497,0.013822848320182622,0.010367343346528408,0.031003901442315938,0.027456400994960897,0.02743328225301287
EFA__mean_reversion_5__trend_100__h20__half__signal_flip__notional_cap_1,EFA,mean_reversion_5,trend_100,20,half,signal_flip,notional_cap_1,false,false,false,true,true,false,0.026958202387484004,0.018283196289111313,0.011481437403841213,0.00266472442766392,0.019628558171752616,0.010508506632642536,0.06995230524642289
EFA__mean_reversion_5__trend_100__h20__half__signal_flip__vol_target_10,EFA,mean_reversion_5,trend_100,20,half,signal_flip,vol_target_10,false,false,false,true,true,false,0.021588976468425704,0.013200556275818107,0.012315085384975295,0.0036430876192444436,0.01865108160476457,0.009650207318750418,0.06881479869394976
EFA__mean_reversion_5__trend_100__h20__unit__horizon__notional_cap_1,EFA,mean_reversion_5,trend_100,20,unit,horizon,notional_cap_1,false,false,false,true,true,false,0.04659086787666792,0.03958975782668965,0.02539040955767905,0.018479748116811814,0.057714586440894784,0.05062247494659956,0.054848966613672494
EFA__mean_reversion_5__trend_100__h20__unit__horizon__vol_target_10,EFA,mean_reversion_5,trend_100,20,unit,horizon,vol_target_10,false,false,false,true,true,false,0.03234988059652295,0.026451691772085645,0.01699977179891854,0.010073392286283645,0.019444158109660888,0.012651240652516035,0.055000105111595816
EFA__mean_reversion_5__trend_100__h20__unit__signal_flip__notional_cap_1,EFA,mean_reversion_5,trend_100,20,unit,signal_flip,notional_cap_1,false,false,false,true,true,false,0.04498784796053197,0.027644114957769698,0.019204334671008502,0.0015654636883979138,0.03436235033406939,0.01611107899479919,0.13990461049284578
EFA__mean_reversion_5__trend_100__h20__unit__signal_flip__vol_target_10,EFA,mean_reversion_5,trend_100,20,unit,signal_flip,vol_target_10,false,false,false,true,true,false,0.027690987151705045,0.015431615420312786,0.01769973444552454,0.002122396855128197,0.019534489165771034,0.004634839175927039,0.12368158380235042
EFA__mean_reversion_5__trend_100__h5__half__horizon__notional_cap_1,EFA,mean_reversion_5,trend_100,5,half,horizon,notional_cap_1,false,false,false,true,true,false,0.039831801409137134,0.03157305100971379,0.017141260409774726,0.00927463212816888,0.024020413994830216,0.01585327899271392,0.062400635930047695
EFA__mean_reversion_5__trend_100__h5__half__horizon__vol_target_10,EFA,mean_reversion_5,trend_100,5,half,horizon,vol_target_10,false,false,false,true,true,false,0.03264464949182612,0.024579687048596303,0.01622773188755684,0.00841182457401515,0.02276419049823823,0.01467866101560025,0.06201077966075512
EFA__mean_reversion_5__trend_100__h5__half__signal_flip__notional_cap_1,EFA,mean_reversion_5,trend_100,5,half,signal_flip,notional_cap_1,false,false,false,true,true,false,0.030280589855089968,0.020273690755416483,0.016992587094964314,0.007275778640316061,0.017772095501660444,0.007652091764763211,0.07710651828298887
EFA__mean_reversion_5__trend_100__h5__half__signal_flip__vol_target_10,EFA,mean_reversion_5,trend_100,5,half,signal_flip,vol_target_10,false,false,false,true,true,false,0.02610877726066351,0.01646013746164787,0.01781247611271862,0.008242202740285212,0.016607210236657143,0.006606797836573542,0.07595453066368418
EFA__mean_reversion_5__trend_100__h5__unit__horizon__notional_cap_1,EFA,mean_reversion_5,trend_100,5,unit,horizon,notional_cap_1,true,false,false,true,true,false,0.07187202417959493,0.05535887688653733,0.03050102256119691,0.01475946968914556,0.042846155184408485,0.026503529325386882,0.12480127186009539
EFA__mean_reversion_5__trend_100__h5__unit__horizon__vol_target_10,EFA,mean_reversion_5,trend_100,5,unit,horizon,vol_target_10,false,false,false,true,true,false,0.03625566471112954,0.024489092812455322,0.02383352316592624,0.00975516432119566,0.027158550142246347,0.013650876107748088,0.11171390285403611
EFA__mean_reversion_5__trend_100__h5__unit__signal_flip__notional_cap_1,EFA,mean_reversion_5,trend_100,5,unit,signal_flip,notional_cap_1,false,false,false,true,true,false,0.05403161504949903,0.034030508717030276,0.03099565839575516,0.011559267184475357,0.03157345990807272,0.011325559427892398,0.15421303656597773
EFA__mean_reversion_5__trend_100__h5__unit__signal_flip__vol_target_10,EFA,mean_reversion_5,trend_100,5,unit,signal_flip,vol_target_10,false,false,false,true,true,false,0.035531762651337194,0.021656599826158248,0.02665191318455493,0.009658144307024347,0.01716924765223502,0.0007816342192933584,0.13493445891380654
EFA__momentum_20__always__h20__half__horizon__notional_cap_1,EFA,momentum_20,always,20,half,horizon,notional_cap_1,false,false,false,true,true,false,0.026847124767425803,0.021834397444449746,0.0031325397189234166,-0.0016695160620070321,0.04338223315217204,0.038685616785749596,0.03815580286168521
EFA__momentum_20__always__h20__half__horizon__vol_target_10,EFA,momentum_20,always,20,half,horizon,vol_target_10,false,false,false,true,true,false,0.02532604070133763,0.020389474341290747,0.002579435295636971,-0.0022515051655732092,0.035193730028935645,0.03046593969241206,0.038387993900337605
EFA__momentum_20__always__h20__half__signal_flip__notional_cap_1,EFA,momentum_20,always,20,half,signal_flip,notional_cap_1,false,false,false,true,true,false,0.01530601577605484,0.007248380678670913,0.018879203409418246,0.010523072395613519,0.03215504997495867,0.024409048188024637,0.0663751987281399
EFA__momentum_20__always__h20__half__signal_flip__vol_target_10,EFA,momentum_20,always,20,half,signal_flip,vol_target_10,false,false,false,true,true,false,0.01290590577431388,0.00544824115045824,0.018638581075035448,0.01039669715707316,0.027301567199445098,0.01962685757517048,0.06546751191784914
EFA__momentum_20__always__h20__unit__horizon__notional_cap_1,EFA,momentum_20,always,20,unit,horizon,notional_cap_1,false,false,false,true,true,false,0.024910567943875202,0.014872903685083573,-0.0035717997888540243,-0.013164760591431138,0.07225057330821164,0.0628790521986427,0.07631160572337042
EFA__momentum_20__always__h20__unit__horizon__vol_target_10,EFA,momentum_20,always,20,unit,horizon,vol_target_10,false,false,false,true,true,false,0.01868819408078127,0.010865485474290767,-0.007371421727667522,-0.016802696863728317,0.02024267917945715,0.011749733272499677,0.074976128887211
EFA__momentum_20__always__h20__unit__signal_flip__notional_cap_1,EFA,momentum_20,always,20,unit,signal_flip,notional_cap_1,false,false,false,true,true,false,0.013968555819451507,-0.0021573488084947745,0.031111328741010996,0.01441335476528334,0.053379370011122584,0.037920005152734644,0.1327503974562798
EFA__momentum_20__always__h20__unit__signal_flip__vol_target_10,EFA,momentum_20,always,20,unit,signal_flip,vol_target_10,false,false,false,true,true,false,0.009265248833179283,-0.001422803099610427,0.022700556191307453,0.008597063576743157,0.014655832076714427,0.0021530259053103226,0.11212094082340489
EFA__momentum_20__always__h5__half__horizon__notional_cap_1,EFA,momentum_20,always,5,half,horizon,notional_cap_1,false,false,false,true,true,false,-0.013267801411009871,-0.028332770371445947,0.01762005771030334,0.0028505994870988965,0.014430646496565846,-3.174460783331688e-5,0.11724960254372019
EFA__momentum_20__always__h5__half__horizon__vol_target_10,EFA,momentum_20,always,5,half,horizon,vol_target_10,false,false,false,true,true,false,-0.012612910652504462,-0.026651338193406614,0.01652092932508548,0.001815585007474771,0.0089193094487688,-0.005102348368495896,0.11674404959949142
EFA__momentum_20__always__h5__half__signal_flip__notional_cap_1,EFA,momentum_20,always,5,half,signal_flip,notional_cap_1,false,false,false,true,true,false,0.006402273577668981,-0.00991286071087856,0.02990530480255426,0.013636410279069224,0.03819149324472856,0.022131615038103455,0.12917329093799682
EFA__momentum_20__always__h5__half__signal_flip__vol_target_10,EFA,momentum_20,always,5,half,signal_flip,vol_target_10,false,false,false,true,true,false,0.0038310486656814996,-0.011186473058574422,0.030105916021621458,0.013957503030793822,0.03359538155045196,0.018060835232250324,0.12821443341371871
EFA__momentum_20__always__h5__unit__horizon__notional_cap_1,EFA,momentum_20,always,5,unit,horizon,notional_cap_1,false,false,false,true,true,false,-0.04454993412086072,-0.07468663115465797,0.028068710968398438,-0.0014622220834018124,0.01811732048546863,-0.010786297986182051,0.23449920508744038
EFA__momentum_20__always__h5__unit__horizon__vol_target_10,EFA,momentum_20,always,5,unit,horizon,vol_target_10,false,false,false,true,true,false,-0.024639712618748973,-0.044598391029709215,0.026399745685681302,0.0005671226359295744,-0.014523926949608332,-0.036318182352604166,0.205053679577479
EFA__momentum_20__always__h5__unit__signal_flip__notional_cap_1,EFA,momentum_20,always,5,unit,signal_flip,notional_cap_1,false,false,false,true,true,false,-0.0019668818482641327,-0.034600928936229104,0.05381676769988247,0.021292858922317564,0.06672920668320698,0.03464072724303409,0.25834658187599363
EFA__momentum_20__always__h5__unit__signal_flip__vol_target_10,EFA,momentum_20,always,5,unit,signal_flip,vol_target_10,false,false,false,true,true,false,-0.005443391828927637,-0.026351416720569704,0.04780468272960454,0.019997576483263894,0.026658582331485978,0.00281102639458057,0.220779475998014
EFA__momentum_20__trend_100__h20__half__horizon__notional_cap_1,EFA,momentum_20,trend_100,20,half,horizon,notional_cap_1,false,false,false,true,true,false,0.0180000825673238,0.013900523921398043,-0.0019376205680615875,-0.00629560507478894,0.025492825029760136,0.02164976218555635,0.03457869634340222
EFA__momentum_20__trend_100__h20__half__horizon__vol_target_10,EFA,momentum_20,trend_100,20,half,horizon,vol_target_10,false,false,false,true,true,false,0.016618705618536574,0.012517516238279595,-0.0020137355915668892,-0.006379030075778181,0.02262604033338827,0.01875986125222541,0.03463806377961664
EFA__momentum_20__trend_100__h20__half__signal_flip__notional_cap_1,EFA,momentum_20,trend_100,20,half,signal_flip,notional_cap_1,false,false,false,true,true,false,0.012262007749255226,0.005828974485675116,0.006962652751735571,0.00010696686022025918,0.02792120323595486,0.02177780363426865,0.05445151033386327
EFA__momentum_20__trend_100__h20__half__signal_flip__vol_target_10,EFA,momentum_20,trend_100,20,half,signal_flip,vol_target_10,false,false,false,true,true,false,0.010585854230400024,0.0043845348676126205,0.006650422079624418,-9.75567532703332e-5,0.025084088857304083,0.018947747964716096,0.05359558640651106
EFA__momentum_20__trend_100__h20__unit__horizon__notional_cap_1,EFA,momentum_20,trend_100,20,unit,horizon,notional_cap_1,false,false,false,true,true,false,0.01997401238850035,0.011753261248505925,-0.013000415499592145,-0.021718522047964185,0.04095665147039214,0.033296641746995134,0.06915739268680444
EFA__momentum_20__trend_100__h20__unit__horizon__vol_target_10,EFA,momentum_20,trend_100,20,unit,horizon,vol_target_10,false,false,false,true,true,false,0.011885123622855001,0.005034490994282988,-0.008579725570446053,-0.01727932552500594,0.008303258670062328,0.000999634209768863,0.06906960012930423
EFA__momentum_20__trend_100__h20__unit__signal_flip__notional_cap_1,EFA,momentum_20,trend_100,20,unit,signal_flip,notional_cap_1,false,false,false,true,true,false,0.012740505169206533,-0.00014129675928607408,0.008376700037148304,-0.005324262924779383,0.04808345841281801,0.03582941485503981,0.10890302066772654
EFA__momentum_20__trend_100__h20__unit__signal_flip__vol_target_10,EFA,momentum_20,trend_100,20,unit,signal_flip,vol_target_10,false,false,false,true,true,false,0.009033978967819028,-0.00023118623426664642,0.010351016022235001,-0.0017091675511643574,0.01778411673714951,0.007346719316743214,0.09587595976387712
EFA__momentum_20__trend_100__h5__half__horizon__notional_cap_1,EFA,momentum_20,trend_100,5,half,horizon,notional_cap_1,false,false,false,true,true,false,0.001523538171829355,-0.011008764195384583,0.0016284046899935328,-0.010838519252931188,0.02183999924048989,0.009867280121205569,0.09896661367249603
EFA__momentum_20__trend_100__h5__half__horizon__vol_target_10,EFA,momentum_20,trend_100,5,half,horizon,vol_target_10,false,false,false,true,true,false,-0.0021549108029048406,-0.014157489796062288,0.0004504972773352778,-0.011955677369927397,0.017673797957897246,0.005868100557883291,0.09848909983886527
EFA__momentum_20__trend_100__h5__half__signal_flip__notional_cap_1,EFA,momentum_20,trend_100,5,half,signal_flip,notional_cap_1,false,false,false,true,true,false,-0.0018739153755858514,-0.015149300269929734,0.020923218963764922,0.007355593949193728,0.033869581984276434,0.020703835207230424,0.10771065182829889
EFA__momentum_20__trend_100__h5__half__signal_flip__vol_target_10,EFA,momentum_20,trend_100,5,half,signal_flip,vol_target_10,false,false,false,true,true,false,-0.0036500930373211697,-0.016307232220331133,0.021046400100480357,0.007586583482787776,0.030104889205444747,0.017109808112108223,0.1068536406552192
EFA__momentum_20__trend_100__h5__unit__horizon__notional_cap_1,EFA,momentum_20,trend_100,5,unit,horizon,notional_cap_1,false,false,false,true,true,false,-0.00804304731268265,-0.03313914419875692,-0.0026322985691206377,-0.0275604076953505,0.03604173941029041,0.012088859753502903,0.19793322734499205
EFA__momentum_20__trend_100__h5__unit__horizon__vol_target_10,EFA,momentum_20,trend_100,5,unit,horizon,vol_target_10,false,false,false,true,true,false,-0.01114945463073785,-0.028683213810426444,0.007672994745221805,-0.01480151397228708,0.0026368683835630968,-0.016374447418939897,0.17845156761289935
EFA__momentum_20__trend_100__h5__unit__signal_flip__notional_cap_1,EFA,momentum_20,trend_100,5,unit,signal_flip,notional_cap_1,false,false,false,true,true,false,-0.013270466800356734,-0.039836907039983896,0.036920433883675635,0.009793018086122192,0.06081321187987229,0.03449203717232421,0.21542130365659778
EFA__momentum_20__trend_100__h5__unit__signal_flip__vol_target_10,EFA,momentum_20,trend_100,5,unit,signal_flip,vol_target_10,false,false,false,true,true,false,-0.011338556822200412,-0.029499799419705694,0.03807783717987312,0.014100920270682514,0.02709840477199056,0.0064697561817631,0.19039403140055758
EFA__momentum_60__always__h20__half__horizon__notional_cap_1,EFA,momentum_60,always,20,half,horizon,notional_cap_1,false,false,false,true,true,false,0.0371297201015878,0.03237142870766525,0.010722400401619845,0.006169610177379564,-0.03551266624760445,-0.0401662821167275,0.03616852146263911
EFA__momentum_60__always__h20__half__horizon__vol_target_10,EFA,momentum_60,always,20,half,horizon,vol_target_10,false,false,false,true,true,false,0.0347647475970655,0.03003030424313575,0.009185298316273183,0.004618812001976557,-0.02429760974182114,-0.029002703735781645,0.03628087570647657
EFA__momentum_60__always__h20__half__signal_flip__notional_cap_1,EFA,momentum_60,always,20,half,signal_flip,notional_cap_1,false,false,false,true,true,false,0.008702627439117018,0.0015227034491613733,0.0027115780840800286,-0.004347313946480477,0.005922421059279778,6.385845839702517e-5,0.05604133545310016
EFA__momentum_60__always__h20__half__signal_flip__vol_target_10,EFA,momentum_60,always,20,half,signal_flip,vol_target_10,false,false,false,true,true,false,0.003861295340800653,-0.0027371399961228326,0.00385370889114774,-0.003134948609483578,0.0046555112860268665,-0.0012137331830984872,0.05548145023157838
EFA__momentum_60__always__h20__unit__horizon__notional_cap_1,EFA,momentum_60,always,20,unit,horizon,notional_cap_1,false,false,false,true,true,false,0.04918398504211278,0.03966340224787952,0.011773611145429595,0.002676917657053534,-0.0895591451176033,-0.09885882322048661,0.07233704292527822
EFA__momentum_60__always__h20__unit__horizon__vol_target_10,EFA,momentum_60,always,20,unit,horizon,vol_target_10,false,false,false,true,true,false,0.03982712781273924,0.03227587296305016,0.007644469306916259,-0.0013757874357285347,-0.046366518203484364,-0.055223719950197175,0.07169413675275685
EFA__momentum_60__always__h20__unit__signal_flip__notional_cap_1,EFA,momentum_60,always,20,unit,signal_flip,notional_cap_1,false,false,false,true,true,false,0.0008135402200442898,-0.013553837858983578,-0.0016076558671781413,-0.01572080745523891,0.0020339099922864513,-0.009681739457349476,0.11208267090620032
EFA__momentum_60__always__h20__unit__signal_flip__vol_target_10,EFA,momentum_60,always,20,unit,signal_flip,vol_target_10,false,false,false,true,true,false,-0.000510031229313427,-0.010230463375189933,0.007196204241563113,-0.005146114963756645,-0.014077497786985697,-0.024659144744575985,0.09793008316476304
EFA__momentum_60__always__h5__half__horizon__notional_cap_1,EFA,momentum_60,always,5,half,horizon,notional_cap_1,false,false,false,true,true,false,0.007220441850283803,-0.007976187885889899,-0.005219646757927509,-0.019292891586173287,0.012278190321723132,-0.0024980815071819116,0.1116852146263911
EFA__momentum_60__always__h5__half__horizon__vol_target_10,EFA,momentum_60,always,5,half,horizon,vol_target_10,false,false,false,true,true,false,0.009347978106879928,-0.004993357351006865,-0.00616187485290825,-0.020151572219997558,0.011496155244817983,-0.003084929291614042,0.11102498187478779
EFA__momentum_60__always__h5__half__signal_flip__notional_cap_1,EFA,momentum_60,always,5,half,signal_flip,notional_cap_1,false,false,false,true,true,false,-0.006614695350020896,-0.023068253769464517,0.004355842553924126,-0.011022341625957582,0.0029001292892528044,-0.012476424755499458,0.12201907790143084
EFA__momentum_60__always__h5__half__signal_flip__vol_target_10,EFA,momentum_60,always,5,half,signal_flip,vol_target_10,false,false,false,true,true,false,-0.007330600982573049,-0.0226493443310732,0.005125428352941434,-0.010149256459954877,0.002080521616187058,-0.013091947556121548,0.12119319741193443
EFA__momentum_60__always__h5__unit__horizon__notional_cap_1,EFA,momentum_60,always,5,unit,horizon,notional_cap_1,false,false,false,true,true,false,-0.002146942532639577,-0.032559951543559514,-0.017521658573841237,-0.04566996380097377,0.015285667487210386,-0.014272519987392276,0.2233704292527822
EFA__momentum_60__always__h5__unit__horizon__vol_target_10,EFA,momentum_60,always,5,unit,horizon,vol_target_10,false,false,false,true,true,false,0.009297861307883386,-0.010905820979893791,-0.017270296020642513,-0.04216174999573727,-0.0008447914683302887,-0.024267318192246798,0.19748460722283928
EFA__momentum_60__always__h5__unit__signal_flip__notional_cap_1,EFA,momentum_60,always,5,unit,signal_flip,notional_cap_1,false,false,false,true,true,false,-0.028369642327235822,-0.061307054812957285,0.0023125848420868424,-0.028451344246279386,-0.003086395402607134,-0.03384380395045558,0.24403815580286167
EFA__momentum_60__always__h5__unit__signal_flip__vol_target_10,EFA,momentum_60,always,5,unit,signal_flip,vol_target_10,false,false,false,true,true,false,-0.009594804029494827,-0.03088946679343794,0.0030503898043202464,-0.02381367006869897,-0.014360083069551749,-0.03863651711958831,0.21297362574856593
EFA__momentum_60__trend_100__h20__half__horizon__notional_cap_1,EFA,momentum_60,trend_100,20,half,horizon,notional_cap_1,false,false,false,true,true,false,0.04068477982979489,0.03626104276435837,0.016229678931286837,0.01197042825961038,-0.020212416702830464,-0.024570663733123464,0.033783783783783786
EFA__momentum_60__trend_100__h20__half__horizon__vol_target_10,EFA,momentum_60,trend_100,20,half,horizon,vol_target_10,false,false,false,true,true,false,0.03128165516321738,0.026791551076994772,0.012656534853978494,0.008383780371004837,-0.010902031402913476,-0.015292306615738757,0.03389584484461316
EFA__momentum_60__trend_100__h20__half__signal_flip__notional_cap_1,EFA,momentum_60,trend_100,20,half,signal_flip,notional_cap_1,false,false,false,true,true,false,0.009371798140177377,0.003699320403171588,-0.0026368711021924,-0.008295812670187783,0.007322619953192558,0.0020649468724064863,0.04491255961844197
EFA__momentum_60__trend_100__h20__half__signal_flip__vol_target_10,EFA,momentum_60,trend_100,20,half,signal_flip,vol_target_10,false,false,false,true,true,false,0.0024286626376132953,-0.003142213059867214,-0.0011501188506720219,-0.006730956967383032,0.0060560478912007176,0.0007683020648011117,0.04429877128967129
EFA__momentum_60__trend_100__h20__unit__horizon__notional_cap_1,EFA,momentum_60,trend_100,20,unit,horizon,notional_cap_1,false,false,false,true,true,false,0.06295980276288796,0.05410988761372467,0.024115949429439294,0.015592460256246988,-0.05727885282086033,-0.06599800946349496,0.06756756756756757
EFA__momentum_60__trend_100__h20__unit__horizon__vol_target_10,EFA,momentum_60,trend_100,20,unit,horizon,vol_target_10,false,false,false,true,true,false,0.03112375303265496,0.02381706040820753,0.017292417667866614,0.008849028458816327,-0.03176912696214065,-0.040199873491564134,0.06700113750928088
EFA__momentum_60__trend_100__h20__unit__signal_flip__notional_cap_1,EFA,momentum_60,trend_100,20,unit,signal_flip,notional_cap_1,false,false,false,true,true,false,0.0041252296468022,-0.007216336930360022,-0.011566501896846637,-0.022884303144980786,0.005460053739638645,-0.005053945419753644,0.08982511923688394
EFA__momentum_60__trend_100__h20__unit__signal_flip__vol_target_10,EFA,momentum_60,trend_100,20,unit,signal_flip,vol_target_10,false,false,false,true,true,false,-0.0035488066325123626,-0.012221636214540609,0.005484727056736881,-0.0045975818440001015,-0.012146472450115488,-0.021960014306471713,0.0800254777995448
EFA__momentum_60__trend_100__h5__half__horizon__notional_cap_1,EFA,momentum_60,trend_100,5,half,horizon,notional_cap_1,false,false,false,true,true,false,0.018398534261001066,0.004371873554449617,-0.01321055275315046,-0.025983888057946318,0.010177725734571822,-0.0038999898522282784,0.10135135135135136
EFA__momentum_60__trend_100__h5__half__horizon__vol_target_10,EFA,momentum_60,trend_100,5,half,horizon,vol_target_10,false,false,false,true,true,false,0.012142297920192818,-0.001314438531590082,-0.014010281282692506,-0.026689445136437655,0.00935838492920454,-0.004538144652049376,0.1006180662362397
EFA__momentum_60__trend_100__h5__half__signal_flip__notional_cap_1,EFA,momentum_60,trend_100,5,half,signal_flip,notional_cap_1,false,false,false,true,true,false,0.006974446566896072,-0.007561836368463961,-0.009275646681575916,-0.022647982790248444,0.005038107889194535,-0.009539498290967008,0.106120826709062
EFA__momentum_60__trend_100__h5__half__signal_flip__vol_target_10,EFA,momentum_60,trend_100,5,half,signal_flip,vol_target_10,false,false,false,true,true,false,0.003096029156500076,-0.010829586990388482,-0.0076367771027646275,-0.020914751859663,0.004218834424812262,-0.010177592034447059,0.10537919331897865
EFA__momentum_60__trend_100__h5__unit__horizon__notional_cap_1,EFA,momentum_60,trend_100,5,unit,horizon,notional_cap_1,false,false,false,true,true,false,0.023241199295659976,-0.004828357437830558,-0.03286910767397003,-0.058421908352612885,0.011837672413644914,-0.0163285158477049,0.20270270270270271
EFA__momentum_60__trend_100__h5__unit__horizon__vol_target_10,EFA,momentum_60,trend_100,5,unit,horizon,vol_target_10,false,false,false,true,true,false,0.007628853387273947,-0.011592501433746311,-0.018796493629884788,-0.04166193308604522,-0.0005959934508451715,-0.022995895817229488,0.18138757353132953
EFA__momentum_60__trend_100__h5__unit__signal_flip__notional_cap_1,EFA,momentum_60,trend_100,5,unit,signal_flip,notional_cap_1,false,false,false,true,true,false,0.0013940617642731676,-0.02771265938114045,-0.02432490469132846,-0.05107180079533492,0.0019176875186223963,-0.027246473291053952,0.212241653418124
EFA__momentum_60__trend_100__h5__unit__signal_flip__vol_target_10,EFA,momentum_60,trend_100,5,unit,signal_flip,vol_target_10,false,false,false,true,true,false,-0.00025490559893223685,-0.02006300267065552,-0.007244608443860157,-0.031033538286033804,-0.008092598485840348,-0.03126988598481384,0.18868829584410404
EMB__mean_reversion_5__always__h20__half__horizon__notional_cap_1,EMB,mean_reversion_5,always,20,half,horizon,notional_cap_1,false,false,false,true,true,false,0.023493013285239558,0.01848193875485893,0.02588858924532403,0.020628689986889225,-0.017384117198436654,-0.022348918976693048,0.0417329093799682
EMB__mean_reversion_5__always__h20__half__horizon__vol_target_10,EMB,mean_reversion_5,always,20,half,horizon,vol_target_10,false,false,false,true,true,false,0.027030473152801934,0.022024115429863926,0.02588858924532403,0.020628689986889225,-0.01730212572449427,-0.02227208622343232,0.0417329093799682
EMB__mean_reversion_5__always__h20__half__signal_flip__notional_cap_1,EMB,mean_reversion_5,always,20,half,signal_flip,notional_cap_1,false,false,false,true,true,false,0.014998513194985505,0.005270736038824446,0.013426233872960859,0.001452497065984212,-0.00203360874971131,-0.013860221045526928,0.09499205087440382
EMB__mean_reversion_5__always__h20__half__signal_flip__vol_target_10,EMB,mean_reversion_5,always,20,half,signal_flip,vol_target_10,false,false,false,true,true,false,0.011839824250589834,0.002255889251935119,0.013426233872960859,0.001452497065984212,-0.001978482679996846,-0.01370128799503019,0.09499205087440382
EMB__mean_reversion_5__always__h20__unit__horizon__notional_cap_1,EMB,mean_reversion_5,always,20,unit,horizon,notional_cap_1,false,false,false,true,true,false,0.040432567048242725,0.030401513959832795,0.04943905968399828,0.038916155814011054,-0.04516438294319003,-0.055107850787535155,0.0834658187599364
EMB__mean_reversion_5__always__h20__unit__horizon__vol_target_10,EMB,mean_reversion_5,always,20,unit,horizon,vol_target_10,false,false,false,true,true,false,0.04215977476238373,0.032353905457964315,0.04762932064981097,0.03712497352558351,-0.03351038720332212,-0.04337268564742433,0.08331341767499789
EMB__mean_reversion_5__always__h20__unit__signal_flip__notional_cap_1,EMB,mean_reversion_5,always,20,unit,signal_flip,notional_cap_1,false,false,false,true,true,false,0.026534460726962014,0.007065736208278062,0.025591911644466347,0.0016349612369095357,-0.010945096366094668,-0.034614025676543134,0.18998410174880764
EMB__mean_reversion_5__always__h20__unit__signal_flip__vol_target_10,EMB,mean_reversion_5,always,20,unit,signal_flip,vol_target_10,false,false,false,true,true,false,0.007153119422557044,-0.01103387806976871,0.024333591998783297,0.0005664790389837476,-0.001488726172761909,-0.023153024638783402,0.1884830807067727
EMB__mean_reversion_5__always__h5__half__horizon__notional_cap_1,EMB,mean_reversion_5,always,5,half,horizon,notional_cap_1,false,false,false,true,true,false,0.012704691077561685,0.00047541042735694465,0.014516608913999732,0.0011405301089904441,0.011146750771672577,-0.0025245655762306837,0.106120826709062
EMB__mean_reversion_5__always__h5__half__horizon__vol_target_10,EMB,mean_reversion_5,always,5,half,horizon,vol_target_10,false,false,false,true,true,false,0.010591781909849763,-0.0014914032286606495,0.014516608913999732,0.0011405301089904441,0.005016646877031626,-0.008498879080579148,0.106120826709062
EMB__mean_reversion_5__always__h5__half__signal_flip__notional_cap_1,EMB,mean_reversion_5,always,5,half,signal_flip,notional_cap_1,false,false,false,true,true,false,0.006169937701747749,-0.007143495247102212,0.010334564976548942,-0.005147737461339752,0.006429467541859852,-0.009498171133480043,0.12281399046104928
EMB__mean_reversion_5__always__h5__half__signal_flip__vol_target_10,EMB,mean_reversion_5,always,5,half,signal_flip,vol_target_10,false,false,false,true,true,false,0.004157561833754942,-0.009005988146728828,0.010334564976548942,-0.005147737461339752,0.0023614822274285684,-0.013399440204053818,0.12281399046104928
EMB__mean_reversion_5__always__h5__unit__horizon__notional_cap_1,EMB,mean_reversion_5,always,5,unit,horizon,notional_cap_1,false,false,false,true,true,false,0.021955585502299736,-0.0025125304760026555,0.02737572023469499,0.0006138533453414843,0.015757441878423633,-0.011584421287434216,0.212241653418124
EMB__mean_reversion_5__always__h5__unit__horizon__vol_target_10,EMB,mean_reversion_5,always,5,unit,horizon,vol_target_10,false,false,false,true,true,false,0.003957646848840977,-0.019052382848024994,0.026064222486214192,-0.0003920395733459925,0.0026927079431426915,-0.022255634232012406,0.20978866348926575
EMB__mean_reversion_5__always__h5__unit__signal_flip__notional_cap_1,EMB,mean_reversion_5,always,5,unit,signal_flip,notional_cap_1,false,false,false,true,true,false,0.009314426303679905,-0.017320762445362296,0.019517623976147924,-0.011462460179222408,0.007664213569665334,-0.024195784692902476,0.24562798092209856
EMB__mean_reversion_5__always__h5__unit__signal_flip__vol_target_10,EMB,mean_reversion_5,always,5,unit,signal_flip,vol_target_10,false,false,false,true,true,false,-0.00458042561750177,-0.029639181562837413,0.018086786393080076,-0.01263152443214769,0.0006960736463283192,-0.02798456735217261,0.24355872271486498
EMB__mean_reversion_5__trend_100__h20__half__horizon__notional_cap_1,EMB,mean_reversion_5,trend_100,20,half,horizon,notional_cap_1,false,false,false,true,true,false,0.010829109411577248,0.0069054300908446865,0.008577968850544834,0.0052732533865530425,-0.011027706118850176,-0.014386497481085569,0.026232114467408585
EMB__mean_reversion_5__trend_100__h20__half__horizon__vol_target_10,EMB,mean_reversion_5,trend_100,20,half,horizon,vol_target_10,false,false,false,true,true,false,0.014057972765579563,0.010171815969596187,0.008577968850544834,0.0052732533865530425,-0.008629315211203668,-0.011989119886438675,0.026232114467408585
EMB__mean_reversion_5__trend_100__h20__half__signal_flip__notional_cap_1,EMB,mean_reversion_5,trend_100,20,half,signal_flip,notional_cap_1,false,false,false,true,true,false,0.012088792159663582,0.004492846104599261,0.00787268115105937,-4.267812823382865e-5,0.01461873000461573,0.006902949361318981,0.06279809220985691
EMB__mean_reversion_5__trend_100__h20__half__signal_flip__vol_target_10,EMB,mean_reversion_5,trend_100,20,half,signal_flip,vol_target_10,false,false,false,true,true,false,0.00909553152809358,0.0016332959904226969,0.00787268115105937,-4.267812823382865e-5,0.01459426576936131,0.006878501700570326,0.06279809220985691
EMB__mean_reversion_5__trend_100__h20__unit__horizon__notional_cap_1,EMB,mean_reversion_5,trend_100,20,unit,horizon,notional_cap_1,false,false,false,true,true,false,0.01764397936816314,0.009792970694504426,0.015991996228887948,0.00938362721870775,-0.02863746358509855,-0.03536197720574123,0.05246422893481717
EMB__mean_reversion_5__trend_100__h20__unit__horizon__vol_target_10,EMB,mean_reversion_5,trend_100,20,unit,horizon,vol_target_10,false,false,false,true,true,false,0.02257963008275584,0.014941985029775114,0.015991996228887948,0.00938362721870775,-0.012677695991441019,-0.019502830548999792,0.05246422893481717
EMB__mean_reversion_5__trend_100__h20__unit__signal_flip__notional_cap_1,EMB,mean_reversion_5,trend_100,20,unit,signal_flip,notional_cap_1,false,false,false,true,true,false,0.02164633949958176,0.006449310246211902,0.015032600597877905,-0.0008037172824109302,0.027825470097954396,0.012386830831603657,0.12559618441971382
EMB__mean_reversion_5__trend_100__h20__unit__signal_flip__vol_target_10,EMB,mean_reversion_5,trend_100,20,unit,signal_flip,vol_target_10,false,false,false,true,true,false,0.005493401874997443,-0.008675483855464544,0.015032600597877905,-0.0008037172824109302,0.026729957343810912,0.011747741643099,0.12559618441971382
EMB__mean_reversion_5__trend_100__h5__half__horizon__notional_cap_1,EMB,mean_reversion_5,trend_100,5,half,horizon,notional_cap_1,false,false,false,true,true,false,0.009796598571082496,0.0011159866290604476,0.009156371780198005,0.0011407257311885103,0.013418513499526255,0.006005459159851954,0.06359300476947535
EMB__mean_reversion_5__trend_100__h5__half__horizon__vol_target_10,EMB,mean_reversion_5,trend_100,5,half,horizon,vol_target_10,false,false,false,true,true,false,0.007981948422095575,-0.0005591676870305843,0.009156371780198005,0.0011407257311885103,0.013394049605601997,0.005981011752393697,0.06359300476947535
EMB__mean_reversion_5__trend_100__h5__half__signal_flip__notional_cap_1,EMB,mean_reversion_5,trend_100,5,half,signal_flip,notional_cap_1,false,false,false,true,true,false,0.005403754601040633,-0.0037789261733724953,0.004414218697267383,-0.004904803515325249,0.011460454831397668,0.002544125442522262,0.0739268680445151
EMB__mean_reversion_5__trend_100__h5__half__signal_flip__vol_target_10,EMB,mean_reversion_5,trend_100,5,half,signal_flip,vol_target_10,false,false,false,true,true,false,0.0035479771359286753,-0.005494963864567947,0.004414218697267383,-0.004904803515325249,0.011435991577992036,0.0025196791157814508,0.0739268680445151
EMB__mean_reversion_5__trend_100__h5__unit__horizon__notional_cap_1,EMB,mean_reversion_5,trend_100,5,unit,horizon,notional_cap_1,false,false,false,true,true,false,0.01727624593995907,-8.991043740062474e-5,0.01764335675513196,0.0016062097610017828,0.025354502328788876,0.010525814381856388,0.1271860095389507
EMB__mean_reversion_5__trend_100__h5__unit__horizon__vol_target_10,EMB,mean_reversion_5,trend_100,5,unit,horizon,vol_target_10,false,false,false,true,true,false,0.004467781809693152,-0.01187313118811047,0.01764335675513196,0.0016062097610017828,0.02359935943974677,0.009165385197662017,0.1271860095389507
EMB__mean_reversion_5__trend_100__h5__unit__signal_flip__notional_cap_1,EMB,mean_reversion_5,trend_100,5,unit,signal_flip,notional_cap_1,false,false,false,true,true,false,0.008756676682308395,-0.00961643052130437,0.008303227730245845,-0.010343290372906872,0.02189440756088498,0.004057388892505785,0.1478537360890302
EMB__mean_reversion_5__trend_100__h5__unit__signal_flip__vol_target_10,EMB,mean_reversion_5,trend_100,5,unit,signal_flip,vol_target_10,false,false,false,true,true,false,-0.0024059367270089504,-0.01965932277169547,0.008303227730245845,-0.010343290372906872,0.02057162723262855,0.003362122074418863,0.1478537360890302
EMB__momentum_20__always__h20__half__horizon__notional_cap_1,EMB,momentum_20,always,20,half,horizon,notional_cap_1,false,false,false,true,true,false,0.021289351922670636,0.01624248141301663,0.019597864358037106,0.0145391935357731,0.005379315004184725,0.000667116380153699,0.04014308426073132
EMB__momentum_20__always__h20__half__horizon__vol_target_10,EMB,momentum_20,always,20,half,horizon,vol_target_10,false,false,false,true,true,false,0.023914707896504146,0.018879034815437255,0.019597864358037106,0.0145391935357731,0.00634940043462815,0.0016165354816380377,0.04014308426073132
EMB__momentum_20__always__h20__half__signal_flip__notional_cap_1,EMB,momentum_20,always,20,half,signal_flip,notional_cap_1,false,false,false,true,true,false,0.02033962609996862,0.013958744871050074,0.01965787391208273,0.011388885059921283,0.003180262786445725,-0.003885027449519048,0.06558028616852146
EMB__momentum_20__always__h20__half__signal_flip__vol_target_10,EMB,momentum_20,always,20,half,signal_flip,vol_target_10,false,false,false,true,true,false,0.024224928550687187,0.017837483216546258,0.01965787391208273,0.011388885059921283,0.00430574546781968,-0.0027695741855221063,0.06558028616852146
EMB__momentum_20__always__h20__unit__horizon__notional_cap_1,EMB,momentum_20,always,20,unit,horizon,notional_cap_1,false,false,false,true,true,false,0.037256546763529956,0.027165753466635807,0.03733148286934989,0.027212856813998165,0.004504054929298612,-0.0049297952107046576,0.08028616852146264
EMB__momentum_20__always__h20__unit__horizon__vol_target_10,EMB,momentum_20,always,20,unit,horizon,vol_target_10,false,false,false,true,true,false,0.041764915166103166,0.031829555074108465,0.03649346234103521,0.026374185072212213,0.0031835402752943727,-0.006189802100839695,0.08028778370614773
EMB__momentum_20__always__h20__unit__signal_flip__notional_cap_1,EMB,momentum_20,always,20,unit,signal_flip,notional_cap_1,false,false,false,true,true,false,0.03669959843960924,0.023942960941153613,0.038071915362161896,0.021522192067983524,0.0016052069486446382,-0.0125335374610332,0.13116057233704292
EMB__momentum_20__always__h20__unit__signal_flip__vol_target_10,EMB,momentum_20,always,20,unit,signal_flip,vol_target_10,false,false,false,true,true,false,0.0456961699945902,0.03325838053161255,0.03723389989829687,0.020683590284260308,3.118102480667486e-5,-0.013506578009194099,0.131162187521728
EMB__momentum_20__always__h5__half__horizon__notional_cap_1,EMB,momentum_20,always,5,half,horizon,notional_cap_1,false,false,false,true,true,false,0.01779916687916593,0.003152943461321987,0.023009674733810236,0.008132863494494111,-0.0052186320163461215,-0.019295654923224687,0.11804451510333863
EMB__momentum_20__always__h5__half__horizon__vol_target_10,EMB,momentum_20,always,5,half,horizon,vol_target_10,false,false,false,true,true,false,0.019807769198027098,0.005251740651929319,0.023009674733810236,0.008132863494494111,-0.002103523172811802,-0.016124944583836804,0.11804451510333863
EMB__momentum_20__always__h5__half__signal_flip__notional_cap_1,EMB,momentum_20,always,5,half,signal_flip,notional_cap_1,false,false,false,true,true,false,0.02780093474416409,0.012488625274942322,0.014013265405139112,-0.0021632146604127246,-0.0005333552711692699,-0.015310330489536887,0.12837837837837837
EMB__momentum_20__always__h5__half__signal_flip__vol_target_10,EMB,momentum_20,always,5,half,signal_flip,vol_target_10,false,false,false,true,true,false,0.030741899851457383,0.015496959286955042,0.014013265405139112,-0.0021632146604127246,0.000330501918839112,-0.014388059463005138,0.12837837837837837
EMB__momentum_20__always__h5__unit__horizon__notional_cap_1,EMB,momentum_20,always,5,unit,horizon,notional_cap_1,false,false,false,true,true,false,0.03168607149017344,0.002389919540652005,0.044810533593428334,0.015050506442205203,-0.015966537604335272,-0.044129955145998954,0.23608903020667726
EMB__momentum_20__always__h5__unit__horizon__vol_target_10,EMB,momentum_20,always,5,unit,horizon,vol_target_10,false,false,false,true,true,false,0.03425599120305279,0.006027662799190617,0.04397245063735801,0.014258472596772282,-0.007206333952608454,-0.03370114125894944,0.23572243360620113
EMB__momentum_20__always__h5__unit__signal_flip__notional_cap_1,EMB,momentum_20,always,5,unit,signal_flip,notional_cap_1,false,false,false,true,true,false,0.05310422109586145,0.02247882427857706,0.02693904890195514,-0.005415520008900839,-0.005507977523468751,-0.035068978555921705,0.25675675675675674
EMB__momentum_20__always__h5__unit__signal_flip__vol_target_10,EMB,momentum_20,always,5,unit,signal_flip,vol_target_10,false,false,false,true,true,false,0.05079855582430183,0.021348769081303474,0.026101149277745667,-0.006207355568193228,-0.009304152462924428,-0.037056549138063964,0.25639016015628063
EMB__momentum_20__trend_100__h20__half__horizon__notional_cap_1,EMB,momentum_20,trend_100,20,half,horizon,notional_cap_1,false,false,false,true,true,false,0.02818099285326831,0.02354950504735083,0.022015989454983568,0.017755249165313826,0.004300426100068916,0.00039061408851706787,0.033783783783783786
EMB__momentum_20__trend_100__h20__half__horizon__vol_target_10,EMB,momentum_20,trend_100,20,half,horizon,vol_target_10,false,false,false,true,true,false,0.03209740411427019,0.027458983699267643,0.022015989454983568,0.017755249165313826,0.00392270269412782,8.601452927975949e-6,0.033783783783783786
EMB__momentum_20__trend_100__h20__half__signal_flip__notional_cap_1,EMB,momentum_20,trend_100,20,half,signal_flip,notional_cap_1,false,false,false,true,true,false,0.022413343598956532,0.016614113832618786,0.02297374997525785,0.016509429876733272,-5.6474552805968904e-5,-0.005818583574188933,0.051271860095389504
EMB__momentum_20__trend_100__h20__half__signal_flip__vol_target_10,EMB,momentum_20,trend_100,20,half,signal_flip,vol_target_10,false,false,false,true,true,false,0.026284395636658527,0.02047857366657498,0.02297374997525785,0.016509429876733272,-0.00043417514470251535,-0.006200564196311161,0.051271860095389504
EMB__momentum_20__trend_100__h20__unit__horizon__notional_cap_1,EMB,momentum_20,trend_100,20,unit,horizon,notional_cap_1,false,false,false,true,true,false,0.051614972737576384,0.042351273169535616,0.04220256195347898,0.033673114308313525,0.004251748915379022,-0.0035750984948983147,0.06756756756756757
EMB__momentum_20__trend_100__h20__unit__horizon__vol_target_10,EMB,momentum_20,trend_100,20,unit,horizon,vol_target_10,true,true,false,true,true,false,0.056975588764600925,0.047777146952514546,0.041434511039867304,0.03290276930890544,0.002352128385350309,-0.005401155104373084,0.06758393655298317
EMB__momentum_20__trend_100__h20__unit__signal_flip__notional_cap_1,EMB,momentum_20,trend_100,20,unit,signal_flip,notional_cap_1,false,false,false,true,true,false,0.04098917042231589,0.029390926853653663,0.044869356021857494,0.03193258437179735,-0.003609268640476761,-0.015139421737137383,0.10254372019077901
EMB__momentum_20__trend_100__h20__unit__signal_flip__vol_target_10,EMB,momentum_20,trend_100,20,unit,signal_flip,vol_target_10,false,false,false,true,true,false,0.04863612167259172,0.03732501766504683,0.044869356021857494,0.03193258437179735,-0.005716577537381051,-0.016985365806396382,0.10254372019077901
EMB__momentum_20__trend_100__h5__half__horizon__notional_cap_1,EMB,momentum_20,trend_100,5,half,horizon,notional_cap_1,false,false,false,true,true,false,0.020335342604858638,0.006689932627595713,0.016902311180522166,0.004233193074075018,-0.0007942120358632404,-0.012771527011733196,0.10055643879173291
EMB__momentum_20__trend_100__h5__half__horizon__vol_target_10,EMB,momentum_20,trend_100,5,half,horizon,vol_target_10,false,false,false,true,true,false,0.022329659416849928,0.008774416571321176,0.016902311180522166,0.004233193074075018,0.0012179524973040452,-0.010738806230221208,0.10055643879173291
EMB__momentum_20__trend_100__h5__half__signal_flip__notional_cap_1,EMB,momentum_20,trend_100,5,half,signal_flip,notional_cap_1,false,false,false,true,true,false,0.022941985310426127,0.008713393647173183,0.015868347374249674,0.0025987595524874594,0.0016281703470233243,-0.010642793127192301,0.10532591414944356
EMB__momentum_20__trend_100__h5__half__signal_flip__vol_target_10,EMB,momentum_20,trend_100,5,half,signal_flip,vol_target_10,false,false,false,true,true,false,0.02590704286589995,0.011769620137666088,0.015868347374249674,0.0025987595524874594,0.0013514278141641945,-0.010897992768888325,0.10532591414944356
EMB__momentum_20__trend_100__h5__unit__horizon__notional_cap_1,EMB,momentum_20,trend_100,5,unit,horizon,notional_cap_1,false,false,false,true,true,false,0.03694748167771234,0.009651934483892455,0.03277895855356674,0.007442708703294859,-0.00576335370784113,-0.029734616790971165,0.20111287758346583
EMB__momentum_20__trend_100__h5__unit__horizon__vol_target_10,EMB,momentum_20,trend_100,5,unit,horizon,vol_target_10,false,false,false,true,true,false,0.03862781393381283,0.012294725924328894,0.03277895855356674,0.007442708703294859,0.0007565608778229557,-0.022256189128908678,0.20111287758346583
EMB__momentum_20__trend_100__h5__unit__signal_flip__notional_cap_1,EMB,momentum_20,trend_100,5,unit,signal_flip,notional_cap_1,false,false,false,true,true,false,0.042309686937068436,0.01384962491981827,0.030772883932610233,0.004236663011221181,8.928552163844396e-5,-0.024455617659802736,0.21065182829888712
EMB__momentum_20__trend_100__h5__unit__signal_flip__vol_target_10,EMB,momentum_20,trend_100,5,unit,signal_flip,vol_target_10,false,false,false,true,true,false,0.04650611849807286,0.019140410547417823,0.030772883932610233,0.004236663011221181,-0.004856526282863101,-0.02839001828281502,0.21065182829888712
EMB__momentum_60__always__h20__half__horizon__notional_cap_1,EMB,momentum_60,always,20,half,horizon,notional_cap_1,false,false,false,true,true,false,0.025177704370079136,0.02012722275944953,0.019498059902506814,0.014839592000419545,-0.012899354531139473,-0.017255166845192543,0.03696343402225755
EMB__momentum_60__always__h20__half__horizon__vol_target_10,EMB,momentum_60,always,20,half,horizon,vol_target_10,false,false,false,true,true,false,0.02930367993994402,0.024251475266404754,0.019498059902506814,0.014839592000419545,-0.011468608125693516,-0.015832783154472896,0.03696343402225755
EMB__momentum_60__always__h20__half__signal_flip__notional_cap_1,EMB,momentum_60,always,20,half,signal_flip,notional_cap_1,false,false,false,true,true,false,0.019349910854721628,0.013550036036789479,0.017727623435623296,0.011967513653566877,0.01039407410096562,0.005031293566065348,0.04570747217806041
EMB__momentum_60__always__h20__half__signal_flip__vol_target_10,EMB,momentum_60,always,20,half,signal_flip,vol_target_10,false,false,false,true,true,false,0.023421121777137496,0.01764395292859973,0.017727623435623296,0.011967513653566877,0.010219078442183286,0.0048487643091958185,0.04570747217806041
EMB__momentum_60__always__h20__unit__horizon__notional_cap_1,EMB,momentum_60,always,20,unit,horizon,notional_cap_1,false,false,false,true,true,false,0.04437112741409126,0.034265889713294695,0.03704123802020158,0.027722151785461422,-0.031045996820901124,-0.03975541459857604,0.0739268680445151
EMB__momentum_60__always__h20__unit__horizon__vol_target_10,EMB,momentum_60,always,20,unit,horizon,vol_target_10,true,false,false,true,true,false,0.05277399472427706,0.04280465182068356,0.03686867950473153,0.027547233633003668,-0.02027081090750176,-0.02903183444759514,0.0739432370299307
EMB__momentum_60__always__h20__unit__signal_flip__notional_cap_1,EMB,momentum_60,always,20,unit,signal_flip,notional_cap_1,false,false,false,true,true,false,0.03349924076987986,0.021898416994840013,0.034105473074765885,0.02258331693541145,0.016981256658234318,0.006247145647409078,0.09141494435612083
EMB__momentum_60__always__h20__unit__signal_flip__vol_target_10,EMB,momentum_60,always,20,unit,signal_flip,vol_target_10,false,false,false,true,true,false,0.043288366211516646,0.032128311634521796,0.034105473074765885,0.02258331693541145,0.01618723654996993,0.005774384771735631,0.09141494435612083
EMB__momentum_60__always__h5__half__horizon__notional_cap_1,EMB,momentum_60,always,5,half,horizon,notional_cap_1,false,false,false,true,true,false,0.014954203833101018,-0.0012770096650643087,0.015836194940648165,0.0011563415126712151,-0.0044785862118635646,-0.01784536312929891,0.11645468998410174
EMB__momentum_60__always__h5__half__horizon__vol_target_10,EMB,momentum_60,always,5,half,horizon,vol_target_10,false,false,false,true,true,false,0.019217156849070445,0.003193887383714929,0.015836194940648165,0.0011563415126712151,-0.00018287939944760666,-0.0135475870927715,0.11645468998410174
EMB__momentum_60__always__h5__half__signal_flip__notional_cap_1,EMB,momentum_60,always,5,half,signal_flip,notional_cap_1,false,false,false,true,true,false,0.015492624673007448,-0.0009899509809101208,0.015518961696299141,0.00044044815802854595,0.015081774966264979,0.0013095274366881483,0.11963434022257552
EMB__momentum_60__always__h5__half__signal_flip__vol_target_10,EMB,momentum_60,always,5,half,signal_flip,vol_target_10,false,false,false,true,true,false,0.019849719866144117,0.0035943760184551704,0.015518961696299141,0.00044044815802854595,0.014840582153833434,0.0010718596314874076,0.11963434022257552
EMB__momentum_60__always__h5__unit__horizon__notional_cap_1,EMB,momentum_60,always,5,unit,horizon,notional_cap_1,false,false,false,true,true,false,0.025219551756245132,-0.007245699587409522,0.030448763864340957,0.0010759320284268225,-0.012584284434099757,-0.03930894377315749,0.2329093799682035
EMB__momentum_60__always__h5__unit__horizon__vol_target_10,EMB,momentum_60,always,5,unit,horizon,vol_target_10,false,false,false,true,true,false,0.03645999130388191,0.005598149267666722,0.030448763864340957,0.0010759320284268225,0.006020755375555148,-0.01974788299336576,0.2329093799682035
EMB__momentum_60__always__h5__unit__signal_flip__notional_cap_1,EMB,momentum_60,always,5,unit,signal_flip,notional_cap_1,false,false,false,true,true,false,0.026378752996665478,-0.00659128471834252,0.029842482715243784,-0.00032371770174953853,0.027725351057428786,0.00018008112990050302,0.23926868044515104
EMB__momentum_60__always__h5__unit__signal_flip__vol_target_10,EMB,momentum_60,always,5,unit,signal_flip,vol_target_10,false,false,false,true,true,false,0.037273677736305674,0.00602341821995269,0.029842482715243784,-0.00032371770174953853,0.02703745374179702,0.0005269988863368553,0.23926868044515104
EMB__momentum_60__trend_100__h20__half__horizon__notional_cap_1,EMB,momentum_60,trend_100,20,half,horizon,notional_cap_1,false,false,false,true,true,false,0.027403134315651004,0.022350233338797546,0.019699998980922492,0.015543653632891176,0.0014179134065824476,-0.002639108578216514,0.03298887122416534
EMB__momentum_60__trend_100__h20__half__horizon__vol_target_10,EMB,momentum_60,trend_100,20,half,horizon,vol_target_10,false,false,false,true,true,false,0.031553965374853624,0.026499450246574154,0.019699998980922492,0.015543653632891176,0.0028488825854224714,-0.0012164986568588732,0.03298887122416534
EMB__momentum_60__trend_100__h20__half__signal_flip__notional_cap_1,EMB,momentum_60,trend_100,20,half,signal_flip,notional_cap_1,false,false,false,true,true,false,0.017411358600181608,0.011608832013933524,0.02099076820793297,0.016534597016807717,0.012219316404603569,0.007457449903710949,0.035373608903020666
EMB__momentum_60__trend_100__h20__half__signal_flip__vol_target_10,EMB,momentum_60,trend_100,20,half,signal_flip,vol_target_10,false,false,false,true,true,false,0.021507248733189713,0.01572753631724496,0.02099076820793297,0.016534597016807717,0.01204431688211351,0.007274915237998691,0.035373608903020666
EMB__momentum_60__trend_100__h20__unit__horizon__notional_cap_1,EMB,momentum_60,trend_100,20,unit,horizon,notional_cap_1,false,false,false,true,true,false,0.04887002335531909,0.03875510818962714,0.037695550772655975,0.029383364929020384,-0.0018020093307448502,-0.00991721968647487,0.06597774244833068
EMB__momentum_60__trend_100__h20__unit__horizon__vol_target_10,EMB,momentum_60,trend_100,20,unit,horizon,vol_target_10,true,false,false,true,true,false,0.05586241965465534,0.04593220805835493,0.037522991799300076,0.029208443301483183,0.003935209181660888,-0.004260725089052717,0.0659941114337463
EMB__momentum_60__trend_100__h20__unit__signal_flip__notional_cap_1,EMB,momentum_60,trend_100,20,unit,signal_flip,notional_cap_1,false,false,false,true,true,false,0.02970794036099128,0.018096509512687705,0.0406877818937342,0.03177724657279441,0.02078687770108497,0.011254515036147252,0.07074721780604133
EMB__momentum_60__trend_100__h20__unit__signal_flip__vol_target_10,EMB,momentum_60,trend_100,20,unit,signal_flip,vol_target_10,false,false,false,true,true,false,0.039700668901018324,0.028548140792716933,0.0406877818937342,0.03177724657279441,0.018690362474508202,0.009365866359698136,0.07074721780604133
EMB__momentum_60__trend_100__h5__half__horizon__notional_cap_1,EMB,momentum_60,trend_100,5,half,horizon,notional_cap_1,false,false,false,true,true,false,0.008542650045798258,-0.007190653041300355,0.01431226678374947,0.0010391841796899043,0.002907077127085523,-0.00965845689795328,0.10532591414944356
EMB__momentum_60__trend_100__h5__half__horizon__vol_target_10,EMB,momentum_60,trend_100,5,half,horizon,vol_target_10,false,false,false,true,true,false,0.013272352172286133,-0.002270806235218724,0.01431226678374947,0.0010391841796899043,0.007203126856115947,-0.00536029998517875,0.10532591414944356
EMB__momentum_60__trend_100__h5__half__signal_flip__notional_cap_1,EMB,momentum_60,trend_100,5,half,signal_flip,notional_cap_1,false,false,false,true,true,false,0.009602338692001822,-0.00638225268446258,0.018279406217452922,0.004905888397786128,0.01587192734702728,0.003099668648146409,0.106120826709062
EMB__momentum_60__trend_100__h5__half__signal_flip__vol_target_10,EMB,momentum_60,trend_100,5,half,signal_flip,vol_target_10,false,false,false,true,true,false,0.014277839269611734,-0.0015048346361177976,0.018279406217452922,0.004905888397786128,0.015630732535677986,0.002861995922839024,0.106120826709062
EMB__momentum_60__trend_100__h5__unit__horizon__notional_cap_1,EMB,momentum_60,trend_100,5,unit,horizon,notional_cap_1,false,false,false,true,true,false,0.012664152501073606,-0.018810781701625458,0.02749824360558542,0.0009480435550069553,0.0023595962666886003,-0.02276263522297375,0.21065182829888712
EMB__momentum_60__trend_100__h5__unit__horizon__vol_target_10,EMB,momentum_60,trend_100,5,unit,horizon,vol_target_10,false,false,false,true,true,false,0.026005619582262496,-0.004017418988301865,0.02749824360558542,0.0009480435550069553,0.017884125034769063,-0.006332284532214764,0.21065182829888712
EMB__momentum_60__trend_100__h5__unit__signal_flip__notional_cap_1,EMB,momentum_60,trend_100,5,unit,signal_flip,notional_cap_1,false,false,false,true,true,false,0.01481180774813959,-0.017167617360367003,0.03545223854230703,0.008700615594323505,0.029545232440573305,0.003996738185590379,0.212241653418124
EMB__momentum_60__trend_100__h5__unit__signal_flip__vol_target_10,EMB,momentum_60,trend_100,5,unit,signal_flip,vol_target_10,false,false,false,true,true,false,0.027714823819552977,-0.002729474931010459,0.03545223854230703,0.008700615594323505,0.02757036609035589,0.002973921093307729,0.212241653418124
EWZ__mean_reversion_5__always__h20__half__horizon__notional_cap_1,EWZ,mean_reversion_5,always,20,half,horizon,notional_cap_1,false,false,false,true,true,false,-0.005182993291414927,-0.010535703639680313,-0.03148545591240622,-0.03662583137816048,-0.005006092329180957,-0.010482134938767894,0.040937996820349765
EWZ__mean_reversion_5__always__h20__half__horizon__vol_target_10,EWZ,mean_reversion_5,always,20,half,horizon,vol_target_10,false,false,false,true,true,false,-0.024773153325449347,-0.029784587836838735,-0.028418053696245445,-0.03292465640498764,0.0035325041194261067,-0.0014773507907830125,0.0358404084982705
EWZ__mean_reversion_5__always__h20__half__signal_flip__notional_cap_1,EWZ,mean_reversion_5,always,20,half,signal_flip,notional_cap_1,true,false,false,true,true,false,0.025844804734020697,0.013694105450550668,0.03037001736639294,0.017258226326871157,-0.020385432918395213,-0.03356692513259002,0.1041335453100159
EWZ__mean_reversion_5__always__h20__half__signal_flip__vol_target_10,EWZ,mean_reversion_5,always,20,half,signal_flip,vol_target_10,false,false,false,true,true,false,-0.011077859584807226,-0.02081764412269344,0.006889142206444656,-0.002402494650426074,-0.0016392789922429693,-0.011694691130776475,0.07374690658959586
EWZ__mean_reversion_5__always__h20__unit__horizon__notional_cap_1,EWZ,mean_reversion_5,always,20,unit,horizon,notional_cap_1,false,false,false,true,true,false,-0.0721865347550631,-0.0829165814461379,-0.13256393493738347,-0.14280906160167237,-0.10878826438826607,-0.11977510573281415,0.08187599364069953
EWZ__mean_reversion_5__always__h20__unit__horizon__vol_target_10,EWZ,mean_reversion_5,always,20,unit,horizon,vol_target_10,false,false,false,true,true,false,-0.026834908806104712,-0.03272908188400757,-0.027434738011652103,-0.0322117756081783,0.002147693978145647,-0.003238730855921388,0.038002051306413556
EWZ__mean_reversion_5__always__h20__unit__signal_flip__notional_cap_1,EWZ,mean_reversion_5,always,20,unit,signal_flip,notional_cap_1,false,false,false,true,true,false,0.0096742705917124,-0.014646407336869671,0.021553656111040875,-0.004651854628922217,-0.11363447253208628,-0.14001862898822953,0.2082670906200318
EWZ__mean_reversion_5__always__h20__unit__signal_flip__vol_target_10,EWZ,mean_reversion_5,always,20,unit,signal_flip,vol_target_10,false,false,false,true,true,false,-0.007857753587196347,-0.018618146323301173,0.00685376877331823,-0.0027305976717201903,-0.0026257290310597557,-0.013011052201280487,0.07608355707365319
EWZ__mean_reversion_5__always__h5__half__horizon__notional_cap_1,EWZ,mean_reversion_5,always,5,half,horizon,notional_cap_1,false,false,false,true,true,false,0.009405234462916818,-0.004891371770865939,0.03979781022281556,0.025283547163244557,-0.020408212229318608,-0.03548307050060195,0.11526232114467408
EWZ__mean_reversion_5__always__h5__half__horizon__vol_target_10,EWZ,mean_reversion_5,always,5,half,horizon,vol_target_10,false,false,false,true,true,false,-0.019799394087563878,-0.03128728933016166,0.01787840286938871,0.007581100091734943,-0.0072462570977096675,-0.018716574235060974,0.08174604422512524
EWZ__mean_reversion_5__always__h5__half__signal_flip__notional_cap_1,EWZ,mean_reversion_5,always,5,half,signal_flip,notional_cap_1,true,true,false,true,true,false,0.05205003655546321,0.03558718207535379,0.03346680085916029,0.01675343880911113,-0.03730187739601007,-0.05509990123250852,0.1327503974562798
EWZ__mean_reversion_5__always__h5__half__signal_flip__vol_target_10,EWZ,mean_reversion_5,always,5,half,signal_flip,vol_target_10,false,false,false,true,true,false,0.005843045133102482,-0.00715293089544739,0.007415431893364583,-0.004167042576475228,-0.016596250261132654,-0.0299454783140216,0.09195755623702045
EWZ__mean_reversion_5__always__h5__unit__horizon__notional_cap_1,EWZ,mean_reversion_5,always,5,unit,horizon,notional_cap_1,false,false,false,true,true,false,-0.026483856850318968,-0.05504908973246984,0.031807845024807616,0.002796897714981497,-0.11940280122252074,-0.14955438057156512,0.23052464228934816
EWZ__mean_reversion_5__always__h5__unit__horizon__vol_target_10,EWZ,mean_reversion_5,always,5,unit,horizon,vol_target_10,false,false,false,true,true,false,-0.018531306768129814,-0.03110837352797841,0.01860638717050352,0.00800285774289265,-0.008142242085632325,-0.02004151149441933,0.08419030596115916
EWZ__mean_reversion_5__always__h5__unit__signal_flip__notional_cap_1,EWZ,mean_reversion_5,always,5,unit,signal_flip,notional_cap_1,true,false,false,true,true,false,0.06582465218211808,0.032933499162342686,0.03132463745889902,-0.0020757105823150795,-0.13902614869373822,-0.17466180524799907,0.2655007949125596
EWZ__mean_reversion_5__always__h5__unit__signal_flip__vol_target_10,EWZ,mean_reversion_5,always,5,unit,signal_flip,vol_target_10,false,false,false,true,true,false,0.007954511584271766,-0.006189514430675884,0.007424426161841136,-0.0044587209108030166,-0.01603674432287041,-0.029812085401032928,0.09435825349847776
EWZ__mean_reversion_5__trend_100__h20__half__horizon__notional_cap_1,EWZ,mean_reversion_5,trend_100,20,half,horizon,notional_cap_1,false,false,false,true,true,false,0.007732915432776991,0.00481240133189219,0.016304111132905502,0.013423691368709956,-0.1082802184881739,-0.11128588826752592,0.023052464228934817
EWZ__mean_reversion_5__trend_100__h20__half__horizon__vol_target_10,EWZ,mean_reversion_5,trend_100,20,half,horizon,vol_target_10,false,false,false,true,true,false,-0.007863516358847569,-0.010756149829446556,0.0005094079529205618,-0.002181350755863837,-0.06049953772435763,-0.06333712737239566,0.02142648305885978
EWZ__mean_reversion_5__trend_100__h20__half__signal_flip__notional_cap_1,EWZ,mean_reversion_5,trend_100,20,half,signal_flip,notional_cap_1,false,false,false,true,true,false,0.007815700441960581,0.0012196353877046515,0.05870493541839748,0.0518001929355896,-0.022198649087348983,-0.029908457965615438,0.054848966613672494
EWZ__mean_reversion_5__trend_100__h20__half__signal_flip__vol_target_10,EWZ,mean_reversion_5,trend_100,20,half,signal_flip,vol_target_10,false,false,false,true,true,false,-0.005554418497427873,-0.011186238401272197,0.026191569432966903,0.02097268942404544,-0.012335671631747095,-0.01843604591806888,0.041414186065605284
EWZ__mean_reversion_5__trend_100__h20__unit__horizon__notional_cap_1,EWZ,mean_reversion_5,trend_100,20,unit,horizon,notional_cap_1,false,false,false,true,true,false,-0.01388311707683882,-0.01972411387772901,-0.003950744657567534,-0.009663202728658143,-0.2592110265759067,-0.26522416674259935,0.046104928457869634
EWZ__mean_reversion_5__trend_100__h20__unit__horizon__vol_target_10,EWZ,mean_reversion_5,trend_100,20,unit,horizon,vol_target_10,false,false,false,true,true,false,-0.00732457690991914,-0.010874184688588194,0.0016211066759645072,-0.0013126618480956576,-0.060130543595310976,-0.06318344422291232,0.023366282900887193
EWZ__mean_reversion_5__trend_100__h20__unit__signal_flip__notional_cap_1,EWZ,mean_reversion_5,trend_100,20,unit,signal_flip,notional_cap_1,false,false,false,true,true,false,-0.0047635187619588445,-0.017963673018717652,0.10050654612510002,0.08670951578051393,-0.06308939444160536,-0.07850414664783492,0.10969793322734499
EWZ__mean_reversion_5__trend_100__h20__unit__signal_flip__vol_target_10,EWZ,mean_reversion_5,trend_100,20,unit,signal_flip,vol_target_10,false,false,false,true,true,false,-0.0018864716801484556,-0.008263215378374359,0.026382196157485105,0.020896501085060998,-0.012008090068311772,-0.018259458062462063,0.043537513760398
EWZ__mean_reversion_5__trend_100__h5__half__horizon__notional_cap_1,EWZ,mean_reversion_5,trend_100,5,half,horizon,notional_cap_1,false,false,false,true,true,false,-0.023570983555734865,-0.0301630933159932,0.0339073547294738,0.027005490463593563,-0.0486109940328751,-0.056109876465971556,0.054848966613672494
EWZ__mean_reversion_5__trend_100__h5__half__horizon__vol_target_10,EWZ,mean_reversion_5,trend_100,5,half,horizon,vol_target_10,false,false,false,true,true,false,-0.028859568372090895,-0.034520576962159724,0.012594070467074487,0.007264233427767065,-0.034246605573733005,-0.040188249994863603,0.042307397172533394
EWZ__mean_reversion_5__trend_100__h5__half__signal_flip__notional_cap_1,EWZ,mean_reversion_5,trend_100,5,half,signal_flip,notional_cap_1,false,false,false,true,true,false,-0.0034721557506471232,-0.011396945775892998,0.03971263803525942,0.03161274440013756,-0.01795437021860872,-0.02726472595376625,0.0643879173290938
EWZ__mean_reversion_5__trend_100__h5__half__signal_flip__vol_target_10,EWZ,mean_reversion_5,trend_100,5,half,signal_flip,vol_target_10,false,false,false,true,true,false,-0.017156701784846774,-0.023845754211923517,0.011850399500211084,0.005720167678899631,-0.013233817417354379,-0.02050887980542334,0.048680668074137366
EWZ__mean_reversion_5__trend_100__h5__unit__horizon__notional_cap_1,EWZ,mean_reversion_5,trend_100,5,unit,horizon,notional_cap_1,false,false,false,true,true,false,-0.063399248130224,-0.07658358121099243,0.04726395627878539,0.03347843880190993,-0.11678931476425039,-0.13176099711984762,0.10969793322734499
EWZ__mean_reversion_5__trend_100__h5__unit__horizon__vol_target_10,EWZ,mean_reversion_5,trend_100,5,unit,horizon,vol_target_10,false,false,false,true,true,false,-0.02795326397414377,-0.03431955202140142,0.013547862130517594,0.007937843525890647,-0.033960644541374214,-0.04007615105285098,0.044538336119302704
EWZ__mean_reversion_5__trend_100__h5__unit__signal_flip__notional_cap_1,EWZ,mean_reversion_5,trend_100,5,unit,signal_flip,notional_cap_1,false,false,false,true,true,false,-0.02142492498934339,-0.037269780454565284,0.06440764276106946,0.04823382338751366,-0.050287706629601504,-0.06889955882301381,0.1287758346581876
EWZ__mean_reversion_5__trend_100__h5__unit__signal_flip__vol_target_10,EWZ,mean_reversion_5,trend_100,5,unit,signal_flip,vol_target_10,false,false,false,true,true,false,-0.015928588006989958,-0.023414005284017717,0.01208532081259479,0.005680376555876143,-0.013080754687490023,-0.02052481578782238,0.05086804254633006
EWZ__momentum_20__always__h20__half__horizon__notional_cap_1,EWZ,momentum_20,always,20,half,horizon,notional_cap_1,false,false,false,true,true,false,-0.002693876842494919,-0.007410372775928101,0.040950173693376585,0.03618831531038147,0.008692310288530677,0.004541687902011576,0.037758346581876
EWZ__momentum_20__always__h20__half__horizon__vol_target_10,EWZ,momentum_20,always,20,half,horizon,vol_target_10,false,false,false,true,true,false,-0.015274679250071489,-0.019750223164570126,0.0292692356302946,0.02494896730071166,-0.005255249645304464,-0.00907121073499267,0.034274378445300756
EWZ__momentum_20__always__h20__half__signal_flip__notional_cap_1,EWZ,momentum_20,always,20,half,signal_flip,notional_cap_1,false,false,false,true,true,false,-0.01639284232566353,-0.023819853468154257,0.03964027670845406,0.031160417027445448,-0.011452931504889286,-0.018617954688946656,0.06717011128775835
EWZ__momentum_20__always__h20__half__signal_flip__vol_target_10,EWZ,momentum_20,always,20,half,signal_flip,vol_target_10,false,false,false,true,true,false,-0.025828454316410593,-0.032179407167433845,0.02344138430479522,0.017056643839586796,-0.007261397212202725,-0.012843418767280037,0.050605613410404066
EWZ__momentum_20__always__h20__unit__horizon__notional_cap_1,EWZ,momentum_20,always,20,unit,horizon,notional_cap_1,false,false,false,true,true,false,-0.057552214654747205,-0.06698905931563225,0.019453372039006503,0.009921041845658743,-0.03128480654063129,-0.03957410053821802,0.075516693163752
EWZ__momentum_20__always__h20__unit__horizon__vol_target_10,EWZ,momentum_20,always,20,unit,horizon,vol_target_10,false,false,false,true,true,false,-0.01684691229927871,-0.022105149558917507,0.03524507179967922,0.030506751700907903,-0.0092201396116892,-0.013359761047396324,0.03762053715025794
EWZ__momentum_20__always__h20__unit__signal_flip__notional_cap_1,EWZ,momentum_20,always,20,unit,signal_flip,notional_cap_1,false,false,false,true,true,false,-0.06634205539536865,-0.08119711983288122,0.03710872527578754,0.020116154596268185,-0.05551552888124264,-0.06985288711826702,0.1343402225755167
EWZ__momentum_20__always__h20__unit__signal_flip__vol_target_10,EWZ,momentum_20,always,20,unit,signal_flip,vol_target_10,false,false,false,true,true,false,-0.02775726965776863,-0.03478098777223562,0.029017909647549578,0.02228686858646793,-0.008752817689754801,-0.014525127056239397,0.05334730298376416
EWZ__momentum_20__always__h5__half__horizon__notional_cap_1,EWZ,momentum_20,always,5,half,horizon,notional_cap_1,false,false,false,true,true,false,0.0027579459034612376,-0.01033796994604437,0.03580860059523337,0.022421942261880424,-0.003814975661002388,-0.015679774522383123,0.106120826709062
EWZ__momentum_20__always__h5__half__horizon__vol_target_10,EWZ,momentum_20,always,5,half,horizon,vol_target_10,false,false,false,true,true,false,-0.011208919686308355,-0.021734374735572472,0.027768047628089404,0.017634215752310042,-0.012190417427113562,-0.021276315718915476,0.08030163103337619
EWZ__momentum_20__always__h5__half__signal_flip__notional_cap_1,EWZ,momentum_20,always,5,half,signal_flip,notional_cap_1,false,false,false,true,true,false,-0.028617630267939315,-0.04278707867671844,0.04157113154757905,0.026684599412637424,0.015348010582177222,0.0023757373025197395,0.11804451510333863
EWZ__momentum_20__always__h5__half__signal_flip__vol_target_10,EWZ,momentum_20,always,5,half,signal_flip,vol_target_10,false,false,false,true,true,false,-0.03288624915344541,-0.044241663488870084,0.02768483546038101,0.016759578459280278,0.011249929401705784,0.001572278658705165,0.08662770557504568
EWZ__momentum_20__always__h5__unit__horizon__notional_cap_1,EWZ,momentum_20,always,5,unit,horizon,notional_cap_1,false,false,false,true,true,false,-0.02763102433317441,-0.053813363227885554,0.02594863449540083,-0.0008555505073273295,-0.04003502824019414,-0.06375654483039114,0.212241653418124
EWZ__momentum_20__always__h5__unit__horizon__vol_target_10,EWZ,momentum_20,always,5,unit,horizon,vol_target_10,false,false,false,true,true,false,-0.009233970151855238,-0.02078672374697695,0.031383681459684634,0.02064267943085934,-0.013127397078468628,-0.0224714894517958,0.08510768708986517
EWZ__momentum_20__always__h5__unit__signal_flip__notional_cap_1,EWZ,momentum_20,always,5,unit,signal_flip,notional_cap_1,false,false,false,true,true,false,-0.0864359382902998,-0.11474287099826395,0.04479328294707281,0.014994372213347679,0.0025518451903939754,-0.023396071457647688,0.23608903020667726
EWZ__momentum_20__always__h5__unit__signal_flip__vol_target_10,EWZ,momentum_20,always,5,unit,signal_flip,vol_target_10,false,false,false,true,true,false,-0.03410695419230689,-0.04640323796867714,0.03216854633420923,0.02073720403456899,0.01064538546095151,0.0007350838325992023,0.09066653740566155
EWZ__momentum_20__trend_100__h20__half__horizon__notional_cap_1,EWZ,momentum_20,trend_100,20,half,horizon,notional_cap_1,false,false,false,true,true,false,0.0003052893259614803,-0.003293139871380307,0.030650471036068685,0.02709479295684587,-0.005332191011211809,-0.008588277781371114,0.02821939586645469
EWZ__momentum_20__trend_100__h20__half__horizon__vol_target_10,EWZ,momentum_20,trend_100,20,half,horizon,vol_target_10,false,false,false,true,true,false,-0.006472158124721453,-0.010006087517872273,0.009915862001938487,0.006622855134263488,-0.007088074044167537,-0.010125605276508293,0.026114822056837732
EWZ__momentum_20__trend_100__h20__half__signal_flip__notional_cap_1,EWZ,momentum_20,trend_100,20,half,signal_flip,notional_cap_1,false,false,false,true,true,false,-0.01907928000498098,-0.0239314150865143,0.02919643171383253,0.0236265221479193,-0.004261340520913598,-0.008819610513784062,0.04411764705882353
EWZ__momentum_20__trend_100__h20__half__signal_flip__vol_target_10,EWZ,momentum_20,trend_100,20,half,signal_flip,vol_target_10,false,false,false,true,true,false,-0.027162957017495572,-0.03154535995128249,0.013074929087975612,0.008706830612688838,-0.0013210259546412194,-0.00510479049350297,0.034608539034502506
EWZ__momentum_20__trend_100__h20__unit__horizon__notional_cap_1,EWZ,momentum_20,trend_100,20,unit,horizon,notional_cap_1,false,false,false,true,true,false,-0.03256903872264357,-0.03978659657161336,0.018807330885133006,0.011695906326588332,-0.04631141905279632,-0.0528254322701585,0.05643879173290938
EWZ__momentum_20__trend_100__h20__unit__horizon__vol_target_10,EWZ,momentum_20,trend_100,20,unit,horizon,vol_target_10,false,false,false,true,true,false,-0.007985510482289616,-0.012214577619543827,0.013656456135054666,0.010032970458041074,-0.007442649613418698,-0.010665149162168024,0.028745358415254472
EWZ__momentum_20__trend_100__h20__unit__signal_flip__notional_cap_1,EWZ,momentum_20,trend_100,20,unit,signal_flip,notional_cap_1,false,false,false,true,true,false,-0.06278054783449322,-0.07250961796195098,0.026627819065186978,0.015465827860357578,-0.03180799483405202,-0.04092660739694882,0.08823529411764706
EWZ__momentum_20__trend_100__h20__unit__signal_flip__vol_target_10,EWZ,momentum_20,trend_100,20,unit,signal_flip,vol_target_10,false,false,false,true,true,false,-0.027842568749040515,-0.032814569801979956,0.01720025497343229,0.01252766860580188,-0.0016362968036506848,-0.005546311128277165,0.03702964896645189
EWZ__momentum_20__trend_100__h5__half__horizon__notional_cap_1,EWZ,momentum_20,trend_100,5,half,horizon,notional_cap_1,false,false,false,true,true,false,0.0026682154449020265,-0.007187572952479228,0.034944147511757465,0.024864397510490147,0.006836656448648481,-0.001916541260778717,0.07988871224165342
EWZ__momentum_20__trend_100__h5__half__horizon__vol_target_10,EWZ,momentum_20,trend_100,5,half,horizon,vol_target_10,false,false,false,true,true,false,-0.011080133091078293,-0.019299299762431735,0.02244872744513316,0.014524597016243979,0.004306198664473817,-0.0025009276852637056,0.06278106155945859
EWZ__momentum_20__trend_100__h5__half__signal_flip__notional_cap_1,EWZ,momentum_20,trend_100,5,half,signal_flip,notional_cap_1,false,false,false,true,true,false,-0.010022281861835075,-0.02029408482285177,0.022426261724146274,0.01144419042747504,0.025067007920932447,0.015501055130040934,0.0870429252782194
EWZ__momentum_20__trend_100__h5__half__signal_flip__vol_target_10,EWZ,momentum_20,trend_100,5,half,signal_flip,vol_target_10,false,false,false,true,true,false,-0.01919079229155068,-0.027716556483674486,0.013732847255962133,0.005307761294382105,0.022224813826813333,0.014910614897667377,0.06676355963978733
EWZ__momentum_20__trend_100__h5__unit__horizon__notional_cap_1,EWZ,momentum_20,trend_100,5,unit,horizon,notional_cap_1,false,false,false,true,true,false,-0.01576077000847123,-0.03549120836620815,0.035663330905535334,0.015476286385362747,-0.008828595191097695,-0.026313564089219827,0.15977742448330684
EWZ__momentum_20__trend_100__h5__unit__horizon__vol_target_10,EWZ,momentum_20,trend_100,5,unit,horizon,vol_target_10,false,false,false,true,true,false,-0.010052588417433922,-0.01921682049450187,0.025426425738119894,0.016964630113623327,0.004819501888054545,-0.0021994770307834062,0.06703247088638764
EWZ__momentum_20__trend_100__h5__unit__signal_flip__notional_cap_1,EWZ,momentum_20,trend_100,5,unit,signal_flip,notional_cap_1,false,false,false,true,true,false,-0.039724311553300556,-0.06028437107948652,0.01489149522726875,-0.007101972789304883,0.030567596071646955,0.01143415056785834,0.1740858505564388
EWZ__momentum_20__trend_100__h5__unit__signal_flip__vol_target_10,EWZ,momentum_20,trend_100,5,unit,signal_flip,vol_target_10,false,false,false,true,true,false,-0.019251936767644286,-0.028645500735154948,0.016869831024309064,0.007921505212273361,0.02283013004978871,0.015336711147858176,0.07090196575342468
EWZ__momentum_60__always__h20__half__horizon__notional_cap_1,EWZ,momentum_60,always,20,half,horizon,notional_cap_1,false,false,false,true,true,false,-0.001986311017476299,-0.005890897552220151,-0.0006238391316145502,-0.004887725807612757,-0.03245771985370411,-0.03640565080384659,0.033783783783783786
EWZ__momentum_60__always__h20__half__horizon__vol_target_10,EWZ,momentum_60,always,20,half,horizon,vol_target_10,false,false,false,true,true,false,-0.018333024432278376,-0.022106809016157004,0.0012199287206313136,-0.0027371467590181046,-0.023655138007919588,-0.0273738043758616,0.03137946523920962
EWZ__momentum_60__always__h20__half__signal_flip__notional_cap_1,EWZ,momentum_60,always,20,half,signal_flip,notional_cap_1,false,false,false,true,true,false,0.007733520905864041,0.0018773135332981368,-0.016258914965078884,-0.02233354105986699,-0.04402186611404836,-0.04998132404859329,0.04809220985691574
EWZ__momentum_60__always__h20__half__signal_flip__vol_target_10,EWZ,momentum_60,always,20,half,signal_flip,vol_target_10,false,false,false,true,true,false,-0.010911710318363533,-0.016060555446847452,-0.013255161581181367,-0.018117152766448253,-0.03140111057677058,-0.03628572633736468,0.03854415108133955
EWZ__momentum_60__always__h20__unit__horizon__notional_cap_1,EWZ,momentum_60,always,20,unit,horizon,notional_cap_1,false,false,false,true,true,false,-0.04761588512950744,-0.055390522659211315,-0.05154361089847761,-0.06008564408895691,-0.11013080946251119,-0.11800997364463914,0.06756756756756757
EWZ__momentum_60__always__h20__unit__horizon__vol_target_10,EWZ,momentum_60,always,20,unit,horizon,vol_target_10,false,false,false,true,true,false,-0.022245913850403497,-0.02675352023002504,0.00604013778932864,0.0016465145509608672,-0.02300038788216089,-0.026995672379698583,0.03487098691706248
EWZ__momentum_60__always__h20__unit__signal_flip__notional_cap_1,EWZ,momentum_60,always,20,unit,signal_flip,notional_cap_1,false,false,false,true,true,false,-0.020685362734159343,-0.03242807301912494,-0.07505356129115864,-0.08723282878636829,-0.12333032296175786,-0.13524923578101866,0.09618441971383147
EWZ__momentum_60__always__h20__unit__signal_flip__vol_target_10,EWZ,momentum_60,always,20,unit,signal_flip,vol_target_10,false,false,false,true,true,false,-0.011527726050145447,-0.01738250293889388,-0.008688181873999914,-0.013947950841020618,-0.03200046743970793,-0.03709881455293215,0.04172641151317475
EWZ__momentum_60__always__h5__half__horizon__notional_cap_1,EWZ,momentum_60,always,5,half,horizon,notional_cap_1,false,false,false,true,true,false,-0.024857770198070856,-0.03755646343893691,-0.015364955769320014,-0.028049877665443534,-0.07001678841141294,-0.08210997882442407,0.10055643879173291
EWZ__momentum_60__always__h5__half__horizon__vol_target_10,EWZ,momentum_60,always,5,half,horizon,vol_target_10,false,false,false,true,true,false,-0.028606018756974827,-0.03889925426802482,-0.011656844658639672,-0.02138201210578492,-0.04665970664559057,-0.05599045107800472,0.0771431989332376
EWZ__momentum_60__always__h5__half__signal_flip__notional_cap_1,EWZ,momentum_60,always,5,half,signal_flip,notional_cap_1,false,false,false,true,true,false,-0.010243300801007667,-0.023511533193283196,-0.003974962988322967,-0.01746667572666869,-0.05436211852204293,-0.0673520859748016,0.10691573926868045
EWZ__momentum_60__always__h5__half__signal_flip__vol_target_10,EWZ,momentum_60,always,5,half,signal_flip,vol_target_10,false,false,false,true,true,false,-0.021547221707179955,-0.032335378818860325,-0.0031203615361087714,-0.013231704303251492,-0.039245464407692304,-0.049159178414125815,0.08019684619731621
EWZ__momentum_60__always__h5__unit__horizon__notional_cap_1,EWZ,momentum_60,always,5,unit,horizon,notional_cap_1,false,false,false,true,true,false,-0.08494942516314408,-0.11037731070938976,-0.06948596298189089,-0.09488542799086827,-0.17394550658682845,-0.1981799534534993,0.20111287758346583
EWZ__momentum_60__always__h5__unit__horizon__vol_target_10,EWZ,momentum_60,always,5,unit,horizon,vol_target_10,false,false,false,true,true,false,-0.02894547302191932,-0.040446579589722885,-0.00603242495191154,-0.016247297196560144,-0.04621765973111319,-0.0558192409864498,0.08108269422455386
EWZ__momentum_60__always__h5__unit__signal_flip__notional_cap_1,EWZ,momentum_60,always,5,unit,signal_flip,notional_cap_1,false,false,false,true,true,false,-0.052112938303368245,-0.07865076853472198,-0.04403390918699658,-0.07105799384467198,-0.14043983815812416,-0.1664585314985706,0.2138314785373609
EWZ__momentum_60__always__h5__unit__signal_flip__vol_target_10,EWZ,momentum_60,always,5,unit,signal_flip,vol_target_10,false,false,false,true,true,false,-0.02177077939401289,-0.033774910635982903,0.0027721979403161415,-0.007819009217337443,-0.039208996216707696,-0.04939180371937789,0.08406307102099522
EWZ__momentum_60__trend_100__h20__half__horizon__notional_cap_1,EWZ,momentum_60,trend_100,20,half,horizon,notional_cap_1,false,false,false,true,true,false,-0.0003430773319881425,-0.004096635159578912,0.014020976701061592,0.010273415969230745,-0.03047702882120764,-0.03403826131875743,0.029809220985691574
EWZ__momentum_60__trend_100__h20__half__horizon__vol_target_10,EWZ,momentum_60,trend_100,20,half,horizon,vol_target_10,false,false,false,true,true,false,-0.009141824711537919,-0.012805085808617079,0.004237212349100291,0.0007002469396046006,-0.021483624046655724,-0.024815791601902514,0.028130029270246763
EWZ__momentum_60__trend_100__h20__half__signal_flip__notional_cap_1,EWZ,momentum_60,trend_100,20,half,signal_flip,notional_cap_1,false,false,false,true,true,false,0.004572475454123976,-0.00019137319863887954,-0.00033814136533715997,-0.0049852405024937395,-0.024623581195734733,-0.029274657223160173,0.03696343402225755
EWZ__momentum_60__trend_100__h20__half__signal_flip__vol_target_10,EWZ,momentum_60,trend_100,20,half,signal_flip,vol_target_10,false,false,false,true,true,false,-0.011212831607761275,-0.015608998198290393,-0.00794449695105117,-0.011961079454684744,-0.017178192813980565,-0.021127084997059342,0.031933491943164506
EWZ__momentum_60__trend_100__h20__unit__horizon__notional_cap_1,EWZ,momentum_60,trend_100,20,unit,horizon,notional_cap_1,false,false,false,true,true,false,-0.03839344575179321,-0.04589774328732185,-0.01667257968224059,-0.024150898921169686,-0.10147227744699247,-0.10860591967884504,0.05961844197138315
EWZ__momentum_60__trend_100__h20__unit__horizon__vol_target_10,EWZ,momentum_60,trend_100,20,unit,horizon,vol_target_10,false,false,false,true,true,false,-0.009933947491049328,-0.014273545336156036,0.008788868409940434,0.0048501596672516165,-0.02108940992775755,-0.024658159421785633,0.03134897549650796
EWZ__momentum_60__trend_100__h20__unit__signal_flip__notional_cap_1,EWZ,momentum_60,trend_100,20,unit,signal_flip,notional_cap_1,false,false,false,true,true,false,-0.02071469156098718,-0.030257503390581645,-0.04032382460284364,-0.04959743577786104,-0.08254300522808992,-0.09183252396418277,0.0739268680445151
EWZ__momentum_60__trend_100__h20__unit__signal_flip__vol_target_10,EWZ,momentum_60,trend_100,20,unit,signal_flip,vol_target_10,false,false,false,true,true,false,-0.011428173763684962,-0.01647987182387537,-0.0037245927000386578,-0.008104801520650462,-0.01720948499613551,-0.021375065793693297,0.0348449500372151
EWZ__momentum_60__trend_100__h5__half__horizon__notional_cap_1,EWZ,momentum_60,trend_100,5,half,horizon,notional_cap_1,false,false,false,true,true,false,0.0012563665364918632,-0.010096502226320688,-0.001539105462458508,-0.012867143702745987,-0.045361586864376705,-0.05617637090973796,0.08982511923688394
EWZ__momentum_60__trend_100__h5__half__horizon__vol_target_10,EWZ,momentum_60,trend_100,5,half,horizon,vol_target_10,false,false,false,true,true,false,-0.013405116187396558,-0.02283507839712435,-0.005248402891138957,-0.014006857400036495,-0.02878883232988237,-0.03717085981621374,0.06948632398954459
EWZ__momentum_60__trend_100__h5__half__signal_flip__notional_cap_1,EWZ,momentum_60,trend_100,5,half,signal_flip,notional_cap_1,false,false,false,true,true,false,0.013778581674515228,0.00226798472020006,0.009813866189261784,-0.0018174516897597574,-0.03681663556871696,-0.04792254199866223,0.09220985691573927
EWZ__momentum_60__trend_100__h5__half__signal_flip__vol_target_10,EWZ,momentum_60,trend_100,5,half,signal_flip,vol_target_10,false,false,false,true,true,false,-0.002029514248350791,-0.011612059920745378,0.0013761205540506905,-0.007574994965224175,-0.023440562705723755,-0.03199624497410154,0.07101432399354692
EWZ__momentum_60__trend_100__h5__unit__horizon__notional_cap_1,EWZ,momentum_60,trend_100,5,unit,horizon,notional_cap_1,false,false,false,true,true,false,-0.02459254445005874,-0.04730733075958707,-0.03816823425047031,-0.060844457163925454,-0.11980830930170414,-0.14143310526057362,0.17965023847376788
EWZ__momentum_60__trend_100__h5__unit__horizon__vol_target_10,EWZ,momentum_60,trend_100,5,unit,horizon,vol_target_10,false,false,false,true,true,false,-0.01308656683854504,-0.023607517172121135,3.58074344042926e-5,-0.009222502667558207,-0.02824299044056809,-0.03687073181714788,0.07350691229274671
EWZ__momentum_60__trend_100__h5__unit__signal_flip__notional_cap_1,EWZ,momentum_60,trend_100,5,unit,signal_flip,notional_cap_1,false,false,false,true,true,false,0.002542453850378955,-0.020469470390722753,-0.01352371171354149,-0.03681209928686134,-0.10094521636071851,-0.12313354796285249,0.18441971383147854
EWZ__momentum_60__trend_100__h5__unit__signal_flip__vol_target_10,EWZ,momentum_60,trend_100,5,unit,signal_flip,vol_target_10,false,false,false,true,true,false,-0.001979353145892878,-0.012651371209230922,0.00692832996437473,-0.0025127734523111124,-0.022881038158933664,-0.031675243511328506,0.0749616418291118
FXE__mean_reversion_5__always__h20__half__horizon__notional_cap_1,FXE,mean_reversion_5,always,20,half,horizon,notional_cap_1,false,false,false,true,true,false,-0.020587474528322006,-0.02592657847678224,-0.004394436006260453,-0.010000895810381862,-0.005187185020909288,-0.010499965724769265,0.04451510333863275
FXE__mean_reversion_5__always__h20__half__horizon__vol_target_10,FXE,mean_reversion_5,always,20,half,horizon,vol_target_10,false,false,false,true,true,false,-0.020127105140183593,-0.02548541555228467,-0.004394436006260453,-0.010000895810381862,-0.005187185020909288,-0.010499965724769265,0.04451510333863275
FXE__mean_reversion_5__always__h20__half__signal_flip__notional_cap_1,FXE,mean_reversion_5,always,20,half,signal_flip,notional_cap_1,false,false,false,true,true,false,-0.008874595763259857,-0.020933994468339982,-0.0025256355949503945,-0.015496501506083355,0.0025067215370446943,-0.01111909650104472,0.10294117647058823
FXE__mean_reversion_5__always__h20__half__signal_flip__vol_target_10,FXE,mean_reversion_5,always,20,half,signal_flip,vol_target_10,false,false,false,true,true,false,-0.008556970281418028,-0.02062927295221444,-0.0025256355949503945,-0.015496501506083355,0.0025067215370446943,-0.01111909650104472,0.10294117647058823
FXE__mean_reversion_5__always__h20__unit__horizon__notional_cap_1,FXE,mean_reversion_5,always,20,unit,horizon,notional_cap_1,false,false,false,true,true,false,-0.04756839082851989,-0.05824401192037407,-0.013496666123611552,-0.024704699298761727,-0.013943337857881932,-0.024577608527057926,0.0890302066772655
FXE__mean_reversion_5__always__h20__unit__horizon__vol_target_10,FXE,mean_reversion_5,always,20,unit,horizon,vol_target_10,false,false,false,true,true,false,-0.03521582974186389,-0.04607812691372163,-0.013194707074724022,-0.024586343893623422,-0.01661552808953625,-0.027361423895921173,0.09047824768062024
FXE__mean_reversion_5__always__h20__unit__signal_flip__notional_cap_1,FXE,mean_reversion_5,always,20,unit,signal_flip,notional_cap_1,false,false,false,true,true,false,-0.021677935370920366,-0.04580029840316138,-0.007630618691407765,-0.03357290586535135,0.0028016174677337998,-0.024458411441380588,0.20588235294117646
FXE__mean_reversion_5__always__h20__unit__signal_flip__vol_target_10,FXE,mean_reversion_5,always,20,unit,signal_flip,vol_target_10,false,false,false,true,true,false,-0.01591338379838931,-0.03858837259320631,-0.01078590900813308,-0.03621720726414058,-0.0015851912388252067,-0.028627548239603985,0.20182698494114787
FXE__mean_reversion_5__always__h5__half__horizon__notional_cap_1,FXE,mean_reversion_5,always,5,half,horizon,notional_cap_1,false,false,false,true,true,false,0.0020930838886713135,-0.012931929770539,0.006755818167009312,-0.008620028748752737,0.0007231980840014744,-0.014502724042659034,0.12201907790143084
FXE__mean_reversion_5__always__h5__half__horizon__vol_target_10,FXE,mean_reversion_5,always,5,half,horizon,vol_target_10,false,false,false,true,true,false,0.0022128571696644725,-0.0128080219403391,0.006755818167009312,-0.008620028748752737,0.0007231980840014744,-0.014502724042659034,0.12201907790143084
FXE__mean_reversion_5__always__h5__half__signal_flip__notional_cap_1,FXE,mean_reversion_5,always,5,half,signal_flip,notional_cap_1,false,false,false,true,true,false,-0.0023285667171595026,-0.019480861188104708,0.004536632547777145,-0.013342352499713675,-0.0008449586051784098,-0.01887816551329488,0.14189189189189189
FXE__mean_reversion_5__always__h5__half__signal_flip__vol_target_10,FXE,mean_reversion_5,always,5,half,signal_flip,vol_target_10,false,false,false,true,true,false,-0.0022244351246686763,-0.019374368103815855,0.004536632547777145,-0.013342352499713675,-0.0008449586051784098,-0.01887816551329488,0.14189189189189189
FXE__mean_reversion_5__always__h5__unit__horizon__notional_cap_1,FXE,mean_reversion_5,always,5,unit,horizon,notional_cap_1,false,false,false,true,true,false,-9.720086915563329e-5,-0.030157520406659116,0.01037284341525459,-0.020381736616633006,-0.0010867243571577754,-0.03154208218017498,0.24403815580286167
FXE__mean_reversion_5__always__h5__unit__horizon__vol_target_10,FXE,mean_reversion_5,always,5,unit,horizon,vol_target_10,false,false,false,true,true,false,0.001534178978655965,-0.026611714085397746,0.011199733584935142,-0.01880660496658944,-0.0031116912519354436,-0.033288864197232586,0.23809791867940763
FXE__mean_reversion_5__always__h5__unit__signal_flip__notional_cap_1,FXE,mean_reversion_5,always,5,unit,signal_flip,notional_cap_1,false,false,false,true,true,false,-0.00819912514678373,-0.04251293879215392,0.0067702726394389,-0.028988910793767596,-0.003718772417533972,-0.039794366345707294,0.28378378378378377
FXE__mean_reversion_5__always__h5__unit__signal_flip__vol_target_10,FXE,mean_reversion_5,always,5,unit,signal_flip,vol_target_10,false,false,false,true,true,false,-0.005347535654872262,-0.0372663270915062,0.003283826814964805,-0.031656669942000226,-0.007270183558060006,-0.042931939071809824,0.27729988744743117
FXE__mean_reversion_5__trend_100__h20__half__horizon__notional_cap_1,FXE,mean_reversion_5,trend_100,20,half,horizon,notional_cap_1,false,false,false,true,true,false,-0.0075229276421740895,-0.010485969082261383,-0.0031757575731053917,-0.005629587593958096,-0.0029127186641206646,-0.00576709020890517,0.019475357710651828
FXE__mean_reversion_5__trend_100__h20__half__horizon__vol_target_10,FXE,mean_reversion_5,trend_100,20,half,horizon,vol_target_10,false,false,false,true,true,false,-0.007062497136213532,-0.010044735672111435,-0.0031757575731053917,-0.005629587593958096,-0.0029127186641206646,-0.00576709020890517,0.019475357710651828
FXE__mean_reversion_5__trend_100__h20__half__signal_flip__notional_cap_1,FXE,mean_reversion_5,trend_100,20,half,signal_flip,notional_cap_1,false,false,false,true,true,false,-0.005005162717299716,-0.011181445720992793,0.00021020410181307172,-0.004595566480639665,0.008119747146049903,0.0013098457511908392,0.03815580286168521
FXE__mean_reversion_5__trend_100__h20__half__signal_flip__vol_target_10,FXE,mean_reversion_5,trend_100,20,half,signal_flip,vol_target_10,false,false,false,true,true,false,-0.004687526621720898,-0.010876693684468107,0.00021020410181307172,-0.004595566480639665,0.008119747146049903,0.0013098457511908392,0.03815580286168521
FXE__mean_reversion_5__trend_100__h20__unit__horizon__notional_cap_1,FXE,mean_reversion_5,trend_100,20,unit,horizon,notional_cap_1,false,false,false,true,true,false,-0.01850354897929237,-0.024431211428383257,-0.008444070038049709,-0.013351599978376262,-0.007489068615146867,-0.013197492791105235,0.038950715421303655
FXE__mean_reversion_5__trend_100__h20__unit__horizon__vol_target_10,FXE,mean_reversion_5,trend_100,20,unit,horizon,vol_target_10,false,false,false,true,true,false,-0.008451576932597338,-0.014588058506343567,-0.005999611805476219,-0.010980206947390669,-0.009335808039844596,-0.015080137637767615,0.039523365855147666
FXE__mean_reversion_5__trend_100__h20__unit__signal_flip__notional_cap_1,FXE,mean_reversion_5,trend_100,20,unit,signal_flip,notional_cap_1,false,false,false,true,true,false,-0.012076809809596235,-0.02443227295019635,-0.0005736287437812519,-0.010181448752447517,0.015342988584200043,0.0017250046263854208,0.07631160572337042
FXE__mean_reversion_5__trend_100__h20__unit__signal_flip__vol_target_10,FXE,mean_reversion_5,trend_100,20,unit,signal_flip,vol_target_10,false,false,false,true,true,false,-0.006671011176016081,-0.018271403966091497,-0.0005244745408006372,-0.010036277945045531,0.012634768669524302,-0.0009137882133169465,0.07554048465315233
FXE__mean_reversion_5__trend_100__h5__half__horizon__notional_cap_1,FXE,mean_reversion_5,trend_100,5,half,horizon,notional_cap_1,false,false,false,true,true,false,0.0019503076824012606,-0.004769989522619615,0.0014496424282250484,-0.003658483745193004,0.0026714311046304577,-0.004237301220687988,0.04054054054054054
FXE__mean_reversion_5__trend_100__h5__half__horizon__vol_target_10,FXE,mean_reversion_5,trend_100,5,half,horizon,vol_target_10,false,false,false,true,true,false,0.0021009776418427456,-0.004613542198552994,0.0014496424282250484,-0.003658483745193004,0.0026714311046304577,-0.004237301220687988,0.04054054054054054
FXE__mean_reversion_5__trend_100__h5__half__signal_flip__notional_cap_1,FXE,mean_reversion_5,trend_100,5,half,signal_flip,notional_cap_1,false,false,false,true,true,false,-0.0024355964843738743,-0.01011370088829341,0.0032355260617044986,-0.002573020525470284,0.0038040054501961877,-0.004106379981355967,0.046104928457869634
FXE__mean_reversion_5__trend_100__h5__half__signal_flip__vol_target_10,FXE,mean_reversion_5,trend_100,5,half,signal_flip,vol_target_10,false,false,false,true,true,false,-0.0023005693807654952,-0.009974670283333875,0.0032355260617044986,-0.002573020525470284,0.0038040054501961877,-0.004106379981355967,0.046104928457869634
FXE__mean_reversion_5__trend_100__h5__unit__horizon__notional_cap_1,FXE,mean_reversion_5,trend_100,5,unit,horizon,notional_cap_1,false,false,false,true,true,false,0.0021031936435123772,-0.011343558090478397,0.0017471388702930478,-0.008469149607162935,0.004327832526630103,-0.009485157187998196,0.08108108108108109
FXE__mean_reversion_5__trend_100__h5__unit__horizon__vol_target_10,FXE,mean_reversion_5,trend_100,5,unit,horizon,vol_target_10,false,false,false,true,true,false,0.004657303383863243,-0.007913891343046715,0.003834692326571025,-0.006123744482511969,0.004619300947396537,-0.009146514959387597,0.07901916994445743
FXE__mean_reversion_5__trend_100__h5__unit__signal_flip__notional_cap_1,FXE,mean_reversion_5,trend_100,5,unit,signal_flip,notional_cap_1,false,false,false,true,true,false,-0.006382775341468968,-0.02174155057304114,0.005680778332668579,-0.005934966044647395,0.006887401768988475,-0.008929020720336188,0.09220985691573927
FXE__mean_reversion_5__trend_100__h5__unit__signal_flip__vol_target_10,FXE,mean_reversion_5,trend_100,5,unit,signal_flip,vol_target_10,false,false,false,true,true,false,-0.0018426394752806149,-0.01613082434228916,0.005363768364356258,-0.005977494988318674,0.006715827571785526,-0.009030156102102026,0.09002331027758634
FXE__momentum_20__always__h20__half__horizon__notional_cap_1,FXE,momentum_20,always,20,half,horizon,notional_cap_1,false,false,false,true,true,false,-0.0009202322664103391,-0.00517476433454985,-0.018929357110683685,-0.023139613377664275,-0.003661165450605743,-0.008169574069679476,0.033386327503974564
FXE__momentum_20__always__h20__half__horizon__vol_target_10,FXE,momentum_20,always,20,half,horizon,vol_target_10,false,false,false,true,true,false,-0.00045976242060131534,-0.004733499798946579,-0.018929357110683685,-0.023139613377664275,-0.003661165450605743,-0.008169574069679476,0.033386327503974564
FXE__momentum_20__always__h20__half__signal_flip__notional_cap_1,FXE,momentum_20,always,20,half,signal_flip,notional_cap_1,false,false,false,true,true,false,0.0047885899743872066,-0.002260414289637922,-0.021236269277157046,-0.029200441347392983,0.001819624822446,-0.006047082311350691,0.06319554848966613
FXE__momentum_20__always__h20__half__signal_flip__vol_target_10,FXE,momentum_20,always,20,half,signal_flip,vol_target_10,false,false,false,true,true,false,0.00539185741354644,-0.0016502895981110668,-0.021236269277157046,-0.029200441347392983,0.001819624822446,-0.006047082311350691,0.06319554848966613
FXE__momentum_20__always__h20__unit__horizon__notional_cap_1,FXE,momentum_20,always,20,unit,horizon,notional_cap_1,false,false,false,true,true,false,-0.0070216813835225185,-0.015528551377934859,-0.04124330761602614,-0.049670978152946896,-0.010367071977303893,-0.019386398027525686,0.06677265500794913
FXE__momentum_20__always__h20__unit__horizon__vol_target_10,FXE,momentum_20,always,20,unit,horizon,vol_target_10,false,false,false,true,true,false,-0.0022506377735495324,-0.011050574227231583,-0.038939082817081444,-0.04748442024771094,-0.012816973157266619,-0.021952485041634724,0.06770787623417572
FXE__momentum_20__always__h20__unit__signal_flip__notional_cap_1,FXE,momentum_20,always,20,unit,signal_flip,notional_cap_1,false,false,false,true,true,false,0.006078730758475732,-0.00801529954265788,-0.04465812957285726,-0.06058953963440513,0.0017066550926451893,-0.014035213188169545,0.12639109697933226
FXE__momentum_20__always__h20__unit__signal_flip__vol_target_10,FXE,momentum_20,always,20,unit,signal_flip,vol_target_10,false,false,false,true,true,false,0.009507486012575925,-0.004037183668745607,-0.03823172108271508,-0.05354869819365644,0.002229436987075949,-0.01332401565400586,0.12150323122536395
FXE__momentum_20__always__h5__half__horizon__notional_cap_1,FXE,momentum_20,always,5,half,horizon,notional_cap_1,false,false,false,true,true,false,-0.0025242775730277053,-0.01458926502599929,-0.0034694105604274727,-0.01534441244022589,0.00247015228822589,-0.009759668569748477,0.09419713831478538
FXE__momentum_20__always__h5__half__horizon__vol_target_10,FXE,momentum_20,always,5,half,horizon,vol_target_10,false,false,false,true,true,false,-0.0019356862364365566,-0.013993848586159208,-0.0034694105604274727,-0.01534441244022589,0.00247015228822589,-0.009759668569748477,0.09419713831478538
FXE__momentum_20__always__h5__half__signal_flip__notional_cap_1,FXE,momentum_20,always,5,half,signal_flip,notional_cap_1,false,false,false,true,true,false,0.003228326964684707,-0.00966599637464028,-0.015098266972551531,-0.028672667370099835,0.003749177769688604,-0.01013236038002247,0.10771065182829889
FXE__momentum_20__always__h5__half__signal_flip__vol_target_10,FXE,momentum_20,always,5,half,signal_flip,vol_target_10,false,false,false,true,true,false,0.0034021469520925454,-0.00947587183927873,-0.015098266972551531,-0.028672667370099835,0.003749177769688604,-0.01013236038002247,0.10771065182829889
FXE__momentum_20__always__h5__unit__horizon__notional_cap_1,FXE,momentum_20,always,5,unit,horizon,notional_cap_1,false,false,false,true,true,false,-0.008637346053700642,-0.032782064077507486,-0.00930097769481026,-0.033063306358678,0.002811788803141815,-0.021668702895846253,0.18839427662957076
FXE__momentum_20__always__h5__unit__horizon__vol_target_10,FXE,momentum_20,always,5,unit,horizon,vol_target_10,false,false,false,true,true,false,-0.0033793086804991272,-0.026389884365066056,-0.00559610452352983,-0.02875340512834686,0.0006615430257503065,-0.02345140177483071,0.18361865981314512
FXE__momentum_20__always__h5__unit__signal_flip__notional_cap_1,FXE,momentum_20,always,5,unit,signal_flip,notional_cap_1,false,false,false,true,true,false,0.003273056203109418,-0.02252013119392561,-0.03220652734966577,-0.059361044679127645,0.005823750824381963,-0.021958363618659445,0.21542130365659778
FXE__momentum_20__always__h5__unit__signal_flip__vol_target_10,FXE,momentum_20,always,5,unit,signal_flip,vol_target_10,false,false,false,true,true,false,0.003545002817944303,-0.020781254058257908,-0.027605950902968652,-0.05375325258747323,0.006080492933228673,-0.02119719257530694,0.2074338500483445
FXE__momentum_20__trend_100__h20__half__horizon__notional_cap_1,FXE,momentum_20,trend_100,20,half,horizon,notional_cap_1,false,false,false,true,true,false,-0.006898081454077194,-0.010108457889485936,-0.021604423797057258,-0.024561592818764636,0.00804817740033566,0.004892172194276867,0.02344992050874404
FXE__momentum_20__trend_100__h20__half__horizon__vol_target_10,FXE,momentum_20,trend_100,20,half,horizon,vol_target_10,false,false,false,true,true,false,-0.00645043385868903,-0.009673366340345371,-0.021604423797057258,-0.024561592818764636,0.00804817740033566,0.004892172194276867,0.02344992050874404
FXE__momentum_20__trend_100__h20__half__signal_flip__notional_cap_1,FXE,momentum_20,trend_100,20,half,signal_flip,notional_cap_1,false,false,false,true,true,false,-0.0019882038828050127,-0.007117180593102173,-0.024257016497807923,-0.028918513937025575,0.010342246091677847,0.005583751139406746,0.03696343402225755
FXE__momentum_20__trend_100__h20__half__signal_flip__vol_target_10,FXE,momentum_20,trend_100,20,half,signal_flip,vol_target_10,false,false,false,true,true,false,-0.0014864904725132816,-0.006621352584985668,-0.024257016497807923,-0.028918513937025575,0.010342246091677847,0.005583751139406746,0.03696343402225755
FXE__momentum_20__trend_100__h20__unit__horizon__notional_cap_1,FXE,momentum_20,trend_100,20,unit,horizon,notional_cap_1,false,false,false,true,true,false,-0.017349109922269124,-0.023765450100990182,-0.0453541149020608,-0.05127341102068681,0.014169301016287088,0.007855296090303115,0.04689984101748808
FXE__momentum_20__trend_100__h20__unit__horizon__vol_target_10,FXE,momentum_20,trend_100,20,unit,horizon,vol_target_10,false,false,false,true,true,false,-0.008903703000763279,-0.015497337495356294,-0.04187131326599757,-0.047884686849044136,0.010616379491706452,0.0042786659880841415,0.04764965537468692
FXE__momentum_20__trend_100__h20__unit__signal_flip__notional_cap_1,FXE,momentum_20,trend_100,20,unit,signal_flip,notional_cap_1,false,false,false,true,true,false,-0.006768916193471903,-0.01702124687572014,-0.05010057791492003,-0.059431782298181725,0.01918056465287957,0.009661688182427929,0.0739268680445151
FXE__momentum_20__trend_100__h20__unit__signal_flip__vol_target_10,FXE,momentum_20,trend_100,20,unit,signal_flip,vol_target_10,false,false,false,true,true,false,3.09889807506283e-5,-0.009968485064014501,-0.04462963440920774,-0.05373220565777476,0.017703844711871024,0.008239149813709285,0.0721262762825811
FXE__momentum_20__trend_100__h5__half__horizon__notional_cap_1,FXE,momentum_20,trend_100,5,half,horizon,notional_cap_1,false,false,false,true,true,false,-0.001075133544438677,-0.010634014416159354,-0.02091121153343784,-0.02887657075331275,0.007327523353700953,-0.001542443598539799,0.06319554848966613
FXE__momentum_20__trend_100__h5__half__horizon__vol_target_10,FXE,momentum_20,trend_100,5,half,horizon,vol_target_10,false,false,false,true,true,false,-0.00040150528548535706,-0.00995473120825394,-0.02091121153343784,-0.02887657075331275,0.007327523353700953,-0.001542443598539799,0.06319554848966613
FXE__momentum_20__trend_100__h5__half__signal_flip__notional_cap_1,FXE,momentum_20,trend_100,5,half,signal_flip,notional_cap_1,false,false,false,true,true,false,-0.0013741888415592647,-0.011515214870106536,-0.02450427239324099,-0.03306932439317175,0.01377611687495577,0.004003869633988169,0.0679650238473768
FXE__momentum_20__trend_100__h5__half__signal_flip__vol_target_10,FXE,momentum_20,trend_100,5,half,signal_flip,vol_target_10,false,false,false,true,true,false,-0.0006987254801256475,-0.01083295272599127,-0.02450427239324099,-0.03306932439317175,0.01377611687495577,0.004003869633988169,0.0679650238473768
FXE__momentum_20__trend_100__h5__unit__horizon__notional_cap_1,FXE,momentum_20,trend_100,5,unit,horizon,notional_cap_1,false,false,false,true,true,false,-0.004762478548615912,-0.023889392763975427,-0.043318235640905436,-0.059254394301009185,0.013246996435471463,-0.004504731468881035,0.12639109697933226
FXE__momentum_20__trend_100__h5__unit__horizon__vol_target_10,FXE,momentum_20,trend_100,5,unit,horizon,vol_target_10,false,false,false,true,true,false,0.004299538166056745,-0.013940442979188445,-0.038734719742564386,-0.05439360653384354,0.012071367699500981,-0.005460982427963378,0.1242056661862118
FXE__momentum_20__trend_100__h5__unit__signal_flip__notional_cap_1,FXE,momentum_20,trend_100,5,unit,signal_flip,notional_cap_1,false,false,false,true,true,false,-0.005175497088091593,-0.025462780010227677,-0.0503860848034885,-0.06751910679367258,0.026283319646086812,0.006725332272041541,0.1359300476947536
FXE__momentum_20__trend_100__h5__unit__signal_flip__vol_target_10,FXE,momentum_20,trend_100,5,unit,signal_flip,vol_target_10,false,false,false,true,true,false,0.002036939545503842,-0.017115941509258128,-0.044479825423358293,-0.06118804750134383,0.0234671178241329,0.004140582032914264,0.13256119333699162
FXE__momentum_60__always__h20__half__horizon__notional_cap_1,FXE,momentum_60,always,20,half,horizon,notional_cap_1,false,false,false,true,true,false,8.026556381637243e-5,-0.0036360283946619,-0.01051608625222234,-0.014273784786602788,9.662975730617847e-5,-0.0035625216794821497,0.029809220985691574
FXE__momentum_60__always__h20__half__horizon__vol_target_10,FXE,momentum_60,always,20,half,horizon,vol_target_10,false,false,false,true,true,false,0.0005407386595441292,-0.003194758013171984,-0.01051608625222234,-0.014273784786602788,9.662975730617847e-5,-0.0035625216794821497,0.029809220985691574
FXE__momentum_60__always__h20__half__signal_flip__notional_cap_1,FXE,momentum_60,always,20,half,signal_flip,notional_cap_1,false,false,false,true,true,false,0.013183118115334715,0.008465638710536353,-0.01097171457468887,-0.01673522863046176,0.004819347761384939,-0.0005443036058485431,0.04570747217806041
FXE__momentum_60__always__h20__half__signal_flip__vol_target_10,FXE,momentum_60,always,20,half,signal_flip,vol_target_10,false,false,false,true,true,false,0.013637712050076866,0.008931787944033884,-0.01097171457468887,-0.01673522863046176,0.004819347761384939,-0.0005443036058485431,0.04570747217806041
FXE__momentum_60__always__h20__unit__horizon__notional_cap_1,FXE,momentum_60,always,20,unit,horizon,notional_cap_1,false,false,false,true,true,false,-0.004252988075860558,-0.011691673843548476,-0.023740860112228417,-0.031259730561355926,-0.0020657734985969982,-0.009390773522379875,0.05961844197138315
FXE__momentum_60__always__h20__unit__horizon__vol_target_10,FXE,momentum_60,always,20,unit,horizon,vol_target_10,false,false,false,true,true,false,0.004696525800680917,-0.002888289762608205,-0.021061880097154366,-0.02870690737506673,-0.004215909008873002,-0.011572353874488354,0.0606300107603563
FXE__momentum_60__always__h20__unit__signal_flip__notional_cap_1,FXE,momentum_60,always,20,unit,signal_flip,notional_cap_1,true,false,false,true,true,false,0.023062059216305414,0.01362128066995965,-0.023764518076179627,-0.03530029131039996,0.007976052412789952,-0.0027615419273681356,0.09141494435612083
FXE__momentum_60__always__h20__unit__signal_flip__vol_target_10,FXE,momentum_60,always,20,unit,signal_flip,vol_target_10,true,true,false,true,true,false,0.027404187576830975,0.018332763066392407,-0.018793167270701905,-0.03014328880463785,0.006918616950860673,-0.0038395956370752063,0.08996109446461607
FXE__momentum_60__always__h5__half__horizon__notional_cap_1,FXE,momentum_60,always,5,half,horizon,notional_cap_1,false,false,false,true,true,false,-0.0005027013340673104,-0.012059538365486093,-0.006657310617165965,-0.016727787562423244,-0.0025027347083249234,-0.013772001705196506,0.07988871224165342
FXE__momentum_60__always__h5__half__horizon__vol_target_10,FXE,momentum_60,always,5,half,horizon,vol_target_10,false,false,false,true,true,false,0.000199436924227127,-0.01135176845812374,-0.006657310617165965,-0.016727787562423244,-0.0025027347083249234,-0.013772001705196506,0.07988871224165342
FXE__momentum_60__always__h5__half__signal_flip__notional_cap_1,FXE,momentum_60,always,5,half,signal_flip,notional_cap_1,false,false,false,true,true,false,0.0020020233811193448,-0.00996872902528528,-0.0092682576285012,-0.020242203371800417,0.0053930839575244745,-0.006880225707031921,0.0870429252782194
FXE__momentum_60__always__h5__half__signal_flip__vol_target_10,FXE,momentum_60,always,5,half,signal_flip,vol_target_10,false,false,false,true,true,false,0.0024565574502643057,-0.009502680515369628,-0.0092682576285012,-0.020242203371800417,0.0053930839575244745,-0.006880225707031921,0.0870429252782194
FXE__momentum_60__always__h5__unit__horizon__notional_cap_1,FXE,momentum_60,always,5,unit,horizon,notional_cap_1,false,false,false,true,true,false,-0.004208211958786212,-0.027321652799693105,-0.015366164567232835,-0.03551611686336529,-0.006629972219626875,-0.029171269141930356,0.15977742448330684
FXE__momentum_60__always__h5__unit__horizon__vol_target_10,FXE,momentum_60,always,5,unit,horizon,vol_target_10,false,false,false,true,true,false,0.005297560714171781,-0.01646740348546407,-0.011037377534490172,-0.030862752870273288,-0.006641735986420741,-0.029037674276403434,0.15723769193725773
FXE__momentum_60__always__h5__unit__signal_flip__notional_cap_1,FXE,momentum_60,always,5,unit,signal_flip,notional_cap_1,false,false,false,true,true,false,0.000998321339046396,-0.022936343915711158,-0.020187628288249528,-0.0421485940913351,0.009316882729939559,-0.015237405212864699,0.1740858505564388
FXE__momentum_60__always__h5__unit__signal_flip__vol_target_10,FXE,momentum_60,always,5,unit,signal_flip,vol_target_10,false,false,false,true,true,false,0.005641753630227859,-0.016707972657916813,-0.016024561559929963,-0.03752035917151672,0.00920464368375873,-0.0151962570937143,0.1704293141828271
FXE__momentum_60__trend_100__h20__half__horizon__notional_cap_1,FXE,momentum_60,trend_100,20,half,horizon,notional_cap_1,false,false,false,true,true,false,-0.0032909613999448175,-0.006752625825574487,-0.00815432217731705,-0.011107791834236396,0.0018045350950781371,-0.001553183863915572,0.02344992050874404
FXE__momentum_60__trend_100__h20__half__horizon__vol_target_10,FXE,momentum_60,trend_100,20,half,horizon,vol_target_10,false,false,false,true,true,false,-0.0028305077619510694,-0.006311372802874677,-0.00815432217731705,-0.011107791834236396,0.0018045350950781371,-0.001553183863915572,0.02344992050874404
FXE__momentum_60__trend_100__h20__half__signal_flip__notional_cap_1,FXE,momentum_60,trend_100,20,half,signal_flip,notional_cap_1,false,false,false,true,true,false,0.008412385929709883,0.004365428080328023,-0.013045732557003767,-0.017107239466279393,0.0070768531711206915,0.002517682328102637,0.0321939586645469
FXE__momentum_60__trend_100__h20__half__signal_flip__vol_target_10,FXE,momentum_60,trend_100,20,half,signal_flip,vol_target_10,false,false,false,true,true,false,0.008866953651429282,0.004831554050342069,-0.013045732557003767,-0.017107239466279393,0.0070768531711206915,0.002517682328102637,0.0321939586645469
FXE__momentum_60__trend_100__h20__unit__horizon__notional_cap_1,FXE,momentum_60,trend_100,20,unit,horizon,notional_cap_1,false,false,false,true,true,false,-0.010353962156070774,-0.01727479204401991,-0.01875508521165306,-0.024659583871126937,0.0016350783771330582,-0.005085145630542885,0.04689984101748808
FXE__momentum_60__trend_100__h20__unit__horizon__vol_target_10,FXE,momentum_60,trend_100,20,unit,horizon,vol_target_10,false,false,false,true,true,false,-0.0017027479210653283,-0.008829968893412062,-0.015414246248777286,-0.021434729160792008,-0.0005248002530333353,-0.00727935801049719,0.04783060512536453
FXE__momentum_60__trend_100__h20__unit__signal_flip__notional_cap_1,FXE,momentum_60,trend_100,20,unit,signal_flip,notional_cap_1,false,false,false,true,true,false,0.013901421864534708,0.005807630202106618,-0.027750949305916157,-0.03588409935955284,0.012579047024705888,0.0034568310612187315,0.0643879173290938
FXE__momentum_60__trend_100__h20__unit__signal_flip__vol_target_10,FXE,momentum_60,trend_100,20,unit,signal_flip,vol_target_10,true,false,false,true,true,false,0.019181545437921322,0.01127523215625684,-0.023064752393894286,-0.031014006454056862,0.011521550904864904,0.002378693214066245,0.06295348816971134
FXE__momentum_60__trend_100__h5__half__horizon__notional_cap_1,FXE,momentum_60,trend_100,5,half,horizon,notional_cap_1,false,false,false,true,true,false,-0.0016730014682991056,-0.012228687934485442,-0.009459829784005867,-0.017824484235967733,-0.0012325855114998967,-0.011296051495251626,0.0663751987281399
FXE__momentum_60__trend_100__h5__half__horizon__vol_target_10,FXE,momentum_60,trend_100,5,half,horizon,vol_target_10,false,false,false,true,true,false,-0.0009708747031862778,-0.011520921352878431,-0.009459829784005867,-0.017824484235967733,-0.0012325855114998967,-0.011296051495251626,0.0663751987281399
FXE__momentum_60__trend_100__h5__half__signal_flip__notional_cap_1,FXE,momentum_60,trend_100,5,half,signal_flip,notional_cap_1,false,false,false,true,true,false,-0.0026456330282675147,-0.013366212352889987,-0.013480140946971362,-0.02224777346109008,0.005250272309275467,-0.005416480496353246,0.06955484896661367
FXE__momentum_60__trend_100__h5__half__signal_flip__vol_target_10,FXE,momentum_60,trend_100,5,half,signal_flip,vol_target_10,false,false,false,true,true,false,-0.002191124606485423,-0.012900183361604381,-0.013480140946971362,-0.02224777346109008,0.005250272309275467,-0.005416480496353246,0.06955484896661367
FXE__momentum_60__trend_100__h5__unit__horizon__notional_cap_1,FXE,momentum_60,trend_100,5,unit,horizon,notional_cap_1,false,false,false,true,true,false,-0.006080363489090587,-0.027191851075690218,-0.02076020943808999,-0.03749227716644619,-0.003924144907684623,-0.02404605335779486,0.1327503974562798
FXE__momentum_60__trend_100__h5__unit__horizon__vol_target_10,FXE,momentum_60,trend_100,5,unit,horizon,vol_target_10,false,false,false,true,true,false,0.0038098842412440216,-0.01631237138815226,-0.016432424057272195,-0.032832600709480186,-0.0039359110368062215,-0.023912454868262725,0.13015321281418016
FXE__momentum_60__trend_100__h5__unit__signal_flip__notional_cap_1,FXE,momentum_60,trend_100,5,unit,signal_flip,notional_cap_1,false,false,false,true,true,false,-0.007884129464063642,-0.029321413649970728,-0.028464958064514982,-0.046007666181403194,0.009168507361108707,-0.012164640586366378,0.13910969793322733
FXE__momentum_60__trend_100__h5__unit__signal_flip__vol_target_10,FXE,momentum_60,trend_100,5,unit,signal_flip,vol_target_10,false,false,false,true,true,false,-0.0005632742824149728,-0.020885966468494867,-0.023992546251277825,-0.041140488624256705,0.009056269219721191,-0.012123493289192402,0.13600997910353943
FXI__mean_reversion_5__always__h20__half__horizon__notional_cap_1,FXI,mean_reversion_5,always,20,half,horizon,notional_cap_1,false,false,false,true,true,false,0.029422955618739997,0.023991577010139934,0.007279907284816506,0.0021171379717215034,-0.006911082921033703,-0.012284911587340231,0.040937996820349765
FXI__mean_reversion_5__always__h20__half__horizon__vol_target_10,FXI,mean_reversion_5,always,20,half,horizon,vol_target_10,false,false,false,true,true,false,0.016513947577170056,0.011302663548722745,0.004713741561411739,-0.0005378287811771704,-0.004645117634093553,-0.009624600398733602,0.041639505378680136
FXI__mean_reversion_5__always__h20__half__signal_flip__notional_cap_1,FXI,mean_reversion_5,always,20,half,signal_flip,notional_cap_1,false,false,false,true,true,false,0.05268301292869757,0.039260716880641505,0.025310767068513727,0.012287646960750897,-0.027716947314087977,-0.04054736107874265,0.10333863275039745
FXI__mean_reversion_5__always__h20__half__signal_flip__vol_target_10,FXI,mean_reversion_5,always,20,half,signal_flip,vol_target_10,false,false,false,true,true,false,0.038055129221343596,0.026873999605908916,0.01510979124484643,0.003498228225727938,-0.02301438052896738,-0.03304044069453744,0.092127693137364
FXI__mean_reversion_5__always__h20__unit__horizon__notional_cap_1,FXI,mean_reversion_5,always,20,unit,horizon,notional_cap_1,false,false,false,true,true,false,0.0031723416802579285,-0.007705490634937029,-0.019167416965661932,-0.029502119019313794,-0.08254928239955625,-0.09332758593600651,0.08187599364069953
FXI__mean_reversion_5__always__h20__unit__horizon__vol_target_10,FXI,mean_reversion_5,always,20,unit,horizon,vol_target_10,false,false,false,true,true,false,0.01780347751608985,0.011468267446328017,0.009344313698641558,0.002267615601321382,-0.0037268001973428857,-0.009249030874828668,0.05608893145715958
FXI__mean_reversion_5__always__h20__unit__signal_flip__notional_cap_1,FXI,mean_reversion_5,always,20,unit,signal_flip,notional_cap_1,true,false,false,true,true,false,0.07035803846975738,0.04345428474110932,0.029201516604738742,0.0031503716267876,-0.0930939768557161,-0.1187749323912823,0.2066772655007949
FXI__mean_reversion_5__always__h20__unit__signal_flip__vol_target_10,FXI,mean_reversion_5,always,20,unit,signal_flip,vol_target_10,false,false,false,true,true,false,0.03985374885454688,0.02745547981097342,0.012010897420590092,-0.0019349585657693754,-0.023729060025742467,-0.03418333942681867,0.11062625181615496
FXI__mean_reversion_5__always__h5__half__horizon__notional_cap_1,FXI,mean_reversion_5,always,5,half,horizon,notional_cap_1,false,false,false,true,true,false,0.007065658008533947,-0.0077553604587418685,0.034964222778589155,0.021141512271482355,-0.011654764966025088,-0.026473942977607308,0.10969793322734499
FXI__mean_reversion_5__always__h5__half__horizon__vol_target_10,FXI,mean_reversion_5,always,5,half,horizon,vol_target_10,false,false,false,true,true,false,-0.0007722627223856818,-0.013207376296924415,0.026984279624019565,0.014495854595772819,-0.01826583434882397,-0.02979580388105317,0.09908037353286818
FXI__mean_reversion_5__always__h5__half__signal_flip__notional_cap_1,FXI,mean_reversion_5,always,5,half,signal_flip,notional_cap_1,true,false,false,true,true,false,0.0619197707982865,0.044329671507630404,0.029512876099193223,0.01299513287251603,0.0011532942305943067,-0.0165017456934944,0.13116057233704292
FXI__mean_reversion_5__always__h5__half__signal_flip__vol_target_10,FXI,mean_reversion_5,always,5,half,signal_flip,vol_target_10,false,false,false,true,true,false,0.04404339422098575,0.029549229066383804,0.018478707849715708,0.0038645764921265736,-0.00018072134588386322,-0.013645988130372752,0.11599270724219571
FXI__mean_reversion_5__always__h5__unit__horizon__notional_cap_1,FXI,mean_reversion_5,always,5,unit,horizon,notional_cap_1,false,false,false,true,true,false,-0.02490102359500309,-0.054562580907814934,0.04737309143232166,0.019726128577185406,-0.07287493585774084,-0.10250458908054026,0.21939586645468998
FXI__mean_reversion_5__always__h5__unit__horizon__vol_target_10,FXI,mean_reversion_5,always,5,unit,horizon,vol_target_10,false,false,false,true,true,false,-0.0005294483345252357,-0.014416675271852855,0.030033082925034815,0.01480280344700332,-0.020148655363208808,-0.032225784898436305,0.12085489273751485
FXI__mean_reversion_5__always__h5__unit__signal_flip__notional_cap_1,FXI,mean_reversion_5,always,5,unit,signal_flip,notional_cap_1,true,true,false,true,true,false,0.09337030438519905,0.05813970854707804,0.040239393109014684,0.007220884431240755,-0.037629675223886716,-0.07299387307604437,0.26232114467408585
FXI__mean_reversion_5__always__h5__unit__signal_flip__vol_target_10,FXI,mean_reversion_5,always,5,unit,signal_flip,vol_target_10,false,false,false,true,true,false,0.044429318432185436,0.02850784809243761,0.01856141426706964,0.001152460202598687,-0.0009363715577072051,-0.014855861253158752,0.13813957830693818
FXI__mean_reversion_5__trend_100__h20__half__horizon__notional_cap_1,FXI,mean_reversion_5,trend_100,20,half,horizon,notional_cap_1,false,false,false,true,true,false,-0.003917709730066167,-0.007128748331490062,0.02882411541613557,0.025863661768325483,-0.014445932508272334,-0.017008396412129662,0.02344992050874404
FXI__mean_reversion_5__trend_100__h20__half__horizon__vol_target_10,FXI,mean_reversion_5,trend_100,20,half,horizon,vol_target_10,false,false,false,true,true,false,-0.016672202397429475,-0.019788271506235036,0.028482884692517783,0.025420075381028757,0.004298163398769761,0.001868320078974411,0.02426240659371101
FXI__mean_reversion_5__trend_100__h20__half__signal_flip__notional_cap_1,FXI,mean_reversion_5,trend_100,20,half,signal_flip,notional_cap_1,false,false,false,true,true,false,0.025354405798063775,0.01809107927581711,0.03735199168115087,0.029940709690767602,-0.01358839853991107,-0.01890629325396832,0.058823529411764705
FXI__mean_reversion_5__trend_100__h20__half__signal_flip__vol_target_10,FXI,mean_reversion_5,trend_100,20,half,signal_flip,vol_target_10,false,false,false,true,true,false,0.018197146200717,0.012078505688234412,0.03185748167351592,0.024977774986633415,-0.0013045235581581444,-0.00561106879889235,0.0545807711303571
FXI__mean_reversion_5__trend_100__h20__unit__horizon__notional_cap_1,FXI,mean_reversion_5,trend_100,20,unit,horizon,notional_cap_1,false,false,false,true,true,false,-0.03621951971496655,-0.042638508557748214,0.042529758961839734,0.03659732433880287,-0.05646563782323277,-0.061607385330553974,0.04689984101748808
FXI__mean_reversion_5__trend_100__h20__unit__horizon__vol_target_10,FXI,mean_reversion_5,trend_100,20,unit,horizon,vol_target_10,false,false,false,true,true,false,-0.018225313725422115,-0.02208075507557474,0.04147425590435837,0.03704612398401756,0.006424401283098114,0.0036405770847432965,0.03505454274032778
FXI__mean_reversion_5__trend_100__h20__unit__signal_flip__notional_cap_1,FXI,mean_reversion_5,trend_100,20,unit,signal_flip,notional_cap_1,false,false,false,true,true,false,0.0375669980266924,0.023032897235718993,0.0674210287277833,0.05259943017801494,-0.0376380615682296,-0.04829278827819468,0.11764705882352941
FXI__mean_reversion_5__trend_100__h20__unit__signal_flip__vol_target_10,FXI,mean_reversion_5,trend_100,20,unit,signal_flip,vol_target_10,false,false,false,true,true,false,0.020339115114013345,0.01344856780142802,0.038364264446377194,0.029738720321945605,0.0002024804009420145,-0.004351427311987258,0.06842105814276372
FXI__mean_reversion_5__trend_100__h5__half__horizon__notional_cap_1,FXI,mean_reversion_5,trend_100,5,half,horizon,notional_cap_1,false,false,false,true,true,false,-0.030947378795526986,-0.03853728769313078,0.030445662312640922,0.023336255524567636,-0.00930380404458708,-0.014917910227703439,0.05643879173290938
FXI__mean_reversion_5__trend_100__h5__half__horizon__vol_target_10,FXI,mean_reversion_5,trend_100,5,half,horizon,vol_target_10,false,false,false,true,true,false,-0.02833281976522243,-0.03484218488933166,0.024752008003388483,0.01807480504684227,0.0015694659225129566,-0.002834547718568347,0.053001374689758324
FXI__mean_reversion_5__trend_100__h5__half__signal_flip__notional_cap_1,FXI,mean_reversion_5,trend_100,5,half,signal_flip,notional_cap_1,false,false,false,true,true,false,0.019191408116198457,0.010432109576298771,0.037849629486796904,0.029335581399813727,-0.006571065682036695,-0.013284654980385025,0.06756756756756757
FXI__mean_reversion_5__trend_100__h5__half__signal_flip__vol_target_10,FXI,mean_reversion_5,trend_100,5,half,signal_flip,vol_target_10,false,false,false,true,true,false,0.016274754366619532,0.00894992663842659,0.03230805868991166,0.02446512975013394,0.0036868896968666417,-0.0015533867074230597,0.06222221941023115
FXI__mean_reversion_5__trend_100__h5__unit__horizon__notional_cap_1,FXI,mean_reversion_5,trend_100,5,unit,horizon,notional_cap_1,false,false,false,true,true,false,-0.07848191783111441,-0.09365479845464214,0.05265432174658932,0.038439270110989354,-0.03152758819742639,-0.04276620688855637,0.11287758346581876
FXI__mean_reversion_5__trend_100__h5__unit__horizon__vol_target_10,FXI,mean_reversion_5,trend_100,5,unit,horizon,vol_target_10,false,false,false,true,true,false,-0.029771420894733697,-0.03711350221076582,0.029749366132285026,0.021151349725465462,0.0016223148722448928,-0.0030622911636188103,0.0682376571723383
FXI__mean_reversion_5__trend_100__h5__unit__signal_flip__notional_cap_1,FXI,mean_reversion_5,trend_100,5,unit,signal_flip,notional_cap_1,false,false,false,true,true,false,0.028278162266118352,0.010764146914466637,0.06950753225561389,0.05247836693470821,-0.02208559818124708,-0.03551865171804261,0.13513513513513514
FXI__mean_reversion_5__trend_100__h5__unit__signal_flip__vol_target_10,FXI,mean_reversion_5,trend_100,5,unit,signal_flip,vol_target_10,false,false,false,true,true,false,0.016476894566151666,0.008324282017039629,0.03783660343403683,0.02800629891315787,0.004979853239653092,-0.0004948309002953746,0.07795378835790144
FXI__momentum_20__always__h20__half__horizon__notional_cap_1,FXI,momentum_20,always,20,half,horizon,notional_cap_1,false,false,false,true,true,false,0.012877767651116527,0.008134636249706447,0.001673386256337242,-0.0030365708366770147,-0.03149067558683613,-0.03570311446314472,0.037360890302066775
FXI__momentum_20__always__h20__half__horizon__vol_target_10,FXI,momentum_20,always,20,half,horizon,vol_target_10,false,false,false,true,true,false,0.007107545865207942,0.0025544758555854676,0.0017174886389875015,-0.0031052217136902805,-0.0172176509319917,-0.021149527606322716,0.03826013522295343
FXI__momentum_20__always__h20__half__signal_flip__notional_cap_1,FXI,momentum_20,always,20,half,signal_flip,notional_cap_1,false,false,false,true,true,false,0.038890618430502795,0.03163303080870511,0.003890107927925039,-0.00501869284776354,-0.005966587509699967,-0.013303099354185475,0.07074721780604133
FXI__momentum_20__always__h20__half__signal_flip__vol_target_10,FXI,momentum_20,always,20,half,signal_flip,vol_target_10,false,false,false,true,true,false,0.022905473758572915,0.016650584147847806,0.004148842485733775,-0.004215632915731767,0.001959972970865799,-0.0038806955060510765,0.06642783303241903
FXI__momentum_20__always__h20__unit__horizon__notional_cap_1,FXI,momentum_20,always,20,unit,horizon,notional_cap_1,false,false,false,true,true,false,-0.02144426449487198,-0.030904207319055327,-0.02277242635779893,-0.03219731037373512,-0.11977908708502338,-0.12821548805925612,0.07472178060413355
FXI__momentum_20__always__h20__unit__horizon__vol_target_10,FXI,momentum_20,always,20,unit,horizon,vol_target_10,false,false,false,true,true,false,0.00878316878793352,0.0030870209450989533,-0.003711505839345656,-0.010585189981700735,-0.01690655222895308,-0.021253466512339846,0.054494423523904725
FXI__momentum_20__always__h20__unit__signal_flip__notional_cap_1,FXI,momentum_20,always,20,unit,signal_flip,notional_cap_1,false,false,false,true,true,false,0.04804375319220926,0.03353260800303176,-0.008209298018029571,-0.026016202233661453,-0.04204320218506359,-0.05676603811626475,0.14149443561208266
FXI__momentum_20__always__h20__unit__signal_flip__vol_target_10,FXI,momentum_20,always,20,unit,signal_flip,vol_target_10,false,false,false,true,true,false,0.02671575036638684,0.019506656055428846,0.007269066245638455,-0.003452199062571406,0.004036525283750394,-0.002209144328850063,0.08513592134370615
FXI__momentum_20__always__h5__half__horizon__notional_cap_1,FXI,momentum_20,always,5,half,horizon,notional_cap_1,false,false,false,true,true,false,-0.0032969278081283887,-0.01681943891495762,0.010729844640982087,-0.0035472550437876645,-0.04188168383791972,-0.05395586333167047,0.11327503974562798
FXI__momentum_20__always__h5__half__horizon__vol_target_10,FXI,momentum_20,always,5,half,horizon,vol_target_10,false,false,false,true,true,false,-0.004350492690359238,-0.01582733438787337,0.009315628755719344,-0.004076034527797094,-0.03382333064838458,-0.04305122799177678,0.10627466661054315
FXI__momentum_20__always__h5__half__signal_flip__notional_cap_1,FXI,momentum_20,always,5,half,signal_flip,notional_cap_1,false,false,false,true,true,false,0.015218234522136958,0.0006195632862278956,-0.006022446233604546,-0.021683946328148882,-0.017679749186878643,-0.03088248155599886,0.12440381558028617
FXI__momentum_20__always__h5__half__signal_flip__vol_target_10,FXI,momentum_20,always,5,half,signal_flip,vol_target_10,false,false,false,true,true,false,0.009330099696052446,-0.0029264853038396808,-0.007851604527001486,-0.022370839323118043,-0.016485130712045517,-0.026271682551352468,0.11532381796064144
FXI__momentum_20__always__h5__unit__horizon__notional_cap_1,FXI,momentum_20,always,5,unit,horizon,notional_cap_1,false,false,false,true,true,false,-0.036659592027215845,-0.06371387486512876,0.004437696528952213,-0.024125392194228518,-0.11584189592401599,-0.14000029911364537,0.22655007949125597
FXI__momentum_20__always__h5__unit__horizon__vol_target_10,FXI,momentum_20,always,5,unit,horizon,vol_target_10,false,false,false,true,true,false,-0.0006650699824838581,-0.013587398763092402,0.005856028751248323,-0.011238362043967609,-0.03518286149377026,-0.044943152440183716,0.13568846495032522
FXI__momentum_20__always__h5__unit__signal_flip__notional_cap_1,FXI,momentum_20,always,5,unit,signal_flip,notional_cap_1,false,false,false,true,true,false,0.00427056722762037,-0.024918819702770816,-0.026304700673686815,-0.057600939525632014,-0.062349712168818336,-0.08881882924466325,0.24880763116057233
FXI__momentum_20__always__h5__unit__signal_flip__vol_target_10,FXI,momentum_20,always,5,unit,signal_flip,vol_target_10,false,false,false,true,true,false,0.013016079922073629,-0.000692931530007105,-0.011090649477680946,-0.029236341474882122,-0.01563510842143371,-0.02593409444309277,0.1441582309352296
FXI__momentum_20__trend_100__h20__half__horizon__notional_cap_1,FXI,momentum_20,trend_100,20,half,horizon,notional_cap_1,false,false,false,true,true,false,-0.009099967000994372,-0.012979212552740219,0.017580628185308967,0.013771772091651575,-0.02547965906622693,-0.02818724291156048,0.030206677265500796
FXI__momentum_20__trend_100__h20__half__horizon__vol_target_10,FXI,momentum_20,trend_100,20,half,horizon,vol_target_10,false,false,false,true,true,false,-0.005934614208947546,-0.00965621216205796,0.018128300105430456,0.014180383952184895,-0.008780643759709352,-0.011349087941545901,0.03132154616409544
FXI__momentum_20__trend_100__h20__half__signal_flip__notional_cap_1,FXI,momentum_20,trend_100,20,half,signal_flip,notional_cap_1,false,false,false,true,true,false,0.008653361554760125,0.0034313565369629116,-0.003781271137150971,-0.010382073201939195,-0.000480212322039408,-0.004393686268501373,0.05246422893481717
FXI__momentum_20__trend_100__h20__half__signal_flip__vol_target_10,FXI,momentum_20,trend_100,20,half,signal_flip,vol_target_10,false,false,false,true,true,false,0.004007781027835824,-0.0007163459789082021,0.0006066372229709812,-0.00570097169571036,0.00729429017799517,0.004002664379078524,0.05014859916026751
FXI__momentum_20__trend_100__h20__unit__horizon__notional_cap_1,FXI,momentum_20,trend_100,20,unit,horizon,notional_cap_1,false,false,false,true,true,false,-0.05618520575232232,-0.06394192305864344,0.016614662184797062,0.008991320481073706,-0.07930974914249139,-0.08473149946818173,0.06041335453100159
FXI__momentum_20__trend_100__h20__unit__horizon__vol_target_10,FXI,momentum_20,trend_100,20,unit,horizon,vol_target_10,false,false,false,true,true,false,-0.005254601695821226,-0.009905927027643547,0.01964040616535851,0.013784844104381511,-0.007174681148229158,-0.010031573573725822,0.046431982763710834
FXI__momentum_20__trend_100__h20__unit__signal_flip__notional_cap_1,FXI,momentum_20,trend_100,20,unit,signal_flip,notional_cap_1,false,false,false,true,true,false,-0.007473724641887149,-0.017931281136917054,-0.019928108395980478,-0.033110330963559434,-0.022991494757156217,-0.030832989907074025,0.10492845786963434
FXI__momentum_20__trend_100__h20__unit__signal_flip__vol_target_10,FXI,momentum_20,trend_100,20,unit,signal_flip,vol_target_10,false,false,false,true,true,false,0.009109345850450881,0.0035153921650920754,0.005038088743260506,-0.003386026360319606,0.010576218372516755,0.006982094047378203,0.06698436899382837
FXI__momentum_20__trend_100__h5__half__horizon__notional_cap_1,FXI,momentum_20,trend_100,5,half,horizon,notional_cap_1,false,false,false,true,true,false,-0.04055423539068279,-0.051224506342262076,0.022404514896779047,0.011488520772216805,-0.006105627365878927,-0.01387663285423507,0.08664546899841018
FXI__momentum_20__trend_100__h5__half__horizon__vol_target_10,FXI,momentum_20,trend_100,5,half,horizon,vol_target_10,false,false,false,true,true,false,-0.024214333131986492,-0.03332352266944843,0.021740347818035383,0.011278046549187902,-0.001158934513765462,-0.007127590075865182,0.08306920594141365
FXI__momentum_20__trend_100__h5__half__signal_flip__notional_cap_1,FXI,momentum_20,trend_100,5,half,signal_flip,notional_cap_1,false,false,false,true,true,false,-0.008890465976787255,-0.020102665086995545,-0.01159978861026113,-0.023458695019736922,0.0046705293958138,-0.00350647411355916,0.09419713831478538
FXI__momentum_20__trend_100__h5__half__signal_flip__vol_target_10,FXI,momentum_20,trend_100,5,half,signal_flip,vol_target_10,false,false,false,true,true,false,-0.0028359262227887613,-0.012364575427548031,-0.008551498961402466,-0.019811940027950857,0.0028015516299427856,-0.0033709293685695845,0.089466460861091
FXI__momentum_20__trend_100__h5__unit__horizon__notional_cap_1,FXI,momentum_20,trend_100,5,unit,horizon,notional_cap_1,false,false,false,true,true,false,-0.10509505017200302,-0.12641454457434664,0.03260115656644865,0.010771838255799075,-0.034180598493722694,-0.049739978157799083,0.17329093799682035
FXI__momentum_20__trend_100__h5__unit__horizon__vol_target_10,FXI,momentum_20,trend_100,5,unit,horizon,vol_target_10,false,false,false,true,true,false,-0.019968109548393162,-0.03040782932160619,0.023901942360830573,0.010248980676429221,-0.0009500131959674293,-0.007317562539312934,0.10843294471877594
FXI__momentum_20__trend_100__h5__unit__signal_flip__notional_cap_1,FXI,momentum_20,trend_100,5,unit,signal_flip,notional_cap_1,false,false,false,true,true,false,-0.03908302152304345,-0.06148546034798255,-0.03374647081624314,-0.05744441759882037,-0.009115004833279254,-0.025497104721327518,0.18839427662957076
FXI__momentum_20__trend_100__h5__unit__signal_flip__vol_target_10,FXI,momentum_20,trend_100,5,unit,signal_flip,vol_target_10,false,false,false,true,true,false,0.0013907071865670627,-0.009456499741759905,-0.009145964905363346,-0.023626570943960083,0.0046828621069373326,-0.0018959268414563205,0.11513288738173916
FXI__momentum_60__always__h20__half__horizon__notional_cap_1,FXI,momentum_60,always,20,half,horizon,notional_cap_1,false,false,false,true,true,false,-0.005320524530529789,-0.009611295380318479,-0.0006180978557883531,-0.005127087869907071,-0.04166276182735634,-0.04521109980120297,0.03577106518282989
FXI__momentum_60__always__h20__half__horizon__vol_target_10,FXI,momentum_60,always,20,half,horizon,vol_target_10,false,false,false,true,true,false,0.0039522246852198226,-0.00021639806321841967,0.0017639065493102388,-0.0028721363993927957,-0.021481403845414845,-0.024892348721621903,0.036795319436583235
FXI__momentum_60__always__h20__half__signal_flip__notional_cap_1,FXI,momentum_60,always,20,half,signal_flip,notional_cap_1,false,false,false,true,true,false,-0.0015753210995399381,-0.007884517095563807,0.03413896469050075,0.028634814231329637,-0.020295198366228964,-0.025749688679365702,0.04372019077901431
FXI__momentum_60__always__h20__half__signal_flip__vol_target_10,FXI,momentum_60,always,20,half,signal_flip,vol_target_10,false,false,false,true,true,false,0.004034732067144428,-0.0015714266445920897,0.035270566719499026,0.029871470473556455,-0.00951605613471672,-0.014245489289737956,0.04286725649463821
FXI__momentum_60__always__h20__unit__horizon__notional_cap_1,FXI,momentum_60,always,20,unit,horizon,notional_cap_1,false,false,false,true,true,false,-0.050303819976424136,-0.058872201388823917,-0.024866137051134284,-0.03388778868153601,-0.12434930168144448,-0.1314313658184844,0.07154213036565978
FXI__momentum_60__always__h20__unit__horizon__vol_target_10,FXI,momentum_60,always,20,unit,horizon,vol_target_10,false,false,false,true,true,false,0.010202645957521421,0.0049039021352287465,0.005425153132030826,-0.0012267773767605829,-0.019891187912905874,-0.02375244879154652,0.05278487324660987
FXI__momentum_60__always__h20__unit__signal_flip__notional_cap_1,FXI,momentum_60,always,20,unit,signal_flip,notional_cap_1,false,false,false,true,true,false,-0.03195354929882245,-0.044590333282917914,0.05081235796709084,0.03981324420671803,-0.07077748026936753,-0.08167811242811479,0.08744038155802862
FXI__momentum_60__always__h20__unit__signal_flip__vol_target_10,FXI,momentum_60,always,20,unit,signal_flip,vol_target_10,false,false,false,true,true,false,0.007580308264777159,0.0008729303361209965,0.038635316565972355,0.03135656935572745,-0.008319113315687693,-0.01345478891265403,0.057772104085883624
FXI__momentum_60__always__h5__half__horizon__notional_cap_1,FXI,momentum_60,always,5,half,horizon,notional_cap_1,false,false,false,true,true,false,-0.009671516796186561,-0.022992376181519593,0.0017535619960333797,-0.011598781215291934,0.011454176692578096,0.0005357114741649533,0.106120826709062
FXI__momentum_60__always__h5__half__horizon__vol_target_10,FXI,momentum_60,always,5,half,horizon,vol_target_10,false,false,false,true,true,false,-0.003951417311863293,-0.0153253058001572,0.004088335788050295,-0.008561575571299761,0.011876293979259475,0.003153275448164735,0.10051882501062476
FXI__momentum_60__always__h5__half__signal_flip__notional_cap_1,FXI,momentum_60,always,5,half,signal_flip,notional_cap_1,false,false,false,true,true,false,0.0005044004855398534,-0.013737023263863717,0.014355579694724098,0.0005983722078012604,0.018283532123824872,0.006559922656184842,0.10930047694753577
FXI__momentum_60__always__h5__half__signal_flip__vol_target_10,FXI,momentum_60,always,5,half,signal_flip,vol_target_10,false,false,false,true,true,false,0.0060942354198071,-0.0060420471551128905,0.019358548940419676,0.006361272184383385,0.015296891066238941,0.0060166306877647915,0.10324440485628704
FXI__momentum_60__always__h5__unit__horizon__notional_cap_1,FXI,momentum_60,always,5,unit,horizon,notional_cap_1,false,false,false,true,true,false,-0.04853442744964753,-0.07519932194462202,-0.014233478565945704,-0.04090040308056331,-0.0055746668385908416,-0.027413869524644027,0.212241653418124
FXI__momentum_60__always__h5__unit__horizon__vol_target_10,FXI,momentum_60,always,5,unit,horizon,vol_target_10,false,false,false,true,true,false,0.003036673771786196,-0.010043823393685251,0.004605037535275074,-0.01142333798670742,0.014371690495518884,0.005082141430998001,0.12738365438195592
FXI__momentum_60__always__h5__unit__signal_flip__notional_cap_1,FXI,momentum_60,always,5,unit,signal_flip,notional_cap_1,false,false,false,true,true,false,-0.024591428521417227,-0.0531028188832699,0.012300697157275317,-0.015184412599636998,0.010746099878447199,-0.012711136084322769,0.21860095389507153
FXI__momentum_60__always__h5__unit__signal_flip__vol_target_10,FXI,momentum_60,always,5,unit,signal_flip,vol_target_10,false,false,false,true,true,false,0.01253903761871649,-0.001319206517652099,0.0225249456776178,0.006171672738734788,0.017035126373248558,0.007197877339528466,0.12994311825433347
FXI__momentum_60__trend_100__h20__half__horizon__notional_cap_1,FXI,momentum_60,trend_100,20,half,horizon,notional_cap_1,false,false,false,true,true,false,-0.0160316711369683,-0.01999469899878747,0.018440042998983247,0.014629640072230925,-0.045730025426230406,-0.04888450642980562,0.030206677265500796
FXI__momentum_60__trend_100__h20__half__horizon__vol_target_10,FXI,momentum_60,trend_100,20,half,horizon,vol_target_10,false,false,false,true,true,false,-0.007354303342154124,-0.011169611467183312,0.02036980220929001,0.01645301284786372,-0.02283570119463741,-0.025826786099660895,0.03106174671898927
FXI__momentum_60__trend_100__h20__half__signal_flip__notional_cap_1,FXI,momentum_60,trend_100,20,half,signal_flip,notional_cap_1,false,false,false,true,true,false,-0.005697009305072523,-0.010664271502288571,0.02906267509340598,0.024565571224585525,-0.02080281192608649,-0.024753203753086768,0.03577106518282989
FXI__momentum_60__trend_100__h20__half__signal_flip__vol_target_10,FXI,momentum_60,trend_100,20,half,signal_flip,vol_target_10,false,false,false,true,true,false,-0.0008703117845413775,-0.005316624561863851,0.03068201290734531,0.026206430670307528,-0.005821084033646307,-0.009180654807760875,0.0355691894086266
FXI__momentum_60__trend_100__h20__unit__horizon__notional_cap_1,FXI,momentum_60,trend_100,20,unit,horizon,notional_cap_1,false,false,false,true,true,false,-0.07059607527635031,-0.07852103440574619,0.018794524937109543,0.011164995901006454,-0.12443026068743367,-0.13073816880348335,0.06041335453100159
FXI__momentum_60__trend_100__h20__unit__horizon__vol_target_10,FXI,momentum_60,trend_100,20,unit,horizon,vol_target_10,false,false,false,true,true,false,-0.004217137451499618,-0.009066218351374743,0.025428101036554667,0.019683840888913416,-0.021425453098430226,-0.0248119887663597,0.04554758723034614
FXI__momentum_60__trend_100__h20__unit__signal_flip__notional_cap_1,FXI,momentum_60,trend_100,20,unit,signal_flip,notional_cap_1,false,false,false,true,true,false,-0.03583512861101888,-0.04577437607537976,0.04199423296503934,0.03302012591583066,-0.06989911733868645,-0.07778812502824557,0.07154213036565978
FXI__momentum_60__trend_100__h20__unit__signal_flip__vol_target_10,FXI,momentum_60,trend_100,20,unit,signal_flip,vol_target_10,false,false,false,true,true,false,0.0009675539317371834,-0.004418021699137123,0.034096946371336624,0.02788759323634892,-0.004581748865318635,-0.008327726189332627,0.049318566686633494
FXI__momentum_60__trend_100__h5__half__horizon__notional_cap_1,FXI,momentum_60,trend_100,5,half,horizon,notional_cap_1,false,false,false,true,true,false,-0.03954827226259797,-0.05110792196664522,0.020050085897886108,0.008087180189812516,0.013244004403723107,0.00402825034200451,0.09499205087440382
FXI__momentum_60__trend_100__h5__half__horizon__vol_target_10,FXI,momentum_60,trend_100,5,half,horizon,vol_target_10,false,false,false,true,true,false,-0.020344530682634258,-0.03027876565325456,0.021701402815716624,0.01031031441872543,0.015858147837607167,0.00857432223669738,0.09044856030685847
FXI__momentum_60__trend_100__h5__half__signal_flip__notional_cap_1,FXI,momentum_60,trend_100,5,half,signal_flip,notional_cap_1,false,false,false,true,true,false,-0.009786691656553183,-0.021678682006088423,0.02395750546696091,0.01169389010803132,0.014521525297230288,0.005004262371612472,0.09737678855325914
FXI__momentum_60__trend_100__h5__half__signal_flip__vol_target_10,FXI,momentum_60,trend_100,5,half,signal_flip,vol_target_10,false,false,false,true,true,false,-0.004169057555870081,-0.01435015004262869,0.027461776997348433,0.01581382250542554,0.017168298699419,0.009761845513089812,0.09247091947662157
FXI__momentum_60__trend_100__h5__unit__horizon__notional_cap_1,FXI,momentum_60,trend_100,5,unit,horizon,notional_cap_1,false,false,false,true,true,false,-0.10256283739476307,-0.12568752892618384,0.02502716712095656,0.0011135411090119583,0.0008066090298364248,-0.017627154434843986,0.18998410174880764
FXI__momentum_60__trend_100__h5__unit__horizon__vol_target_10,FXI,momentum_60,trend_100,5,unit,horizon,vol_target_10,false,false,false,true,true,false,-0.015077693644695488,-0.026465189260769816,0.023722344592344385,0.009057039761536536,0.017717232459513822,0.009896358893523756,0.11644508310589655
FXI__momentum_60__trend_100__h5__unit__signal_flip__notional_cap_1,FXI,momentum_60,trend_100,5,unit,signal_flip,notional_cap_1,false,false,false,true,true,false,-0.04080178914276926,-0.06458829358726781,0.03311146860870266,0.008595957888405621,0.004658094829620554,-0.014380750195585199,0.19475357710651828
FXI__momentum_60__trend_100__h5__unit__signal_flip__vol_target_10,FXI,momentum_60,trend_100,5,unit,signal_flip,vol_target_10,false,false,false,true,true,false,-0.0011202483414177048,-0.012790940089169447,0.03317081843245892,0.018281052644661323,0.01892550655081378,0.010981925288382714,0.11822548813117437
GDX__mean_reversion_5__always__h20__half__horizon__notional_cap_1,GDX,mean_reversion_5,always,20,half,horizon,notional_cap_1,false,false,false,true,true,false,-0.04057744387439924,-0.04601999279864187,0.016020457055049987,0.010599604493403483,0.016845527565273077,0.01149567168119274,0.04292527821939587
GDX__mean_reversion_5__always__h20__half__horizon__vol_target_10,GDX,mean_reversion_5,always,20,half,horizon,vol_target_10,false,false,false,true,true,false,-0.01433133412466332,-0.018655348427526537,0.008676429901237204,0.004146199042413947,0.0039275485025368605,-0.0004975548415512027,0.035915436698524476
GDX__mean_reversion_5__always__h20__half__signal_flip__notional_cap_1,GDX,mean_reversion_5,always,20,half,signal_flip,notional_cap_1,false,false,false,true,true,false,-0.040840797553826746,-0.054164706860126755,-0.03463604150672058,-0.049201944538020966,0.04972643777401536,0.03731010409413364,0.1156597774244833
GDX__mean_reversion_5__always__h20__half__signal_flip__vol_target_10,GDX,mean_reversion_5,always,20,half,signal_flip,vol_target_10,false,false,false,true,true,false,-0.021840495485228793,-0.030206460258199213,-0.030635263672961544,-0.04052722405917257,0.02224872772574672,0.01422025860596459,0.07850794095710438
GDX__mean_reversion_5__always__h20__unit__horizon__notional_cap_1,GDX,mean_reversion_5,always,20,unit,horizon,notional_cap_1,false,false,false,true,true,false,-0.18098481125918625,-0.19190732483695147,-0.05311279499124641,-0.06397903512654468,-0.07401052248930517,-0.08469293489685065,0.08585055643879173
GDX__mean_reversion_5__always__h20__unit__horizon__vol_target_10,GDX,mean_reversion_5,always,20,unit,horizon,vol_target_10,false,false,false,true,true,false,-0.01451878768099099,-0.018874338346395618,0.002646688366230507,-0.002429009211833668,0.0038798408142321304,-0.0005613301079646672,0.04023971367251003
GDX__mean_reversion_5__always__h20__unit__signal_flip__notional_cap_1,GDX,mean_reversion_5,always,20,unit,signal_flip,notional_cap_1,false,false,false,true,true,false,-0.14453561935437997,-0.17121271353322237,-0.11539682421448151,-0.14451417242871323,0.03143732820257991,0.006611421146010182,0.2313195548489666
GDX__mean_reversion_5__always__h20__unit__signal_flip__vol_target_10,GDX,mean_reversion_5,always,20,unit,signal_flip,vol_target_10,false,false,false,true,true,false,-0.022090695610328705,-0.030488060812256027,-0.03535583981550988,-0.0459518418985799,0.022373613317050414,0.014337524911822368,0.08404971758981959
GDX__mean_reversion_5__always__h5__half__horizon__notional_cap_1,GDX,mean_reversion_5,always,5,half,horizon,notional_cap_1,false,false,false,true,true,false,-0.02758208997442246,-0.042859770732407015,-0.0570414407267891,-0.07221786626249187,0.05111450228323476,0.03664497727815512,0.12042925278219396
GDX__mean_reversion_5__always__h5__half__horizon__vol_target_10,GDX,mean_reversion_5,always,5,half,horizon,vol_target_10,false,false,false,true,true,false,-0.017159523201530046,-0.026844755907072672,-0.03096238227044429,-0.041532583940546555,0.012940747582170538,0.0033458370514785115,0.0838435128937181
GDX__mean_reversion_5__always__h5__half__signal_flip__notional_cap_1,GDX,mean_reversion_5,always,5,half,signal_flip,notional_cap_1,false,false,false,true,true,false,-0.058220632128499726,-0.07656815523441785,-0.04142569271543802,-0.06019259041312371,0.06161550204609578,0.04488564156079876,0.14904610492845788
GDX__mean_reversion_5__always__h5__half__signal_flip__vol_target_10,GDX,mean_reversion_5,always,5,half,signal_flip,vol_target_10,false,false,false,true,true,false,-0.03075652004804435,-0.04197763307196675,-0.03210858664774568,-0.044790594283296695,0.03135845439529548,0.020669358414529822,0.10063963614546793
GDX__mean_reversion_5__always__h5__unit__horizon__notional_cap_1,GDX,mean_reversion_5,always,5,unit,horizon,notional_cap_1,false,false,false,true,true,false,-0.1268356949970275,-0.1574060206779723,-0.17537596958442164,-0.2057335000261199,0.02097015857650064,-0.007961995497871965,0.24085850556438793
GDX__mean_reversion_5__always__h5__unit__horizon__vol_target_10,GDX,mean_reversion_5,always,5,unit,horizon,vol_target_10,false,false,false,true,true,false,-0.017254546312723468,-0.026961853708951523,-0.035543768350114524,-0.046827110577758006,0.012643808204176292,0.0030327598100855866,0.0894487917626083
GDX__mean_reversion_5__always__h5__unit__signal_flip__notional_cap_1,GDX,mean_reversion_5,always,5,unit,signal_flip,notional_cap_1,false,false,false,true,true,false,-0.17249231394446243,-0.2092506182886647,-0.1268432891447407,-0.16435126149351204,0.05917472678533722,0.02570838500313169,0.29809220985691576
GDX__mean_reversion_5__always__h5__unit__signal_flip__vol_target_10,GDX,mean_reversion_5,always,5,unit,signal_flip,vol_target_10,false,false,false,true,true,false,-0.030837969127969288,-0.04209195177235164,-0.03677933828212175,-0.050344813636610114,0.03148335460905493,0.02078663426040609,0.10759477035828005
GDX__mean_reversion_5__trend_100__h20__half__horizon__notional_cap_1,GDX,mean_reversion_5,trend_100,20,half,horizon,notional_cap_1,false,false,false,true,true,false,-0.013404570518371505,-0.01636833228166988,-0.025336146158753358,-0.028244608776703962,-0.0022278331379921995,-0.005221730890537232,0.023052464228934817
GDX__mean_reversion_5__trend_100__h20__half__horizon__vol_target_10,GDX,mean_reversion_5,trend_100,20,half,horizon,vol_target_10,true,false,false,true,true,false,-0.003616681147425316,-0.006000898681555552,-0.015294153336358814,-0.017641887384578576,-0.00933832830268388,-0.011812463859620514,0.018611455648172105
GDX__mean_reversion_5__trend_100__h20__half__signal_flip__notional_cap_1,GDX,mean_reversion_5,trend_100,20,half,signal_flip,notional_cap_1,false,false,false,true,true,false,-0.00132130687051598,-0.008582433293960738,-0.020708063082603596,-0.027418711761512053,0.0246920871649274,0.017993311028340918,0.05325914149443561
GDX__mean_reversion_5__trend_100__h20__half__signal_flip__vol_target_10,GDX,mean_reversion_5,trend_100,20,half,signal_flip,vol_target_10,true,false,false,true,true,false,0.0004495122810005501,-0.004229595435478539,-0.020143024299885265,-0.024390636491648097,-0.001523898124313838,-0.005763692011543525,0.03370673962550361
GDX__mean_reversion_5__trend_100__h20__unit__horizon__notional_cap_1,GDX,mean_reversion_5,trend_100,20,unit,horizon,notional_cap_1,false,false,false,true,true,false,-0.08109829796752577,-0.087028841709461,-0.09551773566840009,-0.10134236515451092,-0.04926598755991799,-0.055232039619382695,0.046104928457869634
GDX__mean_reversion_5__trend_100__h20__unit__horizon__vol_target_10,GDX,mean_reversion_5,trend_100,20,unit,horizon,vol_target_10,false,false,false,true,true,false,-0.003919097442033544,-0.006330636143878286,-0.01794861766214335,-0.020590010067962284,-0.00922243141839337,-0.011702245493799918,0.020917490913691557
GDX__mean_reversion_5__trend_100__h20__unit__signal_flip__notional_cap_1,GDX,mean_reversion_5,trend_100,20,unit,signal_flip,notional_cap_1,false,false,false,true,true,false,-0.03361002748206418,-0.048135327877829946,-0.06223495821276742,-0.07565624927180345,0.025273089518215323,0.011899288628467189,0.10651828298887123
GDX__mean_reversion_5__trend_100__h20__unit__signal_flip__vol_target_10,GDX,mean_reversion_5,trend_100,20,unit,signal_flip,vol_target_10,true,true,false,true,true,false,0.0005432395897305509,-0.004148861410031703,-0.022960221494771654,-0.0273829641548321,-0.001523898124313838,-0.005763692011543525,0.03507319069885954
GDX__mean_reversion_5__trend_100__h5__half__horizon__notional_cap_1,GDX,mean_reversion_5,trend_100,5,half,horizon,notional_cap_1,false,false,false,true,true,false,-0.01430561049470031,-0.02152244403415564,-0.033358727249472274,-0.03966725923275633,0.018250304372762986,0.011660560385538513,0.050079491255961846
GDX__mean_reversion_5__trend_100__h5__half__horizon__vol_target_10,GDX,mean_reversion_5,trend_100,5,half,horizon,vol_target_10,false,false,false,true,true,false,-0.003880621773236382,-0.008513869900685067,-0.02555664243696382,-0.029716435185088912,-0.0008010784539818194,-0.005098824807128707,0.03300852605815171
GDX__mean_reversion_5__trend_100__h5__half__signal_flip__notional_cap_1,GDX,mean_reversion_5,trend_100,5,half,signal_flip,notional_cap_1,false,false,false,true,true,false,-0.01758936752793962,-0.026433539327843536,-0.035108375725486606,-0.04271855558644141,0.014738546061218749,0.006739464256330874,0.06041335453100159
GDX__mean_reversion_5__trend_100__h5__half__signal_flip__vol_target_10,GDX,mean_reversion_5,trend_100,5,half,signal_flip,vol_target_10,false,false,false,true,true,false,-0.004887935895095399,-0.010363942239753537,-0.026894881897104515,-0.03162165657733185,-0.006473669918897159,-0.011497933846616699,0.03751530566640122
GDX__mean_reversion_5__trend_100__h5__unit__horizon__notional_cap_1,GDX,mean_reversion_5,trend_100,5,unit,horizon,notional_cap_1,false,false,false,true,true,false,-0.059831726747013286,-0.0742632993154306,-0.09145607592952652,-0.10407017206616037,0.010436708747014009,-0.00270128151030994,0.10015898251192369
GDX__mean_reversion_5__trend_100__h5__unit__horizon__vol_target_10,GDX,mean_reversion_5,trend_100,5,unit,horizon,vol_target_10,false,false,false,true,true,false,-0.0038020996595253846,-0.008449446554860967,-0.027859676103107682,-0.03219143760811906,-0.0008010784539818194,-0.005098824807128707,0.034349094073508675
GDX__mean_reversion_5__trend_100__h5__unit__signal_flip__notional_cap_1,GDX,mean_reversion_5,trend_100,5,unit,signal_flip,notional_cap_1,false,false,false,true,true,false,-0.05868987011175855,-0.07637649108620864,-0.08810043453946625,-0.10331698864147304,0.008654343227387097,-0.007316546790256596,0.12082670906200318
GDX__mean_reversion_5__trend_100__h5__unit__signal_flip__vol_target_10,GDX,mean_reversion_5,trend_100,5,unit,signal_flip,vol_target_10,false,false,false,true,true,false,-0.004794216637226952,-0.010283241605909788,-0.02876209859302479,-0.03362116013645969,-0.006473669918897159,-0.011497933846616699,0.0385431980224604
GDX__momentum_20__always__h20__half__horizon__notional_cap_1,GDX,momentum_20,always,20,half,horizon,notional_cap_1,false,false,false,true,true,false,-0.07291865355276708,-0.07730318398666369,0.046867790590988063,0.04221246477986706,-0.046057698128227964,-0.05044796089809794,0.03696343402225755
GDX__momentum_20__always__h20__half__horizon__vol_target_10,GDX,momentum_20,always,20,half,horizon,vol_target_10,false,false,false,true,true,false,-0.031991600662931066,-0.035503962092441756,0.031990426514831534,0.028097204009127318,-0.029486793162133138,-0.033101626029776635,0.03090801548496295
GDX__momentum_20__always__h20__half__signal_flip__notional_cap_1,GDX,momentum_20,always,20,half,signal_flip,notional_cap_1,false,false,false,true,true,false,-0.10111914390245905,-0.10885019168115115,0.019099098503548573,0.010851004467164693,-0.031361789134114554,-0.038513288826954845,0.06558028616852146
GDX__momentum_20__always__h20__half__signal_flip__vol_target_10,GDX,momentum_20,always,20,half,signal_flip,vol_target_10,false,false,false,true,true,false,-0.04039361976635618,-0.045612813828033526,0.017639195787175294,0.011620623220594475,-0.03303457751088249,-0.038123206637558485,0.04781373160801759
GDX__momentum_20__always__h20__unit__horizon__notional_cap_1,GDX,momentum_20,always,20,unit,horizon,notional_cap_1,false,false,false,true,true,false,-0.22512608705875048,-0.2339026193903634,0.020543998611964986,0.011237480741089878,-0.17597969553357964,-0.18472675615201029,0.0739268680445151
GDX__momentum_20__always__h20__unit__horizon__vol_target_10,GDX,momentum_20,always,20,unit,horizon,vol_target_10,false,false,false,true,true,false,-0.03190328502531154,-0.035431783739561684,0.02912369376871212,0.024831069362503573,-0.029675755879352297,-0.033304756093301136,0.034063474985640364
GDX__momentum_20__always__h20__unit__signal_flip__notional_cap_1,GDX,momentum_20,always,20,unit,signal_flip,notional_cap_1,false,false,false,true,true,false,-0.25108367494758477,-0.2665707799696379,-0.01753951059629863,-0.034005654627366724,-0.11013264779242006,-0.1244159120645761,0.13116057233704292
GDX__momentum_20__always__h20__unit__signal_flip__vol_target_10,GDX,momentum_20,always,20,unit,signal_flip,vol_target_10,false,false,false,true,true,false,-0.040409348343003026,-0.04563678159269459,0.014434463802029236,0.00804726702882602,-0.03318735791990004,-0.03828739490654203,0.05071970796128304
GDX__momentum_20__always__h5__half__horizon__notional_cap_1,GDX,momentum_20,always,5,half,horizon,notional_cap_1,false,false,false,true,true,false,-0.043399880689500424,-0.05602841087217125,0.020591156176921952,0.0073701390092523016,-0.07526439161276863,-0.08826720409790435,0.10492845786963434
GDX__momentum_20__always__h5__half__horizon__vol_target_10,GDX,momentum_20,always,5,half,horizon,vol_target_10,false,false,false,true,true,false,-0.015371226908956065,-0.023508006606505823,0.010938321931494206,0.0018572345216091996,-0.052933014991132246,-0.06164403476530492,0.07214196826394556
GDX__momentum_20__always__h5__half__signal_flip__notional_cap_1,GDX,momentum_20,always,5,half,signal_flip,notional_cap_1,false,false,false,true,true,false,-0.09782591150162973,-0.11172363598345601,0.028510307433454528,0.013853374316278904,-0.04584976592607912,-0.05972625395758159,0.11645468998410174
GDX__momentum_20__always__h5__half__signal_flip__vol_target_10,GDX,momentum_20,always,5,half,signal_flip,vol_target_10,false,false,false,true,true,false,-0.04068073486814303,-0.04942356195468572,0.019108022897264036,0.009192707448941857,-0.03900997894673381,-0.048151179398836015,0.07874996996714591
GDX__momentum_20__always__h5__unit__horizon__notional_cap_1,GDX,momentum_20,always,5,unit,horizon,notional_cap_1,false,false,false,true,true,false,-0.14104179030767078,-0.16627246732974477,-0.012851512017272554,-0.03929360930480329,-0.20611266025075645,-0.23208257473819915,0.20985691573926868
GDX__momentum_20__always__h5__unit__horizon__vol_target_10,GDX,momentum_20,always,5,unit,horizon,vol_target_10,false,false,false,true,true,false,-0.015184514691172947,-0.02333277113374014,0.007408924440454458,-0.0020626587227923626,-0.05308576282701189,-0.06180816870427751,0.07521916693462175
GDX__momentum_20__always__h5__unit__signal_flip__notional_cap_1,GDX,momentum_20,always,5,unit,signal_flip,notional_cap_1,false,false,false,true,true,false,-0.24159678772837329,-0.269400930688791,0.0074438275080628835,-0.02183732308464595,-0.13508637689986497,-0.16284829087007197,0.2329093799682035
GDX__momentum_20__always__h5__unit__signal_flip__vol_target_10,GDX,momentum_20,always,5,unit,signal_flip,vol_target_10,false,false,false,true,true,false,-0.040596218819918775,-0.04934471371698143,0.015959118450523592,0.00565979001829903,-0.03916274776086428,-0.048315335191407606,0.081775837916915
GDX__momentum_20__trend_100__h20__half__horizon__notional_cap_1,GDX,momentum_20,trend_100,20,half,horizon,notional_cap_1,false,false,false,true,true,false,-0.0604911542912043,-0.063867645941361,0.0036920601496437874,-5.413480450074809e-5,-0.012741649993246527,-0.016349325797024538,0.029809220985691574
GDX__momentum_20__trend_100__h20__half__horizon__vol_target_10,GDX,momentum_20,trend_100,20,half,horizon,vol_target_10,false,false,false,true,true,false,-0.023875985125111257,-0.02662629894639614,-0.0025586587884882635,-0.005624106950115586,-0.017480566546330956,-0.020405488560438095,0.024358422423759435
GDX__momentum_20__trend_100__h20__half__signal_flip__notional_cap_1,GDX,momentum_20,trend_100,20,half,signal_flip,notional_cap_1,false,false,false,true,true,false,-0.09530556480508076,-0.10070002206776227,0.012715271014291839,0.007153830764888493,-0.018047686130814995,-0.02320784133235476,0.04411764705882353
GDX__momentum_20__trend_100__h20__half__signal_flip__vol_target_10,GDX,momentum_20,trend_100,20,half,signal_flip,vol_target_10,false,false,false,true,true,false,-0.042372204509103104,-0.04614625132682181,0.005092676660532396,0.0010275974186015543,-0.015866469545644833,-0.019550688273915262,0.032259405777308535
GDX__momentum_20__trend_100__h20__unit__horizon__notional_cap_1,GDX,momentum_20,trend_100,20,unit,horizon,notional_cap_1,false,false,false,true,true,false,-0.17775451650256568,-0.18450154270584151,-0.050959088495224625,-0.05843194462340849,-0.10466944258029917,-0.1118886990545527,0.05961844197138315
GDX__momentum_20__trend_100__h20__unit__horizon__vol_target_10,GDX,momentum_20,trend_100,20,unit,horizon,vol_target_10,false,false,false,true,true,false,-0.023787663791621602,-0.026554113941582087,-0.004306219218856383,-0.007686136396496653,-0.017678410628326632,-0.020610651200800335,0.026836488039465402
GDX__momentum_20__trend_100__h20__unit__signal_flip__notional_cap_1,GDX,momentum_20,trend_100,20,unit,signal_flip,notional_cap_1,false,false,false,true,true,false,-0.22873171882297222,-0.23954530946310226,-0.01610521165030475,-0.02723332558909459,-0.07575920875219455,-0.08608345435962547,0.08823529411764706
GDX__momentum_20__trend_100__h20__unit__signal_flip__vol_target_10,GDX,momentum_20,trend_100,20,unit,signal_flip,vol_target_10,false,false,false,true,true,false,-0.04238879553408663,-0.04617127659809254,0.002654293321804957,-0.0016862048798976029,-0.016064310156852044,-0.019755845527905838,0.034421518244309286
GDX__momentum_20__trend_100__h5__half__horizon__notional_cap_1,GDX,momentum_20,trend_100,5,half,horizon,notional_cap_1,false,false,false,true,true,false,-0.049506844079671014,-0.059069463736337674,0.009179517869516943,-0.0006064337603080491,-0.04987537184001693,-0.06012442880433316,0.07750397456279809
GDX__momentum_20__trend_100__h5__half__horizon__vol_target_10,GDX,momentum_20,trend_100,5,half,horizon,vol_target_10,false,false,false,true,true,false,-0.02498715478942658,-0.03118094960648724,0.0022659832870649977,-0.004349977629177822,-0.028956148678486233,-0.03568823423823978,0.052465205489357694
GDX__momentum_20__trend_100__h5__half__signal_flip__notional_cap_1,GDX,momentum_20,trend_100,5,half,signal_flip,notional_cap_1,false,false,false,true,true,false,-0.09421336521627133,-0.10470173627403011,0.013892061845842331,0.003414733905653316,-0.01570924546052089,-0.026373310073042736,0.08306836248012718
GDX__momentum_20__trend_100__h5__half__signal_flip__vol_target_10,GDX,momentum_20,trend_100,5,half,signal_flip,vol_target_10,false,false,false,true,true,false,-0.045045738215051784,-0.05174542915421103,0.009820645304830736,0.0027709986488457404,-0.015454623424693852,-0.022378206443831754,0.05590806335844767
GDX__momentum_20__trend_100__h5__unit__horizon__notional_cap_1,GDX,momentum_20,trend_100,5,unit,horizon,notional_cap_1,false,false,false,true,true,false,-0.14127196969616754,-0.16041383905131099,-0.020070068426542728,-0.039682873356017556,-0.14685672424401025,-0.1673203606863308,0.15500794912559618
GDX__momentum_20__trend_100__h5__unit__horizon__vol_target_10,GDX,momentum_20,trend_100,5,unit,horizon,vol_target_10,false,false,false,true,true,false,-0.024970685328497617,-0.03117907977182352,-0.0014489745047673369,-0.008422060659825379,-0.029153961147567097,-0.03589335512501565,0.055267811862911395
GDX__momentum_20__trend_100__h5__unit__signal_flip__notional_cap_1,GDX,momentum_20,trend_100,5,unit,signal_flip,notional_cap_1,false,false,false,true,true,false,-0.22338429265316478,-0.24439340602327275,-0.00834740603475459,-0.02932349045051859,-0.06749497548278276,-0.0888173706578304,0.16613672496025436
GDX__momentum_20__trend_100__h5__unit__signal_flip__vol_target_10,GDX,momentum_20,trend_100,5,unit,signal_flip,vol_target_10,false,false,false,true,true,false,-0.04513140138443014,-0.051839884681694065,0.007846582881578707,0.00048300730616143185,-0.01565246356711482,-0.02258335561576256,0.05836938536752073
GDX__momentum_60__always__h20__half__horizon__notional_cap_1,GDX,momentum_60,always,20,half,horizon,notional_cap_1,false,false,false,true,true,false,-0.06164505086140502,-0.06543913981290067,0.002150162415649047,-0.002099734317515506,0.03852724960973628,0.03416397570779985,0.033783783783783786
GDX__momentum_60__always__h20__half__horizon__vol_target_10,GDX,momentum_60,always,20,half,horizon,vol_target_10,false,false,false,true,true,false,-0.030467919709703625,-0.033550760906862674,0.0001864007222811808,-0.0033976599812307728,0.014462712586305326,0.010983313075580994,0.02845717591605227
GDX__momentum_60__always__h20__half__signal_flip__notional_cap_1,GDX,momentum_60,always,20,half,signal_flip,notional_cap_1,false,false,false,true,true,false,-0.05334856621964464,-0.05864043889864613,-0.02449324087393386,-0.03125394240276513,-0.022625548221784274,-0.028699001476341246,0.053656597774244835
GDX__momentum_60__always__h20__half__signal_flip__vol_target_10,GDX,momentum_60,always,20,half,signal_flip,vol_target_10,false,false,false,true,true,false,-0.027057068251769484,-0.03079342197342145,-0.018331642081994684,-0.023651396822456015,-0.02301475738251419,-0.027411172301672865,0.04219886608536166
GDX__momentum_60__always__h20__unit__horizon__notional_cap_1,GDX,momentum_60,always,20,unit,horizon,notional_cap_1,false,false,false,true,true,false,-0.1861858166906532,-0.19376879501319216,-0.05711385908144179,-0.06559993250058646,-0.009044575487923062,-0.017783839617131425,0.06756756756756757
GDX__momentum_60__always__h20__unit__horizon__vol_target_10,GDX,momentum_60,always,20,unit,horizon,vol_target_10,false,false,false,true,true,false,-0.030374823733681854,-0.0334724168809344,-0.0028777813762774383,-0.006902956937376665,0.014462712586305326,0.010983313075580994,0.03194744921024339
GDX__momentum_60__always__h20__unit__signal_flip__notional_cap_1,GDX,momentum_60,always,20,unit,signal_flip,notional_cap_1,false,false,false,true,true,false,-0.15894290593818117,-0.1695130456608096,-0.09997133551481324,-0.1134926789910286,-0.08941827237839323,-0.10159284851267834,0.10731319554848967
GDX__momentum_60__always__h20__unit__signal_flip__vol_target_10,GDX,momentum_60,always,20,unit,signal_flip,vol_target_10,false,false,false,true,true,false,-0.026963970642114504,-0.030715077247139944,-0.023171300466481217,-0.02902220038754877,-0.02301475738251419,-0.027411172301672865,0.04636908736743373
GDX__momentum_60__always__h5__half__horizon__notional_cap_1,GDX,momentum_60,always,5,half,horizon,notional_cap_1,false,false,false,true,true,false,-0.060978964220577164,-0.07211932063359905,0.010773201263560354,-0.0021446288856014975,-0.03450393135980978,-0.04695413074621316,0.10214626391096979
GDX__momentum_60__always__h5__half__horizon__vol_target_10,GDX,momentum_60,always,5,half,horizon,vol_target_10,false,false,false,true,true,false,-0.03254361895049912,-0.039658755321492975,-0.00023017481909258421,-0.009178459886026918,-0.02892266104858978,-0.03716777176925954,0.07088392938815427
GDX__momentum_60__always__h5__half__signal_flip__notional_cap_1,GDX,momentum_60,always,5,half,signal_flip,notional_cap_1,false,false,false,true,true,false,-0.0383576836013324,-0.0504091211768284,-0.010417054990655386,-0.024112482584422824,-0.03997087182317177,-0.05342828192111583,0.10850556438791734
GDX__momentum_60__always__h5__half__signal_flip__vol_target_10,GDX,momentum_60,always,5,half,signal_flip,vol_target_10,false,false,false,true,true,false,-0.02123560640155392,-0.02877346947762175,-0.005840354400754817,-0.015317485443051539,-0.03418582545760199,-0.04298789596000571,0.07518703723415893
GDX__momentum_60__always__h5__unit__horizon__notional_cap_1,GDX,momentum_60,always,5,unit,horizon,notional_cap_1,false,false,false,true,true,false,-0.17197987012734178,-0.19426182558075378,-0.026475821336855415,-0.052406283427938405,-0.11499758871427898,-0.1398587996144235,0.20429252782193957
GDX__momentum_60__always__h5__unit__horizon__vol_target_10,GDX,momentum_60,always,5,unit,horizon,vol_target_10,false,false,false,true,true,false,-0.03246591215304485,-0.03959591869172834,-0.002619384326155944,-0.012158145369498177,-0.02892266104858978,-0.03716777176925954,0.07556010736920979
GDX__momentum_60__always__h5__unit__signal_flip__notional_cap_1,GDX,momentum_60,always,5,unit,signal_flip,notional_cap_1,false,false,false,true,true,false,-0.12376799798148849,-0.14785851649539303,-0.06673240438233527,-0.09417071253164984,-0.11997514071081145,-0.1468620148068802,0.21701112877583467
GDX__momentum_60__always__h5__unit__signal_flip__vol_target_10,GDX,momentum_60,always,5,unit,signal_flip,vol_target_10,false,false,false,true,true,false,-0.021157888163846346,-0.028710549020165923,-0.010190704750902165,-0.020259738611427297,-0.03418582545760199,-0.04298789596000571,0.0798445237305003
GDX__momentum_60__trend_100__h20__half__horizon__notional_cap_1,GDX,momentum_60,trend_100,20,half,horizon,notional_cap_1,false,false,false,true,true,false,-0.09002443819258288,-0.09358864934432803,-0.03463316835352951,-0.038289134548877876,0.010976167676773008,0.007110593645096065,0.02901430842607313
GDX__momentum_60__trend_100__h20__half__horizon__vol_target_10,GDX,momentum_60,trend_100,20,half,horizon,vol_target_10,false,false,false,true,true,false,-0.04636920673095889,-0.04924081441406238,-0.023261976047830868,-0.02623922777573416,-0.0026180581529706773,-0.005762096964529608,0.023628400136300354
GDX__momentum_60__trend_100__h20__half__signal_flip__notional_cap_1,GDX,momentum_60,trend_100,20,half,signal_flip,notional_cap_1,false,false,false,true,true,false,-0.07046373508086795,-0.07494230300055449,-0.03766911316830227,-0.04253165282005468,-0.017078671710999326,-0.022153806819198495,0.038553259141494434
GDX__momentum_60__trend_100__h20__half__signal_flip__vol_target_10,GDX,momentum_60,trend_100,20,half,signal_flip,vol_target_10,false,false,false,true,true,false,-0.03377670286482668,-0.03697829863913098,-0.023910534121422546,-0.027659286609473095,-0.02039655570469929,-0.024078454173307895,0.029742685979860708
GDX__momentum_60__trend_100__h20__unit__horizon__notional_cap_1,GDX,momentum_60,trend_100,20,unit,horizon,notional_cap_1,false,false,false,true,true,false,-0.23822754879682156,-0.24539167817201413,-0.12445733160171747,-0.13176959065974048,-0.05799787937239932,-0.06574793384568896,0.05802861685214626
GDX__momentum_60__trend_100__h20__unit__horizon__vol_target_10,GDX,momentum_60,trend_100,20,unit,horizon,vol_target_10,false,false,false,true,true,false,-0.04628761861344825,-0.04917414591299545,-0.025935930504651025,-0.02925462923938947,-0.0026180581529706773,-0.005762096964529608,0.026322271965077037
GDX__momentum_60__trend_100__h20__unit__signal_flip__notional_cap_1,GDX,momentum_60,trend_100,20,unit,signal_flip,notional_cap_1,false,false,false,true,true,false,-0.19017350191287574,-0.19915929677042982,-0.12249972771295484,-0.13223446501630787,-0.07643036887897363,-0.08661485207806599,0.07710651828298887
GDX__momentum_60__trend_100__h20__unit__signal_flip__vol_target_10,GDX,momentum_60,trend_100,20,unit,signal_flip,vol_target_10,false,false,false,true,true,false,-0.033683614209855404,-0.03689996101538889,-0.026584162944915907,-0.030663944809776487,-0.02039655570469929,-0.024078454173307895,0.0323594277460057
GDX__momentum_60__trend_100__h5__half__horizon__notional_cap_1,GDX,momentum_60,trend_100,5,half,horizon,notional_cap_1,false,false,false,true,true,false,-0.07221675865456903,-0.08253895893360873,-0.022600434621660826,-0.03330302397591484,-0.01458465553179564,-0.025950732770120458,0.08465818759936407
GDX__momentum_60__trend_100__h5__half__horizon__vol_target_10,GDX,momentum_60,trend_100,5,half,horizon,vol_target_10,false,false,false,true,true,false,-0.03512646012936607,-0.04167081371388984,-0.011922136469203232,-0.019145905155805495,-0.013669701126028699,-0.02110635424756691,0.057264239280906945
GDX__momentum_60__trend_100__h5__half__signal_flip__notional_cap_1,GDX,momentum_60,trend_100,5,half,signal_flip,notional_cap_1,false,false,false,true,true,false,-0.06470691980332716,-0.07544032561159347,-0.041330756492492786,-0.052523970158933064,-0.033720387425806526,-0.04577962124572853,0.08863275039745629
GDX__momentum_60__trend_100__h5__half__signal_flip__vol_target_10,GDX,momentum_60,trend_100,5,half,signal_flip,vol_target_10,false,false,false,true,true,false,-0.028354945138466196,-0.03508230725536339,-0.023052668947787232,-0.030657907336076047,-0.030480318946264212,-0.038274931788507466,0.06034026250425455
GDX__momentum_60__trend_100__h5__unit__horizon__notional_cap_1,GDX,momentum_60,trend_100,5,unit,horizon,notional_cap_1,false,false,false,true,true,false,-0.1900559988566869,-0.21073420394635556,-0.0866718179778993,-0.1081483121198756,-0.07328694963115734,-0.09601516955424992,0.16931637519872814
GDX__momentum_60__trend_100__h5__unit__horizon__vol_target_10,GDX,momentum_60,trend_100,5,unit,horizon,vol_target_10,false,false,false,true,true,false,-0.03504875687288893,-0.041607979523294716,-0.010589903492497891,-0.018204118402799115,-0.013669701126028699,-0.02110635424756691,0.06036308862596243
GDX__momentum_60__trend_100__h5__unit__signal_flip__notional_cap_1,GDX,momentum_60,trend_100,5,unit,signal_flip,notional_cap_1,false,false,false,true,true,false,-0.17277468583582514,-0.1942632759563076,-0.12322620562020963,-0.14566360718581173,-0.10553877386856823,-0.1296373943628826,0.17726550079491257
GDX__momentum_60__trend_100__h5__unit__signal_flip__vol_target_10,GDX,momentum_60,trend_100,5,unit,signal_flip,vol_target_10,false,false,false,true,true,false,-0.028277235080631978,-0.03501939288537948,-0.02437081378147575,-0.032380323425157696,-0.030480318946264212,-0.038274931788507466,0.06354339916623855
GLD__mean_reversion_5__always__h20__half__horizon__notional_cap_1,GLD,mean_reversion_5,always,20,half,horizon,notional_cap_1,false,false,false,true,true,false,0.001537814071740421,-0.0035899422475267635,0.008741768771352387,0.003575510810219622,0.06964917654772378,0.0643365490150356,0.040937996820349765
GLD__mean_reversion_5__always__h20__half__horizon__vol_target_10,GLD,mean_reversion_5,always,20,half,horizon,vol_target_10,false,false,false,true,true,false,0.0026322824473529495,-0.0026146813339946347,0.008420520221689782,0.003218585333822333,0.06504562127987402,0.0596808984412476,0.04121917384695471
GLD__mean_reversion_5__always__h20__half__signal_flip__notional_cap_1,GLD,mean_reversion_5,always,20,half,signal_flip,notional_cap_1,false,false,false,true,true,false,-0.0007088167899403537,-0.012596648363722842,-0.008510642594362083,-0.02207886218139838,0.03223250939253124,0.01980463939100401,0.10771065182829889
GLD__mean_reversion_5__always__h20__half__signal_flip__vol_target_10,GLD,mean_reversion_5,always,20,half,signal_flip,vol_target_10,false,false,false,true,true,false,0.002181565723346349,-0.009134474580085445,-0.008445078945915195,-0.02197255525016141,0.026405651184507654,0.014164512017684608,0.10738662686393963
GLD__mean_reversion_5__always__h20__unit__horizon__notional_cap_1,GLD,mean_reversion_5,always,20,unit,horizon,notional_cap_1,false,false,false,true,true,false,-0.0184886695408527,-0.02873611865898103,0.008061968567126428,-0.002286688078676484,0.12390676660424917,0.11327310861976038,0.08187599364069953
GLD__mean_reversion_5__always__h20__unit__horizon__vol_target_10,GLD,mean_reversion_5,always,20,unit,horizon,vol_target_10,false,false,false,true,true,false,-0.005057620579889477,-0.013605321010433206,0.0032852406061915623,-0.007165780718020792,0.09539998042114255,0.08542786628066332,0.08266807987445435
GLD__mean_reversion_5__always__h20__unit__signal_flip__notional_cap_1,GLD,mean_reversion_5,always,20,unit,signal_flip,notional_cap_1,false,false,false,true,true,false,-0.013535420802145643,-0.03730529014363319,-0.022623244463298713,-0.04975303855071255,0.05663288017743773,0.0317608278342859,0.21542130365659778
GLD__mean_reversion_5__always__h20__unit__signal_flip__vol_target_10,GLD,mean_reversion_5,always,20,unit,signal_flip,vol_target_10,false,false,false,true,true,false,-0.007074883483909506,-0.02267403273613612,-0.026226225426678733,-0.04941453598790673,0.024210308599083356,0.0057509778477771905,0.18401004018334216
GLD__mean_reversion_5__always__h5__half__horizon__notional_cap_1,GLD,mean_reversion_5,always,5,half,horizon,notional_cap_1,false,false,false,true,true,false,-0.009400587608305287,-0.022664282827143268,0.008543571927234301,-0.005830636517995479,0.018739033839356222,0.005363832082513133,0.11406995230524643
GLD__mean_reversion_5__always__h5__half__horizon__vol_target_10,GLD,mean_reversion_5,always,5,half,horizon,vol_target_10,false,false,false,true,true,false,-0.005787894716891643,-0.018422202670386658,0.008665410680897163,-0.0056949003199166905,0.014053818331286683,0.0008496689385826929,0.11396086266189416
GLD__mean_reversion_5__always__h5__half__signal_flip__notional_cap_1,GLD,mean_reversion_5,always,5,half,signal_flip,notional_cap_1,false,false,false,true,true,false,-0.0010787827810465125,-0.016474928098604756,-0.0021124834196002327,-0.019585610330165,0.019435144894857703,0.003502507654978119,0.1387122416534181
GLD__mean_reversion_5__always__h5__half__signal_flip__vol_target_10,GLD,mean_reversion_5,always,5,half,signal_flip,vol_target_10,false,false,false,true,true,false,-0.0007112552713341982,-0.015289617971852703,-0.002046916920327587,-0.019472670026086776,0.014372258419976046,-0.0013341793779633676,0.13833548448301777
GLD__mean_reversion_5__always__h5__unit__horizon__notional_cap_1,GLD,mean_reversion_5,always,5,unit,horizon,notional_cap_1,false,false,false,true,true,false,-0.03261191599613494,-0.05913159753373849,0.010612287708937575,-0.01813891809105942,0.02825741039717004,0.001499051700481327,0.22813990461049286
GLD__mean_reversion_5__always__h5__unit__horizon__vol_target_10,GLD,mean_reversion_5,always,5,unit,horizon,vol_target_10,false,false,false,true,true,false,-0.020136514823441545,-0.03788040434311119,0.0015344247171381262,-0.02374284063503209,0.009349877129619748,-0.010631100757544155,0.20053168356531578
GLD__mean_reversion_5__always__h5__unit__signal_flip__notional_cap_1,GLD,mean_reversion_5,always,5,unit,signal_flip,notional_cap_1,false,false,false,true,true,false,-0.01310008476657029,-0.04389393755998204,-0.009378006810356304,-0.04431502955595396,0.03167225525510611,-0.00020773726562045743,0.2774244833068362
GLD__mean_reversion_5__always__h5__unit__signal_flip__vol_target_10,GLD,mean_reversion_5,always,5,unit,signal_flip,vol_target_10,false,false,false,true,true,false,-0.011664598373071692,-0.03175943396837459,-0.01410687123733792,-0.043999187202667725,0.007555481998391551,-0.015838474966950036,0.2372617014694507
GLD__mean_reversion_5__trend_100__h20__half__horizon__notional_cap_1,GLD,mean_reversion_5,trend_100,20,half,horizon,notional_cap_1,false,false,false,true,true,false,0.009883805680748797,0.006501722586871657,0.012610479106197291,0.009410596864073374,0.06269655942233324,0.05903861123066065,0.025437201907790145
GLD__mean_reversion_5__trend_100__h20__half__horizon__vol_target_10,GLD,mean_reversion_5,trend_100,20,half,horizon,vol_target_10,false,false,false,true,true,false,0.014359006408890698,0.01090764287952143,0.012289220627776999,0.009053650520777171,0.05824699484787455,0.054558728241211475,0.0257183789343951
GLD__mean_reversion_5__trend_100__h20__half__signal_flip__notional_cap_1,GLD,mean_reversion_5,trend_100,20,half,signal_flip,notional_cap_1,false,false,false,true,true,false,-0.004226406950360281,-0.011574045240393595,0.0019302145938241695,-0.0055779703365251825,0.030490142988000596,0.021972487648130888,0.05961844197138315
GLD__mean_reversion_5__trend_100__h20__half__signal_flip__vol_target_10,GLD,mean_reversion_5,trend_100,20,half,signal_flip,vol_target_10,false,false,false,true,true,false,0.001650836835100394,-0.005360716890902796,0.0019957825172378053,-0.005479290426000712,0.02475996908958545,0.016428779430500497,0.05935502497020765
GLD__mean_reversion_5__trend_100__h20__unit__horizon__notional_cap_1,GLD,mean_reversion_5,trend_100,20,unit,horizon,notional_cap_1,false,false,false,true,true,false,0.005749699544187425,-0.0010196924339701333,0.019333337728445435,0.012943983640712883,0.1140596112982357,0.1067394242549158,0.05087440381558029
GLD__mean_reversion_5__trend_100__h20__unit__horizon__vol_target_10,GLD,mean_reversion_5,trend_100,20,unit,horizon,vol_target_10,false,false,false,true,true,false,0.02376517436644223,0.018175516085275983,0.015146736901676922,0.008812489561629167,0.08632441069581788,0.07956640469413448,0.05030279786614298
GLD__mean_reversion_5__trend_100__h20__unit__signal_flip__notional_cap_1,GLD,mean_reversion_5,trend_100,20,unit,signal_flip,notional_cap_1,false,false,false,true,true,false,-0.01576678806634167,-0.030471248511243127,0.0006245944643267654,-0.014384297880282075,0.05542796463880667,0.03838437030635488,0.1192368839427663
GLD__mean_reversion_5__trend_100__h20__unit__signal_flip__vol_target_10,GLD,mean_reversion_5,trend_100,20,unit,signal_flip,vol_target_10,false,false,false,true,true,false,0.007086017320918881,-0.0026817780966628506,-0.0007500316476972834,-0.01335978141341531,0.023753041163814655,0.011354005444290657,0.10010541257160267
GLD__mean_reversion_5__trend_100__h5__half__horizon__notional_cap_1,GLD,mean_reversion_5,trend_100,5,half,horizon,notional_cap_1,false,false,false,true,true,false,-0.015674291778387084,-0.023311607909568214,0.004987696562090246,-0.0024227838079083574,0.01531687551780452,0.007049214199032239,0.058823529411764705
GLD__mean_reversion_5__trend_100__h5__half__horizon__vol_target_10,GLD,mean_reversion_5,trend_100,5,half,horizon,vol_target_10,false,false,false,true,true,false,-0.009892198635833311,-0.017166522344076503,0.005109529944397594,-0.0022794584355440464,0.01349632088894388,0.005367987189664339,0.05865383180522867
GLD__mean_reversion_5__trend_100__h5__half__signal_flip__notional_cap_1,GLD,mean_reversion_5,trend_100,5,half,signal_flip,notional_cap_1,false,false,false,true,true,false,-0.016001761622270724,-0.02484903069794385,0.004859887045926862,-0.003948475116876549,0.01151355584202375,0.0014933071936729459,0.06995230524642289
GLD__mean_reversion_5__trend_100__h5__half__signal_flip__vol_target_10,GLD,mean_reversion_5,trend_100,5,half,signal_flip,vol_target_10,false,false,false,true,true,false,-0.010846270677768301,-0.019215633142123028,0.0049254562389127975,-0.0038431615958896296,0.00944909332212264,-0.00038488622597163146,0.0696361560392063
GLD__mean_reversion_5__trend_100__h5__unit__horizon__notional_cap_1,GLD,mean_reversion_5,trend_100,5,unit,horizon,notional_cap_1,false,false,false,true,true,false,-0.03944274062348192,-0.054721806472709744,0.006144872098917469,-0.008673519969312224,0.024835072818435715,0.008290659657814017,0.11764705882352941
GLD__mean_reversion_5__trend_100__h5__unit__horizon__vol_target_10,GLD,mean_reversion_5,trend_100,5,unit,horizon,vol_target_10,false,false,false,true,true,false,-0.011632139919665366,-0.02178903979702196,0.0028383482024903267,-0.009922223761020761,0.014036525802070775,0.0018934611864954067,0.10128290066632406
GLD__mean_reversion_5__trend_100__h5__unit__signal_flip__notional_cap_1,GLD,mean_reversion_5,trend_100,5,unit,signal_flip,notional_cap_1,false,false,false,true,true,false,-0.03822160542948021,-0.05592061550700711,0.006844556132832954,-0.010760911596282107,0.018577008741703753,-0.0014721893493147052,0.13990461049284578
GLD__mean_reversion_5__trend_100__h5__unit__signal_flip__vol_target_10,GLD,mean_reversion_5,trend_100,5,unit,signal_flip,vol_target_10,false,false,false,true,true,false,-0.010560937809531178,-0.022098591045108466,0.0024384858344910195,-0.012304759755091262,0.005420679467989686,-0.008973507799502334,0.11709609655655784
GLD__momentum_20__always__h20__half__horizon__notional_cap_1,GLD,momentum_20,always,20,half,horizon,notional_cap_1,false,false,false,true,true,false,-0.0070432259702117184,-0.011634564805912745,0.01747286868692094,0.012865426777996288,0.03520938177130843,0.030489279929097612,0.03656597774244833
GLD__momentum_20__always__h20__half__horizon__vol_target_10,GLD,momentum_20,always,20,half,horizon,vol_target_10,false,false,false,true,true,false,-0.004004199613520934,-0.008692637507540336,0.01707111312159377,0.012437363458408561,0.03180792366280081,0.02705446345083195,0.03677665033924031
GLD__momentum_20__always__h20__half__signal_flip__notional_cap_1,GLD,momentum_20,always,20,half,signal_flip,notional_cap_1,false,false,false,true,true,false,0.0054283285271025,-0.002499814174699938,0.0028962275209948453,-0.005307195317675853,-0.0033840975802794057,-0.011954347746841102,0.06518282988871224
GLD__momentum_20__always__h20__half__signal_flip__vol_target_10,GLD,momentum_20,always,20,half,signal_flip,vol_target_10,false,false,false,true,true,false,0.007104598331743501,-0.0006729116498534922,0.0027824626909260623,-0.005412843912813124,-0.0031848561618067813,-0.011623353113372759,0.06511681950407451
GLD__momentum_20__always__h20__unit__horizon__notional_cap_1,GLD,momentum_20,always,20,unit,horizon,notional_cap_1,false,false,false,true,true,false,-0.03433472109938998,-0.0435212684951742,0.025692517672961684,0.01647737642836006,0.05612386094850861,0.04665839793578619,0.07313195548489666
GLD__momentum_20__always__h20__unit__horizon__vol_target_10,GLD,momentum_20,always,20,unit,horizon,vol_target_10,false,false,false,true,true,false,-0.011288495707049552,-0.019037688421233857,0.015491328944645012,0.006506947841538048,0.04468851867363686,0.035842747907143035,0.07129385798444822
GLD__momentum_20__always__h20__unit__signal_flip__notional_cap_1,GLD,momentum_20,always,20,unit,signal_flip,notional_cap_1,false,false,false,true,true,false,-0.0013997587392721236,-0.017258024910720274,-0.0009323585964661398,-0.017319976819193436,-0.017647716235266998,-0.03480153089197482,0.13036565977742448
GLD__momentum_20__always__h20__unit__signal_flip__vol_target_10,GLD,momentum_20,always,20,unit,signal_flip,vol_target_10,false,false,false,true,true,false,0.007393002366408269,-0.004263667119954507,0.000650443762323781,-0.013465471573596639,0.005908267666474726,-0.0077603318015626935,0.11224320571594759
GLD__momentum_20__always__h5__half__horizon__notional_cap_1,GLD,momentum_20,always,5,half,horizon,notional_cap_1,false,false,false,true,true,false,-0.011107352251052315,-0.024546281890345044,0.010788363608796581,-0.00223447649114424,0.013321624503077861,-0.001011709335750309,0.10333863275039745
GLD__momentum_20__always__h5__half__horizon__vol_target_10,GLD,momentum_20,always,5,half,horizon,vol_target_10,false,false,false,true,true,false,-0.011126396569847593,-0.024236656259541058,0.010261293666425052,-0.002713000861178836,0.012696310971869147,-0.0014748083616110941,0.10294861908394298
GLD__momentum_20__always__h5__half__signal_flip__notional_cap_1,GLD,momentum_20,always,5,half,signal_flip,notional_cap_1,false,false,false,true,true,false,-0.0028234394533310624,-0.017505649451265325,-0.0051319176437749124,-0.019860941405043145,-0.0016466057776272445,-0.0177377994698927,0.11685214626391097
GLD__momentum_20__always__h5__half__signal_flip__vol_target_10,GLD,momentum_20,always,5,half,signal_flip,vol_target_10,false,false,false,true,true,false,-0.0014111692329512467,-0.015671985970850212,-0.00547256867703208,-0.020131225295181698,-0.0029289518825778666,-0.018763742333034378,0.11628879210432189
GLD__momentum_20__always__h5__unit__horizon__notional_cap_1,GLD,momentum_20,always,5,unit,horizon,notional_cap_1,false,false,false,true,true,false,-0.03673906993136168,-0.06362591431634715,0.014742357455853646,-0.011307667490809453,0.016043181637112654,-0.012644684719789832,0.2066772655007949
GLD__momentum_20__always__h5__unit__horizon__vol_target_10,GLD,momentum_20,always,5,unit,horizon,vol_target_10,false,false,false,true,true,false,-0.021226994263361058,-0.04024694343140526,0.007166972672500787,-0.014959626950686668,0.01546017872355113,-0.00704321563384896,0.17548618517644307
GLD__momentum_20__always__h5__unit__signal_flip__notional_cap_1,GLD,momentum_20,always,5,unit,signal_flip,notional_cap_1,false,false,false,true,true,false,-0.016919866422595804,-0.04627652098386925,-0.016255289017071385,-0.04572464320363872,-0.01284255347616889,-0.04505629485890319,0.23370429252782193
GLD__momentum_20__always__h5__unit__signal_flip__vol_target_10,GLD,momentum_20,always,5,unit,signal_flip,vol_target_10,false,false,false,true,true,false,-0.0031797858634729425,-0.023524170823310035,-0.014355859120006028,-0.03889861649455106,-0.0029891055616208077,-0.02755384203822297,0.1946139598032031
GLD__momentum_20__trend_100__h20__half__horizon__notional_cap_1,GLD,momentum_20,trend_100,20,half,horizon,notional_cap_1,false,false,false,true,true,false,0.017007437888791256,0.013378430889543689,0.002827564322509509,-0.000828080036211386,0.03737545698708718,0.033356592170355304,0.02901430842607313
GLD__momentum_20__trend_100__h20__half__horizon__vol_target_10,GLD,momentum_20,trend_100,20,half,horizon,vol_target_10,false,false,false,true,true,false,0.018049169389369783,0.014339653938476221,0.002716481806108463,-0.0009596635084617583,0.033740897000686026,0.029698759704630328,0.029180554967102902
GLD__momentum_20__trend_100__h20__half__signal_flip__notional_cap_1,GLD,momentum_20,trend_100,20,half,signal_flip,notional_cap_1,false,false,false,true,true,false,0.014870591315080856,0.009242974603028663,-0.01151558530870143,-0.017673845513383833,-0.008985397992595498,-0.016046113696335955,0.04888712241653418
GLD__momentum_20__trend_100__h20__half__signal_flip__vol_target_10,GLD,momentum_20,trend_100,20,half,signal_flip,vol_target_10,false,false,false,true,true,false,0.015832734657555924,0.010337579958878206,-0.01144034505846264,-0.017598909808077753,-0.008786146497826072,-0.01570996301955375,0.04889193869426513
GLD__momentum_20__trend_100__h20__unit__horizon__notional_cap_1,GLD,momentum_20,trend_100,20,unit,horizon,notional_cap_1,false,false,false,true,true,false,0.01952943102536353,0.012273005677379895,-0.0018444231551133488,-0.009155394866626494,0.06165438756679067,0.05359164690081709,0.05802861685214626
GLD__momentum_20__trend_100__h20__unit__horizon__vol_target_10,GLD,momentum_20,trend_100,20,unit,horizon,vol_target_10,false,false,false,true,true,false,0.029695937794414456,0.023467834487551943,0.0016916469035775355,-0.005440916970820414,0.053640087505298834,0.046139421741135125,0.056621257229051224
GLD__momentum_20__trend_100__h20__unit__signal_flip__notional_cap_1,GLD,momentum_20,trend_100,20,unit,signal_flip,notional_cap_1,false,false,false,true,true,false,0.019214767909329918,0.007969201723372805,-0.02881596603607784,-0.041129452005840825,-0.027954514068951074,-0.042074960349731655,0.09777424483306836
GLD__momentum_20__trend_100__h20__unit__signal_flip__vol_target_10,GLD,momentum_20,trend_100,20,unit,signal_flip,vol_target_10,false,false,false,true,true,false,0.025025242574132193,0.01675746942950649,-0.018869938724137416,-0.029506540757250774,-0.000535117317074214,-0.011709214997026863,0.08449601549936983
GLD__momentum_20__trend_100__h5__half__horizon__notional_cap_1,GLD,momentum_20,trend_100,5,half,horizon,notional_cap_1,false,false,false,true,true,false,0.013999797169853574,0.0033152492204506466,-0.010404566021587246,-0.020672631009517484,0.012057545494703285,0.00024293610995800886,0.08147853736089031
GLD__momentum_20__trend_100__h5__half__horizon__vol_target_10,GLD,momentum_20,trend_100,5,half,horizon,vol_target_10,false,false,false,true,true,false,0.014700685330067477,0.004304370646168105,-0.01086454400899479,-0.021070298570597494,0.011101806875815096,-0.0005439674147885492,0.08097934810856572
GLD__momentum_20__trend_100__h5__half__signal_flip__notional_cap_1,GLD,momentum_20,trend_100,5,half,signal_flip,notional_cap_1,false,false,false,true,true,false,0.010815144890533795,-0.0003639196852012142,-0.015210142359019262,-0.026284706593086866,-0.0021046212717896196,-0.01547802921693308,0.08783783783783784
GLD__momentum_20__trend_100__h5__half__signal_flip__vol_target_10,GLD,momentum_20,trend_100,5,half,signal_flip,vol_target_10,false,false,false,true,true,false,0.011716113109178321,0.0008804180577375387,-0.01555074177451763,-0.02656260228258826,-0.003383079468401482,-0.01649667334217951,0.08733509164143252
GLD__momentum_20__trend_100__h5__unit__horizon__notional_cap_1,GLD,momentum_20,trend_100,5,unit,horizon,notional_cap_1,false,false,false,true,true,false,0.01724125490457984,-0.00413534748905834,-0.026383682210355388,-0.04692335074713197,0.014714782932708375,-0.008906134733458724,0.16295707472178061
GLD__momentum_20__trend_100__h5__unit__horizon__vol_target_10,GLD,momentum_20,trend_100,5,unit,horizon,vol_target_10,false,false,false,true,true,false,0.024869607916448176,0.009706418349447033,-0.020339697183894674,-0.03751358852359084,0.01777940980242189,-0.0006032891355137616,0.13627107821257564
GLD__momentum_20__trend_100__h5__unit__signal_flip__notional_cap_1,GLD,momentum_20,trend_100,5,unit,signal_flip,notional_cap_1,false,false,false,true,true,false,0.012090349098558939,-0.010262995297096301,-0.03545567595436032,-0.05761879775549559,-0.012785416724678448,-0.039536600174568635,0.17567567567567569
GLD__momentum_20__trend_100__h5__unit__signal_flip__vol_target_10,GLD,momentum_20,trend_100,5,unit,signal_flip,vol_target_10,false,false,false,true,true,false,0.020789692460629325,0.0052344176356382026,-0.0283194325498147,-0.0466403744730213,0.0004927273508914271,-0.019793487249501036,0.1452426039734964
GLD__momentum_60__always__h20__half__horizon__notional_cap_1,GLD,momentum_60,always,20,half,horizon,notional_cap_1,false,false,false,true,true,false,0.027135202679857563,0.023036857611359936,0.0029296659089308565,-0.001069637928436487,0.04042222112193863,0.03595273671130842,0.03179650238473768
GLD__momentum_60__always__h20__half__horizon__vol_target_10,GLD,momentum_60,always,20,half,horizon,vol_target_10,false,false,false,true,true,false,0.03279237406118695,0.028634643855825745,0.0029708467521093987,-0.0010625705903677305,0.03647049971103943,0.03195859766947626,0.03207041242436505
GLD__momentum_60__always__h20__half__signal_flip__notional_cap_1,GLD,momentum_60,always,20,half,signal_flip,notional_cap_1,false,false,false,true,true,false,0.013629086992353736,0.007826594431936762,0.0125235014977891,0.006465737141770712,0.02417919153848327,0.01911561530222254,0.04809220985691574
GLD__momentum_60__always__h20__half__signal_flip__vol_target_10,GLD,momentum_60,always,20,half,signal_flip,vol_target_10,false,false,false,true,true,false,0.018875539571531378,0.013082472534964328,0.012564678214143277,0.006480385861185156,0.02285582201379506,0.017770477427185377,0.048305511933359344
GLD__momentum_60__always__h20__unit__horizon__notional_cap_1,GLD,momentum_60,always,20,unit,horizon,notional_cap_1,false,false,false,true,true,false,0.03831575376578803,0.03009985693550614,-0.0017979913722258063,-0.009782488120741279,0.06684433758791347,0.057880549388953845,0.06359300476947535
GLD__momentum_60__always__h20__unit__horizon__vol_target_10,GLD,momentum_60,always,20,unit,horizon,vol_target_10,false,false,false,true,true,false,0.04914202691452553,0.04214713143263361,0.003704691183383896,-0.00414646276802763,0.05841685371587392,0.04995479833237881,0.062477002327967525
GLD__momentum_60__always__h20__unit__signal_flip__notional_cap_1,GLD,momentum_60,always,20,unit,signal_flip,notional_cap_1,false,false,false,true,true,false,0.012969558565441526,0.001358263820462377,0.01844136370180817,0.006329543161677402,0.03614602211577744,0.026007774404438817,0.09618441971383147
GLD__momentum_60__always__h20__unit__signal_flip__vol_target_10,GLD,momentum_60,always,20,unit,signal_flip,vol_target_10,false,false,false,true,true,false,0.031814175444989684,0.023050986913101673,0.02229696040785662,0.011284977778035492,0.03812010916616747,0.029102567490661025,0.08740034017496269
GLD__momentum_60__always__h5__half__horizon__notional_cap_1,GLD,momentum_60,always,5,half,horizon,notional_cap_1,false,false,false,true,true,false,0.019823564324675226,0.006342014196665782,0.012232637702853193,-0.00034052003375662117,0.012360612999252046,-0.0019232158874349812,0.09976152623211447
GLD__momentum_60__always__h5__half__horizon__vol_target_10,GLD,momentum_60,always,5,half,horizon,vol_target_10,false,false,false,true,true,false,0.02452227036130425,0.01159379696216463,0.012209874556742197,-0.0003032839555546277,0.012137860610425615,-0.0018924595163180447,0.09929634529781627
GLD__momentum_60__always__h5__half__signal_flip__notional_cap_1,GLD,momentum_60,always,5,half,signal_flip,notional_cap_1,false,false,false,true,true,false,0.012287775975128102,-0.0020199337116663706,0.009262773697791197,-0.004113047585027894,0.02049674655160734,0.005916825426942653,0.106120826709062
GLD__momentum_60__always__h5__half__signal_flip__vol_target_10,GLD,momentum_60,always,5,half,signal_flip,vol_target_10,false,false,false,true,true,false,0.017491809148068624,0.003768656658575095,0.009240014190644331,-0.004075809703078772,0.015375296787956346,0.0010594369063836664,0.1056556457747638
GLD__momentum_60__always__h5__unit__horizon__notional_cap_1,GLD,momentum_60,always,5,unit,horizon,notional_cap_1,false,false,false,true,true,false,0.02587426259671433,-0.0010996200345287227,0.018185148585657354,-0.006967577750289035,0.01329767934200024,-0.015292326188849589,0.19952305246422894
GLD__momentum_60__always__h5__unit__horizon__vol_target_10,GLD,momentum_60,always,5,unit,horizon,vol_target_10,false,false,false,true,true,false,0.03658574403796915,0.018077502661107112,0.02093453374811958,-0.0004981119703111837,0.025247682156509757,0.0034261952763196424,0.17001371453670922
GLD__momentum_60__always__h5__unit__signal_flip__notional_cap_1,GLD,momentum_60,always,5,unit,signal_flip,notional_cap_1,false,false,false,true,true,false,0.012052364827664953,-0.016557281866532783,0.012608897652849836,-0.014151939147742876,0.030329390022009926,0.0011559694343209956,0.212241653418124
GLD__momentum_60__always__h5__unit__signal_flip__vol_target_10,GLD,momentum_60,always,5,unit,signal_flip,vol_target_10,false,false,false,true,true,false,0.029777156725323384,0.01030433494754781,0.016625882536797542,-0.005981012700139369,0.021387953360298827,-0.0007078767537360506,0.17928439581214958
GLD__momentum_60__trend_100__h20__half__horizon__notional_cap_1,GLD,momentum_60,trend_100,20,half,horizon,notional_cap_1,false,false,false,true,true,false,0.041927819947763394,0.03812530562943562,-0.008022873126848943,-0.011875412003185024,0.03705014754500704,0.03278189054624873,0.030604133545310015
GLD__momentum_60__trend_100__h20__half__horizon__vol_target_10,GLD,momentum_60,trend_100,20,half,horizon,vol_target_10,true,false,false,true,true,false,0.04636469354118591,0.042513106779171764,-0.00798168725582394,-0.011860749396240915,0.033130562595732584,0.028818788079252124,0.030817435621753618
GLD__momentum_60__trend_100__h20__half__signal_flip__notional_cap_1,GLD,momentum_60,trend_100,20,half,signal_flip,notional_cap_1,false,false,false,true,true,false,0.010195956578131115,0.005059091372431537,0.009988338430444166,0.0052333739202355175,0.02387491935155347,0.019103871348446856,0.037758346581876
GLD__momentum_60__trend_100__h20__half__signal_flip__vol_target_10,GLD,momentum_60,trend_100,20,half,signal_flip,vol_target_10,false,false,false,true,true,false,0.015112536834673836,0.009981167710665345,0.010029516337312604,0.005248023658312633,0.023270913768719585,0.018488925168233555,0.0379716486583196
GLD__momentum_60__trend_100__h20__unit__horizon__notional_cap_1,GLD,momentum_60,trend_100,20,unit,horizon,notional_cap_1,true,false,false,true,true,false,0.0685913354201928,0.0609746556303254,-0.023512475019319624,-0.031210388871245817,0.06069349002104544,0.05213397553952573,0.06120826709062003
GLD__momentum_60__trend_100__h20__unit__horizon__vol_target_10,GLD,momentum_60,trend_100,20,unit,horizon,vol_target_10,true,true,false,true,true,false,0.06876119380086232,0.06226854076125686,-0.014582263545263225,-0.022181060228065402,0.05635829994390519,0.048296739659251436,0.06037200656877529
GLD__momentum_60__trend_100__h20__unit__signal_flip__notional_cap_1,GLD,momentum_60,trend_100,20,unit,signal_flip,notional_cap_1,false,false,false,true,true,false,0.0065986077694781195,-0.00368527689437979,0.013532616042921396,0.004027861340719554,0.03596617979095167,0.026397091117157982,0.075516693163752
GLD__momentum_60__trend_100__h20__unit__signal_flip__vol_target_10,GLD,momentum_60,trend_100,20,unit,signal_flip,vol_target_10,false,false,false,true,true,false,0.028097014507222406,0.02025118593768332,0.018321128664699378,0.009260394981807333,0.041290278945993325,0.032748337337881774,0.07195195719819009
GLD__momentum_60__trend_100__h5__half__horizon__notional_cap_1,GLD,momentum_60,trend_100,5,half,horizon,notional_cap_1,false,false,false,true,true,false,0.010998538734969915,-0.0010516932167930326,-0.002717442129725008,-0.014287163883599028,0.006677929027922983,-0.00710897752776549,0.09181240063593005
GLD__momentum_60__trend_100__h5__half__horizon__vol_target_10,GLD,momentum_60,trend_100,5,half,horizon,vol_target_10,false,false,false,true,true,false,0.01685737209649486,0.005299256608372012,-0.002740187782764343,-0.014249921349183441,0.0075303613045080275,-0.006035346895639301,0.09134721970163186
GLD__momentum_60__trend_100__h5__half__signal_flip__notional_cap_1,GLD,momentum_60,trend_100,5,half,signal_flip,notional_cap_1,false,false,false,true,true,false,0.006605442286891081,-0.006034465623160539,0.0005101699841673756,-0.011259460405407137,0.009273697892270154,-0.0046217629736969796,0.09340222575516693
GLD__momentum_60__trend_100__h5__half__signal_flip__vol_target_10,GLD,momentum_60,trend_100,5,half,signal_flip,vol_target_10,false,false,false,true,true,false,0.011759000375013694,-0.0003931810809240698,0.00048742069609591975,-0.0112222192161465,0.010203992797834852,-0.0034783780621417066,0.09293704482086874
GLD__momentum_60__trend_100__h5__unit__horizon__notional_cap_1,GLD,momentum_60,trend_100,5,unit,horizon,notional_cap_1,false,false,false,true,true,false,0.009282406595508864,-0.014803289423463432,-0.011314674719218114,-0.0344568367744598,0.002388107208671178,-0.02521579882330368,0.1836248012718601
GLD__momentum_60__trend_100__h5__unit__horizon__vol_target_10,GLD,momentum_60,trend_100,5,unit,horizon,vol_target_10,false,false,false,true,true,false,0.027684689851520537,0.011074724580488955,-0.003760075145379671,-0.02343552878073705,0.019646311504334983,-0.0015392863638370377,0.15610791635873594
GLD__momentum_60__trend_100__h5__unit__signal_flip__notional_cap_1,GLD,momentum_60,trend_100,5,unit,signal_flip,notional_cap_1,false,false,false,true,true,false,0.001664521465445136,-0.023611666466152047,-0.004700620540278043,-0.02824178120827401,0.008364788389430545,-0.019473016918635105,0.18680445151033387
GLD__momentum_60__trend_100__h5__unit__signal_flip__vol_target_10,GLD,momentum_60,trend_100,5,unit,signal_flip,vol_target_10,false,false,false,true,true,false,0.023915939941266638,0.006546774841015237,0.0019265640905228336,-0.018058453587721176,0.019436172619897052,-0.001782832024523541,0.15857957337002487
HYG__mean_reversion_5__always__h20__half__horizon__notional_cap_1,HYG,mean_reversion_5,always,20,half,horizon,notional_cap_1,false,false,false,true,true,false,0.03065796458777193,0.025816647308957393,0.017532164392946192,0.012221127298127727,0.012350250512451932,0.007040840127158377,0.04213036565977742
HYG__mean_reversion_5__always__h20__half__horizon__vol_target_10,HYG,mean_reversion_5,always,20,half,horizon,vol_target_10,false,false,false,true,true,false,0.027800052711140746,0.0229446824683319,0.017532164392946192,0.012221127298127727,0.01203479344539814,0.006752384268753054,0.04213036565977742
HYG__mean_reversion_5__always__h20__half__signal_flip__notional_cap_1,HYG,mean_reversion_5,always,20,half,signal_flip,notional_cap_1,false,false,false,true,true,false,0.019708820285488732,0.009023519634268881,0.007679525597243659,-0.004244645710470986,0.02677596373033014,0.014354859935280977,0.0945945945945946
HYG__mean_reversion_5__always__h20__half__signal_flip__vol_target_10,HYG,mean_reversion_5,always,20,half,signal_flip,vol_target_10,false,false,false,true,true,false,0.018246789695341336,0.007655353043787497,0.007679525597243659,-0.004244645710470986,0.020365164049621378,0.008067596810684807,0.0945945945945946
HYG__mean_reversion_5__always__h20__unit__horizon__notional_cap_1,HYG,mean_reversion_5,always,20,unit,horizon,notional_cap_1,false,false,false,true,true,false,0.053578517953736145,0.04389271903715351,0.032747923072578955,0.022120626839569016,0.0173451196968666,0.006724330301956299,0.08426073131955485
HYG__mean_reversion_5__always__h20__unit__horizon__vol_target_10,HYG,mean_reversion_5,always,20,unit,horizon,vol_target_10,false,false,false,true,true,false,0.03813839645114606,0.028822533961005675,0.03278738115099247,0.022041086926220824,0.02505065261877419,0.014511960250787003,0.0852211309541992
HYG__mean_reversion_5__always__h20__unit__signal_flip__notional_cap_1,HYG,mean_reversion_5,always,20,unit,signal_flip,notional_cap_1,false,false,false,true,true,false,0.034678706307517654,0.013299093106611792,0.013939069002646331,-0.009919778390374393,0.04776466573213138,0.022919678214891825,0.1891891891891892
HYG__mean_reversion_5__always__h20__unit__signal_flip__vol_target_10,HYG,mean_reversion_5,always,20,unit,signal_flip,vol_target_10,false,false,false,true,true,false,0.028669836606310693,0.008992158873076386,0.014837080108708104,-0.008794290507699129,0.034554024513922234,0.010936141824934315,0.1874029385799934
HYG__mean_reversion_5__always__h5__half__horizon__notional_cap_1,HYG,mean_reversion_5,always,5,half,horizon,notional_cap_1,false,false,false,true,true,false,0.02858212856356833,0.016476038931045576,0.01714952379687943,0.0041243775017050545,0.016692986440993794,0.00272394649124307,0.10333863275039745
HYG__mean_reversion_5__always__h5__half__horizon__vol_target_10,HYG,mean_reversion_5,always,5,half,horizon,vol_target_10,false,false,false,true,true,false,0.027397099718035747,0.01543466885955125,0.01714952379687943,0.0041243775017050545,0.010653313367687049,-0.003137255633717957,0.10333863275039745
HYG__mean_reversion_5__always__h5__half__signal_flip__notional_cap_1,HYG,mean_reversion_5,always,5,half,signal_flip,notional_cap_1,false,false,false,true,true,false,0.020169057130325428,0.006560166651167251,0.004692815269840917,-0.010333491674627148,0.027846958524214902,0.01192653666224889,0.1192368839427663
HYG__mean_reversion_5__always__h5__half__signal_flip__vol_target_10,HYG,mean_reversion_5,always,5,half,signal_flip,vol_target_10,false,false,false,true,true,false,0.018785725988321223,0.005341369407319189,0.004692815269840917,-0.010333491674627148,0.023001577316833194,0.0073369540408175496,0.1192368839427663
HYG__mean_reversion_5__always__h5__unit__horizon__notional_cap_1,HYG,mean_reversion_5,always,5,unit,horizon,notional_cap_1,false,false,false,true,true,false,0.05235420432049806,0.028128521287095816,0.03267928119705589,0.006620031469458557,0.026910473585914904,-0.0010213300922612498,0.2066772655007949
HYG__mean_reversion_5__always__h5__unit__horizon__vol_target_10,HYG,mean_reversion_5,always,5,unit,horizon,vol_target_10,false,false,false,true,true,false,0.04082258323369577,0.018835312101968427,0.0322368424136761,0.006298451558291608,0.017414027041361326,-0.008746974777823328,0.2057127604576683
HYG__mean_reversion_5__always__h5__unit__signal_flip__notional_cap_1,HYG,mean_reversion_5,always,5,unit,signal_flip,notional_cap_1,false,false,false,true,true,false,0.0362424536868644,0.009009540776854242,0.008151404163623591,-0.021906128860671538,0.050283442999880315,0.018452311990808032,0.2384737678855326
HYG__mean_reversion_5__always__h5__unit__signal_flip__vol_target_10,HYG,mean_reversion_5,always,5,unit,signal_flip,vol_target_10,false,false,false,true,true,false,0.024903392285734644,0.0002095444883951159,0.008885145585466356,-0.02086519360105682,0.04213481983046229,0.012380133644183965,0.23604444767711988
HYG__mean_reversion_5__trend_100__h20__half__horizon__notional_cap_1,HYG,mean_reversion_5,trend_100,20,half,horizon,notional_cap_1,false,false,false,true,true,false,0.014543096960668925,0.010620182041622931,0.021665547604246636,0.017808448950849372,-0.010696880697382427,-0.014802613133472598,0.030604133545310015
HYG__mean_reversion_5__trend_100__h20__half__horizon__vol_target_10,HYG,mean_reversion_5,trend_100,20,half,horizon,vol_target_10,false,false,false,true,true,false,0.01377030709573693,0.009825407984953639,0.021665547604246636,0.017808448950849372,-0.005604732175542096,-0.009711353747383154,0.030604133545310015
HYG__mean_reversion_5__trend_100__h20__half__signal_flip__notional_cap_1,HYG,mean_reversion_5,trend_100,20,half,signal_flip,notional_cap_1,false,false,false,true,true,false,0.004223613831730384,-0.004457474440324712,0.01386957248229534,0.004952898884168218,0.017414859629244293,0.007796177450876527,0.07074721780604133
HYG__mean_reversion_5__trend_100__h20__half__signal_flip__vol_target_10,HYG,mean_reversion_5,trend_100,20,half,signal_flip,vol_target_10,false,false,false,true,true,false,0.004812026855667678,-0.003792965746490857,0.01386957248229534,0.004952898884168218,0.017414859629244293,0.007796177450876527,0.07074721780604133
HYG__mean_reversion_5__trend_100__h20__unit__horizon__notional_cap_1,HYG,mean_reversion_5,trend_100,20,unit,horizon,notional_cap_1,false,false,false,true,true,false,0.02365623155128449,0.01580828048437205,0.04215995194321812,0.03444379898304722,-0.025034543457256295,-0.03324443663563923,0.06120826709062003
HYG__mean_reversion_5__trend_100__h20__unit__horizon__vol_target_10,HYG,mean_reversion_5,trend_100,20,unit,horizon,vol_target_10,false,false,false,true,true,false,0.01767911753821813,0.010111930057495618,0.04119067498978536,0.033430521297374644,-0.0015284954633344736,-0.009865559309258665,0.0615611633853621
HYG__mean_reversion_5__trend_100__h20__unit__signal_flip__notional_cap_1,HYG,mean_reversion_5,trend_100,20,unit,signal_flip,notional_cap_1,false,false,false,true,true,false,0.004705499035530678,-0.012662562661961217,0.027135701693886762,0.009297306188500701,0.03353229384289123,0.014288089771709539,0.14149443561208266
HYG__mean_reversion_5__trend_100__h20__unit__signal_flip__vol_target_10,HYG,mean_reversion_5,trend_100,20,unit,signal_flip,vol_target_10,false,false,false,true,true,false,0.009340772318294225,-0.00685161199906641,0.02690113991890294,0.009175052742719961,0.0318981093191798,0.012924128156820622,0.14060540445411612
HYG__mean_reversion_5__trend_100__h5__half__horizon__notional_cap_1,HYG,mean_reversion_5,trend_100,5,half,horizon,notional_cap_1,false,false,false,true,true,false,0.00918631093833244,0.0005877989478409471,0.018480048854265636,0.009563685126516543,0.012948687886323721,0.003382096226402105,0.07074721780604133
HYG__mean_reversion_5__trend_100__h5__half__horizon__vol_target_10,HYG,mean_reversion_5,trend_100,5,half,horizon,vol_target_10,false,false,false,true,true,false,0.009555557466595024,0.0010672912482671275,0.018480048854265636,0.009563685126516543,0.012948687886323721,0.003382096226402105,0.07074721780604133
HYG__mean_reversion_5__trend_100__h5__half__signal_flip__notional_cap_1,HYG,mean_reversion_5,trend_100,5,half,signal_flip,notional_cap_1,false,false,false,true,true,false,0.0020123432614264566,-0.007838024977284332,0.01062533437436387,0.0004085455136272316,0.018430660672924717,0.007308736884352479,0.08108108108108109
HYG__mean_reversion_5__trend_100__h5__half__signal_flip__vol_target_10,HYG,mean_reversion_5,trend_100,5,half,signal_flip,vol_target_10,false,false,false,true,true,false,0.0033109797367227778,-0.006401296032348688,0.01062533437436387,0.0004085455136272316,0.018430660672924717,0.007308736884352479,0.08108108108108109
HYG__mean_reversion_5__trend_100__h5__unit__horizon__notional_cap_1,HYG,mean_reversion_5,trend_100,5,unit,horizon,notional_cap_1,false,false,false,true,true,false,0.016009148389090913,-0.0011954955993651053,0.036203728008477036,0.018366571984603085,0.024603190337027833,0.0054671893571188075,0.14149443561208266
HYG__mean_reversion_5__trend_100__h5__unit__horizon__vol_target_10,HYG,mean_reversion_5,trend_100,5,unit,horizon,vol_target_10,false,false,false,true,true,false,0.014172406223255128,-0.0017725630747752559,0.03560013434531004,0.017781341652590623,0.02480118411823709,0.005951057654211356,0.14134928257053622
HYG__mean_reversion_5__trend_100__h5__unit__signal_flip__notional_cap_1,HYG,mean_reversion_5,trend_100,5,unit,signal_flip,notional_cap_1,false,false,false,true,true,false,0.002033582317228848,-0.017675175405826207,0.020770844651668022,0.00033612164115391445,0.0358529320398705,0.013600531003228623,0.16216216216216217
HYG__mean_reversion_5__trend_100__h5__unit__signal_flip__vol_target_10,HYG,mean_reversion_5,trend_100,5,unit,signal_flip,vol_target_10,false,false,false,true,true,false,0.0018105999727309483,-0.016444633634468995,0.02053630215458473,0.00021388276570807126,0.034042350375742075,0.012164043733617177,0.1612731310041956
HYG__momentum_20__always__h20__half__horizon__notional_cap_1,HYG,momentum_20,always,20,half,horizon,notional_cap_1,false,false,false,true,true,false,0.04009791085444692,0.034881889527968696,0.018158443255396454,0.013099045109198936,0.013046381540256616,0.008039827096579678,0.04014308426073132
HYG__momentum_20__always__h20__half__horizon__vol_target_10,HYG,momentum_20,always,20,half,horizon,vol_target_10,false,false,false,true,true,false,0.038441428252613354,0.033224784599477336,0.018158443255396454,0.013099045109198936,0.014184331234947162,0.009203758847760733,0.04014308426073132
HYG__momentum_20__always__h20__half__signal_flip__notional_cap_1,HYG,momentum_20,always,20,half,signal_flip,notional_cap_1,false,false,false,true,true,false,0.03744476302452114,0.030562881604475185,0.014735306532275658,0.007170860308907121,0.00578558206879516,-0.002073367751268137,0.06001589825119237
HYG__momentum_20__always__h20__half__signal_flip__vol_target_10,HYG,momentum_20,always,20,half,signal_flip,vol_target_10,false,false,false,true,true,false,0.03535376025551442,0.028546164131011225,0.014735306532275658,0.007170860308907121,0.006923434582261726,-0.0009095722119771542,0.06001589825119237
HYG__momentum_20__always__h20__unit__horizon__notional_cap_1,HYG,momentum_20,always,20,unit,horizon,notional_cap_1,true,true,false,true,true,false,0.07354343149725738,0.06310980976750344,0.03437183979424041,0.024250304443154652,0.022543274968657896,0.012532955445142512,0.08028616852146264
HYG__momentum_20__always__h20__unit__horizon__vol_target_10,HYG,momentum_20,always,20,unit,horizon,vol_target_10,false,false,false,true,true,false,0.05444693021605836,0.04428868265907066,0.03339765709839659,0.023190570280647055,0.023887701788705893,0.013909086392688908,0.08096444569220863
HYG__momentum_20__always__h20__unit__signal_flip__notional_cap_1,HYG,momentum_20,always,20,unit,signal_flip,notional_cap_1,true,false,false,true,true,false,0.0702059633563622,0.05644664959670819,0.02845162994468308,0.013317851410509424,0.009041946717152298,-0.006668892308728856,0.12003179650238474
HYG__momentum_20__always__h20__unit__signal_flip__vol_target_10,HYG,momentum_20,always,20,unit,signal_flip,vol_target_10,false,false,false,true,true,false,0.04924320095165116,0.03655918087491029,0.027140008324536058,0.012039352487714216,0.01209614319482717,-0.003281057640605382,0.1197623450139334
HYG__momentum_20__always__h5__half__horizon__notional_cap_1,HYG,momentum_20,always,5,half,horizon,notional_cap_1,false,false,false,true,true,false,0.03571797385614696,0.01948778264294733,0.012224716829551036,-0.002852979586102873,0.011596855387374877,-0.003470701376015333,0.11963434022257552
HYG__momentum_20__always__h5__half__horizon__vol_target_10,HYG,momentum_20,always,5,half,horizon,vol_target_10,false,false,false,true,true,false,0.03385011955630776,0.01781527547373315,0.012224716829551036,-0.002852979586102873,0.012563653498221005,-0.002384202539775989,0.11963434022257552
HYG__momentum_20__always__h5__half__signal_flip__notional_cap_1,HYG,momentum_20,always,5,half,signal_flip,notional_cap_1,false,false,false,true,true,false,0.03349731103401315,0.016346813613785493,0.014399466245847757,-0.0019828012558075316,-0.001277991251190876,-0.01774929058712018,0.12996820349761526
HYG__momentum_20__always__h5__half__signal_flip__vol_target_10,HYG,momentum_20,always,5,half,signal_flip,vol_target_10,false,false,false,true,true,false,0.03072439337468323,0.013802982292990682,0.014399466245847757,-0.0019828012558075316,-0.0003113339134809816,-0.016633463209339155,0.12996820349761526
HYG__momentum_20__always__h5__unit__horizon__notional_cap_1,HYG,momentum_20,always,5,unit,horizon,notional_cap_1,false,false,false,true,true,false,0.06688321462988515,0.034422052426093294,0.023352317238712835,-0.006810614687813746,0.020734101994650804,-0.009388271322820982,0.23926868044515104
HYG__momentum_20__always__h5__unit__horizon__vol_target_10,HYG,momentum_20,always,5,unit,horizon,vol_target_10,false,false,false,true,true,false,0.05029176134755154,0.020146085496324764,0.02219059660104549,-0.007825023599626819,0.021609684094100395,-0.007388526153051237,0.23810994990797882
HYG__momentum_20__always__h5__unit__signal_flip__notional_cap_1,HYG,momentum_20,always,5,unit,signal_flip,notional_cap_1,false,false,false,true,true,false,0.0628256123479727,0.028518986905472714,0.027894917447620127,-0.004882165277601957,-0.0048531541939524124,-0.037786046291246704,0.2599364069952305
HYG__momentum_20__always__h5__unit__signal_flip__vol_target_10,HYG,momentum_20,always,5,unit,signal_flip,vol_target_10,false,false,false,true,true,false,0.039996559870717326,0.008440249338653165,0.026526962491237364,-0.006008498850594712,-0.00047542057036890385,-0.03205926656207066,0.2580161340646822
HYG__momentum_20__trend_100__h20__half__horizon__notional_cap_1,HYG,momentum_20,trend_100,20,half,horizon,notional_cap_1,false,false,false,true,true,false,0.03835605832940719,0.033438255899224036,0.020448078196598902,0.01598788133993169,0.009958611086342531,0.005452268819986112,0.035373608903020666
HYG__momentum_20__trend_100__h20__half__horizon__vol_target_10,HYG,momentum_20,trend_100,20,half,horizon,vol_target_10,false,false,false,true,true,false,0.036442062845081225,0.03152222720258128,0.020448078196598902,0.01598788133993169,0.009958611086342531,0.005452268819986112,0.035373608903020666
HYG__momentum_20__trend_100__h20__half__signal_flip__notional_cap_1,HYG,momentum_20,trend_100,20,half,signal_flip,notional_cap_1,false,false,false,true,true,false,0.03199765074795341,0.025828152963370835,0.015245420093039367,0.009082204828194043,0.005275679055116188,-0.0018852177128452386,0.04888712241653418
HYG__momentum_20__trend_100__h20__half__signal_flip__vol_target_10,HYG,momentum_20,trend_100,20,half,signal_flip,vol_target_10,false,false,false,true,true,false,0.03032644101527771,0.02419000562355267,0.015245420093039367,0.009082204828194043,0.005275679055116188,-0.0018852177128452386,0.04888712241653418
HYG__momentum_20__trend_100__h20__unit__horizon__notional_cap_1,HYG,momentum_20,trend_100,20,unit,horizon,notional_cap_1,true,false,false,true,true,false,0.07068295384742959,0.06085810174259104,0.03955406795332699,0.030627429970219354,0.017500193153001557,0.008489132513649017,0.07074721780604133
HYG__momentum_20__trend_100__h20__unit__horizon__vol_target_10,HYG,momentum_20,trend_100,20,unit,horizon,vol_target_10,false,false,false,true,true,false,0.05330598778490712,0.043687272021309495,0.03828706701586113,0.02932217252320731,0.016638172491079392,0.007524163785795841,0.07104615985030074
HYG__momentum_20__trend_100__h20__unit__signal_flip__notional_cap_1,HYG,momentum_20,trend_100,20,unit,signal_flip,notional_cap_1,false,false,false,true,true,false,0.05967907716399853,0.04735075489984042,0.029642936334001793,0.01730963012358711,0.008991492055123212,-0.005329360517517392,0.09777424483306836
HYG__momentum_20__trend_100__h20__unit__signal_flip__vol_target_10,HYG,momentum_20,trend_100,20,unit,signal_flip,vol_target_10,false,false,false,true,true,false,0.0443405877511383,0.0325310296281707,0.02844386579855855,0.01607338511804496,0.009939665416225442,-0.0042770521635942275,0.09806542223105491
HYG__momentum_20__trend_100__h5__half__horizon__notional_cap_1,HYG,momentum_20,trend_100,5,half,horizon,notional_cap_1,false,false,false,true,true,false,0.026695744321769032,0.01100534346982505,0.012151676838997946,-0.0013252157362578965,0.012359238570138402,-0.001412864365783877,0.10691573926868045
HYG__momentum_20__trend_100__h5__half__horizon__vol_target_10,HYG,momentum_20,trend_100,5,half,horizon,vol_target_10,false,false,false,true,true,false,0.02635857247252144,0.010866287655952232,0.012151676838997946,-0.0013252157362578965,0.012359238570138402,-0.001412864365783877,0.10691573926868045
HYG__momentum_20__trend_100__h5__half__signal_flip__notional_cap_1,HYG,momentum_20,trend_100,5,half,signal_flip,notional_cap_1,false,false,false,true,true,false,0.021225793207968337,0.005031630029585645,0.012637946816374564,-0.0016404988813556746,6.002589478517912e-5,-0.014911901793486742,0.11327503974562798
HYG__momentum_20__trend_100__h5__half__signal_flip__vol_target_10,HYG,momentum_20,trend_100,5,half,signal_flip,vol_target_10,false,false,false,true,true,false,0.021018588779454183,0.005038728682989402,0.012637946816374564,-0.0016404988813556746,6.002589478517912e-5,-0.014911901793486742,0.11327503974562798
HYG__momentum_20__trend_100__h5__unit__horizon__notional_cap_1,HYG,momentum_20,trend_100,5,unit,horizon,notional_cap_1,false,false,false,true,true,false,0.0490394302672078,0.017652661296517998,0.023442964907660936,-0.0035218390976549416,0.023160245218550795,-0.004384446334359283,0.2138314785373609
HYG__momentum_20__trend_100__h5__unit__horizon__vol_target_10,HYG,momentum_20,trend_100,5,unit,horizon,vol_target_10,false,false,false,true,true,false,0.040275775103821125,0.01106172058688005,0.022417300740923816,-0.004389964051862358,0.02336014797379415,-0.003739425686332481,0.2125690195727484
HYG__momentum_20__trend_100__h5__unit__signal_flip__notional_cap_1,HYG,momentum_20,trend_100,5,unit,signal_flip,notional_cap_1,false,false,false,true,true,false,0.03867435693783307,0.006273863164699667,0.02453649314785119,-0.004031979627171498,-0.0013418073906522367,-0.03128198237267471,0.22655007949125597
HYG__momentum_20__trend_100__h5__unit__signal_flip__vol_target_10,HYG,momentum_20,trend_100,5,unit,signal_flip,vol_target_10,false,false,false,true,true,false,0.029469808061495507,-0.0006794294176622668,0.023510817995231643,-0.004900096316094168,-0.0005550685058974998,-0.03004308796613467,0.2252876205266435
HYG__momentum_60__always__h20__half__horizon__notional_cap_1,HYG,momentum_60,always,20,half,horizon,notional_cap_1,false,false,false,true,true,false,0.01984565104337603,0.014546089633832627,0.022344292846979873,0.017532643367670363,0.0017841087487159872,-0.0030236333381685296,0.03815580286168521
HYG__momentum_60__always__h20__half__horizon__vol_target_10,HYG,momentum_60,always,20,half,horizon,vol_target_10,false,false,false,true,true,false,0.020817822525909423,0.015513184141197177,0.022344292846979873,0.017532643367670363,0.0017841087487159872,-0.0030236333381685296,0.03815580286168521
HYG__momentum_60__always__h20__half__signal_flip__notional_cap_1,HYG,momentum_60,always,20,half,signal_flip,notional_cap_1,false,false,false,true,true,false,0.013107015762366545,0.00710143329897997,0.01255230958341634,0.006489977828393588,-0.0017819586326037903,-0.008645612766753354,0.04809220985691574
HYG__momentum_60__always__h20__half__signal_flip__vol_target_10,HYG,momentum_60,always,20,half,signal_flip,vol_target_10,false,false,false,true,true,false,0.01578721226582862,0.009791921949762049,0.01255230958341634,0.006489977828393588,-0.0017819586326037903,-0.008645612766753354,0.04809220985691574
HYG__momentum_60__always__h20__unit__horizon__notional_cap_1,HYG,momentum_60,always,20,unit,horizon,notional_cap_1,false,false,false,true,true,false,0.03364193397482797,0.023041039330031838,0.04319686932114648,0.033565533725053116,0.0006265017675191071,-0.008989204258874277,0.07631160572337042
HYG__momentum_60__always__h20__unit__horizon__vol_target_10,HYG,momentum_60,always,20,unit,horizon,vol_target_10,false,false,false,true,true,false,0.03823850971116123,0.028016704120856738,0.04247009343198972,0.03276309997677416,0.0021547520669271446,-0.007560622618789141,0.07691527049045419
HYG__momentum_60__always__h20__unit__signal_flip__notional_cap_1,HYG,momentum_60,always,20,unit,signal_flip,notional_cap_1,false,false,false,true,true,false,0.021258333248141005,0.009251897434329819,0.023830567427464908,0.011700477291316676,-0.005993433894485141,-0.019726269826949836,0.09618441971383147
HYG__momentum_60__always__h20__unit__signal_flip__vol_target_10,HYG,momentum_60,always,20,unit,signal_flip,vol_target_10,false,false,false,true,true,false,0.033928911926695414,0.022449814152216366,0.02354691155881952,0.011463875786666295,-0.003127896913914706,-0.016608092933828218,0.09581397232625832
HYG__momentum_60__always__h5__half__horizon__notional_cap_1,HYG,momentum_60,always,5,half,horizon,notional_cap_1,false,false,false,true,true,false,0.01874775500751639,0.0014295431625431718,0.020140153794243436,0.00395958971498457,-0.003782351659000207,-0.01975819033553626,0.12837837837837837
HYG__momentum_60__always__h5__half__horizon__vol_target_10,HYG,momentum_60,always,5,half,horizon,vol_target_10,false,false,false,true,true,false,0.019028771667304142,0.0018705803233360517,0.020140153794243436,0.00395958971498457,-0.003782351659000207,-0.01975819033553626,0.12837837837837837
HYG__momentum_60__always__h5__half__signal_flip__notional_cap_1,HYG,momentum_60,always,5,half,signal_flip,notional_cap_1,false,false,false,true,true,false,0.018609834699644372,0.000915561757287897,0.019725493560036857,0.003097360386161582,-0.002546166984751708,-0.01957455726505231,0.13195548489666137
HYG__momentum_60__always__h5__half__signal_flip__vol_target_10,HYG,momentum_60,always,5,half,signal_flip,vol_target_10,false,false,false,true,true,false,0.018975352904265955,0.0014471754973530218,0.019725493560036857,0.003097360386161582,-0.002546166984751708,-0.01957455726505231,0.13195548489666137
HYG__momentum_60__always__h5__unit__horizon__notional_cap_1,HYG,momentum_60,always,5,unit,horizon,notional_cap_1,false,false,false,true,true,false,0.03245926108966759,-0.0021844472173775803,0.0391174323470848,0.006746527381400712,-0.009900907430913448,-0.04185354671575398,0.25675675675675674
HYG__momentum_60__always__h5__unit__horizon__vol_target_10,HYG,momentum_60,always,5,unit,horizon,vol_target_10,false,false,false,true,true,false,0.03625181000859232,0.004010129558241783,0.03899436435776932,0.006754272995162555,-0.005389747654204959,-0.036753278454464175,0.2557282877514234
HYG__momentum_60__always__h5__unit__signal_flip__notional_cap_1,HYG,momentum_60,always,5,unit,signal_flip,notional_cap_1,false,false,false,true,true,false,0.03287469244096097,-0.0025222668781337623,0.038344397133628874,0.005084646632086458,-0.007253615474778079,-0.04131312254192641,0.26391096979332274
HYG__momentum_60__always__h5__unit__signal_flip__vol_target_10,HYG,momentum_60,always,5,unit,signal_flip,vol_target_10,false,false,false,true,true,false,0.03639140423331436,0.0035384015774731475,0.03827421707697244,0.00516201484003696,-0.0048371215191951806,-0.03821779087031808,0.26275046171519967
HYG__momentum_60__trend_100__h20__half__horizon__notional_cap_1,HYG,momentum_60,trend_100,20,half,horizon,notional_cap_1,false,false,false,true,true,false,0.0112389428023381,0.006148961931294163,0.018818095454537154,0.014157004216826044,0.0027187794319066955,-0.0019887958024559184,0.03696343402225755
HYG__momentum_60__trend_100__h20__half__horizon__vol_target_10,HYG,momentum_60,trend_100,20,half,horizon,vol_target_10,false,false,false,true,true,false,0.014799148377972589,0.009687432554514734,0.018818095454537154,0.014157004216826044,0.0027187794319066955,-0.0019887958024559184,0.03696343402225755
HYG__momentum_60__trend_100__h20__half__signal_flip__notional_cap_1,HYG,momentum_60,trend_100,20,half,signal_flip,notional_cap_1,false,false,false,true,true,false,0.010747257631347627,0.005243220866029597,0.015009353056049658,0.009248205535799307,0.001998810455829785,-0.004464286580383326,0.04570747217806041
HYG__momentum_60__trend_100__h20__half__signal_flip__vol_target_10,HYG,momentum_60,trend_100,20,half,signal_flip,vol_target_10,false,false,false,true,true,false,0.014394490578939547,0.008874717194512011,0.015009353056049658,0.009248205535799307,0.001998810455829785,-0.004464286580383326,0.04570747217806041
HYG__momentum_60__trend_100__h20__unit__horizon__notional_cap_1,HYG,momentum_60,trend_100,20,unit,horizon,notional_cap_1,false,false,false,true,true,false,0.01747892617623921,0.007299135142394596,0.03624924032371271,0.02691966074647718,0.002594574007436167,-0.006820782573893453,0.0739268680445151
HYG__momentum_60__trend_100__h20__unit__horizon__vol_target_10,HYG,momentum_60,trend_100,20,unit,horizon,vol_target_10,false,false,false,true,true,false,0.03031934460121158,0.020379485157890766,0.035647629478499254,0.026278687945700235,0.005310515019987313,-0.004209718321421701,0.07424316615567708
HYG__momentum_60__trend_100__h20__unit__signal_flip__notional_cap_1,HYG,momentum_60,trend_100,20,unit,signal_flip,notional_cap_1,false,false,false,true,true,false,0.01687298549227735,0.00587140796742908,0.028768579155835975,0.017242272063705794,0.0017597442080568102,-0.011172135192757466,0.09141494435612083
HYG__momentum_60__trend_100__h20__unit__signal_flip__vol_target_10,HYG,momentum_60,trend_100,20,unit,signal_flip,vol_target_10,false,false,false,true,true,false,0.032180618756378544,0.021514911909631125,0.028339405173732218,0.016855031151286184,0.003126886594201424,-0.00969300190154288,0.09108569287347856
HYG__momentum_60__trend_100__h5__half__horizon__notional_cap_1,HYG,momentum_60,trend_100,5,half,horizon,notional_cap_1,false,false,false,true,true,false,0.023592536271423097,0.006822626479708469,0.02050619240231306,0.004776862324362293,-0.0047366230188919025,-0.020409688320310804,0.12480127186009539
HYG__momentum_60__trend_100__h5__half__horizon__vol_target_10,HYG,momentum_60,trend_100,5,half,horizon,vol_target_10,false,false,false,true,true,false,0.025026343734905334,0.00839024637229037,0.02050619240231306,0.004776862324362293,-0.0047366230188919025,-0.020409688320310804,0.12480127186009539
HYG__momentum_60__trend_100__h5__half__signal_flip__notional_cap_1,HYG,momentum_60,trend_100,5,half,signal_flip,notional_cap_1,false,false,false,true,true,false,0.023771125515003946,0.006832636621988514,0.02035668794156356,0.004329044382011509,0.0015615475673583683,-0.014866471020163606,0.1271860095389507
HYG__momentum_60__trend_100__h5__half__signal_flip__vol_target_10,HYG,momentum_60,trend_100,5,half,signal_flip,vol_target_10,false,false,false,true,true,false,0.02528943959364481,0.008490838272329989,0.02035668794156356,0.004329044382011509,0.0015615475673583683,-0.014866471020163606,0.1271860095389507
HYG__momentum_60__trend_100__h5__unit__horizon__notional_cap_1,HYG,momentum_60,trend_100,5,unit,horizon,notional_cap_1,false,false,false,true,true,false,0.042880870913506494,0.009345602607575165,0.03988508121497539,0.008417681411916376,-0.011903112107364316,-0.04324561178680779,0.24960254372019078
HYG__momentum_60__trend_100__h5__unit__horizon__vol_target_10,HYG,momentum_60,trend_100,5,unit,horizon,vol_target_10,false,false,false,true,true,false,0.0424705294714409,0.011079645536363137,0.039641203617917634,0.008289500683662203,-0.0053696163927117995,-0.03626859712791429,0.24869456954009717
HYG__momentum_60__trend_100__h5__unit__signal_flip__notional_cap_1,HYG,momentum_60,trend_100,5,unit,signal_flip,notional_cap_1,false,false,false,true,true,false,0.04376278285471722,0.00988697297801976,0.03966025574081674,0.007600555906424134,0.001152705372771911,-0.03170722271340499,0.2543720190779014
HYG__momentum_60__trend_100__h5__unit__signal_flip__vol_target_10,HYG,momentum_60,trend_100,5,unit,signal_flip,vol_target_10,false,false,false,true,true,false,0.04330423504945778,0.011688367503709243,0.03944455714036694,0.007527321816041186,0.0017143096579261006,-0.030662053709969245,0.25325270690470925
IEF__mean_reversion_5__always__h20__half__horizon__notional_cap_1,IEF,mean_reversion_5,always,20,half,horizon,notional_cap_1,false,false,false,true,true,false,0.0109335901036809,0.005757498714775915,0.00980425993756998,0.004694582217967318,-0.007694386429195971,-0.013097433571828711,0.04054054054054054
IEF__mean_reversion_5__always__h20__half__horizon__vol_target_10,IEF,mean_reversion_5,always,20,half,horizon,vol_target_10,false,false,false,true,true,false,0.0109335901036809,0.005757498714775915,0.00980425993756998,0.004694582217967318,-0.007752275313513673,-0.013160033916396785,0.04054054054054054
IEF__mean_reversion_5__always__h20__half__signal_flip__notional_cap_1,IEF,mean_reversion_5,always,20,half,signal_flip,notional_cap_1,false,false,false,true,true,false,0.020404895519428243,0.007337065053374884,0.003332532752535673,-0.009143736546064986,0.00369680748118031,-0.00887444184398542,0.09896661367249603
IEF__mean_reversion_5__always__h20__half__signal_flip__vol_target_10,IEF,mean_reversion_5,always,20,half,signal_flip,vol_target_10,false,false,false,true,true,false,0.020404895519428243,0.007337065053374884,0.003332532752535673,-0.009143736546064986,0.00369680748118031,-0.00887444184398542,0.09896661367249603
IEF__mean_reversion_5__always__h20__unit__horizon__notional_cap_1,IEF,mean_reversion_5,always,20,unit,horizon,notional_cap_1,false,false,false,true,true,false,0.018595274322008713,0.008237928633938447,0.0179875421350181,0.007765047472823678,-0.019505052870997006,-0.0303000713302402,0.08108108108108109
IEF__mean_reversion_5__always__h20__unit__horizon__vol_target_10,IEF,mean_reversion_5,always,20,unit,horizon,vol_target_10,false,false,false,true,true,false,0.017559753130444403,0.007006167724425232,0.0179875421350181,0.007765047472823678,-0.023768262348105685,-0.03478274768724618,0.08108108108108109
IEF__mean_reversion_5__always__h20__unit__signal_flip__notional_cap_1,IEF,mean_reversion_5,always,20,unit,signal_flip,notional_cap_1,false,false,false,true,true,false,0.03899703638234901,0.012843595312837585,0.005799377433036728,-0.019166113115896895,0.004831226745070668,-0.02031386594509938,0.19793322734499205
IEF__mean_reversion_5__always__h20__unit__signal_flip__vol_target_10,IEF,mean_reversion_5,always,20,unit,signal_flip,vol_target_10,false,false,false,true,true,false,0.03626897049278591,0.010505444735483958,0.005799377433036728,-0.019166113115896895,0.0013734219504494228,-0.02343039821040247,0.19793322734499205
IEF__mean_reversion_5__always__h5__half__horizon__notional_cap_1,IEF,mean_reversion_5,always,5,half,horizon,notional_cap_1,false,false,false,true,true,false,0.012717791037844888,-0.00081007039414596,0.009530467514268214,-0.004198713191667267,-0.004411908609363645,-0.01908089672751157,0.10890302066772654
IEF__mean_reversion_5__always__h5__half__horizon__vol_target_10,IEF,mean_reversion_5,always,5,half,horizon,vol_target_10,false,false,false,true,true,false,0.012717791037844888,-0.00081007039414596,0.009530467514268214,-0.004198713191667267,-0.004441414326093383,-0.019110467857730944,0.10890302066772654
IEF__mean_reversion_5__always__h5__half__signal_flip__notional_cap_1,IEF,mean_reversion_5,always,5,half,signal_flip,notional_cap_1,false,false,false,true,true,false,0.015274379599251327,-0.000962565754258752,0.0008500867251453507,-0.015534928687736795,0.009356295089014028,-0.007670867493873171,0.12996820349761526
IEF__mean_reversion_5__always__h5__half__signal_flip__vol_target_10,IEF,mean_reversion_5,always,5,half,signal_flip,vol_target_10,false,false,false,true,true,false,0.015274379599251327,-0.000962565754258752,0.0008500867251453507,-0.015534928687736795,0.009356295089014028,-0.007670867493873171,0.12996820349761526
IEF__mean_reversion_5__always__h5__unit__horizon__notional_cap_1,IEF,mean_reversion_5,always,5,unit,horizon,notional_cap_1,false,false,false,true,true,false,0.023328899250717555,-0.0037467848878418425,0.017988712664386612,-0.009484448951088206,-0.011625675772907849,-0.04095504636950588,0.2178060413354531
IEF__mean_reversion_5__always__h5__unit__horizon__vol_target_10,IEF,mean_reversion_5,always,5,unit,horizon,vol_target_10,false,false,false,true,true,false,0.021828958014787365,-0.004959323149900848,0.017988712664386612,-0.009484448951088206,-0.013485752989992132,-0.042403325871143926,0.2178060413354531
IEF__mean_reversion_5__always__h5__unit__signal_flip__notional_cap_1,IEF,mean_reversion_5,always,5,unit,signal_flip,notional_cap_1,false,false,false,true,true,false,0.02891678462217118,-0.0035713941428624843,0.0009168047702163172,-0.031871269599913196,0.016493555554783865,-0.017561040722710843,0.2599364069952305
IEF__mean_reversion_5__always__h5__unit__signal_flip__vol_target_10,IEF,mean_reversion_5,always,5,unit,signal_flip,vol_target_10,false,false,false,true,true,false,0.026708583076455635,-0.005337140588467989,0.0009168047702163172,-0.031871269599913196,0.014354175821248056,-0.019049835027744724,0.2599364069952305
IEF__mean_reversion_5__trend_100__h20__half__horizon__notional_cap_1,IEF,mean_reversion_5,trend_100,20,half,horizon,notional_cap_1,false,false,false,true,true,false,0.010890008742875212,0.006966588556662686,0.0120382581862365,0.008582480568016493,0.0014455805055897171,-0.0009597056599133576,0.027424483306836247
IEF__mean_reversion_5__trend_100__h20__half__horizon__vol_target_10,IEF,mean_reversion_5,trend_100,20,half,horizon,vol_target_10,false,false,false,true,true,false,0.010890008742875212,0.006966588556662686,0.0120382581862365,0.008582480568016493,0.0013876861114365338,-0.0010223142242576232,0.027424483306836247
IEF__mean_reversion_5__trend_100__h20__half__signal_flip__notional_cap_1,IEF,mean_reversion_5,trend_100,20,half,signal_flip,notional_cap_1,false,false,false,true,true,false,0.018119762877791237,0.008810869029909645,0.00306320079593523,-0.005404410219596872,0.0052748297473205075,-0.0006369664069342717,0.06717011128775835
IEF__mean_reversion_5__trend_100__h20__half__signal_flip__vol_target_10,IEF,mean_reversion_5,trend_100,20,half,signal_flip,vol_target_10,false,false,false,true,true,false,0.018119762877791237,0.008810869029909645,0.00306320079593523,-0.005404410219596872,0.0052748297473205075,-0.0006369664069342717,0.06717011128775835
IEF__mean_reversion_5__trend_100__h20__unit__horizon__notional_cap_1,IEF,mean_reversion_5,trend_100,20,unit,horizon,notional_cap_1,false,false,false,true,true,false,0.01940742040196462,0.011557448266386038,0.02296104546354729,0.016048904783990004,0.0012883887950135746,-0.0035251247064263832,0.054848966613672494
IEF__mean_reversion_5__trend_100__h20__unit__horizon__vol_target_10,IEF,mean_reversion_5,trend_100,20,unit,horizon,vol_target_10,false,false,false,true,true,false,0.018854853203564365,0.010907049188383193,0.02296104546354729,0.016048904783990004,-0.001933729742534679,-0.006802079349036483,0.054848966613672494
IEF__mean_reversion_5__trend_100__h20__unit__signal_flip__notional_cap_1,IEF,mean_reversion_5,trend_100,20,unit,signal_flip,notional_cap_1,false,false,false,true,true,false,0.03499830714030415,0.01637067876864535,0.005571798414266086,-0.01137177760334721,0.009707636954305671,-0.002120787726306441,0.1343402225755167
IEF__mean_reversion_5__trend_100__h20__unit__signal_flip__vol_target_10,IEF,mean_reversion_5,trend_100,20,unit,signal_flip,vol_target_10,false,false,false,true,true,false,0.03318877458820192,0.014794113652548617,0.005571798414266086,-0.01137177760334721,0.006464214518239718,-0.005095062626681182,0.1343402225755167
IEF__mean_reversion_5__trend_100__h5__half__horizon__notional_cap_1,IEF,mean_reversion_5,trend_100,5,half,horizon,notional_cap_1,false,false,false,true,true,false,0.009592364235640154,0.0004908160794553999,0.004324759573304427,-0.0042428480082841525,-0.007088023746946212,-0.012896178755049012,0.0679650238473768
IEF__mean_reversion_5__trend_100__h5__half__horizon__vol_target_10,IEF,mean_reversion_5,trend_100,5,half,horizon,vol_target_10,false,false,false,true,true,false,0.009592364235640154,0.0004908160794553999,0.004324759573304427,-0.0042428480082841525,-0.0071175281656638304,-0.012925751770079142,0.0679650238473768
IEF__mean_reversion_5__trend_100__h5__half__signal_flip__notional_cap_1,IEF,mean_reversion_5,trend_100,5,half,signal_flip,notional_cap_1,false,false,false,true,true,false,0.013404306632910961,0.0025099103602956494,0.0024053757824380882,-0.008067129483260969,0.0015842293355474164,-0.005227471045991646,0.08306836248012718
IEF__mean_reversion_5__trend_100__h5__half__signal_flip__vol_target_10,IEF,mean_reversion_5,trend_100,5,half,signal_flip,vol_target_10,false,false,false,true,true,false,0.013404306632910961,0.0025099103602956494,0.0024053757824380882,-0.008067129483260969,0.0015842293355474164,-0.005227471045991646,0.08306836248012718
IEF__mean_reversion_5__trend_100__h5__unit__horizon__notional_cap_1,IEF,mean_reversion_5,trend_100,5,unit,horizon,notional_cap_1,false,false,false,true,true,false,0.01781460131342167,-0.00040086283449613765,0.007945190916429413,-0.009198053400385939,-0.015091446339136314,-0.02670562440016436,0.1359300476947536
IEF__mean_reversion_5__trend_100__h5__unit__horizon__vol_target_10,IEF,mean_reversion_5,trend_100,5,unit,horizon,vol_target_10,false,false,false,true,true,false,0.0168630734085504,-0.0011514286097959253,0.007945190916429413,-0.009198053400385939,-0.016325094705002284,-0.02767797107382803,0.1359300476947536
IEF__mean_reversion_5__trend_100__h5__unit__signal_flip__notional_cap_1,IEF,mean_reversion_5,trend_100,5,unit,signal_flip,notional_cap_1,false,false,false,true,true,false,0.025768222558134088,0.0039694454146927275,0.004336514258528556,-0.016620279459275605,0.0024783926999001173,-0.011146787204634499,0.16613672496025436
IEF__mean_reversion_5__trend_100__h5__unit__signal_flip__vol_target_10,IEF,mean_reversion_5,trend_100,5,unit,signal_flip,vol_target_10,false,false,false,true,true,false,0.02403561165879001,0.002492243036182585,0.004336514258528556,-0.016620279459275605,0.0014610261227447335,-0.011798178026761747,0.16613672496025436
IEF__momentum_20__always__h20__half__horizon__notional_cap_1,IEF,momentum_20,always,20,half,horizon,notional_cap_1,false,false,false,true,true,false,0.01285929097223211,0.008183093784832002,0.009025468834148747,0.004369438553150947,-0.0016073280846439068,-0.005813706694106597,0.03696343402225755
IEF__momentum_20__always__h20__half__horizon__vol_target_10,IEF,momentum_20,always,20,half,horizon,vol_target_10,false,false,false,true,true,false,0.01285929097223211,0.008183093784832002,0.009025468834148747,0.004369438553150947,-0.001670260079072964,-0.005879385563145118,0.03696343402225755
IEF__momentum_20__always__h20__half__signal_flip__notional_cap_1,IEF,momentum_20,always,20,half,signal_flip,notional_cap_1,false,false,false,true,true,false,0.00932999398469656,0.0024431635697195293,0.005323576161552849,-0.0032918660079172043,-0.0010334979414053653,-0.008550774622317224,0.06836248012718601
IEF__momentum_20__always__h20__half__signal_flip__vol_target_10,IEF,momentum_20,always,20,half,signal_flip,vol_target_10,false,false,false,true,true,false,0.00932999398469656,0.0024431635697195293,0.005323576161552849,-0.0032918660079172043,-0.0010964300562588255,-0.008616451001709702,0.06836248012718601
IEF__momentum_20__always__h20__unit__horizon__notional_cap_1,IEF,momentum_20,always,20,unit,horizon,notional_cap_1,false,false,false,true,true,false,0.023121876471709858,0.013762783086347844,0.016560657530554173,0.007251321780171885,-0.006353191511866622,-0.014765351418715784,0.0739268680445151
IEF__momentum_20__always__h20__unit__horizon__vol_target_10,IEF,momentum_20,always,20,unit,horizon,vol_target_10,false,false,false,true,true,false,0.02302138735282444,0.013566612078340529,0.016560657530554173,0.007251321780171885,-0.008618652441748642,-0.017229530636519417,0.0739268680445151
IEF__momentum_20__always__h20__unit__signal_flip__notional_cap_1,IEF,momentum_20,always,20,unit,signal_flip,notional_cap_1,false,false,false,true,true,false,0.01675794415070653,0.002978834411328218,0.009499182229677373,-0.007735241456151951,-0.004375374913475,-0.01942063426033387,0.13672496025437203
IEF__momentum_20__always__h20__unit__signal_flip__vol_target_10,IEF,momentum_20,always,20,unit,signal_flip,vol_target_10,false,false,false,true,true,false,0.017147562230126034,0.003460813768632765,0.009499182229677373,-0.007735241456151951,-0.006937846227651954,-0.021953785317683147,0.13672496025437203
IEF__momentum_20__always__h5__half__horizon__notional_cap_1,IEF,momentum_20,always,5,half,horizon,notional_cap_1,false,false,false,true,true,false,0.012810979523280858,-0.0014206253309428179,0.011845435179020604,-0.002228875285161862,0.004803653396750052,-0.0074213585510646135,0.1116852146263911
IEF__momentum_20__always__h5__half__horizon__vol_target_10,IEF,momentum_20,always,5,half,horizon,vol_target_10,false,false,false,true,true,false,0.012810979523280858,-0.0014206253309428179,0.011845435179020604,-0.002228875285161862,0.004742410494354468,-0.007480092796586355,0.1116852146263911
IEF__momentum_20__always__h5__half__signal_flip__notional_cap_1,IEF,momentum_20,always,5,half,signal_flip,notional_cap_1,false,false,false,true,true,false,0.009155475265357977,-0.005867479621901264,0.005546288264967452,-0.010079423206785653,-0.0004186928346892691,-0.014250434492947077,0.12400635930047695
IEF__momentum_20__always__h5__half__signal_flip__vol_target_10,IEF,momentum_20,always,5,half,signal_flip,vol_target_10,false,false,false,true,true,false,0.009155475265357977,-0.005867479621901264,0.005546288264967452,-0.010079423206785653,-0.00047993181264097704,-0.014309163842025232,0.12400635930047695
IEF__momentum_20__always__h5__unit__horizon__notional_cap_1,IEF,momentum_20,always,5,unit,horizon,notional_cap_1,false,false,false,true,true,false,0.02361921080835503,-0.004852903972778064,0.022517673943427855,-0.0056348938274514305,0.007346575431197344,-0.017114680627151917,0.2233704292527822
IEF__momentum_20__always__h5__unit__horizon__vol_target_10,IEF,momentum_20,always,5,unit,horizon,vol_target_10,false,false,false,true,true,false,0.02396184423248661,-0.004221909459707687,0.022517673943427855,-0.0056348938274514305,0.005318340625711818,-0.018615729430416235,0.2233704292527822
IEF__momentum_20__always__h5__unit__signal_flip__notional_cap_1,IEF,momentum_20,always,5,unit,signal_flip,notional_cap_1,false,false,false,true,true,false,0.016632460001828893,-0.013419624447870291,0.010098768322191188,-0.021154475021101023,-0.002873073405529518,-0.030556160865269785,0.2480127186009539
IEF__momentum_20__always__h5__unit__signal_flip__vol_target_10,IEF,momentum_20,always,5,unit,signal_flip,vol_target_10,false,false,false,true,true,false,0.0170307676208768,-0.012614044087538022,0.010098768322191188,-0.021154475021101023,-0.005326265575420586,-0.03241847546044987,0.2480127186009539
IEF__momentum_20__trend_100__h20__half__horizon__notional_cap_1,IEF,momentum_20,trend_100,20,half,horizon,notional_cap_1,false,false,false,true,true,false,0.017894995246645538,0.013551276088454285,0.01019607752737455,0.006238372761687828,0.008899800838644743,0.005990882451546988,0.031399046104928455
IEF__momentum_20__trend_100__h20__half__horizon__vol_target_10,IEF,momentum_20,trend_100,20,half,horizon,vol_target_10,false,false,false,true,true,false,0.017894995246645538,0.013551276088454285,0.01019607752737455,0.006238372761687828,0.008841901034482342,0.005928268421743806,0.031399046104928455
IEF__momentum_20__trend_100__h20__half__signal_flip__notional_cap_1,IEF,momentum_20,trend_100,20,half,signal_flip,notional_cap_1,false,false,false,true,true,false,0.009077826490645419,0.0031093402239113803,0.0040585841362330895,-0.0021541592931354253,0.006654443375460629,0.002442855449986998,0.0492845786963434
IEF__momentum_20__trend_100__h20__half__signal_flip__vol_target_10,IEF,momentum_20,trend_100,20,half,signal_flip,vol_target_10,false,false,false,true,true,false,0.009077826490645419,0.0031093402239113803,0.0040585841362330895,-0.0021541592931354253,0.006596545269114683,0.0023802442370339035,0.0492845786963434
IEF__momentum_20__trend_100__h20__unit__horizon__notional_cap_1,IEF,momentum_20,trend_100,20,unit,horizon,notional_cap_1,true,false,false,true,true,false,0.03344270151638342,0.02474597057898266,0.01914916861506292,0.011230909170758016,0.015624497472225676,0.009798044909526234,0.06279809220985691
IEF__momentum_20__trend_100__h20__unit__horizon__vol_target_10,IEF,momentum_20,trend_100,20,unit,horizon,vol_target_10,true,false,false,true,true,false,0.03332939192764999,0.024561344589506474,0.01914916861506292,0.011230909170758016,0.0121837077482588,0.006271142434349192,0.06279809220985691
IEF__momentum_20__trend_100__h20__unit__signal_flip__notional_cap_1,IEF,momentum_20,trend_100,20,unit,signal_flip,notional_cap_1,false,false,false,true,true,false,0.016464219869866174,0.0045227251340558584,0.007142304748429888,-0.0052889551375656235,0.011501379225212962,0.0030683820543200347,0.0985691573926868
IEF__momentum_20__trend_100__h20__unit__signal_flip__vol_target_10,IEF,momentum_20,trend_100,20,unit,signal_flip,vol_target_10,false,false,false,true,true,false,0.016765662451071615,0.004871056407444005,0.007142304748429888,-0.0052889551375656235,0.008085489289652257,-0.000358913879158831,0.0985691573926868
IEF__momentum_20__trend_100__h5__half__horizon__notional_cap_1,IEF,momentum_20,trend_100,5,half,horizon,notional_cap_1,false,false,false,true,true,false,0.00901022658570346,-0.0035512321709348666,0.01205509170742771,0.0002803697042442587,0.015726050945361687,0.007405725015919184,0.09340222575516693
IEF__momentum_20__trend_100__h5__half__horizon__vol_target_10,IEF,momentum_20,trend_100,5,half,horizon,vol_target_10,false,false,false,true,true,false,0.00901022658570346,-0.0035512321709348666,0.01205509170742771,0.0002803697042442587,0.015680935208573502,0.007362633455299705,0.09340222575516693
IEF__momentum_20__trend_100__h5__half__signal_flip__notional_cap_1,IEF,momentum_20,trend_100,5,half,signal_flip,notional_cap_1,false,false,false,true,true,false,0.0054041047171777025,-0.007615352345023934,0.004107704126354816,-0.00831575487059455,0.00925690162236843,0.00033728068865161004,0.0985691573926868
IEF__momentum_20__trend_100__h5__half__signal_flip__vol_target_10,IEF,momentum_20,trend_100,5,half,signal_flip,vol_target_10,false,false,false,true,true,false,0.0054041047171777025,-0.007615352345023934,0.004107704126354816,-0.00831575487059455,0.009211789431054941,0.00029419282651259174,0.0985691573926868
IEF__momentum_20__trend_100__h5__unit__horizon__notional_cap_1,IEF,momentum_20,trend_100,5,unit,horizon,notional_cap_1,false,false,false,true,true,false,0.016225862634204464,-0.008903416100958093,0.023185428832890678,-0.00037609828954104875,0.02984432778780593,0.013189415167015252,0.18680445151033387
IEF__momentum_20__trend_100__h5__unit__horizon__vol_target_10,IEF,momentum_20,trend_100,5,unit,horizon,vol_target_10,false,false,false,true,true,false,0.016380584448358285,-0.008458142352764871,0.023185428832890678,-0.00037609828954104875,0.02604543114417286,0.009872508516989991,0.18680445151033387
IEF__momentum_20__trend_100__h5__unit__signal_flip__notional_cap_1,IEF,momentum_20,trend_100,5,unit,signal_flip,notional_cap_1,false,false,false,true,true,false,0.009313812246193874,-0.01672957891651993,0.0074022855038294215,-0.017452122821010947,0.016952541306643996,-0.0008976435411008547,0.1971383147853736
IEF__momentum_20__trend_100__h5__unit__signal_flip__vol_target_10,IEF,momentum_20,trend_100,5,unit,signal_flip,vol_target_10,false,false,false,true,true,false,0.009789479494595367,-0.01590442993040637,0.0074022855038294215,-0.017452122821010947,0.013216985361189731,-0.00411478201568422,0.1971383147853736
IEF__momentum_60__always__h20__half__horizon__notional_cap_1,IEF,momentum_60,always,20,half,horizon,notional_cap_1,false,false,false,true,true,false,0.008180892451201783,0.0032969304863636533,0.015558660428788156,0.01109810085491156,0.010199894879975389,0.006944516548343178,0.035373608903020666
IEF__momentum_60__always__h20__half__horizon__vol_target_10,IEF,momentum_60,always,20,half,horizon,vol_target_10,false,false,false,true,true,false,0.008180892451201783,0.0032969304863636533,0.015558660428788156,0.01109810085491156,0.010141994080840601,0.00688190170848671,0.035373608903020666
IEF__momentum_60__always__h20__half__signal_flip__notional_cap_1,IEF,momentum_60,always,20,half,signal_flip,notional_cap_1,false,false,false,true,true,false,0.007677258174944883,0.0007436785922174019,0.009054223077877985,0.0024906647021926288,0.003642489962760801,-0.0011690802049771358,0.05206677265500795
IEF__momentum_60__always__h20__half__signal_flip__vol_target_10,IEF,momentum_60,always,20,half,signal_flip,vol_target_10,false,false,false,true,true,false,0.007677258174944883,0.0007436785922174019,0.009054223077877985,0.0024906647021926288,0.0035845939232944553,-0.0012290440384199002,0.05206677265500795
IEF__momentum_60__always__h20__unit__horizon__notional_cap_1,IEF,momentum_60,always,20,unit,horizon,notional_cap_1,false,false,false,true,true,true,0.0136037790763302,0.0038308451242624634,0.02963549704106726,0.02070740818912209,0.01797775440066449,0.011466574937410686,0.07074721780604133
IEF__momentum_60__always__h20__unit__horizon__vol_target_10,IEF,momentum_60,always,20,unit,horizon,vol_target_10,false,false,false,true,true,true,0.013751493479058258,0.0038491638482877778,0.02963549704106726,0.02070740818912209,0.015256812314023583,0.00861897952065763,0.07074721780604133
IEF__momentum_60__always__h20__unit__signal_flip__notional_cap_1,IEF,momentum_60,always,20,unit,signal_flip,notional_cap_1,false,false,false,true,true,true,0.013054680381898862,-0.0008279823198719801,0.016820304076217926,0.003686897282538513,0.005367953491742437,-0.004263064858064628,0.1041335453100159
IEF__momentum_60__always__h20__unit__signal_flip__vol_target_10,IEF,momentum_60,always,20,unit,signal_flip,vol_target_10,false,false,false,true,true,true,0.01338450387712041,-0.000474716128640691,0.016820304076217926,0.003686897282538513,0.0030735889186357924,-0.0065286213865351364,0.1041335453100159
IEF__momentum_60__always__h5__half__horizon__notional_cap_1,IEF,momentum_60,always,5,half,horizon,notional_cap_1,false,false,false,true,true,false,0.006939425420145999,-0.008754825394287942,0.0022796267239506562,-0.012098801820983732,0.009959104750793944,-0.0004564095723636339,0.11406995230524643
IEF__momentum_60__always__h5__half__horizon__vol_target_10,IEF,momentum_60,always,5,half,horizon,vol_target_10,false,false,false,true,true,false,0.006939425420145999,-0.008754825394287942,0.0022796267239506562,-0.012098801820983732,0.009907870859281093,-0.0005052074622497592,0.11406995230524643
IEF__momentum_60__always__h5__half__signal_flip__notional_cap_1,IEF,momentum_60,always,5,half,signal_flip,notional_cap_1,false,false,false,true,true,false,0.005048511916463898,-0.011482329671407564,0.003221699900911208,-0.011855679725566223,0.007886556663352208,-0.0035339289023732217,0.11963434022257552
IEF__momentum_60__always__h5__half__signal_flip__vol_target_10,IEF,momentum_60,always,5,half,signal_flip,vol_target_10,false,false,false,true,true,false,0.005048511916463898,-0.011482329671407564,0.003221699900911208,-0.011855679725566223,0.007835324099192896,-0.0035827249354530074,0.11963434022257552
IEF__momentum_60__always__h5__unit__horizon__notional_cap_1,IEF,momentum_60,always,5,unit,horizon,notional_cap_1,false,false,false,true,true,false,0.011624194395815725,-0.019777974424833915,0.003327314526962999,-0.025440771671852432,0.01796930930524233,-0.002859679624907836,0.22813990461049286
IEF__momentum_60__always__h5__unit__horizon__vol_target_10,IEF,momentum_60,always,5,unit,horizon,vol_target_10,false,false,false,true,true,false,0.011264953103858655,-0.019950762962164133,0.003327314526962999,-0.025440771671852432,0.015014505112726648,-0.005380502136758353,0.22813990461049286
IEF__momentum_60__always__h5__unit__signal_flip__notional_cap_1,IEF,momentum_60,always,5,unit,signal_flip,notional_cap_1,false,false,false,true,true,false,0.007987234420822425,-0.025092423321391867,0.00528733696453491,-0.024874327805285756,0.013965721089020552,-0.008879973161162544,0.23926868044515104
IEF__momentum_60__always__h5__unit__signal_flip__vol_target_10,IEF,momentum_60,always,5,unit,signal_flip,vol_target_10,false,false,false,true,true,false,0.008648894613587196,-0.024196061054038216,0.00528733696453491,-0.024874327805285756,0.01109437306377096,-0.01116232032296963,0.23926868044515104
IEF__momentum_60__trend_100__h20__half__horizon__notional_cap_1,IEF,momentum_60,trend_100,20,half,horizon,notional_cap_1,false,false,false,true,true,false,0.015914042412822862,0.011279304894286394,0.015651114501679147,0.011690941433206627,0.008655567986089999,0.005497017243972719,0.031399046104928455
IEF__momentum_60__trend_100__h20__half__horizon__vol_target_10,IEF,momentum_60,trend_100,20,half,horizon,vol_target_10,false,false,false,true,true,false,0.015914042412822862,0.011279304894286394,0.015651114501679147,0.011690941433206627,0.00859766831773611,0.005434403549895906,0.031399046104928455
IEF__momentum_60__trend_100__h20__half__signal_flip__notional_cap_1,IEF,momentum_60,trend_100,20,half,signal_flip,notional_cap_1,false,false,false,true,true,false,0.010739558547896275,0.004641821757579891,0.012049057439346353,0.006686259874729824,0.0038075837199955647,-0.00010032651737784898,0.042527821939586645
IEF__momentum_60__trend_100__h20__half__signal_flip__vol_target_10,IEF,momentum_60,trend_100,20,half,signal_flip,vol_target_10,false,false,false,true,true,false,0.010739558547896275,0.004641821757579891,0.012049057439346353,0.006686259874729824,0.003749687587423381,-0.0001602910998078443,0.042527821939586645
IEF__momentum_60__trend_100__h20__unit__horizon__notional_cap_1,IEF,momentum_60,trend_100,20,unit,horizon,notional_cap_1,false,false,false,true,true,true,0.029142850445993424,0.0198661520274767,0.02998548185409385,0.02205734919864575,0.015036182914153103,0.008711995843935184,0.06279809220985691
IEF__momentum_60__trend_100__h20__unit__horizon__vol_target_10,IEF,momentum_60,trend_100,20,unit,horizon,vol_target_10,true,true,true,true,true,true,0.029287650146078197,0.01990876960464382,0.02998548185409385,0.02205734919864575,0.011518851011452554,0.005127370017790504,0.06279809220985691
IEF__momentum_60__trend_100__h20__unit__signal_flip__notional_cap_1,IEF,momentum_60,trend_100,20,unit,signal_flip,notional_cap_1,false,false,false,true,true,true,0.019248371939929704,0.00704020623561782,0.02289106282574798,0.012156883696057705,0.005761905627199654,-0.0020573346863639475,0.08505564387917329
IEF__momentum_60__trend_100__h20__unit__signal_flip__vol_target_10,IEF,momentum_60,trend_100,20,unit,signal_flip,vol_target_10,false,false,false,true,true,true,0.0195782089751172,0.0073934917660443515,0.02289106282574798,0.012156883696057705,0.0035330303262013155,-0.004253600319176128,0.08505564387917329
IEF__momentum_60__trend_100__h5__half__horizon__notional_cap_1,IEF,momentum_60,trend_100,5,half,horizon,notional_cap_1,false,false,false,true,true,false,0.00915573934954186,-0.005284554561869156,0.004950623079966366,-0.00822459311226494,0.014951726414601728,0.005532782012064829,0.10453100158982512
IEF__momentum_60__trend_100__h5__half__horizon__vol_target_10,IEF,momentum_60,trend_100,5,half,horizon,vol_target_10,false,false,false,true,true,false,0.00915573934954186,-0.005284554561869156,0.004950623079966366,-0.00822459311226494,0.014906611075620385,0.005489691405715036,0.10453100158982512
IEF__momentum_60__trend_100__h5__half__signal_flip__notional_cap_1,IEF,momentum_60,trend_100,5,half,signal_flip,notional_cap_1,false,false,false,true,true,false,0.005716764661122216,-0.009561812704488108,0.006418469822415323,-0.007159008946101975,0.0033942488450992648,-0.006523075391312293,0.10771065182829889
IEF__momentum_60__trend_100__h5__half__signal_flip__vol_target_10,IEF,momentum_60,trend_100,5,half,signal_flip,vol_target_10,false,false,false,true,true,false,0.005716764661122216,-0.009561812704488108,0.006418469822415323,-0.007159008946101975,0.003343019097480074,-0.006571869626248498,0.10771065182829889
IEF__momentum_60__trend_100__h5__unit__horizon__notional_cap_1,IEF,momentum_60,trend_100,5,unit,horizon,notional_cap_1,false,false,false,true,true,false,0.01625334680214083,-0.012636305664695261,0.008755156866765016,-0.017603895501524254,0.02820394222438436,0.009358053326478436,0.20906200317965024
IEF__momentum_60__trend_100__h5__unit__horizon__vol_target_10,IEF,momentum_60,trend_100,5,unit,horizon,vol_target_10,false,false,false,true,true,false,0.016080412357058003,-0.012621955437167346,0.008755156866765016,-0.017603895501524254,0.02433077308426053,0.005917290470719226,0.20906200317965024
IEF__momentum_60__trend_100__h5__unit__signal_flip__notional_cap_1,IEF,momentum_60,trend_100,5,unit,signal_flip,notional_cap_1,false,false,false,true,true,false,0.009449644074952464,-0.021124268036495426,0.011750178176783482,-0.015416652636554371,0.005092327653846634,-0.014745490754438689,0.21542130365659778
IEF__momentum_60__trend_100__h5__unit__signal_flip__vol_target_10,IEF,momentum_60,trend_100,5,unit,signal_flip,vol_target_10,false,false,false,true,true,false,0.010704902244072754,-0.01965388095014951,0.011750178176783482,-0.015416652636554371,0.0027999218237386102,-0.016497992561454976,0.21542130365659778
IWM__mean_reversion_5__always__h20__half__horizon__notional_cap_1,IWM,mean_reversion_5,always,20,half,horizon,notional_cap_1,false,false,false,true,true,false,0.06952439652161546,0.06434658180745402,0.022296921671417384,0.017037315542707,0.04088532114614173,0.0355213601906606,0.0417329093799682
IWM__mean_reversion_5__always__h20__half__horizon__vol_target_10,IWM,mean_reversion_5,always,20,half,horizon,vol_target_10,false,false,false,true,true,false,0.04898007187881144,0.04395111676426175,0.016356052624290678,0.010991050128177594,0.024567287691992245,0.019259282874611133,0.042586424052868284
IWM__mean_reversion_5__always__h20__half__signal_flip__notional_cap_1,IWM,mean_reversion_5,always,20,half,signal_flip,notional_cap_1,false,false,false,true,true,false,0.048398500027186105,0.036076025617320776,0.0021369332386744202,-0.01068661282020604,0.02094333488281779,0.007501349579474206,0.10174880763116058
IWM__mean_reversion_5__always__h20__half__signal_flip__vol_target_10,IWM,mean_reversion_5,always,20,half,signal_flip,vol_target_10,false,false,false,true,true,false,0.04252987682022847,0.03155159855556433,0.0010404965649674011,-0.011575973302120967,0.012813017279107091,0.0010775222559550757,0.10010842383097397
IWM__mean_reversion_5__always__h20__unit__horizon__notional_cap_1,IWM,mean_reversion_5,always,20,unit,horizon,notional_cap_1,true,true,false,true,true,false,0.0998105900599725,0.08944635107087652,0.026641406876448274,0.016119675525358743,0.031675573932738926,0.020936741239590273,0.0834658187599364
IWM__mean_reversion_5__always__h20__unit__horizon__vol_target_10,IWM,mean_reversion_5,always,20,unit,horizon,vol_target_10,false,false,false,true,true,false,0.045604912110954056,0.03794918200215544,-0.002756286928958058,-0.01234140225906184,0.023768249591079055,0.017004735784384422,0.07604442887490125
IWM__mean_reversion_5__always__h20__unit__signal_flip__notional_cap_1,IWM,mean_reversion_5,always,20,unit,signal_flip,notional_cap_1,false,false,false,true,true,false,0.07376316037364575,0.049089156773919555,-0.006599510288545499,-0.03225299500101485,0.009347603442241212,-0.01757773045793755,0.20349761526232116
IWM__mean_reversion_5__always__h20__unit__signal_flip__vol_target_10,IWM,mean_reversion_5,always,20,unit,signal_flip,vol_target_10,false,false,false,true,true,false,0.05107171864640941,0.036462478848108555,-0.017309104711171412,-0.036507397036497635,0.012809625791515986,-0.0007067801811099939,0.15226568082616584
IWM__mean_reversion_5__always__h5__half__horizon__notional_cap_1,IWM,mean_reversion_5,always,5,half,horizon,notional_cap_1,false,false,false,true,true,false,0.062478103707808014,0.04949847209850947,0.009317377539420732,-0.004713563279819196,0.05887088433386613,0.04481584288471775,0.11128775834658187
IWM__mean_reversion_5__always__h5__half__horizon__vol_target_10,IWM,mean_reversion_5,always,5,half,horizon,vol_target_10,false,false,false,true,true,false,0.04841932104870958,0.03688379844200628,0.008981073603905388,-0.0048512082637119265,0.034679683544132325,0.022304787770851653,0.10971385395248838
IWM__mean_reversion_5__always__h5__half__signal_flip__notional_cap_1,IWM,mean_reversion_5,always,5,half,signal_flip,notional_cap_1,false,false,false,true,true,false,0.0345395028736552,0.01904477859292434,0.002830674651192468,-0.013500470267407746,0.02726165289725767,0.01040190449519885,0.12957074721780604
IWM__mean_reversion_5__always__h5__half__signal_flip__vol_target_10,IWM,mean_reversion_5,always,5,half,signal_flip,vol_target_10,false,false,false,true,true,false,0.03217779474245437,0.018657450821759708,0.0021641860113235413,-0.013842894985352851,0.01213814992632543,-0.00255639652487632,0.1269950697652542
IWM__mean_reversion_5__always__h5__unit__horizon__notional_cap_1,IWM,mean_reversion_5,always,5,unit,horizon,notional_cap_1,true,false,false,true,true,false,0.09917519363917948,0.07320766057946879,0.005974235117937477,-0.022105013055683586,0.08173549282036129,0.05355984212710642,0.22257551669316375
IWM__mean_reversion_5__always__h5__unit__horizon__vol_target_10,IWM,mean_reversion_5,always,5,unit,horizon,vol_target_10,false,false,false,true,true,false,0.0503693888973951,0.03510507640616307,-0.0010484703149285356,-0.021947712491625075,0.03300164895038727,0.018712087095546254,0.16573715606503112
IWM__mean_reversion_5__always__h5__unit__signal_flip__notional_cap_1,IWM,mean_reversion_5,always,5,unit,signal_flip,notional_cap_1,false,false,false,true,true,false,0.049010257852237296,0.01798897662335361,-0.00466427754785325,-0.037337028923366954,0.02301465292448393,-0.010770922559744947,0.2591414944356121
IWM__mean_reversion_5__always__h5__unit__signal_flip__vol_target_10,IWM,mean_reversion_5,always,5,unit,signal_flip,vol_target_10,false,false,false,true,true,false,0.03930856275621107,0.021705658182028572,-0.014975394093729857,-0.038621722647849646,0.011358794297969772,-0.005483272218086993,0.1875241872283283
IWM__mean_reversion_5__trend_100__h20__half__horizon__notional_cap_1,IWM,mean_reversion_5,trend_100,20,half,horizon,notional_cap_1,false,false,false,true,true,false,0.017028849945704867,0.013104936031446034,0.010964530383615476,0.0070576284829340094,0.016129853980016363,0.012772495495352098,0.031001589825119236
IWM__mean_reversion_5__trend_100__h20__half__horizon__vol_target_10,IWM,mean_reversion_5,trend_100,20,half,horizon,vol_target_10,false,false,false,true,true,false,0.012772576591783522,0.008826936362567539,0.008962991636145484,0.0050411454881886045,0.009112390750800291,0.005692859334530397,0.031123351191610506
IWM__mean_reversion_5__trend_100__h20__half__signal_flip__notional_cap_1,IWM,mean_reversion_5,trend_100,20,half,signal_flip,notional_cap_1,false,false,false,true,true,false,0.021987297792683217,0.012538231496843674,-0.012332659688744176,-0.022359176757015604,-0.03409999502007917,-0.04182662881829091,0.0794912559618442
IWM__mean_reversion_5__trend_100__h20__half__signal_flip__vol_target_10,IWM,mean_reversion_5,trend_100,20,half,signal_flip,vol_target_10,false,false,false,true,true,false,0.022208845646814482,0.013355514751607424,-0.012843557035628301,-0.02283720054837204,-0.01772699731605334,-0.024807004567415337,0.07923264385023816
IWM__mean_reversion_5__trend_100__h20__unit__horizon__notional_cap_1,IWM,mean_reversion_5,trend_100,20,unit,horizon,notional_cap_1,false,false,false,true,true,false,0.013537873955005428,0.005685926907241637,0.011743546017768957,0.003928339050973138,0.012530293503531624,0.0058115113931734574,0.06200317965023847
IWM__mean_reversion_5__trend_100__h20__unit__horizon__vol_target_10,IWM,mean_reversion_5,trend_100,20,unit,horizon,vol_target_10,false,false,false,true,true,false,0.008177091508969643,0.0017721308773953753,0.000897001955175095,-0.006774961865227827,0.0069239666695938284,0.0022232520549001836,0.060888553015772603
IWM__mean_reversion_5__trend_100__h20__unit__signal_flip__notional_cap_1,IWM,mean_reversion_5,trend_100,20,unit,signal_flip,notional_cap_1,false,false,false,true,true,false,0.0312990905084817,0.01236110347081891,-0.03110631125100188,-0.05118058302170283,-0.08991319152705715,-0.10539524341306784,0.1589825119236884
IWM__mean_reversion_5__trend_100__h20__unit__signal_flip__vol_target_10,IWM,mean_reversion_5,trend_100,20,unit,signal_flip,vol_target_10,false,false,false,true,true,false,0.029693772125300354,0.017430096087402702,-0.034574742795993166,-0.05081472016002813,-0.019331962172508408,-0.027757415562464367,0.12870943923148143
IWM__mean_reversion_5__trend_100__h5__half__horizon__notional_cap_1,IWM,mean_reversion_5,trend_100,5,half,horizon,notional_cap_1,false,false,false,true,true,false,0.025542097431790978,0.01660534027142073,0.006341490400679915,-0.0036825137201942307,0.035898039714100057,0.028019990679971938,0.0794912559618442
IWM__mean_reversion_5__trend_100__h5__half__horizon__vol_target_10,IWM,mean_reversion_5,trend_100,5,half,horizon,vol_target_10,false,false,false,true,true,false,0.02447945882623217,0.016049725697000236,0.0056739678875701235,-0.00434958019098397,0.025784131502228164,0.018524406692182034,0.07948953161395433
IWM__mean_reversion_5__trend_100__h5__half__signal_flip__notional_cap_1,IWM,mean_reversion_5,trend_100,5,half,signal_flip,notional_cap_1,false,false,false,true,true,false,0.019913026609519848,0.008880319114221434,-0.011248173129655887,-0.02278022849328191,0.0032662164614176504,-0.00586672375548155,0.09141494435612083
IWM__mean_reversion_5__trend_100__h5__half__signal_flip__vol_target_10,IWM,mean_reversion_5,trend_100,5,half,signal_flip,vol_target_10,false,false,false,true,true,false,0.02004042366718907,0.009798283237698081,-0.011581381242952717,-0.023075232886790496,-0.004877013085937845,-0.013218132842733106,0.09111310063550127
IWM__mean_reversion_5__trend_100__h5__unit__horizon__notional_cap_1,IWM,mean_reversion_5,trend_100,5,unit,horizon,notional_cap_1,false,false,false,true,true,false,0.039688077144382466,0.02179800214528561,0.006154667485072868,-0.013909552496038959,0.059297958538435336,0.04351072265629487,0.1589825119236884
IWM__mean_reversion_5__trend_100__h5__unit__horizon__vol_target_10,IWM,mean_reversion_5,trend_100,5,unit,horizon,vol_target_10,false,false,false,true,true,false,0.027394171901342166,0.01565655094148887,-0.003422484700920098,-0.01976386408812495,0.02767646591911726,0.01889236074643575,0.1295696660281453
IWM__mean_reversion_5__trend_100__h5__unit__signal_flip__notional_cap_1,IWM,mean_reversion_5,trend_100,5,unit,signal_flip,notional_cap_1,false,false,false,true,true,false,0.03142598193476842,0.009324291026422463,-0.027619115412105065,-0.0507107708888667,-0.004360994249718669,-0.022663820300145344,0.18282988871224165
IWM__mean_reversion_5__trend_100__h5__unit__signal_flip__vol_target_10,IWM,mean_reversion_5,trend_100,5,unit,signal_flip,vol_target_10,false,false,false,true,true,false,0.027133342162060727,0.013214167398986268,-0.029652060386469562,-0.047979309875499594,-0.007279182655628484,-0.017248881397353474,0.14523228985534115
IWM__momentum_20__always__h20__half__horizon__notional_cap_1,IWM,momentum_20,always,20,half,horizon,notional_cap_1,false,false,false,true,true,false,0.042056322503884,0.03697605716158678,0.01768535013938232,0.012780015814350353,0.0563819856234558,0.0518303398489169,0.038950715421303655
IWM__momentum_20__always__h20__half__horizon__vol_target_10,IWM,momentum_20,always,20,half,horizon,vol_target_10,false,false,false,true,true,false,0.042291904297310466,0.03737921766234061,0.016299636939793905,0.011332776790101026,0.03321772601899663,0.028695067684573743,0.03944952788421297
IWM__momentum_20__always__h20__half__signal_flip__notional_cap_1,IWM,momentum_20,always,20,half,signal_flip,notional_cap_1,false,false,false,true,true,false,0.027630305266735586,0.019745587707345566,0.021054860734294856,0.012736385677351414,0.03427203099864583,0.0259263801732828,0.06597774244833068
IWM__momentum_20__always__h20__half__signal_flip__vol_target_10,IWM,momentum_20,always,20,half,signal_flip,vol_target_10,false,false,false,true,true,false,0.025294433119083196,0.018127515664017102,0.02000274627424354,0.01180473771386105,0.016364655266785388,0.008679128338740122,0.06501847947720606
IWM__momentum_20__always__h20__unit__horizon__notional_cap_1,IWM,momentum_20,always,20,unit,horizon,notional_cap_1,false,false,false,true,true,false,0.05494044233341763,0.044799513414559906,0.02193232583574827,0.012126568821788926,0.08241317619811614,0.07332106050854557,0.07790143084260731
IWM__momentum_20__always__h20__unit__horizon__vol_target_10,IWM,momentum_20,always,20,unit,horizon,vol_target_10,false,false,false,true,true,false,0.0367822555050653,0.028903190602563508,0.009217017938415832,-0.00020476911937656987,0.03168391620081949,0.025891580575613665,0.07482491643552647
IWM__momentum_20__always__h20__unit__signal_flip__notional_cap_1,IWM,momentum_20,always,20,unit,signal_flip,notional_cap_1,false,false,false,true,true,false,0.036067570735817026,0.020299561425409285,0.03390598029806951,0.017258471167275084,0.04530383464641177,0.02864778142445093,0.13195548489666137
IWM__momentum_20__always__h20__unit__signal_flip__vol_target_10,IWM,momentum_20,always,20,unit,signal_flip,vol_target_10,false,false,false,true,true,false,0.01942435736605886,0.00904809784662595,0.02803635067855617,0.014505734766998709,0.012586187568140492,0.003409528661848493,0.10726006579419615
IWM__momentum_20__always__h5__half__horizon__notional_cap_1,IWM,momentum_20,always,5,half,horizon,notional_cap_1,false,false,false,true,true,false,0.04024199520052264,0.024899558386860227,0.02705725799194241,0.012222728835898592,0.05182889375165015,0.037460583081333015,0.11764705882352941
IWM__momentum_20__always__h5__half__horizon__vol_target_10,IWM,momentum_20,always,5,half,horizon,vol_target_10,false,false,false,true,true,false,0.03849261591434536,0.024488291397929667,0.024894737652580434,0.010183255815426428,0.03772219310106438,0.024916456351785035,0.11668351567288181
IWM__momentum_20__always__h5__half__signal_flip__notional_cap_1,IWM,momentum_20,always,5,half,signal_flip,notional_cap_1,false,false,false,true,true,false,0.029571497146959034,0.013264752462315229,-0.001276467115821198,-0.01800440203165155,0.033639024954335,0.01758571950087815,0.1327503974562798
IWM__momentum_20__always__h5__half__signal_flip__vol_target_10,IWM,momentum_20,always,5,half,signal_flip,vol_target_10,false,false,false,true,true,false,0.029895624799678742,0.01509145861771274,-0.0018665624076604427,-0.0183776491247886,0.020139889583566006,0.005955922579288063,0.13102857193115874
IWM__momentum_20__always__h5__unit__horizon__notional_cap_1,IWM,momentum_20,always,5,unit,horizon,notional_cap_1,false,false,false,true,true,false,0.0609385000073888,0.030276037520951093,0.04555014166570276,0.01585908386505693,0.08042195656462958,0.05169434186428316,0.23529411764705882
IWM__momentum_20__always__h5__unit__horizon__vol_target_10,IWM,momentum_20,always,5,unit,horizon,vol_target_10,false,false,false,true,true,false,0.04067824175186968,0.021337717022995112,0.030662503871807436,0.007181348627568565,0.03940879920515404,0.024563930772640366,0.1861244073976955
IWM__momentum_20__always__h5__unit__signal_flip__notional_cap_1,IWM,momentum_20,always,5,unit,signal_flip,notional_cap_1,false,false,false,true,true,false,0.0426400945481014,0.010039605875751367,-0.009601003598420175,-0.04305964310275903,0.046437428911139944,0.01437524048364009,0.2655007949125596
IWM__momentum_20__always__h5__unit__signal_flip__vol_target_10,IWM,momentum_20,always,5,unit,signal_flip,vol_target_10,false,false,false,true,true,false,0.027891694500450995,0.007730127935305607,-0.003718576326585099,-0.02972385287509523,0.016785304970714766,0.00047920341137263137,0.20631159747355415
IWM__momentum_20__trend_100__h20__half__horizon__notional_cap_1,IWM,momentum_20,trend_100,20,half,horizon,notional_cap_1,false,false,false,true,true,false,0.035494361920255915,0.031030089738141302,0.014068121461557514,0.009663396688274534,0.01429898742266564,0.010254399078876385,0.034976152623211444
IWM__momentum_20__trend_100__h20__half__horizon__vol_target_10,IWM,momentum_20,trend_100,20,half,horizon,vol_target_10,false,false,false,true,true,false,0.03497384920395549,0.030567397001746623,0.013492163741507733,0.009065773194680486,0.009367515907148724,0.005258103511188574,0.035152203867193865
IWM__momentum_20__trend_100__h20__half__signal_flip__notional_cap_1,IWM,momentum_20,trend_100,20,half,signal_flip,notional_cap_1,false,false,false,true,true,false,0.029529293937319387,0.022885262632958786,0.011889635683928194,0.004872334055738579,0.01380909072038355,0.007666628776673404,0.05564387917329094
IWM__momentum_20__trend_100__h20__half__signal_flip__vol_target_10,IWM,momentum_20,trend_100,20,half,signal_flip,vol_target_10,false,false,false,true,true,false,0.02723293597993421,0.0209304550860604,0.011844665360987605,0.004828963213271416,0.008222154369576183,0.0023601439668965276,0.0556337459407563
IWM__momentum_20__trend_100__h20__unit__horizon__notional_cap_1,IWM,momentum_20,trend_100,20,unit,horizon,notional_cap_1,false,false,false,true,true,false,0.04996023178698457,0.0410316198797182,0.017655589184862402,0.00885068055277978,0.004160566542809045,-0.003904909248882142,0.06995230524642289
IWM__momentum_20__trend_100__h20__unit__horizon__vol_target_10,IWM,momentum_20,trend_100,20,unit,horizon,vol_target_10,false,false,false,true,true,false,0.029069788126919724,0.021769118725694855,0.013379219061640232,0.0046164338696214995,0.011690269263145776,0.006301080175301918,0.06958626033136578
IWM__momentum_20__trend_100__h20__unit__signal_flip__notional_cap_1,IWM,momentum_20,trend_100,20,unit,signal_flip,notional_cap_1,false,false,false,true,true,false,0.04384292939166211,0.030534353843093873,0.01716049186130874,0.003113542900219606,0.01044145986086649,-0.0018088330650074605,0.11128775834658187
IWM__momentum_20__trend_100__h20__unit__signal_flip__vol_target_10,IWM,momentum_20,trend_100,20,unit,signal_flip,vol_target_10,false,false,false,true,true,false,0.022875648239754083,0.013433718973970837,0.021609618497477556,0.009389319134314308,0.002890476550937146,-0.004301204458177825,0.09687378500658389
IWM__momentum_20__trend_100__h5__half__horizon__notional_cap_1,IWM,momentum_20,trend_100,5,half,horizon,notional_cap_1,false,false,false,true,true,false,0.04429981475990521,0.0307344331909382,0.01248484912033625,-0.0006401635434802504,0.02324098789154496,0.011471658616624726,0.1041335453100159
IWM__momentum_20__trend_100__h5__half__horizon__vol_target_10,IWM,momentum_20,trend_100,5,half,horizon,vol_target_10,false,false,false,true,true,false,0.04003265065141909,0.02730642512562158,0.012119864320487703,-0.0009772029690925544,0.02219793299103371,0.011407177286183692,0.10391667168328184
IWM__momentum_20__trend_100__h5__half__signal_flip__notional_cap_1,IWM,momentum_20,trend_100,5,half,signal_flip,notional_cap_1,false,false,false,true,true,false,0.03128669986487294,0.016631132838338107,0.0006950199505964092,-0.014031702701434902,0.002572071597651225,-0.009882356975792829,0.11685214626391097
IWM__momentum_20__trend_100__h5__half__signal_flip__vol_target_10,IWM,momentum_20,trend_100,5,half,signal_flip,vol_target_10,false,false,false,true,true,false,0.02902416797296752,0.015349228717609142,0.0007744229752001995,-0.013910786760367206,0.002618736321217969,-0.008747193919574832,0.11652629043736387
IWM__momentum_20__trend_100__h5__unit__horizon__notional_cap_1,IWM,momentum_20,trend_100,5,unit,horizon,notional_cap_1,false,false,false,true,true,false,0.07389411201975371,0.04675179104189896,0.01819861428738622,-0.008059782949755755,0.02887742692389044,0.0053374707145116,0.2082670906200318
IWM__momentum_20__trend_100__h5__unit__horizon__vol_target_10,IWM,momentum_20,trend_100,5,unit,horizon,vol_target_10,false,false,false,true,true,false,0.039977366976558015,0.022037652161215417,0.019712862628022628,-0.0018744114777984443,0.021699563533683026,0.008986184158728401,0.1711991787624406
IWM__momentum_20__trend_100__h5__unit__signal_flip__notional_cap_1,IWM,momentum_20,trend_100,5,unit,signal_flip,notional_cap_1,false,false,false,true,true,false,0.04891663257207498,0.019583106187789967,-0.004212619720666994,-0.03367276947028665,-0.01047366909429167,-0.03535179674259886,0.23370429252782193
IWM__momentum_20__trend_100__h5__unit__signal_flip__vol_target_10,IWM,momentum_20,trend_100,5,unit,signal_flip,vol_target_10,false,false,false,true,true,false,0.026682409590789616,0.007741681811405745,0.0013816927072419242,-0.02268143129080374,-0.0022279554132572073,-0.015508788547927463,0.19087855667451564
IWM__momentum_60__always__h20__half__horizon__notional_cap_1,IWM,momentum_60,always,20,half,horizon,notional_cap_1,false,false,false,true,true,false,0.05524232139451165,0.05002770599436617,0.0180821178299436,0.013174266818405035,0.0012139655868581758,-0.003291436235775781,0.038950715421303655
IWM__momentum_60__always__h20__half__horizon__vol_target_10,IWM,momentum_60,always,20,half,horizon,vol_target_10,false,false,false,true,true,false,0.05168556616648227,0.046536429748581805,0.01515023523748925,0.010176978845418367,-0.003897561688842135,-0.008479854968003745,0.039473345259714326
IWM__momentum_60__always__h20__half__signal_flip__notional_cap_1,IWM,momentum_60,always,20,half,signal_flip,notional_cap_1,false,false,false,true,true,false,0.047734046166696534,0.040842120408675124,0.01969050000253486,0.012977172570204868,-0.010084352643178503,-0.016795140182356883,0.05325914149443561
IWM__momentum_60__always__h20__half__signal_flip__vol_target_10,IWM,momentum_60,always,20,half,signal_flip,vol_target_10,false,false,false,true,true,false,0.045193161970765235,0.03867787001911726,0.0179350381696379,0.01125448790750766,-0.012276997423654724,-0.018721625464843343,0.05299771145625478
IWM__momentum_60__always__h20__unit__horizon__notional_cap_1,IWM,momentum_60,always,20,unit,horizon,notional_cap_1,false,false,false,true,true,false,0.07990919816082878,0.0694812001364058,0.02304644588257219,0.013230622122586449,-0.025476884870373154,-0.03448418373483585,0.07790143084260731
IWM__momentum_60__always__h20__unit__horizon__vol_target_10,IWM,momentum_60,always,20,unit,horizon,vol_target_10,false,false,false,true,true,false,0.045354609750434066,0.03710596554383436,0.00786983750387216,-0.0016315080391673172,-0.008261273686260864,-0.01429776801606296,0.0753434201402517
IWM__momentum_60__always__h20__unit__signal_flip__notional_cap_1,IWM,momentum_60,always,20,unit,signal_flip,notional_cap_1,false,false,false,true,true,false,0.07551718069327681,0.06171768958172097,0.030103163762126604,0.016671157689404425,-0.04197641216253896,-0.055398258662654694,0.10651828298887123
IWM__momentum_60__always__h20__unit__signal_flip__vol_target_10,IWM,momentum_60,always,20,unit,signal_flip,vol_target_10,false,false,false,true,true,false,0.03666944353265424,0.026840868211970962,0.01470342165023982,0.0031361879125657317,-0.01897805238797925,-0.02696372324260108,0.09171405319788348
IWM__momentum_60__always__h5__half__horizon__notional_cap_1,IWM,momentum_60,always,5,half,horizon,notional_cap_1,false,false,false,true,true,false,0.010848311935852867,-0.005475703347889068,0.015712858757568924,0.0002884531674098873,0.011903828538040567,-0.002307574107181805,0.12241653418124006
IWM__momentum_60__always__h5__half__horizon__vol_target_10,IWM,momentum_60,always,5,half,horizon,vol_target_10,false,false,false,true,true,false,0.018138115206245874,0.0028824434961305188,0.014529713178008184,-0.0008247864764174811,0.008855064712354277,-0.004168737230788845,0.12186331712170442
IWM__momentum_60__always__h5__half__signal_flip__notional_cap_1,IWM,momentum_60,always,5,half,signal_flip,notional_cap_1,false,false,false,true,true,false,0.028618508058848774,0.011709281378013246,0.013992472087320613,-0.0022354771241545985,0.0045867432889836746,-0.01082276633530538,0.1287758346581876
IWM__momentum_60__always__h5__half__signal_flip__vol_target_10,IWM,momentum_60,always,5,half,signal_flip,vol_target_10,false,false,false,true,true,false,0.024969517173537455,0.00921440598586937,0.012849736091483516,-0.0032627233796984705,0.002099476920091519,-0.01201006236512752,0.1278573897013643
IWM__momentum_60__always__h5__unit__horizon__notional_cap_1,IWM,momentum_60,always,5,unit,horizon,notional_cap_1,false,false,false,true,true,false,0.0018921854917562028,-0.030777385576986345,0.022226751405474244,-0.008621904341489378,0.0026886019105091946,-0.02571185763699394,0.24483306836248012
IWM__momentum_60__always__h5__unit__horizon__vol_target_10,IWM,momentum_60,always,5,unit,horizon,vol_target_10,false,false,false,true,true,false,0.010856331685154205,-0.009932534098693109,0.008620784850975673,-0.016378661937234168,0.005568923553879718,-0.009643153217481066,0.19838469319355476
IWM__momentum_60__always__h5__unit__signal_flip__notional_cap_1,IWM,momentum_60,always,5,unit,signal_flip,notional_cap_1,false,false,false,true,true,false,0.03950219647380599,0.005659991737218879,0.01985536370699305,-0.012604922805044494,-0.01027826372800789,-0.04106733561149158,0.2575516693163752
IWM__momentum_60__always__h5__unit__signal_flip__vol_target_10,IWM,momentum_60,always,5,unit,signal_flip,vol_target_10,false,false,false,true,true,false,0.015481657330308986,-0.005917850885126772,0.008923642630444355,-0.016988515350882666,-0.0035921772280834005,-0.020064701072902418,0.2055818609214961
IWM__momentum_60__trend_100__h20__half__horizon__notional_cap_1,IWM,momentum_60,trend_100,20,half,horizon,notional_cap_1,false,false,false,true,true,false,0.05977210023207369,0.0550507782106519,0.0024593770114783604,-0.002149933541352029,0.003431660490013321,-0.0005670808375361804,0.03656597774244833
IWM__momentum_60__trend_100__h20__half__horizon__vol_target_10,IWM,momentum_60,trend_100,20,half,horizon,vol_target_10,false,false,false,true,true,false,0.053212197132295705,0.048520153231070715,0.0004605686166523921,-0.004191375871438891,-0.0007793277643629911,-0.0048414528787217095,0.036905553104591135
IWM__momentum_60__trend_100__h20__half__signal_flip__notional_cap_1,IWM,momentum_60,trend_100,20,half,signal_flip,notional_cap_1,false,false,false,true,true,false,0.04217921590168873,0.03603454274595622,0.012785738704374612,0.007075844399651803,0.00024486540076328576,-0.005258387944202209,0.04531001589825119
IWM__momentum_60__trend_100__h20__half__signal_flip__vol_target_10,IWM,momentum_60,trend_100,20,half,signal_flip,vol_target_10,false,false,false,true,true,false,0.04107045620801271,0.03512496933499199,0.011314023630239763,0.005590244284318966,-0.004453368025427604,-0.009843625656072625,0.0454168696435946
IWM__momentum_60__trend_100__h20__unit__horizon__notional_cap_1,IWM,momentum_60,trend_100,20,unit,horizon,notional_cap_1,true,false,false,true,true,false,0.0975079585441894,0.08805180953134989,-0.007506822637711581,-0.01672943845793615,-0.017013351680646313,-0.024995598389890416,0.07313195548489666
IWM__momentum_60__trend_100__h20__unit__horizon__vol_target_10,IWM,momentum_60,trend_100,20,unit,horizon,vol_target_10,false,false,false,true,true,false,0.05268611596995396,0.04503814073068082,-0.00856756968354536,-0.017522856332291517,-0.00400949336675462,-0.009485746418170468,0.07097501196275231
IWM__momentum_60__trend_100__h20__unit__signal_flip__notional_cap_1,IWM,momentum_60,trend_100,20,unit,signal_flip,notional_cap_1,false,false,false,true,true,false,0.06540403976569586,0.05309157230832875,0.016847517615590602,0.0054260644030586815,-0.020396268126676442,-0.03139179343022681,0.09062003179650238
IWM__momentum_60__trend_100__h20__unit__signal_flip__vol_target_10,IWM,momentum_60,trend_100,20,unit,signal_flip,vol_target_10,false,false,false,true,true,false,0.03286622681684685,0.02365752980906933,0.009107658121725891,-0.001136839137865834,-0.010672778453024424,-0.01755386929430899,0.08124397624552354
IWM__momentum_60__trend_100__h5__half__horizon__notional_cap_1,IWM,momentum_60,trend_100,5,half,horizon,notional_cap_1,false,false,false,true,true,false,0.03605680225806604,0.020483481939769836,0.014562851394593065,-5.680437492214859e-5,0.009675203679404167,-0.003538491370988376,0.11605723370429252
IWM__momentum_60__trend_100__h5__half__horizon__vol_target_10,IWM,momentum_60,trend_100,5,half,horizon,vol_target_10,false,false,false,true,true,false,0.03501270328292705,0.020375819859079373,0.013118041075632813,-0.0014415100926127452,0.005430707613425071,-0.006749342135041907,0.11558347261268183
IWM__momentum_60__trend_100__h5__half__signal_flip__notional_cap_1,IWM,momentum_60,trend_100,5,half,signal_flip,notional_cap_1,false,false,false,true,true,false,0.03689850283639195,0.02090970251617482,0.010804790079992079,-0.0041146538004693985,0.020229246392963737,0.006325928909994588,0.11844197138314785
IWM__momentum_60__trend_100__h5__half__signal_flip__vol_target_10,IWM,momentum_60,trend_100,5,half,signal_flip,vol_target_10,false,false,false,true,true,false,0.0328401433540496,0.017856928841036797,0.009993953525351127,-0.004856381027529913,0.015124068049985093,0.002316387481666333,0.11789116889233302
IWM__momentum_60__trend_100__h5__unit__horizon__notional_cap_1,IWM,momentum_60,trend_100,5,unit,horizon,notional_cap_1,false,false,false,true,true,false,0.05429508452895326,0.023126306567026758,0.02063850255770438,-0.008593697626874732,0.0001396064505263736,-0.02627320236789591,0.23211446740858505
IWM__momentum_60__trend_100__h5__unit__horizon__vol_target_10,IWM,momentum_60,trend_100,5,unit,horizon,vol_target_10,false,false,false,true,true,false,0.031079062738221513,0.010905419656551348,0.01076054077665043,-0.01318615183157584,0.000915135576873902,-0.013445545411538886,0.1900821519182963
IWM__momentum_60__trend_100__h5__unit__signal_flip__notional_cap_1,IWM,momentum_60,trend_100,5,unit,signal_flip,notional_cap_1,false,false,false,true,true,false,0.05686216233894556,0.024865901455428073,0.014221332021081244,-0.015609066712211381,0.022565163632268584,-0.005203909161293194,0.2368839427662957
IWM__momentum_60__trend_100__h5__unit__signal_flip__vol_target_10,IWM,momentum_60,trend_100,5,unit,signal_flip,vol_target_10,false,false,false,true,true,false,0.02661203653666169,0.006088273815712602,0.009068876972665257,-0.015201276093662338,0.009921231283185322,-0.005197739697143731,0.19261831228180293
IYR__mean_reversion_5__always__h20__half__horizon__notional_cap_1,IYR,mean_reversion_5,always,20,half,horizon,notional_cap_1,false,false,false,true,true,false,0.040106851598339925,0.03508489211238151,0.04469711413026958,0.03947981988529613,-0.008525769979909089,-0.013825803134647652,0.04133545310015898
IYR__mean_reversion_5__always__h20__half__horizon__vol_target_10,IYR,mean_reversion_5,always,20,half,horizon,vol_target_10,false,false,false,true,true,false,0.0464760777497924,0.04196173631110063,0.04139389573211607,0.03613821661167077,0.006103603271703579,0.000848363627256786,0.041645575087828325
IYR__mean_reversion_5__always__h20__half__signal_flip__notional_cap_1,IYR,mean_reversion_5,always,20,half,signal_flip,notional_cap_1,false,false,false,true,true,false,0.05898368128178061,0.046089021839782265,0.02910283505531872,0.016580492150142866,-0.005359579707716796,-0.018896521305982406,0.09936406995230525
IYR__mean_reversion_5__always__h20__half__signal_flip__vol_target_10,IYR,mean_reversion_5,always,20,half,signal_flip,vol_target_10,false,false,false,true,true,false,0.049639984308105685,0.03909306825821311,0.02893199339437425,0.01651939095063024,-0.007347948620440086,-0.019991195767340663,0.09849670010594883
IYR__mean_reversion_5__always__h20__unit__horizon__notional_cap_1,IYR,mean_reversion_5,always,20,unit,horizon,notional_cap_1,false,false,false,true,true,false,0.016916076592036033,0.006841483681314986,0.07685706065462261,0.06640441785596886,-0.05961397340135355,-0.07019725387404388,0.08267090620031796
IYR__mean_reversion_5__always__h20__unit__horizon__vol_target_10,IYR,mean_reversion_5,always,20,unit,horizon,vol_target_10,false,false,false,true,true,false,0.06833374862256868,0.06079916932221316,0.04618998345090064,0.03619913071810752,0.001612919409846085,-0.006384872524886318,0.07924503874382986
IYR__mean_reversion_5__always__h20__unit__signal_flip__notional_cap_1,IYR,mean_reversion_5,always,20,unit,signal_flip,notional_cap_1,false,false,false,true,true,false,0.08064665095493746,0.054852119147208986,0.05036250079361124,0.02531287480088875,-0.04088899291671817,-0.0679938340315612,0.1987281399046105
IYR__mean_reversion_5__always__h20__unit__signal_flip__vol_target_10,IYR,mean_reversion_5,always,20,unit,signal_flip,vol_target_10,false,false,false,true,true,false,0.05919337649543835,0.04368694559195991,0.042986607580869626,0.022615371001517635,-0.016920708983557332,-0.033660569217267254,0.16177795440910972
IYR__mean_reversion_5__always__h5__half__horizon__notional_cap_1,IYR,mean_reversion_5,always,5,half,horizon,notional_cap_1,false,false,false,true,true,false,0.006322954341336201,-0.006250145802572552,0.03242273201524673,0.01889605328409601,-0.0029962272776305025,-0.01734077818469404,0.10731319554848967
IYR__mean_reversion_5__always__h5__half__horizon__vol_target_10,IYR,mean_reversion_5,always,5,half,horizon,vol_target_10,false,false,false,true,true,false,0.026285109862451937,0.015956346200608644,0.030968135950018204,0.017566389063322252,-0.005327551510364688,-0.01851497742900715,0.10631656652013576
IYR__mean_reversion_5__always__h5__half__signal_flip__notional_cap_1,IYR,mean_reversion_5,always,5,half,signal_flip,notional_cap_1,false,false,false,true,true,false,0.06683607806772199,0.051525550072948276,0.021957100942281142,0.006133079848720488,-0.019263856943179194,-0.03660469144544823,0.12559618441971382
IYR__mean_reversion_5__always__h5__half__signal_flip__vol_target_10,IYR,mean_reversion_5,always,5,half,signal_flip,vol_target_10,false,false,false,true,true,false,0.05180427997280132,0.039400364075975546,0.021889087035159405,0.006246442944073803,-0.019488084378288164,-0.0354492273485837,0.12415706749888569
IYR__mean_reversion_5__always__h5__unit__horizon__notional_cap_1,IYR,mean_reversion_5,always,5,unit,horizon,notional_cap_1,false,false,false,true,true,false,-0.03387845018432349,-0.059054294468567754,0.055720915342385165,0.028657125696001703,-0.038880200048519234,-0.06761293467836317,0.21462639109697934
IYR__mean_reversion_5__always__h5__unit__horizon__vol_target_10,IYR,mean_reversion_5,always,5,unit,horizon,vol_target_10,false,false,false,true,true,false,0.03192850375361837,0.01684293478178584,0.04343355959641293,0.021429033063111905,-0.013280996149374426,-0.030621485436708874,0.17464523431327048
IYR__mean_reversion_5__always__h5__unit__signal_flip__notional_cap_1,IYR,mean_reversion_5,always,5,unit,signal_flip,notional_cap_1,true,false,false,true,true,false,0.09934192021790829,0.06872364929841605,0.036521564341460894,0.004875718440986197,-0.06491435623058685,-0.09962268629053736,0.25119236883942764
IYR__mean_reversion_5__always__h5__unit__signal_flip__vol_target_10,IYR,mean_reversion_5,always,5,unit,signal_flip,vol_target_10,false,false,false,true,true,false,0.05863609577303498,0.04083734673921923,0.03332239970636367,0.008120797817011617,-0.0319346073638117,-0.05256645270287546,0.2002127191649996
IYR__mean_reversion_5__trend_100__h20__half__horizon__notional_cap_1,IYR,mean_reversion_5,trend_100,20,half,horizon,notional_cap_1,false,false,false,true,true,false,0.03138538019379798,0.027670746857108193,0.017363338301028743,0.013455613084666439,-0.0461913394190359,-0.04949405415810919,0.031001589825119236
IYR__mean_reversion_5__trend_100__h20__half__horizon__vol_target_10,IYR,mean_reversion_5,trend_100,20,half,horizon,vol_target_10,false,false,false,true,true,false,0.03149872153895917,0.028004373134511203,0.017689893918888772,0.013776581489621161,-0.019044095809879587,-0.022380416827275342,0.03104625422520959
IYR__mean_reversion_5__trend_100__h20__half__signal_flip__notional_cap_1,IYR,mean_reversion_5,trend_100,20,half,signal_flip,notional_cap_1,false,false,false,true,true,false,0.030929702448973168,0.021827719937926864,0.013435976934240996,0.004224414657414113,-0.0058361512932450605,-0.014544206625970044,0.07313195548489666
IYR__mean_reversion_5__trend_100__h20__half__signal_flip__vol_target_10,IYR,mean_reversion_5,trend_100,20,half,signal_flip,vol_target_10,false,false,false,true,true,false,0.031593088877458,0.023502096945496386,0.014199338048193476,0.004980468540671723,-0.005712777800486076,-0.014223941105493017,0.07318994041116952
IYR__mean_reversion_5__trend_100__h20__unit__horizon__notional_cap_1,IYR,mean_reversion_5,trend_100,20,unit,horizon,notional_cap_1,false,false,false,true,true,false,0.03662457243082165,0.02919252915028766,0.027044237146880503,0.01922573691736134,-0.11737538947264625,-0.12397575558315242,0.06200317965023847
IYR__mean_reversion_5__trend_100__h20__unit__horizon__vol_target_10,IYR,mean_reversion_5,trend_100,20,unit,horizon,vol_target_10,false,false,false,true,true,false,0.05558061462315743,0.04949804690617516,0.023684492525722287,0.015858121863927058,-0.027780282283289548,-0.0334036882478006,0.06215880354073792
IYR__mean_reversion_5__trend_100__h20__unit__signal_flip__notional_cap_1,IYR,mean_reversion_5,trend_100,20,unit,signal_flip,notional_cap_1,false,false,false,true,true,false,0.04578322039191936,0.027566018824555352,0.022043189136009455,0.0036261928108958976,-0.020424570196827918,-0.03782912857065312,0.14626391096979333
IYR__mean_reversion_5__trend_100__h20__unit__signal_flip__vol_target_10,IYR,mean_reversion_5,trend_100,20,unit,signal_flip,vol_target_10,false,false,false,true,true,false,0.04265953545624739,0.030410237569842784,0.027753138109016508,0.011849091195104324,-0.014543741791267363,-0.026612505154934227,0.12639815663555376
IYR__mean_reversion_5__trend_100__h5__half__horizon__notional_cap_1,IYR,mean_reversion_5,trend_100,5,half,horizon,notional_cap_1,false,false,false,true,true,false,0.010172964002535808,0.001652625574859467,0.022509672251234222,0.013297377742205596,-0.016113267867963844,-0.024229501129693083,0.07313195548489666
IYR__mean_reversion_5__trend_100__h5__half__horizon__vol_target_10,IYR,mean_reversion_5,trend_100,5,half,horizon,vol_target_10,false,false,false,true,true,false,0.016083962203350483,0.008604189837493541,0.02291073575249432,0.013705038488400266,-0.0033131798060165767,-0.01119007746397143,0.07308040193986387
IYR__mean_reversion_5__trend_100__h5__half__signal_flip__notional_cap_1,IYR,mean_reversion_5,trend_100,5,half,signal_flip,notional_cap_1,false,false,false,true,true,false,0.02782542025451743,0.01739350892794045,0.011774400834551738,0.000962248711594502,-0.00916028995334193,-0.019272143450725747,0.08585055643879173
IYR__mean_reversion_5__trend_100__h5__half__signal_flip__vol_target_10,IYR,mean_reversion_5,trend_100,5,half,signal_flip,vol_target_10,false,false,false,true,true,false,0.029239797478961563,0.02017719854177593,0.01217541124381304,0.0013698478989734985,-0.00814381585003025,-0.017958452990717334,0.08579900289375894
IYR__mean_reversion_5__trend_100__h5__unit__horizon__notional_cap_1,IYR,mean_reversion_5,trend_100,5,unit,horizon,notional_cap_1,false,false,false,true,true,false,0.003446256010143603,-0.013612581144270355,0.04018595768538136,0.02176603243146083,-0.043226378308103636,-0.059465556188088936,0.14626391096979333
IYR__mean_reversion_5__trend_100__h5__unit__horizon__vol_target_10,IYR,mean_reversion_5,trend_100,5,unit,horizon,vol_target_10,false,false,false,true,true,false,0.02500659299945941,0.013742174493447203,0.035442528526772425,0.019339369690590125,-0.006469870285447852,-0.017679643588883458,0.12791347766070846
IYR__mean_reversion_5__trend_100__h5__unit__signal_flip__notional_cap_1,IYR,mean_reversion_5,trend_100,5,unit,signal_flip,notional_cap_1,false,false,false,true,true,false,0.04296862671343417,0.022101908559444126,0.020054678059986862,-0.001559590209266543,-0.024845236124973642,-0.04506053564710031,0.17170111287758347
IYR__mean_reversion_5__trend_100__h5__unit__signal_flip__vol_target_10,IYR,mean_reversion_5,trend_100,5,unit,signal_flip,vol_target_10,false,false,false,true,true,false,0.03860134032330422,0.025186253558189497,0.024782143847404674,0.006209952334171207,-0.015642983203425182,-0.029259208504775504,0.14762982594161767
IYR__momentum_20__always__h20__half__horizon__notional_cap_1,IYR,momentum_20,always,20,half,horizon,notional_cap_1,false,false,false,true,true,false,0.05911865736048125,0.05410538727350639,0.03656508635476054,0.03185685593113096,0.03991964223405545,0.03506085678939293,0.037360890302066775
IYR__momentum_20__always__h20__half__horizon__vol_target_10,IYR,momentum_20,always,20,half,horizon,vol_target_10,false,false,false,true,true,false,0.05039755748498234,0.04583548236934359,0.03714314852736549,0.03240425410617713,0.034042912713689616,0.029227439723797818,0.037601117257589065
IYR__momentum_20__always__h20__half__signal_flip__notional_cap_1,IYR,momentum_20,always,20,half,signal_flip,notional_cap_1,false,false,false,true,true,false,0.03604999710457663,0.028681050771531172,0.005429828139895232,-0.0023407666570710185,0.014875859262814695,0.006066590106281424,0.06160572337042925
IYR__momentum_20__always__h20__half__signal_flip__vol_target_10,IYR,momentum_20,always,20,half,signal_flip,vol_target_10,false,false,false,true,true,false,0.030591427884385063,0.024480454335421478,0.004893417046165469,-0.0028360707742598936,0.008608172031389728,0.0003523044018429724,0.06127763704590239
IYR__momentum_20__always__h20__unit__horizon__notional_cap_1,IYR,momentum_20,always,20,unit,horizon,notional_cap_1,false,false,false,true,true,false,0.06825161222338268,0.058211776908595844,0.06326700996594167,0.053849032627544174,0.05781267704432973,0.04809295656933624,0.07472178060413355
IYR__momentum_20__always__h20__unit__horizon__vol_target_10,IYR,momentum_20,always,20,unit,horizon,vol_target_10,false,false,false,true,true,false,0.07285655407703674,0.06495756688018385,0.051001516058985966,0.041642608083462825,0.0307709260070721,0.02291100417307463,0.07429562554513651
IYR__momentum_20__always__h20__unit__signal_flip__notional_cap_1,IYR,momentum_20,always,20,unit,signal_flip,notional_cap_1,false,false,false,true,true,false,0.03527891292161843,0.02048922030466839,0.004082317329056033,-0.011475419569460785,0.014140632599748269,-0.0034684631042862374,0.1232114467408585
IYR__momentum_20__always__h20__unit__signal_flip__vol_target_10,IYR,momentum_20,always,20,unit,signal_flip,vol_target_10,false,false,false,true,true,false,0.048565272188112366,0.038486925963392614,-0.006299774875877412,-0.019753008428496234,0.004513399099705398,-0.0073065601970134855,0.10664520969426643
IYR__momentum_20__always__h5__half__horizon__notional_cap_1,IYR,momentum_20,always,5,half,horizon,notional_cap_1,false,false,false,true,true,false,0.04681423369768484,0.03103162054094448,0.019504828880516852,0.005176025248125008,0.005896641336887446,-0.00877473087394747,0.1136724960254372
IYR__momentum_20__always__h5__half__horizon__vol_target_10,IYR,momentum_20,always,5,half,horizon,vol_target_10,false,false,false,true,true,false,0.03929227262385918,0.025456019660150934,0.018623745421832892,0.004318521445535597,0.0012075015202297383,-0.012596927326991473,0.11348210334065362
IYR__momentum_20__always__h5__half__signal_flip__notional_cap_1,IYR,momentum_20,always,5,half,signal_flip,notional_cap_1,false,false,false,true,true,false,0.03249894376780571,0.01596765226497762,0.003963594289606985,-0.011828885547237697,0.01913791310506103,0.0028054072048121145,0.1251987281399046
IYR__momentum_20__always__h5__half__signal_flip__vol_target_10,IYR,momentum_20,always,5,half,signal_flip,vol_target_10,false,false,false,true,true,false,0.02833109499932142,0.014085265273417752,0.0034271967033637717,-0.012313163199322952,0.008090505172130096,-0.00712112216081495,0.12478318167445196
IYR__momentum_20__always__h5__unit__horizon__notional_cap_1,IYR,momentum_20,always,5,unit,horizon,notional_cap_1,false,false,false,true,true,false,0.05653034936027648,0.024941618587619716,0.03240971933764757,0.0037399738064903994,-0.00549018822955686,-0.03482909519690286,0.2273449920508744
IYR__momentum_20__always__h5__unit__horizon__vol_target_10,IYR,momentum_20,always,5,unit,horizon,vol_target_10,false,false,false,true,true,false,0.05828552397547959,0.03653051251725437,0.01553488812320815,-0.009179104485568445,-0.009846793001044624,-0.02908851244589873,0.19598530461878538
IYR__momentum_20__always__h5__unit__signal_flip__notional_cap_1,IYR,momentum_20,always,5,unit,signal_flip,notional_cap_1,false,false,false,true,true,false,0.030895189640759865,-0.0021862677612809467,0.0022738207196362666,-0.029346019136486472,0.0240144600514045,-0.008663735250704012,0.2503974562798092
IYR__momentum_20__always__h5__unit__signal_flip__vol_target_10,IYR,momentum_20,always,5,unit,signal_flip,vol_target_10,false,false,false,true,true,false,0.044614234807198824,0.02219345872244089,-0.006684701248754064,-0.03337621284983241,0.0028517940336710637,-0.017993644091975312,0.21145835588489567
IYR__momentum_20__trend_100__h20__half__horizon__notional_cap_1,IYR,momentum_20,trend_100,20,half,horizon,notional_cap_1,false,false,false,true,true,false,0.04360904458555665,0.03904495320465004,0.0175196586033749,0.01331428971705308,0.020986243049385893,0.01692857165836574,0.033386327503974564
IYR__momentum_20__trend_100__h20__half__horizon__vol_target_10,IYR,momentum_20,trend_100,20,half,horizon,vol_target_10,false,false,false,true,true,false,0.04031806689619703,0.03603972612135263,0.01801032904952095,0.013782033169440742,0.01804990752399179,0.013969649803242671,0.03356592719751943
IYR__momentum_20__trend_100__h20__half__signal_flip__notional_cap_1,IYR,momentum_20,trend_100,20,half,signal_flip,notional_cap_1,false,false,false,true,true,false,0.030580529592357346,0.02434418564674292,-0.004253476962067508,-0.010717143234646634,-0.015664050352616053,-0.022071522171683337,0.051271860095389504
IYR__momentum_20__trend_100__h20__half__signal_flip__vol_target_10,IYR,momentum_20,trend_100,20,half,signal_flip,vol_target_10,false,false,false,true,true,false,0.03038677917679074,0.0248865146296189,-0.004385660063336209,-0.010840373259761824,-0.014799785198363865,-0.021161485518398346,0.05120077288308954
IYR__momentum_20__trend_100__h20__unit__horizon__notional_cap_1,IYR,momentum_20,trend_100,20,unit,horizon,notional_cap_1,false,false,false,true,true,false,0.05640004589189631,0.04723904460668047,0.026030516766440442,0.01762239575215477,0.02572556043283756,0.017607752452222777,0.06677265500794913
IYR__momentum_20__trend_100__h20__unit__horizon__vol_target_10,IYR,momentum_20,trend_100,20,unit,horizon,vol_target_10,false,false,false,true,true,false,0.05568214005809853,0.04804658694443542,0.026008891286771654,0.017691611624991242,0.015175771915748364,0.008184463653828328,0.06607968505128231
IYR__momentum_20__trend_100__h20__unit__signal_flip__notional_cap_1,IYR,momentum_20,trend_100,20,unit,signal_flip,notional_cap_1,false,false,false,true,true,false,0.0358168600912844,0.023304596891608166,-0.014393748865758223,-0.02732790521203656,-0.04162001063145021,-0.0544295481461931,0.10254372019077901
IYR__momentum_20__trend_100__h20__unit__signal_flip__vol_target_10,IYR,momentum_20,trend_100,20,unit,signal_flip,vol_target_10,false,false,false,true,true,false,0.04765268062706422,0.03833808735527281,-0.01581585975988684,-0.027450920986716636,-0.021397214174859007,-0.031126727032073746,0.09233864042695378
IYR__momentum_20__trend_100__h5__half__horizon__notional_cap_1,IYR,momentum_20,trend_100,5,half,horizon,notional_cap_1,false,false,false,true,true,false,0.026896594423073635,0.012748680081553868,-0.009714048923642157,-0.02233922554787429,-0.020315235848128485,-0.032389096848207226,0.10015898251192369
IYR__momentum_20__trend_100__h5__half__horizon__vol_target_10,IYR,momentum_20,trend_100,5,half,horizon,vol_target_10,false,false,false,true,true,false,0.03920110588150094,0.0264681158421933,-0.009615042700354797,-0.022226741714822713,-0.020117738015805946,-0.03188806212049427,0.10005096172525331
IYR__momentum_20__trend_100__h5__half__signal_flip__notional_cap_1,IYR,momentum_20,trend_100,5,half,signal_flip,notional_cap_1,false,false,false,true,true,false,0.017060732595428642,0.002328742753583659,-0.019075380492665397,-0.03245727551927126,-0.019450517370394674,-0.03247696144678028,0.106120826709062
IYR__momentum_20__trend_100__h5__half__signal_flip__vol_target_10,IYR,momentum_20,trend_100,5,half,signal_flip,vol_target_10,false,false,false,true,true,false,0.030607432549148952,0.017408775592143724,-0.01920753859494307,-0.03256950970553746,-0.016803680757051808,-0.029495939868092742,0.10596227935583624
IYR__momentum_20__trend_100__h5__unit__horizon__notional_cap_1,IYR,momentum_20,trend_100,5,unit,horizon,notional_cap_1,false,false,false,true,true,false,0.03048489159957983,0.0021806514520438317,-0.02525260268979926,-0.05051324559372299,-0.05199629156421505,-0.07615342077915639,0.20031796502384738
IYR__momentum_20__trend_100__h5__unit__horizon__vol_target_10,IYR,momentum_20,trend_100,5,unit,horizon,vol_target_10,false,false,false,true,true,false,0.06548509087216164,0.04507154725610754,-0.02190189591848624,-0.044086528825965504,-0.030963382293360646,-0.04788570261009406,0.17597033798994274
IYR__momentum_20__trend_100__h5__unit__signal_flip__notional_cap_1,IYR,momentum_20,trend_100,5,unit,signal_flip,notional_cap_1,false,false,false,true,true,false,0.012624861507542925,-0.016847468720764133,-0.04325226282916719,-0.070037394604907,-0.04801338585677754,-0.07407782670921978,0.212241653418124
IYR__momentum_20__trend_100__h5__unit__signal_flip__vol_target_10,IYR,momentum_20,trend_100,5,unit,signal_flip,vol_target_10,false,false,false,true,true,false,0.050848391531227756,0.02964129081347832,-0.03838426945543201,-0.061642712975196766,-0.02442690424124532,-0.04248300164210656,0.18436513090567117
IYR__momentum_60__always__h20__half__horizon__notional_cap_1,IYR,momentum_60,always,20,half,horizon,notional_cap_1,false,false,false,true,true,false,0.0494073205793103,0.04427102862836364,0.03280540277657052,0.028198875383339223,-0.04386947549514999,-0.04832313771123341,0.03656597774244833
IYR__momentum_60__always__h20__half__horizon__vol_target_10,IYR,momentum_60,always,20,half,horizon,vol_target_10,false,false,false,true,true,false,0.0444249399996612,0.03963656564680443,0.032115583331353705,0.02750223994970583,-0.029034621053128637,-0.03352037933238647,0.03661839217795915
IYR__momentum_60__always__h20__half__signal_flip__notional_cap_1,IYR,momentum_60,always,20,half,signal_flip,notional_cap_1,false,false,false,true,true,false,0.035490167660656026,0.02851299750633163,0.030779078976656465,0.024369101906059117,-0.029762653615367785,-0.03572658278117441,0.05087440381558029
IYR__momentum_60__always__h20__half__signal_flip__vol_target_10,IYR,momentum_60,always,20,half,signal_flip,vol_target_10,false,false,false,true,true,false,0.03506573717994235,0.0288905587855357,0.029945568594109705,0.023560936570960023,-0.02236107809808176,-0.028184650161664385,0.050671719081418765
IYR__momentum_60__always__h20__unit__horizon__notional_cap_1,IYR,momentum_60,always,20,unit,horizon,notional_cap_1,false,false,false,true,true,false,0.056925666423202265,0.046644074778356096,0.05591026929388117,0.04669878611205297,-0.10929925651160172,-0.11819975593237417,0.07313195548489666
IYR__momentum_60__always__h20__unit__horizon__vol_target_10,IYR,momentum_60,always,20,unit,horizon,vol_target_10,false,false,false,true,true,false,0.06464129342816188,0.05635577773815725,0.03943467317100428,0.030061657075214368,-0.04039666939454624,-0.047855983748889136,0.07443580159873125
IYR__momentum_60__always__h20__unit__signal_flip__notional_cap_1,IYR,momentum_60,always,20,unit,signal_flip,notional_cap_1,false,false,false,true,true,false,0.04024813024527375,0.026274548965724523,0.05396835724207868,0.04114879872121552,-0.07432882749803704,-0.0862656252423446,0.10174880763116058
IYR__momentum_60__always__h20__unit__signal_flip__vol_target_10,IYR,momentum_60,always,20,unit,signal_flip,vol_target_10,false,false,false,true,true,false,0.05251793472853246,0.0426174729293948,0.03145433033633384,0.01932579265205439,-0.028727287158316493,-0.037786144793450875,0.09633600212997397
IYR__momentum_60__always__h5__half__horizon__notional_cap_1,IYR,momentum_60,always,5,half,horizon,notional_cap_1,false,false,false,true,true,false,0.0623078245806676,0.04574532824888544,0.006016445601129222,-0.009093331896064885,-0.017215492117291935,-0.03106660447388327,0.12003179650238474
IYR__momentum_60__always__h5__half__horizon__vol_target_10,IYR,momentum_60,always,5,half,horizon,vol_target_10,false,false,false,true,true,false,0.04801990293077383,0.03321932861343702,0.005627956392582011,-0.009453631810123446,-0.013255696500093504,-0.02668923411597895,0.11980618726994317
IYR__momentum_60__always__h5__half__signal_flip__notional_cap_1,IYR,momentum_60,always,5,half,signal_flip,notional_cap_1,false,false,false,true,true,false,0.04653883939099572,0.02928859616204489,0.018031698070105823,0.0021181251587262264,-0.017696112973959816,-0.03236993545782823,0.12639109697933226
IYR__momentum_60__always__h5__half__signal_flip__vol_target_10,IYR,momentum_60,always,5,half,signal_flip,vol_target_10,false,false,false,true,true,false,0.036897061731192886,0.0216562283803713,0.01726464489771052,0.0014096233125466427,-0.012538501608100125,-0.02670423286691516,0.12592577549244582
IYR__momentum_60__always__h5__unit__horizon__notional_cap_1,IYR,momentum_60,always,5,unit,horizon,notional_cap_1,false,false,false,true,true,false,0.0951429777928697,0.062020144783621875,0.004820033596885206,-0.02537106367329024,-0.0486943563864972,-0.07635476765705965,0.24006359300476948
IYR__momentum_60__always__h5__unit__horizon__vol_target_10,IYR,momentum_60,always,5,unit,horizon,vol_target_10,false,false,false,true,true,false,0.059768658505018946,0.0367860910915924,-0.0005405537427298386,-0.027087033244137807,-0.020635400968925584,-0.039652030146800944,0.2109098641295947
IYR__momentum_60__always__h5__unit__signal_flip__notional_cap_1,IYR,momentum_60,always,5,unit,signal_flip,notional_cap_1,false,false,false,true,true,false,0.06473808604080458,0.03019936478063045,0.029430219943380034,-0.0023735152633465924,-0.04878993997215101,-0.078138648031631,0.2527821939586645
IYR__momentum_60__always__h5__unit__signal_flip__vol_target_10,IYR,momentum_60,always,5,unit,signal_flip,vol_target_10,false,false,false,true,true,false,0.04867906567493824,0.025256172387990106,0.014586998017153869,-0.013174932493538747,-0.014541151502644987,-0.034322501458773594,0.22053695422086234
IYR__momentum_60__trend_100__h20__half__horizon__notional_cap_1,IYR,momentum_60,trend_100,20,half,horizon,notional_cap_1,false,false,false,true,true,false,0.059300068047663385,0.054500304004528155,0.022083712032046204,0.017475566517026333,-0.06898047260370965,-0.07323900546631688,0.03656597774244833
IYR__momentum_60__trend_100__h20__half__horizon__vol_target_10,IYR,momentum_60,trend_100,20,half,horizon,vol_target_10,false,false,false,true,true,false,0.04500794047002084,0.04050330684008002,0.022046714535966617,0.017429026130849446,-0.039044639323642855,-0.04328188332629371,0.03664157673942289
IYR__momentum_60__trend_100__h20__half__signal_flip__notional_cap_1,IYR,momentum_60,trend_100,20,half,signal_flip,notional_cap_1,false,false,false,true,true,false,0.040138596334569746,0.03400113754060504,0.025624891806458105,0.020013776497610856,-0.034483606870655346,-0.03964907634167234,0.04451510333863275
IYR__momentum_60__trend_100__h20__half__signal_flip__vol_target_10,IYR,momentum_60,trend_100,20,half,signal_flip,vol_target_10,false,false,false,true,true,false,0.040071819049213864,0.034629883586226845,0.02552859406827247,0.019921727217688194,-0.026128738587904425,-0.03124477140093218,0.04448144658758548
IYR__momentum_60__trend_100__h20__unit__horizon__notional_cap_1,IYR,momentum_60,trend_100,20,unit,horizon,notional_cap_1,true,true,false,true,true,false,0.08648508013767423,0.07688205045519955,0.03433232984519552,0.02511437417621302,-0.1687710096517226,-0.177291627588638,0.07313195548489666
IYR__momentum_60__trend_100__h20__unit__horizon__vol_target_10,IYR,momentum_60,trend_100,20,unit,horizon,vol_target_10,false,false,false,true,true,false,0.06647797443749141,0.058712350307016596,0.024677899985412043,0.015327003203471518,-0.04824925415992113,-0.05541313471638831,0.07428895204043652
IYR__momentum_60__trend_100__h20__unit__signal_flip__notional_cap_1,IYR,momentum_60,trend_100,20,unit,signal_flip,notional_cap_1,false,false,false,true,true,false,0.05169372308662396,0.039410113076328086,0.043955039403892456,0.03272838420983892,-0.08291709838882168,-0.09326260107416151,0.0890302066772655
IYR__momentum_60__trend_100__h20__unit__signal_flip__vol_target_10,IYR,momentum_60,trend_100,20,unit,signal_flip,vol_target_10,false,false,false,true,true,false,0.059981730626160266,0.05107568909509836,0.027505727376635005,0.016713503357739933,-0.0331335140828766,-0.04134305759377211,0.08569101645228723
IYR__momentum_60__trend_100__h5__half__horizon__notional_cap_1,IYR,momentum_60,trend_100,5,half,horizon,notional_cap_1,false,false,false,true,true,false,0.0633038770777601,0.0476565587304861,-0.005771122364387011,-0.020084580623530416,-0.03424144481792706,-0.04709562559152497,0.1136724960254372
IYR__momentum_60__trend_100__h5__half__horizon__vol_target_10,IYR,momentum_60,trend_100,5,half,horizon,vol_target_10,false,false,false,true,true,false,0.048944754108169466,0.034990543871050536,-0.0057910606292591,-0.020091475606259405,-0.02183851422841091,-0.03431907923644341,0.11356849991370513
IYR__momentum_60__trend_100__h5__half__signal_flip__notional_cap_1,IYR,momentum_60,trend_100,5,half,signal_flip,notional_cap_1,false,false,false,true,true,false,0.0579870451177561,0.04166398373146916,0.0004953132501966879,-0.014323256006085791,-0.021780209652100237,-0.0349575993602279,0.11764705882352941
IYR__momentum_60__trend_100__h5__half__signal_flip__vol_target_10,IYR,momentum_60,trend_100,5,half,signal_flip,vol_target_10,false,false,false,true,true,false,0.049128234782103875,0.034696136261253785,0.0004011717638303597,-0.01440407863272682,-0.016407556124494703,-0.029184723369715525,0.11754101208906353
IYR__momentum_60__trend_100__h5__unit__horizon__notional_cap_1,IYR,momentum_60,trend_100,5,unit,horizon,notional_cap_1,true,false,false,true,true,false,0.09959530698653787,0.06829742432591875,-0.018157669107786843,-0.046766033145950264,-0.0834312037550154,-0.10910706834384264,0.2273449920508744
IYR__momentum_60__trend_100__h5__unit__horizon__vol_target_10,IYR,momentum_60,trend_100,5,unit,horizon,vol_target_10,false,false,false,true,true,false,0.06538925334611452,0.04361150629583259,-0.022208104810054745,-0.04752255996818497,-0.03286112599220993,-0.05065606895686816,0.20109013506452458
IYR__momentum_60__trend_100__h5__unit__signal_flip__notional_cap_1,IYR,momentum_60,trend_100,5,unit,signal_flip,notional_cap_1,false,false,false,true,true,false,0.0899752188816209,0.05730946340269833,-0.005346177841820945,-0.03497339604342142,-0.05600484814735185,-0.08237259457922655,0.23529411764705882
IYR__momentum_60__trend_100__h5__unit__signal_flip__vol_target_10,IYR,momentum_60,trend_100,5,unit,signal_flip,vol_target_10,false,false,false,true,true,false,0.0647563016516256,0.04247600590713174,-0.01350759979100802,-0.039672655514259386,-0.021379791489435845,-0.03941648542219631,0.20775187128657702
KRE__mean_reversion_5__always__h20__half__horizon__notional_cap_1,KRE,mean_reversion_5,always,20,half,horizon,notional_cap_1,false,false,false,true,true,false,0.031208430509833768,0.025748335995262897,0.013247641459417255,0.007887127960815456,0.028909285128938415,0.02361246724678088,0.042527821939586645
KRE__mean_reversion_5__always__h20__half__horizon__vol_target_10,KRE,mean_reversion_5,always,20,half,horizon,vol_target_10,false,false,false,true,true,false,0.045475294076601,0.04044471459547129,-0.0025302322101119074,-0.008123139144737548,0.01126536138501627,0.006518331392339812,0.04435633638127214
KRE__mean_reversion_5__always__h20__half__signal_flip__notional_cap_1,KRE,mean_reversion_5,always,20,half,signal_flip,notional_cap_1,false,false,false,true,true,false,0.046683381925549425,0.03226191503452801,-0.0016449822460688308,-0.015623259563140304,-0.010442937571273521,-0.024222098228842682,0.11089030206677265
KRE__mean_reversion_5__always__h20__half__signal_flip__vol_target_10,KRE,mean_reversion_5,always,20,half,signal_flip,vol_target_10,false,false,false,true,true,false,0.04546995765791716,0.033751974551245886,-0.011690135661932676,-0.02472324833760537,-0.005792767232933167,-0.015351710704340504,0.10333692107278342
KRE__mean_reversion_5__always__h20__unit__horizon__notional_cap_1,KRE,mean_reversion_5,always,20,unit,horizon,notional_cap_1,false,false,false,true,true,false,-0.008869467364638367,-0.019778719595107255,-0.00508000967902366,-0.015805052544655016,-0.04075630304545386,-0.051326722427820104,0.08505564387917329
KRE__mean_reversion_5__always__h20__unit__horizon__vol_target_10,KRE,mean_reversion_5,always,20,unit,horizon,vol_target_10,false,false,false,true,true,false,0.0422192852978198,0.03526618348740276,-0.006078002472925606,-0.013813368055368508,0.004970277438321992,-0.00010901640459183223,0.06137122728135474
KRE__mean_reversion_5__always__h20__unit__signal_flip__notional_cap_1,KRE,mean_reversion_5,always,20,unit,signal_flip,notional_cap_1,false,false,false,true,true,false,0.05373310121213162,0.024835313118244634,-0.021703534707645473,-0.049672287855104635,-0.08452000465711293,-0.11209292709661053,0.2217806041335453
KRE__mean_reversion_5__always__h20__unit__signal_flip__vol_target_10,KRE,mean_reversion_5,always,20,unit,signal_flip,vol_target_10,false,false,false,true,true,false,0.05187522473703361,0.0377834097521801,-0.016651868041442076,-0.03255896170445114,-0.012467894647601644,-0.02249687544433074,0.1260314896846861
KRE__mean_reversion_5__always__h5__half__horizon__notional_cap_1,KRE,mean_reversion_5,always,5,half,horizon,notional_cap_1,false,false,false,true,true,false,0.04955598950353961,0.035219268442615734,0.02662897861209647,0.012658269464436218,0.033326003571157975,0.01893175983844298,0.11089030206677265
KRE__mean_reversion_5__always__h5__half__horizon__vol_target_10,KRE,mean_reversion_5,always,5,half,horizon,vol_target_10,false,false,false,true,true,false,0.054426272555407,0.04266952067553269,0.014378906252167166,0.0013465268649298506,0.01857538053534314,0.008163937292138011,0.1033846817171064
KRE__mean_reversion_5__always__h5__half__signal_flip__notional_cap_1,KRE,mean_reversion_5,always,5,half,signal_flip,notional_cap_1,false,false,false,true,true,false,0.04198061065264272,0.024220520647241315,0.0008483183083872713,-0.016431393976218945,0.01792566653006773,0.00022719252600210751,0.13712241653418125
KRE__mean_reversion_5__always__h5__half__signal_flip__vol_target_10,KRE,mean_reversion_5,always,5,half,signal_flip,vol_target_10,false,false,false,true,true,false,0.04253301320562131,0.02831351565061468,-0.007870140787792234,-0.023786012338803626,0.00673940607552518,-0.005587881809354871,0.12623047323333575
KRE__mean_reversion_5__always__h5__unit__horizon__notional_cap_1,KRE,mean_reversion_5,always,5,unit,horizon,notional_cap_1,false,false,false,true,true,false,0.04853045072939022,0.019804758538674874,0.0318197491065736,0.003881268636759347,-0.004925998433968876,-0.03375734538390672,0.2217806041335453
KRE__mean_reversion_5__always__h5__unit__horizon__vol_target_10,KRE,mean_reversion_5,always,5,unit,horizon,vol_target_10,false,false,false,true,true,false,0.05785790387233038,0.04344620809230931,0.00850857295901653,-0.007172911308567345,0.012800986772203917,0.0019981353365080105,0.12431174184961494
KRE__mean_reversion_5__always__h5__unit__signal_flip__notional_cap_1,KRE,mean_reversion_5,always,5,unit,signal_flip,notional_cap_1,false,false,false,true,true,false,0.0463688240675246,0.01079204020485941,-0.014835461265655835,-0.049399461437467,-0.025713162178615925,-0.06115093736816932,0.2742448330683625
KRE__mean_reversion_5__always__h5__unit__signal_flip__vol_target_10,KRE,mean_reversion_5,always,5,unit,signal_flip,vol_target_10,false,false,false,true,true,false,0.05022423607918766,0.03341187804274984,-0.012892780182073703,-0.031977334039696284,7.002639160093825e-5,-0.012778718432130524,0.15124961899429354
KRE__mean_reversion_5__trend_100__h20__half__horizon__notional_cap_1,KRE,mean_reversion_5,trend_100,20,half,horizon,notional_cap_1,false,false,false,true,true,false,0.048761466531206075,0.04500328406250832,-0.0037019146577496366,-0.0073595449891541865,-0.00025556177376523034,-0.003640730462051378,0.02901430842607313
KRE__mean_reversion_5__trend_100__h20__half__horizon__vol_target_10,KRE,mean_reversion_5,trend_100,20,half,horizon,vol_target_10,false,false,false,true,true,false,0.04670014324312809,0.04303753560795038,-0.009808346319756904,-0.013603024900236425,-0.008691789775207539,-0.011852414311279603,0.030098204619347233
KRE__mean_reversion_5__trend_100__h20__half__signal_flip__notional_cap_1,KRE,mean_reversion_5,trend_100,20,half,signal_flip,notional_cap_1,false,false,false,true,true,false,0.029815381715172305,0.02037566251125935,-0.0026017448516084327,-0.011974547051037584,-0.08338093111737435,-0.09153746615739979,0.07432432432432433
KRE__mean_reversion_5__trend_100__h20__half__signal_flip__vol_target_10,KRE,mean_reversion_5,trend_100,20,half,signal_flip,vol_target_10,false,false,false,true,true,false,0.03469330666646762,0.02622580346421438,-0.004553413143472355,-0.013588044912486785,-0.049949004056909156,-0.05597927355301445,0.07164616399848046
KRE__mean_reversion_5__trend_100__h20__unit__horizon__notional_cap_1,KRE,mean_reversion_5,trend_100,20,unit,horizon,notional_cap_1,true,true,false,true,true,false,0.0729678873168774,0.06544509121692084,-0.02733955052289023,-0.034658466125137996,-0.04492012626835151,-0.05164999021068528,0.05802861685214626
KRE__mean_reversion_5__trend_100__h20__unit__horizon__vol_target_10,KRE,mean_reversion_5,trend_100,20,unit,horizon,vol_target_10,false,false,false,true,true,false,0.04615967987697162,0.040809629452990756,-0.015503620207599903,-0.02104942478331381,-0.015279804295858231,-0.018746131478349484,0.04396899685170537
KRE__mean_reversion_5__trend_100__h20__unit__signal_flip__notional_cap_1,KRE,mean_reversion_5,trend_100,20,unit,signal_flip,notional_cap_1,false,false,false,true,true,false,0.0442720010328747,0.025371402362918266,-0.014139103412793022,-0.032900582480779886,-0.2066637594456497,-0.2229639854563079,0.14864864864864866
KRE__mean_reversion_5__trend_100__h20__unit__signal_flip__vol_target_10,KRE,mean_reversion_5,trend_100,20,unit,signal_flip,vol_target_10,false,false,false,true,true,false,0.04218393684636511,0.03178998069782136,-0.007034464730997236,-0.018545067718810905,-0.05658054519036359,-0.0630733329119329,0.0912144147210482
KRE__mean_reversion_5__trend_100__h5__half__horizon__notional_cap_1,KRE,mean_reversion_5,trend_100,5,half,horizon,notional_cap_1,false,false,false,true,true,false,0.037341845472566824,0.028818761052867792,-0.0071054662512349594,-0.015474077956866892,0.009167621778608269,0.0011939570844503884,0.0663751987281399
KRE__mean_reversion_5__trend_100__h5__half__horizon__vol_target_10,KRE,mean_reversion_5,trend_100,5,half,horizon,vol_target_10,false,false,false,true,true,false,0.03926160686948008,0.031632902984371464,-0.010722984488588716,-0.018836315832456454,0.0032309450380073263,-0.002959254488665749,0.0643564175531409
KRE__mean_reversion_5__trend_100__h5__half__signal_flip__notional_cap_1,KRE,mean_reversion_5,trend_100,5,half,signal_flip,notional_cap_1,false,false,false,true,true,false,0.030119812687487525,0.01951217907677694,-0.007958371858879845,-0.01843369248857771,0.014943513726256361,0.005179414504452036,0.08306836248012718
KRE__mean_reversion_5__trend_100__h5__half__signal_flip__vol_target_10,KRE,mean_reversion_5,trend_100,5,half,signal_flip,vol_target_10,false,false,false,true,true,false,0.034232537374368426,0.024880088970493153,-0.009329291725217381,-0.0193853891335342,0.0009703594981278789,-0.006238823625009089,0.07974697655766404
KRE__mean_reversion_5__trend_100__h5__unit__horizon__notional_cap_1,KRE,mean_reversion_5,trend_100,5,unit,horizon,notional_cap_1,false,false,false,true,true,false,0.059809919638611764,0.04274009851610705,-0.025286888852316707,-0.04203478559535316,-0.0032276432512264933,-0.019197023808462135,0.1327503974562798
KRE__mean_reversion_5__trend_100__h5__unit__horizon__vol_target_10,KRE,mean_reversion_5,trend_100,5,unit,horizon,vol_target_10,false,false,false,true,true,false,0.04317695625082613,0.03347600016686689,-0.017251852977524868,-0.027562270062695474,-0.001821509677615389,-0.008369944648160373,0.08171536313831299
KRE__mean_reversion_5__trend_100__h5__unit__signal_flip__notional_cap_1,KRE,mean_reversion_5,trend_100,5,unit,signal_flip,notional_cap_1,false,false,false,true,true,false,0.0484718361804137,0.027236003724326358,-0.023393290297204654,-0.04436134547100406,0.013520436463054411,-0.006004958834337753,0.16613672496025436
KRE__mean_reversion_5__trend_100__h5__unit__signal_flip__vol_target_10,KRE,mean_reversion_5,trend_100,5,unit,signal_flip,vol_target_10,false,false,false,true,true,false,0.042820983538434325,0.03145793245735259,-0.012630388327800564,-0.025306501174070097,-0.005350975536471522,-0.01303007235630247,0.10044959547468339
KRE__momentum_20__always__h20__half__horizon__notional_cap_1,KRE,momentum_20,always,20,half,horizon,notional_cap_1,false,false,false,true,true,false,-0.00423076119141106,-0.009174194565549038,0.026141976483593267,0.0214389246684019,0.03766997227219765,0.03307305712002404,0.037360890302066775
KRE__momentum_20__always__h20__half__horizon__vol_target_10,KRE,momentum_20,always,20,half,horizon,vol_target_10,false,false,false,true,true,false,0.025312140154685345,0.02077945631206603,0.015169550360403768,0.01031532931309443,0.018610337256948134,0.014563061672486732,0.03853887590918247
KRE__momentum_20__always__h20__half__signal_flip__notional_cap_1,KRE,momentum_20,always,20,half,signal_flip,notional_cap_1,false,false,false,true,true,false,0.055094545364512235,0.04603425798019496,0.021991326700435045,0.014893610069598884,0.04268105900536014,0.03511436752812044,0.05643879173290938
KRE__momentum_20__always__h20__half__signal_flip__vol_target_10,KRE,momentum_20,always,20,half,signal_flip,vol_target_10,false,false,false,true,true,false,0.05379941798216608,0.04644925816809299,0.013993127657202911,0.007090798398686274,0.020913477922049437,0.015411870036384539,0.05485282728619482
KRE__momentum_20__always__h20__unit__horizon__notional_cap_1,KRE,momentum_20,always,20,unit,horizon,notional_cap_1,false,false,false,true,true,false,-0.0632554977457766,-0.07318287362643447,0.028243756490811976,0.018846493586167343,0.007252025813751395,-0.001921008403846014,0.07472178060413355
KRE__momentum_20__always__h20__unit__horizon__vol_target_10,KRE,momentum_20,always,20,unit,horizon,vol_target_10,false,false,false,true,true,false,0.024932568553219424,0.018561252108326216,0.011776561020288316,0.004720454177064773,0.010071905913035343,0.005724637825752684,0.05601257817275482
KRE__momentum_20__always__h20__unit__signal_flip__notional_cap_1,KRE,momentum_20,always,20,unit,signal_flip,notional_cap_1,true,false,false,true,true,false,0.0748705443719562,0.05673667960289901,0.02852415576835383,0.01435586476170235,0.03615623602144105,0.021013476471782727,0.11287758346581876
KRE__momentum_20__always__h20__unit__signal_flip__vol_target_10,KRE,momentum_20,always,20,unit,signal_flip,vol_target_10,false,false,false,true,true,false,0.055781729506685196,0.04646789396328071,0.01315223203051361,0.004080265622029542,0.018136422347676782,0.012469196311706897,0.0720795845868702
KRE__momentum_20__always__h5__half__horizon__notional_cap_1,KRE,momentum_20,always,5,half,horizon,notional_cap_1,false,false,false,true,true,false,0.02713636809537142,0.012482107753932641,0.03461660123868415,0.020293722138952017,0.0758113897379787,0.06254329261056028,0.1136724960254372
KRE__momentum_20__always__h5__half__horizon__vol_target_10,KRE,momentum_20,always,5,half,horizon,vol_target_10,false,false,false,true,true,false,0.029110640069240076,0.016707561597614815,0.023122845390948055,0.009447411403057215,0.05648665935626634,0.04699662045628668,0.10848495717952611
KRE__momentum_20__always__h5__half__signal_flip__notional_cap_1,KRE,momentum_20,always,5,half,signal_flip,notional_cap_1,false,false,false,true,true,false,0.06395298420260494,0.04771645552280693,0.00914919720243687,-0.005871892429078481,0.08367612263134981,0.06907877704899477,0.1192368839427663
KRE__momentum_20__always__h5__half__signal_flip__vol_target_10,KRE,momentum_20,always,5,half,signal_flip,vol_target_10,false,false,false,true,true,false,0.05030615016671342,0.03686110714175552,0.0021438101620265704,-0.012090532295290465,0.046504328399994924,0.03647319854946193,0.1129532853652372
KRE__momentum_20__always__h5__unit__horizon__notional_cap_1,KRE,momentum_20,always,5,unit,horizon,notional_cap_1,false,false,false,true,true,false,0.016777085626518973,-0.012551214017381823,0.05268103770513393,0.024034990304615596,0.10165617580406162,0.07512591766004777,0.2273449920508744
KRE__momentum_20__always__h5__unit__horizon__vol_target_10,KRE,momentum_20,always,5,unit,horizon,vol_target_10,false,false,false,true,true,false,0.029982967471608193,0.014542749944526163,0.01888912112972771,0.0017657972506644037,0.05410246094942877,0.04439068885182428,0.13575513659194133
KRE__momentum_20__always__h5__unit__signal_flip__notional_cap_1,KRE,momentum_20,always,5,unit,signal_flip,notional_cap_1,true,false,false,true,true,false,0.0963339871415456,0.06384747507136015,0.00451706861896815,-0.02551959515351613,0.12212285936482725,0.09287974094637692,0.2384737678855326
KRE__momentum_20__always__h5__unit__signal_flip__vol_target_10,KRE,momentum_20,always,5,unit,signal_flip,vol_target_10,false,false,false,true,true,false,0.05111774389689297,0.034608605403358805,-0.0020408131836818647,-0.01951677426966804,0.044593436520156515,0.03437323622327533,0.13860372157879033
KRE__momentum_20__trend_100__h20__half__horizon__notional_cap_1,KRE,momentum_20,trend_100,20,half,horizon,notional_cap_1,false,false,false,true,true,false,0.04722831447685942,0.04293393518227594,-0.0007583702600900133,-0.004963978281002475,-0.032048887118936276,-0.03596013509739017,0.033386327503974564
KRE__momentum_20__trend_100__h20__half__horizon__vol_target_10,KRE,momentum_20,trend_100,20,half,horizon,vol_target_10,false,false,false,true,true,false,0.044126586768932816,0.04003004838023313,-0.006018126393024664,-0.0103490671087537,-0.025521084451177338,-0.029073545613249034,0.03437218365746097
KRE__momentum_20__trend_100__h20__half__signal_flip__notional_cap_1,KRE,momentum_20,trend_100,20,half,signal_flip,notional_cap_1,false,false,false,true,true,false,0.03372060049080629,0.02658165888609218,0.005088510342695951,-0.0009184827059265203,0.014163346926688174,0.008578023576730282,0.04769475357710652
KRE__momentum_20__trend_100__h20__half__signal_flip__vol_target_10,KRE,momentum_20,trend_100,20,half,signal_flip,vol_target_10,false,false,false,true,true,false,0.037744102061101674,0.03161896722254551,0.002428683352112473,-0.003454944711743962,0.013956326818965078,0.009524853216215708,0.046714145592642246
KRE__momentum_20__trend_100__h20__unit__horizon__notional_cap_1,KRE,momentum_20,trend_100,20,unit,horizon,notional_cap_1,false,false,false,true,true,false,0.06151474135114664,0.052931926159567655,-0.021383207590439476,-0.029792285143087724,-0.11866141493043456,-0.12649400620832005,0.06677265500794913
KRE__momentum_20__trend_100__h20__unit__horizon__vol_target_10,KRE,momentum_20,trend_100,20,unit,horizon,vol_target_10,false,false,false,true,true,false,0.04048067685493913,0.03448093498466803,-0.009033705368651428,-0.015434413741669723,-0.03201821592715379,-0.03584095380339146,0.050823227570535125
KRE__momentum_20__trend_100__h20__unit__signal_flip__notional_cap_1,KRE,momentum_20,trend_100,20,unit,signal_flip,notional_cap_1,false,false,false,true,true,false,0.04435615825461608,0.030069266007945093,-0.002267465783429151,-0.014276360076488182,-0.007604809431561457,-0.01882845577256949,0.09538950715421304
KRE__momentum_20__trend_100__h20__unit__signal_flip__vol_target_10,KRE,momentum_20,trend_100,20,unit,signal_flip,vol_target_10,false,false,false,true,true,false,0.03947275325971428,0.03149260677633578,0.004342640015831723,-0.003581012567176989,0.011328458833404435,0.006740581956242034,0.06293132488188256
KRE__momentum_20__trend_100__h5__half__horizon__notional_cap_1,KRE,momentum_20,trend_100,5,half,horizon,notional_cap_1,false,false,false,true,true,false,0.04224139444219746,0.030016555511633812,0.012321292836002154,0.0001870040023190956,0.035320129486526436,0.024533786335860147,0.09618441971383147
KRE__momentum_20__trend_100__h5__half__horizon__vol_target_10,KRE,momentum_20,trend_100,5,half,horizon,vol_target_10,false,false,false,true,true,false,0.040073367891364294,0.029233563805008144,0.009009715533505151,-0.002654001303616873,0.031415812286495495,0.023421079003898414,0.09246592169609531
KRE__momentum_20__trend_100__h5__half__signal_flip__notional_cap_1,KRE,momentum_20,trend_100,5,half,signal_flip,notional_cap_1,false,false,false,true,true,false,0.040519996960830994,0.02720514688221066,-0.001410007141724793,-0.014041961410280038,0.02397291686089293,0.012678964689677486,0.10015898251192369
KRE__momentum_20__trend_100__h5__half__signal_flip__vol_target_10,KRE,momentum_20,trend_100,5,half,signal_flip,vol_target_10,false,false,false,true,true,false,0.037818841081643316,0.02626967401840561,-0.004254939560830742,-0.016328014587577905,0.020400229154938138,0.01224236863681164,0.09573722264817186
KRE__momentum_20__trend_100__h5__unit__horizon__notional_cap_1,KRE,momentum_20,trend_100,5,unit,horizon,notional_cap_1,false,false,false,true,true,false,0.062483394987332935,0.03803304588759495,0.012166052107124656,-0.012132629459722016,0.03568029855023985,0.014069107187638319,0.19236883942766295
KRE__momentum_20__trend_100__h5__unit__horizon__vol_target_10,KRE,momentum_20,trend_100,5,unit,horizon,vol_target_10,false,false,false,true,true,false,0.04341372587496996,0.02974442455882106,0.010759953741565992,-0.004021618090536971,0.029335611843098505,0.02112453517357448,0.11719453039888568
KRE__momentum_20__trend_100__h5__unit__signal_flip__notional_cap_1,KRE,momentum_20,trend_100,5,unit,signal_flip,notional_cap_1,false,false,false,true,true,false,0.0628625812208076,0.036221723952683915,-0.013977863225086831,-0.03926561670630302,0.015153912276640591,-0.007486125343038344,0.20031796502384738
KRE__momentum_20__trend_100__h5__unit__signal_flip__vol_target_10,KRE,momentum_20,trend_100,5,unit,signal_flip,vol_target_10,false,false,false,true,true,false,0.03786732097836445,0.023512847301614025,-0.004374627584786855,-0.019459199516687488,0.018577014639774077,0.010235099069033079,0.11957455943503285
KRE__momentum_60__always__h20__half__horizon__notional_cap_1,KRE,momentum_60,always,20,half,horizon,notional_cap_1,false,false,false,true,true,false,-0.01099343418486704,-0.015808830898765766,-0.002968009658221027,-0.007883091682641355,-0.016573204308839892,-0.021168079970863556,0.038950715421303655
KRE__momentum_60__always__h20__half__horizon__vol_target_10,KRE,momentum_60,always,20,half,horizon,vol_target_10,false,false,false,true,true,false,0.026074061493312616,0.02151546274991847,-0.0159176467322587,-0.021044099766769762,-0.007120481235858172,-0.011351563080043129,0.040652282143787126
KRE__momentum_60__always__h20__half__signal_flip__notional_cap_1,KRE,momentum_60,always,20,half,signal_flip,notional_cap_1,false,false,false,true,true,false,-0.0009856149058468568,-0.007634932428827516,0.006902498712081782,0.0001878463708745691,0.006618637587217733,-0.0006836828131772874,0.05325914149443561
KRE__momentum_60__always__h20__half__signal_flip__vol_target_10,KRE,momentum_60,always,20,half,signal_flip,vol_target_10,false,false,false,true,true,false,0.012217015258915803,0.006231106283028872,-0.0028464273490518893,-0.009351004785536191,-0.0016024358201553596,-0.007432938025707593,0.05160604646086505
KRE__momentum_60__always__h20__unit__horizon__notional_cap_1,KRE,momentum_60,always,20,unit,horizon,notional_cap_1,false,false,false,true,true,false,-0.0623899301169511,-0.07205549048247978,-0.03128164753590443,-0.04112639534741721,-0.10283582200483429,-0.11200069826183195,0.07790143084260731
KRE__momentum_60__always__h20__unit__horizon__vol_target_10,KRE,momentum_60,always,20,unit,horizon,vol_target_10,false,false,false,true,true,false,0.022575965328465196,0.016048401122545353,-0.021663698205910673,-0.029087551581556625,-0.01677495408924898,-0.021371315198180967,0.058903973842252634
KRE__momentum_60__always__h20__unit__signal_flip__notional_cap_1,KRE,momentum_60,always,20,unit,signal_flip,notional_cap_1,false,false,false,true,true,false,-0.03233952187504283,-0.04566924229809129,-0.004050860477586529,-0.017488166185817597,-0.03449142103427656,-0.04907749118911578,0.10651828298887123
KRE__momentum_60__always__h20__unit__signal_flip__vol_target_10,KRE,momentum_60,always,20,unit,signal_flip,vol_target_10,false,false,false,true,true,false,0.0074585757615452455,-0.0005413861914761973,-0.012143449070655657,-0.02084815651608002,-0.009689078795966734,-0.01580981769286532,0.06903604338877335
KRE__momentum_60__always__h5__half__horizon__notional_cap_1,KRE,momentum_60,always,5,half,horizon,notional_cap_1,false,false,false,true,true,false,-0.04636583837270442,-0.06061216264657117,-0.018866174060471884,-0.033386121157121126,-0.0031135027784857765,-0.017040050148252932,0.11526232114467408
KRE__momentum_60__always__h5__half__horizon__vol_target_10,KRE,momentum_60,always,5,half,horizon,vol_target_10,false,false,false,true,true,false,-0.009551477367772745,-0.02208171218216073,-0.02072981313128819,-0.03463964260341731,-0.01760853413829654,-0.027927119586605466,0.1104396391123454
KRE__momentum_60__always__h5__half__signal_flip__notional_cap_1,KRE,momentum_60,always,5,half,signal_flip,notional_cap_1,false,false,false,true,true,false,-0.02025183649582519,-0.035329894085283156,0.00487806441716033,-0.010744276690727719,0.00545336359410184,-0.009552312299444397,0.12400635930047695
KRE__momentum_60__always__h5__half__signal_flip__vol_target_10,KRE,momentum_60,always,5,half,signal_flip,vol_target_10,false,false,false,true,true,false,0.0015442090315136948,-0.011637884554497342,-0.0009368554396862747,-0.015808609449277564,0.000670030496795454,-0.010315992893181048,0.11805158280445376
KRE__momentum_60__always__h5__unit__horizon__notional_cap_1,KRE,momentum_60,always,5,unit,horizon,notional_cap_1,false,false,false,true,true,false,-0.12220801574247306,-0.15073900820217842,-0.055976162060646976,-0.08500984551878604,-0.05411433861791707,-0.08197633095867088,0.23052464228934816
KRE__momentum_60__always__h5__unit__horizon__vol_target_10,KRE,momentum_60,always,5,unit,horizon,vol_target_10,false,false,false,true,true,false,-0.017614248964603958,-0.03318936332716406,-0.021266425855839027,-0.038719698214770025,-0.024450592246013106,-0.03520154649378551,0.13861537742973903
KRE__momentum_60__always__h5__unit__signal_flip__notional_cap_1,KRE,momentum_60,always,5,unit,signal_flip,notional_cap_1,false,false,false,true,true,false,-0.06823945724157875,-0.09842850879146356,-0.006478397339307437,-0.03771815922713942,-0.03174155357271803,-0.06171656239332585,0.2480127186009539
KRE__momentum_60__always__h5__unit__signal_flip__vol_target_10,KRE,momentum_60,always,5,unit,signal_flip,vol_target_10,false,false,false,true,true,false,-0.00413270648603792,-0.020431479752764097,-0.004824415970849767,-0.023260275945965497,-0.005146722482074706,-0.016574352896237828,0.14632741821393583
KRE__momentum_60__trend_100__h20__half__horizon__notional_cap_1,KRE,momentum_60,trend_100,20,half,horizon,notional_cap_1,false,false,false,true,true,false,0.005234878277737526,0.0008419393459507714,0.025694935537475316,0.021282129895650773,-0.026871201824387934,-0.030983675350119196,0.034976152623211444
KRE__momentum_60__trend_100__h20__half__horizon__vol_target_10,KRE,momentum_60,trend_100,20,half,horizon,vol_target_10,false,false,false,true,true,false,0.019073757997984615,0.014885695745923562,0.01261587032016986,0.00805425488082684,-0.01927879210711514,-0.023074266790882564,0.03619142899216581
KRE__momentum_60__trend_100__h20__half__signal_flip__notional_cap_1,KRE,momentum_60,trend_100,20,half,signal_flip,notional_cap_1,false,false,false,true,true,false,0.004877357639780519,-0.0004233401414387838,0.012768698477432828,0.006854904585459353,0.003830707878599987,-0.0020810775805160976,0.04689984101748808
KRE__momentum_60__trend_100__h20__half__signal_flip__vol_target_10,KRE,momentum_60,trend_100,20,half,signal_flip,vol_target_10,false,false,false,true,true,false,0.014443008935271916,0.009558147822649741,0.003113531340946913,-0.0025991960532658247,-0.0003656775733893898,-0.005262592391526873,0.04533014346090306
KRE__momentum_60__trend_100__h20__unit__horizon__notional_cap_1,KRE,momentum_60,trend_100,20,unit,horizon,notional_cap_1,false,false,false,true,true,false,-0.021505631259910424,-0.030315797583083927,0.02900203467772338,0.02016480257147449,-0.11482485817195479,-0.12306171570890208,0.06995230524642289
KRE__momentum_60__trend_100__h20__unit__horizon__vol_target_10,KRE,momentum_60,trend_100,20,unit,horizon,vol_target_10,false,false,false,true,true,false,0.014528085924591386,0.008454023254647886,0.011771141234854267,0.005069367361752531,-0.028540555458923332,-0.03267840276807399,0.053228226247323256
KRE__momentum_60__trend_100__h20__unit__signal_flip__notional_cap_1,KRE,momentum_60,trend_100,20,unit,signal_flip,notional_cap_1,false,false,false,true,true,false,-0.015835488646175774,-0.02644092877767549,0.008353782780955978,-0.0034826328505309194,-0.035457171665249886,-0.04728555356530722,0.09379968203497616
KRE__momentum_60__trend_100__h20__unit__signal_flip__vol_target_10,KRE,momentum_60,trend_100,20,unit,signal_flip,vol_target_10,false,false,false,true,true,false,0.010128193046822082,0.003482922264463808,-0.0020028402494114035,-0.009744359054210294,-0.007882931325841058,-0.013055340271338568,0.06142962460932497
KRE__momentum_60__trend_100__h5__half__horizon__notional_cap_1,KRE,momentum_60,trend_100,5,half,horizon,notional_cap_1,false,false,false,true,true,false,-0.02126254395572749,-0.034416977462399384,-0.013393361301137536,-0.026823298509877032,-0.006922767345334644,-0.0193436739493392,0.10651828298887123
KRE__momentum_60__trend_100__h5__half__horizon__vol_target_10,KRE,momentum_60,trend_100,5,half,horizon,vol_target_10,false,false,false,true,true,false,-0.005924657162892402,-0.01759487189571292,-0.02074935344902424,-0.033618002928426954,-0.0028555804622982734,-0.012123967897214682,0.10210619784842935
KRE__momentum_60__trend_100__h5__half__signal_flip__notional_cap_1,KRE,momentum_60,trend_100,5,half,signal_flip,notional_cap_1,false,false,false,true,true,false,-0.01282326294760588,-0.026223412355322516,-0.0064855399728334295,-0.020617651455129095,-0.009635103119766338,-0.022442191671729735,0.11208267090620032
KRE__momentum_60__trend_100__h5__half__signal_flip__vol_target_10,KRE,momentum_60,trend_100,5,half,signal_flip,vol_target_10,false,false,false,true,true,false,-0.0031040787214402068,-0.014947509064345743,-0.013241102596707133,-0.026685919405117386,-0.006069752811221888,-0.015553739085190817,0.10665695488265327
KRE__momentum_60__trend_100__h5__unit__horizon__notional_cap_1,KRE,momentum_60,trend_100,5,unit,horizon,notional_cap_1,false,false,false,true,true,false,-0.06629887251165142,-0.09263183832641847,-0.043567162215678495,-0.0704443037374409,-0.050347031225535285,-0.07519122997859641,0.21303656597774245
KRE__momentum_60__trend_100__h5__unit__horizon__vol_target_10,KRE,momentum_60,trend_100,5,unit,horizon,vol_target_10,false,false,false,true,true,false,-0.011762354815010565,-0.02623958932104884,-0.024668485346071564,-0.04084197139015318,-0.008050187466389778,-0.01774597397561247,0.12837924766771056
KRE__momentum_60__trend_100__h5__unit__signal_flip__notional_cap_1,KRE,momentum_60,trend_100,5,unit,signal_flip,notional_cap_1,false,false,false,true,true,false,-0.047820458412939866,-0.07463562558023024,-0.027908881671937474,-0.056192494532757625,-0.057217658901958686,-0.08280531358675979,0.22416534181240064
KRE__momentum_60__trend_100__h5__unit__signal_flip__vol_target_10,KRE,momentum_60,trend_100,5,unit,signal_flip,vol_target_10,false,false,false,true,true,false,-0.008937288678152865,-0.023592519498975097,-0.017273216438747015,-0.034015173498328374,-0.010989731158532147,-0.020900882010495662,0.1328257812251527
LQD__mean_reversion_5__always__h20__half__horizon__notional_cap_1,LQD,mean_reversion_5,always,20,half,horizon,notional_cap_1,false,false,false,true,true,false,0.02274746347394097,0.017863762985604097,0.0170137004572893,0.011802602000121613,-0.0212771415117869,-0.026387349521688214,0.04133545310015898
LQD__mean_reversion_5__always__h20__half__horizon__vol_target_10,LQD,mean_reversion_5,always,20,half,horizon,vol_target_10,false,false,false,true,true,false,0.02274746347394097,0.017863762985604097,0.0170137004572893,0.011802602000121613,-0.02413257323791359,-0.029246795647543157,0.04133545310015898
LQD__mean_reversion_5__always__h20__half__signal_flip__notional_cap_1,LQD,mean_reversion_5,always,20,half,signal_flip,notional_cap_1,false,false,false,true,true,false,0.01194746802778044,-0.00023714551476034868,0.01571942960432097,0.0014937894679014426,0.006624955659705712,-0.006006514965385838,0.11287758346581876
LQD__mean_reversion_5__always__h20__half__signal_flip__vol_target_10,LQD,mean_reversion_5,always,20,half,signal_flip,vol_target_10,false,false,false,true,true,false,0.01194746802778044,-0.00023714551476034868,0.01571942960432097,0.0014937894679014426,0.0023143077952457723,-0.01024772549367064,0.11287758346581876
LQD__mean_reversion_5__always__h20__unit__horizon__notional_cap_1,LQD,mean_reversion_5,always,20,unit,horizon,notional_cap_1,false,false,false,true,true,false,0.04300922078318103,0.033237332737118326,0.03260733601039806,0.02217947636296739,-0.050264858574969304,-0.06048947439835834,0.08267090620031796
LQD__mean_reversion_5__always__h20__unit__horizon__vol_target_10,LQD,mean_reversion_5,always,20,unit,horizon,vol_target_10,false,false,false,true,true,false,0.04421291041819183,0.03437279076288396,0.03260733601039806,0.02217947636296739,-0.04443289154965045,-0.05491716950287208,0.08267090620031796
LQD__mean_reversion_5__always__h20__unit__signal_flip__notional_cap_1,LQD,mean_reversion_5,always,20,unit,signal_flip,notional_cap_1,false,false,false,true,true,false,0.02254865091906865,-0.001824240337187204,0.030701645285328583,0.002244235773036828,0.006964213735802267,-0.018321605171559147,0.22575516693163752
LQD__mean_reversion_5__always__h20__unit__signal_flip__vol_target_10,LQD,mean_reversion_5,always,20,unit,signal_flip,vol_target_10,false,false,false,true,true,false,0.021771395815417094,-0.002270895296738693,0.030701645285328583,0.002244235773036828,0.0038796014524125006,-0.02031015054725612,0.22575516693163752
LQD__mean_reversion_5__always__h5__half__horizon__notional_cap_1,LQD,mean_reversion_5,always,5,half,horizon,notional_cap_1,false,false,false,true,true,false,0.0280785868415724,0.015515553635363943,0.018694473459888956,0.005118166017684209,0.005388365853220124,-0.008741581847245836,0.10771065182829889
LQD__mean_reversion_5__always__h5__half__horizon__vol_target_10,LQD,mean_reversion_5,always,5,half,horizon,vol_target_10,false,false,false,true,true,false,0.0280785868415724,0.015515553635363943,0.018694473459888956,0.005118166017684209,-0.003417726664113839,-0.017435686771632312,0.10771065182829889
LQD__mean_reversion_5__always__h5__half__signal_flip__notional_cap_1,LQD,mean_reversion_5,always,5,half,signal_flip,notional_cap_1,false,false,false,true,true,false,0.013255188470007215,-0.0017670851557745294,0.0197342261230618,0.0028029231604739004,0.015072586258940621,-0.0012716456974131906,0.1343402225755167
LQD__mean_reversion_5__always__h5__half__signal_flip__vol_target_10,LQD,mean_reversion_5,always,5,half,signal_flip,vol_target_10,false,false,false,true,true,false,0.013255188470007215,-0.0017670851557745294,0.0197342261230618,0.0028029231604739004,0.009036384420241173,-0.0071898124086233264,0.1343402225755167
LQD__mean_reversion_5__always__h5__unit__horizon__notional_cap_1,LQD,mean_reversion_5,always,5,unit,horizon,notional_cap_1,false,false,false,true,true,false,0.05460117385635573,0.02946559732291265,0.03644785250410331,0.009285706996015669,0.004404843381084085,-0.023870114352417253,0.21542130365659778
LQD__mean_reversion_5__always__h5__unit__horizon__vol_target_10,LQD,mean_reversion_5,always,5,unit,horizon,vol_target_10,false,false,false,true,true,false,0.05343488304285429,0.028614490560198304,0.03644785250410331,0.009285706996015669,-0.008413450792041652,-0.03542863388489175,0.21542130365659778
LQD__mean_reversion_5__always__h5__unit__signal_flip__notional_cap_1,LQD,mean_reversion_5,always,5,unit,signal_flip,notional_cap_1,false,false,false,true,true,false,0.025362502224399563,-0.004686857179389644,0.03880780751291511,0.00493633175159375,0.024655581919705512,-0.008069517606822584,0.2686804451510334
LQD__mean_reversion_5__always__h5__unit__signal_flip__vol_target_10,LQD,mean_reversion_5,always,5,unit,signal_flip,vol_target_10,false,false,false,true,true,false,0.024573398479979705,-0.005080018120373743,0.03880780751291511,0.00493633175159375,0.015218926489225477,-0.015788536851659624,0.2686804451510334
LQD__mean_reversion_5__trend_100__h20__half__horizon__notional_cap_1,LQD,mean_reversion_5,trend_100,20,half,horizon,notional_cap_1,false,false,false,true,true,false,0.015360914160733354,0.011312154248868776,0.01667153286737593,0.013064120877337947,-0.009310649059573784,-0.012517163501074674,0.028616852146263912
LQD__mean_reversion_5__trend_100__h20__half__horizon__vol_target_10,LQD,mean_reversion_5,trend_100,20,half,horizon,vol_target_10,false,false,false,true,true,false,0.015360914160733354,0.011312154248868776,0.01667153286737593,0.013064120877337947,-0.01216655172581759,-0.015377164665673298,0.028616852146263912
LQD__mean_reversion_5__trend_100__h20__half__signal_flip__notional_cap_1,LQD,mean_reversion_5,trend_100,20,half,signal_flip,notional_cap_1,false,false,false,true,true,false,0.00973597652325956,-0.0009460435968673695,0.010473527440906837,0.0013563865984418063,0.0030057370363897997,-0.003915051928719427,0.07233704292527822
LQD__mean_reversion_5__trend_100__h20__half__signal_flip__vol_target_10,LQD,mean_reversion_5,trend_100,20,half,signal_flip,vol_target_10,false,false,false,true,true,false,0.00973597652325956,-0.0009460435968673695,0.010473527440906837,0.0013563865984418063,0.0007914572368797072,-0.006123485802383222,0.07233704292527822
LQD__mean_reversion_5__trend_100__h20__unit__horizon__notional_cap_1,LQD,mean_reversion_5,trend_100,20,unit,horizon,notional_cap_1,false,false,false,true,true,false,0.02873756127869494,0.020636561366335973,0.03238428409271562,0.0251660828734222,-0.023868367303477613,-0.03028425018871806,0.057233704292527825
LQD__mean_reversion_5__trend_100__h20__unit__horizon__vol_target_10,LQD,mean_reversion_5,trend_100,20,unit,horizon,vol_target_10,false,false,false,true,true,false,0.031042874080721716,0.022901118489336632,0.03238428409271562,0.0251660828734222,-0.018956984307615676,-0.025455018464986667,0.057233704292527825
LQD__mean_reversion_5__trend_100__h20__unit__signal_flip__notional_cap_1,LQD,mean_reversion_5,trend_100,20,unit,signal_flip,notional_cap_1,false,false,false,true,true,false,0.018340820000323086,-0.003025671076211106,0.020535607378889906,0.0022959788261999073,0.0018696317703606243,-0.0119915845034308,0.14467408585055644
LQD__mean_reversion_5__trend_100__h20__unit__signal_flip__vol_target_10,LQD,mean_reversion_5,trend_100,20,unit,signal_flip,vol_target_10,false,false,false,true,true,false,0.018347084744358276,-0.0027798998492162704,0.020535607378889906,0.0022959788261999073,0.005103625289748974,-0.008352734185922599,0.14467408585055644
LQD__mean_reversion_5__trend_100__h5__half__horizon__notional_cap_1,LQD,mean_reversion_5,trend_100,5,half,horizon,notional_cap_1,false,false,false,true,true,false,0.020764258950878703,0.010456186864190217,0.016589853531702635,0.008223980650081043,-0.012439643134189661,-0.019854076774088583,0.0663751987281399
LQD__mean_reversion_5__trend_100__h5__half__horizon__vol_target_10,LQD,mean_reversion_5,trend_100,5,half,horizon,vol_target_10,false,false,false,true,true,false,0.020764258950878703,0.010456186864190217,0.016589853531702635,0.008223980650081043,-0.01070327646130657,-0.01811123629566666,0.0663751987281399
LQD__mean_reversion_5__trend_100__h5__half__signal_flip__notional_cap_1,LQD,mean_reversion_5,trend_100,5,half,signal_flip,notional_cap_1,false,false,false,true,true,false,0.008794162705236173,-0.00372379922818977,0.012092060005774913,0.0016729740918265637,-0.006202204533120223,-0.01452371887159931,0.08267090620031796
LQD__mean_reversion_5__trend_100__h5__half__signal_flip__vol_target_10,LQD,mean_reversion_5,trend_100,5,half,signal_flip,vol_target_10,false,false,false,true,true,false,0.008794162705236173,-0.00372379922818977,0.012092060005774913,0.0016729740918265637,-0.0044884977385778735,-0.012797571441164295,0.08267090620031796
LQD__mean_reversion_5__trend_100__h5__unit__horizon__notional_cap_1,LQD,mean_reversion_5,trend_100,5,unit,horizon,notional_cap_1,false,false,false,true,true,false,0.04029463845252144,0.019672946132257577,0.03266573209183485,0.01592879064483975,-0.02717051848270439,-0.04200472363053536,0.1327503974562798
LQD__mean_reversion_5__trend_100__h5__unit__horizon__vol_target_10,LQD,mean_reversion_5,trend_100,5,unit,horizon,vol_target_10,false,false,false,true,true,false,0.04106550492544213,0.020671993708815853,0.03266573209183485,0.01592879064483975,-0.016556925313741623,-0.031035106556567115,0.1327503974562798
LQD__mean_reversion_5__trend_100__h5__unit__signal_flip__notional_cap_1,LQD,mean_reversion_5,trend_100,5,unit,signal_flip,notional_cap_1,false,false,false,true,true,false,0.016719069363991014,-0.008319665786931284,0.023854128735341564,0.003010853442028304,-0.014351218768410617,-0.031010885025347615,0.16534181240063592
LQD__mean_reversion_5__trend_100__h5__unit__signal_flip__vol_target_10,LQD,mean_reversion_5,trend_100,5,unit,signal_flip,vol_target_10,false,false,false,true,true,false,0.017090077081417,-0.007639348921370565,0.023854128735341564,0.003010853442028304,-0.00399684801677133,-0.020093785161869944,0.16534181240063592
LQD__momentum_20__always__h20__half__horizon__notional_cap_1,LQD,momentum_20,always,20,half,horizon,notional_cap_1,false,false,false,true,true,false,0.026783312603230545,0.02177464018538661,0.024247153578827483,0.019334893950988846,-0.006169111970818498,-0.010420674890011564,0.038950715421303655
LQD__momentum_20__always__h20__half__horizon__vol_target_10,LQD,momentum_20,always,20,half,horizon,vol_target_10,false,false,false,true,true,false,0.026783312603230545,0.02177464018538661,0.024247153578827483,0.019334893950988846,-0.0017661826952588629,-0.006020759704651482,0.038950715421303655
LQD__momentum_20__always__h20__half__signal_flip__notional_cap_1,LQD,momentum_20,always,20,half,signal_flip,notional_cap_1,false,false,false,true,true,false,0.015645758358900634,0.008010765422788163,0.014553881830001678,0.006187461042590506,0.001412450840782091,-0.005148738095248323,0.0663751987281399
LQD__momentum_20__always__h20__half__signal_flip__vol_target_10,LQD,momentum_20,always,20,half,signal_flip,vol_target_10,false,false,false,true,true,false,0.015645758358900634,0.008010765422788163,0.014553881830001678,0.006187461042590506,0.0024408895838632285,-0.004122704460078437,0.0663751987281399
LQD__momentum_20__always__h20__unit__horizon__notional_cap_1,LQD,momentum_20,always,20,unit,horizon,notional_cap_1,false,false,false,true,true,false,0.05145710471755759,0.041435660079294445,0.047175345634865015,0.03734188740967899,-0.01736704565751896,-0.0258597838207777,0.07790143084260731
LQD__momentum_20__always__h20__unit__horizon__vol_target_10,LQD,momentum_20,always,20,unit,horizon,vol_target_10,false,false,false,true,true,false,0.05143074455544853,0.041331539593080786,0.047175345634865015,0.03734188740967899,-0.0003110215971956201,-0.00885031162561739,0.07790143084260731
LQD__momentum_20__always__h20__unit__signal_flip__notional_cap_1,LQD,momentum_20,always,20,unit,signal_flip,notional_cap_1,false,false,false,true,true,false,0.029597902309774375,0.014328129240821195,0.028078490754029135,0.011339357683875714,1.185423753205083e-5,-0.013112074797527589,0.1327503974562798
LQD__momentum_20__always__h20__unit__signal_flip__vol_target_10,LQD,momentum_20,always,20,unit,signal_flip,vol_target_10,false,false,false,true,true,false,0.03115642162578791,0.015936553099989984,0.028078490754029135,0.011339357683875714,0.002720258927638796,-0.010355667711391655,0.1327503974562798
LQD__momentum_20__always__h5__half__horizon__notional_cap_1,LQD,momentum_20,always,5,half,horizon,notional_cap_1,false,false,false,true,true,false,0.012593860598040284,-0.003513713977559112,0.017980828320463636,0.002903281813464028,0.00053529565205532,-0.012089743705964584,0.11963434022257552
LQD__momentum_20__always__h5__half__horizon__vol_target_10,LQD,momentum_20,always,5,half,horizon,vol_target_10,false,false,false,true,true,false,0.012593860598040284,-0.003513713977559112,0.017980828320463636,0.002903281813464028,0.0012571908689759169,-0.011303466430097785,0.11963434022257552
LQD__momentum_20__always__h5__half__signal_flip__notional_cap_1,LQD,momentum_20,always,5,half,signal_flip,notional_cap_1,false,false,false,true,true,false,0.01819516958641587,0.0009604052214421268,0.01334910538657003,-0.0034839176014759415,-0.0005742276841207731,-0.014100373453668234,0.13354531001589826
LQD__momentum_20__always__h5__half__signal_flip__vol_target_10,LQD,momentum_20,always,5,half,signal_flip,vol_target_10,false,false,false,true,true,false,0.01819516958641587,0.0009604052214421268,0.01334910538657003,-0.0034839176014759415,0.00014765722343877707,-0.013314115689698569,0.13354531001589826
LQD__momentum_20__always__h5__unit__horizon__notional_cap_1,LQD,momentum_20,always,5,unit,horizon,notional_cap_1,false,false,false,true,true,false,0.02354662120010782,-0.00867440557911093,0.03497566622303095,0.004813333931121577,-0.0016063658814447573,-0.026866459720519577,0.23926868044515104
LQD__momentum_20__always__h5__unit__horizon__vol_target_10,LQD,momentum_20,always,5,unit,horizon,vol_target_10,false,false,false,true,true,false,0.025147332997224887,-0.006884710056300182,0.03497566622303095,0.004813333931121577,-0.0003879514409496814,-0.02488316887268263,0.23926868044515104
LQD__momentum_20__always__h5__unit__signal_flip__notional_cap_1,LQD,momentum_20,always,5,unit,signal_flip,notional_cap_1,false,false,false,true,true,false,0.034886720729769186,0.00040991492550337136,0.02581003362895107,-0.007868640199226425,-0.0035945705139073946,-0.030656228313877824,0.2670906200317965
LQD__momentum_20__always__h5__unit__signal_flip__vol_target_10,LQD,momentum_20,always,5,unit,signal_flip,vol_target_10,false,false,false,true,true,false,0.0364184828060405,0.0021896133503021696,0.02581003362895107,-0.007868640199226425,-0.002452587707858534,-0.028629063373550062,0.2670906200317965
LQD__momentum_20__trend_100__h20__half__horizon__notional_cap_1,LQD,momentum_20,trend_100,20,half,horizon,notional_cap_1,false,false,false,true,true,false,0.02159102984445239,0.016916217480131033,0.018537216995765996,0.014428863267390842,-0.019031419331904904,-0.022486586883017405,0.03259141494435612
LQD__momentum_20__trend_100__h20__half__horizon__vol_target_10,LQD,momentum_20,trend_100,20,half,horizon,vol_target_10,false,false,false,true,true,false,0.02159102984445239,0.016916217480131033,0.018537216995765996,0.014428863267390842,-0.015234528705020112,-0.018693695154593574,0.03259141494435612
LQD__momentum_20__trend_100__h20__half__signal_flip__notional_cap_1,LQD,momentum_20,trend_100,20,half,signal_flip,notional_cap_1,false,false,false,true,true,false,0.016595390884692557,0.009543782215365467,0.016008200215523297,0.009345584265975577,-0.004649789908514703,-0.009512574547524804,0.05286168521462639
LQD__momentum_20__trend_100__h20__half__signal_flip__vol_target_10,LQD,momentum_20,trend_100,20,half,signal_flip,vol_target_10,false,false,false,true,true,false,0.016595390884692557,0.009543782215365467,0.016008200215523297,0.009345584265975577,-0.004226870103625194,-0.009093054675923935,0.05286168521462639
LQD__momentum_20__trend_100__h20__unit__horizon__notional_cap_1,LQD,momentum_20,trend_100,20,unit,horizon,notional_cap_1,false,false,false,true,true,false,0.04126429686125305,0.03191074276820602,0.035959850494987816,0.027739472147464948,-0.04210547700965456,-0.04901517742078182,0.06518282988871224
LQD__momentum_20__trend_100__h20__unit__horizon__vol_target_10,LQD,momentum_20,trend_100,20,unit,horizon,vol_target_10,false,false,false,true,true,false,0.04277977021904678,0.033404200507043354,0.035959850494987816,0.027739472147464948,-0.022987932457090285,-0.029901659898382043,0.06518282988871224
LQD__momentum_20__trend_100__h20__unit__signal_flip__notional_cap_1,LQD,momentum_20,trend_100,20,unit,signal_flip,notional_cap_1,false,false,false,true,true,false,0.03162826022751173,0.01752381230517027,0.03112957351710122,0.017800254392996196,-0.011452014959972827,-0.021187732212356623,0.10572337042925278
LQD__momentum_20__trend_100__h20__unit__signal_flip__vol_target_10,LQD,momentum_20,trend_100,20,unit,signal_flip,vol_target_10,false,false,false,true,true,false,0.03375564981190465,0.019707199571160863,0.03112957351710122,0.017800254392996196,-0.006900436402756907,-0.016612229122376466,0.10572337042925278
LQD__momentum_20__trend_100__h5__half__horizon__notional_cap_1,LQD,momentum_20,trend_100,5,half,horizon,notional_cap_1,false,false,false,true,true,false,0.015156379031236917,0.00013217751114553576,0.013504409777812858,0.0009330639517383874,-0.003881432579938931,-0.014101414723459549,0.09976152623211447
LQD__momentum_20__trend_100__h5__half__horizon__vol_target_10,LQD,momentum_20,trend_100,5,half,horizon,vol_target_10,false,false,false,true,true,false,0.015156379031236917,0.00013217751114553576,0.013504409777812858,0.0009330639517383874,-0.0035660306759514038,-0.013726524604881312,0.09976152623211447
LQD__momentum_20__trend_100__h5__half__signal_flip__notional_cap_1,LQD,momentum_20,trend_100,5,half,signal_flip,notional_cap_1,false,false,false,true,true,false,0.017733304349747743,0.0016672278120632425,0.01223122478357948,-0.0016961369788744782,-0.004845438004104962,-0.015467892125089146,0.11049284578696343
LQD__momentum_20__trend_100__h5__half__signal_flip__vol_target_10,LQD,momentum_20,trend_100,5,half,signal_flip,vol_target_10,false,false,false,true,true,false,0.017733304349747743,0.0016672278120632425,0.01223122478357948,-0.0016961369788744782,-0.004530039931872307,-0.015093008320148283,0.11049284578696343
LQD__momentum_20__trend_100__h5__unit__horizon__notional_cap_1,LQD,momentum_20,trend_100,5,unit,horizon,notional_cap_1,false,false,false,true,true,false,0.028778390297132743,-0.0012786806838950167,0.026176046106481894,0.0010305674126768784,-0.00974835989050283,-0.03019585603215285,0.19952305246422894
LQD__momentum_20__trend_100__h5__unit__horizon__vol_target_10,LQD,momentum_20,trend_100,5,unit,horizon,vol_target_10,false,false,false,true,true,false,0.02981336587890234,-8.317824397907538e-5,0.026176046106481894,0.0010305674126768784,-0.006147947935266466,-0.025901512508285016,0.19952305246422894
LQD__momentum_20__trend_100__h5__unit__signal_flip__notional_cap_1,LQD,momentum_20,trend_100,5,unit,signal_flip,notional_cap_1,false,false,false,true,true,false,0.03405727302812969,0.0019187946919612489,0.02370646988153574,-0.00415878002996528,-0.011493430871745508,-0.032749543063154404,0.22098569157392686
LQD__momentum_20__trend_100__h5__unit__signal_flip__vol_target_10,LQD,momentum_20,trend_100,5,unit,signal_flip,vol_target_10,false,false,false,true,true,false,0.03511384808260301,0.003184466232062598,0.02370646988153574,-0.00415878002996528,-0.007654423549015189,-0.02811142013223356,0.22098569157392686
LQD__momentum_60__always__h20__half__horizon__notional_cap_1,LQD,momentum_60,always,20,half,horizon,notional_cap_1,false,false,false,true,true,false,0.02753281812130017,0.022187750562548042,0.023972248675491883,0.0195630784214272,-0.007137509163316224,-0.011196071464959937,0.034976152623211444
LQD__momentum_60__always__h20__half__horizon__vol_target_10,LQD,momentum_60,always,20,half,horizon,vol_target_10,false,false,false,true,true,false,0.02753281812130017,0.022187750562548042,0.023972248675491883,0.0195630784214272,-0.00853556363025481,-0.012597861282990872,0.034976152623211444
LQD__momentum_60__always__h20__half__signal_flip__notional_cap_1,LQD,momentum_60,always,20,half,signal_flip,notional_cap_1,false,false,false,true,true,false,0.01857764433521661,0.0123981582154557,0.024174047355128965,0.01896603939085639,-0.014073514240028718,-0.019734840799990553,0.04133545310015898
LQD__momentum_60__always__h20__half__signal_flip__vol_target_10,LQD,momentum_60,always,20,half,signal_flip,vol_target_10,false,false,false,true,true,false,0.01857764433521661,0.0123981582154557,0.024174047355128965,0.01896603939085639,-0.013675772188685025,-0.019326005766652003,0.04133545310015898
LQD__momentum_60__always__h20__unit__horizon__notional_cap_1,LQD,momentum_60,always,20,unit,horizon,notional_cap_1,false,false,false,true,true,false,0.052658249968644225,0.04195877443562248,0.0466911028100761,0.03786841225486666,-0.020529305333709988,-0.02865067695681901,0.06995230524642289
LQD__momentum_60__always__h20__unit__horizon__vol_target_10,LQD,momentum_60,always,20,unit,horizon,vol_target_10,true,false,false,true,true,false,0.054530274224098424,0.043810912244666295,0.0466911028100761,0.03786841225486666,-0.01252542365758657,-0.020681231132287897,0.06995230524642289
LQD__momentum_60__always__h20__unit__signal_flip__notional_cap_1,LQD,momentum_60,always,20,unit,signal_flip,notional_cap_1,false,false,false,true,true,false,0.03496837071834943,0.02260009511347798,0.04724930229809986,0.03683380462224963,-0.03082002198396206,-0.04214736319996201,0.08267090620031796
LQD__momentum_60__always__h20__unit__signal_flip__vol_target_10,LQD,momentum_60,always,20,unit,signal_flip,vol_target_10,false,false,false,true,true,false,0.0371494939528357,0.0247701105894029,0.04724930229809986,0.03683380462224963,-0.024158268193596483,-0.03526453796520316,0.08267090620031796
LQD__momentum_60__always__h5__half__horizon__notional_cap_1,LQD,momentum_60,always,5,half,horizon,notional_cap_1,false,false,false,true,true,false,0.016257400191075945,-0.0011040425430056719,0.01968033295629128,0.005155110187109977,0.00010064192493233152,-0.011769083439647967,0.11526232114467408
LQD__momentum_60__always__h5__half__horizon__vol_target_10,LQD,momentum_60,always,5,half,horizon,vol_target_10,false,false,false,true,true,false,0.016257400191075945,-0.0011040425430056719,0.01968033295629128,0.005155110187109977,0.00037158194425864215,-0.011441086581149677,0.11526232114467408
LQD__momentum_60__always__h5__half__signal_flip__notional_cap_1,LQD,momentum_60,always,5,half,signal_flip,notional_cap_1,false,false,false,true,true,false,0.016136428618983813,-0.0016431046897729296,0.0256287140018884,0.010905560953723135,-0.007330554975529917,-0.02000425023136276,0.11685214626391097
LQD__momentum_60__always__h5__half__signal_flip__vol_target_10,LQD,momentum_60,always,5,half,signal_flip,vol_target_10,false,false,false,true,true,false,0.016136428618983813,-0.0016431046897729296,0.0256287140018884,0.010905560953723135,-0.007087497976965111,-0.019697668639098855,0.11685214626391097
LQD__momentum_60__always__h5__unit__horizon__notional_cap_1,LQD,momentum_60,always,5,unit,horizon,notional_cap_1,false,false,false,true,true,false,0.030534305400065007,-0.004198882754804474,0.038337430394322754,0.009282644246055419,-0.0020565356389034817,-0.02579775824189874,0.23052464228934816
LQD__momentum_60__always__h5__unit__horizon__vol_target_10,LQD,momentum_60,always,5,unit,horizon,vol_target_10,false,false,false,true,true,false,0.03365018766611187,-0.0008569767014788786,0.038337430394322754,0.009282644246055419,0.0004506123927717825,-0.022688486419440233,0.23052464228934816
LQD__momentum_60__always__h5__unit__signal_flip__notional_cap_1,LQD,momentum_60,always,5,unit,signal_flip,notional_cap_1,false,false,false,true,true,false,0.030362164807060412,-0.00520894856041687,0.05030478287559829,0.020858911541442825,-0.016767892398144957,-0.04212245084595963,0.23370429252782193
LQD__momentum_60__always__h5__unit__signal_flip__vol_target_10,LQD,momentum_60,always,5,unit,signal_flip,vol_target_10,false,false,false,true,true,false,0.033220719996991624,-0.002103479720275185,0.05030478287559829,0.020858911541442825,-0.014742123864478653,-0.03943443616590479,0.23370429252782193
LQD__momentum_60__trend_100__h20__half__horizon__notional_cap_1,LQD,momentum_60,trend_100,20,half,horizon,notional_cap_1,false,false,false,true,true,false,0.02981196767640712,0.0247170811579457,0.023090063263998192,0.018882968592391934,-0.010373437581880435,-0.014233276758883182,0.033386327503974564
LQD__momentum_60__trend_100__h20__half__horizon__vol_target_10,LQD,momentum_60,trend_100,20,half,horizon,vol_target_10,false,false,false,true,true,false,0.02981196767640712,0.0247170811579457,0.023090063263998192,0.018882968592391934,-0.011771402804944027,-0.015634982451466706,0.033386327503974564
LQD__momentum_60__trend_100__h20__half__signal_flip__notional_cap_1,LQD,momentum_60,trend_100,20,half,signal_flip,notional_cap_1,false,false,false,true,true,false,0.018756009265675427,0.012911939607913382,0.023143100130933042,0.018134462436236377,-0.012841995429033816,-0.018000323948918966,0.0397456279809221
LQD__momentum_60__trend_100__h20__half__signal_flip__vol_target_10,LQD,momentum_60,trend_100,20,half,signal_flip,vol_target_10,false,false,false,true,true,false,0.018756009265675427,0.012911939607913382,0.023143100130933042,0.018134462436236377,-0.012444247942346732,-0.01759148095235736,0.0397456279809221
LQD__momentum_60__trend_100__h20__unit__horizon__notional_cap_1,LQD,momentum_60,trend_100,20,unit,horizon,notional_cap_1,true,false,false,true,true,false,0.057342819049999175,0.047143405426484625,0.045004084534530586,0.03658906037910715,-0.026678834588252917,-0.03440594964284577,0.06677265500794913
LQD__momentum_60__trend_100__h20__unit__horizon__vol_target_10,LQD,momentum_60,trend_100,20,unit,horizon,vol_target_10,true,true,false,true,true,false,0.05921492864684872,0.0489956370331692,0.045004084534530586,0.03658906037910715,-0.019832827702827266,-0.027590963310290924,0.06677265500794913
LQD__momentum_60__trend_100__h20__unit__signal_flip__notional_cap_1,LQD,momentum_60,trend_100,20,unit,signal_flip,notional_cap_1,false,false,false,true,true,false,0.03535139335409193,0.023657233928341785,0.045205615150123765,0.035186962622529475,-0.028249485690697816,-0.03856642457151027,0.0794912559618442
LQD__momentum_60__trend_100__h20__unit__signal_flip__vol_target_10,LQD,momentum_60,trend_100,20,unit,signal_flip,vol_target_10,false,false,false,true,true,false,0.03753252420488866,0.025827272271559863,0.045205615150123765,0.035186962622529475,-0.021920772565431543,-0.03205075507668641,0.0794912559618442
LQD__momentum_60__trend_100__h5__half__horizon__notional_cap_1,LQD,momentum_60,trend_100,5,half,horizon,notional_cap_1,false,false,false,true,true,false,0.017706472422537936,0.0006789477281400715,0.017620836901771453,0.0036955140328162888,0.00014114388009413845,-0.011229931445341935,0.11049284578696343
LQD__momentum_60__trend_100__h5__half__horizon__vol_target_10,LQD,momentum_60,trend_100,5,half,horizon,vol_target_10,false,false,false,true,true,false,0.017706472422537936,0.0006789477281400715,0.017620836901771453,0.0036955140328162888,0.0004120839454552288,-0.010901932636574293,0.11049284578696343
LQD__momentum_60__trend_100__h5__half__signal_flip__notional_cap_1,LQD,momentum_60,trend_100,5,half,signal_flip,notional_cap_1,false,false,false,true,true,false,0.015800553740463602,-0.0013941972361364153,0.02019746735528744,0.006072648789981282,-0.007390283635753132,-0.01946445982867975,0.11208267090620032
LQD__momentum_60__trend_100__h5__half__signal_flip__vol_target_10,LQD,momentum_60,trend_100,5,half,signal_flip,vol_target_10,false,false,false,true,true,false,0.015800553740463602,-0.0013941972361364153,0.02019746735528744,0.006072648789981282,-0.007147226916658752,-0.019157876468467082,0.11208267090620032
LQD__momentum_60__trend_100__h5__unit__horizon__notional_cap_1,LQD,momentum_60,trend_100,5,unit,horizon,notional_cap_1,false,false,false,true,true,false,0.03346597180935647,-0.0005990938556521878,0.03429069895843744,0.006433604620931589,-0.0019241748770796574,-0.02467238714861725,0.22098569157392686
LQD__momentum_60__trend_100__h5__unit__horizon__vol_target_10,LQD,momentum_60,trend_100,5,unit,horizon,vol_target_10,false,false,false,true,true,false,0.03635179651949396,0.002537324215253847,0.03429069895843744,0.006433604620931589,0.00023840688051339574,-0.021903910775780248,0.22098569157392686
LQD__momentum_60__trend_100__h5__unit__signal_flip__notional_cap_1,LQD,momentum_60,trend_100,5,unit,signal_flip,notional_cap_1,false,false,false,true,true,false,0.029716421584370246,-0.004683774375009927,0.03945786306184942,0.011203421868987292,-0.01680568780215383,-0.040964077788486666,0.22416534181240064
LQD__momentum_60__trend_100__h5__unit__signal_flip__vol_target_10,LQD,momentum_60,trend_100,5,unit,signal_flip,vol_target_10,false,false,false,true,true,false,0.03257495486277379,-0.0015782893817811268,0.03945786306184942,0.011203421868987292,-0.015009001001144906,-0.0385180557274584,0.22416534181240064
QQQ__mean_reversion_5__always__h20__half__horizon__notional_cap_1,QQQ,mean_reversion_5,always,20,half,horizon,notional_cap_1,false,false,false,true,true,false,0.07504615895735293,0.07003856997809603,0.047303349527999236,0.04213741678260462,0.05565054347631568,0.05068692559336799,0.040937996820349765
QQQ__mean_reversion_5__always__h20__half__horizon__vol_target_10,QQQ,mean_reversion_5,always,20,half,horizon,vol_target_10,false,false,false,true,true,false,0.06663625031087168,0.06162337146678672,0.040600860787831206,0.03542379893502853,0.0515961105489709,0.04674985281303287,0.04101608967713063
QQQ__mean_reversion_5__always__h20__half__signal_flip__notional_cap_1,QQQ,mean_reversion_5,always,20,half,signal_flip,notional_cap_1,false,false,false,true,true,false,0.06071862742769768,0.04873527121315775,0.0448013928072232,0.03267964715841708,0.07197580521441259,0.05975572963001903,0.09618441971383147
QQQ__mean_reversion_5__always__h20__half__signal_flip__vol_target_10,QQQ,mean_reversion_5,always,20,half,signal_flip,vol_target_10,false,false,false,true,true,false,0.05340983099450204,0.0420305505441863,0.03670468529504181,0.02507632447196332,0.05798797899785763,0.04742251225095287,0.0922340341190613
QQQ__mean_reversion_5__always__h20__unit__horizon__notional_cap_1,QQQ,mean_reversion_5,always,20,unit,horizon,notional_cap_1,true,false,false,true,true,false,0.12604879741881536,0.11603168653490029,0.07471966202296687,0.06437230624011653,0.0697741898035137,0.059835457540403356,0.08187599364069953
QQQ__mean_reversion_5__always__h20__unit__horizon__vol_target_10,QQQ,mean_reversion_5,always,20,unit,horizon,vol_target_10,false,false,false,true,true,false,0.07763630846420445,0.06914768532660352,0.038596943021602326,0.02923709785777732,0.07025949962163854,0.06339898836489385,0.07410553784486666
QQQ__mean_reversion_5__always__h20__unit__signal_flip__notional_cap_1,QQQ,mean_reversion_5,always,20,unit,signal_flip,notional_cap_1,false,false,false,true,true,false,0.10691817328694939,0.08293309279965065,0.07732064913032353,0.0530721403029846,0.1152834211756153,0.09084191057095045,0.19236883942766295
QQQ__mean_reversion_5__always__h20__unit__signal_flip__vol_target_10,QQQ,mean_reversion_5,always,20,unit,signal_flip,vol_target_10,false,false,false,true,true,false,0.06636775335444126,0.049374020195369496,0.03087876338466692,0.012942195788399863,0.06867053093876536,0.05549587453760002,0.14199236734184978
QQQ__mean_reversion_5__always__h5__half__horizon__notional_cap_1,QQQ,mean_reversion_5,always,5,half,horizon,notional_cap_1,false,false,false,true,true,false,0.0641962359551616,0.051961860647668806,0.04278772048903866,0.030469256291790304,0.042675978429434866,0.029446440305291893,0.09777424483306836
QQQ__mean_reversion_5__always__h5__half__horizon__vol_target_10,QQQ,mean_reversion_5,always,5,half,horizon,vol_target_10,false,false,false,true,true,false,0.054087503777327885,0.04256599949141625,0.04036747186181802,0.02858133092970785,0.03758157699256783,0.02617545017762279,0.09349534356119481
QQQ__mean_reversion_5__always__h5__half__signal_flip__notional_cap_1,QQQ,mean_reversion_5,always,5,half,signal_flip,notional_cap_1,false,false,false,true,true,false,0.0551415787095733,0.04065575465270785,0.02735192491890775,0.01223204593653621,0.07567883841299812,0.060064152944747165,0.12003179650238474
QQQ__mean_reversion_5__always__h5__half__signal_flip__vol_target_10,QQQ,mean_reversion_5,always,5,half,signal_flip,vol_target_10,false,false,false,true,true,false,0.047755098413460366,0.03417035590289155,0.02271618492095197,0.008390415639039263,0.06036318275282808,0.047134926487690465,0.11367680972242797
QQQ__mean_reversion_5__always__h5__unit__horizon__notional_cap_1,QQQ,mean_reversion_5,always,5,unit,horizon,notional_cap_1,false,false,false,true,true,false,0.11165964580740093,0.08717115119994627,0.07280037003246645,0.04816562294140628,0.05280276904365307,0.026326587930229045,0.19554848966613672
QQQ__mean_reversion_5__always__h5__unit__horizon__vol_target_10,QQQ,mean_reversion_5,always,5,unit,horizon,vol_target_10,false,false,false,true,true,false,0.05898406761567611,0.04218203476667794,0.04005718558463872,0.021740364299231575,0.05138689265524651,0.0373058385621002,0.14506263775793887
QQQ__mean_reversion_5__always__h5__unit__signal_flip__notional_cap_1,QQQ,mean_reversion_5,always,5,unit,signal_flip,notional_cap_1,false,false,false,true,true,false,0.09677890821577632,0.06779057887573178,0.04383501605082969,0.01360351283994449,0.12513067320684118,0.09392153387755761,0.24006359300476948
QQQ__mean_reversion_5__always__h5__unit__signal_flip__vol_target_10,QQQ,mean_reversion_5,always,5,unit,signal_flip,vol_target_10,false,false,false,true,true,false,0.06116908463613711,0.041569578613926295,0.010866245244931608,-0.010686449521751996,0.07471845625436947,0.058636381507630085,0.17073852591125388
QQQ__mean_reversion_5__trend_100__h20__half__horizon__notional_cap_1,QQQ,mean_reversion_5,trend_100,20,half,horizon,notional_cap_1,false,false,false,true,true,false,0.02883867762070866,0.025126735106603217,0.0363619595360284,0.031995717784795236,0.054471496678692284,0.05060997325005228,0.03457869634340222
QQQ__mean_reversion_5__trend_100__h20__half__horizon__vol_target_10,QQQ,mean_reversion_5,trend_100,20,half,horizon,vol_target_10,false,false,false,true,true,false,0.02727191458282175,0.0235075169722301,0.03414208067135281,0.029737706019906832,0.05315883837037683,0.049230553612921404,0.034885086952078904
QQQ__mean_reversion_5__trend_100__h20__half__signal_flip__notional_cap_1,QQQ,mean_reversion_5,trend_100,20,half,signal_flip,notional_cap_1,false,false,false,true,true,false,0.03443282037429744,0.02482718063607116,0.01007867487744633,0.00015363594285681959,0.05588576580732428,0.046567817213207754,0.07869634340222575
QQQ__mean_reversion_5__trend_100__h20__half__signal_flip__vol_target_10,QQQ,mean_reversion_5,trend_100,20,half,signal_flip,vol_target_10,false,false,false,true,true,false,0.030437615329558364,0.021118383686384547,0.007917082058007837,-0.0019045854141009366,0.04701659636218844,0.03840770667732689,0.07787540452136532
QQQ__mean_reversion_5__trend_100__h20__unit__horizon__notional_cap_1,QQQ,mean_reversion_5,trend_100,20,unit,horizon,notional_cap_1,false,false,false,true,true,false,0.04404021246958904,0.03661893247939245,0.058899059129805365,0.05014792360341008,0.0822038181933066,0.07446996613216472,0.06915739268680444
QQQ__mean_reversion_5__trend_100__h20__unit__horizon__vol_target_10,QQQ,mean_reversion_5,trend_100,20,unit,horizon,vol_target_10,false,false,false,true,true,false,0.0321682405329576,0.025330647488479123,0.04043785580848674,0.031892239920333014,0.07301256249184568,0.06706771580632222,0.06765385796399265
QQQ__mean_reversion_5__trend_100__h20__unit__signal_flip__notional_cap_1,QQQ,mean_reversion_5,trend_100,20,unit,signal_flip,notional_cap_1,false,false,false,true,true,false,0.05963531328526912,0.04040480731249647,0.01154182828562007,-0.008326848915377064,0.09974595989066443,0.08110373626141615,0.1573926868044515
QQQ__mean_reversion_5__trend_100__h20__unit__signal_flip__vol_target_10,QQQ,mean_reversion_5,trend_100,20,unit,signal_flip,vol_target_10,false,false,false,true,true,false,0.039513847277609745,0.024906216147737255,0.0009411511295672522,-0.014976787678835323,0.05735702420148778,0.0461548103575272,0.1259820889509452
QQQ__mean_reversion_5__trend_100__h5__half__horizon__notional_cap_1,QQQ,mean_reversion_5,trend_100,5,half,horizon,notional_cap_1,false,false,false,true,true,false,0.02602925503682426,0.017259623749580823,0.03167392251026143,0.021844966088073688,0.039317584320785345,0.02999879118947489,0.07790143084260731
QQQ__mean_reversion_5__trend_100__h5__half__horizon__vol_target_10,QQQ,mean_reversion_5,trend_100,5,half,horizon,vol_target_10,false,false,false,true,true,false,0.023768490415062384,0.015204797733227093,0.028123397970589846,0.01838164877579579,0.03324405877888564,0.024582651405143038,0.0772172486905656
QQQ__mean_reversion_5__trend_100__h5__half__signal_flip__notional_cap_1,QQQ,mean_reversion_5,trend_100,5,half,signal_flip,notional_cap_1,false,false,false,true,true,false,0.023915836572275945,0.013056630871105483,0.003259225300522402,-0.008469796571242465,0.044125996188933966,0.033103261144722396,0.09300476947535771
QQQ__mean_reversion_5__trend_100__h5__half__signal_flip__vol_target_10,QQQ,mean_reversion_5,trend_100,5,half,signal_flip,vol_target_10,false,false,false,true,true,false,0.02198159666807115,0.01145753833218195,0.001138389728568725,-0.010431847208070204,0.03700633102773714,0.026910873694652955,0.09174419093919138
QQQ__mean_reversion_5__trend_100__h5__unit__horizon__notional_cap_1,QQQ,mean_reversion_5,trend_100,5,unit,horizon,notional_cap_1,false,false,false,true,true,false,0.043492829418819885,0.02593748307779318,0.055250885589535545,0.03556622047312163,0.06498585397630494,0.04634025219828095,0.15580286168521462
QQQ__mean_reversion_5__trend_100__h5__unit__horizon__vol_target_10,QQQ,mean_reversion_5,trend_100,5,unit,horizon,vol_target_10,false,false,false,true,true,false,0.026288086760483068,0.01290669949222253,0.02613379809590969,0.010130065433321064,0.04639863078498731,0.035147703819920766,0.1266523604947405
QQQ__mean_reversion_5__trend_100__h5__unit__signal_flip__notional_cap_1,QQQ,mean_reversion_5,trend_100,5,unit,signal_flip,notional_cap_1,false,false,false,true,true,false,0.04086736483215007,0.01912590626587883,-0.0004206600061774264,-0.02389954558544673,0.07821316758562456,0.05615720356140152,0.18600953895071543
QQQ__mean_reversion_5__trend_100__h5__unit__signal_flip__vol_target_10,QQQ,mean_reversion_5,trend_100,5,unit,signal_flip,vol_target_10,false,false,false,true,true,false,0.03119049545624313,0.015076006993506336,-0.009950399026910185,-0.02841308492947578,0.050295310026315314,0.03743519629443123,0.1461635005116734
QQQ__momentum_20__always__h20__half__horizon__notional_cap_1,QQQ,momentum_20,always,20,half,horizon,notional_cap_1,false,false,false,true,true,false,0.07891959284107078,0.07370349297983751,0.07314737898479218,0.06799311577446192,0.059142184777367074,0.05402838176875582,0.040937996820349765
QQQ__momentum_20__always__h20__half__horizon__vol_target_10,QQQ,momentum_20,always,20,half,horizon,vol_target_10,false,false,false,true,true,false,0.07594253970192465,0.07069511846616396,0.07013920296787411,0.06494671240448108,0.0531516897802063,0.04811626773081586,0.04123955580123068
QQQ__momentum_20__always__h20__half__signal_flip__notional_cap_1,QQQ,momentum_20,always,20,half,signal_flip,notional_cap_1,false,false,false,true,true,false,0.07058389396347778,0.06233002202408498,0.044756300118513594,0.036289535437300076,0.047762913313136625,0.04062742379789479,0.06717011128775835
QQQ__momentum_20__always__h20__half__signal_flip__vol_target_10,QQQ,momentum_20,always,20,half,signal_flip,vol_target_10,false,false,false,true,true,false,0.06786553494611973,0.05994917269710144,0.044000820926323514,0.035727909791180505,0.04927939513471496,0.04272517770303309,0.06563084873630427
QQQ__momentum_20__always__h20__unit__horizon__notional_cap_1,QQQ,momentum_20,always,20,unit,horizon,notional_cap_1,true,false,false,true,true,false,0.1394647846093163,0.12903084874054216,0.13199039670228468,0.12168971905969177,0.08904056740835511,0.07880157159012635,0.08187599364069953
QQQ__momentum_20__always__h20__unit__horizon__vol_target_10,QQQ,momentum_20,always,20,unit,horizon,vol_target_10,false,false,false,true,true,false,0.10393178493377814,0.09460538987438338,0.08848760920624243,0.07869317918110867,0.06796702347493622,0.06025161029010176,0.07776343131783793
QQQ__momentum_20__always__h20__unit__signal_flip__notional_cap_1,QQQ,momentum_20,always,20,unit,signal_flip,notional_cap_1,false,false,false,true,true,false,0.12862792552278549,0.11213429206985011,0.08150280301777468,0.06456261233743577,0.07513886469928735,0.06081948215501317,0.1343402225755167
QQQ__momentum_20__always__h20__unit__signal_flip__vol_target_10,QQQ,momentum_20,always,20,unit,signal_flip,vol_target_10,false,false,false,true,true,false,0.09063844924855384,0.0779332330489417,0.05759972719701094,0.0436471057061041,0.0643433888869746,0.05506511509207921,0.1106411899150047
QQQ__momentum_20__always__h5__half__horizon__notional_cap_1,QQQ,momentum_20,always,5,half,horizon,notional_cap_1,false,false,false,true,true,false,0.07322851403797272,0.05670003749206536,0.05177571679578341,0.03538684007771174,0.04025517292588606,0.024517212868529023,0.12996820349761526
QQQ__momentum_20__always__h5__half__horizon__vol_target_10,QQQ,momentum_20,always,5,half,horizon,vol_target_10,false,false,false,true,true,false,0.06862005704118092,0.052731208755918864,0.051100217540957435,0.03491708140323013,0.038240391193129386,0.02381487784920408,0.12833527671578063
QQQ__momentum_20__always__h5__half__signal_flip__notional_cap_1,QQQ,momentum_20,always,5,half,signal_flip,notional_cap_1,false,false,false,true,true,false,0.06905484514619138,0.05103902732632777,0.03149386545696304,0.0134083590931454,0.0676670362145324,0.05101256440573448,0.14348171701112877
QQQ__momentum_20__always__h5__half__signal_flip__vol_target_10,QQQ,momentum_20,always,5,half,signal_flip,vol_target_10,false,false,false,true,true,false,0.06568615290575035,0.04851110156899525,0.03164315458250666,0.013868254670625187,0.06366471778071915,0.048479401278867046,0.14101547191922353
QQQ__momentum_20__always__h5__unit__horizon__notional_cap_1,QQQ,momentum_20,always,5,unit,horizon,notional_cap_1,false,false,false,true,true,false,0.13265507337043417,0.0995848757960763,0.0933867654343261,0.060583245843438535,0.05974894289591319,0.028247023175229126,0.2599364069952305
QQQ__momentum_20__always__h5__unit__horizon__vol_target_10,QQQ,momentum_20,always,5,unit,horizon,vol_target_10,false,false,false,true,true,false,0.09323599702834588,0.0687747068898024,0.06018866555836683,0.03350373994136348,0.046881976627646704,0.02746014995654747,0.21149196619135166
QQQ__momentum_20__always__h5__unit__signal_flip__notional_cap_1,QQQ,momentum_20,always,5,unit,signal_flip,notional_cap_1,false,false,false,true,true,false,0.12683478190926925,0.09081919274902012,0.05590303575472021,0.01971840298625411,0.11709718142410733,0.08373207638287428,0.28696343402225755
QQQ__momentum_20__always__h5__unit__signal_flip__vol_target_10,QQQ,momentum_20,always,5,unit,signal_flip,vol_target_10,false,false,false,true,true,false,0.08463063626151135,0.05861608738707488,0.038233785790263285,0.00947938864420408,0.08034188334049935,0.060093199768156455,0.2279937991169653
QQQ__momentum_20__trend_100__h20__half__horizon__notional_cap_1,QQQ,momentum_20,trend_100,20,half,horizon,notional_cap_1,true,false,false,true,true,false,0.08675014299924902,0.08174313364686663,0.04397383875853541,0.03911590336483076,0.049191441986068826,0.04448424764113748,0.038553259141494434
QQQ__momentum_20__trend_100__h20__half__horizon__vol_target_10,QQQ,momentum_20,trend_100,20,half,horizon,vol_target_10,false,false,false,true,true,false,0.08292339147546456,0.0778671203697606,0.039998123909229084,0.03511589667218533,0.04964140376092339,0.044890598487284265,0.03874269810417775
QQQ__momentum_20__trend_100__h20__half__signal_flip__notional_cap_1,QQQ,momentum_20,trend_100,20,half,signal_flip,notional_cap_1,false,false,false,true,true,false,0.07471921098173145,0.06737321257449012,0.04107559784928129,0.033708855403963296,0.05563714395053942,0.04962216988674151,0.05842607313195548
QQQ__momentum_20__trend_100__h20__half__signal_flip__vol_target_10,QQQ,momentum_20,trend_100,20,half,signal_flip,vol_target_10,false,false,false,true,true,false,0.0691776355682861,0.061982564006045925,0.03926180982506701,0.031892397236164834,0.0556941522385397,0.04990271025577457,0.05844405007075441
QQQ__momentum_20__trend_100__h20__unit__horizon__notional_cap_1,QQQ,momentum_20,trend_100,20,unit,horizon,notional_cap_1,true,false,false,true,true,false,0.155593554778453,0.145578762402036,0.07397497665576311,0.06425865638460114,0.07452072819864719,0.06510689517504262,0.07710651828298887
QQQ__momentum_20__trend_100__h20__unit__horizon__vol_target_10,QQQ,momentum_20,trend_100,20,unit,horizon,vol_target_10,true,false,false,true,true,false,0.10954645936866582,0.10050777829015725,0.05300030158478551,0.04345909441920401,0.06471783634551743,0.05728431636181214,0.0757062427783983
QQQ__momentum_20__trend_100__h20__unit__signal_flip__notional_cap_1,QQQ,momentum_20,trend_100,20,unit,signal_flip,notional_cap_1,true,false,false,true,true,false,0.13891475386070085,0.12421685294696734,0.07529751381365932,0.06055391446164016,0.0949330114142404,0.08289219306047962,0.11685214626391097
QQQ__momentum_20__trend_100__h20__unit__signal_flip__vol_target_10,QQQ,momentum_20,trend_100,20,unit,signal_flip,vol_target_10,false,false,false,true,true,false,0.09294311483624591,0.08107942472284362,0.05506665496219537,0.041968227395919364,0.0710626722425831,0.0626066303676994,0.10382047684810311
QQQ__momentum_20__trend_100__h5__half__horizon__notional_cap_1,QQQ,momentum_20,trend_100,5,half,horizon,notional_cap_1,false,false,false,true,true,false,0.0626650916478409,0.047550807885443094,0.03851923685136972,0.023337909330382312,0.029011713562871896,0.014884699454223087,0.12042925278219396
QQQ__momentum_20__trend_100__h5__half__horizon__vol_target_10,QQQ,momentum_20,trend_100,5,half,horizon,vol_target_10,false,false,false,true,true,false,0.058687005335074253,0.044011225368925946,0.03689895025919754,0.02174593110731468,0.028295133796356446,0.01494653319605167,0.12019697994229618
QQQ__momentum_20__trend_100__h5__half__signal_flip__notional_cap_1,QQQ,momentum_20,trend_100,5,half,signal_flip,notional_cap_1,false,false,false,true,true,false,0.06160294404529969,0.04557336609502516,0.02837318085406339,0.012090395928980561,0.04151547814416916,0.026786972581213583,0.12917329093799682
QQQ__momentum_20__trend_100__h5__half__signal_flip__vol_target_10,QQQ,momentum_20,trend_100,5,half,signal_flip,vol_target_10,false,false,false,true,true,false,0.05710400874383421,0.041525657366098,0.026665621033424455,0.010419725005055332,0.041531316944577,0.027673533933115342,0.12887639060550846
QQQ__momentum_20__trend_100__h5__unit__horizon__notional_cap_1,QQQ,momentum_20,trend_100,5,unit,horizon,notional_cap_1,false,false,false,true,true,false,0.11359689904169486,0.08334638650865994,0.0682981906487222,0.03792105226588545,0.0424255951099933,0.014162371743760577,0.24085850556438793
QQQ__momentum_20__trend_100__h5__unit__horizon__vol_target_10,QQQ,momentum_20,trend_100,5,unit,horizon,vol_target_10,false,false,false,true,true,false,0.08226029598302805,0.059216490597288965,0.047097456316971924,0.021508743108614718,0.03631568261929823,0.018013636972424064,0.20291195239760287
QQQ__momentum_20__trend_100__h5__unit__signal_flip__notional_cap_1,QQQ,momentum_20,trend_100,5,unit,signal_flip,notional_cap_1,false,false,false,true,true,false,0.1132052437308679,0.08112931603573008,0.050366923734218784,0.01778745335026271,0.06881074564503918,0.03934346425172247,0.25834658187599363
QQQ__momentum_20__trend_100__h5__unit__signal_flip__vol_target_10,QQQ,momentum_20,trend_100,5,unit,signal_flip,vol_target_10,false,false,false,true,true,false,0.07487546599930572,0.05064463500174205,0.03344090287830502,0.006430367792562985,0.05761150448702865,0.038743986241051034,0.21416632405525488
QQQ__momentum_60__always__h20__half__horizon__notional_cap_1,QQQ,momentum_60,always,20,half,horizon,notional_cap_1,false,false,false,true,true,false,0.08170247815701957,0.07631046051760045,0.05131108727740342,0.04620093974595788,0.050988051437606756,0.046184951787449864,0.04054054054054054
QQQ__momentum_60__always__h20__half__horizon__vol_target_10,QQQ,momentum_60,always,20,half,horizon,vol_target_10,false,false,false,true,true,false,0.0755376835591154,0.07015789114398409,0.04694912275001115,0.041775654779948046,0.06379076996195655,0.05889935649776522,0.04103555344641257
QQQ__momentum_60__always__h20__half__signal_flip__notional_cap_1,QQQ,momentum_60,always,20,half,signal_flip,notional_cap_1,false,false,false,true,true,false,0.051021388746820745,0.043790140664200554,0.04507709246085728,0.03876347410814755,0.07257757726212219,0.06677471169279406,0.050079491255961846
QQQ__momentum_60__always__h20__half__signal_flip__vol_target_10,QQQ,momentum_60,always,20,half,signal_flip,vol_target_10,false,false,false,true,true,false,0.0560226441439058,0.0492411906411422,0.04135935565877489,0.03507825608671342,0.07060452014069757,0.06497792655053562,0.04982004416702558
QQQ__momentum_60__always__h20__unit__horizon__notional_cap_1,QQQ,momentum_60,always,20,unit,horizon,notional_cap_1,true,true,true,true,true,true,0.1424380344823827,0.13163420233530224,0.08829872112869185,0.07807434721912594,0.0721451882623507,0.06254805198286782,0.08108108108108109
QQQ__momentum_60__always__h20__unit__horizon__vol_target_10,QQQ,momentum_60,always,20,unit,horizon,vol_target_10,false,false,false,true,true,true,0.09894883506486174,0.08943308424433408,0.05767231767811097,0.0476635178437573,0.08398741617745814,0.07638450614327286,0.07940577254786352
QQQ__momentum_60__always__h20__unit__signal_flip__notional_cap_1,QQQ,momentum_60,always,20,unit,signal_flip,notional_cap_1,false,false,false,true,true,true,0.08710164770251472,0.07261241696143796,0.07904162898492352,0.06640718737058701,0.12331042987519777,0.11171740956926839,0.10015898251192369
QQQ__momentum_60__always__h20__unit__signal_flip__vol_target_10,QQQ,momentum_60,always,20,unit,signal_flip,vol_target_10,false,false,false,true,true,true,0.07708523318392811,0.06614249679139296,0.05708066706038141,0.045670634483575084,0.08642563669399453,0.07810671855078799,0.09046760977210089
QQQ__momentum_60__always__h5__half__horizon__notional_cap_1,QQQ,momentum_60,always,5,half,horizon,notional_cap_1,false,false,false,true,true,false,0.07721528656779192,0.059687144446769695,0.043029126216276414,0.025549779693215396,0.06506423512313862,0.0491135847420454,0.1387122416534181
QQQ__momentum_60__always__h5__half__horizon__vol_target_10,QQQ,momentum_60,always,5,half,horizon,vol_target_10,false,false,false,true,true,false,0.07364717968615477,0.056738329845061566,0.04047307354621196,0.02316323323665593,0.06561539771601287,0.05061558205138315,0.13736367259088716
QQQ__momentum_60__always__h5__half__signal_flip__notional_cap_1,QQQ,momentum_60,always,5,half,signal_flip,notional_cap_1,false,false,false,true,true,false,0.050816149363235474,0.03258499083618979,0.018442637699657934,0.0005014823401942878,0.07718972223968576,0.06064589790798525,0.1422893481717011
QQQ__momentum_60__always__h5__half__signal_flip__vol_target_10,QQQ,momentum_60,always,5,half,signal_flip,vol_target_10,false,false,false,true,true,false,0.056120999626036956,0.03871678087143188,0.016301098661009678,-0.0014121141509879694,0.07206541995592847,0.0565675426526563,0.14048847757036406
QQQ__momentum_60__always__h5__unit__horizon__notional_cap_1,QQQ,momentum_60,always,5,unit,horizon,notional_cap_1,true,false,false,true,true,false,0.13870190123805498,0.10363569036986017,0.07482787847400868,0.039865977278426,0.10704394526202968,0.07509190017644853,0.2774244833068362
QQQ__momentum_60__always__h5__unit__horizon__vol_target_10,QQQ,momentum_60,always,5,unit,horizon,vol_target_10,false,false,false,true,true,false,0.09314982675201999,0.06718306926100676,0.05132779984533018,0.022613075791184423,0.08027476642515129,0.0601894265661215,0.2278276349172675
QQQ__momentum_60__always__h5__unit__signal_flip__notional_cap_1,QQQ,momentum_60,always,5,unit,signal_flip,notional_cap_1,false,false,false,true,true,false,0.0884837709628757,0.05202403751694465,0.026695428382097576,-0.009212277316488304,0.13533561391899734,0.10221278082113014,0.2845786963434022
QQQ__momentum_60__always__h5__unit__signal_flip__vol_target_10,QQQ,momentum_60,always,5,unit,signal_flip,vol_target_10,false,false,false,true,true,false,0.07892434796206792,0.05255212367376216,0.020037313124274293,-0.008976082930717288,0.08903280720448023,0.06836446591866932,0.2300815142068072
QQQ__momentum_60__trend_100__h20__half__horizon__notional_cap_1,QQQ,momentum_60,trend_100,20,half,horizon,notional_cap_1,false,false,false,true,true,false,0.07737315520147331,0.07231706686867144,0.04365081788337697,0.03853886582435613,0.03806582321312223,0.03326018785473807,0.04054054054054054
QQQ__momentum_60__trend_100__h20__half__horizon__vol_target_10,QQQ,momentum_60,trend_100,20,half,horizon,vol_target_10,false,false,false,true,true,false,0.07204770783665504,0.06697546683295046,0.04047876997423572,0.03531826764381655,0.05502871803603303,0.050151439356216965,0.04092246686663476
QQQ__momentum_60__trend_100__h20__half__signal_flip__notional_cap_1,QQQ,momentum_60,trend_100,20,half,signal_flip,notional_cap_1,false,false,false,true,true,false,0.059359298613472736,0.05321842778274781,0.035381702806378694,0.029364697374392096,0.05412944609456148,0.048422537034049466,0.04769475357710652
QQQ__momentum_60__trend_100__h20__half__signal_flip__vol_target_10,QQQ,momentum_60,trend_100,20,half,signal_flip,vol_target_10,false,false,false,true,true,false,0.05898877415380889,0.053026399571981325,0.032547643825968746,0.02654191970427644,0.05501745683906849,0.04947114090461242,0.04760828612280481
QQQ__momentum_60__trend_100__h20__unit__horizon__notional_cap_1,QQQ,momentum_60,trend_100,20,unit,horizon,notional_cap_1,false,false,false,true,true,true,0.1373796247794029,0.1272519601899173,0.07317026676403264,0.0629386747441655,0.04601604642959527,0.03640876731720335,0.08108108108108109
QQQ__momentum_60__trend_100__h20__unit__horizon__vol_target_10,QQQ,momentum_60,trend_100,20,unit,horizon,vol_target_10,false,false,false,true,true,true,0.09247498916137076,0.08327128545371973,0.05222840684039404,0.042194097612472635,0.07255613402964482,0.06496048917865908,0.07961108803944585
QQQ__momentum_60__trend_100__h20__unit__signal_flip__notional_cap_1,QQQ,momentum_60,trend_100,20,unit,signal_flip,notional_cap_1,false,false,false,true,true,true,0.1055292129969373,0.09323195483960052,0.059784862099918575,0.047735918273403025,0.08662921204120301,0.07521969980551428,0.09538950715421304
QQQ__momentum_60__trend_100__h20__unit__signal_flip__vol_target_10,QQQ,momentum_60,trend_100,20,unit,signal_flip,vol_target_10,false,false,false,true,true,true,0.07967352645137034,0.06966010395168049,0.0465769056631967,0.03549982099780881,0.06708186145275419,0.05888292188039812,0.08777207507098292
QQQ__momentum_60__trend_100__h5__half__horizon__notional_cap_1,QQQ,momentum_60,trend_100,5,half,horizon,notional_cap_1,false,false,false,true,true,false,0.06467569731951131,0.048155406510260845,0.0334857635982948,0.016202898113262473,0.059527684221529875,0.04388058350515808,0.13712241653418125
QQQ__momentum_60__trend_100__h5__half__horizon__vol_target_10,QQQ,momentum_60,trend_100,5,half,horizon,vol_target_10,false,false,false,true,true,false,0.06080543173538446,0.04473203349930026,0.03137048650492423,0.014236457050445087,0.05753265781388677,0.04277288702694989,0.13594959556157746
QQQ__momentum_60__trend_100__h5__half__signal_flip__notional_cap_1,QQQ,momentum_60,trend_100,5,half,signal_flip,notional_cap_1,false,false,false,true,true,false,0.05223011850492691,0.03542197482181169,0.012275510053501831,-0.0052615934106683086,0.07138125339085377,0.05513616167537934,0.13910969793322733
QQQ__momentum_60__trend_100__h5__half__signal_flip__vol_target_10,QQQ,momentum_60,trend_100,5,half,signal_flip,vol_target_10,false,false,false,true,true,false,0.05281915425378222,0.03651204800042973,0.010549154698699074,-0.006821335714500441,0.06653181885956784,0.05124070438317558,0.13779181206483376
QQQ__momentum_60__trend_100__h5__unit__horizon__notional_cap_1,QQQ,momentum_60,trend_100,5,unit,horizon,notional_cap_1,false,false,false,true,true,false,0.11594312040387285,0.08290566577614254,0.055902981261223735,0.021326368287708144,0.09623473688611942,0.06489593656435247,0.2742448330683625
QQQ__momentum_60__trend_100__h5__unit__horizon__vol_target_10,QQQ,momentum_60,trend_100,5,unit,horizon,vol_target_10,false,false,false,true,true,false,0.07720695384715884,0.05224312805799218,0.041442776276693315,0.013100689788204374,0.07026155420020529,0.05047728054017623,0.22483168372872045
QQQ__momentum_60__trend_100__h5__unit__signal_flip__notional_cap_1,QQQ,momentum_60,trend_100,5,unit,signal_flip,notional_cap_1,false,false,false,true,true,false,0.09270892170182693,0.05910416153890247,0.014862291406376245,-0.020230478571130996,0.12415286729950425,0.09162401077146981,0.27821939586645467
QQQ__momentum_60__trend_100__h5__unit__signal_flip__vol_target_10,QQQ,momentum_60,trend_100,5,unit,signal_flip,vol_target_10,false,false,false,true,true,false,0.07473050234824388,0.04961725963509597,0.012191348293356778,-0.016425160448186076,0.08485716486007956,0.06443349895347442,0.22699683192163844
SHY__mean_reversion_5__always__h20__half__horizon__notional_cap_1,SHY,mean_reversion_5,always,20,half,horizon,notional_cap_1,false,false,false,true,true,false,0.0021850653469835594,-0.0027392682572756556,0.004507160978383408,-0.0007022540932592725,0.005234266044695123,-7.574010439367082e-5,0.04133545310015898
SHY__mean_reversion_5__always__h20__half__horizon__vol_target_10,SHY,mean_reversion_5,always,20,half,horizon,vol_target_10,false,false,false,true,true,false,0.0021850653469835594,-0.0027392682572756556,0.004507160978383408,-0.0007022540932592725,0.005234266044695123,-7.574010439367082e-5,0.04133545310015898
SHY__mean_reversion_5__always__h20__half__signal_flip__notional_cap_1,SHY,mean_reversion_5,always,20,half,signal_flip,notional_cap_1,false,false,false,true,true,false,0.0039013410859976244,-0.009453070292604938,0.0018660123002524527,-0.012761869305023195,0.0015640470499682785,-0.012862167446159613,0.11605723370429252
SHY__mean_reversion_5__always__h20__half__signal_flip__vol_target_10,SHY,mean_reversion_5,always,20,half,signal_flip,vol_target_10,false,false,false,true,true,false,0.0039013410859976244,-0.009453070292604938,0.0018660123002524527,-0.012761869305023195,0.0015640470499682785,-0.012862167446159613,0.11605723370429252
SHY__mean_reversion_5__always__h20__unit__horizon__notional_cap_1,SHY,mean_reversion_5,always,20,unit,horizon,notional_cap_1,false,false,false,true,true,false,0.004299554103164007,-0.005551422697978809,0.008955642323707751,-0.0014654837816229064,0.010242688980051783,-0.0003804834700394763,0.08267090620031796
SHY__mean_reversion_5__always__h20__unit__horizon__vol_target_10,SHY,mean_reversion_5,always,20,unit,horizon,vol_target_10,false,false,false,true,true,false,0.004299554103164007,-0.005551422697978809,0.008955642323707751,-0.0014654837816229064,0.010242688980051783,-0.0003804834700394763,0.08267090620031796
SHY__mean_reversion_5__always__h20__unit__signal_flip__notional_cap_1,SHY,mean_reversion_5,always,20,unit,signal_flip,notional_cap_1,false,false,false,true,true,false,0.007768831893658405,-0.018946826865784944,0.003702278135826405,-0.025562825391794452,0.0030046269916057296,-0.0258544440294718,0.23211446740858505
SHY__mean_reversion_5__always__h20__unit__signal_flip__vol_target_10,SHY,mean_reversion_5,always,20,unit,signal_flip,vol_target_10,false,false,false,true,true,false,0.007768831893658405,-0.018946826865784944,0.003702278135826405,-0.025562825391794452,0.0030046269916057296,-0.0258544440294718,0.23211446740858505
SHY__mean_reversion_5__always__h5__half__horizon__notional_cap_1,SHY,mean_reversion_5,always,5,half,horizon,notional_cap_1,false,false,false,true,true,false,0.0019645716880306884,-0.011640159733731462,0.0033612398220249314,-0.010364790567656766,0.002947424397954319,-0.012030410637883154,0.10890302066772654
SHY__mean_reversion_5__always__h5__half__horizon__vol_target_10,SHY,mean_reversion_5,always,5,half,horizon,vol_target_10,false,false,false,true,true,false,0.0019645716880306884,-0.011640159733731462,0.0033612398220249314,-0.010364790567656766,0.002947424397954319,-0.012030410637883154,0.10890302066772654
SHY__mean_reversion_5__always__h5__half__signal_flip__notional_cap_1,SHY,mean_reversion_5,always,5,half,signal_flip,notional_cap_1,false,false,false,true,true,false,0.003524924172336475,-0.012917106409844618,0.0019153907107543734,-0.015517425428002461,0.0032107364340954493,-0.014822052900346471,0.1383147853736089
SHY__mean_reversion_5__always__h5__half__signal_flip__vol_target_10,SHY,mean_reversion_5,always,5,half,signal_flip,vol_target_10,false,false,false,true,true,false,0.003524924172336475,-0.012917106409844618,0.0019153907107543734,-0.015517425428002461,0.0032107364340954493,-0.014822052900346471,0.1383147853736089
SHY__mean_reversion_5__always__h5__unit__horizon__notional_cap_1,SHY,mean_reversion_5,always,5,unit,horizon,notional_cap_1,false,false,false,true,true,false,0.0038882019839095623,-0.023328074696516505,0.006683627014649043,-0.020776933335810648,0.00574249886367666,-0.024221305508608033,0.2178060413354531
SHY__mean_reversion_5__always__h5__unit__horizon__vol_target_10,SHY,mean_reversion_5,always,5,unit,horizon,vol_target_10,false,false,false,true,true,false,0.0038882019839095623,-0.023328074696516505,0.006683627014649043,-0.020776933335810648,0.00574249886367666,-0.024221305508608033,0.2178060413354531
SHY__mean_reversion_5__always__h5__unit__signal_flip__notional_cap_1,SHY,mean_reversion_5,always,5,unit,signal_flip,notional_cap_1,false,false,false,true,true,false,0.007017996027093378,-0.025873305109578,0.0038024372468325,-0.031073501394045376,0.006314182620324239,-0.029759741013150896,0.2766295707472178
SHY__mean_reversion_5__always__h5__unit__signal_flip__vol_target_10,SHY,mean_reversion_5,always,5,unit,signal_flip,vol_target_10,false,false,false,true,true,false,0.007017996027093378,-0.025873305109578,0.0038024372468325,-0.031073501394045376,0.006314182620324239,-0.029759741013150896,0.2766295707472178
SHY__mean_reversion_5__trend_100__h20__half__horizon__notional_cap_1,SHY,mean_reversion_5,trend_100,20,half,horizon,notional_cap_1,false,false,false,true,true,false,0.0019042252131441409,-0.0025195481532916827,0.004359828278978397,0.00035228554036234155,0.007196993122805533,0.003689582436833935,0.03179650238473768
SHY__mean_reversion_5__trend_100__h20__half__horizon__vol_target_10,SHY,mean_reversion_5,trend_100,20,half,horizon,vol_target_10,false,false,false,true,true,false,0.0019042252131441409,-0.0025195481532916827,0.004359828278978397,0.00035228554036234155,0.007196993122805533,0.003689582436833935,0.03179650238473768
SHY__mean_reversion_5__trend_100__h20__half__signal_flip__notional_cap_1,SHY,mean_reversion_5,trend_100,20,half,signal_flip,notional_cap_1,false,false,false,true,true,false,0.002472731489392464,-0.008211101898935848,0.0020973834422467466,-0.008923751882775739,0.0033533693222281467,-0.006364145200298806,0.08744038155802862
SHY__mean_reversion_5__trend_100__h20__half__signal_flip__vol_target_10,SHY,mean_reversion_5,trend_100,20,half,signal_flip,vol_target_10,false,false,false,true,true,false,0.002472731489392464,-0.008211101898935848,0.0020973834422467466,-0.008923751882775739,0.0033533693222281467,-0.006364145200298806,0.08744038155802862
SHY__mean_reversion_5__trend_100__h20__unit__horizon__notional_cap_1,SHY,mean_reversion_5,trend_100,20,unit,horizon,notional_cap_1,false,false,false,true,true,false,0.003745780322773276,-0.0051042800303872345,0.008671395786819261,0.0006539434333089342,0.014256706990426514,0.0072381930223747865,0.06359300476947535
SHY__mean_reversion_5__trend_100__h20__unit__horizon__vol_target_10,SHY,mean_reversion_5,trend_100,20,unit,horizon,vol_target_10,false,false,false,true,true,false,0.003745780322773276,-0.0051042800303872345,0.008671395786819261,0.0006539434333089342,0.014256706990426514,0.0072381930223747865,0.06359300476947535
SHY__mean_reversion_5__trend_100__h20__unit__signal_flip__notional_cap_1,SHY,mean_reversion_5,trend_100,20,unit,signal_flip,notional_cap_1,false,false,false,true,true,false,0.00491801469929073,-0.016455729450049,0.00417123806151438,-0.01787832708595234,0.006649140245986881,-0.012790075236807726,0.17488076311605724
SHY__mean_reversion_5__trend_100__h20__unit__signal_flip__vol_target_10,SHY,mean_reversion_5,trend_100,20,unit,signal_flip,vol_target_10,false,false,false,true,true,false,0.00491801469929073,-0.016455729450049,0.00417123806151438,-0.01787832708595234,0.006649140245986881,-0.012790075236807726,0.17488076311605724
SHY__mean_reversion_5__trend_100__h5__half__horizon__notional_cap_1,SHY,mean_reversion_5,trend_100,5,half,horizon,notional_cap_1,false,false,false,true,true,false,0.0005374884029604101,-0.010146242313027113,0.0030016718356088686,-0.006917332824346892,0.0029316628630313354,-0.005734230209193777,0.07869634340222575
SHY__mean_reversion_5__trend_100__h5__half__horizon__vol_target_10,SHY,mean_reversion_5,trend_100,5,half,horizon,vol_target_10,false,false,false,true,true,false,0.0005374884029604101,-0.010146242313027113,0.0030016718356088686,-0.006917332824346892,0.0029316628630313354,-0.005734230209193777,0.07869634340222575
SHY__mean_reversion_5__trend_100__h5__half__signal_flip__notional_cap_1,SHY,mean_reversion_5,trend_100,5,half,signal_flip,notional_cap_1,false,false,false,true,true,false,0.0019193704719413162,-0.01085067107084699,0.0018740706590544781,-0.010749883868659327,0.003065144000664289,-0.007754268850360753,0.10015898251192369
SHY__mean_reversion_5__trend_100__h5__half__signal_flip__vol_target_10,SHY,mean_reversion_5,trend_100,5,half,signal_flip,vol_target_10,false,false,false,true,true,false,0.0019193704719413162,-0.01085067107084699,0.0018740706590544781,-0.010749883868659327,0.003065144000664289,-0.007754268850360753,0.10015898251192369
SHY__mean_reversion_5__trend_100__h5__unit__horizon__notional_cap_1,SHY,mean_reversion_5,trend_100,5,unit,horizon,notional_cap_1,false,false,false,true,true,false,0.0010441575853504775,-0.020329175874626095,0.005972909917951509,-0.013871630184510637,0.005801646682649229,-0.011534421631688418,0.1573926868044515
SHY__mean_reversion_5__trend_100__h5__unit__horizon__vol_target_10,SHY,mean_reversion_5,trend_100,5,unit,horizon,vol_target_10,false,false,false,true,true,false,0.0010441575853504775,-0.020329175874626095,0.005972909917951509,-0.013871630184510637,0.005801646682649229,-0.011534421631688418,0.1573926868044515
SHY__mean_reversion_5__trend_100__h5__unit__signal_flip__notional_cap_1,SHY,mean_reversion_5,trend_100,5,unit,signal_flip,notional_cap_1,false,false,false,true,true,false,0.0038138712917379545,-0.02173252004497818,0.0037266991703987294,-0.021529055347451715,0.0060855744128315665,-0.01555773676869308,0.20031796502384738
SHY__mean_reversion_5__trend_100__h5__unit__signal_flip__vol_target_10,SHY,mean_reversion_5,trend_100,5,unit,signal_flip,vol_target_10,false,false,false,true,true,false,0.0038138712917379545,-0.02173252004497818,0.0037266991703987294,-0.021529055347451715,0.0060855744128315665,-0.01555773676869308,0.20031796502384738
SHY__momentum_20__always__h20__half__horizon__notional_cap_1,SHY,momentum_20,always,20,half,horizon,notional_cap_1,true,false,false,true,true,false,0.0033316936813604595,-0.0018022026164302807,0.0048670558184976676,7.6219440445252925e-6,0.008884020736380352,0.003874182555362252,0.038553259141494434
SHY__momentum_20__always__h20__half__horizon__vol_target_10,SHY,momentum_20,always,20,half,horizon,vol_target_10,true,true,false,true,true,false,0.0033316936813604595,-0.0018022026164302807,0.0048670558184976676,7.6219440445252925e-6,0.008884020736380352,0.003874182555362252,0.038553259141494434
SHY__momentum_20__always__h20__half__signal_flip__notional_cap_1,SHY,momentum_20,always,20,half,signal_flip,notional_cap_1,false,false,false,true,true,false,0.0003279599060471833,-0.008979027373903579,0.004530335345964739,-0.0040360533337348275,0.007790696416759647,-0.0004264179475702209,0.0679650238473768
SHY__momentum_20__always__h20__half__signal_flip__vol_target_10,SHY,momentum_20,always,20,half,signal_flip,vol_target_10,false,false,false,true,true,false,0.0003279599060471833,-0.008979027373903579,0.004530335345964739,-0.0040360533337348275,0.007790696416759647,-0.0004264179475702209,0.0679650238473768
SHY__momentum_20__always__h20__unit__horizon__notional_cap_1,SHY,momentum_20,always,20,unit,horizon,notional_cap_1,false,false,false,true,true,false,0.006599876712194636,-0.0036721323200279254,0.00967547923583367,-4.683495832230089e-5,0.01756415607747599,0.00754070160459597,0.07710651828298887
SHY__momentum_20__always__h20__unit__horizon__vol_target_10,SHY,momentum_20,always,20,unit,horizon,vol_target_10,false,false,false,true,true,false,0.006599876712194636,-0.0036721323200279254,0.00967547923583367,-4.683495832230089e-5,0.01756415607747599,0.00754070160459597,0.07710651828298887
SHY__momentum_20__always__h20__unit__signal_flip__notional_cap_1,SHY,momentum_20,always,20,unit,signal_flip,notional_cap_1,false,false,false,true,true,false,0.00060790849835952,-0.018012093601575973,0.009014085422013636,-0.008124283287245675,0.01543862668452615,-0.001003757640837829,0.1359300476947536
SHY__momentum_20__always__h20__unit__signal_flip__vol_target_10,SHY,momentum_20,always,20,unit,signal_flip,vol_target_10,false,false,false,true,true,false,0.00060790849835952,-0.018012093601575973,0.009014085422013636,-0.008124283287245675,0.01543862668452615,-0.001003757640837829,0.1359300476947536
SHY__momentum_20__always__h5__half__horizon__notional_cap_1,SHY,momentum_20,always,5,half,horizon,notional_cap_1,false,false,false,true,true,false,0.0015564871911882994,-0.014093296680034704,0.003364739239523535,-0.011263053658718178,0.004057044595868618,-0.009917899937872487,0.11605723370429252
SHY__momentum_20__always__h5__half__horizon__vol_target_10,SHY,momentum_20,always,5,half,horizon,vol_target_10,false,false,false,true,true,false,0.0015564871911882994,-0.014093296680034704,0.003364739239523535,-0.011263053658718178,0.004057044595868618,-0.009917899937872487,0.11605723370429252
SHY__momentum_20__always__h5__half__signal_flip__notional_cap_1,SHY,momentum_20,always,5,half,signal_flip,notional_cap_1,false,false,false,true,true,false,5.832754654922153e-5,-0.017428605466246864,0.003692669059128562,-0.012938987838986041,0.005370671087654173,-0.010408728176830698,0.13195548489666137
SHY__momentum_20__always__h5__half__signal_flip__vol_target_10,SHY,momentum_20,always,5,half,signal_flip,vol_target_10,false,false,false,true,true,false,5.832754654922153e-5,-0.017428605466246864,0.003692669059128562,-0.012938987838986041,0.005370671087654173,-0.010408728176830698,0.13195548489666137
SHY__momentum_20__always__h5__unit__horizon__notional_cap_1,SHY,momentum_20,always,5,unit,horizon,notional_cap_1,false,false,false,true,true,false,0.0030610957846191017,-0.02824664897179607,0.006687809104357184,-0.022576939595127937,0.007970270593330756,-0.019985151420806938,0.23211446740858505
SHY__momentum_20__always__h5__unit__horizon__vol_target_10,SHY,momentum_20,always,5,unit,horizon,vol_target_10,false,false,false,true,true,false,0.0030610957846191017,-0.02824664897179607,0.006687809104357184,-0.022576939595127937,0.007970270593330756,-0.019985151420806938,0.23211446740858505
SHY__momentum_20__always__h5__unit__signal_flip__notional_cap_1,SHY,momentum_20,always,5,unit,signal_flip,notional_cap_1,false,false,false,true,true,false,7.243071599695657e-5,-0.034912387427902584,0.007345690544939488,-0.025928154853560245,0.010611228070807008,-0.020956289495876496,0.26391096979332274
SHY__momentum_20__always__h5__unit__signal_flip__vol_target_10,SHY,momentum_20,always,5,unit,signal_flip,vol_target_10,false,false,false,true,true,false,7.243071599695657e-5,-0.034912387427902584,0.007345690544939488,-0.025928154853560245,0.010611228070807008,-0.020956289495876496,0.26391096979332274
SHY__momentum_20__trend_100__h20__half__horizon__notional_cap_1,SHY,momentum_20,trend_100,20,half,horizon,notional_cap_1,true,false,false,true,true,false,0.002930504318032267,-0.0021203601840907573,0.003629658422267216,-0.0009288436166749622,0.007643109089372453,0.003433352205636477,0.03616852146263911
SHY__momentum_20__trend_100__h20__half__horizon__vol_target_10,SHY,momentum_20,trend_100,20,half,horizon,vol_target_10,false,false,false,true,true,false,0.002930504318032267,-0.0021203601840907573,0.003629658422267216,-0.0009288436166749622,0.007643109089372453,0.003433352205636477,0.03616852146263911
SHY__momentum_20__trend_100__h20__half__signal_flip__notional_cap_1,SHY,momentum_20,trend_100,20,half,signal_flip,notional_cap_1,false,false,false,true,true,false,-1.2428668102055033e-5,-0.009069176512428155,0.003381405367351782,-0.004383100302399995,0.006879927041865678,0.0002663083284174245,0.06160572337042925
SHY__momentum_20__trend_100__h20__half__signal_flip__vol_target_10,SHY,momentum_20,trend_100,20,half,signal_flip,vol_target_10,false,false,false,true,true,false,-1.2428668102055033e-5,-0.009069176512428155,0.003381405367351782,-0.004383100302399995,0.006879927041865678,0.0002663083284174245,0.06160572337042925
SHY__momentum_20__trend_100__h20__unit__horizon__notional_cap_1,SHY,momentum_20,trend_100,20,unit,horizon,notional_cap_1,false,false,false,true,true,false,0.005796679523782603,-0.004310089742987639,0.007203622560291824,-0.0019159181868918334,0.015131326659555674,0.006705653655613359,0.07233704292527822
SHY__momentum_20__trend_100__h20__unit__horizon__vol_target_10,SHY,momentum_20,trend_100,20,unit,horizon,vol_target_10,false,false,false,true,true,false,0.005796679523782603,-0.004310089742987639,0.007203622560291824,-0.0019159181868918334,0.015131326659555674,0.006705653655613359,0.07233704292527822
SHY__momentum_20__trend_100__h20__unit__signal_flip__notional_cap_1,SHY,momentum_20,trend_100,20,unit,signal_flip,notional_cap_1,false,false,false,true,true,false,-7.174381148251653e-5,-0.01819145042057499,0.0067182160640006355,-0.008815164325658298,0.013633666832009025,0.0004001776697899424,0.1232114467408585
SHY__momentum_20__trend_100__h20__unit__signal_flip__vol_target_10,SHY,momentum_20,trend_100,20,unit,signal_flip,vol_target_10,false,false,false,true,true,false,-7.174381148251653e-5,-0.01819145042057499,0.0067182160640006355,-0.008815164325658298,0.013633666832009025,0.0004001776697899424,0.1232114467408585
SHY__momentum_20__trend_100__h5__half__horizon__notional_cap_1,SHY,momentum_20,trend_100,5,half,horizon,notional_cap_1,false,false,false,true,true,false,0.0015415200089602254,-0.013691294697292335,0.0020087745787625085,-0.011516665419558505,0.004129685688135012,-0.007942768253876215,0.10731319554848967
SHY__momentum_20__trend_100__h5__half__horizon__vol_target_10,SHY,momentum_20,trend_100,5,half,horizon,vol_target_10,false,false,false,true,true,false,0.0015415200089602254,-0.013691294697292335,0.0020087745787625085,-0.011516665419558505,0.004129685688135012,-0.007942768253876215,0.10731319554848967
SHY__momentum_20__trend_100__h5__half__signal_flip__notional_cap_1,SHY,momentum_20,trend_100,5,half,signal_flip,notional_cap_1,false,false,false,true,true,false,-0.00015339342532717852,-0.017056458633709345,0.0023238024288735606,-0.012804864108561324,0.004828906672272784,-0.008445491212792162,0.12003179650238474
SHY__momentum_20__trend_100__h5__half__signal_flip__vol_target_10,SHY,momentum_20,trend_100,5,half,signal_flip,vol_target_10,false,false,false,true,true,false,-0.00015339342532717852,-0.017056458633709345,0.0023238024288735606,-0.012804864108561324,0.004828906672272784,-0.008445491212792162,0.12003179650238474
SHY__momentum_20__trend_100__h5__unit__horizon__notional_cap_1,SHY,momentum_20,trend_100,5,unit,horizon,notional_cap_1,false,false,false,true,true,false,0.0030326018901439414,-0.027441703292482175,0.003977457615526215,-0.023081377099538433,0.008133032100711137,-0.016018468881960155,0.21462639109697934
SHY__momentum_20__trend_100__h5__unit__horizon__vol_target_10,SHY,momentum_20,trend_100,5,unit,horizon,vol_target_10,false,false,false,true,true,false,0.0030326018901439414,-0.027441703292482175,0.003977457615526215,-0.023081377099538433,0.008133032100711137,-0.016018468881960155,0.21462639109697934
SHY__momentum_20__trend_100__h5__unit__signal_flip__notional_cap_1,SHY,momentum_20,trend_100,5,unit,signal_flip,notional_cap_1,false,false,false,true,true,false,-0.0003500584695218765,-0.03416761731629556,0.004609371877655655,-0.02565728155348292,0.009541912857612127,-0.017013548316987866,0.24006359300476948
SHY__momentum_20__trend_100__h5__unit__signal_flip__vol_target_10,SHY,momentum_20,trend_100,5,unit,signal_flip,vol_target_10,false,false,false,true,true,false,-0.0003500584695218765,-0.03416761731629556,0.004609371877655655,-0.02565728155348292,0.009541912857612127,-0.017013548316987866,0.24006359300476948
SHY__momentum_60__always__h20__half__horizon__notional_cap_1,SHY,momentum_60,always,20,half,horizon,notional_cap_1,false,false,false,true,true,false,0.002561072681014422,-0.0030323107978567233,0.00486574079958787,-4.394380272249989e-5,0.006743419725771767,0.002234181047736015,0.038950715421303655
SHY__momentum_60__always__h20__half__horizon__vol_target_10,SHY,momentum_60,always,20,half,horizon,vol_target_10,false,false,false,true,true,false,0.002561072681014422,-0.0030323107978567233,0.00486574079958787,-4.394380272249989e-5,0.006743419725771767,0.002234181047736015,0.038950715421303655
SHY__momentum_60__always__h20__half__signal_flip__notional_cap_1,SHY,momentum_60,always,20,half,signal_flip,notional_cap_1,false,false,false,true,true,false,0.00010552724979276324,-0.00719846303863561,0.0038807055835844845,-0.002782311869021464,0.0044042572384103825,-0.0015578123596512842,0.05286168521462639
SHY__momentum_60__always__h20__half__signal_flip__vol_target_10,SHY,momentum_60,always,20,half,signal_flip,vol_target_10,false,false,false,true,true,false,0.00010552724979276324,-0.00719846303863561,0.0038807055835844845,-0.002782311869021464,0.0044042572384103825,-0.0015578123596512842,0.05286168521462639
SHY__momentum_60__always__h20__unit__horizon__notional_cap_1,SHY,momentum_60,always,20,unit,horizon,notional_cap_1,false,false,false,true,true,false,0.005047082777035746,-0.00614499418480645,0.009671220750019784,-0.0001519373730531727,0.013305783831543908,0.004283137545474035,0.07790143084260731
SHY__momentum_60__always__h20__unit__horizon__vol_target_10,SHY,momentum_60,always,20,unit,horizon,vol_target_10,false,false,false,true,true,false,0.005047082777035746,-0.00614499418480645,0.009671220750019784,-0.0001519373730531727,0.013305783831543908,0.004283137545474035,0.07790143084260731
SHY__momentum_60__always__h20__unit__signal_flip__notional_cap_1,SHY,momentum_60,always,20,unit,signal_flip,notional_cap_1,false,false,false,true,true,false,0.0001480798600963841,-0.014465232286994586,0.00770661565707132,-0.005624309479266622,0.008659009875739108,-0.0032703495975886375,0.10572337042925278
SHY__momentum_60__always__h20__unit__signal_flip__vol_target_10,SHY,momentum_60,always,20,unit,signal_flip,vol_target_10,false,false,false,true,true,false,0.0001480798600963841,-0.014465232286994586,0.00770661565707132,-0.005624309479266622,0.008659009875739108,-0.0032703495975886375,0.10572337042925278
SHY__momentum_60__always__h5__half__horizon__notional_cap_1,SHY,momentum_60,always,5,half,horizon,notional_cap_1,false,false,false,true,true,false,0.0026890035413700015,-0.015423048522433942,0.005095860707353023,-0.011235782481507962,0.005670860001421583,-0.007905120056268394,0.12957074721780604
SHY__momentum_60__always__h5__half__horizon__vol_target_10,SHY,momentum_60,always,5,half,horizon,vol_target_10,false,false,false,true,true,false,0.0026890035413700015,-0.015423048522433942,0.005095860707353023,-0.011235782481507962,0.005670860001421583,-0.007905120056268394,0.12957074721780604
SHY__momentum_60__always__h5__half__signal_flip__notional_cap_1,SHY,momentum_60,always,5,half,signal_flip,notional_cap_1,false,false,false,true,true,false,0.0008695934245492665,-0.018077735697007498,0.004605341766519819,-0.012577220377683777,0.0056721754221930815,-0.008805374606640052,0.1363275039745628
SHY__momentum_60__always__h5__half__signal_flip__vol_target_10,SHY,momentum_60,always,5,half,signal_flip,vol_target_10,false,false,false,true,true,false,0.0008695934245492665,-0.018077735697007498,0.004605341766519819,-0.012577220377683777,0.0056721754221930815,-0.008805374606640052,0.1363275039745628
SHY__momentum_60__always__h5__unit__horizon__notional_cap_1,SHY,momentum_60,always,5,unit,horizon,notional_cap_1,false,false,false,true,true,false,0.005322827410511372,-0.030910811308280536,0.01014238718553226,-0.022532357271024546,0.011207424107434331,-0.015953411862594247,0.2591414944356121
SHY__momentum_60__always__h5__unit__horizon__vol_target_10,SHY,momentum_60,always,5,unit,horizon,vol_target_10,false,false,false,true,true,false,0.005322827410511372,-0.030910811308280536,0.01014238718553226,-0.022532357271024546,0.011207424107434331,-0.015953411862594247,0.2591414944356121
SHY__momentum_60__always__h5__unit__signal_flip__notional_cap_1,SHY,momentum_60,always,5,unit,signal_flip,notional_cap_1,false,false,false,true,true,false,0.0016808293273343272,-0.036225043450283434,0.009159866271165981,-0.025215851304058564,0.011216091195925629,-0.017748162973460952,0.2726550079491256
SHY__momentum_60__always__h5__unit__signal_flip__vol_target_10,SHY,momentum_60,always,5,unit,signal_flip,vol_target_10,false,false,false,true,true,false,0.0016808293273343272,-0.036225043450283434,0.009159866271165981,-0.025215851304058564,0.011216091195925629,-0.017748162973460952,0.2726550079491256
SHY__momentum_60__trend_100__h20__half__horizon__notional_cap_1,SHY,momentum_60,trend_100,20,half,horizon,notional_cap_1,false,false,false,true,true,false,0.00218638694645494,-0.003281668950104776,0.005801496305909664,0.0009425632839784237,0.0069640184394077955,0.0028560830458198364,0.038553259141494434
SHY__momentum_60__trend_100__h20__half__horizon__vol_target_10,SHY,momentum_60,trend_100,20,half,horizon,vol_target_10,false,false,false,true,true,false,0.00218638694645494,-0.003281668950104776,0.005801496305909664,0.0009425632839784237,0.0069640184394077955,0.0028560830458198364,0.038553259141494434
SHY__momentum_60__trend_100__h20__half__signal_flip__notional_cap_1,SHY,momentum_60,trend_100,20,half,signal_flip,notional_cap_1,false,false,false,true,true,false,0.00012094927382994202,-0.006849418431502306,0.003890852942489817,-0.002270885223876467,0.00564746681322583,0.00038717686639295747,0.04888712241653418
SHY__momentum_60__trend_100__h20__half__signal_flip__vol_target_10,SHY,momentum_60,trend_100,20,half,signal_flip,vol_target_10,false,false,false,true,true,false,0.00012094927382994202,-0.006849418431502306,0.003890852942489817,-0.002270885223876467,0.00564746681322583,0.00038717686639295747,0.04888712241653418
SHY__momentum_60__trend_100__h20__unit__horizon__notional_cap_1,SHY,momentum_60,trend_100,20,unit,horizon,notional_cap_1,false,false,false,true,true,false,0.004300334540784628,-0.006640763217639663,0.011543072664019235,0.0018227618799508748,0.013762302692447353,0.00554359768407326,0.07710651828298887
SHY__momentum_60__trend_100__h20__unit__horizon__vol_target_10,SHY,momentum_60,trend_100,20,unit,horizon,vol_target_10,false,false,false,true,true,false,0.004300334540784628,-0.006640763217639663,0.011543072664019235,0.0018227618799508748,0.013762302692447353,0.00554359768407326,0.07710651828298887
SHY__momentum_60__trend_100__h20__unit__signal_flip__notional_cap_1,SHY,momentum_60,trend_100,20,unit,signal_flip,notional_cap_1,false,false,false,true,true,false,0.00017972822114571295,-0.013766643262434928,0.0077277742500853775,-0.004599623566413141,0.01114950795242541,0.0006250413288459119,0.09777424483306836
SHY__momentum_60__trend_100__h20__unit__signal_flip__vol_target_10,SHY,momentum_60,trend_100,20,unit,signal_flip,vol_target_10,false,false,false,true,true,false,0.00017972822114571295,-0.013766643262434928,0.0077277742500853775,-0.004599623566413141,0.01114950795242541,0.0006250413288459119,0.09777424483306836
SHY__momentum_60__trend_100__h5__half__horizon__notional_cap_1,SHY,momentum_60,trend_100,5,half,horizon,notional_cap_1,false,false,false,true,true,false,0.0013668640744092617,-0.016203442789018127,0.004691345377188187,-0.011338262693714601,0.006917330400393643,-0.006106508946393132,0.1271860095389507
SHY__momentum_60__trend_100__h5__half__horizon__vol_target_10,SHY,momentum_60,trend_100,5,half,horizon,vol_target_10,false,false,false,true,true,false,0.0013668640744092617,-0.016203442789018127,0.004691345377188187,-0.011338262693714601,0.006917330400393643,-0.006106508946393132,0.1271860095389507
SHY__momentum_60__trend_100__h5__half__signal_flip__notional_cap_1,SHY,momentum_60,trend_100,5,half,signal_flip,notional_cap_1,false,false,false,true,true,false,0.0007897944802445142,-0.01757389215303529,0.004170737469598923,-0.012410714399090635,0.006479615514132408,-0.0072963311243967625,0.13155802861685215
SHY__momentum_60__trend_100__h5__half__signal_flip__vol_target_10,SHY,momentum_60,trend_100,5,half,signal_flip,vol_target_10,false,false,false,true,true,false,0.0007897944802445142,-0.01757389215303529,0.004170737469598923,-0.012410714399090635,0.006479615514132408,-0.0072963311243967625,0.13155802861685215
SHY__momentum_60__trend_100__h5__unit__horizon__notional_cap_1,SHY,momentum_60,trend_100,5,unit,horizon,notional_cap_1,false,false,false,true,true,false,0.002674428483065792,-0.03247699764614044,0.00932960408426886,-0.022737953795526712,0.013701149900460743,-0.012352872033586187,0.2543720190779014
SHY__momentum_60__trend_100__h5__unit__horizon__vol_target_10,SHY,momentum_60,trend_100,5,unit,horizon,vol_target_10,false,false,false,true,true,false,0.002674428483065792,-0.03247699764614044,0.00932960408426886,-0.022737953795526712,0.013701149900460743,-0.012352872033586187,0.2543720190779014
SHY__momentum_60__trend_100__h5__unit__signal_flip__notional_cap_1,SHY,momentum_60,trend_100,5,unit,signal_flip,notional_cap_1,false,false,false,true,true,false,0.001522846795148416,-0.035216667949891305,0.00829042841575584,-0.024882755847555636,0.01283249067338091,-0.014727575689956748,0.2631160572337043
SHY__momentum_60__trend_100__h5__unit__signal_flip__vol_target_10,SHY,momentum_60,trend_100,5,unit,signal_flip,vol_target_10,false,false,false,true,true,false,0.001522846795148416,-0.035216667949891305,0.00829042841575584,-0.024882755847555636,0.01283249067338091,-0.014727575689956748,0.2631160572337043
SLV__mean_reversion_5__always__h20__half__horizon__notional_cap_1,SLV,mean_reversion_5,always,20,half,horizon,notional_cap_1,false,false,false,true,true,false,0.0034918180961686154,-0.001690395435374581,-0.0017496244009346813,-0.00716657944645339,0.02638829489962312,0.021166576171039262,0.04292527821939587
SLV__mean_reversion_5__always__h20__half__horizon__vol_target_10,SLV,mean_reversion_5,always,20,half,horizon,vol_target_10,false,false,false,true,true,false,-0.00710462071878213,-0.01171937641521864,0.0002576203024838783,-0.005267661026790812,0.006865552545641064,0.0018891287816641296,0.043791656992049385
SLV__mean_reversion_5__always__h20__half__signal_flip__notional_cap_1,SLV,mean_reversion_5,always,20,half,signal_flip,notional_cap_1,false,false,false,true,true,false,-0.03641113279156026,-0.04912973746825838,-0.007685094659069859,-0.021262052609901962,0.012503012355428639,-0.001208225459464883,0.10771065182829889
SLV__mean_reversion_5__always__h20__half__signal_flip__vol_target_10,SLV,mean_reversion_5,always,20,half,signal_flip,vol_target_10,false,false,false,true,true,false,-0.03296000586149637,-0.042355123596632946,-0.008447257345095032,-0.021142163776183002,-0.0062302957248920625,-0.016734659368614523,0.10070700198854467
SLV__mean_reversion_5__always__h20__unit__horizon__notional_cap_1,SLV,mean_reversion_5,always,20,unit,horizon,notional_cap_1,false,false,false,true,true,false,-0.05864928125770921,-0.06903111551633233,-0.02816910173728353,-0.039019751808070595,-0.008049341864146839,-0.018519682597242182,0.08585055643879173
SLV__mean_reversion_5__always__h20__unit__horizon__vol_target_10,SLV,mean_reversion_5,always,20,unit,horizon,vol_target_10,false,false,false,true,true,false,-0.02082586740869177,-0.02627576291729297,-0.014127814699233056,-0.02248563096281302,0.00163719063657773,-0.003768281472970862,0.0662695171330228
SLV__mean_reversion_5__always__h20__unit__signal_flip__notional_cap_1,SLV,mean_reversion_5,always,20,unit,signal_flip,notional_cap_1,false,false,false,true,true,false,-0.11577351924571064,-0.14119760682667526,-0.029911663214975234,-0.0570764107575723,-0.009319127048873665,-0.03672051710018064,0.21542130365659778
SLV__mean_reversion_5__always__h20__unit__signal_flip__vol_target_10,SLV,mean_reversion_5,always,20,unit,signal_flip,vol_target_10,false,false,false,true,true,false,-0.047048192756768865,-0.05739046431572979,-0.020981547344302034,-0.03743899051342424,-0.007551572246553651,-0.01846019813553637,0.13055544052292584
SLV__mean_reversion_5__always__h5__half__horizon__notional_cap_1,SLV,mean_reversion_5,always,5,half,horizon,notional_cap_1,false,false,false,true,true,false,-0.019412457657717146,-0.033950573579126446,-0.006481519188472567,-0.020760256536849174,-0.01962302247585186,-0.034301621172095675,0.11327503974562798
SLV__mean_reversion_5__always__h5__half__horizon__vol_target_10,SLV,mean_reversion_5,always,5,half,horizon,vol_target_10,false,false,false,true,true,false,-0.02840509217932961,-0.039358373530181824,-0.009110926736713584,-0.022646386489338432,-0.018904896211869922,-0.030407551877099478,0.10737441770774113
SLV__mean_reversion_5__always__h5__half__signal_flip__notional_cap_1,SLV,mean_reversion_5,always,5,half,signal_flip,notional_cap_1,false,false,false,true,true,false,-0.002466574395111873,-0.019197151292098813,-0.00514787621346386,-0.02273311557678256,-0.005811488810651031,-0.023524219062774923,0.13950715421303655
SLV__mean_reversion_5__always__h5__half__signal_flip__vol_target_10,SLV,mean_reversion_5,always,5,half,signal_flip,vol_target_10,false,false,false,true,true,false,-0.010264729031391953,-0.0225350688826045,-0.006987846177407868,-0.02341426920324522,-0.016073345760245467,-0.029596492883769823,0.13030716998022251
SLV__mean_reversion_5__always__h5__unit__horizon__notional_cap_1,SLV,mean_reversion_5,always,5,unit,horizon,notional_cap_1,false,false,false,true,true,false,-0.0834631869222588,-0.11257724001186949,-0.029599507596497175,-0.05816914697410533,-0.0828760485679547,-0.11224386147693631,0.22655007949125597
SLV__mean_reversion_5__always__h5__unit__horizon__vol_target_10,SLV,mean_reversion_5,always,5,unit,horizon,vol_target_10,false,false,false,true,true,false,-0.04081321288311389,-0.053062655698132254,-0.019910157198100544,-0.037468994989100134,-0.02368976947701116,-0.03560027687238661,0.13935600011392832
SLV__mean_reversion_5__always__h5__unit__signal_flip__notional_cap_1,SLV,mean_reversion_5,always,5,unit,signal_flip,notional_cap_1,false,false,false,true,true,false,-0.04300663400428804,-0.0764680144399179,-0.024189616141613305,-0.05937477073320285,-0.04283004109316056,-0.07822468229243512,0.2790143084260731
SLV__mean_reversion_5__always__h5__unit__signal_flip__vol_target_10,SLV,mean_reversion_5,always,5,unit,signal_flip,vol_target_10,false,false,false,true,true,false,-0.01853800544725022,-0.03203256664594236,-0.019225713863043926,-0.040060864982969076,-0.017634993424243423,-0.03157810967126787,0.16530211036233666
SLV__mean_reversion_5__trend_100__h20__half__horizon__notional_cap_1,SLV,mean_reversion_5,trend_100,20,half,horizon,notional_cap_1,false,false,false,true,true,false,-0.02326046896387836,-0.026195037466208722,-0.015748206479535384,-0.01845055721261362,-0.09111637739871668,-0.09431697337040337,0.021462639109697933
SLV__mean_reversion_5__trend_100__h20__half__horizon__vol_target_10,SLV,mean_reversion_5,trend_100,20,half,horizon,vol_target_10,false,false,false,true,true,false,-0.02019625181912004,-0.022769962724695156,-0.011374775387420684,-0.01410964631427391,-0.07304787120756616,-0.0760125099996067,0.021718677414773752
SLV__mean_reversion_5__trend_100__h20__half__signal_flip__notional_cap_1,SLV,mean_reversion_5,trend_100,20,half,signal_flip,notional_cap_1,false,false,false,true,true,false,-0.027640683345508083,-0.034235605021304974,-0.017992472446004264,-0.023902805474256855,-0.014290456164793608,-0.022987746842984942,0.04689984101748808
SLV__mean_reversion_5__trend_100__h20__half__signal_flip__vol_target_10,SLV,mean_reversion_5,trend_100,20,half,signal_flip,vol_target_10,false,false,false,true,true,false,-0.024209628366012016,-0.028861478155620707,-0.017577618305066905,-0.02292287580074829,-0.02732759223170331,-0.03370686367981484,0.042407675885641566
SLV__mean_reversion_5__trend_100__h20__unit__horizon__notional_cap_1,SLV,mean_reversion_5,trend_100,20,unit,horizon,notional_cap_1,false,false,false,true,true,false,-0.08703276062372485,-0.0929299750303973,-0.044921341021479794,-0.05032215889814884,-0.22376417414176697,-0.2301563831477506,0.04292527821939587
SLV__mean_reversion_5__trend_100__h20__unit__horizon__vol_target_10,SLV,mean_reversion_5,trend_100,20,unit,horizon,vol_target_10,false,false,false,true,true,false,-0.024009957421690008,-0.026794826094222852,-0.018415763901126526,-0.022286174430948897,-0.07915694933289458,-0.0823167365298688,0.03074625935187297
SLV__mean_reversion_5__trend_100__h20__unit__signal_flip__notional_cap_1,SLV,mean_reversion_5,trend_100,20,unit,signal_flip,notional_cap_1,false,false,false,true,true,false,-0.08285257973964791,-0.09604816048257056,-0.04382982301136175,-0.055652395187965116,-0.046271939126582916,-0.06363343888227352,0.09379968203497616
SLV__mean_reversion_5__trend_100__h20__unit__signal_flip__vol_target_10,SLV,mean_reversion_5,trend_100,20,unit,signal_flip,vol_target_10,false,false,false,true,true,false,-0.025300515750487286,-0.03010752047073184,-0.024830564347628512,-0.03130027969513702,-0.02811500021907494,-0.03475541219528522,0.051339441373832694
SLV__mean_reversion_5__trend_100__h5__half__horizon__notional_cap_1,SLV,mean_reversion_5,trend_100,5,half,horizon,notional_cap_1,false,false,false,true,true,false,-0.013926315377344322,-0.02112396639867331,-0.004812442820159933,-0.010519712952369642,-0.06636043958357875,-0.07406648381652797,0.04531001589825119
SLV__mean_reversion_5__trend_100__h5__half__horizon__vol_target_10,SLV,mean_reversion_5,trend_100,5,half,horizon,vol_target_10,false,false,false,true,true,false,-0.020959034037255346,-0.02605487700589699,-0.004942935559686947,-0.010180954461161802,-0.05950195625062868,-0.06518658954498156,0.041581475189004055
SLV__mean_reversion_5__trend_100__h5__half__signal_flip__notional_cap_1,SLV,mean_reversion_5,trend_100,5,half,signal_flip,notional_cap_1,false,false,false,true,true,false,-0.014504786913366733,-0.022692663014845273,-0.01040644086743533,-0.01731600024228499,-0.0358301339263333,-0.04552683361660388,0.054848966613672494
SLV__mean_reversion_5__trend_100__h5__half__signal_flip__vol_target_10,SLV,mean_reversion_5,trend_100,5,half,signal_flip,vol_target_10,false,false,false,true,true,false,-0.01669603261515221,-0.022318527715897617,-0.010868920250361397,-0.01707724909214118,-0.03984828765380322,-0.04679986443661207,0.04927537741980042
SLV__mean_reversion_5__trend_100__h5__unit__horizon__notional_cap_1,SLV,mean_reversion_5,trend_100,5,unit,horizon,notional_cap_1,false,false,false,true,true,false,-0.05399549991997319,-0.06843378612449443,-0.01765143423771411,-0.029062390760193638,-0.15634458822302744,-0.17174428184798804,0.09062003179650238
SLV__mean_reversion_5__trend_100__h5__unit__horizon__vol_target_10,SLV,mean_reversion_5,trend_100,5,unit,horizon,vol_target_10,false,false,false,true,true,false,-0.023012532998552698,-0.028283744144515465,-0.004400765851001046,-0.01079029099145001,-0.06298110095857548,-0.06887366729404425,0.05075521398190494
SLV__mean_reversion_5__trend_100__h5__unit__signal_flip__notional_cap_1,SLV,mean_reversion_5,trend_100,5,unit,signal_flip,notional_cap_1,false,false,false,true,true,false,-0.0518925436799569,-0.06828908119845381,-0.027451264264653625,-0.04126756217740678,-0.08519447211232847,-0.1045504282660976,0.10969793322734499
SLV__mean_reversion_5__trend_100__h5__unit__signal_flip__vol_target_10,SLV,mean_reversion_5,trend_100,5,unit,signal_flip,vol_target_10,false,false,false,true,true,false,-0.01771939240535901,-0.023496381127746713,-0.015060083317337488,-0.022373959650779582,-0.04049639551002948,-0.04767442361479231,0.05807529354975773
SLV__momentum_20__always__h20__half__horizon__notional_cap_1,SLV,momentum_20,always,20,half,horizon,notional_cap_1,false,false,false,true,true,false,0.018061839888890294,0.013644539436315689,-0.03743492425811667,-0.041851500166352654,-0.07332613939465304,-0.0779269381954772,0.034976152623211444
SLV__momentum_20__always__h20__half__horizon__vol_target_10,SLV,momentum_20,always,20,half,horizon,vol_target_10,false,false,false,true,true,false,0.008417798886137319,0.004335144056461912,-0.03182157819649788,-0.03632489801986866,-0.04516718938037468,-0.04960375699136283,0.03567416742198998
SLV__momentum_20__always__h20__half__signal_flip__notional_cap_1,SLV,momentum_20,always,20,half,signal_flip,notional_cap_1,false,false,false,true,true,false,0.021641986767305003,0.015543088711964193,-0.051414790555497754,-0.05903347063212808,-0.029425241445259678,-0.03739397213062895,0.06041335453100159
SLV__momentum_20__always__h20__half__signal_flip__vol_target_10,SLV,momentum_20,always,20,half,signal_flip,vol_target_10,false,false,false,true,true,false,0.024561821003699053,0.019655639531806386,-0.04224949564427679,-0.04952621876056865,-0.017439989678516135,-0.02385016005579374,0.057697155504608987
SLV__momentum_20__always__h20__unit__horizon__notional_cap_1,SLV,momentum_20,always,20,unit,horizon,notional_cap_1,false,false,false,true,true,false,-0.02479450269609418,-0.033618671393809835,-0.09761055235838081,-0.10646286553027547,-0.205351749947452,-0.21454031875965163,0.06995230524642289
SLV__momentum_20__always__h20__unit__horizon__vol_target_10,SLV,momentum_20,always,20,unit,horizon,vol_target_10,false,false,false,true,true,false,0.009467737592501722,0.004828049080216258,-0.04692718628572371,-0.053402316932421576,-0.04966654787093754,-0.05448676400046537,0.051284537616134496
SLV__momentum_20__always__h20__unit__signal_flip__notional_cap_1,SLV,momentum_20,always,20,unit,signal_flip,notional_cap_1,false,false,false,true,true,false,0.0034251364731937572,-0.008787674291215825,-0.11998477112501157,-0.1352353260897205,-0.10291169074129328,-0.11886133526337447,0.12082670906200318
SLV__momentum_20__always__h20__unit__signal_flip__vol_target_10,SLV,momentum_20,always,20,unit,signal_flip,vol_target_10,false,false,false,true,true,false,0.029243456267126502,0.02394793288993262,-0.05151429974547693,-0.06112347354486535,-0.021660282894788815,-0.028335315385490185,0.07614386682884405
SLV__momentum_20__always__h5__half__horizon__notional_cap_1,SLV,momentum_20,always,5,half,horizon,notional_cap_1,false,false,false,true,true,false,0.03387455625756129,0.02167254490267074,-0.04594465867778146,-0.05847635893793036,0.002500059422787363,-0.011095038166467657,0.09936406995230525
SLV__momentum_20__always__h5__half__horizon__vol_target_10,SLV,momentum_20,always,5,half,horizon,vol_target_10,false,false,false,true,true,false,0.025743163180373986,0.01657595800726089,-0.03626439318247632,-0.04798897414404124,0.01032601671682646,-5.7286394176655e-5,0.09293727056686328
SLV__momentum_20__always__h5__half__signal_flip__notional_cap_1,SLV,momentum_20,always,5,half,signal_flip,notional_cap_1,false,false,false,true,true,false,0.02059407833069869,0.007985777310420356,-0.04850543056518348,-0.06243392278920464,-0.030477368367640797,-0.0456622903608461,0.11049284578696343
SLV__momentum_20__always__h5__half__signal_flip__vol_target_10,SLV,momentum_20,always,5,half,signal_flip,vol_target_10,false,false,false,true,true,false,0.020097410005501352,0.010782557190616139,-0.041470574228308715,-0.05439308536911082,-0.014867310608754786,-0.026260293453067587,0.1024731032481124
SLV__momentum_20__always__h5__unit__horizon__notional_cap_1,SLV,momentum_20,always,5,unit,horizon,notional_cap_1,false,false,false,true,true,false,0.03186197337461609,0.007419490868961182,-0.10923130561732568,-0.13431836102994033,-0.03679624243603687,-0.06403354853232561,0.1987281399046105
SLV__momentum_20__always__h5__unit__horizon__vol_target_10,SLV,momentum_20,always,5,unit,horizon,vol_target_10,false,false,false,true,true,false,0.02889023584198017,0.019205431891844555,-0.04100004088615746,-0.056006987497642276,0.005768085944219315,-0.005044440515632849,0.11888952591082015
SLV__momentum_20__always__h5__unit__signal_flip__notional_cap_1,SLV,momentum_20,always,5,unit,signal_flip,notional_cap_1,false,false,false,true,true,false,0.00834605636915238,-0.016887147711960933,-0.11252896868362712,-0.14039874044139697,-0.09995963245307547,-0.13035114872478376,0.22098569157392686
SLV__momentum_20__always__h5__unit__signal_flip__vol_target_10,SLV,momentum_20,always,5,unit,signal_flip,vol_target_10,false,false,false,true,true,false,0.02484699180630768,0.015064868826213208,-0.047883837781275064,-0.06423096164754938,-0.01896589834852011,-0.030719116557663323,0.12952685100314115
SLV__momentum_20__trend_100__h20__half__horizon__notional_cap_1,SLV,momentum_20,trend_100,20,half,horizon,notional_cap_1,false,false,false,true,true,false,-0.021863153818048223,-0.02519622793244134,-0.04251153873286024,-0.04586553400265622,-0.029088283689088768,-0.03290061490860416,0.026629570747217807
SLV__momentum_20__trend_100__h20__half__horizon__vol_target_10,SLV,momentum_20,trend_100,20,half,horizon,vol_target_10,false,false,false,true,true,false,-0.008998957945901158,-0.012005646123675124,-0.03169312725715642,-0.03515325560484696,-0.01808330643728365,-0.021600083037559784,0.02744500550136736
SLV__momentum_20__trend_100__h20__half__signal_flip__notional_cap_1,SLV,momentum_20,trend_100,20,half,signal_flip,notional_cap_1,false,false,false,true,true,false,0.002211132005790019,-0.002049150680086787,-0.048629280036422834,-0.05309344660860525,-0.03239439240703301,-0.038658827035864825,0.035373608903020666
SLV__momentum_20__trend_100__h20__half__signal_flip__vol_target_10,SLV,momentum_20,trend_100,20,half,signal_flip,vol_target_10,false,false,false,true,true,false,0.012506151469135878,0.009131409247359824,-0.03809345471269023,-0.042404193952405966,-0.021742070806447883,-0.026748975555097105,0.03416227167781486
SLV__momentum_20__trend_100__h20__unit__horizon__notional_cap_1,SLV,momentum_20,trend_100,20,unit,horizon,notional_cap_1,false,false,false,true,true,false,-0.0909280457357687,-0.09758484550459945,-0.10201897528120227,-0.10872430453208731,-0.11207674683902641,-0.11971398904618177,0.05325914149443561
SLV__momentum_20__trend_100__h20__unit__horizon__vol_target_10,SLV,momentum_20,trend_100,20,unit,horizon,vol_target_10,false,false,false,true,true,false,-0.008237191789798455,-0.011475076306149253,-0.04219312625148505,-0.047047070581153455,-0.02113304536608019,-0.02493820407095771,0.038493560160307506
SLV__momentum_20__trend_100__h20__unit__signal_flip__notional_cap_1,SLV,momentum_20,trend_100,20,unit,signal_flip,notional_cap_1,false,false,false,true,true,false,-0.029270555420548412,-0.037800427885909926,-0.11041422348432384,-0.11935674032949231,-0.1033325108046031,-0.11587037650593987,0.07074721780604133
SLV__momentum_20__trend_100__h20__unit__signal_flip__vol_target_10,SLV,momentum_20,trend_100,20,unit,signal_flip,vol_target_10,false,false,false,true,true,false,0.014850892452842046,0.011313145185278418,-0.04543331143316756,-0.051029890754976985,-0.02432048881590866,-0.029552727694838472,0.044333006413138545
SLV__momentum_20__trend_100__h5__half__horizon__notional_cap_1,SLV,momentum_20,trend_100,5,half,horizon,notional_cap_1,true,false,false,true,true,false,0.054754112547899844,0.04532402832226554,-0.04269829801694649,-0.051255423793625396,-0.012647790143958733,-0.02342673050317195,0.0679650238473768
SLV__momentum_20__trend_100__h5__half__horizon__vol_target_10,SLV,momentum_20,trend_100,5,half,horizon,vol_target_10,false,false,false,true,true,false,0.04196236227536488,0.035018731284567076,-0.031026834008093376,-0.03889510322294993,-0.01018587494073242,-0.018275143898927818,0.06251005402608784
SLV__momentum_20__trend_100__h5__half__signal_flip__notional_cap_1,SLV,momentum_20,trend_100,5,half,signal_flip,notional_cap_1,false,false,false,true,true,false,0.01603264575085842,0.006273345948937477,-0.030902406662163685,-0.03985863026504511,-0.03482571854891739,-0.046698258221165856,0.07114467408585055
SLV__momentum_20__trend_100__h5__half__signal_flip__vol_target_10,SLV,momentum_20,trend_100,5,half,signal_flip,vol_target_10,false,false,false,true,true,false,0.017916583524156766,0.010811900737390683,-0.020341329173976432,-0.02857155819645176,-0.023798032181063314,-0.0325693528129886,0.06539662550536156
SLV__momentum_20__trend_100__h5__unit__horizon__notional_cap_1,SLV,momentum_20,trend_100,5,unit,horizon,notional_cap_1,true,true,false,true,true,false,0.08111253760881791,0.06225047885197609,-0.09818714437303191,-0.11528846147020858,-0.06146882671256035,-0.0830504069093496,0.1359300476947536
SLV__momentum_20__trend_100__h5__unit__horizon__vol_target_10,SLV,momentum_20,trend_100,5,unit,horizon,vol_target_10,true,false,false,true,true,false,0.0439557400413201,0.03679211052302915,-0.032378141936934,-0.04223860067796244,-0.014760773974564675,-0.02316220091613646,0.07832877445432754
SLV__momentum_20__trend_100__h5__unit__signal_flip__notional_cap_1,SLV,momentum_20,trend_100,5,unit,signal_flip,notional_cap_1,false,false,false,true,true,false,0.005644386976943534,-0.01386698441617068,-0.0736739636915796,-0.09157040023347093,-0.1046220252290563,-0.12837450506272424,0.1422893481717011
SLV__momentum_20__trend_100__h5__unit__signal_flip__vol_target_10,SLV,momentum_20,trend_100,5,unit,signal_flip,vol_target_10,false,false,false,true,true,false,0.02045398641515367,0.013137599220327563,-0.01873658522442768,-0.029010706206619045,-0.027116187085068934,-0.03617859715992609,0.08162499485481566
SLV__momentum_60__always__h20__half__horizon__notional_cap_1,SLV,momentum_60,always,20,half,horizon,notional_cap_1,false,false,false,true,true,false,0.0009679510758902436,-0.002957367316670928,-0.04435438099693845,-0.048102475578058426,-0.019985954855509077,-0.024382894466498984,0.029809220985691574
SLV__momentum_60__always__h20__half__horizon__vol_target_10,SLV,momentum_60,always,20,half,horizon,vol_target_10,false,false,false,true,true,false,0.00815274502521758,0.004601293976998112,-0.03523366173145968,-0.03913153690454798,-0.015422376522456769,-0.01956131193827855,0.030976590097437497
SLV__momentum_60__always__h20__half__signal_flip__notional_cap_1,SLV,momentum_60,always,20,half,signal_flip,notional_cap_1,false,false,false,true,true,false,-0.013826887917175653,-0.019325659755083328,-0.011741759265172267,-0.0171016839083789,-0.06653218251561235,-0.0727907345612468,0.042527821939586645
SLV__momentum_60__always__h20__half__signal_flip__vol_target_10,SLV,momentum_60,always,20,half,signal_flip,vol_target_10,false,false,false,true,true,false,-0.001950056673333759,-0.006648128216325321,-0.006362133718344204,-0.011767322208320857,-0.0523480589012009,-0.05772037229579183,0.042869429464347644
SLV__momentum_60__always__h20__unit__horizon__notional_cap_1,SLV,momentum_60,always,20,unit,horizon,notional_cap_1,false,false,false,true,true,false,-0.04906521821299474,-0.05692278317396789,-0.10682647470317484,-0.11430692933926045,-0.09737548873841204,-0.10614925672132237,0.05961844197138315
SLV__momentum_60__always__h20__unit__horizon__vol_target_10,SLV,momentum_60,always,20,unit,horizon,vol_target_10,false,false,false,true,true,false,0.0026574402930875686,-0.0014501260490417112,-0.05068776312313708,-0.05638066320648229,-0.01959412540471587,-0.024129776739458556,0.04519988839932724
SLV__momentum_60__always__h20__unit__signal_flip__notional_cap_1,SLV,momentum_60,always,20,unit,signal_flip,notional_cap_1,false,false,false,true,true,false,-0.07416199140380161,-0.08514250921900846,-0.039386404310291334,-0.05010909175434202,-0.17669276821825297,-0.18920710358680032,0.08505564387917329
SLV__momentum_60__always__h20__unit__signal_flip__vol_target_10,SLV,momentum_60,always,20,unit,signal_flip,vol_target_10,false,false,false,true,true,false,-0.0035995439744556214,-0.008849448894040665,-0.01818295860700001,-0.025542995816904737,-0.05783336421832573,-0.0635063112212034,0.058339704242868266
SLV__momentum_60__always__h5__half__horizon__notional_cap_1,SLV,momentum_60,always,5,half,horizon,notional_cap_1,false,false,false,true,true,false,0.004849465002567808,-0.0078458417560079,-0.028799821282062137,-0.039977329405046884,-0.04827408126095939,-0.06135177893115795,0.08863275039745629
SLV__momentum_60__always__h5__half__horizon__vol_target_10,SLV,momentum_60,always,5,half,horizon,vol_target_10,false,false,false,true,true,false,0.006057274397213118,-0.0033275517573104927,-0.020503037061796882,-0.03086608158968842,-0.034776928686307905,-0.04479046364014855,0.08219380981876136
SLV__momentum_60__always__h5__half__signal_flip__notional_cap_1,SLV,momentum_60,always,5,half,signal_flip,notional_cap_1,false,false,false,true,true,false,-0.022604225635643373,-0.035793789809306045,0.00024536051048016684,-0.01164350330956986,-0.057662803536736716,-0.07154186881555186,0.09419713831478538
SLV__momentum_60__always__h5__half__signal_flip__vol_target_10,SLV,momentum_60,always,5,half,signal_flip,vol_target_10,false,false,false,true,true,false,-0.014776408320046303,-0.02452670260501128,0.004496116932962994,-0.006559773677069931,-0.040819635351550344,-0.05136501476355523,0.08762653408365925
SLV__momentum_60__always__h5__unit__horizon__notional_cap_1,SLV,momentum_60,always,5,unit,horizon,notional_cap_1,false,false,false,true,true,false,-0.03259691614866906,-0.05801125576575333,-0.07204739005670624,-0.09442196944848621,-0.13784422329503065,-0.16401351954021276,0.17726550079491257
SLV__momentum_60__always__h5__unit__horizon__vol_target_10,SLV,momentum_60,always,5,unit,horizon,vol_target_10,false,false,false,true,true,false,0.0037391813571022465,-0.006329908942031337,-0.025814179695442533,-0.03893796405901248,-0.0402836356801869,-0.05073787582596205,0.10403046551388329
SLV__momentum_60__always__h5__unit__signal_flip__notional_cap_1,SLV,momentum_60,always,5,unit,signal_flip,notional_cap_1,false,false,false,true,true,false,-0.08408068797303697,-0.11047073274715782,-0.01364898085156087,-0.037466757276435045,-0.154702660887806,-0.18247488384726362,0.18839427662957076
SLV__momentum_60__always__h5__unit__signal_flip__vol_target_10,SLV,momentum_60,always,5,unit,signal_flip,vol_target_10,false,false,false,true,true,false,-0.017692355854923764,-0.028173816572107227,-0.0028250573538361936,-0.01673228623459329,-0.04542294934534316,-0.05637803527039496,0.11016022843702002
SLV__momentum_60__trend_100__h20__half__horizon__notional_cap_1,SLV,momentum_60,trend_100,20,half,horizon,notional_cap_1,false,false,false,true,true,false,-0.024323060539674243,-0.02792132411518938,-0.04986061684700914,-0.053315076742818684,-0.05572778469132823,-0.05983806527892609,0.027424483306836247
SLV__momentum_60__trend_100__h20__half__horizon__vol_target_10,SLV,momentum_60,trend_100,20,half,horizon,vol_target_10,false,false,false,true,true,false,-0.006617991134864322,-0.009829835250355214,-0.04196512315632088,-0.0455593578376368,-0.04463923315052827,-0.04845278830052585,0.028509453144561766
SLV__momentum_60__trend_100__h20__half__signal_flip__notional_cap_1,SLV,momentum_60,trend_100,20,half,signal_flip,notional_cap_1,false,false,false,true,true,false,-0.021751149201400668,-0.026345811726923046,-0.014907288684695683,-0.019164582929632155,-0.05905655761757796,-0.06421854225735546,0.033783783783783786
SLV__momentum_60__trend_100__h20__half__signal_flip__vol_target_10,SLV,momentum_60,trend_100,20,half,signal_flip,vol_target_10,false,false,false,true,true,false,-0.006166470657813472,-0.010024196750999647,-0.010923729797036114,-0.015274341372070413,-0.045308930674551676,-0.049703070757669186,0.03450171423963303
SLV__momentum_60__trend_100__h20__unit__horizon__notional_cap_1,SLV,momentum_60,trend_100,20,unit,horizon,notional_cap_1,false,false,false,true,true,false,-0.09885664480770312,-0.10607354016936629,-0.11665866452635107,-0.12356553431626652,-0.16620152350299208,-0.17442960928740575,0.054848966613672494
SLV__momentum_60__trend_100__h20__unit__horizon__vol_target_10,SLV,momentum_60,trend_100,20,unit,horizon,vol_target_10,false,false,false,true,true,false,-0.00695075477984416,-0.010470280298442622,-0.05834158371613203,-0.06349138300961088,-0.048301928429721475,-0.05242436148272328,0.040809133819220855
SLV__momentum_60__trend_100__h20__unit__signal_flip__notional_cap_1,SLV,momentum_60,trend_100,20,unit,signal_flip,notional_cap_1,false,false,false,true,true,false,-0.08887673985196004,-0.09807658200702968,-0.044729304182343485,-0.053244967648575864,-0.16040107307762558,-0.1707326364380074,0.06756756756756757
SLV__momentum_60__trend_100__h20__unit__signal_flip__vol_target_10,SLV,momentum_60,trend_100,20,unit,signal_flip,vol_target_10,false,false,false,true,true,false,-0.004851972508786579,-0.008925628558975064,-0.0211440401955306,-0.026945273875276267,-0.04987873539982442,-0.05451197012487241,0.045977694481492616
SLV__momentum_60__trend_100__h5__half__horizon__notional_cap_1,SLV,momentum_60,trend_100,5,half,horizon,notional_cap_1,false,false,false,true,true,false,0.002108283140928851,-0.009500262811935436,-0.033180753154599354,-0.04274760495196022,-0.026363051645923417,-0.03794012911103075,0.0759141494435612
SLV__momentum_60__trend_100__h5__half__horizon__vol_target_10,SLV,momentum_60,trend_100,5,half,horizon,vol_target_10,false,false,false,true,true,false,0.004785036339741543,-0.0036708042654332697,-0.026264586957811052,-0.03503477283162871,-0.01832856903247823,-0.02696558663000582,0.06960530968626338
SLV__momentum_60__trend_100__h5__half__signal_flip__notional_cap_1,SLV,momentum_60,trend_100,5,half,signal_flip,notional_cap_1,false,false,false,true,true,false,0.002555930861956237,-0.009380460679760361,-0.007280884499008897,-0.017243226981916385,-0.038286736146839716,-0.05036340615279397,0.07909379968203498
SLV__momentum_60__trend_100__h5__half__signal_flip__vol_target_10,SLV,momentum_60,trend_100,5,half,signal_flip,vol_target_10,false,false,false,true,true,false,0.004310885826390011,-0.004348393292981878,-0.0020346245801224345,-0.01118811448490577,-0.026155050697994276,-0.03510855092054958,0.07270103163283317
SLV__momentum_60__trend_100__h5__unit__horizon__notional_cap_1,SLV,momentum_60,trend_100,5,unit,horizon,notional_cap_1,false,false,false,true,true,false,-0.036087757502509706,-0.05932459032058936,-0.07977757223683896,-0.09891461376650498,-0.09127089656779597,-0.1144424814679709,0.1518282988871224
SLV__momentum_60__trend_100__h5__unit__horizon__vol_target_10,SLV,momentum_60,trend_100,5,unit,horizon,vol_target_10,false,false,false,true,true,false,0.005205213239312431,-0.003571157677244737,-0.033986328298720114,-0.04488689917050652,-0.022478488159721335,-0.03142864122800417,0.08645785465323898
SLV__momentum_60__trend_100__h5__unit__signal_flip__notional_cap_1,SLV,momentum_60,trend_100,5,unit,signal_flip,notional_cap_1,false,false,false,true,true,false,-0.0329842633071418,-0.05686492881175652,-0.027855725595399252,-0.04777345800715637,-0.1140106234426852,-0.1381789886811286,0.15818759936406995
SLV__momentum_60__trend_100__h5__unit__signal_flip__vol_target_10,SLV,momentum_60,trend_100,5,unit,signal_flip,vol_target_10,false,false,false,true,true,false,0.004726067485199796,-0.004251113138927027,-0.006379849009284108,-0.017654210020686158,-0.030224620328925127,-0.03950948714514458,0.0895302868223771
SPY__mean_reversion_5__always__h20__half__horizon__notional_cap_1,SPY,mean_reversion_5,always,20,half,horizon,notional_cap_1,false,false,false,true,true,false,0.04690472638764746,0.04189272819720732,0.033716418697883443,0.028562135147212023,0.03502098632053032,0.03006209378288012,0.040937996820349765
SPY__mean_reversion_5__always__h20__half__horizon__vol_target_10,SPY,mean_reversion_5,always,20,half,horizon,vol_target_10,false,false,false,true,true,false,0.04772961802486925,0.04276454125125643,0.03319724017958045,0.027967360946948558,0.03404147593531795,0.029116728530375585,0.041544962174492495
SPY__mean_reversion_5__always__h20__half__signal_flip__notional_cap_1,SPY,mean_reversion_5,always,20,half,signal_flip,notional_cap_1,false,false,false,true,true,false,0.05665838718677834,0.044678145144446214,0.02814034057140606,0.014920607513127014,0.05996320662603012,0.047730006829840764,0.10492845786963434
SPY__mean_reversion_5__always__h20__half__signal_flip__vol_target_10,SPY,mean_reversion_5,always,20,half,signal_flip,vol_target_10,false,false,false,true,true,false,0.04958647516637277,0.038301401089082115,0.02605189384881543,0.01300367417831937,0.05239332115900629,0.04088754606053311,0.10356395888241557
SPY__mean_reversion_5__always__h20__unit__horizon__notional_cap_1,SPY,mean_reversion_5,always,20,unit,horizon,notional_cap_1,false,false,false,true,true,false,0.07329651879562274,0.06326177106697478,0.055269732025238424,0.04496897302128091,0.040164743374331055,0.030244912492410687,0.08187599364069953
SPY__mean_reversion_5__always__h20__unit__horizon__vol_target_10,SPY,mean_reversion_5,always,20,unit,horizon,vol_target_10,false,false,false,true,true,false,0.062041493304562434,0.05311406878340206,0.042579617996612106,0.03269449237160232,0.04990781970098829,0.041555392057605424,0.07856786320563723
SPY__mean_reversion_5__always__h20__unit__signal_flip__notional_cap_1,SPY,mean_reversion_5,always,20,unit,signal_flip,notional_cap_1,false,false,false,true,true,false,0.10008365470737818,0.07611103090891065,0.04832279630788219,0.021885835457913873,0.09973601887295963,0.07524201142111162,0.20985691573926868
SPY__mean_reversion_5__always__h20__unit__signal_flip__vol_target_10,SPY,mean_reversion_5,always,20,unit,signal_flip,vol_target_10,false,false,false,true,true,false,0.069435069160223,0.051035268007984164,0.023072795704068602,0.00014315060392480587,0.06429373245619611,0.04694793523124681,0.1819101372779876
SPY__mean_reversion_5__always__h5__half__horizon__notional_cap_1,SPY,mean_reversion_5,always,5,half,horizon,notional_cap_1,false,false,false,true,true,false,0.05845426723980727,0.04589859667504418,0.03296801481665664,0.020243050626551105,0.045033437911762286,0.03230099986985577,0.10095389507154214
SPY__mean_reversion_5__always__h5__half__horizon__vol_target_10,SPY,mean_reversion_5,always,5,half,horizon,vol_target_10,false,false,false,true,true,false,0.054006230688941774,0.042210853859414574,0.03257000320776332,0.02002249626302688,0.042788617493052544,0.030815687373867348,0.09955015958979045
SPY__mean_reversion_5__always__h5__half__signal_flip__notional_cap_1,SPY,mean_reversion_5,always,5,half,signal_flip,notional_cap_1,false,false,false,true,true,false,0.05305064353959506,0.03840392488674131,0.024063277968097287,0.008542762261577474,0.04663208370915018,0.03150047132380919,0.1232114467408585
SPY__mean_reversion_5__always__h5__half__signal_flip__vol_target_10,SPY,mean_reversion_5,always,5,half,signal_flip,vol_target_10,false,false,false,true,true,false,0.049500726287416544,0.03580138576823999,0.022712086245959696,0.007441374502333101,0.04226834945487949,0.028166539482625222,0.12122487330453889
SPY__mean_reversion_5__always__h5__unit__horizon__notional_cap_1,SPY,mean_reversion_5,always,5,unit,horizon,notional_cap_1,false,false,false,true,true,false,0.10253791929035483,0.07743179332269323,0.0575647110949256,0.0321052358925321,0.06822672144037174,0.042737350830774325,0.20190779014308427
SPY__mean_reversion_5__always__h5__unit__horizon__vol_target_10,SPY,mean_reversion_5,always,5,unit,horizon,vol_target_10,false,false,false,true,true,false,0.07733134095200159,0.0583928228943793,0.037631233032566984,0.01599775830047864,0.06473062624897497,0.04678177330334561,0.1715067670531621
SPY__mean_reversion_5__always__h5__unit__signal_flip__notional_cap_1,SPY,mean_reversion_5,always,5,unit,signal_flip,notional_cap_1,false,false,false,true,true,false,0.09416343773453918,0.06486530484497852,0.041228771649813936,0.010195993402431044,0.07558323149796778,0.045304794675204776,0.246422893481717
SPY__mean_reversion_5__always__h5__unit__signal_flip__vol_target_10,SPY,mean_reversion_5,always,5,unit,signal_flip,vol_target_10,false,false,false,true,true,false,0.07221693957993962,0.05040693008940748,0.02033250627982292,-0.005804637219430278,0.05235283075166848,0.0316030060949799,0.20741020831151943
SPY__mean_reversion_5__trend_100__h20__half__horizon__notional_cap_1,SPY,mean_reversion_5,trend_100,20,half,horizon,notional_cap_1,false,false,false,true,true,false,0.045060520922375696,0.04092797383536266,0.0168888097361975,0.012631465329598773,0.01642175283608989,0.012461368772979703,0.033783783783783786
SPY__mean_reversion_5__trend_100__h20__half__horizon__vol_target_10,SPY,mean_reversion_5,trend_100,20,half,horizon,vol_target_10,false,false,false,true,true,false,0.043124268645830126,0.03897010270826676,0.015759280986547938,0.011496060100428645,0.03194927258911605,0.02794726178511471,0.03382914437288757
SPY__mean_reversion_5__trend_100__h20__half__signal_flip__notional_cap_1,SPY,mean_reversion_5,trend_100,20,half,signal_flip,notional_cap_1,false,false,false,true,true,false,0.0391121367845192,0.029430715787480247,0.014022986331161797,0.0028072307655520935,0.04470630626001951,0.03529040806970908,0.0890302066772655
SPY__mean_reversion_5__trend_100__h20__half__signal_flip__vol_target_10,SPY,mean_reversion_5,trend_100,20,half,signal_flip,vol_target_10,false,false,false,true,true,false,0.03808967726080112,0.028668695400587408,0.012962923158006817,0.001778892148453972,0.04118969590834702,0.03191164123064784,0.08877543780636264
SPY__mean_reversion_5__trend_100__h20__unit__horizon__notional_cap_1,SPY,mean_reversion_5,trend_100,20,unit,horizon,notional_cap_1,false,false,false,true,true,false,0.0782999062060589,0.07003064501032466,0.02600047900838321,0.017484614895501824,0.014335300692531396,0.006406324058532628,0.06756756756756757
SPY__mean_reversion_5__trend_100__h20__unit__horizon__vol_target_10,SPY,mean_reversion_5,trend_100,20,unit,horizon,vol_target_10,false,false,false,true,true,false,0.05483307147239539,0.046876736120614326,0.02400210598065032,0.015377595425217265,0.050580180653763934,0.0432132731978787,0.06851877243298386
SPY__mean_reversion_5__trend_100__h20__unit__signal_flip__notional_cap_1,SPY,mean_reversion_5,trend_100,20,unit,signal_flip,notional_cap_1,false,false,false,true,true,false,0.07280507429039468,0.05343833069958985,0.022890043893804835,0.0004626337140369481,0.0823114285376931,0.06347772448869306,0.178060413354531
SPY__mean_reversion_5__trend_100__h20__unit__signal_flip__vol_target_10,SPY,mean_reversion_5,trend_100,20,unit,signal_flip,vol_target_10,false,false,false,true,true,false,0.05694274761775974,0.040681009677425856,0.013926643091558569,-0.006719107538472248,0.053091785495022435,0.038157777577753633,0.16387121424102033
SPY__mean_reversion_5__trend_100__h5__half__horizon__notional_cap_1,SPY,mean_reversion_5,trend_100,5,half,horizon,notional_cap_1,false,false,false,true,true,false,0.040422105899875035,0.03107744481999009,0.025461674194186816,0.0155416520803227,0.04821599120398744,0.03940130582820438,0.07869634340222575
SPY__mean_reversion_5__trend_100__h5__half__horizon__vol_target_10,SPY,mean_reversion_5,trend_100,5,half,horizon,vol_target_10,false,false,false,true,true,false,0.03968474645814088,0.03048735280242382,0.024125608635285487,0.014219967067813102,0.0461427764179809,0.03744459155209863,0.0785821861812604
SPY__mean_reversion_5__trend_100__h5__half__signal_flip__notional_cap_1,SPY,mean_reversion_5,trend_100,5,half,signal_flip,notional_cap_1,false,false,false,true,true,false,0.042634261832855194,0.031370351014961224,0.015348305047254217,0.0030309528161053976,0.03541628287116931,0.024900319845842126,0.09777424483306836
SPY__mean_reversion_5__trend_100__h5__half__signal_flip__vol_target_10,SPY,mean_reversion_5,trend_100,5,half,signal_flip,vol_target_10,false,false,false,true,true,false,0.04176502208793957,0.030774010312953157,0.014326041966541773,0.002048830605247052,0.032287333273230114,0.021918725805049333,0.09745212338861665
SPY__mean_reversion_5__trend_100__h5__unit__horizon__notional_cap_1,SPY,mean_reversion_5,trend_100,5,unit,horizon,notional_cap_1,false,false,false,true,true,false,0.07470503287102322,0.05601777927996029,0.0460699622775423,0.026221352359446743,0.08986287101626765,0.07223211043523399,0.1573926868044515
SPY__mean_reversion_5__trend_100__h5__unit__horizon__vol_target_10,SPY,mean_reversion_5,trend_100,5,unit,horizon,vol_target_10,false,false,false,true,true,false,0.06037894345128975,0.04445643983911705,0.028448577158048403,0.010097248105462225,0.06548984331970485,0.05126139100861008,0.14551417921262988
SPY__mean_reversion_5__trend_100__h5__unit__signal_flip__notional_cap_1,SPY,mean_reversion_5,trend_100,5,unit,signal_flip,notional_cap_1,false,false,false,true,true,false,0.08055769368903669,0.05803185174196414,0.02683857154036836,0.0022082723137063325,0.0653764383209252,0.04434597254712046,0.19554848966613672
SPY__mean_reversion_5__trend_100__h5__unit__signal_flip__vol_target_10,SPY,mean_reversion_5,trend_100,5,unit,signal_flip,vol_target_10,false,false,false,true,true,false,0.06295619322281136,0.0442919356453247,0.013676838912602955,-0.008814456327038216,0.040138915444178296,0.023580328069298946,0.1785120613358705
SPY__momentum_20__always__h20__half__horizon__notional_cap_1,SPY,momentum_20,always,20,half,horizon,notional_cap_1,false,false,false,true,true,false,0.045997418955219416,0.04064815447669584,0.03899277901380819,0.03388220547346115,0.04555666822221327,0.040337611226000006,0.04054054054054054
SPY__momentum_20__always__h20__half__horizon__vol_target_10,SPY,momentum_20,always,20,half,horizon,vol_target_10,false,false,false,true,true,false,0.046873005404654985,0.04155140856708889,0.03880309544822759,0.03365746752867243,0.0606975699873252,0.055440883967403154,0.040821708103499756
SPY__momentum_20__always__h20__half__signal_flip__notional_cap_1,SPY,momentum_20,always,20,half,signal_flip,notional_cap_1,false,false,false,true,true,false,0.052400308059156256,0.04376791729809547,0.030132709323534075,0.021915332646175605,0.03586966899666329,0.028207731109705918,0.06518282988871224
SPY__momentum_20__always__h20__half__signal_flip__vol_target_10,SPY,momentum_20,always,20,half,signal_flip,vol_target_10,false,false,false,true,true,false,0.04984459646600674,0.041678663692162686,0.02989641216307764,0.02170973556282365,0.034253615182653144,0.026837171669626857,0.06493940214081531
SPY__momentum_20__always__h20__unit__horizon__notional_cap_1,SPY,momentum_20,always,20,unit,horizon,notional_cap_1,false,false,false,true,true,false,0.07518842548975191,0.06447216227764438,0.06897743084060662,0.05875135289543469,0.06680506398583289,0.05634537018221991,0.08108108108108109
SPY__momentum_20__always__h20__unit__horizon__vol_target_10,SPY,momentum_20,always,20,unit,horizon,vol_target_10,false,false,false,true,true,false,0.05859723755260234,0.048771598524109824,0.04775279788945745,0.03755035894426454,0.0871392469513529,0.07778980395496946,0.08093455590435684
SPY__momentum_20__always__h20__unit__signal_flip__notional_cap_1,SPY,momentum_20,always,20,unit,signal_flip,notional_cap_1,false,false,false,true,true,false,0.09368006402470426,0.0764233486625803,0.055053304702721545,0.03860987112524317,0.059566281710024004,0.04424285448651887,0.13036565977742448
SPY__momentum_20__always__h20__unit__signal_flip__vol_target_10,SPY,momentum_20,always,20,unit,signal_flip,vol_target_10,false,false,false,true,true,false,0.06434969561428575,0.05083983750363532,0.039531094667873884,0.024767649670136914,0.052040430955026785,0.04002619471000199,0.11707231141041644
SPY__momentum_20__always__h5__half__horizon__notional_cap_1,SPY,momentum_20,always,5,half,horizon,notional_cap_1,false,false,false,true,true,false,0.035930120527879694,0.019566217613727514,0.044424183385098646,0.028191296314988856,0.04571088074318052,0.029430378879474813,0.1287758346581876
SPY__momentum_20__always__h5__half__horizon__vol_target_10,SPY,momentum_20,always,5,half,horizon,vol_target_10,false,false,false,true,true,false,0.03275333116468633,0.017006567569289276,0.044598301049394946,0.028397399839442998,0.03734461945192573,0.02155002708389689,0.12852360633018492
SPY__momentum_20__always__h5__half__signal_flip__notional_cap_1,SPY,momentum_20,always,5,half,signal_flip,notional_cap_1,false,false,false,true,true,false,0.043917015639027744,0.02593593712869173,0.019404041248935914,0.0019231782591189388,0.02174442770356779,0.0042111901456852365,0.1387122416534181
SPY__momentum_20__always__h5__half__signal_flip__vol_target_10,SPY,momentum_20,always,5,half,signal_flip,vol_target_10,false,false,false,true,true,false,0.042455526989446865,0.025271869369538888,0.019439184611593073,0.002025315337875873,0.019722952311230793,0.002815556737363805,0.1381822859510837
SPY__momentum_20__always__h5__unit__horizon__notional_cap_1,SPY,momentum_20,always,5,unit,horizon,notional_cap_1,false,false,false,true,true,false,0.059755750985690546,0.027010073103916288,0.08281693067870936,0.050336892732133515,0.07849388863249976,0.045923550494052154,0.2575516693163752
SPY__momentum_20__always__h5__unit__horizon__vol_target_10,SPY,momentum_20,always,5,unit,horizon,vol_target_10,false,false,false,true,true,false,0.0416426523886487,0.015700792455079236,0.05827304883251448,0.02864898335130924,0.04596013146447889,0.020807119327702513,0.23496677550822975
SPY__momentum_20__always__h5__unit__signal_flip__notional_cap_1,SPY,momentum_20,always,5,unit,signal_flip,notional_cap_1,false,false,false,true,true,false,0.07800604666207099,0.04204597103132297,0.03417581205456739,-0.000792155008039112,0.032437338795193615,-0.002639967557163274,0.2774244833068362
SPY__momentum_20__always__h5__unit__signal_flip__vol_target_10,SPY,momentum_20,always,5,unit,signal_flip,vol_target_10,false,false,false,true,true,false,0.05665108122000424,0.028852518179507645,0.02156130914766345,-0.010013289851606055,0.029296109223480787,0.002654413201529848,0.25049622851074965
SPY__momentum_20__trend_100__h20__half__horizon__notional_cap_1,SPY,momentum_20,trend_100,20,half,horizon,notional_cap_1,false,false,false,true,true,false,0.052956999992746,0.04798223763424929,0.02991483254681061,0.024903625340230093,0.015441993502467754,0.01083050364579484,0.0397456279809221
SPY__momentum_20__trend_100__h20__half__horizon__vol_target_10,SPY,momentum_20,trend_100,20,half,horizon,vol_target_10,false,false,false,true,true,false,0.052064718152581096,0.04709750553059384,0.029239571041941588,0.02420988766897853,0.03387893269596574,0.0292116725764988,0.03989338617167048
SPY__momentum_20__trend_100__h20__half__signal_flip__notional_cap_1,SPY,momentum_20,trend_100,20,half,signal_flip,notional_cap_1,false,false,false,true,true,false,0.05024257085959699,0.042772857321961205,0.023126443222393888,0.015710950195438948,0.025983413274048312,0.019225739702094496,0.058823529411764705
SPY__momentum_20__trend_100__h20__half__signal_flip__vol_target_10,SPY,momentum_20,trend_100,20,half,signal_flip,vol_target_10,false,false,false,true,true,false,0.04845245539342973,0.04109521240337588,0.023194253208762502,0.015783456722611285,0.026413860179846347,0.019760026600211585,0.05878595787196023
SPY__momentum_20__trend_100__h20__unit__horizon__notional_cap_1,SPY,momentum_20,trend_100,20,unit,horizon,notional_cap_1,true,true,false,true,true,false,0.09348412712330177,0.08351487901381825,0.05152878646705186,0.041499855891922184,0.01080848593355973,0.0015771528979650548,0.0794912559618442
SPY__momentum_20__trend_100__h20__unit__horizon__vol_target_10,SPY,momentum_20,trend_100,20,unit,horizon,vol_target_10,false,false,false,true,true,false,0.06807999571796232,0.058495368887123374,0.046069974041286245,0.035971874787158804,0.0544041325589838,0.04579306412825738,0.080067596793142
SPY__momentum_20__trend_100__h20__unit__signal_flip__notional_cap_1,SPY,momentum_20,trend_100,20,unit,signal_flip,notional_cap_1,false,false,false,true,true,false,0.09172194171653344,0.07677951140704992,0.04178306064792227,0.02694461795186723,0.042787395544524195,0.029278163895818637,0.11764705882352941
SPY__momentum_20__trend_100__h20__unit__signal_flip__vol_target_10,SPY,momentum_20,trend_100,20,unit,signal_flip,vol_target_10,false,false,false,true,true,false,0.06291246206618224,0.050225096640557104,0.034121752094439295,0.020274844977403065,0.04351378487729063,0.032403895036207955,0.1098249145472054
SPY__momentum_20__trend_100__h5__half__horizon__notional_cap_1,SPY,momentum_20,trend_100,5,half,horizon,notional_cap_1,false,false,false,true,true,false,0.051949693929082705,0.03692409210494803,0.031965782575301735,0.016939204337918828,0.014440603223753649,-0.00043665177555200253,0.1192368839427663
SPY__momentum_20__trend_100__h5__half__horizon__vol_target_10,SPY,momentum_20,trend_100,5,half,horizon,vol_target_10,false,false,false,true,true,false,0.04856242840730047,0.03387871981387885,0.032067875419708666,0.017040119715735734,0.013609364494941156,-0.001050441926286891,0.11924631104284873
SPY__momentum_20__trend_100__h5__half__signal_flip__notional_cap_1,SPY,momentum_20,trend_100,5,half,signal_flip,notional_cap_1,false,false,false,true,true,false,0.0536929906451682,0.03737359765180124,0.018365885644087938,0.0020876097481512743,0.010218517737890702,-0.005809818280826754,0.12917329093799682
SPY__momentum_20__trend_100__h5__half__signal_flip__vol_target_10,SPY,momentum_20,trend_100,5,half,signal_flip,vol_target_10,false,false,false,true,true,false,0.04992958531719432,0.034015709838092045,0.01843369217209562,0.002160995337729074,0.011166375627057615,-0.004581304106222616,0.12912864476423747
SPY__momentum_20__trend_100__h5__unit__horizon__notional_cap_1,SPY,momentum_20,trend_100,5,unit,horizon,notional_cap_1,false,false,false,true,true,false,0.09534636247129742,0.06528369027409647,0.058850987216946184,0.02879236902099168,0.01926370383301159,-0.010498098358169656,0.2384737678855326
SPY__momentum_20__trend_100__h5__unit__horizon__vol_target_10,SPY,momentum_20,trend_100,5,unit,horizon,vol_target_10,false,false,false,true,true,false,0.06052861034351718,0.03577001021910907,0.042295734214174416,0.014167334423118561,0.022853070666776436,-0.0011482910474469917,0.22319263760318983
SPY__momentum_20__trend_100__h5__unit__signal_flip__notional_cap_1,SPY,momentum_20,trend_100,5,unit,signal_flip,notional_cap_1,false,false,false,true,true,false,0.10000715728265933,0.06735607537541667,0.03268761888795769,0.00012618462058625567,0.012323552668574236,-0.019738917002479976,0.25834658187599363
SPY__momentum_20__trend_100__h5__unit__signal_flip__vol_target_10,SPY,momentum_20,trend_100,5,unit,signal_flip,vol_target_10,false,false,false,true,true,false,0.06324557768693762,0.03681770688894928,0.024704529890119023,-0.005509233794563946,0.02011475320931705,-0.005289444550337123,0.23974467357759646
SPY__momentum_60__always__h20__half__horizon__notional_cap_1,SPY,momentum_60,always,20,half,horizon,notional_cap_1,false,false,false,true,true,false,0.051542564343824364,0.04615848228827025,0.04405094295101479,0.038739687200531954,0.013860191829959642,0.00885001332844001,0.04213036565977742
SPY__momentum_60__always__h20__half__horizon__vol_target_10,SPY,momentum_60,always,20,half,horizon,vol_target_10,false,false,false,true,true,false,0.050306616923297374,0.04494394372311316,0.04191341382971434,0.03658116447521101,0.026574121269008634,0.021534513623231756,0.042303039337418614
SPY__momentum_60__always__h20__half__signal_flip__notional_cap_1,SPY,momentum_60,always,20,half,signal_flip,notional_cap_1,false,false,false,true,true,false,0.04707855983320731,0.04052910210853019,0.025969674982763515,0.019152915239584768,0.037963044344853716,0.0320557503678189,0.05405405405405406
SPY__momentum_60__always__h20__half__signal_flip__vol_target_10,SPY,momentum_60,always,20,half,signal_flip,vol_target_10,false,false,false,true,true,false,0.04867980939825751,0.04220324994541976,0.024644351430477083,0.017808504232043425,0.03682187437388964,0.03101780712425062,0.05421059868740273
SPY__momentum_60__always__h20__unit__horizon__notional_cap_1,SPY,momentum_60,always,20,unit,horizon,notional_cap_1,false,false,false,true,true,false,0.08688747591834375,0.07611538610672336,0.07824207705048246,0.06761390619481504,0.002804217240347462,-0.007220598514538684,0.08426073131955485
SPY__momentum_60__always__h20__unit__horizon__vol_target_10,SPY,momentum_60,always,20,unit,horizon,vol_target_10,false,false,false,true,true,false,0.06275839037884341,0.052640419718160116,0.050967703465275266,0.04031227455705188,0.045178400923401855,0.03601601056143616,0.08456781196609442
SPY__momentum_60__always__h20__unit__signal_flip__notional_cap_1,SPY,momentum_60,always,20,unit,signal_flip,notional_cap_1,false,false,false,true,true,false,0.0829585466175974,0.06986137797054456,0.04512764428717543,0.03148222693608209,0.06351315671168854,0.05170274073995629,0.10810810810810811
SPY__momentum_60__always__h20__unit__signal_flip__vol_target_10,SPY,momentum_60,always,20,unit,signal_flip,vol_target_10,false,false,false,true,true,false,0.06335992489060895,0.051721668588815634,0.03810920126748661,0.025361409412692125,0.05673163009690882,0.04663764630290576,0.1010561922086273
SPY__momentum_60__always__h5__half__horizon__notional_cap_1,SPY,momentum_60,always,5,half,horizon,notional_cap_1,false,false,false,true,true,false,0.025310252433298045,0.008073327437027973,0.014573414247143566,-0.002553935530100705,0.028330055523151796,0.011607309665879367,0.1359300476947536
SPY__momentum_60__always__h5__half__horizon__vol_target_10,SPY,momentum_60,always,5,half,horizon,vol_target_10,false,false,false,true,true,false,0.029432961902908984,0.01256520814747576,0.014014005834970018,-0.0030565107604357765,0.038436792038075374,0.021944696692790658,0.1354725708125281
SPY__momentum_60__always__h5__half__signal_flip__notional_cap_1,SPY,momentum_60,always,5,half,signal_flip,notional_cap_1,false,false,false,true,true,false,0.027108407350259676,0.009705115769590038,0.007670795584898954,-0.009856605856203541,0.03169427652344171,0.014548135152877738,0.13910969793322733
SPY__momentum_60__always__h5__half__signal_flip__vol_target_10,SPY,momentum_60,always,5,half,signal_flip,vol_target_10,false,false,false,true,true,false,0.028465624754781177,0.011449079736280895,0.007465225824007476,-0.00999427045521829,0.028790472839867916,0.011931669180668143,0.13856522643359354
SPY__momentum_60__always__h5__unit__horizon__notional_cap_1,SPY,momentum_60,always,5,unit,horizon,notional_cap_1,false,false,false,true,true,false,0.039511690527894085,0.005026242198442964,0.02237304013642836,-0.01188198695347079,0.04139525547893516,0.007957372208827987,0.2718600953895072
SPY__momentum_60__always__h5__unit__horizon__vol_target_10,SPY,momentum_60,always,5,unit,horizon,vol_target_10,false,false,false,true,true,false,0.03470846877236522,0.006721084559368231,0.014696743090254953,-0.016530291385511042,0.0611315453951686,0.0345528680169191,0.24775831720059865
SPY__momentum_60__always__h5__unit__signal_flip__notional_cap_1,SPY,momentum_60,always,5,unit,signal_flip,notional_cap_1,false,false,false,true,true,false,0.0439830439705753,0.009165904137963005,0.009157414454063682,-0.025896547431172978,0.052304896236851486,0.01797470277367356,0.27821939586645467
SPY__momentum_60__always__h5__unit__signal_flip__vol_target_10,SPY,momentum_60,always,5,unit,signal_flip,vol_target_10,false,false,false,true,true,false,0.02992483119950865,0.0017593485643686898,0.011308851204864672,-0.020352195263261777,0.039536626356555124,0.012471918407298582,0.2511735830961375
SPY__momentum_60__trend_100__h20__half__horizon__notional_cap_1,SPY,momentum_60,trend_100,20,half,horizon,notional_cap_1,false,false,false,true,true,false,0.05094590957491768,0.04589586555844104,0.041473636611077565,0.0363591970456386,0.022680084232359076,0.01786532514389233,0.04054054054054054
SPY__momentum_60__trend_100__h20__half__horizon__vol_target_10,SPY,momentum_60,trend_100,20,half,horizon,vol_target_10,false,false,false,true,true,false,0.04884938795612464,0.0437832765205487,0.03906939018948128,0.03392780414335361,0.037770888742076715,0.03288788030122681,0.04076185126014705
SPY__momentum_60__trend_100__h20__half__signal_flip__notional_cap_1,SPY,momentum_60,trend_100,20,half,signal_flip,notional_cap_1,false,false,false,true,true,false,0.053214716699235595,0.046996539870763375,0.024493043086545426,0.01807850648767082,0.04251572234010923,0.03710882919569505,0.05087440381558029
SPY__momentum_60__trend_100__h20__half__signal_flip__vol_target_10,SPY,momentum_60,trend_100,20,half,signal_flip,vol_target_10,false,false,false,true,true,false,0.053140210649900564,0.046939675446532256,0.023123150103684563,0.016691505508795834,0.04206967043731503,0.03665975710364181,0.051013882390149354
SPY__momentum_60__trend_100__h20__unit__horizon__notional_cap_1,SPY,momentum_60,trend_100,20,unit,horizon,notional_cap_1,true,false,false,true,true,false,0.08970390584933946,0.07960041852515477,0.07424807585607546,0.06400653381053585,0.02568009845566853,0.016036324422946224,0.08108108108108109
SPY__momentum_60__trend_100__h20__unit__horizon__vol_target_10,SPY,momentum_60,trend_100,20,unit,horizon,vol_target_10,false,false,false,true,true,false,0.06065877575332519,0.05090380266824182,0.05467345541008249,0.04445678572252887,0.062231068329160276,0.053130583389665795,0.08099950228016169
SPY__momentum_60__trend_100__h20__unit__signal_flip__notional_cap_1,SPY,momentum_60,trend_100,20,unit,signal_flip,notional_cap_1,true,false,false,true,true,false,0.09569271845257143,0.08325312372146404,0.042505129420903974,0.029667332786931795,0.07345854913786168,0.06264814667149272,0.10174880763116058
SPY__momentum_60__trend_100__h20__unit__signal_flip__vol_target_10,SPY,momentum_60,trend_100,20,unit,signal_flip,vol_target_10,false,false,false,true,true,false,0.06927530646959021,0.05799791544642242,0.03721575434437954,0.025045637851339148,0.0630256264662964,0.05335650247452331,0.09652854621156286
SPY__momentum_60__trend_100__h5__half__horizon__notional_cap_1,SPY,momentum_60,trend_100,5,half,horizon,notional_cap_1,false,false,false,true,true,false,0.03683637357121692,0.020017850952425673,0.008123143612841255,-0.008604158682481107,0.058073996045196585,0.04204650428793707,0.1327503974562798
SPY__momentum_60__trend_100__h5__half__horizon__vol_target_10,SPY,momentum_60,trend_100,5,half,horizon,vol_target_10,false,false,false,true,true,false,0.03658882639640897,0.020072007301165862,0.008152745830037613,-0.008514662787127114,0.056122538883983435,0.04024872559915636,0.1322714431525112
SPY__momentum_60__trend_100__h5__half__signal_flip__notional_cap_1,SPY,momentum_60,trend_100,5,half,signal_flip,notional_cap_1,false,false,false,true,true,false,0.030994494400721787,0.013923813351607844,0.0015667578880356496,-0.015459678394619336,0.03818603217402243,0.02193939140474436,0.13513513513513514
SPY__momentum_60__trend_100__h5__half__signal_flip__vol_target_10,SPY,momentum_60,trend_100,5,half,signal_flip,vol_target_10,false,false,false,true,true,false,0.03109154177424068,0.014347804140534385,0.0015964226300774942,-0.01537015568701717,0.03551974764700832,0.019435463937722677,0.13465618083136652
SPY__momentum_60__trend_100__h5__unit__horizon__notional_cap_1,SPY,momentum_60,trend_100,5,unit,horizon,notional_cap_1,false,false,false,true,true,false,0.06418566117228483,0.0305393852666563,0.009832205611937789,-0.023623903410369115,0.105970267169658,0.07391117454443555,0.2655007949125596
SPY__momentum_60__trend_100__h5__unit__horizon__vol_target_10,SPY,momentum_60,trend_100,5,unit,horizon,vol_target_10,false,false,false,true,true,false,0.043700543769459206,0.01603401010767401,0.007972437526213162,-0.022710018737970364,0.07792097184673549,0.052021850020945844,0.24346367205015512
SPY__momentum_60__trend_100__h5__unit__signal_flip__notional_cap_1,SPY,momentum_60,trend_100,5,unit,signal_flip,notional_cap_1,false,false,false,true,true,false,0.052226234556529604,0.018071987181265913,-0.002667950959780752,-0.03671964203634662,0.06655752456254477,0.034022471819295796,0.2702702702702703
SPY__momentum_60__trend_100__h5__unit__signal_flip__vol_target_10,SPY,momentum_60,trend_100,5,unit,signal_flip,vol_target_10,false,false,false,true,true,false,0.03211017399979431,0.004246883067021336,0.0030685249181970995,-0.028012715972972085,0.04721419287286782,0.020990104311080796,0.24659872766586594
TLT__mean_reversion_5__always__h20__half__horizon__notional_cap_1,TLT,mean_reversion_5,always,20,half,horizon,notional_cap_1,false,false,false,true,true,false,0.010472360654436083,0.0051295285251824595,0.0007730861112859363,-0.004537168128614506,-0.05223671283650394,-0.057537380556484136,0.04213036565977742
TLT__mean_reversion_5__always__h20__half__horizon__vol_target_10,TLT,mean_reversion_5,always,20,half,horizon,vol_target_10,false,false,false,true,true,false,0.009176250142436358,0.003774841746229173,0.0007559645165986072,-0.00455872099315365,-0.05674731873278023,-0.06213617222060121,0.04216563323311711
TLT__mean_reversion_5__always__h20__half__signal_flip__notional_cap_1,TLT,mean_reversion_5,always,20,half,signal_flip,notional_cap_1,false,false,false,true,true,false,0.03558276564940375,0.0216336689877801,0.009994002716763355,-0.00338186221774269,-0.011950676321020814,-0.02502321634086898,0.106120826709062
TLT__mean_reversion_5__always__h20__half__signal_flip__vol_target_10,TLT,mean_reversion_5,always,20,half,signal_flip,vol_target_10,false,false,false,true,true,false,0.03230463416306879,0.018715889690757454,0.009970181487624413,-0.0034049111184331253,-0.017835466638528315,-0.030701440847895823,0.10611467046391625
TLT__mean_reversion_5__always__h20__unit__horizon__notional_cap_1,TLT,mean_reversion_5,always,20,unit,horizon,notional_cap_1,false,false,false,true,true,false,0.004507328710460015,-0.006183205104567716,-0.0076923741558099605,-0.018316538969147807,-0.12445433624267706,-0.13504015497633393,0.08426073131955485
TLT__mean_reversion_5__always__h20__unit__horizon__vol_target_10,TLT,mean_reversion_5,always,20,unit,horizon,vol_target_10,false,false,false,true,true,false,0.013960501673427755,0.004128504289096916,0.0028318534973533066,-0.007856027069362136,-0.08047829133782847,-0.08953635366926839,0.08475427272045245
TLT__mean_reversion_5__always__h20__unit__signal_flip__notional_cap_1,TLT,mean_reversion_5,always,20,unit,signal_flip,notional_cap_1,true,false,false,true,true,false,0.06281121094198626,0.034885022970988375,0.015029212774843662,-0.011731798632496874,-0.03748873390093507,-0.06363739954471564,0.212241653418124
TLT__mean_reversion_5__always__h20__unit__signal_flip__vol_target_10,TLT,mean_reversion_5,always,20,unit,signal_flip,vol_target_10,false,false,false,true,true,false,0.04275112402554018,0.02230321074470642,0.017051068315564348,-0.006416495889614984,-0.02363797236160793,-0.04215330826425929,0.18610474904277982
TLT__mean_reversion_5__always__h5__half__horizon__notional_cap_1,TLT,mean_reversion_5,always,5,half,horizon,notional_cap_1,false,false,false,true,true,false,0.036818626227107375,0.022451205699452102,0.003311758930870401,-0.011071143185257043,-0.049762158199656174,-0.06483202907406665,0.11406995230524643
TLT__mean_reversion_5__always__h5__half__horizon__vol_target_10,TLT,mean_reversion_5,always,5,half,horizon,vol_target_10,false,false,false,true,true,false,0.03221218261428596,0.018135980686018707,0.0032865171157212786,-0.011095806887756632,-0.052024442319152445,-0.06689087192897546,0.11406534140477323
TLT__mean_reversion_5__always__h5__half__signal_flip__notional_cap_1,TLT,mean_reversion_5,always,5,half,signal_flip,notional_cap_1,false,false,false,true,true,false,0.024026615195624303,0.006823492315389142,0.00036066681670505205,-0.017223792966882392,-0.00742753106019395,-0.02555441431175438,0.13950715421303655
TLT__mean_reversion_5__always__h5__half__signal_flip__vol_target_10,TLT,mean_reversion_5,always,5,half,signal_flip,vol_target_10,false,false,false,true,true,false,0.021247500281195555,0.004513833566744497,0.0003368484115306948,-0.017246837966198737,-0.010957101135997621,-0.028767707032010113,0.1395009979678908
TLT__mean_reversion_5__always__h5__unit__horizon__notional_cap_1,TLT,mean_reversion_5,always,5,unit,horizon,notional_cap_1,false,false,false,true,true,false,0.0629387830541255,0.03417373670509384,0.0003457575040859348,-0.028440222979501713,-0.11382475680498397,-0.1439563865665368,0.22813990461049286
TLT__mean_reversion_5__always__h5__unit__horizon__vol_target_10,TLT,mean_reversion_5,always,5,unit,horizon,vol_target_10,false,false,false,true,true,false,0.03820214074596278,0.016674868777043855,0.01152020093912288,-0.013913974873327357,-0.06598447868233581,-0.08716073850915065,0.20162947748497062
TLT__mean_reversion_5__always__h5__unit__signal_flip__notional_cap_1,TLT,mean_reversion_5,always,5,unit,signal_flip,notional_cap_1,false,false,false,true,true,false,0.040505414424881675,0.006071730850960933,-0.0038234917156916284,-0.03900552798835616,-0.02716768862869292,-0.06341766996561823,0.2790143084260731
TLT__mean_reversion_5__always__h5__unit__signal_flip__vol_target_10,TLT,mean_reversion_5,always,5,unit,signal_flip,vol_target_10,false,false,false,true,true,false,0.030118433074179208,0.005301030344992845,0.003139311286425587,-0.027160597119888812,-0.01326331963301786,-0.038280197510298944,0.2403196497277476
TLT__mean_reversion_5__trend_100__h20__half__horizon__notional_cap_1,TLT,mean_reversion_5,trend_100,20,half,horizon,notional_cap_1,false,false,false,true,true,false,0.013983594069901902,0.010725815364987023,0.010823326261274115,0.007115274644890566,0.009654467091297364,0.007106628122565513,0.029411764705882353
TLT__mean_reversion_5__trend_100__h20__half__horizon__vol_target_10,TLT,mean_reversion_5,trend_100,20,half,horizon,vol_target_10,false,false,false,true,true,false,0.011736053245918279,0.008473902203847987,0.010823326261274115,0.007115274644890566,0.0031644341791756824,0.000610756585481851,0.029411764705882353
TLT__mean_reversion_5__trend_100__h20__half__signal_flip__notional_cap_1,TLT,mean_reversion_5,trend_100,20,half,signal_flip,notional_cap_1,false,false,false,true,true,false,0.034091846599225165,0.02591370845941369,-0.001967088864926442,-0.010834322339770028,-0.0009458224699078681,-0.006254771817906931,0.07034976152623211
TLT__mean_reversion_5__trend_100__h20__half__signal_flip__vol_target_10,TLT,mean_reversion_5,trend_100,20,half,signal_flip,vol_target_10,false,false,false,true,true,false,0.03094121846666469,0.02307547368341163,-0.001967088864926442,-0.010834322339770028,-0.007374838209089037,-0.01256175568574634,0.07034976152623211
TLT__mean_reversion_5__trend_100__h20__unit__horizon__notional_cap_1,TLT,mean_reversion_5,trend_100,20,unit,horizon,notional_cap_1,false,false,false,true,true,false,0.01750404250477331,0.010981536956636978,0.015502192167513074,0.008081750407861235,0.008825579017017932,0.0037423312501986376,0.058823529411764705
TLT__mean_reversion_5__trend_100__h20__unit__horizon__vol_target_10,TLT,mean_reversion_5,trend_100,20,unit,horizon,vol_target_10,false,false,false,true,true,false,0.016313498160704095,0.010330956855897844,0.02264539301939049,0.015164688686366796,-0.0021841603964337236,-0.006631379998307463,0.0593297132923406
TLT__mean_reversion_5__trend_100__h20__unit__signal_flip__notional_cap_1,TLT,mean_reversion_5,trend_100,20,unit,signal_flip,notional_cap_1,true,true,false,true,true,false,0.06349616255584146,0.04713857688401282,-0.007062275968449624,-0.024803069963213454,-0.0081131626936219,-0.01873210793935423,0.14069952305246422
TLT__mean_reversion_5__trend_100__h20__unit__signal_flip__vol_target_10,TLT,mean_reversion_5,trend_100,20,unit,signal_flip,vol_target_10,false,false,false,true,true,false,0.03899538595411516,0.026958850822679188,0.0019010311151737664,-0.013725651285114254,-0.00999628149211257,-0.01722701473076547,0.12399665354657542
TLT__mean_reversion_5__trend_100__h5__half__horizon__notional_cap_1,TLT,mean_reversion_5,trend_100,5,half,horizon,notional_cap_1,false,false,false,true,true,false,0.03378423187161698,0.02585241085211148,-0.005950356916272942,-0.01511951170558223,-0.02900997357828524,-0.03451716320723942,0.07273449920508744
TLT__mean_reversion_5__trend_100__h5__half__horizon__vol_target_10,TLT,mean_reversion_5,trend_100,5,half,horizon,vol_target_10,false,false,false,true,true,false,0.030168516473309308,0.022471515967767444,-0.005950356916272942,-0.01511951170558223,-0.0318181948553601,-0.03721897657371329,0.07273449920508744
TLT__mean_reversion_5__trend_100__h5__half__signal_flip__notional_cap_1,TLT,mean_reversion_5,trend_100,5,half,signal_flip,notional_cap_1,false,false,false,true,true,false,0.022987327014515575,0.013393271511296472,-0.006168882996967279,-0.01714259262998708,-0.01354053912316514,-0.02015171533516397,0.0870429252782194
TLT__mean_reversion_5__trend_100__h5__half__signal_flip__vol_target_10,TLT,mean_reversion_5,trend_100,5,half,signal_flip,vol_target_10,false,false,false,true,true,false,0.020693508143055896,0.011498142980371438,-0.006168882996967279,-0.01714259262998708,-0.017012997475309818,-0.02348400708167635,0.0870429252782194
TLT__mean_reversion_5__trend_100__h5__unit__horizon__notional_cap_1,TLT,mean_reversion_5,trend_100,5,unit,horizon,notional_cap_1,true,false,false,true,true,false,0.061863504969912234,0.04599052552765186,-0.015936343404360127,-0.03428386876191523,-0.06395722340694064,-0.07496849384644574,0.14546899841017488
TLT__mean_reversion_5__trend_100__h5__unit__horizon__vol_target_10,TLT,mean_reversion_5,trend_100,5,unit,horizon,vol_target_10,false,false,false,true,true,false,0.0363268395456974,0.024277207910556868,-0.0026736142138485716,-0.018864566509389814,-0.04299107130411974,-0.05065790019648538,0.12843778973125625
TLT__mean_reversion_5__trend_100__h5__unit__signal_flip__notional_cap_1,TLT,mean_reversion_5,trend_100,5,unit,signal_flip,notional_cap_1,false,false,false,true,true,false,0.04205981666733425,0.022875647634590303,-0.01470730941235234,-0.036667330774320245,-0.03260373677882907,-0.04582745593525045,0.1740858505564388
TLT__mean_reversion_5__trend_100__h5__unit__signal_flip__vol_target_10,TLT,mean_reversion_5,trend_100,5,unit,signal_flip,vol_target_10,false,false,false,true,true,false,0.02852291186785795,0.014638550405541892,-0.004311228611054159,-0.023269253528104536,-0.023548143798966175,-0.03242878096420168,0.1503844784378437
TLT__momentum_20__always__h20__half__horizon__notional_cap_1,TLT,momentum_20,always,20,half,horizon,notional_cap_1,false,false,false,true,true,false,0.011607632820987604,0.007014064960797747,0.016971763197012914,0.012317666239316866,-0.006733904922788339,-0.010645267530209678,0.03696343402225755
TLT__momentum_20__always__h20__half__horizon__vol_target_10,TLT,momentum_20,always,20,half,horizon,vol_target_10,false,false,false,true,true,false,0.00849412596190257,0.003843106978490474,0.0169546383382044,0.012296109114108816,-0.007633379650256148,-0.011600652708929368,0.03699870159559724
TLT__momentum_20__always__h20__half__signal_flip__notional_cap_1,TLT,momentum_20,always,20,half,signal_flip,notional_cap_1,false,false,false,true,true,false,0.017760788894006285,0.009732289437304106,0.017972902768911704,0.011117946727535454,-0.002407806083940824,-0.00922255645506255,0.05445151033386327
TLT__momentum_20__always__h20__half__signal_flip__vol_target_10,TLT,momentum_20,always,20,half,signal_flip,vol_target_10,false,false,false,true,true,false,0.014372214598614277,0.006444054913582784,0.017981857880694774,0.011128517059231343,-0.005516502124404596,-0.012202239352340685,0.05443873523999654
TLT__momentum_20__always__h20__unit__horizon__notional_cap_1,TLT,momentum_20,always,20,unit,horizon,notional_cap_1,false,false,false,true,true,false,0.009837127310441028,0.0006416638167014745,0.025905014632249333,0.016603412175074047,-0.028314207926447666,-0.03614725772020296,0.0739268680445151
TLT__momentum_20__always__h20__unit__horizon__vol_target_10,TLT,momentum_20,always,20,unit,horizon,vol_target_10,false,false,false,true,true,false,0.017300069717412776,0.008797685939684387,0.031062215411832423,0.02160624775652486,-0.013745404170484636,-0.020318510633934833,0.07503337708509768
TLT__momentum_20__always__h20__unit__signal_flip__notional_cap_1,TLT,momentum_20,always,20,unit,signal_flip,notional_cap_1,false,false,false,true,true,false,0.02580281385417109,0.009710008080342534,0.030065420296632756,0.01636737673526132,-0.01572569810364901,-0.029363077966514273,0.10890302066772654
TLT__momentum_20__always__h20__unit__signal_flip__vol_target_10,TLT,momentum_20,always,20,unit,signal_flip,vol_target_10,false,false,false,true,true,false,0.018159135169007065,0.005410258971228116,0.03218633300685382,0.01941605011518778,-0.012128513696477987,-0.02199968237394471,0.10143261698928337
TLT__momentum_20__always__h5__half__horizon__notional_cap_1,TLT,momentum_20,always,5,half,horizon,notional_cap_1,false,false,false,true,true,false,0.01029974580284963,-0.003319233971821561,0.022795145884276738,0.009323660845455018,-0.01258090558077914,-0.02380590002989905,0.10691573926868045
TLT__momentum_20__always__h5__half__horizon__vol_target_10,TLT,momentum_20,always,5,half,horizon,vol_target_10,false,false,false,true,true,false,0.0074005928535779844,-0.005938439445006752,0.02280184505651197,0.009327737655597548,-0.01408188192802072,-0.024966269620680326,0.10693668640348082
TLT__momentum_20__always__h5__half__signal_flip__notional_cap_1,TLT,momentum_20,always,5,half,signal_flip,notional_cap_1,false,false,false,true,true,false,0.004699755449733578,-0.010044557759876983,0.015506916449132546,0.0013374688942200102,0.018471000765111587,0.006149563347630705,0.11248012718600954
TLT__momentum_20__always__h5__half__signal_flip__vol_target_10,TLT,momentum_20,always,5,half,signal_flip,vol_target_10,false,false,false,true,true,false,0.0015218468892345119,-0.012859281945485428,0.015515871266637475,0.0013480379717810864,0.012642457288666694,0.0007085381650699853,0.1124673520921428
TLT__momentum_20__always__h5__unit__horizon__notional_cap_1,TLT,momentum_20,always,5,unit,horizon,notional_cap_1,false,false,false,true,true,false,0.010765560694842732,-0.016507709397219485,0.04004661851325983,0.013103444653680449,-0.036585816281781244,-0.059050181995589965,0.2138314785373609
TLT__momentum_20__always__h5__unit__horizon__vol_target_10,TLT,momentum_20,always,5,unit,horizon,vol_target_10,false,false,false,true,true,false,0.013059327011421889,-0.008195069192184158,0.0398743719662498,0.015711477280632526,-0.021070199832572446,-0.03677745049836855,0.19184719877853995
TLT__momentum_20__always__h5__unit__signal_flip__notional_cap_1,TLT,momentum_20,always,5,unit,signal_flip,notional_cap_1,false,false,false,true,true,false,0.0006535198121796308,-0.028868103887189744,0.025821195208295213,-0.002511602960480499,0.027119173171733915,0.002472533199743644,0.22496025437201908
TLT__momentum_20__always__h5__unit__signal_flip__vol_target_10,TLT,momentum_20,always,5,unit,signal_flip,vol_target_10,false,false,false,true,true,false,0.000670431143075037,-0.021805782883504855,0.02576599348936004,0.0006122603724291837,0.00807693929851033,-0.008953535701887418,0.19974746325525472
TLT__momentum_20__trend_100__h20__half__horizon__notional_cap_1,TLT,momentum_20,trend_100,20,half,horizon,notional_cap_1,false,false,false,true,true,false,0.018579309804585213,0.014732763730893581,0.01402357771364083,0.010067153398195241,0.01034085717171056,0.0075923253296761835,0.031399046104928455
TLT__momentum_20__trend_100__h20__half__horizon__vol_target_10,TLT,momentum_20,trend_100,20,half,horizon,vol_target_10,false,false,false,true,true,false,0.016641214679023124,0.01276169452292217,0.01402357771364083,0.010067153398195241,0.002672895273860872,-7.877897756116033e-5,0.031399046104928455
TLT__momentum_20__trend_100__h20__half__signal_flip__notional_cap_1,TLT,momentum_20,trend_100,20,half,signal_flip,notional_cap_1,false,false,false,true,true,false,0.01632720507403343,0.010802724270312699,0.010973373030629095,0.005614444897585582,-0.00033384614392564186,-0.004837300097137726,0.042527821939586645
TLT__momentum_20__trend_100__h20__half__signal_flip__vol_target_10,TLT,momentum_20,trend_100,20,half,signal_flip,vol_target_10,false,false,false,true,true,false,0.01314452177533611,0.007689412238879145,0.010973373030629095,0.005614444897585582,-0.0031880752547933534,-0.007589916755526396,0.042527821939586645
TLT__momentum_20__trend_100__h20__unit__horizon__notional_cap_1,TLT,momentum_20,trend_100,20,unit,horizon,notional_cap_1,false,false,false,true,true,false,0.0250191968342351,0.01730983373152157,0.021285058072369942,0.013371920429029564,0.009210392120864552,0.003725008790882861,0.06279809220985691
TLT__momentum_20__trend_100__h20__unit__horizon__vol_target_10,TLT,momentum_20,trend_100,20,unit,horizon,vol_target_10,false,false,false,true,true,false,0.028120823960026214,0.021009939306153427,0.028607501108335355,0.020553031324924028,-0.0019098966667440544,-0.006662877261240631,0.06383069913713471
TLT__momentum_20__trend_100__h20__unit__signal_flip__notional_cap_1,TLT,momentum_20,trend_100,20,unit,signal_flip,notional_cap_1,false,false,false,true,true,false,0.024218634865670108,0.01313528118721104,0.016795078767985736,0.006076377364587528,-0.009546017326100005,-0.0185455247128752,0.08505564387917329
TLT__momentum_20__trend_100__h20__unit__signal_flip__vol_target_10,TLT,momentum_20,trend_100,20,unit,signal_flip,vol_target_10,false,false,false,true,true,false,0.019438558198658973,0.010460666166138034,0.0184930068947797,0.00837728709230201,-0.00387919795836488,-0.01046587420502375,0.08020123972290741
TLT__momentum_20__trend_100__h5__half__horizon__notional_cap_1,TLT,momentum_20,trend_100,5,half,horizon,notional_cap_1,false,false,false,true,true,false,0.0025137096245373665,-0.0084327199184537,0.007638671961958478,-0.0036321288748302387,0.015739856629303484,0.008030164970632098,0.08942766295707472
TLT__momentum_20__trend_100__h5__half__horizon__vol_target_10,TLT,momentum_20,trend_100,5,half,horizon,vol_target_10,false,false,false,true,true,false,-0.00017687731933628981,-0.010851652503428634,0.007638671961958478,-0.0036321288748302387,0.008252256457041104,0.0008172654930252714,0.08942766295707472
TLT__momentum_20__trend_100__h5__half__signal_flip__notional_cap_1,TLT,momentum_20,trend_100,5,half,signal_flip,notional_cap_1,false,false,false,true,true,false,0.0050742097333996055,-0.006417480175313686,0.0053294338772125315,-0.00654222083221848,0.0139353833249707,0.0054209791333626215,0.09419713831478538
TLT__momentum_20__trend_100__h5__half__signal_flip__vol_target_10,TLT,momentum_20,trend_100,5,half,signal_flip,vol_target_10,false,false,false,true,true,false,0.0021120821615446556,-0.009053353209114831,0.0053294338772125315,-0.00654222083221848,0.007995520401613805,-0.00021417092376941086,0.09419713831478538
TLT__momentum_20__trend_100__h5__unit__horizon__notional_cap_1,TLT,momentum_20,trend_100,5,unit,horizon,notional_cap_1,false,false,false,true,true,false,-0.003305500574698238,-0.025228967091033342,0.010546128229392455,-0.01200130405257956,0.022750602987802026,0.00733631965995275,0.17885532591414943
TLT__momentum_20__trend_100__h5__unit__horizon__vol_target_10,TLT,momentum_20,trend_100,5,unit,horizon,vol_target_10,false,false,false,true,true,false,0.0010289798544144439,-0.01602896703185362,0.011398890318212637,-0.00882068639007028,0.0019323833329257835,-0.008842234621918587,0.16040969552515505
TLT__momentum_20__trend_100__h5__unit__signal_flip__notional_cap_1,TLT,momentum_20,trend_100,5,unit,signal_flip,notional_cap_1,false,false,false,true,true,false,0.0026227939004856704,-0.020396945866817805,0.00627846364875528,-0.01747047633364283,0.02042347288652819,0.0033928831471229173,0.18839427662957076
TLT__momentum_20__trend_100__h5__unit__signal_flip__vol_target_10,TLT,momentum_20,trend_100,5,unit,signal_flip,vol_target_10,false,false,false,true,true,false,0.004387958824439599,-0.01321311680002542,0.006072960545224716,-0.01491718228626356,0.004574248031560245,-0.007178127113037768,0.16652412766142138
TLT__momentum_60__always__h20__half__horizon__notional_cap_1,TLT,momentum_60,always,20,half,horizon,notional_cap_1,false,false,false,true,true,false,0.006524170711422293,0.002187129888415955,0.02358434238464446,0.01897369930404146,-0.00594166617043958,-0.009500861619184795,0.03656597774244833
TLT__momentum_60__always__h20__half__horizon__vol_target_10,TLT,momentum_60,always,20,half,horizon,vol_target_10,false,false,false,true,true,false,0.003638529646415781,-0.0007152345597963121,0.02358434238464446,0.01897369930404146,-0.012684931077248726,-0.01626071848672668,0.03656597774244833
TLT__momentum_60__always__h20__half__signal_flip__notional_cap_1,TLT,momentum_60,always,20,half,signal_flip,notional_cap_1,false,false,false,true,true,false,0.015599528801751764,0.009164561686014393,0.022961044320895917,0.01599603466224066,-0.020623097322355066,-0.02612758577243494,0.055246422893481716
TLT__momentum_60__always__h20__half__signal_flip__vol_target_10,TLT,momentum_60,always,20,half,signal_flip,vol_target_10,false,false,false,true,true,false,0.012668599388610528,0.006262173869996001,0.022961044320895917,0.01599603466224066,-0.02158251846781852,-0.027053470328418577,0.055246422893481716
TLT__momentum_60__always__h20__unit__horizon__notional_cap_1,TLT,momentum_60,always,20,unit,horizon,notional_cap_1,false,false,false,true,true,false,-0.00021028139272113305,-0.008880298989382238,0.03958546174843494,0.030357515817119932,-0.025737593139627916,-0.03286308717626219,0.07313195548489666
TLT__momentum_60__always__h20__unit__horizon__vol_target_10,TLT,momentum_60,always,20,unit,horizon,vol_target_10,false,false,false,true,true,false,0.009039896049732921,0.0009558940922043575,0.03990197931178947,0.030548571698662368,-0.015133766266301236,-0.021343786908154166,0.07416608337162367
TLT__momentum_60__always__h20__unit__signal_flip__notional_cap_1,TLT,momentum_60,always,20,unit,signal_flip,notional_cap_1,false,false,false,true,true,false,0.019845829114292172,0.006956291777170519,0.03910386249821047,0.025165922432746856,-0.05196954032280636,-0.06297000604681424,0.11049284578696343
TLT__momentum_60__always__h20__unit__signal_flip__vol_target_10,TLT,momentum_60,always,20,unit,signal_flip,vol_target_10,false,false,false,true,true,false,0.01915038266578742,0.008016727024371019,0.03790677463148875,0.024497771493648277,-0.024242106521496772,-0.032543918183065915,0.10636087858191641
TLT__momentum_60__always__h5__half__horizon__notional_cap_1,TLT,momentum_60,always,5,half,horizon,notional_cap_1,false,false,false,true,true,false,0.022614539163306992,0.009175397843914728,0.02720065024499437,0.012321202036779434,-0.0028643185797517234,-0.012683536659049475,0.11804451510333863
TLT__momentum_60__always__h5__half__horizon__vol_target_10,TLT,momentum_60,always,5,half,horizon,vol_target_10,false,false,false,true,true,false,0.020705053378231916,0.007610539045315659,0.02720065024499437,0.012321202036779434,-0.01011423186660343,-0.019642580506932385,0.11804451510333863
TLT__momentum_60__always__h5__half__signal_flip__notional_cap_1,TLT,momentum_60,always,5,half,signal_flip,notional_cap_1,false,false,false,true,true,false,0.01835284972795772,0.003988851471068573,0.018055365059971455,0.00217717730112116,-0.021612804591272818,-0.0327242889977027,0.12599364069952304
TLT__momentum_60__always__h5__half__signal_flip__vol_target_10,TLT,momentum_60,always,5,half,signal_flip,vol_target_10,false,false,false,true,true,false,0.016507004825348344,0.0024907227258490544,0.018055365059971455,0.00217717730112116,-0.025152917358122116,-0.03597680943063053,0.12599364069952304
TLT__momentum_60__always__h5__unit__horizon__notional_cap_1,TLT,momentum_60,always,5,unit,horizon,notional_cap_1,false,false,false,true,true,false,0.034773499699585694,0.007885808594202088,0.04793939271288696,0.018168817686068588,-0.016197398325366014,-0.03584311007021996,0.23608903020667726
TLT__momentum_60__always__h5__unit__horizon__vol_target_10,TLT,momentum_60,always,5,unit,horizon,vol_target_10,false,false,false,true,true,false,0.033983936496220814,0.013017205116051306,0.04326511136349909,0.016576483932428818,-0.013990864114364513,-0.02773775320709817,0.21163761746660825
TLT__momentum_60__always__h5__unit__signal_flip__notional_cap_1,TLT,momentum_60,always,5,unit,signal_flip,notional_cap_1,false,false,false,true,true,false,0.02659780950785763,-0.0021535477581095183,0.030027085041158155,-0.0017352685379631895,-0.053355285137746115,-0.07556592864581857,0.2519872813990461
TLT__momentum_60__always__h5__unit__signal_flip__vol_target_10,TLT,momentum_60,always,5,unit,signal_flip,vol_target_10,false,false,false,true,true,false,0.02511671049843968,0.0026371468415827895,0.027044883404326717,-0.001426200621048263,-0.02878501598544641,-0.04418161217808753,0.2258489764080951
TLT__momentum_60__trend_100__h20__half__horizon__notional_cap_1,TLT,momentum_60,trend_100,20,half,horizon,notional_cap_1,false,false,false,true,true,false,0.00624113468711377,0.0022325916084256284,0.026656233204529547,0.022393530612982746,-0.01102066562674138,-0.014029141921380751,0.033783783783783786
TLT__momentum_60__trend_100__h20__half__horizon__vol_target_10,TLT,momentum_60,trend_100,20,half,horizon,vol_target_10,false,false,false,true,true,false,0.003969744167755152,-6.2471610792968e-5,0.026656233204529547,0.022393530612982746,-0.018316206375527028,-0.021331286927964925,0.033783783783783786
TLT__momentum_60__trend_100__h20__half__signal_flip__notional_cap_1,TLT,momentum_60,trend_100,20,half,signal_flip,notional_cap_1,false,false,false,true,true,false,0.008083274583679863,0.0027300904022229035,0.019624130995936767,0.014061261246638708,-0.02723118951054903,-0.03153979142038812,0.04411764705882353
TLT__momentum_60__trend_100__h20__half__signal_flip__vol_target_10,TLT,momentum_60,trend_100,20,half,signal_flip,vol_target_10,false,false,false,true,true,false,0.005642860336714157,0.00030884417299234957,0.019624130995936767,0.014061261246638708,-0.02794091742758904,-0.032224334894361335,0.04411764705882353
TLT__momentum_60__trend_100__h20__unit__horizon__notional_cap_1,TLT,momentum_60,trend_100,20,unit,horizon,notional_cap_1,false,false,false,true,true,false,-0.00020358575485585756,-0.008227162043118349,0.046281749988229814,0.037744453135556126,-0.03413286918423077,-0.040157235412072834,0.06756756756756757
TLT__momentum_60__trend_100__h20__unit__horizon__vol_target_10,TLT,momentum_60,trend_100,20,unit,horizon,vol_target_10,false,false,false,true,true,false,0.010238696895790336,0.0027866584135353683,0.04503876050342015,0.03641028200074099,-0.026670104208371022,-0.03188178373229418,0.06834555243627746
TLT__momentum_60__trend_100__h20__unit__signal_flip__notional_cap_1,TLT,momentum_60,trend_100,20,unit,signal_flip,notional_cap_1,false,false,false,true,true,false,0.005066030785050909,-0.005665911238790167,0.03282623145592552,0.021692399517556832,-0.06493873896429428,-0.0735594741076252,0.08823529411764706
TLT__momentum_60__trend_100__h20__unit__signal_flip__vol_target_10,TLT,momentum_60,trend_100,20,unit,signal_flip,vol_target_10,false,false,false,true,true,false,0.01030225018337451,0.0010493851210549854,0.03197734554835153,0.021233829973376223,-0.03268486921486163,-0.03921798405836645,0.08519996920631558
TLT__momentum_60__trend_100__h5__half__horizon__notional_cap_1,TLT,momentum_60,trend_100,5,half,horizon,notional_cap_1,false,false,false,true,true,false,0.02124389308076083,0.008805292924589234,0.01425141908710069,0.0005745314199982958,-0.004031964098296367,-0.012752154332387695,0.10850556438791734
TLT__momentum_60__trend_100__h5__half__horizon__vol_target_10,TLT,momentum_60,trend_100,5,half,horizon,vol_target_10,false,false,false,true,true,false,0.018740145142112426,0.006643408614201593,0.01425141908710069,0.0005745314199982958,-0.011133833466177197,-0.01957783828177768,0.10850556438791734
TLT__momentum_60__trend_100__h5__half__signal_flip__notional_cap_1,TLT,momentum_60,trend_100,5,half,signal_flip,notional_cap_1,false,false,false,true,true,false,0.011690724980149308,-0.000999766767880406,0.006183849600577818,-0.007988939160880129,-0.025387281898190662,-0.03459477384305144,0.11248012718600954
TLT__momentum_60__trend_100__h5__half__signal_flip__vol_target_10,TLT,momentum_60,trend_100,5,half,signal_flip,vol_target_10,false,false,false,true,true,false,0.009139675259533072,-0.0032165135608149707,0.006183849600577818,-0.007988939160880129,-0.029174717203848833,-0.03811979361253512,0.11248012718600954
TLT__momentum_60__trend_100__h5__unit__horizon__notional_cap_1,TLT,momentum_60,trend_100,5,unit,horizon,notional_cap_1,false,false,false,true,true,false,0.03264869020383822,0.007760514744714786,0.02274529479037434,-0.004618853652280045,-0.017654679922596946,-0.03510777790188753,0.21701112877583467
TLT__momentum_60__trend_100__h5__unit__horizon__vol_target_10,TLT,momentum_60,trend_100,5,unit,horizon,vol_target_10,false,false,false,true,true,false,0.030051302692833196,0.010835589458339595,0.020545011158568365,-0.003823843309532617,-0.020194280467465384,-0.03242636003264687,0.1932302255460818
TLT__momentum_60__trend_100__h5__unit__signal_flip__notional_cap_1,TLT,momentum_60,trend_100,5,unit,signal_flip,notional_cap_1,false,false,false,true,true,false,0.013833342304703452,-0.011561737270196847,0.006801732265586757,-0.021544430729370602,-0.0602275377676432,-0.07862825276489233,0.22496025437201908
TLT__momentum_60__trend_100__h5__unit__signal_flip__vol_target_10,TLT,momentum_60,trend_100,5,unit,signal_flip,vol_target_10,false,false,false,true,true,false,0.013743379498588107,-0.0059378831726821756,0.011023344180589758,-0.014191682466684091,-0.03916437457435824,-0.05193637674895422,0.2000670337546804
UNG__mean_reversion_5__always__h20__half__horizon__notional_cap_1,UNG,mean_reversion_5,always,20,half,horizon,notional_cap_1,false,false,false,true,true,false,-0.24103958265560235,-0.24653925422712292,-0.10074359666524901,-0.10613629254950863,-0.18217703326317874,-0.18756471186464302,0.04292527821939587
UNG__mean_reversion_5__always__h20__half__horizon__vol_target_10,UNG,mean_reversion_5,always,20,half,horizon,vol_target_10,false,false,false,true,true,false,-0.11566275332781017,-0.11981556340003117,-0.031716563572554854,-0.0359873475820196,-0.014637033114069031,-0.017372464404282282,0.03394372175763628
UNG__mean_reversion_5__always__h20__half__signal_flip__notional_cap_1,UNG,mean_reversion_5,always,20,half,signal_flip,notional_cap_1,false,false,false,true,true,false,-0.11902512915167901,-0.13149345362801246,-0.08577895706145315,-0.09855857506306763,-0.07163632068909671,-0.08321597185955805,0.10174880763116058
UNG__mean_reversion_5__always__h20__half__signal_flip__vol_target_10,UNG,mean_reversion_5,always,20,half,signal_flip,vol_target_10,false,false,false,true,true,false,-0.058492883439418275,-0.0659434700347654,-0.02530625809524823,-0.033699125670314495,0.005476790702893133,0.0007258863011711213,0.06672543866252978
UNG__mean_reversion_5__always__h20__unit__horizon__notional_cap_1,UNG,mean_reversion_5,always,20,unit,horizon,notional_cap_1,false,false,false,true,true,false,-0.5940511041323427,-0.605035220882001,-0.3035085043080544,-0.3142621177338051,-0.6205953254215535,-0.6313288697161229,0.08585055643879173
UNG__mean_reversion_5__always__h20__unit__horizon__vol_target_10,UNG,mean_reversion_5,always,20,unit,horizon,vol_target_10,false,false,false,true,true,false,-0.11576006808560335,-0.11991663075504216,-0.034940278158539256,-0.03944684101201786,-0.014546844975100578,-0.017291478163897336,0.03580993543424927
UNG__mean_reversion_5__always__h20__unit__signal_flip__notional_cap_1,UNG,mean_reversion_5,always,20,unit,signal_flip,notional_cap_1,false,false,false,true,true,false,-0.3082363073351928,-0.33315993636635427,-0.23139889978794265,-0.2568766722713481,-0.2808516452365136,-0.30403352495810465,0.20349761526232116
UNG__mean_reversion_5__always__h20__unit__signal_flip__vol_target_10,UNG,mean_reversion_5,always,20,unit,signal_flip,vol_target_10,false,false,false,true,true,false,-0.058546877727000034,-0.06599969499304836,-0.026559721758487184,-0.035188698964420034,0.005470215648718501,0.0007135479843109593,0.06859361478539874
UNG__mean_reversion_5__always__h5__half__horizon__notional_cap_1,UNG,mean_reversion_5,always,5,half,horizon,notional_cap_1,false,false,false,true,true,false,-0.18895422640044238,-0.20425548301207325,-0.06623053900007,-0.08166758868265139,-0.174992185125225,-0.19041481727629628,0.12281399046104928
UNG__mean_reversion_5__always__h5__half__horizon__vol_target_10,UNG,mean_reversion_5,always,5,half,horizon,vol_target_10,false,false,false,true,true,false,-0.08348357707622531,-0.09286443605519978,-0.020361059037485668,-0.030481581287993144,-0.026269294295407704,-0.03251994485048308,0.08043891898924424
UNG__mean_reversion_5__always__h5__half__signal_flip__notional_cap_1,UNG,mean_reversion_5,always,5,half,signal_flip,notional_cap_1,false,false,false,true,true,false,-0.08293441927850773,-0.1011941029025542,-0.05640010558318169,-0.0744381955663159,-0.05551426361326474,-0.07228260854184124,0.14348171701112877
UNG__mean_reversion_5__always__h5__half__signal_flip__vol_target_10,UNG,mean_reversion_5,always,5,half,signal_flip,vol_target_10,false,false,false,true,true,false,-0.03812696871513539,-0.04886651566560743,-0.008211909391653876,-0.019661944920113264,0.009851867493028906,0.003256347759459168,0.09102573314344306
UNG__mean_reversion_5__always__h5__unit__horizon__notional_cap_1,UNG,mean_reversion_5,always,5,unit,horizon,notional_cap_1,false,false,false,true,true,false,-0.4574045135487892,-0.48798569893571003,-0.20028275377452434,-0.23108182690866552,-0.5133012428856376,-0.5441428048762502,0.24562798092209856
UNG__mean_reversion_5__always__h5__unit__horizon__vol_target_10,UNG,mean_reversion_5,always,5,unit,horizon,vol_target_10,false,false,false,true,true,false,-0.08350746079237897,-0.09289052027673224,-0.022417797894376146,-0.03282354816438195,-0.026271274885501922,-0.03252822945279804,0.08270323754026608
UNG__mean_reversion_5__always__h5__unit__signal_flip__notional_cap_1,UNG,mean_reversion_5,always,5,unit,signal_flip,notional_cap_1,false,false,false,true,true,false,-0.23127495658422925,-0.2677653467095542,-0.1657349978494197,-0.20172996509515204,-0.23845087639264534,-0.2719709969654569,0.28696343402225755
UNG__mean_reversion_5__always__h5__unit__signal_flip__vol_target_10,UNG,mean_reversion_5,always,5,unit,signal_flip,vol_target_10,false,false,false,true,true,false,-0.03815086436177718,-0.04889261253830415,-0.009407276410342752,-0.021122456504788053,0.009845292149606482,0.0032440091651132624,0.09313032426210659
UNG__mean_reversion_5__trend_100__h20__half__horizon__notional_cap_1,UNG,mean_reversion_5,trend_100,20,half,horizon,notional_cap_1,false,false,false,true,true,false,-0.07408672172954682,-0.07583831287983978,-0.08592405788719495,-0.08772815632823486,-0.0875006414626569,-0.08965055483275033,0.014308426073131956
UNG__mean_reversion_5__trend_100__h20__half__horizon__vol_target_10,UNG,mean_reversion_5,trend_100,20,half,horizon,vol_target_10,false,false,false,true,true,false,-0.03931764476038061,-0.04074055788962272,-0.03159047215161013,-0.0329576014223272,-0.008876180742339713,-0.01003545859566213,0.010843962642965867
UNG__mean_reversion_5__trend_100__h20__half__signal_flip__notional_cap_1,UNG,mean_reversion_5,trend_100,20,half,signal_flip,notional_cap_1,false,false,false,true,true,false,-0.03172521689617009,-0.035481023814968565,-0.09990422274927005,-0.10371128887748812,0.03609657364410352,0.03161010576257585,0.030206677265500796
UNG__mean_reversion_5__trend_100__h20__half__signal_flip__vol_target_10,UNG,mean_reversion_5,trend_100,20,half,signal_flip,vol_target_10,false,false,false,true,true,false,-0.02155198254155915,-0.023890576753031554,-0.04019724156389913,-0.04264189283509731,0.01979202874284597,0.017894988343036624,0.0193912056692309
UNG__mean_reversion_5__trend_100__h20__unit__horizon__notional_cap_1,UNG,mean_reversion_5,trend_100,20,unit,horizon,notional_cap_1,false,false,false,true,true,false,-0.17471750148772336,-0.1782192303273058,-0.21024380229599762,-0.21385447268972796,-0.2701165626709773,-0.27440937990333825,0.028616852146263912
UNG__mean_reversion_5__trend_100__h20__unit__horizon__vol_target_10,UNG,mean_reversion_5,trend_100,20,unit,horizon,vol_target_10,false,false,false,true,true,false,-0.03931764476038061,-0.04074055788962272,-0.03317904548633411,-0.03471318872371559,-0.008785998108999778,-0.00995447520188756,0.012166903749194463
UNG__mean_reversion_5__trend_100__h20__unit__signal_flip__notional_cap_1,UNG,mean_reversion_5,trend_100,20,unit,signal_flip,notional_cap_1,false,false,false,true,true,false,-0.07869577089593842,-0.08620906479629788,-0.22188137112426626,-0.22949755296623234,0.02655766500566681,0.017626101905629243,0.06041335453100159
UNG__mean_reversion_5__trend_100__h20__unit__signal_flip__vol_target_10,UNG,mean_reversion_5,trend_100,20,unit,signal_flip,vol_target_10,false,false,false,true,true,false,-0.02160599517988945,-0.023946824111472868,-0.04083624047242394,-0.043415208882303664,0.019785453019351928,0.017882648345092806,0.020450553431383658
UNG__mean_reversion_5__trend_100__h5__half__horizon__notional_cap_1,UNG,mean_reversion_5,trend_100,5,half,horizon,notional_cap_1,false,false,false,true,true,false,-0.05637120554661616,-0.06013248008248704,-0.09665412640978696,-0.10035805211875788,-0.01637791787233257,-0.021290562263531983,0.029411764705882353
UNG__mean_reversion_5__trend_100__h5__half__horizon__vol_target_10,UNG,mean_reversion_5,trend_100,5,half,horizon,vol_target_10,false,false,false,true,true,false,-0.029585089047541886,-0.031907371532988414,-0.04615696687094765,-0.04848182456741701,0.005265120555899587,0.003217247653230614,0.018445096134937243
UNG__mean_reversion_5__trend_100__h5__half__signal_flip__notional_cap_1,UNG,mean_reversion_5,trend_100,5,half,signal_flip,notional_cap_1,false,false,false,true,true,false,-0.009020101837109044,-0.013447589012113317,-0.09293674081903501,-0.09744792023978657,0.022037689559756157,0.016553605792333528,0.03577106518282989
UNG__mean_reversion_5__trend_100__h5__half__signal_flip__vol_target_10,UNG,mean_reversion_5,trend_100,5,half,signal_flip,vol_target_10,true,false,false,true,true,false,-0.004447414951908625,-0.007054798639672857,-0.03931854955820267,-0.04207341394015983,0.015357002852234921,0.013105191086008099,0.021856217525088893
UNG__mean_reversion_5__trend_100__h5__unit__horizon__notional_cap_1,UNG,mean_reversion_5,trend_100,5,unit,horizon,notional_cap_1,false,false,false,true,true,false,-0.1281909599348089,-0.13572612430345796,-0.21206824490782822,-0.21947218303782956,-0.08594370328583271,-0.09577870056446182,0.058823529411764705
UNG__mean_reversion_5__trend_100__h5__unit__horizon__vol_target_10,UNG,mean_reversion_5,trend_100,5,unit,horizon,vol_target_10,false,false,false,true,true,false,-0.029585089047541886,-0.031907371532988414,-0.04785399423261538,-0.050307225239923724,0.005263139435443834,0.0032089602665643364,0.01945537329368154
UNG__mean_reversion_5__trend_100__h5__unit__signal_flip__notional_cap_1,UNG,mean_reversion_5,trend_100,5,unit,signal_flip,notional_cap_1,false,false,false,true,true,false,-0.03014739277889955,-0.03901230836633385,-0.2017599426084135,-0.21079035186534664,0.0075660459973711375,-0.0033528009960077654,0.07154213036565978
UNG__mean_reversion_5__trend_100__h5__unit__signal_flip__vol_target_10,UNG,mean_reversion_5,trend_100,5,unit,signal_flip,vol_target_10,true,true,false,true,true,false,-0.004447414951908625,-0.007054798639672857,-0.04041674725754521,-0.043288620234437976,0.015350427506129326,0.013092851853840343,0.022777283491056798
UNG__momentum_20__always__h20__half__horizon__notional_cap_1,UNG,momentum_20,always,20,half,horizon,notional_cap_1,false,false,false,true,true,false,-0.23514371091747882,-0.23914652724059313,-0.1415966359565471,-0.1455002378415428,0.06259374735475033,0.058816966216680255,0.031001589825119236
UNG__momentum_20__always__h20__half__horizon__vol_target_10,UNG,momentum_20,always,20,half,horizon,vol_target_10,false,false,false,true,true,false,-0.10443281507806634,-0.10734983011480864,-0.06217734001810858,-0.06532721991317382,0.05888764232386151,0.056946986532029606,0.025036582466900423
UNG__momentum_20__always__h20__half__signal_flip__notional_cap_1,UNG,momentum_20,always,20,half,signal_flip,notional_cap_1,false,false,false,true,true,false,-0.10579611316129946,-0.11213247925225175,-0.11201492967560564,-0.12003137170179413,0.009657371521434824,0.0028593038817341515,0.06359300476947535
UNG__momentum_20__always__h20__half__signal_flip__vol_target_10,UNG,momentum_20,always,20,half,signal_flip,vol_target_10,false,false,false,true,true,false,-0.042204788391036065,-0.04587974857711506,-0.049659439486411286,-0.05503234930399983,0.031106126843874433,0.028261495546083204,0.04264089294851813
UNG__momentum_20__always__h20__unit__horizon__notional_cap_1,UNG,momentum_20,always,20,unit,horizon,notional_cap_1,false,false,false,true,true,false,-0.5470100887030274,-0.5550107579689945,-0.35867644525703063,-0.36647845216108343,-0.050313093251904084,-0.05790829411579013,0.06200317965023847
UNG__momentum_20__always__h20__unit__horizon__vol_target_10,UNG,momentum_20,always,20,unit,horizon,vol_target_10,false,false,false,true,true,false,-0.10429776350396218,-0.10722063182158172,-0.06295400792216835,-0.06634718727119493,0.058982570949693745,0.05703089719146559,0.026963257845098648
UNG__momentum_20__always__h20__unit__signal_flip__notional_cap_1,UNG,momentum_20,always,20,unit,signal_flip,notional_cap_1,false,false,false,true,true,false,-0.26197404469817753,-0.27463606535337737,-0.2806543959679233,-0.29669472687076953,-0.11681184618771012,-0.13048265410740312,0.1271860095389507
UNG__momentum_20__always__h20__unit__signal_flip__vol_target_10,UNG,momentum_20,always,20,unit,signal_flip,vol_target_10,false,false,false,true,true,false,-0.042069631759373005,-0.045750450761060844,-0.050829132151243836,-0.05643104677591355,0.03120100714320151,0.028345360514978372,0.04445282974467089
UNG__momentum_20__always__h5__half__horizon__notional_cap_1,UNG,momentum_20,always,5,half,horizon,notional_cap_1,false,false,false,true,true,false,-0.1329527272117846,-0.143074216524399,-0.08928285512996048,-0.10068571210305297,-0.04168411322978091,-0.053462832516880894,0.09062003179650238
UNG__momentum_20__always__h5__half__horizon__vol_target_10,UNG,momentum_20,always,5,half,horizon,vol_target_10,false,false,false,true,true,false,-0.05788210198429931,-0.06374596163115692,-0.041803073002415155,-0.0494207509390351,0.01129019158014825,0.0063913659740969415,0.060549490657320654
UNG__momentum_20__always__h5__half__signal_flip__notional_cap_1,UNG,momentum_20,always,5,half,signal_flip,notional_cap_1,false,false,false,true,true,false,-0.08766067941129742,-0.09868489369248054,-0.09011396869853501,-0.10304449536061752,-0.016268791056811595,-0.028976128066011908,0.10254372019077901
UNG__momentum_20__always__h5__half__signal_flip__vol_target_10,UNG,momentum_20,always,5,half,signal_flip,vol_target_10,false,false,false,true,true,false,-0.03728831463591314,-0.043447633443076616,-0.04280740163016171,-0.05118299636628248,0.02704484554379354,0.02189996707812806,0.06645132960222504
UNG__momentum_20__always__h5__unit__horizon__notional_cap_1,UNG,momentum_20,always,5,unit,horizon,notional_cap_1,false,false,false,true,true,false,-0.31864477639680705,-0.33893735616382087,-0.23903837123526306,-0.2618135511149144,-0.21845574703677006,-0.2420332632948679,0.18124006359300476
UNG__momentum_20__always__h5__unit__horizon__vol_target_10,UNG,momentum_20,always,5,unit,horizon,vol_target_10,false,false,false,true,true,false,-0.05792942739986733,-0.06379875694492042,-0.04426706662225541,-0.0521907624723623,0.011614999650032168,0.00670521596207763,0.06297353518588153
UNG__momentum_20__always__h5__unit__signal_flip__notional_cap_1,UNG,momentum_20,always,5,unit,signal_flip,notional_cap_1,false,false,false,true,true,false,-0.22229244214850052,-0.24436016020038526,-0.23323333425359932,-0.25911442341385305,-0.1526223279792333,-0.17811145344051788,0.20508744038155802
UNG__momentum_20__always__h5__unit__signal_flip__vol_target_10,UNG,momentum_20,always,5,unit,signal_flip,vol_target_10,false,false,false,true,true,false,-0.03733565083726154,-0.043500440654548674,-0.04521444170098808,-0.053898722896900265,0.027369716577982053,0.022213877067263084,0.0688969439660117
UNG__momentum_20__trend_100__h20__half__horizon__notional_cap_1,UNG,momentum_20,trend_100,20,half,horizon,notional_cap_1,false,false,false,true,true,false,-0.10323209278161341,-0.10532176350749653,-0.08797418624334159,-0.09037709093792068,-0.06540164656004673,-0.06817409968555854,0.019077901430842606
UNG__momentum_20__trend_100__h20__half__horizon__vol_target_10,UNG,momentum_20,trend_100,20,half,horizon,vol_target_10,false,false,false,true,true,false,-0.052311891338175626,-0.053935924094847695,-0.03381487059009449,-0.03571227682280906,0.009558902236741763,0.008109932307529686,0.015056796732004996
UNG__momentum_20__trend_100__h20__half__signal_flip__notional_cap_1,UNG,momentum_20,trend_100,20,half,signal_flip,notional_cap_1,false,false,false,true,true,false,-0.05881703107274028,-0.061907397323332086,-0.06099650128354733,-0.064797556910906,-0.021646150946465312,-0.025118180161049032,0.030206677265500796
UNG__momentum_20__trend_100__h20__half__signal_flip__vol_target_10,UNG,momentum_20,trend_100,20,half,signal_flip,vol_target_10,false,false,false,true,true,false,-0.026320240329599693,-0.028271377543891533,-0.02460074005975362,-0.027243623558328094,0.014594311469856187,0.012977300689014402,0.020992670291018395
UNG__momentum_20__trend_100__h20__unit__horizon__notional_cap_1,UNG,momentum_20,trend_100,20,unit,horizon,notional_cap_1,false,false,false,true,true,false,-0.24525508106022822,-0.24944157853329713,-0.23026287533902598,-0.23506686295676998,-0.25077319037373186,-0.25635425883762336,0.03815580286168521
UNG__momentum_20__trend_100__h20__unit__horizon__vol_target_10,UNG,momentum_20,trend_100,20,unit,horizon,vol_target_10,false,false,false,true,true,false,-0.052133374277132674,-0.05376173812785427,-0.03372715454960198,-0.035831343031001404,0.009883700390887007,0.00842377661128617,0.0166966442010849
UNG__momentum_20__trend_100__h20__unit__signal_flip__notional_cap_1,UNG,momentum_20,trend_100,20,unit,signal_flip,notional_cap_1,false,false,false,true,true,false,-0.14586436535056346,-0.1520509959158446,-0.16325986840922907,-0.17085200824775748,-0.13556695354738724,-0.14254410061239936,0.06041335453100159
UNG__momentum_20__trend_100__h20__unit__signal_flip__vol_target_10,UNG,momentum_20,trend_100,20,unit,signal_flip,vol_target_10,false,false,false,true,true,false,-0.026141667563242335,-0.028097137924059098,-0.025212735624060192,-0.02802143803783614,0.014919123869397878,0.013291158108205465,0.0223066377401178
UNG__momentum_20__trend_100__h5__half__horizon__notional_cap_1,UNG,momentum_20,trend_100,5,half,horizon,notional_cap_1,false,false,false,true,true,false,-0.08754742371701783,-0.09300113676207859,-0.06646852540439302,-0.07266190150916021,0.04522699260533659,0.03769361917331013,0.0492845786963434
UNG__momentum_20__trend_100__h5__half__horizon__vol_target_10,UNG,momentum_20,trend_100,5,half,horizon,vol_target_10,false,false,false,true,true,false,-0.03907911902825415,-0.04237895022177594,-0.03694847910993012,-0.04103184101997759,0.03644881949611998,0.033133725265436675,0.03244951647083715
UNG__momentum_20__trend_100__h5__half__signal_flip__notional_cap_1,UNG,momentum_20,trend_100,5,half,signal_flip,notional_cap_1,false,false,false,true,true,false,-0.0734003172046054,-0.07908538066352999,-0.061417473965175426,-0.06811194914513302,0.02113828479594649,0.01360039342528576,0.05325914149443561
UNG__momentum_20__trend_100__h5__half__signal_flip__vol_target_10,UNG,momentum_20,trend_100,5,half,signal_flip,vol_target_10,false,false,false,true,true,false,-0.032923007254902985,-0.03627164571310519,-0.03177836819541773,-0.03612187670713601,0.029926740781562735,0.026629621375149338,0.03452042289363004
UNG__momentum_20__trend_100__h5__unit__horizon__notional_cap_1,UNG,momentum_20,trend_100,5,unit,horizon,notional_cap_1,false,false,false,true,true,false,-0.2018905319541638,-0.21285770201520152,-0.17609239096574353,-0.18844618155333376,0.007862895699566108,-0.007246750651751149,0.0985691573926868
UNG__momentum_20__trend_100__h5__unit__horizon__vol_target_10,UNG,momentum_20,trend_100,5,unit,horizon,vol_target_10,false,false,false,true,true,false,-0.039083067974217366,-0.04238681768604276,-0.03908275593077572,-0.043393359093314196,0.03654370316595369,0.0332175858977755,0.03425426864142899
UNG__momentum_20__trend_100__h5__unit__signal_flip__notional_cap_1,UNG,momentum_20,trend_100,5,unit,signal_flip,notional_cap_1,false,false,false,true,true,false,-0.17214444497736162,-0.18353635444219907,-0.1624257623153914,-0.175782359378624,-0.03611920421843946,-0.05124692232429383,0.10651828298887123
UNG__momentum_20__trend_100__h5__unit__signal_flip__vol_target_10,UNG,momentum_20,trend_100,5,unit,signal_flip,vol_target_10,false,false,false,true,true,false,-0.03292695647527202,-0.03627951372364053,-0.033914119931707155,-0.038486403196347045,0.030021613713971832,0.026713472177720774,0.03633863651419889
UNG__momentum_60__always__h20__half__horizon__notional_cap_1,UNG,momentum_60,always,20,half,horizon,notional_cap_1,false,false,false,true,true,false,-0.06968901369695418,-0.0723648208639035,-0.09703732734452283,-0.1000478853269608,-0.08094521844649111,-0.08415169703143478,0.02384737678855326
UNG__momentum_60__always__h20__half__horizon__vol_target_10,UNG,momentum_60,always,20,half,horizon,vol_target_10,false,false,false,true,true,false,-0.03811979188774087,-0.040213044760899416,-0.0337569707603606,-0.03611454913838974,0.005059613269036069,0.003366534593835572,0.018726951779041972
UNG__momentum_60__always__h20__half__signal_flip__notional_cap_1,UNG,momentum_60,always,20,half,signal_flip,notional_cap_1,false,false,false,true,true,false,-0.054368736368769335,-0.05871824222705144,-0.07564793044757664,-0.08036286454573034,-0.0722908872026371,-0.07752122640353179,0.037360890302066775
UNG__momentum_60__always__h20__half__signal_flip__vol_target_10,UNG,momentum_60,always,20,half,signal_flip,vol_target_10,false,false,false,true,true,false,-0.02752166221267088,-0.03035389198870175,-0.022959102572087393,-0.026252471007793692,0.0008435875031909106,-0.0016847280292464645,0.0261375017843405
UNG__momentum_60__always__h20__unit__horizon__notional_cap_1,UNG,momentum_60,always,20,unit,horizon,notional_cap_1,false,false,false,true,true,false,-0.18645696604609446,-0.19181979736289828,-0.26187527440193836,-0.2679079673809748,-0.28344284516911195,-0.28985858462812353,0.04769475357710652
UNG__momentum_60__always__h20__unit__horizon__vol_target_10,UNG,momentum_60,always,20,unit,horizon,vol_target_10,false,false,false,true,true,false,-0.03794123906686281,-0.0400388249236453,-0.0351576165207317,-0.037713052358938515,0.005141422422695531,0.0034373326877270675,0.02029735475408811
UNG__momentum_60__always__h20__unit__signal_flip__notional_cap_1,UNG,momentum_60,always,20,unit,signal_flip,notional_cap_1,false,false,false,true,true,false,-0.14376177461414988,-0.15248165235191405,-0.20176047218776252,-0.21120526422425645,-0.24487344706174047,-0.2553782696840792,0.07472178060413355
UNG__momentum_60__always__h20__unit__signal_flip__vol_target_10,UNG,momentum_60,always,20,unit,signal_flip,vol_target_10,false,false,false,true,true,false,-0.027343089518688933,-0.03017965439628924,-0.024334592550771444,-0.02782510919394649,0.0008351901864185572,-0.0016960830079978655,0.02770465427886203
UNG__momentum_60__always__h5__half__horizon__notional_cap_1,UNG,momentum_60,always,5,half,horizon,notional_cap_1,false,false,false,true,true,false,-0.07521375289929788,-0.08266427754042334,-0.08225072477210241,-0.09075195167434713,-0.10109236047945572,-0.11098780471721431,0.06756756756756757
UNG__momentum_60__always__h5__half__horizon__vol_target_10,UNG,momentum_60,always,5,half,horizon,vol_target_10,false,false,false,true,true,false,-0.03905797341470452,-0.04361669646225183,-0.026000889963757223,-0.03168138207969526,-0.00409421046052272,-0.008312106682996843,0.04511082908131496
UNG__momentum_60__always__h5__half__signal_flip__notional_cap_1,UNG,momentum_60,always,5,half,signal_flip,notional_cap_1,false,false,false,true,true,false,-0.06267301502261921,-0.07060662921673268,-0.06511742870990016,-0.07452302634774065,-0.05237526849860749,-0.06312221024309907,0.07472178060413355
UNG__momentum_60__always__h5__half__signal_flip__vol_target_10,UNG,momentum_60,always,5,half,signal_flip,vol_target_10,false,false,false,true,true,false,-0.03134942129981995,-0.03609074282062306,-0.020002364842678404,-0.026222585218067175,0.00928008381832586,0.004656438276419352,0.04937598406257375
UNG__momentum_60__always__h5__unit__horizon__notional_cap_1,UNG,momentum_60,always,5,unit,horizon,notional_cap_1,false,false,false,true,true,false,-0.18363946457732366,-0.19858858300937512,-0.2138919833491408,-0.23086986393109268,-0.30589633539953986,-0.3257467927957252,0.13513513513513514
UNG__momentum_60__always__h5__unit__horizon__vol_target_10,UNG,momentum_60,always,5,unit,horizon,vol_target_10,false,false,false,true,true,false,-0.038879427509806906,-0.04344248885645403,-0.028070510198859713,-0.03405930373689648,-0.004091561298612422,-0.008312949681798198,0.04755869805766374
UNG__momentum_60__always__h5__unit__signal_flip__notional_cap_1,UNG,momentum_60,always,5,unit,signal_flip,notional_cap_1,false,false,false,true,true,false,-0.15638398062027786,-0.1722641327609702,-0.1721767673038292,-0.19096926914294948,-0.19418636493242666,-0.2157401096528413,0.1494435612082671
UNG__momentum_60__always__h5__unit__signal_flip__vol_target_10,UNG,momentum_60,always,5,unit,signal_flip,vol_target_10,false,false,false,true,true,false,-0.031170858500018883,-0.03591651914098388,-0.021736049445115403,-0.028282472372017826,0.00927168572411439,0.0046450825287595275,0.05195467909159944
UNG__momentum_60__trend_100__h20__half__horizon__notional_cap_1,UNG,momentum_60,trend_100,20,half,horizon,notional_cap_1,false,false,false,true,true,false,-0.04767015645832079,-0.049746147418881906,-0.09223738856438148,-0.09464429707173679,-0.09095233356687019,-0.09380884488568701,0.019077901430842606
UNG__momentum_60__trend_100__h20__half__horizon__vol_target_10,UNG,momentum_60,trend_100,20,half,horizon,vol_target_10,false,false,false,true,true,false,-0.0250479242143699,-0.026674011840265775,-0.028733080084663198,-0.030531328572433576,0.0012739451318966857,-0.00022268827388253164,0.01427212925491899
UNG__momentum_60__trend_100__h20__half__signal_flip__notional_cap_1,UNG,momentum_60,trend_100,20,half,signal_flip,notional_cap_1,false,false,false,true,true,false,-0.02389091249678607,-0.02671924237068705,-0.07750586411510162,-0.08061961961254613,-0.040774640744670826,-0.04521332045991379,0.0246422893481717
UNG__momentum_60__trend_100__h20__half__signal_flip__vol_target_10,UNG,momentum_60,trend_100,20,half,signal_flip,vol_target_10,false,false,false,true,true,false,-0.00975387484045865,-0.011662170700182578,-0.024817264386942265,-0.026904438549837047,0.01376710655814967,0.011608160250118849,0.01654485705219372
UNG__momentum_60__trend_100__h20__unit__horizon__notional_cap_1,UNG,momentum_60,trend_100,20,unit,horizon,notional_cap_1,false,false,false,true,true,false,-0.13184630265447503,-0.13597808106625592,-0.2418297768330423,-0.24664977970189125,-0.29736546781279044,-0.30308245108487814,0.03815580286168521
UNG__momentum_60__trend_100__h20__unit__horizon__vol_target_10,UNG,momentum_60,trend_100,20,unit,horizon,vol_target_10,false,false,false,true,true,false,-0.02486934493705991,-0.026499765146523697,-0.029727255024362662,-0.031684338067653105,0.0015987075646428399,9.112121703867913e-5,0.015535409068136132
UNG__momentum_60__trend_100__h20__unit__signal_flip__notional_cap_1,UNG,momentum_60,trend_100,20,unit,signal_flip,notional_cap_1,false,false,false,true,true,false,-0.07866496389442881,-0.08430411120460225,-0.20205587935388797,-0.20830104442792674,-0.1759072942982378,-0.1848480226981604,0.0492845786963434
UNG__momentum_60__trend_100__h20__unit__signal_flip__vol_target_10,UNG,momentum_60,trend_100,20,unit,signal_flip,vol_target_10,true,false,false,true,true,false,-0.009575263035458366,-0.011487892879886025,-0.02584295675791886,-0.028076026325596137,0.013758708013535164,0.011596803561413068,0.01770548915340891
UNG__momentum_60__trend_100__h5__half__horizon__notional_cap_1,UNG,momentum_60,trend_100,5,half,horizon,notional_cap_1,false,false,false,true,true,false,-0.03375309506086865,-0.03985093670807548,-0.0739293147389062,-0.08073253191422713,-0.01479477197155319,-0.02308355062099576,0.05405405405405406
UNG__momentum_60__trend_100__h5__half__horizon__vol_target_10,UNG,momentum_60,trend_100,5,half,horizon,vol_target_10,false,false,false,true,true,false,-0.011495611663390396,-0.015188158938703473,-0.01955112213358419,-0.023919345295078335,0.02583431340395673,0.02237057036590718,0.03466933509099382
UNG__momentum_60__trend_100__h5__half__signal_flip__notional_cap_1,UNG,momentum_60,trend_100,5,half,signal_flip,notional_cap_1,false,false,false,true,true,false,-0.04029939247683228,-0.04654977208617623,-0.05150501568591492,-0.0586071719408618,-0.01255994299112418,-0.02160323684191777,0.05643879173290938
UNG__momentum_60__trend_100__h5__half__signal_flip__vol_target_10,UNG,momentum_60,trend_100,5,half,signal_flip,vol_target_10,false,false,false,true,true,false,-0.013468604876329211,-0.017208512916023586,-0.013331352296755071,-0.017836714411336864,0.024529198252806066,0.020663896969594978,0.03577425808711804
UNG__momentum_60__trend_100__h5__unit__horizon__notional_cap_1,UNG,momentum_60,trend_100,5,unit,horizon,notional_cap_1,false,false,false,true,true,false,-0.09535525706466635,-0.10756384219654003,-0.19292028916230175,-0.20651153624196383,-0.12435634384805687,-0.14098522633135974,0.10810810810810811
UNG__momentum_60__trend_100__h5__unit__horizon__vol_target_10,UNG,momentum_60,trend_100,5,unit,horizon,vol_target_10,false,false,false,true,true,false,-0.011317004743236986,-0.015013889854309653,-0.01830183457916862,-0.022928593630609794,0.02583696353322902,0.022369727124640755,0.036722416532320216
UNG__momentum_60__trend_100__h5__unit__signal_flip__notional_cap_1,UNG,momentum_60,trend_100,5,unit,signal_flip,notional_cap_1,false,false,false,true,true,false,-0.10728692619871968,-0.11977188834470476,-0.1423646223621014,-0.15655067186519572,-0.1070209007403312,-0.1251654592913593,0.11287758346581876
UNG__momentum_60__trend_100__h5__unit__signal_flip__vol_target_10,UNG,momentum_60,trend_100,5,unit,signal_flip,vol_target_10,false,false,false,true,true,false,-0.013290002804490199,-0.017034248678413615,-0.01353209724366414,-0.018285543569506166,0.02452079871005154,0.0206525391615842,0.0377498074934835
USO__mean_reversion_5__always__h20__half__horizon__notional_cap_1,USO,mean_reversion_5,always,20,half,horizon,notional_cap_1,false,false,false,true,true,false,-0.05862177268324628,-0.06396338789707456,-0.07448198250232019,-0.08004088516647154,-0.06629344290156436,-0.0713652350783442,0.04411764705882353
USO__mean_reversion_5__always__h20__half__horizon__vol_target_10,USO,mean_reversion_5,always,20,half,horizon,vol_target_10,false,false,false,true,true,false,-0.05121255257685281,-0.05615081121104073,-0.04027364483704138,-0.04515455102943129,8.331215463264902e-5,-0.0040732090072894325,0.03876398544171498
USO__mean_reversion_5__always__h20__half__signal_flip__notional_cap_1,USO,mean_reversion_5,always,20,half,signal_flip,notional_cap_1,false,false,false,true,true,false,-0.036664635325712125,-0.05053832699710762,-0.08657216618340906,-0.09911538359491759,-0.024448341001751216,-0.03649207157175284,0.09976152623211447
USO__mean_reversion_5__always__h20__half__signal_flip__vol_target_10,USO,mean_reversion_5,always,20,half,signal_flip,vol_target_10,false,false,false,true,true,false,-0.03782905920543865,-0.04873336158803028,-0.05333317870037901,-0.06231326934663071,0.014325348013025051,0.006218568465039619,0.07135506221141044
USO__mean_reversion_5__always__h20__unit__horizon__notional_cap_1,USO,mean_reversion_5,always,20,unit,horizon,notional_cap_1,false,false,false,true,true,false,-0.17877289470649455,-0.18945856085982093,-0.23048988549417726,-0.2416078490919591,-0.2645435712882921,-0.27471468276170713,0.08823529411764706
USO__mean_reversion_5__always__h20__unit__horizon__vol_target_10,USO,mean_reversion_5,always,20,unit,horizon,vol_target_10,false,false,false,true,true,false,-0.0495257151851776,-0.05568705750018872,-0.04361332403359734,-0.0488031615311148,-0.0032727858120761132,-0.007728130952340179,0.04122955441775234
USO__mean_reversion_5__always__h20__unit__signal_flip__notional_cap_1,USO,mean_reversion_5,always,20,unit,signal_flip,notional_cap_1,false,false,false,true,true,false,-0.11008599825649087,-0.13787745368379473,-0.2248462990738584,-0.24987926410939976,-0.1428586962804545,-0.1669954627575993,0.19952305246422894
USO__mean_reversion_5__always__h20__unit__signal_flip__vol_target_10,USO,mean_reversion_5,always,20,unit,signal_flip,vol_target_10,false,false,false,true,true,false,-0.04009558261278626,-0.052414404673901266,-0.054813547325538135,-0.06404519116202073,0.012061400189994605,0.003693498689363665,0.07334974788179374
USO__mean_reversion_5__always__h5__half__horizon__notional_cap_1,USO,mean_reversion_5,always,5,half,horizon,notional_cap_1,false,false,false,true,true,false,-0.0471307055686906,-0.061923248625795665,-0.05675748690524777,-0.07141898637465882,-0.004569200988669579,-0.01749291492783691,0.11645468998410174
USO__mean_reversion_5__always__h5__half__horizon__vol_target_10,USO,mean_reversion_5,always,5,half,horizon,vol_target_10,false,false,false,true,true,false,-0.046587201930566896,-0.05840043404170442,-0.036446309094267736,-0.04680423433268732,0.007592874451546482,-0.0010335130170039276,0.08218875877842066
USO__mean_reversion_5__always__h5__half__signal_flip__notional_cap_1,USO,mean_reversion_5,always,5,half,signal_flip,notional_cap_1,false,false,false,true,true,false,-0.03239366258288236,-0.05044391257012448,-0.08498604359980358,-0.10193824726633399,-0.014461284459954035,-0.029595208940824982,0.13473767885532592
USO__mean_reversion_5__always__h5__half__signal_flip__vol_target_10,USO,mean_reversion_5,always,5,half,signal_flip,vol_target_10,false,false,false,true,true,false,-0.03452823555463146,-0.04862583819028934,-0.048762742486100796,-0.06048944998390572,0.00564133114301491,-0.004224919615630644,0.09312716344609416
USO__mean_reversion_5__always__h5__unit__horizon__notional_cap_1,USO,mean_reversion_5,always,5,unit,horizon,notional_cap_1,false,false,false,true,true,false,-0.13856307128138473,-0.16819417066212286,-0.17020555016471106,-0.19950496616636162,-0.10249688662558414,-0.12835072489417715,0.2329093799682035
USO__mean_reversion_5__always__h5__unit__horizon__vol_target_10,USO,mean_reversion_5,always,5,unit,horizon,vol_target_10,false,false,false,true,true,false,-0.04851938891625614,-0.061988275787657095,-0.038290049264880846,-0.04888038294972254,0.00507977245189622,-0.003849623502829626,0.08403507225897955
USO__mean_reversion_5__always__h5__unit__signal_flip__notional_cap_1,USO,mean_reversion_5,always,5,unit,signal_flip,notional_cap_1,false,false,false,true,true,false,-0.09626892847722474,-0.1324222463069879,-0.21630011398585927,-0.2501550335804387,-0.10824894388115128,-0.13853662908603406,0.26947535771065184
USO__mean_reversion_5__always__h5__unit__signal_flip__vol_target_10,USO,mean_reversion_5,always,5,unit,signal_flip,vol_target_10,false,false,false,true,true,false,-0.03745529495053171,-0.05335705813561984,-0.0502431659870677,-0.06222138993757096,0.00359343138188537,-0.006537898958951245,0.09512184911647743
USO__mean_reversion_5__trend_100__h20__half__horizon__notional_cap_1,USO,mean_reversion_5,trend_100,20,half,horizon,notional_cap_1,false,false,false,true,true,false,-0.01777124047284152,-0.02061590019425346,-0.018496693929166516,-0.021445866378187763,0.014642926875185893,0.011532332728694309,0.02344992050874404
USO__mean_reversion_5__trend_100__h20__half__horizon__vol_target_10,USO,mean_reversion_5,trend_100,20,half,horizon,vol_target_10,false,false,false,true,true,false,-0.01845773327559217,-0.021207190126014346,-0.008965425081134437,-0.011917910009288508,0.021846395800113973,0.018994269204955457,0.023456237030245113
USO__mean_reversion_5__trend_100__h20__half__signal_flip__notional_cap_1,USO,mean_reversion_5,trend_100,20,half,signal_flip,notional_cap_1,false,false,false,true,true,false,0.0037151678894183854,-0.003484891708348663,-0.04391490999473072,-0.0509220847188752,0.00815820463904596,0.0015275726020644934,0.05564387917329094
USO__mean_reversion_5__trend_100__h20__half__signal_flip__vol_target_10,USO,mean_reversion_5,trend_100,20,half,signal_flip,vol_target_10,false,false,false,true,true,false,0.0013936660526534606,-0.004724183179694985,-0.029960325182738414,-0.03574958247402543,0.0017486532433166457,-0.0032678374748196567,0.04596574103782897
USO__mean_reversion_5__trend_100__h20__unit__horizon__notional_cap_1,USO,mean_reversion_5,trend_100,20,unit,horizon,notional_cap_1,false,false,false,true,true,false,-0.058103957917855976,-0.06380842461807326,-0.0620265912969518,-0.06791390112483328,-0.016660709033437485,-0.022893228703664545,0.04689984101748808
USO__mean_reversion_5__trend_100__h20__unit__horizon__vol_target_10,USO,mean_reversion_5,trend_100,20,unit,horizon,vol_target_10,false,false,false,true,true,false,-0.020709618368627954,-0.02431286518877082,-0.011736260845484823,-0.015001640415596157,0.02021749255604617,0.017020398654760897,0.02595184255490208
USO__mean_reversion_5__trend_100__h20__unit__signal_flip__notional_cap_1,USO,mean_reversion_5,trend_100,20,unit,signal_flip,notional_cap_1,false,false,false,true,true,false,-0.005597890031730498,-0.020045810542003977,-0.10423907400118015,-0.11824551534608874,-0.0048480749255329705,-0.018149617381884902,0.11128775834658187
USO__mean_reversion_5__trend_100__h20__unit__signal_flip__vol_target_10,USO,mean_reversion_5,trend_100,20,unit,signal_flip,vol_target_10,false,false,false,true,true,false,-7.555646655080413e-5,-0.007152169234221908,-0.03130162933762634,-0.0373226379254928,-0.0005148874619897627,-0.005792525967144762,0.04780578648513776
USO__mean_reversion_5__trend_100__h5__half__horizon__notional_cap_1,USO,mean_reversion_5,trend_100,5,half,horizon,notional_cap_1,false,false,false,true,true,false,-0.0232906978875542,-0.030137030167092876,-0.03001679177478889,-0.03642567531618886,-0.03753529093778984,-0.044009778604966215,0.05087440381558029
USO__mean_reversion_5__trend_100__h5__half__horizon__vol_target_10,USO,mean_reversion_5,trend_100,5,half,horizon,vol_target_10,false,false,false,true,true,false,-0.01964430664073539,-0.025558255643431265,-0.021612199221845735,-0.02693613291098225,-0.02662898154757854,-0.0315348326076232,0.04224359600209149
USO__mean_reversion_5__trend_100__h5__half__signal_flip__notional_cap_1,USO,mean_reversion_5,trend_100,5,half,signal_flip,notional_cap_1,false,false,false,true,true,false,-0.0070262693071484,-0.015386099613100779,-0.030042615855658844,-0.037851422932993026,-0.024544987409125498,-0.032281577424818866,0.06200317965023847
USO__mean_reversion_5__trend_100__h5__half__signal_flip__vol_target_10,USO,mean_reversion_5,trend_100,5,half,signal_flip,vol_target_10,false,false,false,true,true,false,-0.007520534659981712,-0.01461193683617416,-0.0216386203645006,-0.028001236270546705,-0.016518698795954825,-0.022229452914309104,0.05051980264820366
USO__mean_reversion_5__trend_100__h5__unit__horizon__notional_cap_1,USO,mean_reversion_5,trend_100,5,unit,horizon,notional_cap_1,false,false,false,true,true,false,-0.060938166384653894,-0.07463872729088807,-0.07608154865718406,-0.08889673306125767,-0.1003280953886789,-0.11330553731334624,0.10174880763116058
USO__mean_reversion_5__trend_100__h5__unit__horizon__vol_target_10,USO,mean_reversion_5,trend_100,5,unit,horizon,vol_target_10,false,false,false,true,true,false,-0.020289580745460903,-0.02730892261122239,-0.023332941026807483,-0.028872834990680902,-0.028759714638618962,-0.03394269139145289,0.04396168965185736
USO__mean_reversion_5__trend_100__h5__unit__signal_flip__notional_cap_1,USO,mean_reversion_5,trend_100,5,unit,signal_flip,notional_cap_1,false,false,false,true,true,false,-0.025119961996805672,-0.04187054149876086,-0.07300319474219,-0.0886136217796666,-0.06765670003395807,-0.08317857678989529,0.12400635930047695
USO__mean_reversion_5__trend_100__h5__unit__signal_flip__vol_target_10,USO,mean_reversion_5,trend_100,5,unit,signal_flip,vol_target_10,false,false,false,true,true,false,-0.010607781875651527,-0.01889799745968449,-0.022980027145638085,-0.02957440857153047,-0.01825538516701179,-0.024207110491516096,0.05235984809551244
USO__momentum_20__always__h20__half__horizon__notional_cap_1,USO,momentum_20,always,20,half,horizon,notional_cap_1,false,false,false,true,true,false,-0.09420012435680614,-0.09845960011746868,-0.001282683371259221,-0.005640899186730407,0.0817840834562895,0.07697835156639912,0.03457869634340222
USO__momentum_20__always__h20__half__horizon__vol_target_10,USO,momentum_20,always,20,half,horizon,vol_target_10,false,false,false,true,true,false,-0.07114318438608024,-0.0750454854838755,0.0029186960362816653,-0.0010160891174922047,0.06360509279851724,0.05929325775026953,0.031227820357736337
USO__momentum_20__always__h20__half__signal_flip__notional_cap_1,USO,momentum_20,always,20,half,signal_flip,notional_cap_1,false,false,false,true,true,false,-0.03652077069882706,-0.04378370866478102,-0.007109334100832454,-0.014278548850280376,0.061626287552420514,0.05372291574596939,0.0568362480127186
USO__momentum_20__always__h20__half__signal_flip__vol_target_10,USO,momentum_20,always,20,half,signal_flip,vol_target_10,false,false,false,true,true,false,-0.02581345310303977,-0.03168876645682692,0.0027826849472007645,-0.0028903353756462606,0.06367577011331063,0.05770722838842991,0.04500308845080676
USO__momentum_20__always__h20__unit__horizon__notional_cap_1,USO,momentum_20,always,20,unit,horizon,notional_cap_1,false,false,false,true,true,false,-0.23231888418219104,-0.24084552894669548,-0.05100414842939286,-0.05972318021274024,0.1023807789761919,0.09277311373777504,0.06915739268680444
USO__momentum_20__always__h20__unit__horizon__vol_target_10,USO,momentum_20,always,20,unit,horizon,vol_target_10,false,false,false,true,true,false,-0.07520503018161545,-0.08019415821972961,0.00043747825608713396,-0.0038184383602777334,0.058203840954413985,0.05342706118736081,0.033771972926330954
USO__momentum_20__always__h20__unit__signal_flip__notional_cap_1,USO,momentum_20,always,20,unit,signal_flip,notional_cap_1,false,false,false,true,true,false,-0.10063730266285742,-0.11516984922866,-0.04517330142717693,-0.059527425925763516,0.08247298168822008,0.06668461369929955,0.1136724960254372
USO__momentum_20__always__h20__unit__signal_flip__vol_target_10,USO,momentum_20,always,20,unit,signal_flip,vol_target_10,false,false,false,true,true,false,-0.028624970580830134,-0.03551860542269334,0.0016064707390190227,-0.004393902726394136,0.06062224464623979,0.05419809922114714,0.04759468780333407
USO__momentum_20__always__h5__half__horizon__notional_cap_1,USO,momentum_20,always,5,half,horizon,notional_cap_1,false,false,false,true,true,false,-0.04334405139330769,-0.0559546515127908,-0.02033759044284047,-0.033418222284774306,0.0462903749869651,0.03227305855316101,0.10373608903020667
USO__momentum_20__always__h5__half__horizon__vol_target_10,USO,momentum_20,always,5,half,horizon,vol_target_10,false,false,false,true,true,false,-0.02657290365837216,-0.03674504593560037,-0.009762785798912566,-0.01962864562562977,0.049788419237629944,0.03916589533120086,0.07823629797344318
USO__momentum_20__always__h5__half__signal_flip__notional_cap_1,USO,momentum_20,always,5,half,signal_flip,notional_cap_1,false,false,false,true,true,false,-0.03519332122132195,-0.0488665430180594,-0.01224939873750159,-0.026122765545289285,0.054886900765633254,0.040059949457967925,0.11009538950715421
USO__momentum_20__always__h5__half__signal_flip__vol_target_10,USO,momentum_20,always,5,half,signal_flip,vol_target_10,false,false,false,true,true,false,-0.020519727570033293,-0.031435450316761676,-0.003647837477436699,-0.013969445287026363,0.057093331700489997,0.04599843560920001,0.08191479040573225
USO__momentum_20__always__h5__unit__horizon__notional_cap_1,USO,momentum_20,always,5,unit,horizon,notional_cap_1,false,false,false,true,true,false,-0.11799494994409157,-0.14323735042202396,-0.07526350008614681,-0.10144453301827006,0.048251181982837094,0.020226431350959362,0.20747217806041335
USO__momentum_20__always__h5__unit__horizon__vol_target_10,USO,momentum_20,always,5,unit,horizon,vol_target_10,false,false,false,true,true,false,-0.03141299488722698,-0.043476117782298505,-0.010802727096500498,-0.021083411825492563,0.04536640237170157,0.03411619328866208,0.08153354578124203
USO__momentum_20__always__h5__unit__signal_flip__notional_cap_1,USO,momentum_20,always,5,unit,signal_flip,notional_cap_1,false,false,false,true,true,false,-0.09524105707071795,-0.12256440783382666,-0.05258669192933816,-0.08033612100468604,0.07277683358717589,0.043116087180044047,0.22019077901430842
USO__momentum_20__always__h5__unit__signal_flip__vol_target_10,USO,momentum_20,always,5,unit,signal_flip,vol_target_10,false,false,false,true,true,false,-0.025188937078011946,-0.037973124974672125,-0.004974328258090133,-0.015733516389383848,0.054304747464067535,0.04260444994383282,0.0853880408956061
USO__momentum_20__trend_100__h20__half__horizon__notional_cap_1,USO,momentum_20,trend_100,20,half,horizon,notional_cap_1,false,false,false,true,true,false,-0.030883645755357028,-0.03421703147808687,-0.034236515960292466,-0.03749491058619694,0.04635040969693842,0.04263999786245856,0.025834658187599363
USO__momentum_20__trend_100__h20__half__horizon__vol_target_10,USO,momentum_20,trend_100,20,half,horizon,vol_target_10,false,false,false,true,true,false,-0.030260449566166477,-0.03348003458643409,-0.01656430948728185,-0.019780696864348114,0.045917002640390135,0.04247219273235128,0.025497535921742014
USO__momentum_20__trend_100__h20__half__signal_flip__notional_cap_1,USO,momentum_20,trend_100,20,half,signal_flip,notional_cap_1,false,false,false,true,true,false,-0.022542646523965607,-0.027293183668897353,-0.022380506023483324,-0.02744890640315273,0.042811379023663096,0.037303086709450636,0.04014308426073132
USO__momentum_20__trend_100__h20__half__signal_flip__vol_target_10,USO,momentum_20,trend_100,20,half,signal_flip,vol_target_10,false,false,false,true,true,false,-0.022021632920516274,-0.026184434157872773,-0.010940765048578865,-0.015435212777936854,0.051482353948125954,0.04700634637213648,0.035615947898149224
USO__momentum_20__trend_100__h20__unit__horizon__notional_cap_1,USO,momentum_20,trend_100,20,unit,horizon,notional_cap_1,false,false,false,true,true,false,-0.0874959128227525,-0.09415395902493012,-0.09651007973942094,-0.10303332437976381,0.046329889980122926,0.038900007348085866,0.051669316375198726
USO__momentum_20__trend_100__h20__unit__horizon__vol_target_10,USO,momentum_20,trend_100,20,unit,horizon,vol_target_10,false,false,false,true,true,false,-0.031167479160221445,-0.03543298126384697,-0.019206137583748194,-0.022746801819270045,0.041374767123938,0.03749279830517913,0.028068879544701875
USO__momentum_20__trend_100__h20__unit__signal_flip__notional_cap_1,USO,momentum_20,trend_100,20,unit,signal_flip,notional_cap_1,false,false,false,true,true,false,-0.062332096029637026,-0.07182166182790703,-0.062204062249735986,-0.07236160653470931,0.054241996221838715,0.04322631504130055,0.08028616852146264
USO__momentum_20__trend_100__h20__unit__signal_flip__vol_target_10,USO,momentum_20,trend_100,20,unit,signal_flip,vol_target_10,false,false,false,true,true,false,-0.023489503706092457,-0.02858092174246702,-0.012277992032389856,-0.017102954132640513,0.04852170857804243,0.04359630466770861,0.038234738305041774
USO__momentum_20__trend_100__h5__half__horizon__notional_cap_1,USO,momentum_20,trend_100,5,half,horizon,notional_cap_1,false,false,false,true,true,false,-0.019236736580287045,-0.02849025345325981,-0.009326409780227213,-0.01860219943707827,0.032408011402350036,0.0216865203798155,0.07352941176470588
USO__momentum_20__trend_100__h5__half__horizon__vol_target_10,USO,momentum_20,trend_100,5,half,horizon,vol_target_10,false,false,false,true,true,false,-0.024179505455752617,-0.032029376780193464,-0.003801043048233701,-0.011513079797772375,0.040585781112431205,0.03194715596465162,0.06114104072910828
USO__momentum_20__trend_100__h5__half__signal_flip__notional_cap_1,USO,momentum_20,trend_100,5,half,signal_flip,notional_cap_1,false,false,false,true,true,false,-0.010778783792549866,-0.02053120208779036,-0.021530082206154568,-0.03130231155404266,0.0486624214163259,0.03754516791955487,0.07750397456279809
USO__momentum_20__trend_100__h5__half__signal_flip__vol_target_10,USO,momentum_20,trend_100,5,half,signal_flip,vol_target_10,false,false,false,true,true,false,-0.012377635981713929,-0.020585189196917687,-0.010841324215818692,-0.018898013130234377,0.053654746449396086,0.04475524731530789,0.06389565559406647
USO__momentum_20__trend_100__h5__unit__horizon__notional_cap_1,USO,momentum_20,trend_100,5,unit,horizon,notional_cap_1,false,false,false,true,true,false,-0.05581115559267133,-0.0743007197733041,-0.039640745639191476,-0.0582144925018898,0.031168754671403648,0.009716812838817174,0.14705882352941177
USO__momentum_20__trend_100__h5__unit__horizon__vol_target_10,USO,momentum_20,trend_100,5,unit,horizon,vol_target_10,false,false,false,true,true,false,-0.029840902621519,-0.03933281850680627,-0.0046948295465333925,-0.012790753889768216,0.03572098055717951,0.026470570445845415,0.06419771910059072
USO__momentum_20__trend_100__h5__unit__signal_flip__notional_cap_1,USO,momentum_20,trend_100,5,unit,signal_flip,notional_cap_1,false,false,false,true,true,false,-0.03634017358079522,-0.055824018947187644,-0.05757722230633498,-0.07713513810806219,0.06879030887675056,0.046556589007313486,0.15500794912559618
USO__momentum_20__trend_100__h5__unit__signal_flip__vol_target_10,USO,momentum_20,trend_100,5,unit,signal_flip,vol_target_10,false,false,false,true,true,false,-0.015731384710154395,-0.0255918729856332,-0.012192238147023056,-0.020668338578291798,0.05121797338227232,0.041720574105079275,0.0672260444011865
USO__momentum_60__always__h20__half__horizon__notional_cap_1,USO,momentum_60,always,20,half,horizon,notional_cap_1,false,false,false,true,true,false,-0.0315862931407596,-0.03560466366818841,0.008944796297970695,0.00516836891437511,0.05841795978644374,0.05390045395993577,0.029809220985691574
USO__momentum_60__always__h20__half__horizon__vol_target_10,USO,momentum_60,always,20,half,horizon,vol_target_10,false,false,false,true,true,false,-0.027568691157126114,-0.03139230005160163,0.014274134814131416,0.010609581200572756,0.04885417960755334,0.04470976649795859,0.028994576768460553
USO__momentum_60__always__h20__half__signal_flip__notional_cap_1,USO,momentum_60,always,20,half,signal_flip,notional_cap_1,false,false,false,true,true,false,0.0007038147462749261,-0.004984116180961652,0.0040724206586041315,-0.0011902928539532023,-0.017183602368428072,-0.0240117106393434,0.0417329093799682
USO__momentum_60__always__h20__half__signal_flip__vol_target_10,USO,momentum_60,always,20,half,signal_flip,vol_target_10,false,false,false,true,true,false,-0.0027132652077435197,-0.007658822432838321,0.00433178693498344,-0.00017434124362014723,-0.0026541806749722863,-0.008038792548480212,0.035732014440108706
USO__momentum_60__always__h20__unit__horizon__notional_cap_1,USO,momentum_60,always,20,unit,horizon,notional_cap_1,false,false,false,true,true,false,-0.09744144011270696,-0.10550432619593214,-0.018461310833553957,-0.026055096679542006,0.059006192086951764,0.04995047720699304,0.05961844197138315
USO__momentum_60__always__h20__unit__horizon__vol_target_10,USO,momentum_60,always,20,unit,horizon,vol_target_10,false,false,false,true,true,false,-0.025722869790498676,-0.030819011194500427,0.012930002817351101,0.008963446798104534,0.042815337082429544,0.03814150260431326,0.03138308597064051
USO__momentum_60__always__h20__unit__signal_flip__notional_cap_1,USO,momentum_60,always,20,unit,signal_flip,notional_cap_1,false,false,false,true,true,false,-0.025648391346025777,-0.037051770684111154,-0.020886527222499084,-0.03142068810897644,-0.07968038403651007,-0.09337119549854973,0.0834658187599364
USO__momentum_60__always__h20__unit__signal_flip__vol_target_10,USO,momentum_60,always,20,unit,signal_flip,vol_target_10,false,false,false,true,true,false,-0.0038887172769163734,-0.010127450538639131,0.0027318687116279026,-0.002088028088484636,-0.00835793720060954,-0.014209361730104397,0.03821642945499456
USO__momentum_60__always__h5__half__horizon__notional_cap_1,USO,momentum_60,always,5,half,horizon,notional_cap_1,false,false,false,true,true,false,-0.030213227843154954,-0.04274218576330295,0.0032213292349229684,-0.008319209173387965,0.01447627820491176,0.0012454067641545566,0.09181240063593005
USO__momentum_60__always__h5__half__horizon__vol_target_10,USO,momentum_60,always,5,half,horizon,vol_target_10,false,false,false,true,true,false,-0.018841812583784562,-0.029382413857680464,0.007610513130166096,-0.0017535694022275715,0.023467310339887495,0.013202495482796879,0.07442724250517138
USO__momentum_60__always__h5__half__signal_flip__notional_cap_1,USO,momentum_60,always,5,half,signal_flip,notional_cap_1,true,true,false,true,true,false,0.0190317139294471,0.005832465454311139,0.014293912016754695,0.002179900131113943,-0.023054712472411965,-0.03727404797761401,0.09618441971383147
USO__momentum_60__always__h5__half__signal_flip__vol_target_10,USO,momentum_60,always,5,half,signal_flip,vol_target_10,true,false,false,true,true,false,0.011927096141358146,0.0008490710445035413,0.013925588336279798,0.004230188853052689,-0.0057400303179704565,-0.016546252135851078,0.07697804218607972
USO__momentum_60__always__h5__unit__horizon__notional_cap_1,USO,momentum_60,always,5,unit,horizon,notional_cap_1,false,false,false,true,true,false,-0.08642720806136125,-0.11150992715917175,-0.021085605158877148,-0.044111033831866486,-0.015339748865567215,-0.04182126324544815,0.1836248012718601
USO__momentum_60__always__h5__unit__horizon__vol_target_10,USO,momentum_60,always,5,unit,horizon,vol_target_10,false,false,false,true,true,false,-0.02075850256615989,-0.03336324051710652,0.006559757418024831,-0.0032432179335650903,0.01913110274149863,0.008250411567625562,0.07792840865469579
USO__momentum_60__always__h5__unit__signal_flip__notional_cap_1,USO,momentum_60,always,5,unit,signal_flip,notional_cap_1,false,false,false,true,true,false,0.014243332538980642,-0.012185449441033377,0.00209642072202703,-0.022121153052650416,-0.08668045879266817,-0.11511264978009,0.19236883942766295
USO__momentum_60__always__h5__unit__signal_flip__vol_target_10,USO,momentum_60,always,5,unit,signal_flip,vol_target_10,false,false,false,true,true,false,0.009290070426490351,-0.003909853900233014,0.012904245865724107,0.0027701955279580154,-0.008203976174490733,-0.01960568887255241,0.0804792083356041
USO__momentum_60__trend_100__h20__half__horizon__notional_cap_1,USO,momentum_60,trend_100,20,half,horizon,notional_cap_1,false,false,false,true,true,false,-0.036336211357549275,-0.040021948607754,-0.014894907999167702,-0.018256389892528948,0.037573954643190556,0.03376157528222437,0.026629570747217807
USO__momentum_60__trend_100__h20__half__horizon__vol_target_10,USO,momentum_60,trend_100,20,half,horizon,vol_target_10,false,false,false,true,true,false,-0.03493544779000837,-0.03850387646323635,-9.835917603394015e-5,-0.0034588331299648563,0.03554042593786292,0.031962819941794646,0.02662761467886133
USO__momentum_60__trend_100__h20__half__signal_flip__notional_cap_1,USO,momentum_60,trend_100,20,half,signal_flip,notional_cap_1,false,false,false,true,true,false,0.002612485964315252,-0.002069108496862055,0.008504248067366674,0.004350722950427256,-0.009586112110761784,-0.015005769681444492,0.03298887122416534
USO__momentum_60__trend_100__h20__half__signal_flip__vol_target_10,USO,momentum_60,trend_100,20,half,signal_flip,vol_target_10,false,false,false,true,true,false,-0.006082757267400339,-0.010400392529658253,0.00813078603928791,0.00427295219001707,0.0023091049690566086,-0.002240549711255207,0.03061063811307559
USO__momentum_60__trend_100__h20__unit__horizon__notional_cap_1,USO,momentum_60,trend_100,20,unit,horizon,notional_cap_1,false,false,false,true,true,false,-0.10138236066198497,-0.10878226330518799,-0.05735069399985026,-0.06408596974499635,0.02450254671266719,0.01686511193970862,0.05325914149443561
USO__momentum_60__trend_100__h20__unit__horizon__vol_target_10,USO,momentum_60,trend_100,20,unit,horizon,vol_target_10,false,false,false,true,true,false,-0.031114764365327,-0.035873126247881054,-0.0016305984639342023,-0.005277780097456827,0.029759639446676,0.025652756184062753,0.02890507602528334
USO__momentum_60__trend_100__h20__unit__signal_flip__notional_cap_1,USO,momentum_60,trend_100,20,unit,signal_flip,notional_cap_1,false,false,false,true,true,false,-0.01824567998379847,-0.02762636246426928,-0.006278168302870417,-0.014579073222138417,-0.060632426185495206,-0.07149388635693828,0.06597774244833068
USO__momentum_60__trend_100__h20__unit__signal_flip__vol_target_10,USO,momentum_60,trend_100,20,unit,signal_flip,vol_target_10,false,false,false,true,true,false,-0.00567133380099761,-0.011263126210602378,0.006204474067334562,0.0020492960657749375,-0.0031855806598100507,-0.008204402781669244,0.03297279663796155
USO__momentum_60__trend_100__h5__half__horizon__notional_cap_1,USO,momentum_60,trend_100,5,half,horizon,notional_cap_1,false,false,false,true,true,false,-0.006731544499640361,-0.01791191788339214,-0.015963170390984025,-0.026420751456318628,0.023533614361494492,0.012004176016783212,0.08306836248012718
USO__momentum_60__trend_100__h5__half__horizon__vol_target_10,USO,momentum_60,trend_100,5,half,horizon,vol_target_10,false,false,false,true,true,false,-0.013555488215928444,-0.023170440358910967,-0.006742464498374336,-0.015417867320244819,0.024653298586548206,0.015518906593767192,0.06888063037467478
USO__momentum_60__trend_100__h5__half__signal_flip__notional_cap_1,USO,momentum_60,trend_100,5,half,signal_flip,notional_cap_1,true,false,false,true,true,false,0.01489928340899973,0.0033025132880999362,-0.010213424223145107,-0.021121973451772597,-0.0185990825403326,-0.030668841003388146,0.08664546899841018
USO__momentum_60__trend_100__h5__half__signal_flip__vol_target_10,USO,momentum_60,trend_100,5,half,signal_flip,vol_target_10,false,false,false,true,true,false,0.002002431693024378,-0.007939448609036148,-0.004655435733960582,-0.013667463649701356,-0.004888142003236496,-0.01432717465109401,0.07155828766999807
USO__momentum_60__trend_100__h5__unit__horizon__notional_cap_1,USO,momentum_60,trend_100,5,unit,horizon,notional_cap_1,false,false,false,true,true,false,-0.035226824356177126,-0.057585403983899455,-0.05517210286759259,-0.07606919978393893,0.007748136301304234,-0.015333051099798434,0.16613672496025436
USO__momentum_60__trend_100__h5__unit__horizon__vol_target_10,USO,momentum_60,trend_100,5,unit,horizon,vol_target_10,false,false,false,true,true,false,-0.016965488383068446,-0.028617979964184456,-0.008301049315520328,-0.017404596647565874,0.020170464862970097,0.010415234435832317,0.07224529337357675
USO__momentum_60__trend_100__h5__unit__signal_flip__notional_cap_1,USO,momentum_60,trend_100,5,unit,signal_flip,notional_cap_1,false,false,false,true,true,false,0.009235350854542072,-0.013954378635679596,-0.042241099118335686,-0.06404063784524623,-0.07426512189423955,-0.09840584096108809,0.17329093799682035
USO__momentum_60__trend_100__h5__unit__signal_flip__vol_target_10,USO,momentum_60,trend_100,5,unit,signal_flip,vol_target_10,false,false,false,true,true,false,-0.0014772718377604353,-0.013469437540074715,-0.0065249179320611425,-0.015964299564694733,-0.007475683972154663,-0.01751394502595678,0.07493619246734619
UUP__mean_reversion_5__always__h20__half__horizon__notional_cap_1,UUP,mean_reversion_5,always,20,half,horizon,notional_cap_1,false,false,false,true,true,false,-0.005127277053849614,-0.010380572752564614,0.009798524118743778,0.004536772398473312,0.017365495371455413,0.011955414434475472,0.0417329093799682
UUP__mean_reversion_5__always__h20__half__horizon__vol_target_10,UUP,mean_reversion_5,always,20,half,horizon,vol_target_10,false,false,false,true,true,false,-0.005127277053849614,-0.010380572752564614,0.009798524118743778,0.004536772398473312,0.01798208224109642,0.012571358419108057,0.0417329093799682
UUP__mean_reversion_5__always__h20__half__signal_flip__notional_cap_1,UUP,mean_reversion_5,always,20,half,signal_flip,notional_cap_1,false,false,false,true,true,false,-0.006765692578232334,-0.019077326138657872,-0.00031288301969839734,-0.012292844305367975,0.016450375842689498,0.0034283950622371264,0.09499205087440382
UUP__mean_reversion_5__always__h20__half__signal_flip__vol_target_10,UUP,mean_reversion_5,always,20,half,signal_flip,vol_target_10,false,false,false,true,true,false,-0.006765692578232334,-0.019077326138657872,-0.00031288301969839734,-0.012292844305367975,0.01628187975375955,0.003277280228989801,0.09499205087440382
UUP__mean_reversion_5__always__h20__unit__horizon__notional_cap_1,UUP,mean_reversion_5,always,20,unit,horizon,notional_cap_1,false,false,false,true,true,false,-0.014718114837914836,-0.025217390348006616,0.01642836038594522,0.005898046668615357,0.030921005333198893,0.02009785169656689,0.0834658187599364
UUP__mean_reversion_5__always__h20__unit__horizon__vol_target_10,UUP,mean_reversion_5,always,20,unit,horizon,vol_target_10,false,false,false,true,true,false,-0.018554211111452088,-0.029243467373560705,0.016845220715686476,0.006237904411766166,0.032028436576783496,0.021164521858244106,0.08408282901295391
UUP__mean_reversion_5__always__h20__unit__signal_flip__notional_cap_1,UUP,mean_reversion_5,always,20,unit,signal_flip,notional_cap_1,false,false,false,true,true,false,-0.016106945147366027,-0.04073758534933306,-0.0025676211090000594,-0.026549469431328583,0.030961802257880755,0.004915214589171454,0.18998410174880764
UUP__mean_reversion_5__always__h20__unit__signal_flip__vol_target_10,UUP,mean_reversion_5,always,20,unit,signal_flip,vol_target_10,false,false,false,true,true,false,-0.018083227655375976,-0.041952593837833285,-0.00397483134204238,-0.027688820377593553,0.029363303502557152,0.0036525654055585203,0.18786244585352183
UUP__mean_reversion_5__always__h5__half__horizon__notional_cap_1,UUP,mean_reversion_5,always,5,half,horizon,notional_cap_1,false,false,false,true,true,false,-0.012151185440231716,-0.02654449114358775,0.00975329682543189,-0.004525010552982546,0.0205820771272706,0.006555961605777596,0.11327503974562798
UUP__mean_reversion_5__always__h5__half__horizon__vol_target_10,UUP,mean_reversion_5,always,5,half,horizon,vol_target_10,false,false,false,true,true,false,-0.012151185440231716,-0.02654449114358775,0.00975329682543189,-0.004525010552982546,0.02052224026977933,0.0065134897967808626,0.11327503974562798
UUP__mean_reversion_5__always__h5__half__signal_flip__notional_cap_1,UUP,mean_reversion_5,always,5,half,signal_flip,notional_cap_1,false,false,false,true,true,false,-0.011162975386677322,-0.028311728098327306,0.0019624781432667155,-0.01392765940970407,0.01663531196400961,0.00040710577494372274,0.12599364069952304
UUP__mean_reversion_5__always__h5__half__signal_flip__vol_target_10,UUP,mean_reversion_5,always,5,half,signal_flip,vol_target_10,false,false,false,true,true,false,-0.011162975386677322,-0.028311728098327306,0.0019624781432667155,-0.01392765940970407,0.01657547832731497,0.00036463759025280075,0.12599364069952304
UUP__mean_reversion_5__always__h5__unit__horizon__notional_cap_1,UUP,mean_reversion_5,always,5,unit,horizon,notional_cap_1,false,false,false,true,true,false,-0.027173727191390388,-0.05595887053461583,0.017167711944017512,-0.011400207553741958,0.03906764078253299,0.011007693799899623,0.22655007949125597
UUP__mean_reversion_5__always__h5__unit__horizon__vol_target_10,UUP,mean_reversion_5,always,5,unit,horizon,vol_target_10,false,false,false,true,true,false,-0.03020873806450352,-0.05837325645532025,0.01733828376915806,-0.010938880301945042,0.03911246541044576,0.01150865685610954,0.22423127594333497
UUP__mean_reversion_5__always__h5__unit__signal_flip__notional_cap_1,UUP,mean_reversion_5,always,5,unit,signal_flip,notional_cap_1,false,false,false,true,true,false,-0.024464031348033412,-0.05876367795622272,0.002096780617582215,-0.02971337213802109,0.031667893325037305,-0.0007934210973629435,0.2519872813990461
UUP__mean_reversion_5__always__h5__unit__signal_flip__vol_target_10,UUP,mean_reversion_5,always,5,unit,signal_flip,vol_target_10,false,false,false,true,true,false,-0.02590380749430489,-0.059133410658873425,0.0009596906165180411,-0.030451021777841012,0.031080742191859696,-0.0008799597831879303,0.24881087084532677
UUP__mean_reversion_5__trend_100__h20__half__horizon__notional_cap_1,UUP,mean_reversion_5,trend_100,20,half,horizon,notional_cap_1,false,false,false,true,true,false,-0.0068704901610744185,-0.009205802437957494,0.006890092334257936,0.00338277529239317,0.017779477417852727,0.014222121310415262,0.02782193958664547
UUP__mean_reversion_5__trend_100__h20__half__horizon__vol_target_10,UUP,mean_reversion_5,trend_100,20,half,horizon,vol_target_10,false,false,false,true,true,false,-0.0068704901610744185,-0.009205802437957494,0.006890092334257936,0.00338277529239317,0.018148754401460767,0.014590877101288662,0.02782193958664547
UUP__mean_reversion_5__trend_100__h20__half__signal_flip__notional_cap_1,UUP,mean_reversion_5,trend_100,20,half,signal_flip,notional_cap_1,false,false,false,true,true,false,-0.0027522041654563746,-0.008176886147280666,-0.0002491085851980228,-0.008368234281051963,0.01137269534503381,0.00330683256969146,0.0643879173290938
UUP__mean_reversion_5__trend_100__h20__half__signal_flip__vol_target_10,UUP,mean_reversion_5,trend_100,20,half,signal_flip,vol_target_10,false,false,false,true,true,false,-0.0027522041654563746,-0.008176886147280666,-0.0002491085851980228,-0.008368234281051963,0.011204210356915125,0.0031557184834625695,0.0643879173290938
UUP__mean_reversion_5__trend_100__h20__unit__horizon__notional_cap_1,UUP,mean_reversion_5,trend_100,20,unit,horizon,notional_cap_1,false,false,false,true,true,false,-0.015964058657542714,-0.020632460082955807,0.011778518780593581,0.004760379388969184,0.032643038447245525,0.02552490177584226,0.05564387917329094
UUP__mean_reversion_5__trend_100__h20__unit__horizon__vol_target_10,UUP,mean_reversion_5,trend_100,20,unit,horizon,vol_target_10,false,false,false,true,true,false,-0.015398739340246588,-0.020173849166345147,0.01209263025782955,0.005061188818593196,0.032299954034411674,0.025148257859003022,0.05575720744142492
UUP__mean_reversion_5__trend_100__h20__unit__signal_flip__notional_cap_1,UUP,mean_reversion_5,trend_100,20,unit,signal_flip,notional_cap_1,false,false,false,true,true,false,-0.006668742489639925,-0.017519788297731785,-0.001645464547468916,-0.017896212163953026,0.0213654872624883,0.0052276323455386275,0.1287758346581876
UUP__mean_reversion_5__trend_100__h20__unit__signal_flip__vol_target_10,UUP,mean_reversion_5,trend_100,20,unit,signal_flip,vol_target_10,false,false,false,true,true,false,-0.006643973876398376,-0.017269446168020036,-0.0031797880458537516,-0.01916958766150407,0.019309878957109894,0.003468946250318402,0.12670836822928272
UUP__mean_reversion_5__trend_100__h5__half__horizon__notional_cap_1,UUP,mean_reversion_5,trend_100,5,half,horizon,notional_cap_1,false,false,false,true,true,false,-0.004275055284387041,-0.009450213756123515,0.002637917543467365,-0.005978345972328447,0.012022744606829464,0.0038559187666277507,0.06836248012718601
UUP__mean_reversion_5__trend_100__h5__half__horizon__vol_target_10,UUP,mean_reversion_5,trend_100,5,half,horizon,vol_target_10,false,false,false,true,true,false,-0.004275055284387041,-0.009450213756123515,0.002637917543467365,-0.005978345972328447,0.011962914622012048,0.003813448707875082,0.06836248012718601
UUP__mean_reversion_5__trend_100__h5__half__signal_flip__notional_cap_1,UUP,mean_reversion_5,trend_100,5,half,signal_flip,notional_cap_1,false,false,false,true,true,false,-0.004233190421273864,-0.010325438118960598,-0.002080774804752786,-0.012102629965892384,0.00653866203479,-0.0029295447718242873,0.0794912559618442
UUP__mean_reversion_5__trend_100__h5__half__signal_flip__vol_target_10,UUP,mean_reversion_5,trend_100,5,half,signal_flip,vol_target_10,false,false,false,true,true,false,-0.004233190421273864,-0.010325438118960598,-0.002080774804752786,-0.012102629965892384,0.006478836377701706,-0.002972010900415366,0.0794912559618442
UUP__mean_reversion_5__trend_100__h5__unit__horizon__notional_cap_1,UUP,mean_reversion_5,trend_100,5,unit,horizon,notional_cap_1,false,false,false,true,true,false,-0.009739317826289808,-0.02009293184568603,0.003831403083249978,-0.013406305987882379,0.022727518967858764,0.006386129756495486,0.13672496025437203
UUP__mean_reversion_5__trend_100__h5__unit__horizon__vol_target_10,UUP,mean_reversion_5,trend_100,5,unit,horizon,vol_target_10,false,false,false,true,true,false,-0.01138082730197286,-0.021533157120241512,0.003925983921754972,-0.01305557631630626,0.021689659894537125,0.005644834488575626,0.13468393755987082
UUP__mean_reversion_5__trend_100__h5__unit__signal_flip__notional_cap_1,UUP,mean_reversion_5,trend_100,5,unit,signal_flip,notional_cap_1,false,false,false,true,true,false,-0.009204372281121828,-0.02139058161491511,-0.005203948185624461,-0.0252595723277981,0.012061077391942465,-0.0068817021397610915,0.1589825119236884
UUP__mean_reversion_5__trend_100__h5__unit__signal_flip__vol_target_10,UUP,mean_reversion_5,trend_100,5,unit,signal_flip,vol_target_10,false,false,false,true,true,false,-0.009592011372931166,-0.021456857706954338,-0.006671764881574012,-0.026389698684981096,0.011474943982348796,-0.007132996303015933,0.15629576957481545
UUP__momentum_20__always__h20__half__horizon__notional_cap_1,UUP,momentum_20,always,20,half,horizon,notional_cap_1,false,false,false,true,true,false,-0.0027058647981589227,-0.007169942968757191,0.0016327613920792891,-0.003126870118966965,0.016881371401713707,0.012225587190359922,0.037758346581876
UUP__momentum_20__always__h20__half__horizon__vol_target_10,UUP,momentum_20,always,20,half,horizon,vol_target_10,false,false,false,true,true,false,-0.0027058647981589227,-0.007169942968757191,0.0016327613920792891,-0.003126870118966965,0.01739690733348792,0.012737431780579485,0.037758346581876
UUP__momentum_20__always__h20__half__signal_flip__notional_cap_1,UUP,momentum_20,always,20,half,signal_flip,notional_cap_1,false,false,false,true,true,false,-0.0017706475491220878,-0.009240747321474075,0.004694292110610002,-0.003970321363502227,0.01995740858832801,0.011797508365274403,0.06875993640699524
UUP__momentum_20__always__h20__half__signal_flip__vol_target_10,UUP,momentum_20,always,20,half,signal_flip,vol_target_10,false,false,false,true,true,false,-0.0017706475491220878,-0.009240747321474075,0.004694292110610002,-0.003970321363502227,0.020510281583399872,0.012353134753849832,0.06875993640699524
UUP__momentum_20__always__h20__unit__horizon__notional_cap_1,UUP,momentum_20,always,20,unit,horizon,notional_cap_1,false,false,false,true,true,false,-0.00914607376217224,-0.01807390962337325,0.00031137307229183245,-0.009212049633260427,0.030840455400177935,0.02153210392837171,0.075516693163752
UUP__momentum_20__always__h20__unit__horizon__vol_target_10,UUP,momentum_20,always,20,unit,horizon,vol_target_10,false,false,false,true,true,false,-0.009079566927380114,-0.01817412123634175,0.0010905453830515194,-0.008503054375074367,0.032675080312208345,0.02339107017153998,0.07607729793845774
UUP__momentum_20__always__h20__unit__signal_flip__notional_cap_1,UUP,momentum_20,always,20,unit,signal_flip,notional_cap_1,false,false,false,true,true,false,-0.006090778275958767,-0.0210347535243071,0.007293139825587892,-0.01003781009629821,0.03784298888431373,0.021529302141542864,0.13751987281399047
UUP__momentum_20__always__h20__unit__signal_flip__vol_target_10,UUP,momentum_20,always,20,unit,signal_flip,vol_target_10,false,false,false,true,true,false,-0.006496089813806793,-0.02106047367027092,0.007877686702520943,-0.009277312804249479,0.03965680720609857,0.023614225942932318,0.1361081618684099
UUP__momentum_20__always__h5__half__horizon__notional_cap_1,UUP,momentum_20,always,5,half,horizon,notional_cap_1,false,false,false,true,true,false,-0.0138800436513315,-0.026440995942689324,-0.0008812990368636182,-0.014851350954786537,0.014785228548863055,0.0014157036665954738,0.11089030206677265
UUP__momentum_20__always__h5__half__horizon__vol_target_10,UUP,momentum_20,always,5,half,horizon,vol_target_10,false,false,false,true,true,false,-0.0138800436513315,-0.026440995942689324,-0.0008812990368636182,-0.014851350954786537,0.015130665362349931,0.0017928965981859491,0.11089030206677265
UUP__momentum_20__always__h5__half__signal_flip__notional_cap_1,UUP,momentum_20,always,5,half,signal_flip,notional_cap_1,false,false,false,true,true,false,-0.0008618269993911492,-0.014762787191633731,-0.0002841736842090736,-0.0160602675535266,0.015112762560471242,0.0002432824546530002,0.1251987281399046
UUP__momentum_20__always__h5__half__signal_flip__vol_target_10,UUP,momentum_20,always,5,half,signal_flip,vol_target_10,false,false,false,true,true,false,-0.0008618269993911492,-0.014762787191633731,-0.0002841736842090736,-0.0160602675535266,0.015413684952927416,0.0005843514730963607,0.1251987281399046
UUP__momentum_20__always__h5__unit__horizon__notional_cap_1,UUP,momentum_20,always,5,unit,horizon,notional_cap_1,false,false,false,true,true,false,-0.030420307055657302,-0.05554755992969785,-0.00397150457352725,-0.031907356124392196,0.027441798138218572,0.0007061469398318958,0.2217806041335453
UUP__momentum_20__always__h5__unit__horizon__vol_target_10,UUP,momentum_20,always,5,unit,horizon,vol_target_10,false,false,false,true,true,false,-0.02924284786655075,-0.053737845793378675,-0.005051874253315307,-0.03275519181739039,0.02635748396720289,8.186736539155448e-5,0.21993525707917178
UUP__momentum_20__always__h5__unit__signal_flip__notional_cap_1,UUP,momentum_20,always,5,unit,signal_flip,notional_cap_1,false,false,false,true,true,false,-0.003978343759154171,-0.03179542956123706,-0.002556949108855203,-0.03411124509486932,0.02843342862026365,-0.0012972739969679542,0.2503974562798092
UUP__momentum_20__always__h5__unit__signal_flip__vol_target_10,UUP,momentum_20,always,5,unit,signal_flip,vol_target_10,false,false,false,true,true,false,-0.00354714114225462,-0.030479012674291466,-0.003088879929034598,-0.034274654689435365,0.028191268550659745,-0.0009472023723200943,0.24746028617552523
UUP__momentum_20__trend_100__h20__half__horizon__notional_cap_1,UUP,momentum_20,trend_100,20,half,horizon,notional_cap_1,false,false,false,true,true,false,0.0001266180904705165,-0.003002767897370653,0.003407679165773285,-0.0005492778537068196,0.014743471142982571,0.01098782010029538,0.031399046104928455
UUP__momentum_20__trend_100__h20__half__horizon__vol_target_10,UUP,momentum_20,trend_100,20,half,horizon,vol_target_10,false,false,false,true,true,false,0.0001266180904705165,-0.003002767897370653,0.003407679165773285,-0.0005492778537068196,0.015231927182202704,0.011470748190678627,0.031399046104928455
UUP__momentum_20__trend_100__h20__half__signal_flip__notional_cap_1,UUP,momentum_20,trend_100,20,half,signal_flip,notional_cap_1,false,false,false,true,true,false,0.004248559685197962,0.0002842687058521797,0.012265971984098137,0.005604903525610969,0.01621118732650233,0.010154402700491609,0.05286168521462639
UUP__momentum_20__trend_100__h20__half__signal_flip__vol_target_10,UUP,momentum_20,trend_100,20,half,signal_flip,vol_target_10,false,false,false,true,true,false,0.004248559685197962,0.0002842687058521797,0.012265971984098137,0.005604903525610969,0.016764036102089878,0.010710018027827615,0.05286168521462639
UUP__momentum_20__trend_100__h20__unit__horizon__notional_cap_1,UUP,momentum_20,trend_100,20,unit,horizon,notional_cap_1,false,false,false,true,true,false,-0.002521199161297148,-0.008780464966966457,0.004401667378514733,-0.0035136010809637074,0.0265878782126299,0.019077197730275424,0.06279809220985691
UUP__momentum_20__trend_100__h20__unit__horizon__vol_target_10,UUP,momentum_20,trend_100,20,unit,horizon,vol_target_10,false,false,false,true,true,false,-0.0018881540785925799,-0.008251765880284504,0.005329742830349162,-0.002632443316108695,0.027437889369800884,0.019936289279244995,0.0631803685492906
UUP__momentum_20__trend_100__h20__unit__signal_flip__notional_cap_1,UUP,momentum_20,trend_100,20,unit,signal_flip,notional_cap_1,false,false,false,true,true,false,0.006480164568606122,-0.001449847030896202,0.02275072100475513,0.009427591844892318,0.03056373499758321,0.018455833377483105,0.10572337042925278
UUP__momentum_20__trend_100__h20__unit__signal_flip__vol_target_10,UUP,momentum_20,trend_100,20,unit,signal_flip,vol_target_10,false,false,false,true,true,false,0.007027562078596365,-0.0008676033186865964,0.023057201505003195,0.009890559222804556,0.03237743225418121,0.02054069047786687,0.10446706901032121
UUP__momentum_20__trend_100__h5__half__horizon__notional_cap_1,UUP,momentum_20,trend_100,5,half,horizon,notional_cap_1,false,false,false,true,true,false,0.0007749114499096279,-0.007533585396407181,0.0018896139305177651,-0.00968144076981254,0.01009131212308907,-0.0011759290320867886,0.09181240063593005
UUP__momentum_20__trend_100__h5__half__horizon__vol_target_10,UUP,momentum_20,trend_100,5,half,horizon,vol_target_10,false,false,false,true,true,false,0.0007749114499096279,-0.007533585396407181,0.0018896139305177651,-0.00968144076981254,0.010436730307937934,-0.0007987476203594961,0.09181240063593005
UUP__momentum_20__trend_100__h5__half__signal_flip__notional_cap_1,UUP,momentum_20,trend_100,5,half,signal_flip,notional_cap_1,false,false,false,true,true,false,0.0017422106922207214,-0.007068243912169502,0.00615801932766957,-0.006615761492945806,0.009639894175139838,-0.0022275316217315565,0.10135135135135136
UUP__momentum_20__trend_100__h5__half__signal_flip__vol_target_10,UUP,momentum_20,trend_100,5,half,signal_flip,vol_target_10,false,false,false,true,true,false,0.0017422106922207214,-0.007068243912169502,0.00615801932766957,-0.006615761492945806,0.009940797807092953,-0.0018864724567519814,0.10135135135135136
UUP__momentum_20__trend_100__h5__unit__horizon__notional_cap_1,UUP,momentum_20,trend_100,5,unit,horizon,notional_cap_1,false,false,false,true,true,false,-0.00037294757784525536,-0.017001636949867442,0.0019794000781922956,-0.021168093762874533,0.01830643450189522,-0.004226759053625369,0.1836248012718601
UUP__momentum_20__trend_100__h5__unit__horizon__vol_target_10,UUP,momentum_20,trend_100,5,unit,horizon,vol_target_10,false,false,false,true,true,false,0.0006338455129401314,-0.015553263777061732,0.0007893530906240621,-0.022144855058942467,0.01722230473478601,-0.004850964496722431,0.1819392852342537
UUP__momentum_20__trend_100__h5__unit__signal_flip__notional_cap_1,UUP,momentum_20,trend_100,5,unit,signal_flip,notional_cap_1,false,false,false,true,true,false,0.0017344189278230455,-0.015900776973181544,0.010683937406067993,-0.01487064533585295,0.01766821581025737,-0.006063808521902272,0.20270270270270271
UUP__momentum_20__trend_100__h5__unit__signal_flip__vol_target_10,UUP,momentum_20,trend_100,5,unit,signal_flip,vol_target_10,false,false,false,true,true,false,0.0028437417492213745,-0.014291465997361336,0.009682356510759951,-0.01554140345634592,0.017426142575477727,-0.0057137334568912335,0.20007403191990605
UUP__momentum_60__always__h20__half__horizon__notional_cap_1,UUP,momentum_60,always,20,half,horizon,notional_cap_1,false,false,false,true,true,false,0.0044241182184382,0.0008357765469558353,0.003363302722345669,-0.0011977938906362622,0.014343930159184917,0.009789661462387137,0.03616852146263911
UUP__momentum_60__always__h20__half__horizon__vol_target_10,UUP,momentum_60,always,20,half,horizon,vol_target_10,false,false,false,true,true,false,0.0044241182184382,0.0008357765469558353,0.003363302722345669,-0.0011977938906362622,0.01485945244537359,0.010287107044696844,0.03616852146263911
UUP__momentum_60__always__h20__half__signal_flip__notional_cap_1,UUP,momentum_60,always,20,half,signal_flip,notional_cap_1,false,false,false,true,true,false,0.00554491847165652,0.0005747462964527717,0.0046475788219749814,-0.0013137628229324618,0.012879206807405215,0.0066166320658589805,0.0472972972972973
UUP__momentum_60__always__h20__half__signal_flip__vol_target_10,UUP,momentum_60,always,20,half,signal_flip,vol_target_10,false,false,false,true,true,false,0.00554491847165652,0.0005747462964527717,0.0046475788219749814,-0.0013137628229324618,0.013268736380155192,0.007002815293416835,0.0472972972972973
UUP__momentum_60__always__h20__unit__horizon__notional_cap_1,UUP,momentum_60,always,20,unit,horizon,notional_cap_1,false,false,false,true,true,false,0.005751672873752741,-0.0014255348717793614,0.0041167911755517345,-0.005013127867790927,0.02537071904691459,0.016268111668308542,0.07233704292527822
UUP__momentum_60__always__h20__unit__horizon__vol_target_10,UUP,momentum_60,always,20,unit,horizon,vol_target_10,false,false,false,true,true,false,0.0031230386053020375,-0.004102922868051282,0.005412674135816988,-0.0038181368592376357,0.02847345267438582,0.01940574784616293,0.07313210682482185
UUP__momentum_60__always__h20__unit__signal_flip__notional_cap_1,UUP,momentum_60,always,20,unit,signal_flip,notional_cap_1,false,false,false,true,true,false,0.008570839449539767,-0.0013800479267719041,0.0070740354786792215,-0.004852412182031623,0.022746159503070715,0.01021573335087625,0.0945945945945946
UUP__momentum_60__always__h20__unit__signal_flip__vol_target_10,UUP,momentum_60,always,20,unit,signal_flip,vol_target_10,false,false,false,true,true,false,0.0063983029546448925,-0.0032397181988340004,0.008244882724094536,-0.0037390227866977285,0.022061515978666582,0.009481773120461074,0.09504852614474331
UUP__momentum_60__always__h5__half__horizon__notional_cap_1,UUP,momentum_60,always,5,half,horizon,notional_cap_1,false,false,false,true,true,false,0.0035947874169169657,-0.007298833898299689,0.004145098964376751,-0.010036623359200103,0.005901512581302255,-0.009078800894115228,0.11248012718600954
UUP__momentum_60__always__h5__half__horizon__vol_target_10,UUP,momentum_60,always,5,half,horizon,vol_target_10,false,false,false,true,true,false,0.0035947874169169657,-0.007298833898299689,0.004145098964376751,-0.010036623359200103,0.006436646020014218,-0.008498547073844048,0.11248012718600954
UUP__momentum_60__always__h5__half__signal_flip__notional_cap_1,UUP,momentum_60,always,5,half,signal_flip,notional_cap_1,false,false,false,true,true,false,0.00844607280494239,-0.0027794486216701315,0.006094993884213676,-0.008683613557562312,0.0032105904892357822,-0.012568089559053747,0.11724960254372019
UUP__momentum_60__always__h5__half__signal_flip__vol_target_10,UUP,momentum_60,always,5,half,signal_flip,vol_target_10,false,false,false,true,true,false,0.00844607280494239,-0.0027794486216701315,0.006094993884213676,-0.008683613557562312,0.003745706850617178,-0.011987859663365843,0.11724960254372019
UUP__momentum_60__always__h5__unit__horizon__notional_cap_1,UUP,momentum_60,always,5,unit,horizon,notional_cap_1,false,false,false,true,true,false,0.004684492714025331,-0.017111184599821402,0.0062391812311161955,-0.02214271601231679,0.009054753027911776,-0.020918965102692946,0.22496025437201908
UUP__momentum_60__always__h5__unit__horizon__vol_target_10,UUP,momentum_60,always,5,unit,horizon,vol_target_10,false,false,false,true,true,false,0.004598088129840805,-0.01665780403347564,0.00639245243794077,-0.021681979613299374,0.011087434194799017,-0.018353577359503888,0.22253084906810297
UUP__momentum_60__always__h5__unit__signal_flip__notional_cap_1,UUP,momentum_60,always,5,unit,signal_flip,notional_cap_1,false,false,false,true,true,false,0.014508794531027703,-0.007946933559528324,0.010210283962928056,-0.019357245963158385,0.003844279286036899,-0.02772036141586523,0.23449920508744038
UUP__momentum_60__always__h5__unit__signal_flip__vol_target_10,UUP,momentum_60,always,5,unit,signal_flip,vol_target_10,false,false,false,true,true,false,0.01288552775535412,-0.008906945579971622,0.011099941092048322,-0.018126923005350952,0.005928226422080138,-0.025099425878957946,0.23180262924025788
UUP__momentum_60__trend_100__h20__half__horizon__notional_cap_1,UUP,momentum_60,trend_100,20,half,horizon,notional_cap_1,false,false,false,true,true,false,0.004048882314726811,0.000960646403167029,0.005490843004718039,0.0011325291172882784,0.01441503956280236,0.01025740754899573,0.03457869634340222
UUP__momentum_60__trend_100__h20__half__horizon__vol_target_10,UUP,momentum_60,trend_100,20,half,horizon,vol_target_10,false,false,false,true,true,false,0.004048882314726811,0.000960646403167029,0.005490843004718039,0.0011325291172882784,0.014903494550090313,0.010740332420134452,0.03457869634340222
UUP__momentum_60__trend_100__h20__half__signal_flip__notional_cap_1,UUP,momentum_60,trend_100,20,half,signal_flip,notional_cap_1,true,false,false,true,true,false,0.012876137123896306,0.009413398257209006,0.0076225889576059915,0.002363527891329439,0.005909131552643528,0.000545134098416448,0.0417329093799682
UUP__momentum_60__trend_100__h20__half__signal_flip__vol_target_10,UUP,momentum_60,trend_100,20,half,signal_flip,vol_target_10,false,false,false,true,true,false,0.012876137123896306,0.009413398257209006,0.0076225889576059915,0.002363527891329439,0.006329641460341554,0.0009620077848262187,0.0417329093799682
UUP__momentum_60__trend_100__h20__unit__horizon__notional_cap_1,UUP,momentum_60,trend_100,20,unit,horizon,notional_cap_1,false,false,false,true,true,false,0.005295778265529606,-0.0008823309436234239,0.008422678855120505,-0.0002967452160611691,0.025655957933244464,0.017338625426507617,0.06915739268680444
UUP__momentum_60__trend_100__h20__unit__horizon__vol_target_10,UUP,momentum_60,trend_100,20,unit,horizon,vol_target_10,false,false,false,true,true,false,0.004458871304432936,-0.0017969456585849252,0.008568156447049394,-0.0002542337003464852,0.02676152683690709,0.018457873320017505,0.06997609347854088
UUP__momentum_60__trend_100__h20__unit__signal_flip__notional_cap_1,UUP,momentum_60,trend_100,20,unit,signal_flip,notional_cap_1,true,true,false,true,true,false,0.023382349820088244,0.016457222167908594,0.013095745337578422,0.00257619423622421,0.009126294096106536,-0.0016126845920259392,0.0834658187599364
UUP__momentum_60__trend_100__h20__unit__signal_flip__vol_target_10,UUP,momentum_60,trend_100,20,unit,signal_flip,vol_target_10,true,false,false,true,true,false,0.021277368170931937,0.014503004125532874,0.012797786918523766,0.0022243531964498894,0.008657636161863144,-0.0021330146352883687,0.0838968628180152
UUP__momentum_60__trend_100__h5__half__horizon__notional_cap_1,UUP,momentum_60,trend_100,5,half,horizon,notional_cap_1,false,false,false,true,true,false,0.010713042937056263,0.0019094231756505153,0.0048113529931535105,-0.008672184163245077,0.008750423183349232,-0.004628554405840348,0.10691573926868045
UUP__momentum_60__trend_100__h5__half__horizon__vol_target_10,UUP,momentum_60,trend_100,5,half,horizon,vol_target_10,false,false,false,true,true,false,0.010713042937056263,0.0019094231756505153,0.0048113529931535105,-0.008672184163245077,0.009292473864327787,-0.004053134775624941,0.10691573926868045
UUP__momentum_60__trend_100__h5__half__signal_flip__notional_cap_1,UUP,momentum_60,trend_100,5,half,signal_flip,notional_cap_1,false,false,false,true,true,false,0.012063154286437486,0.003173863013396914,0.011544376764541129,-0.0024370198925869144,0.003253902610488091,-0.010723131916000155,0.11089030206677265
UUP__momentum_60__trend_100__h5__half__signal_flip__vol_target_10,UUP,momentum_60,trend_100,5,half,signal_flip,vol_target_10,false,false,false,true,true,false,0.012063154286437486,0.003173863013396914,0.011544376764541129,-0.0024370198925869144,0.0037959191359622233,-0.010147752558708447,0.11089030206677265
UUP__momentum_60__trend_100__h5__unit__horizon__notional_cap_1,UUP,momentum_60,trend_100,5,unit,horizon,notional_cap_1,false,false,false,true,true,false,0.01935492406610552,0.0017470675370388385,0.007616152831119794,-0.019375229498767053,0.01503519988761011,-0.011738262138464562,0.2138314785373609
UUP__momentum_60__trend_100__h5__unit__horizon__vol_target_10,UUP,momentum_60,trend_100,5,unit,horizon,vol_target_10,false,false,false,true,true,false,0.019095860671107766,0.0018100885244256753,0.007159572514520677,-0.01956250619800549,0.015205544158807718,-0.011138093064639351,0.21171157825196965
UUP__momentum_60__trend_100__h5__unit__signal_flip__notional_cap_1,UUP,momentum_60,trend_100,5,unit,signal_flip,notional_cap_1,false,false,false,true,true,false,0.02218563701329932,0.004401981854911884,0.02120406667660668,-0.006777163831078761,0.0041523417615072335,-0.023811440223619015,0.2217806041335453
UUP__momentum_60__trend_100__h5__unit__signal_flip__vol_target_10,UUP,momentum_60,trend_100,5,unit,signal_flip,vol_target_10,false,false,false,true,true,false,0.021091429669499336,0.0036927600846139983,0.020747388178768703,-0.006964492063434113,0.004322748136471102,-0.023211264726654766,0.2196607038481541
XLE__mean_reversion_5__always__h20__half__horizon__notional_cap_1,XLE,mean_reversion_5,always,20,half,horizon,notional_cap_1,true,false,false,true,true,false,0.053412198758609836,0.0480680380394572,0.0007419523474459008,-0.004662681244386423,0.03527129004755595,0.02992163049085822,0.04292527821939587
XLE__mean_reversion_5__always__h20__half__horizon__vol_target_10,XLE,mean_reversion_5,always,20,half,horizon,vol_target_10,false,false,false,true,true,false,0.04240379178078424,0.037209184476237424,-0.0006883339986580809,-0.006118794579552538,0.020663322772805463,0.015888375844278525,0.0431438229985602
XLE__mean_reversion_5__always__h20__half__signal_flip__notional_cap_1,XLE,mean_reversion_5,always,20,half,signal_flip,notional_cap_1,false,false,false,true,true,false,0.051086763411987576,0.03827938796547524,0.01549951200691518,0.0016276176008912895,-0.00038818967073765004,-0.012898149831742605,0.11009538950715421
XLE__mean_reversion_5__always__h20__half__signal_flip__vol_target_10,XLE,mean_reversion_5,always,20,half,signal_flip,vol_target_10,false,false,false,true,true,false,0.03461173872648782,0.02321957589772247,0.01249031568135026,-0.00034176128402237625,-0.0016851269462297893,-0.011247938591529602,0.10187570183968031
XLE__mean_reversion_5__always__h20__unit__horizon__notional_cap_1,XLE,mean_reversion_5,always,20,unit,horizon,notional_cap_1,true,true,false,true,true,false,0.06962094867682352,0.058925100502199734,-0.028357713662680147,-0.03915907791872167,-0.014326525024402653,-0.02500815212241775,0.08585055643879173
XLE__mean_reversion_5__always__h20__unit__horizon__vol_target_10,XLE,mean_reversion_5,always,20,unit,horizon,vol_target_10,false,false,false,true,true,false,0.05118839559469462,0.0433179861126819,-0.003198489584492925,-0.01135989990502198,0.015708428132430643,0.009927043810968999,0.06481280594205725
XLE__mean_reversion_5__always__h20__unit__signal_flip__notional_cap_1,XLE,mean_reversion_5,always,20,unit,signal_flip,notional_cap_1,true,false,false,true,true,false,0.07792833311814902,0.05231604987514608,0.011684585388551216,-0.016058954079741467,-0.05678963626641667,-0.08178973128245555,0.22019077901430842
XLE__mean_reversion_5__always__h20__unit__signal_flip__vol_target_10,XLE,mean_reversion_5,always,20,unit,signal_flip,vol_target_10,false,false,false,true,true,false,0.03806443764157165,0.023093824205198045,0.00858072347547256,-0.00800018541976667,-0.00785945795581312,-0.01829988144542742,0.13159478440403868
XLE__mean_reversion_5__always__h5__half__horizon__notional_cap_1,XLE,mean_reversion_5,always,5,half,horizon,notional_cap_1,false,false,false,true,true,false,0.014390626917831082,0.000745008350083903,-0.013556208894687918,-0.028518396335913736,-0.014615065954379747,-0.028668343888844972,0.11883942766295708
XLE__mean_reversion_5__always__h5__half__horizon__vol_target_10,XLE,mean_reversion_5,always,5,half,horizon,vol_target_10,false,false,false,true,true,false,0.011554176464688672,-0.00042637463109971695,-0.0056142515914428025,-0.019432514286721877,-0.02354981031624767,-0.03441588141870643,0.10976590172622608
XLE__mean_reversion_5__always__h5__half__signal_flip__notional_cap_1,XLE,mean_reversion_5,always,5,half,signal_flip,notional_cap_1,false,false,false,true,true,false,0.044869057276076534,0.02830770136622504,0.004892772703118574,-0.012983955657795452,-0.004272096149596637,-0.020498621459980562,0.14189189189189189
XLE__mean_reversion_5__always__h5__half__signal_flip__vol_target_10,XLE,mean_reversion_5,always,5,half,signal_flip,vol_target_10,false,false,false,true,true,false,0.03284244715300752,0.018359701430310064,0.006304787841987624,-0.010048218612530822,-0.009363035828962099,-0.02164670214673644,0.12982853710694636
XLE__mean_reversion_5__always__h5__unit__horizon__notional_cap_1,XLE,mean_reversion_5,always,5,unit,horizon,notional_cap_1,false,false,false,true,true,false,0.000985670585231864,-0.026310710970525047,-0.04736875290784509,-0.07726996690168317,-0.08967721453294053,-0.11774565218495087,0.23767885532591415
XLE__mean_reversion_5__always__h5__unit__horizon__vol_target_10,XLE,mean_reversion_5,always,5,unit,horizon,vol_target_10,false,false,false,true,true,false,0.016668791136301805,0.0009586740428643801,-0.011010475833084909,-0.028930691813213123,-0.029424126528164354,-0.04140465524860673,0.14226910398427214
XLE__mean_reversion_5__always__h5__unit__signal_flip__notional_cap_1,XLE,mean_reversion_5,always,5,unit,signal_flip,notional_cap_1,false,false,false,true,true,false,0.06785374698510084,0.03473547566357568,-0.006637510141420493,-0.04238766682831981,-0.059068018938609454,-0.09152260984628185,0.28378378378378377
XLE__mean_reversion_5__always__h5__unit__signal_flip__vol_target_10,XLE,mean_reversion_5,always,5,unit,signal_flip,vol_target_10,false,false,false,true,true,false,0.037955400713952495,0.01928278763069914,0.0006458875703055627,-0.020257007878748602,-0.015605650899780305,-0.028959747297837055,0.16588683083713457
XLE__mean_reversion_5__trend_100__h20__half__horizon__notional_cap_1,XLE,mean_reversion_5,trend_100,20,half,horizon,notional_cap_1,false,false,false,true,true,false,0.03337701230814093,0.029531039457060648,-0.01768010921854055,-0.02048077570849506,-0.012501853922357843,-0.01581222436537079,0.022257551669316374
XLE__mean_reversion_5__trend_100__h20__half__horizon__vol_target_10,XLE,mean_reversion_5,trend_100,20,half,horizon,vol_target_10,false,false,false,true,true,false,0.024869872880449447,0.02099207214645367,-0.017392896751237067,-0.020301904400232284,-0.013764063180531885,-0.016772158196379245,0.02311291467641864
XLE__mean_reversion_5__trend_100__h20__half__signal_flip__notional_cap_1,XLE,mean_reversion_5,trend_100,20,half,signal_flip,notional_cap_1,false,false,false,true,true,false,0.02538899570417599,0.016466270581093286,0.0009291286608567322,-0.0057785093162482735,0.0020477590169746193,-0.0053577951961378415,0.05325914149443561
XLE__mean_reversion_5__trend_100__h20__half__signal_flip__vol_target_10,XLE,mean_reversion_5,trend_100,20,half,signal_flip,vol_target_10,false,false,false,true,true,false,0.0196625866412285,0.01122334907456822,0.0007865301112210087,-0.005721141931917355,-0.00047595433210512444,-0.0062046737976353145,0.051674574880645543
XLE__mean_reversion_5__trend_100__h20__unit__horizon__notional_cap_1,XLE,mean_reversion_5,trend_100,20,unit,horizon,notional_cap_1,false,false,false,true,true,false,0.04759156976236506,0.039884499550096944,-0.04662038282010783,-0.05221414575925814,-0.05637332029992413,-0.06300430922618895,0.04451510333863275
XLE__mean_reversion_5__trend_100__h20__unit__horizon__vol_target_10,XLE,mean_reversion_5,trend_100,20,unit,horizon,vol_target_10,false,false,false,true,true,false,0.029670309847592218,0.023475658070050323,-0.019159562197197985,-0.023723719286297656,-0.022764220580358704,-0.026501947516929164,0.03624634454924965
XLE__mean_reversion_5__trend_100__h20__unit__signal_flip__notional_cap_1,XLE,mean_reversion_5,trend_100,20,unit,signal_flip,notional_cap_1,false,false,false,true,true,false,0.0389298106312736,0.02109586378132691,-0.004404575976604656,-0.01781382422842689,-0.014988757254835759,-0.02978744469552088,0.10651828298887123
XLE__mean_reversion_5__trend_100__h20__unit__signal_flip__vol_target_10,XLE,mean_reversion_5,trend_100,20,unit,signal_flip,vol_target_10,false,false,false,true,true,false,0.025978472362117668,0.01428870135934629,0.001757673376044576,-0.006889436856395437,-0.009227431760724908,-0.015640984989758182,0.06861469676997971
XLE__mean_reversion_5__trend_100__h5__half__horizon__notional_cap_1,XLE,mean_reversion_5,trend_100,5,half,horizon,notional_cap_1,false,false,false,true,true,false,0.0081746531077832,-0.00017096118384451325,-0.005351114612109317,-0.011757434022242467,-0.024147928922148836,-0.03204865811225245,0.05087440381558029
XLE__mean_reversion_5__trend_100__h5__half__horizon__vol_target_10,XLE,mean_reversion_5,trend_100,5,half,horizon,vol_target_10,false,false,false,true,true,false,0.009849574480180187,0.0020035532305693214,-0.005580902658977094,-0.011804798770742437,-0.02063069991394592,-0.026795033651617284,0.04943041087032036
XLE__mean_reversion_5__trend_100__h5__half__signal_flip__notional_cap_1,XLE,mean_reversion_5,trend_100,5,half,signal_flip,notional_cap_1,false,false,false,true,true,false,0.012579420217427436,0.0022380677241381564,0.00807574618823598,0.000464001707122263,-0.003577538128658668,-0.01258272276309566,0.06041335453100159
XLE__mean_reversion_5__trend_100__h5__half__signal_flip__vol_target_10,XLE,mean_reversion_5,trend_100,5,half,signal_flip,vol_target_10,false,false,false,true,true,false,0.010892088823035868,0.0011929975491284128,0.00798091502526915,0.0006333604789457671,-0.0020604037242340184,-0.00880849721845235,0.05832271738024059
XLE__mean_reversion_5__trend_100__h5__unit__horizon__notional_cap_1,XLE,mean_reversion_5,trend_100,5,unit,horizon,notional_cap_1,false,false,false,true,true,false,0.00564649587484151,-0.011047219569815026,-0.01679774620678342,-0.029602674085789774,-0.06826655511625826,-0.08404435263978877,0.10174880763116058
XLE__mean_reversion_5__trend_100__h5__unit__horizon__vol_target_10,XLE,mean_reversion_5,trend_100,5,unit,horizon,vol_target_10,false,false,false,true,true,false,0.018712540069664878,0.007668757512239956,-0.006098802404875156,-0.014401176015218621,-0.02649923650880976,-0.033456441046377336,0.065890147299288
XLE__mean_reversion_5__trend_100__h5__unit__signal_flip__notional_cap_1,XLE,mean_reversion_5,trend_100,5,unit,signal_flip,notional_cap_1,false,false,false,true,true,false,0.016735927227325517,-0.003935443010732249,0.01150477171637813,-0.003718040866264328,-0.02252098558299714,-0.04051310726859883,0.12082670906200318
XLE__mean_reversion_5__trend_100__h5__unit__signal_flip__vol_target_10,XLE,mean_reversion_5,trend_100,5,unit,signal_flip,vol_target_10,false,false,false,true,true,false,0.017168643364782694,0.00382668989770213,0.008422077240831074,-0.0012619709991962963,-0.0076421169724262385,-0.015109301038500809,0.07681815190395867
XLE__momentum_20__always__h20__half__horizon__notional_cap_1,XLE,momentum_20,always,20,half,horizon,notional_cap_1,false,false,false,true,true,false,0.029713503312411856,0.02479064554517553,0.008712013766509357,0.004552790467306356,0.034591028341550686,0.02987400274336476,0.03298887122416534
XLE__momentum_20__always__h20__half__horizon__vol_target_10,XLE,momentum_20,always,20,half,horizon,vol_target_10,false,false,false,true,true,false,0.029861696244698546,0.025072748738946063,0.004810218541136817,0.0005859852746172983,0.011592099977168487,0.007367249586152607,0.033504980108222046
XLE__momentum_20__always__h20__half__signal_flip__notional_cap_1,XLE,momentum_20,always,20,half,signal_flip,notional_cap_1,false,false,false,true,true,false,0.01084467834930763,0.0029612089881487485,0.00966726958628505,0.0024532172723647746,0.02844485976925966,0.021353784503901144,0.057233704292527825
XLE__momentum_20__always__h20__half__signal_flip__vol_target_10,XLE,momentum_20,always,20,half,signal_flip,vol_target_10,false,false,false,true,true,false,0.01311117264618519,0.006016747995089623,0.006350863746676124,-0.0004298449308734976,-0.0058699331988622434,-0.011687201345158327,0.05378764923731622
XLE__momentum_20__always__h20__unit__horizon__notional_cap_1,XLE,momentum_20,always,20,unit,horizon,notional_cap_1,false,false,false,true,true,false,0.029815070203290266,0.019969996750239007,-0.003333550657332783,-0.011657248305655114,0.013903957563341438,0.004450799526718563,0.06597774244833068
XLE__momentum_20__always__h20__unit__horizon__vol_target_10,XLE,momentum_20,always,20,unit,horizon,vol_target_10,false,false,false,true,true,false,0.034568081429400425,0.027125418098691623,-0.0021136476602030708,-0.008459335311157376,0.00834371866225276,0.0032052997334358745,0.05031361460237548
XLE__momentum_20__always__h20__unit__signal_flip__notional_cap_1,XLE,momentum_20,always,20,unit,signal_flip,notional_cap_1,false,false,false,true,true,false,0.0005977915429262182,-0.015165224974556971,0.00679268088886055,-0.007640634885103522,0.01621898120740435,0.0019770966801515577,0.11446740858505565
XLE__momentum_20__always__h20__unit__signal_flip__vol_target_10,XLE,momentum_20,always,20,unit,signal_flip,vol_target_10,false,false,false,true,true,false,0.0182414645637307,0.008206943150088028,0.00301508692942199,-0.005947706502682262,-0.010203147417071172,-0.01685942892173413,0.07108386723562496
XLE__momentum_20__always__h5__half__horizon__notional_cap_1,XLE,momentum_20,always,5,half,horizon,notional_cap_1,false,false,false,true,true,false,0.013271211778327711,-0.0015495457602224556,-0.01158038766203107,-0.023892798094998512,0.017572174047676272,0.003289844825657546,0.09777424483306836
XLE__momentum_20__always__h5__half__horizon__vol_target_10,XLE,momentum_20,always,5,half,horizon,vol_target_10,false,false,false,true,true,false,0.012249464150483778,-0.0011389690778387286,-0.012230540489089496,-0.02381731612211324,-0.012644101584766428,-0.023775589463514248,0.09197789701459545
XLE__momentum_20__always__h5__half__signal_flip__notional_cap_1,XLE,momentum_20,always,5,half,signal_flip,notional_cap_1,false,false,false,true,true,false,0.006539362286178985,-0.009701323019949817,0.006724713556672035,-0.006789675291429481,0.05366291015122926,0.038778623588803005,0.10731319554848967
XLE__momentum_20__always__h5__half__signal_flip__vol_target_10,XLE,momentum_20,always,5,half,signal_flip,vol_target_10,false,false,false,true,true,false,0.00685254737878924,-0.007682416021952378,0.006062330372252618,-0.006501842523120827,0.013150737282164865,0.0016679281200283847,0.099733066445702
XLE__momentum_20__always__h5__unit__horizon__notional_cap_1,XLE,momentum_20,always,5,unit,horizon,notional_cap_1,false,false,false,true,true,false,0.004165138504039427,-0.02549537509386982,-0.03551439643508733,-0.060124928469023856,-0.007162041488150167,-0.035746048360326785,0.19554848966613672
XLE__momentum_20__always__h5__unit__horizon__vol_target_10,XLE,momentum_20,always,5,unit,horizon,vol_target_10,false,false,false,true,true,false,0.01907308433678291,0.0007262348853317811,-0.013720663923186237,-0.02893137672113049,-0.017996441747278595,-0.030668833070084115,0.12071695237528378
XLE__momentum_20__always__h5__unit__signal_flip__notional_cap_1,XLE,momentum_20,always,5,unit,signal_flip,notional_cap_1,false,false,false,true,true,false,-0.005952357477800381,-0.03845549605330893,0.0025447969929838637,-0.02446983312120278,0.06961382184498077,0.039823893401317104,0.21462639109697934
XLE__momentum_20__always__h5__unit__signal_flip__vol_target_10,XLE,momentum_20,always,5,unit,signal_flip,vol_target_10,false,false,false,true,true,false,0.009897889705008333,-0.00981048298156137,0.007679255466468818,-0.008494745839618071,0.010499177948514307,-0.002404596494181517,0.12833766338938432
XLE__momentum_20__trend_100__h20__half__horizon__notional_cap_1,XLE,momentum_20,trend_100,20,half,horizon,notional_cap_1,false,false,false,true,true,false,0.023005771381741504,0.018753454524009748,-0.018402874751778743,-0.021456106242617325,0.028353444492912442,0.0245034395744716,0.02424483306836248
XLE__momentum_20__trend_100__h20__half__horizon__vol_target_10,XLE,momentum_20,trend_100,20,half,horizon,vol_target_10,false,false,false,true,true,false,0.023552263043159345,0.019322656999692805,-0.01743125739506353,-0.020550664757617743,0.007482249716002223,0.003989680727460384,0.024773437102651747
XLE__momentum_20__trend_100__h20__half__signal_flip__notional_cap_1,XLE,momentum_20,trend_100,20,half,signal_flip,notional_cap_1,false,false,false,true,true,false,0.025114978070694877,0.018943838544914455,-0.013820408363482403,-0.018778767064931087,0.031186044204877066,0.02572430218377774,0.03934817170111288
XLE__momentum_20__trend_100__h20__half__signal_flip__vol_target_10,XLE,momentum_20,trend_100,20,half,signal_flip,vol_target_10,false,false,false,true,true,false,0.020592130093196347,0.01470747057049546,-0.013816855784667223,-0.01865316551784321,0.005801649237793495,0.0012954554592152353,0.03838294548689349
XLE__momentum_20__trend_100__h20__unit__horizon__notional_cap_1,XLE,momentum_20,trend_100,20,unit,horizon,notional_cap_1,false,false,false,true,true,false,0.02516114380511192,0.016663134652330595,-0.04914466275910204,-0.05524789078922903,0.01578841708134794,0.00810063906100271,0.04848966613672496
XLE__momentum_20__trend_100__h20__unit__horizon__vol_target_10,XLE,momentum_20,trend_100,20,unit,horizon,vol_target_10,false,false,false,true,true,false,0.032085889827196866,0.02517863442282589,-0.023097780814323003,-0.027859513604711762,0.0013202104148773534,-0.0029108736837605573,0.03781303239140135
XLE__momentum_20__trend_100__h20__unit__signal_flip__notional_cap_1,XLE,momentum_20,trend_100,20,unit,signal_flip,notional_cap_1,false,false,false,true,true,false,0.034512179832448524,0.02217729060349903,-0.036593169224994775,-0.046510864762109055,0.030881388266249116,0.019951749275651506,0.07869634340222575
XLE__momentum_20__trend_100__h20__unit__signal_flip__vol_target_10,XLE,momentum_20,trend_100,20,unit,signal_flip,vol_target_10,false,false,false,true,true,false,0.02433525242029626,0.015544353747896424,-0.01742849993667013,-0.023973956509497848,0.0008506168396956526,-0.004396291083692352,0.05196855868918098
XLE__momentum_20__trend_100__h5__half__horizon__notional_cap_1,XLE,momentum_20,trend_100,5,half,horizon,notional_cap_1,false,false,false,true,true,false,0.037918118188654884,0.02522656528980295,-0.02144017519683257,-0.030510706785053642,-0.0025687583900284323,-0.014427702263326205,0.071939586645469
XLE__momentum_20__trend_100__h5__half__horizon__vol_target_10,XLE,momentum_20,trend_100,5,half,horizon,vol_target_10,false,false,false,true,true,false,0.037028715702397595,0.025176533335305448,-0.01836207736683407,-0.02708105381817103,-0.01566729486272822,-0.024960706889578396,0.06915739535521685
XLE__momentum_20__trend_100__h5__half__signal_flip__notional_cap_1,XLE,momentum_20,trend_100,5,half,signal_flip,notional_cap_1,false,false,false,true,true,false,0.02581352791652371,0.01203477443906395,0.002419536732300455,-0.007351803696251333,0.04675694102862347,0.03449566885132095,0.07750397456279809
XLE__momentum_20__trend_100__h5__half__signal_flip__vol_target_10,XLE,momentum_20,trend_100,5,half,signal_flip,vol_target_10,false,false,false,true,true,false,0.025548500494965126,0.012754620918605436,0.003921855423822661,-0.005382851946645928,0.01864866726334406,0.009161802384709396,0.07380362904507076
XLE__momentum_20__trend_100__h5__unit__horizon__notional_cap_1,XLE,momentum_20,trend_100,5,unit,horizon,notional_cap_1,false,false,false,true,true,false,0.060918260834089785,0.035518936655900626,-0.051005734173657676,-0.06915908469188377,-0.03727388888602773,-0.06097198552389288,0.143879173290938
XLE__momentum_20__trend_100__h5__unit__horizon__vol_target_10,XLE,momentum_20,trend_100,5,unit,horizon,vol_target_10,false,false,false,true,true,false,0.04447296332352236,0.02774633698334746,-0.014094462669561048,-0.02568338988805283,-0.021712156709154124,-0.032383585844155974,0.09193295831241788
XLE__momentum_20__trend_100__h5__unit__signal_flip__notional_cap_1,XLE,momentum_20,trend_100,5,unit,signal_flip,notional_cap_1,false,false,false,true,true,false,0.038462575242253924,0.010883985173474518,-0.0021452203204007786,-0.02169958044478279,0.06550787540225228,0.041001737408463565,0.15500794912559618
XLE__momentum_20__trend_100__h5__unit__signal_flip__vol_target_10,XLE,momentum_20,trend_100,5,unit,signal_flip,vol_target_10,false,false,false,true,true,false,0.02743657383417203,0.009571670985571015,0.007910624020060906,-0.00423412019364523,0.015044024989841906,0.004260323976187687,0.09631544393793881
XLE__momentum_60__always__h20__half__horizon__notional_cap_1,XLE,momentum_60,always,20,half,horizon,notional_cap_1,false,false,false,true,true,false,0.028518837626549845,0.023600453528770958,-0.03789656102312808,-0.04169993835948612,0.026047488228670812,0.02150390691512618,0.030206677265500796
XLE__momentum_60__always__h20__half__horizon__vol_target_10,XLE,momentum_60,always,20,half,horizon,vol_target_10,false,false,false,true,true,false,0.03539995896978844,0.030571025316049938,-0.028908891056137156,-0.032772312941475895,0.005086789880994674,0.0008710049473172627,0.030682925439968704
XLE__momentum_60__always__h20__half__signal_flip__notional_cap_1,XLE,momentum_60,always,20,half,signal_flip,notional_cap_1,false,false,false,true,true,false,0.015597549804285767,0.00783557854248965,-0.00232608019611635,-0.008493017958410936,0.033989383956346854,0.027844761578184742,0.04888712241653418
XLE__momentum_60__always__h20__half__signal_flip__vol_target_10,XLE,momentum_60,always,20,half,signal_flip,vol_target_10,false,false,false,true,true,false,0.024507788760852297,0.01743732062018757,0.001758622671340566,-0.004239058608885278,0.012902425731620135,0.007732357450060999,0.04755118417362978
XLE__momentum_60__always__h20__unit__horizon__notional_cap_1,XLE,momentum_60,always,20,unit,horizon,notional_cap_1,false,false,false,true,true,false,0.025939101499577254,0.016111922724355743,-0.09288827270936442,-0.1004896993838904,0.004164782803395356,-0.004895075042198105,0.06041335453100159
XLE__momentum_60__always__h20__unit__horizon__vol_target_10,XLE,momentum_60,always,20,unit,horizon,vol_target_10,false,false,false,true,true,false,0.04780095980388784,0.04025483887682072,-0.0359719151999946,-0.042208369704435096,-0.002206762390337,-0.007383575423768501,0.049502447785681206
XLE__momentum_60__always__h20__unit__signal_flip__notional_cap_1,XLE,momentum_60,always,20,unit,signal_flip,notional_cap_1,false,false,false,true,true,false,0.011398917097937618,-0.004128438147922332,-0.015926832708153836,-0.028275028908365554,0.027578305300745107,0.01531937063706329,0.09777424483306836
XLE__momentum_60__always__h20__unit__signal_flip__vol_target_10,XLE,momentum_60,always,20,unit,signal_flip,vol_target_10,false,false,false,true,true,false,0.03688133583193545,0.02693802481913357,0.006043819672450629,-0.0024033372307610563,0.006054834452627826,3.25608020087121e-5,0.06697425635532542
XLE__momentum_60__always__h5__half__horizon__notional_cap_1,XLE,momentum_60,always,5,half,horizon,notional_cap_1,false,false,false,true,true,false,-0.022717092261681237,-0.03790684522648052,-0.013156097917353497,-0.024615465232540122,0.006921669870022164,-0.006437070791092778,0.0910174880763116
XLE__momentum_60__always__h5__half__horizon__vol_target_10,XLE,momentum_60,always,5,half,horizon,vol_target_10,false,false,false,true,true,false,-0.009944829094226617,-0.024033711695329255,-0.009090958855374778,-0.020133879655003697,-0.007544534031484763,-0.017904340280649557,0.08771088112883388
XLE__momentum_60__always__h5__half__signal_flip__notional_cap_1,XLE,momentum_60,always,5,half,signal_flip,notional_cap_1,false,false,false,true,true,false,0.024755227336843714,0.008148319841522901,-0.0019924595244093794,-0.014270342398744907,0.014735359530044758,0.000586128807406612,0.09737678855325914
XLE__momentum_60__always__h5__half__signal_flip__vol_target_10,XLE,momentum_60,always,5,half,signal_flip,vol_target_10,false,false,false,true,true,false,0.02877025260629506,0.013585467839591713,0.002499359279296542,-0.00924127497964744,-0.0001377775750466461,-0.01102119586047302,0.09313227433492474
XLE__momentum_60__always__h5__unit__horizon__notional_cap_1,XLE,momentum_60,always,5,unit,horizon,notional_cap_1,false,false,false,true,true,false,-0.06640167235798339,-0.09678717428340566,-0.03748375891901656,-0.06038482118453252,-0.024043832443599915,-0.05073634675737604,0.1820349761526232
XLE__momentum_60__always__h5__unit__horizon__vol_target_10,XLE,momentum_60,always,5,unit,horizon,vol_target_10,false,false,false,true,true,false,-0.0030874008274874914,-0.0224885476982631,-0.00813173087345485,-0.023142687859019625,-0.01591212776187312,-0.02767093860693389,0.11931015903239411
XLE__momentum_60__always__h5__unit__signal_flip__notional_cap_1,XLE,momentum_60,always,5,unit,signal_flip,notional_cap_1,false,false,false,true,true,false,0.03229381265863293,-0.0009232212961602232,-0.014324324584124054,-0.03889690536604484,-0.0064187081437319105,-0.03467063898341005,0.19475357710651828
XLE__momentum_60__always__h5__unit__signal_flip__vol_target_10,XLE,momentum_60,always,5,unit,signal_flip,vol_target_10,false,false,false,true,true,false,0.03666617839710303,0.016075035140212343,0.004987401257696295,-0.010735850663299693,-0.006937417182153457,-0.019214247237853893,0.12481728691461444
XLE__momentum_60__trend_100__h20__half__horizon__notional_cap_1,XLE,momentum_60,trend_100,20,half,horizon,notional_cap_1,false,false,false,true,true,false,0.02843326113573736,0.023927855302605026,-0.015474241808852127,-0.018626137194787874,0.03058751926759971,0.02649656710933243,0.025039745627980923
XLE__momentum_60__trend_100__h20__half__horizon__vol_target_10,XLE,momentum_60,trend_100,20,half,horizon,vol_target_10,false,false,false,true,true,false,0.029833187947581864,0.025367902893892576,-0.01467083828944073,-0.01790539164180195,0.005815605884063536,0.0020621313839731675,0.025695575633270195
XLE__momentum_60__trend_100__h20__half__signal_flip__notional_cap_1,XLE,momentum_60,trend_100,20,half,signal_flip,notional_cap_1,false,false,false,true,true,false,0.017896987282178582,0.011629765188153328,-0.009278509648487905,-0.01354380733775773,0.03504163085241983,0.02989935456172655,0.033783783783783786
XLE__momentum_60__trend_100__h20__half__signal_flip__vol_target_10,XLE,momentum_60,trend_100,20,half,signal_flip,vol_target_10,false,false,false,true,true,false,0.022832585728602188,0.016889396561577036,-0.007274488218719155,-0.011524489921703242,0.016203235824541647,0.011879736320963135,0.03365995643374185
XLE__momentum_60__trend_100__h20__unit__horizon__notional_cap_1,XLE,momentum_60,trend_100,20,unit,horizon,notional_cap_1,false,false,false,true,true,false,0.03290913460917488,0.023899431806446866,-0.043175851178174796,-0.04947341682366659,0.01559402301634455,0.0074432509492531745,0.050079491255961846
XLE__momentum_60__trend_100__h20__unit__horizon__vol_target_10,XLE,momentum_60,trend_100,20,unit,horizon,vol_target_10,false,false,false,true,true,false,0.041225467495516185,0.03410995609447214,-0.0178269027280972,-0.02299347433670556,-0.0036079897631511072,-0.0081538996641172,0.041059728752253194
XLE__momentum_60__trend_100__h20__unit__signal_flip__notional_cap_1,XLE,momentum_60,trend_100,20,unit,signal_flip,notional_cap_1,false,false,false,true,true,false,0.0185177504532174,0.005965418368507135,-0.028732133983458735,-0.03727981122702451,0.03171197333018792,0.021459243366142952,0.06756756756756757
XLE__momentum_60__trend_100__h20__unit__signal_flip__vol_target_10,XLE,momentum_60,trend_100,20,unit,signal_flip,vol_target_10,false,false,false,true,true,false,0.03471896801333711,0.025943325146733264,-0.007598397431957025,-0.013746295682991252,0.008469913684217737,0.0033527781374637893,0.04871023223451791
XLE__momentum_60__trend_100__h5__half__horizon__notional_cap_1,XLE,momentum_60,trend_100,5,half,horizon,notional_cap_1,false,false,false,true,true,false,-0.01944053752545788,-0.033550444692548066,-0.012913472735249003,-0.02278298282732702,0.008422667254376529,-0.00405489510152897,0.07829888712241653
XLE__momentum_60__trend_100__h5__half__horizon__vol_target_10,XLE,momentum_60,trend_100,5,half,horizon,vol_target_10,false,false,false,true,true,false,-0.00862786212395706,-0.021843230910594088,-0.01163550623935546,-0.021208618841644412,0.0010076783027619498,-0.008650187958273412,0.07594668801705755
XLE__momentum_60__trend_100__h5__half__signal_flip__notional_cap_1,XLE,momentum_60,trend_100,5,half,signal_flip,notional_cap_1,false,false,false,true,true,false,0.010479071396009162,-0.004375758452207499,0.009195085363072512,-0.001086717114346476,0.020610327283958004,0.0077456801894554075,0.08147853736089031
XLE__momentum_60__trend_100__h5__half__signal_flip__vol_target_10,XLE,momentum_60,trend_100,5,half,signal_flip,vol_target_10,false,false,false,true,true,false,0.01602393184662213,0.002156085088869257,0.008660737991110468,-0.0012828877345550526,0.010297050411945455,0.00042272909137209755,0.07880242186842669
XLE__momentum_60__trend_100__h5__unit__horizon__notional_cap_1,XLE,momentum_60,trend_100,5,unit,horizon,notional_cap_1,false,false,false,true,true,false,-0.056256203081964114,-0.08449185824039106,-0.0354283360920295,-0.055175056905492584,-0.016882205386309843,-0.04185286816446282,0.15659777424483307
XLE__momentum_60__trend_100__h5__unit__horizon__vol_target_10,XLE,momentum_60,trend_100,5,unit,horizon,vol_target_10,false,false,false,true,true,false,-0.0009116862491987624,-0.019414600572257443,-0.007598028615575993,-0.020564803418234176,-0.006823616778203976,-0.017849685865067983,0.10290317311929488
XLE__momentum_60__trend_100__h5__unit__signal_flip__notional_cap_1,XLE,momentum_60,trend_100,5,unit,signal_flip,notional_cap_1,false,false,false,true,true,false,0.006138293531056223,-0.023575065596909743,0.009962373248792494,-0.010632245245939082,0.00905742678289069,-0.016660303089555295,0.16295707472178061
XLE__momentum_60__trend_100__h5__unit__signal_flip__vol_target_10,XLE,momentum_60,trend_100,5,unit,signal_flip,vol_target_10,false,false,false,true,true,false,0.02388592611058407,0.004660510743708619,0.014734483765756333,0.001299802565326351,0.003911153694541102,-0.007318866265002682,0.10649682432332111
XLF__mean_reversion_5__always__h20__half__horizon__notional_cap_1,XLF,mean_reversion_5,always,20,half,horizon,notional_cap_1,false,false,false,true,true,false,0.049842517388033546,0.04457891773386977,0.029932694084141023,0.024521269884807684,0.008817822438446227,0.0038027729131380125,0.04292527821939587
XLF__mean_reversion_5__always__h20__half__horizon__vol_target_10,XLF,mean_reversion_5,always,20,half,horizon,vol_target_10,false,false,false,true,true,false,0.05047892060431276,0.045623400542770184,0.025577011558713766,0.020098750209962168,0.007417276175586209,0.0024213285060768978,0.04345394185692078
XLF__mean_reversion_5__always__h20__half__signal_flip__notional_cap_1,XLF,mean_reversion_5,always,20,half,signal_flip,notional_cap_1,false,false,false,true,true,false,0.05557242078838316,0.04183644925044258,0.016548005217577603,0.002813188412350142,0.007517900951040844,-0.004609049079691353,0.10890302066772654
XLF__mean_reversion_5__always__h20__half__signal_flip__vol_target_10,XLF,mean_reversion_5,always,20,half,signal_flip,vol_target_10,false,false,false,true,true,false,0.04553109148341277,0.03388308037359701,0.014453068802929129,0.0013078394040149472,0.00787861094612147,-0.00307583762791177,0.10421198277296571
XLF__mean_reversion_5__always__h20__unit__horizon__notional_cap_1,XLF,mean_reversion_5,always,20,unit,horizon,notional_cap_1,false,false,false,true,true,false,0.032020707962730266,0.021480216630843374,0.04027125010444904,0.029442723418403448,-0.026284417718393273,-0.036328717568433755,0.08585055643879173
XLF__mean_reversion_5__always__h20__unit__horizon__vol_target_10,XLF,mean_reversion_5,always,20,unit,horizon,vol_target_10,false,false,false,true,true,false,0.0613418874689369,0.05390223183665952,0.021697716731818653,0.011739923146889781,-0.0018308319360484764,-0.009750197267389347,0.07897912561728426
XLF__mean_reversion_5__always__h20__unit__signal_flip__notional_cap_1,XLF,mean_reversion_5,always,20,unit,signal_flip,notional_cap_1,false,false,false,true,true,false,0.07093247520651277,0.043441569187200796,0.021330612285254253,-0.006165093727388476,-0.017892129105216467,-0.042161455460259706,0.2178060413354531
XLF__mean_reversion_5__always__h20__unit__signal_flip__vol_target_10,XLF,mean_reversion_5,always,20,unit,signal_flip,vol_target_10,false,false,false,true,true,false,0.05172115853605623,0.03588388571943126,0.01698058339936278,-0.002992463967001052,0.007626001898727702,-0.007490242499539062,0.15821923099353477
XLF__mean_reversion_5__always__h5__half__horizon__notional_cap_1,XLF,mean_reversion_5,always,5,half,horizon,notional_cap_1,false,false,false,true,true,false,0.059651243279793736,0.04592376896748744,0.027204968934145615,0.01337129202972482,0.0345314217406174,0.021085669011528904,0.10969793322734499
XLF__mean_reversion_5__always__h5__half__horizon__vol_target_10,XLF,mean_reversion_5,always,5,half,horizon,vol_target_10,false,false,false,true,true,false,0.054559493903274726,0.0428688864999138,0.022951885133444167,0.009539968895690558,0.033237681367406895,0.02109141455442044,0.10634672587944989
XLF__mean_reversion_5__always__h5__half__signal_flip__notional_cap_1,XLF,mean_reversion_5,always,5,half,signal_flip,notional_cap_1,false,false,false,true,true,false,0.055555382989102765,0.03906589604635856,0.009239495041286556,-0.007500701458736214,-0.001463099170280053,-0.016610651604302334,0.1327503974562798
XLF__mean_reversion_5__always__h5__half__signal_flip__vol_target_10,XLF,mean_reversion_5,always,5,half,signal_flip,vol_target_10,false,false,false,true,true,false,0.049206091671134836,0.03533619348012573,0.007789074940679547,-0.008235714407998666,0.003865082652211622,-0.009750145763824984,0.1270743563411189
XLF__mean_reversion_5__always__h5__unit__horizon__notional_cap_1,XLF,mean_reversion_5,always,5,unit,horizon,notional_cap_1,false,false,false,true,true,false,0.07172323007281765,0.04426631295604283,0.041122018820842765,0.013431190376450547,0.038344103496651044,0.011403699893492623,0.21939586645468998
XLF__mean_reversion_5__always__h5__unit__horizon__vol_target_10,XLF,mean_reversion_5,always,5,unit,horizon,vol_target_10,false,false,false,true,true,false,0.06406413937492075,0.04809202620801126,0.023059584206764017,0.0029108671942704584,0.03369455366530953,0.017164330765100787,0.1597580264323595
XLF__mean_reversion_5__always__h5__unit__signal_flip__notional_cap_1,XLF,mean_reversion_5,always,5,unit,signal_flip,notional_cap_1,false,false,false,true,true,false,0.07212148692329853,0.039123804052984004,0.00749180846403294,-0.0260158773770756,-0.032721245647733904,-0.06306344266522206,0.2655007949125596
XLF__mean_reversion_5__always__h5__unit__signal_flip__vol_target_10,XLF,mean_reversion_5,always,5,unit,signal_flip,vol_target_10,false,false,false,true,true,false,0.05878544970414776,0.04027385542467592,0.009718966196201132,-0.013997205488590668,0.004725044353686789,-0.013732213002607492,0.18794073003949502
XLF__mean_reversion_5__trend_100__h20__half__horizon__notional_cap_1,XLF,mean_reversion_5,trend_100,20,half,horizon,notional_cap_1,false,false,false,true,true,false,0.057047508893570846,0.05325310487144663,0.007858755077259872,0.003950912943691796,0.019129767767955365,0.015517935961500447,0.031001589825119236
XLF__mean_reversion_5__trend_100__h20__half__horizon__vol_target_10,XLF,mean_reversion_5,trend_100,20,half,horizon,vol_target_10,false,false,false,true,true,false,0.044730364300279365,0.04110509693639663,0.005714693829598648,0.0017980488392866688,0.012845886931729994,0.00916539445859807,0.031070786994238934
XLF__mean_reversion_5__trend_100__h20__half__signal_flip__notional_cap_1,XLF,mean_reversion_5,trend_100,20,half,signal_flip,notional_cap_1,false,false,false,true,true,false,0.03697174552331899,0.026873708461242422,-0.006812389466085248,-0.016736789974531444,-0.034564070609070116,-0.04358284650775387,0.07869634340222575
XLF__mean_reversion_5__trend_100__h20__half__signal_flip__vol_target_10,XLF,mean_reversion_5,trend_100,20,half,signal_flip,vol_target_10,false,false,false,true,true,false,0.03701905584825919,0.027944211884605157,-0.007120256189184677,-0.016888192417642493,-0.009998694471160835,-0.018730678455639242,0.07744678872687191
XLF__mean_reversion_5__trend_100__h20__unit__horizon__notional_cap_1,XLF,mean_reversion_5,trend_100,20,unit,horizon,notional_cap_1,true,false,false,true,true,false,0.08852929915044225,0.08094506054538911,0.0026074622804220897,-0.005211505617920161,0.02224071495099477,0.01500483446603361,0.06200317965023847
XLF__mean_reversion_5__trend_100__h20__unit__horizon__vol_target_10,XLF,mean_reversion_5,trend_100,20,unit,horizon,vol_target_10,false,false,false,true,true,false,0.05703532433144708,0.051035184734825774,-0.0038568096991535364,-0.011519275488184062,0.002179479458990276,-0.003921266069650426,0.06076951227998605
XLF__mean_reversion_5__trend_100__h20__unit__signal_flip__notional_cap_1,XLF,mean_reversion_5,trend_100,20,unit,signal_flip,notional_cap_1,false,false,false,true,true,false,0.06203792513963337,0.04183915437477083,-0.020837780439857966,-0.040703903936281836,-0.09149525858890348,-0.10954174533149222,0.1573926868044515
XLF__mean_reversion_5__trend_100__h20__unit__signal_flip__vol_target_10,XLF,mean_reversion_5,trend_100,20,unit,signal_flip,vol_target_10,false,false,false,true,true,false,0.04351610613715741,0.030568733815544105,-0.006717583014182268,-0.022519051247467826,-0.012004093756829823,-0.02458733152133427,0.12519275869774646
XLF__mean_reversion_5__trend_100__h5__half__horizon__notional_cap_1,XLF,mean_reversion_5,trend_100,5,half,horizon,notional_cap_1,false,false,false,true,true,false,0.05429933969870518,0.045120224031858565,-0.0033078066595297697,-0.012529664634701568,0.018885423563735508,0.010158925309515258,0.07313195548489666
XLF__mean_reversion_5__trend_100__h5__half__horizon__vol_target_10,XLF,mean_reversion_5,trend_100,5,half,horizon,vol_target_10,false,false,false,true,true,false,0.03842413633418266,0.03007274794164076,-0.005197407497413301,-0.014300167339088319,0.01648529525633148,0.00800518352057528,0.07218136599947861
XLF__mean_reversion_5__trend_100__h5__half__signal_flip__notional_cap_1,XLF,mean_reversion_5,trend_100,5,half,signal_flip,notional_cap_1,false,false,false,true,true,false,0.029023798001391665,0.01784229300482667,-0.011261447790208736,-0.022687707623347302,-0.004768001849454142,-0.01499463300435965,0.09062003179650238
XLF__mean_reversion_5__trend_100__h5__half__signal_flip__vol_target_10,XLF,mean_reversion_5,trend_100,5,half,signal_flip,vol_target_10,false,false,false,true,true,false,0.029889781316312487,0.01984948580132677,-0.01213123534098962,-0.02337896414963827,-0.004948383770935645,-0.014819070544016977,0.08919573962515245
XLF__mean_reversion_5__trend_100__h5__unit__horizon__notional_cap_1,XLF,mean_reversion_5,trend_100,5,unit,horizon,notional_cap_1,false,false,false,true,true,false,0.09345734819879432,0.0750985014254476,-0.01422921073986814,-0.03268738985836136,0.02815567835669106,0.01067734829688479,0.14626391096979333
XLF__mean_reversion_5__trend_100__h5__unit__horizon__vol_target_10,XLF,mean_reversion_5,trend_100,5,unit,horizon,vol_target_10,false,false,false,true,true,false,0.044630200216596416,0.03249641589664192,-0.012253832558320328,-0.026929730678788236,0.013781471905126075,0.001455393618301111,0.1163674586523849
XLF__mean_reversion_5__trend_100__h5__unit__signal_flip__notional_cap_1,XLF,mean_reversion_5,trend_100,5,unit,signal_flip,notional_cap_1,false,false,false,true,true,false,0.04699495624397708,0.024631850165001898,-0.028286789571009954,-0.0511555808908456,-0.016804608351711513,-0.03727870053890109,0.18124006359300476
XLF__mean_reversion_5__trend_100__h5__unit__signal_flip__vol_target_10,XLF,mean_reversion_5,trend_100,5,unit,signal_flip,vol_target_10,false,false,false,true,true,false,0.03419087987666724,0.020099887150194406,-0.012810570140375368,-0.030628359100835743,-0.0066391970622956846,-0.02081666014493899,0.14120942534615416
XLF__momentum_20__always__h20__half__horizon__notional_cap_1,XLF,momentum_20,always,20,half,horizon,notional_cap_1,false,false,false,true,true,false,0.05201013383935237,0.046903637553933765,0.02243491823689402,0.017532853366508398,0.061390537731713074,0.056429014088588,0.038950715421303655
XLF__momentum_20__always__h20__half__horizon__vol_target_10,XLF,momentum_20,always,20,half,horizon,vol_target_10,false,false,false,true,true,false,0.05423627179166721,0.04948342560710923,0.01788007934382895,0.012940115406631552,0.05441088824221518,0.04946501893203739,0.039258707564595006
XLF__momentum_20__always__h20__half__signal_flip__notional_cap_1,XLF,momentum_20,always,20,half,signal_flip,notional_cap_1,false,false,false,true,true,false,0.04049433080907111,0.03151368122711909,0.014434937236574257,0.0060185773104024665,0.052196476238028026,0.044730798690633976,0.06677265500794913
XLF__momentum_20__always__h20__half__signal_flip__vol_target_10,XLF,momentum_20,always,20,half,signal_flip,vol_target_10,false,false,false,true,true,false,0.035421237554870935,0.027561500405160973,0.011095993385844063,0.0028356752012160544,0.04081732873527799,0.03389034693291545,0.06554550688916647
XLF__momentum_20__always__h20__unit__horizon__notional_cap_1,XLF,momentum_20,always,20,unit,horizon,notional_cap_1,false,false,false,true,true,false,0.05630015390045581,0.0460543012091125,0.02932557755806883,0.019532898362694867,0.09674252930523061,0.0868121740014108,0.07790143084260731
XLF__momentum_20__always__h20__unit__horizon__vol_target_10,XLF,momentum_20,always,20,unit,horizon,vol_target_10,false,false,false,true,true,false,0.06316804685727709,0.05545116746553719,0.00334130840293885,-0.0061004991333710595,0.053166472411991586,0.045140036732325105,0.0751223012630326
XLF__momentum_20__always__h20__unit__signal_flip__notional_cap_1,XLF,momentum_20,always,20,unit,signal_flip,notional_cap_1,false,false,false,true,true,false,0.04520653118330423,0.027224330206489525,0.019408105067123954,0.0025693744244399894,0.08693188587421066,0.07199286407891109,0.13354531001589826
XLF__momentum_20__always__h20__unit__signal_flip__vol_target_10,XLF,momentum_20,always,20,unit,signal_flip,vol_target_10,false,false,false,true,true,false,0.04338351542257968,0.03188690664860251,0.0069027199595878466,-0.006656384970765936,0.04697669632199919,0.03682427262102454,0.10765735765464131
XLF__momentum_20__always__h5__half__horizon__notional_cap_1,XLF,momentum_20,always,5,half,horizon,notional_cap_1,false,false,false,true,true,false,0.05152105231355503,0.03631883609557547,0.027753201207255572,0.012933459101120509,0.03397758555740988,0.0189031947029984,0.11764705882352941
XLF__momentum_20__always__h5__half__horizon__vol_target_10,XLF,momentum_20,always,5,half,horizon,vol_target_10,false,false,false,true,true,false,0.04639951142450621,0.03302852153064927,0.02363167153866435,0.008971835112975241,0.030741221433503437,0.016745362749435874,0.11638238545800196
XLF__momentum_20__always__h5__half__signal_flip__notional_cap_1,XLF,momentum_20,always,5,half,signal_flip,notional_cap_1,false,false,false,true,true,false,0.0342003720022282,0.017549110261475348,0.01490028876026554,-0.0017184648692388244,0.05079433822980301,0.03481604989009171,0.13195548489666137
XLF__momentum_20__always__h5__half__signal_flip__vol_target_10,XLF,momentum_20,always,5,half,signal_flip,vol_target_10,false,false,false,true,true,false,0.03001958808120351,0.015479914480467035,0.011577181883547805,-0.0047586246717762695,0.03699902501588716,0.022316601396447328,0.12971638278452147
XLF__momentum_20__always__h5__unit__horizon__notional_cap_1,XLF,momentum_20,always,5,unit,horizon,notional_cap_1,false,false,false,true,true,false,0.06799955759859101,0.03756420266044763,0.04629427700708284,0.01666236740607202,0.048993178477652284,0.018843468796095414,0.23529411764705882
XLF__momentum_20__always__h5__unit__horizon__vol_target_10,XLF,momentum_20,always,5,unit,horizon,vol_target_10,false,false,false,true,true,false,0.05431672979027283,0.03519250897125174,0.021638378079985657,-0.0016153874984830823,0.024792315430379276,0.004997431734956275,0.1847073865837155
XLF__momentum_20__always__h5__unit__signal_flip__notional_cap_1,XLF,momentum_20,always,5,unit,signal_flip,notional_cap_1,false,false,false,true,true,false,0.03662164165129683,0.0033106344233847923,0.021265905438518504,-0.011956326885540254,0.0858829713611835,0.05392053342364199,0.26391096979332274
XLF__momentum_20__always__h5__unit__signal_flip__vol_target_10,XLF,momentum_20,always,5,unit,signal_flip,vol_target_10,false,false,false,true,true,false,0.032662610479929514,0.012234082581686583,0.006756691835552263,-0.01874383691223651,0.03823411246234448,0.01763765305695814,0.20258906808792462
XLF__momentum_20__trend_100__h20__half__horizon__notional_cap_1,XLF,momentum_20,trend_100,20,half,horizon,notional_cap_1,false,false,false,true,true,false,0.05707130260818287,0.052591994197952914,0.01885797983874065,0.014355081909155857,0.05003427965980297,0.04567808946724344,0.03577106518282989
XLF__momentum_20__trend_100__h20__half__horizon__vol_target_10,XLF,momentum_20,trend_100,20,half,horizon,vol_target_10,false,false,false,true,true,false,0.05698060745325851,0.05268787862717739,0.01585153245984309,0.011337483724809683,0.04953166135817725,0.04511225133206405,0.03585899959914498
XLF__momentum_20__trend_100__h20__half__signal_flip__notional_cap_1,XLF,momentum_20,trend_100,20,half,signal_flip,notional_cap_1,false,false,false,true,true,false,0.03937679572552878,0.03189414268459818,0.014982684658021245,0.008168078711849528,0.03185042235695047,0.025494392581479123,0.05405405405405406
XLF__momentum_20__trend_100__h20__half__signal_flip__vol_target_10,XLF,momentum_20,trend_100,20,half,signal_flip,vol_target_10,false,false,false,true,true,false,0.03758872555583703,0.030717359466775573,0.013180929127955722,0.0063794912518332116,0.031374543502746245,0.02525354927980943,0.05395478744107415
XLF__momentum_20__trend_100__h20__unit__horizon__notional_cap_1,XLF,momentum_20,trend_100,20,unit,horizon,notional_cap_1,false,false,false,true,true,false,0.08543392036650645,0.07644516354677863,0.023745677701544336,0.0147483944092783,0.07992370369485564,0.07121277440315493,0.07154213036565978
XLF__momentum_20__trend_100__h20__unit__horizon__vol_target_10,XLF,momentum_20,trend_100,20,unit,horizon,vol_target_10,false,false,false,true,true,false,0.06843135967686939,0.06122264973308393,0.002524565293302498,-0.0064190681975852815,0.05286382734244477,0.04553897767715243,0.07106602713964529
XLF__momentum_20__trend_100__h20__unit__signal_flip__notional_cap_1,XLF,momentum_20,trend_100,20,unit,signal_flip,notional_cap_1,false,false,false,true,true,false,0.056216867670327055,0.04122267934766426,0.022071444514438106,0.008434642351372874,0.05073780071556022,0.03803387239268913,0.10810810810810811
XLF__momentum_20__trend_100__h20__unit__signal_flip__vol_target_10,XLF,momentum_20,trend_100,20,unit,signal_flip,vol_target_10,false,false,false,true,true,false,0.04558531234797107,0.035105962108399724,0.010506765377191042,-0.0014177172977616701,0.039498108013867786,0.030295893738919118,0.09464969682389288
XLF__momentum_20__trend_100__h5__half__horizon__notional_cap_1,XLF,momentum_20,trend_100,5,half,horizon,notional_cap_1,false,false,false,true,true,false,0.041469216917623536,0.028232730704485794,0.0192403833048564,0.006326491015155348,0.02040320252366643,0.00753745727382862,0.10254372019077901
XLF__momentum_20__trend_100__h5__half__horizon__vol_target_10,XLF,momentum_20,trend_100,5,half,horizon,vol_target_10,false,false,false,true,true,false,0.040298820995262455,0.028228624761331755,0.016470958702399768,0.003625275866049895,0.020350490021763736,0.008075684828785111,0.10200453099754196
XLF__momentum_20__trend_100__h5__half__signal_flip__notional_cap_1,XLF,momentum_20,trend_100,5,half,signal_flip,notional_cap_1,false,false,false,true,true,false,0.022899767877569862,0.00841974143043807,0.005988548452302723,-0.008231421144596945,0.020624229361314993,0.006953417013591006,0.11287758346581876
XLF__momentum_20__trend_100__h5__half__signal_flip__vol_target_10,XLF,momentum_20,trend_100,5,half,signal_flip,vol_target_10,false,false,false,true,true,false,0.026398688282764864,0.013265786794453477,0.0041616043991909695,-0.009972712040026078,0.022220409595015297,0.00926043945217854,0.11220558236860685
XLF__momentum_20__trend_100__h5__unit__horizon__notional_cap_1,XLF,momentum_20,trend_100,5,unit,horizon,notional_cap_1,false,false,false,true,true,false,0.061238623961884765,0.0347443347384729,0.030845733537390715,0.005031181866662841,0.027744504848242778,0.0020223823544559573,0.20508744038155802
XLF__momentum_20__trend_100__h5__unit__horizon__vol_target_10,XLF,momentum_20,trend_100,5,unit,horizon,vol_target_10,false,false,false,true,true,false,0.04684249809899132,0.029107778807438568,0.01317837423365652,-0.00790010559250563,0.015168823030787463,-0.002600441411984694,0.1674675250606936
XLF__momentum_20__trend_100__h5__unit__signal_flip__notional_cap_1,XLF,momentum_20,trend_100,5,unit,signal_flip,notional_cap_1,false,false,false,true,true,false,0.026154170848027736,-0.0028109680530821884,0.005074826559608531,-0.02335990079460379,0.030184281515212234,0.002844434350071489,0.22575516693163752
XLF__momentum_20__trend_100__h5__unit__signal_flip__vol_target_10,XLF,momentum_20,trend_100,5,unit,signal_flip,vol_target_10,false,false,false,true,true,false,0.028716107181380096,0.009733281533863452,-0.004015835497772957,-0.026956985891990918,0.026762045839430953,0.008223962057012268,0.1821940746267046
XLF__momentum_60__always__h20__half__horizon__notional_cap_1,XLF,momentum_60,always,20,half,horizon,notional_cap_1,false,false,false,true,true,false,0.058873195566682926,0.0541636547289866,0.03604790402704366,0.031035079509747203,0.04958509152128328,0.04478082868793034,0.0397456279809221
XLF__momentum_60__always__h20__half__horizon__vol_target_10,XLF,momentum_60,always,20,half,horizon,vol_target_10,false,false,false,true,true,false,0.04636696730939451,0.04187197231441068,0.03219740364457278,0.02713139615357022,0.045387974978761375,0.040552002363873546,0.040166017720081305
XLF__momentum_60__always__h20__half__signal_flip__notional_cap_1,XLF,momentum_60,always,20,half,signal_flip,notional_cap_1,false,false,false,true,true,false,0.0653299227221324,0.05886209095085609,0.024863178786229595,0.018152265357249994,0.03763656449015575,0.03173453844604095,0.05325914149443561
XLF__momentum_60__always__h20__half__signal_flip__vol_target_10,XLF,momentum_60,always,20,half,signal_flip,vol_target_10,false,false,false,true,true,false,0.05333572187437747,0.047407291609009264,0.02138342130651266,0.014746406657237518,0.03752766596465891,0.03188895639144797,0.05266896356465435
XLF__momentum_60__always__h20__unit__horizon__notional_cap_1,XLF,momentum_60,always,20,unit,horizon,notional_cap_1,false,false,false,true,true,true,0.08742709484951328,0.07801807057157564,0.056042697189255364,0.046007297371261906,0.07692524366859885,0.06732345465633177,0.0794912559618442
XLF__momentum_60__always__h20__unit__horizon__vol_target_10,XLF,momentum_60,always,20,unit,horizon,vol_target_10,false,false,false,true,true,true,0.048100077584940316,0.040516501361019704,0.025925148504926238,0.01612793015018095,0.04673762126657198,0.03877261989103734,0.07770782270202035
XLF__momentum_60__always__h20__unit__signal_flip__notional_cap_1,XLF,momentum_60,always,20,unit,signal_flip,notional_cap_1,true,true,true,true,true,true,0.10306152135210586,0.09012396910143772,0.037928858229178984,0.02450650816985838,0.05651560295267385,0.04472625871262164,0.10651828298887123
XLF__momentum_60__always__h20__unit__signal_flip__vol_target_10,XLF,momentum_60,always,20,unit,signal_flip,vol_target_10,false,false,false,true,true,true,0.05880518805672338,0.04961074545987814,0.01786780141867054,0.00658160349299893,0.04004312612938051,0.03111561337522825,0.08959354050888206
XLF__momentum_60__always__h5__half__horizon__notional_cap_1,XLF,momentum_60,always,5,half,horizon,notional_cap_1,false,false,false,true,true,false,0.05363799197650747,0.03810557326098471,0.018907246083511256,0.0033376334032226077,0.026263682327971466,0.010349665150189919,0.12360890302066772
XLF__momentum_60__always__h5__half__horizon__vol_target_10,XLF,momentum_60,always,5,half,horizon,vol_target_10,false,false,false,true,true,false,0.05133616208800312,0.03730250275497307,0.015428562701549228,0.0001305422248803539,0.03208359353976113,0.016964134672724878,0.12146210858047422
XLF__momentum_60__always__h5__half__signal_flip__notional_cap_1,XLF,momentum_60,always,5,half,signal_flip,notional_cap_1,false,false,false,true,true,false,0.0466608360435951,0.030249337302425558,0.02729599454829401,0.010864701834629464,0.03874930543777372,0.022334858514413514,0.13036565977742448
XLF__momentum_60__always__h5__half__signal_flip__vol_target_10,XLF,momentum_60,always,5,half,signal_flip,vol_target_10,false,false,false,true,true,false,0.04610491198246644,0.031324698542348435,0.024240696796588874,0.008146421121750881,0.04231857562470634,0.02676293150514201,0.12770441328737323
XLF__momentum_60__always__h5__unit__horizon__notional_cap_1,XLF,momentum_60,always,5,unit,horizon,notional_cap_1,false,false,false,true,true,false,0.08196375333649335,0.050875138077051324,0.026941903252963834,-0.004187103906982459,0.034335877165621774,0.002530364893287361,0.24721780604133545
XLF__momentum_60__always__h5__unit__horizon__vol_target_10,XLF,momentum_60,always,5,unit,horizon,vol_target_10,false,false,false,true,true,false,0.05659752066197091,0.03635311737828731,0.006261627190075548,-0.01822003081099554,0.04136351788468993,0.01981480425290625,0.19445364776159627
XLF__momentum_60__always__h5__unit__signal_flip__notional_cap_1,XLF,momentum_60,always,5,unit,signal_flip,notional_cap_1,false,false,false,true,true,false,0.06964041172404936,0.03678779424281493,0.04466376515660994,0.011790740565862753,0.06040968280037949,0.02760404137084968,0.26073131955484896
XLF__momentum_60__always__h5__unit__signal_flip__vol_target_10,XLF,momentum_60,always,5,unit,signal_flip,vol_target_10,false,false,false,true,true,false,0.053618146955496764,0.03245787745230316,0.026497671964993714,0.0010468606386004973,0.049883953545376704,0.027812473501052773,0.20208174445906055
XLF__momentum_60__trend_100__h20__half__horizon__notional_cap_1,XLF,momentum_60,trend_100,20,half,horizon,notional_cap_1,false,false,false,true,true,false,0.059216974117906364,0.054668830800927465,0.021780620596350657,0.017271365975467037,0.011951626967014534,0.007053213235763266,0.03577106518282989
XLF__momentum_60__trend_100__h20__half__horizon__vol_target_10,XLF,momentum_60,trend_100,20,half,horizon,vol_target_10,false,false,false,true,true,false,0.04972282430241797,0.045358197154951894,0.018483700655354242,0.013925672588369069,0.025395759933749644,0.02043745717186677,0.036152003614355166
XLF__momentum_60__trend_100__h20__half__signal_flip__notional_cap_1,XLF,momentum_60,trend_100,20,half,signal_flip,notional_cap_1,false,false,false,true,true,false,0.06536398413323405,0.05964727527327392,0.017075216271572047,0.011563769482834763,0.03991233428985134,0.034317752565122525,0.04372019077901431
XLF__momentum_60__trend_100__h20__half__signal_flip__vol_target_10,XLF,momentum_60,trend_100,20,half,signal_flip,vol_target_10,false,false,false,true,true,false,0.05186912527375043,0.04646934418573504,0.014142855650839559,0.008602876499297148,0.037411484890556033,0.03201183103607835,0.04394227218134271
XLF__momentum_60__trend_100__h20__unit__horizon__notional_cap_1,XLF,momentum_60,trend_100,20,unit,horizon,notional_cap_1,false,false,false,true,true,true,0.08878535342526792,0.07968814439576288,0.029365604801936465,0.020342894744475117,-0.01057115508901673,-0.020349229727853274,0.07154213036565978
XLF__momentum_60__trend_100__h20__unit__horizon__vol_target_10,XLF,momentum_60,trend_100,20,unit,horizon,vol_target_10,false,false,false,true,true,true,0.05305972502234803,0.04569439437541308,0.004768495410718809,-0.004029868205729682,0.0241372490670519,0.01595982220008488,0.06978906779537107
XLF__momentum_60__trend_100__h20__unit__signal_flip__notional_cap_1,XLF,momentum_60,trend_100,20,unit,signal_flip,notional_cap_1,true,false,false,true,true,true,0.10402085573823432,0.09258580837786398,0.0230107760560814,0.011982476977443864,0.062015362596607226,0.050854841739027455,0.08744038155802862
XLF__momentum_60__trend_100__h20__unit__signal_flip__vol_target_10,XLF,momentum_60,trend_100,20,unit,signal_flip,vol_target_10,false,false,false,true,true,true,0.05633499141565837,0.047744808969547844,0.009848494266622486,-5.802589559750736e-5,0.038723275197358555,0.03002227939667982,0.0786053223840891
XLF__momentum_60__trend_100__h5__half__horizon__notional_cap_1,XLF,momentum_60,trend_100,5,half,horizon,notional_cap_1,false,false,false,true,true,false,0.04776944410691799,0.032831436440234646,0.00823341017790672,-0.006443689281256792,0.030893673184703457,0.015578457913465613,0.11645468998410174
XLF__momentum_60__trend_100__h5__half__horizon__vol_target_10,XLF,momentum_60,trend_100,5,half,horizon,vol_target_10,false,false,false,true,true,false,0.043759812220637385,0.0301501442533093,0.004427299947384169,-0.010019124877705558,0.035085427445886185,0.020390572122426648,0.114640894883494
XLF__momentum_60__trend_100__h5__half__signal_flip__notional_cap_1,XLF,momentum_60,trend_100,5,half,signal_flip,notional_cap_1,false,false,false,true,true,false,0.05820545068747116,0.04263794061909597,0.013722231012495431,-0.001303629681036392,0.03722287863597234,0.021409771974783404,0.1192368839427663
XLF__momentum_60__trend_100__h5__half__signal_flip__vol_target_10,XLF,momentum_60,trend_100,5,half,signal_flip,vol_target_10,false,false,false,true,true,false,0.052604524462525414,0.038421397597969184,0.010757418025696318,-0.004037414067950184,0.03963923767388505,0.02456208596999046,0.11741648429502888
XLF__momentum_60__trend_100__h5__unit__horizon__notional_cap_1,XLF,momentum_60,trend_100,5,unit,horizon,notional_cap_1,false,false,false,true,true,false,0.071825368480652,0.041946185496037874,0.006121882365044733,-0.023239933595615648,0.04523213947967223,0.014619927043369528,0.2329093799682035
XLF__momentum_60__trend_100__h5__unit__horizon__vol_target_10,XLF,momentum_60,trend_100,5,unit,horizon,vol_target_10,false,false,false,true,true,false,0.049788062568637055,0.02999743005190704,-0.011085624517235371,-0.034416757102091716,0.04191999772781249,0.02075004016255093,0.18521532773194124
XLF__momentum_60__trend_100__h5__unit__signal_flip__notional_cap_1,XLF,momentum_60,trend_100,5,unit,signal_flip,notional_cap_1,false,false,false,true,true,false,0.09367708222008339,0.06253154525784094,0.018181057595291636,-0.011874690425258523,0.059158881793491915,0.0275566936225041,0.2384737678855326
XLF__momentum_60__trend_100__h5__unit__signal_flip__vol_target_10,XLF,momentum_60,trend_100,5,unit,signal_flip,vol_target_10,false,false,false,true,true,false,0.06323845334756947,0.04278220106442178,0.003540080868468269,-0.020235302677867696,0.046810285557481256,0.025176613754646957,0.18883917172982406
