discount,frontier0,frontier1,candidate,gap0,gap1,old_success,added_success,old_cost,added_cost,old_exposure,added_exposure,added_exposure_order,poor_zero_exposure,rich_nonnegative_exposure,relative_saturation,closure_increment0,closure_increment1,interaction,classification
1//2,0//1,2//1,4//1,4//1,2//1,0//1,0//1,0//1,0//1,0//1,0//1,true,true,true,true,0//1,0//1,0//1,separable
1//2,0//1,2//1,4//1,4//1,2//1,0//1,0//1,0//1,1//1,0//1,0//1,true,true,true,true,0//1,0//1,0//1,separable
1//2,0//1,2//1,4//1,4//1,2//1,0//1,0//1,0//1,2//1,0//1,0//1,true,true,true,true,0//1,0//1,0//1,separable
1//2,0//1,2//1,4//1,4//1,2//1,0//1,0//1,1//1,0//1,0//1,0//1,true,true,true,true,0//1,0//1,0//1,separable
1//2,0//1,2//1,4//1,4//1,2//1,0//1,0//1,1//1,1//1,0//1,0//1,true,true,true,true,0//1,0//1,0//1,separable
1//2,0//1,2//1,4//1,4//1,2//1,0//1,0//1,1//1,2//1,0//1,0//1,true,true,true,true,0//1,0//1,0//1,separable
1//2,0//1,2//1,4//1,4//1,2//1,0//1,0//1,2//1,0//1,0//1,0//1,true,true,true,true,0//1,0//1,0//1,separable
1//2,0//1,2//1,4//1,4//1,2//1,0//1,0//1,2//1,1//1,0//1,0//1,true,true,true,true,0//1,0//1,0//1,separable
1//2,0//1,2//1,4//1,4//1,2//1,0//1,0//1,2//1,2//1,0//1,0//1,true,true,true,true,0//1,0//1,0//1,separable
1//2,0//1,2//1,4//1,4//1,2//1,0//1,1//2,0//1,0//1,0//1,1//4,true,true,true,true,1//1,1//2,-1//2,substitutes
1//2,0//1,2//1,4//1,4//1,2//1,0//1,1//2,0//1,1//1,0//1,1//4,true,true,true,true,0//1,0//1,0//1,separable
1//2,0//1,2//1,4//1,4//1,2//1,0//1,1//2,0//1,2//1,0//1,1//4,true,true,true,true,0//1,0//1,0//1,separable
1//2,0//1,2//1,4//1,4//1,2//1,0//1,1//2,1//1,0//1,0//1,1//4,true,true,true,true,1//1,1//2,-1//2,substitutes
1//2,0//1,2//1,4//1,4//1,2//1,0//1,1//2,1//1,1//1,0//1,1//4,true,true,true,true,0//1,0//1,0//1,separable
1//2,0//1,2//1,4//1,4//1,2//1,0//1,1//2,1//1,2//1,0//1,1//4,true,true,true,true,0//1,0//1,0//1,separable
1//2,0//1,2//1,4//1,4//1,2//1,0//1,1//2,2//1,0//1,0//1,1//4,true,true,true,true,1//1,1//2,-1//2,substitutes
1//2,0//1,2//1,4//1,4//1,2//1,0//1,1//2,2//1,1//1,0//1,1//4,true,true,true,true,0//1,0//1,0//1,separable
1//2,0//1,2//1,4//1,4//1,2//1,0//1,1//2,2//1,2//1,0//1,1//4,true,true,true,true,0//1,0//1,0//1,separable
1//2,0//1,2//1,4//1,4//1,2//1,0//1,1//1,0//1,0//1,0//1,1//2,true,true,true,true,2//1,1//1,-1//1,substitutes
1//2,0//1,2//1,4//1,4//1,2//1,0//1,1//1,0//1,1//1,0//1,1//2,true,true,true,true,1//1,0//1,-1//1,substitutes
1//2,0//1,2//1,4//1,4//1,2//1,0//1,1//1,0//1,2//1,0//1,1//2,true,true,true,true,0//1,0//1,0//1,separable
1//2,0//1,2//1,4//1,4//1,2//1,0//1,1//1,1//1,0//1,0//1,1//2,true,true,true,true,2//1,1//1,-1//1,substitutes
1//2,0//1,2//1,4//1,4//1,2//1,0//1,1//1,1//1,1//1,0//1,1//2,true,true,true,true,1//1,0//1,-1//1,substitutes
1//2,0//1,2//1,4//1,4//1,2//1,0//1,1//1,1//1,2//1,0//1,1//2,true,true,true,true,0//1,0//1,0//1,separable
1//2,0//1,2//1,4//1,4//1,2//1,0//1,1//1,2//1,0//1,0//1,1//2,true,true,true,true,2//1,1//1,-1//1,substitutes
1//2,0//1,2//1,4//1,4//1,2//1,0//1,1//1,2//1,1//1,0//1,1//2,true,true,true,true,1//1,0//1,-1//1,substitutes
1//2,0//1,2//1,4//1,4//1,2//1,0//1,1//1,2//1,2//1,0//1,1//2,true,true,true,true,0//1,0//1,0//1,separable
1//2,0//1,2//1,4//1,4//1,2//1,1//2,0//1,0//1,0//1,1//4,0//1,false,false,true,false,0//1,0//1,0//1,separable
1//2,0//1,2//1,4//1,4//1,2//1,1//2,0//1,0//1,1//1,1//4,0//1,false,false,true,false,0//1,0//1,0//1,separable
1//2,0//1,2//1,4//1,4//1,2//1,1//2,0//1,0//1,2//1,1//4,0//1,false,false,true,false,0//1,0//1,0//1,separable
1//2,0//1,2//1,4//1,4//1,2//1,1//2,0//1,1//1,0//1,1//4,0//1,false,false,true,false,0//1,0//1,0//1,separable
1//2,0//1,2//1,4//1,4//1,2//1,1//2,0//1,1//1,1//1,1//4,0//1,false,false,true,false,0//1,0//1,0//1,separable
1//2,0//1,2//1,4//1,4//1,2//1,1//2,0//1,1//1,2//1,1//4,0//1,false,false,true,false,0//1,0//1,0//1,separable
1//2,0//1,2//1,4//1,4//1,2//1,1//2,0//1,2//1,0//1,1//4,0//1,false,false,true,false,0//1,0//1,0//1,separable
1//2,0//1,2//1,4//1,4//1,2//1,1//2,0//1,2//1,1//1,1//4,0//1,false,false,true,false,0//1,0//1,0//1,separable
1//2,0//1,2//1,4//1,4//1,2//1,1//2,0//1,2//1,2//1,1//4,0//1,false,false,true,false,0//1,0//1,0//1,separable
1//2,0//1,2//1,4//1,4//1,2//1,1//2,1//2,0//1,0//1,1//4,1//4,true,false,true,false,0//1,0//1,0//1,separable
1//2,0//1,2//1,4//1,4//1,2//1,1//2,1//2,0//1,1//1,1//4,1//4,true,false,true,false,0//1,0//1,0//1,separable
1//2,0//1,2//1,4//1,4//1,2//1,1//2,1//2,0//1,2//1,1//4,1//4,true,false,true,false,0//1,0//1,0//1,separable
1//2,0//1,2//1,4//1,4//1,2//1,1//2,1//2,1//1,0//1,1//4,1//4,true,false,true,false,1//1,1//2,-1//2,substitutes
1//2,0//1,2//1,4//1,4//1,2//1,1//2,1//2,1//1,1//1,1//4,1//4,true,false,true,false,0//1,0//1,0//1,separable
1//2,0//1,2//1,4//1,4//1,2//1,1//2,1//2,1//1,2//1,1//4,1//4,true,false,true,false,0//1,0//1,0//1,separable
1//2,0//1,2//1,4//1,4//1,2//1,1//2,1//2,2//1,0//1,1//4,1//4,true,false,true,false,1//1,1//2,-1//2,substitutes
1//2,0//1,2//1,4//1,4//1,2//1,1//2,1//2,2//1,1//1,1//4,1//4,true,false,true,false,0//1,0//1,0//1,separable
1//2,0//1,2//1,4//1,4//1,2//1,1//2,1//2,2//1,2//1,1//4,1//4,true,false,true,false,0//1,0//1,0//1,separable
1//2,0//1,2//1,4//1,4//1,2//1,1//2,1//1,0//1,0//1,1//4,1//2,true,false,true,false,1//1,1//2,-1//2,substitutes
1//2,0//1,2//1,4//1,4//1,2//1,1//2,1//1,0//1,1//1,1//4,1//2,true,false,true,false,0//1,0//1,0//1,separable
1//2,0//1,2//1,4//1,4//1,2//1,1//2,1//1,0//1,2//1,1//4,1//2,true,false,true,false,0//1,0//1,0//1,separable
1//2,0//1,2//1,4//1,4//1,2//1,1//2,1//1,1//1,0//1,1//4,1//2,true,false,true,false,2//1,1//1,-1//1,substitutes
1//2,0//1,2//1,4//1,4//1,2//1,1//2,1//1,1//1,1//1,1//4,1//2,true,false,true,false,1//1,0//1,-1//1,substitutes
1//2,0//1,2//1,4//1,4//1,2//1,1//2,1//1,1//1,2//1,1//4,1//2,true,false,true,false,0//1,0//1,0//1,separable
1//2,0//1,2//1,4//1,4//1,2//1,1//2,1//1,2//1,0//1,1//4,1//2,true,false,true,false,2//1,1//1,-1//1,substitutes
1//2,0//1,2//1,4//1,4//1,2//1,1//2,1//1,2//1,1//1,1//4,1//2,true,false,true,false,1//1,0//1,-1//1,substitutes
1//2,0//1,2//1,4//1,4//1,2//1,1//2,1//1,2//1,2//1,1//4,1//2,true,false,true,false,0//1,0//1,0//1,separable
1//2,0//1,2//1,4//1,4//1,2//1,1//1,0//1,0//1,0//1,1//2,0//1,false,false,true,false,0//1,0//1,0//1,separable
1//2,0//1,2//1,4//1,4//1,2//1,1//1,0//1,0//1,1//1,1//2,0//1,false,false,true,false,0//1,0//1,0//1,separable
1//2,0//1,2//1,4//1,4//1,2//1,1//1,0//1,0//1,2//1,1//2,0//1,false,false,true,false,0//1,0//1,0//1,separable
1//2,0//1,2//1,4//1,4//1,2//1,1//1,0//1,1//1,0//1,1//2,0//1,false,false,true,false,0//1,0//1,0//1,separable
1//2,0//1,2//1,4//1,4//1,2//1,1//1,0//1,1//1,1//1,1//2,0//1,false,false,true,false,0//1,0//1,0//1,separable
1//2,0//1,2//1,4//1,4//1,2//1,1//1,0//1,1//1,2//1,1//2,0//1,false,false,true,false,0//1,0//1,0//1,separable
1//2,0//1,2//1,4//1,4//1,2//1,1//1,0//1,2//1,0//1,1//2,0//1,false,false,true,false,0//1,0//1,0//1,separable
1//2,0//1,2//1,4//1,4//1,2//1,1//1,0//1,2//1,1//1,1//2,0//1,false,false,true,false,0//1,0//1,0//1,separable
1//2,0//1,2//1,4//1,4//1,2//1,1//1,0//1,2//1,2//1,1//2,0//1,false,false,true,false,0//1,0//1,0//1,separable
1//2,0//1,2//1,4//1,4//1,2//1,1//1,1//2,0//1,0//1,1//2,1//4,false,false,true,false,0//1,0//1,0//1,separable
1//2,0//1,2//1,4//1,4//1,2//1,1//1,1//2,0//1,1//1,1//2,1//4,false,false,true,false,0//1,0//1,0//1,separable
1//2,0//1,2//1,4//1,4//1,2//1,1//1,1//2,0//1,2//1,1//2,1//4,false,false,true,false,0//1,0//1,0//1,separable
1//2,0//1,2//1,4//1,4//1,2//1,1//1,1//2,1//1,0//1,1//2,1//4,false,false,true,false,0//1,1//2,1//2,complements
1//2,0//1,2//1,4//1,4//1,2//1,1//1,1//2,1//1,1//1,1//2,1//4,false,false,true,false,0//1,0//1,0//1,separable
1//2,0//1,2//1,4//1,4//1,2//1,1//1,1//2,1//1,2//1,1//2,1//4,false,false,true,false,0//1,0//1,0//1,separable
1//2,0//1,2//1,4//1,4//1,2//1,1//1,1//2,2//1,0//1,1//2,1//4,false,false,true,false,1//1,1//2,-1//2,substitutes
1//2,0//1,2//1,4//1,4//1,2//1,1//1,1//2,2//1,1//1,1//2,1//4,false,false,true,false,0//1,0//1,0//1,separable
1//2,0//1,2//1,4//1,4//1,2//1,1//1,1//2,2//1,2//1,1//2,1//4,false,false,true,false,0//1,0//1,0//1,separable
1//2,0//1,2//1,4//1,4//1,2//1,1//1,1//1,0//1,0//1,1//2,1//2,true,false,true,false,0//1,0//1,0//1,separable
1//2,0//1,2//1,4//1,4//1,2//1,1//1,1//1,0//1,1//1,1//2,1//2,true,false,true,false,0//1,0//1,0//1,separable
1//2,0//1,2//1,4//1,4//1,2//1,1//1,1//1,0//1,2//1,1//2,1//2,true,false,true,false,0//1,0//1,0//1,separable
1//2,0//1,2//1,4//1,4//1,2//1,1//1,1//1,1//1,0//1,1//2,1//2,true,false,true,false,1//1,1//1,0//1,separable
1//2,0//1,2//1,4//1,4//1,2//1,1//1,1//1,1//1,1//1,1//2,1//2,true,false,true,false,0//1,0//1,0//1,separable
1//2,0//1,2//1,4//1,4//1,2//1,1//1,1//1,1//1,2//1,1//2,1//2,true,false,true,false,0//1,0//1,0//1,separable
1//2,0//1,2//1,4//1,4//1,2//1,1//1,1//1,2//1,0//1,1//2,1//2,true,false,true,false,2//1,1//1,-1//1,substitutes
1//2,0//1,2//1,4//1,4//1,2//1,1//1,1//1,2//1,1//1,1//2,1//2,true,false,true,false,1//1,0//1,-1//1,substitutes
1//2,0//1,2//1,4//1,4//1,2//1,1//1,1//1,2//1,2//1,1//2,1//2,true,false,true,false,0//1,0//1,0//1,separable
1//2,0//1,2//1,10//1,10//1,8//1,0//1,0//1,0//1,0//1,0//1,0//1,true,true,true,true,0//1,0//1,0//1,separable
1//2,0//1,2//1,10//1,10//1,8//1,0//1,0//1,0//1,1//1,0//1,0//1,true,true,true,true,0//1,0//1,0//1,separable
1//2,0//1,2//1,10//1,10//1,8//1,0//1,0//1,0//1,2//1,0//1,0//1,true,true,true,true,0//1,0//1,0//1,separable
1//2,0//1,2//1,10//1,10//1,8//1,0//1,0//1,1//1,0//1,0//1,0//1,true,true,true,true,0//1,0//1,0//1,separable
1//2,0//1,2//1,10//1,10//1,8//1,0//1,0//1,1//1,1//1,0//1,0//1,true,true,true,true,0//1,0//1,0//1,separable
1//2,0//1,2//1,10//1,10//1,8//1,0//1,0//1,1//1,2//1,0//1,0//1,true,true,true,true,0//1,0//1,0//1,separable
1//2,0//1,2//1,10//1,10//1,8//1,0//1,0//1,2//1,0//1,0//1,0//1,true,true,true,true,0//1,0//1,0//1,separable
1//2,0//1,2//1,10//1,10//1,8//1,0//1,0//1,2//1,1//1,0//1,0//1,true,true,true,true,0//1,0//1,0//1,separable
1//2,0//1,2//1,10//1,10//1,8//1,0//1,0//1,2//1,2//1,0//1,0//1,true,true,true,true,0//1,0//1,0//1,separable
1//2,0//1,2//1,10//1,10//1,8//1,0//1,1//2,0//1,0//1,0//1,1//4,true,true,true,true,5//2,2//1,-1//2,substitutes
1//2,0//1,2//1,10//1,10//1,8//1,0//1,1//2,0//1,1//1,0//1,1//4,true,true,true,true,3//2,1//1,-1//2,substitutes
1//2,0//1,2//1,10//1,10//1,8//1,0//1,1//2,0//1,2//1,0//1,1//4,true,true,true,true,1//2,0//1,-1//2,substitutes
1//2,0//1,2//1,10//1,10//1,8//1,0//1,1//2,1//1,0//1,0//1,1//4,true,true,true,true,5//2,2//1,-1//2,substitutes
1//2,0//1,2//1,10//1,10//1,8//1,0//1,1//2,1//1,1//1,0//1,1//4,true,true,true,true,3//2,1//1,-1//2,substitutes
1//2,0//1,2//1,10//1,10//1,8//1,0//1,1//2,1//1,2//1,0//1,1//4,true,true,true,true,1//2,0//1,-1//2,substitutes
1//2,0//1,2//1,10//1,10//1,8//1,0//1,1//2,2//1,0//1,0//1,1//4,true,true,true,true,5//2,2//1,-1//2,substitutes
1//2,0//1,2//1,10//1,10//1,8//1,0//1,1//2,2//1,1//1,0//1,1//4,true,true,true,true,3//2,1//1,-1//2,substitutes
1//2,0//1,2//1,10//1,10//1,8//1,0//1,1//2,2//1,2//1,0//1,1//4,true,true,true,true,1//2,0//1,-1//2,substitutes
1//2,0//1,2//1,10//1,10//1,8//1,0//1,1//1,0//1,0//1,0//1,1//2,true,true,true,true,5//1,4//1,-1//1,substitutes
1//2,0//1,2//1,10//1,10//1,8//1,0//1,1//1,0//1,1//1,0//1,1//2,true,true,true,true,4//1,3//1,-1//1,substitutes
1//2,0//1,2//1,10//1,10//1,8//1,0//1,1//1,0//1,2//1,0//1,1//2,true,true,true,true,3//1,2//1,-1//1,substitutes
1//2,0//1,2//1,10//1,10//1,8//1,0//1,1//1,1//1,0//1,0//1,1//2,true,true,true,true,5//1,4//1,-1//1,substitutes
1//2,0//1,2//1,10//1,10//1,8//1,0//1,1//1,1//1,1//1,0//1,1//2,true,true,true,true,4//1,3//1,-1//1,substitutes
1//2,0//1,2//1,10//1,10//1,8//1,0//1,1//1,1//1,2//1,0//1,1//2,true,true,true,true,3//1,2//1,-1//1,substitutes
1//2,0//1,2//1,10//1,10//1,8//1,0//1,1//1,2//1,0//1,0//1,1//2,true,true,true,true,5//1,4//1,-1//1,substitutes
1//2,0//1,2//1,10//1,10//1,8//1,0//1,1//1,2//1,1//1,0//1,1//2,true,true,true,true,4//1,3//1,-1//1,substitutes
1//2,0//1,2//1,10//1,10//1,8//1,0//1,1//1,2//1,2//1,0//1,1//2,true,true,true,true,3//1,2//1,-1//1,substitutes
1//2,0//1,2//1,10//1,10//1,8//1,1//2,0//1,0//1,0//1,1//4,0//1,false,false,true,false,0//1,0//1,0//1,separable
1//2,0//1,2//1,10//1,10//1,8//1,1//2,0//1,0//1,1//1,1//4,0//1,false,false,true,false,0//1,0//1,0//1,separable
1//2,0//1,2//1,10//1,10//1,8//1,1//2,0//1,0//1,2//1,1//4,0//1,false,false,true,false,0//1,0//1,0//1,separable
1//2,0//1,2//1,10//1,10//1,8//1,1//2,0//1,1//1,0//1,1//4,0//1,false,false,true,false,0//1,0//1,0//1,separable
1//2,0//1,2//1,10//1,10//1,8//1,1//2,0//1,1//1,1//1,1//4,0//1,false,false,true,false,0//1,0//1,0//1,separable
1//2,0//1,2//1,10//1,10//1,8//1,1//2,0//1,1//1,2//1,1//4,0//1,false,false,true,false,0//1,0//1,0//1,separable
1//2,0//1,2//1,10//1,10//1,8//1,1//2,0//1,2//1,0//1,1//4,0//1,false,false,true,false,0//1,0//1,0//1,separable
1//2,0//1,2//1,10//1,10//1,8//1,1//2,0//1,2//1,1//1,1//4,0//1,false,false,true,false,0//1,0//1,0//1,separable
1//2,0//1,2//1,10//1,10//1,8//1,1//2,0//1,2//1,2//1,1//4,0//1,false,false,true,false,0//1,0//1,0//1,separable
1//2,0//1,2//1,10//1,10//1,8//1,1//2,1//2,0//1,0//1,1//4,1//4,true,false,true,false,0//1,0//1,0//1,separable
1//2,0//1,2//1,10//1,10//1,8//1,1//2,1//2,0//1,1//1,1//4,1//4,true,false,true,false,0//1,0//1,0//1,separable
1//2,0//1,2//1,10//1,10//1,8//1,1//2,1//2,0//1,2//1,1//4,1//4,true,false,true,false,0//1,0//1,0//1,separable
1//2,0//1,2//1,10//1,10//1,8//1,1//2,1//2,1//1,0//1,1//4,1//4,true,false,true,false,1//1,1//1,0//1,separable
1//2,0//1,2//1,10//1,10//1,8//1,1//2,1//2,1//1,1//1,1//4,1//4,true,false,true,false,0//1,0//1,0//1,separable
1//2,0//1,2//1,10//1,10//1,8//1,1//2,1//2,1//1,2//1,1//4,1//4,true,false,true,false,0//1,0//1,0//1,separable
1//2,0//1,2//1,10//1,10//1,8//1,1//2,1//2,2//1,0//1,1//4,1//4,true,false,true,false,2//1,2//1,0//1,separable
1//2,0//1,2//1,10//1,10//1,8//1,1//2,1//2,2//1,1//1,1//4,1//4,true,false,true,false,1//1,1//1,0//1,separable
1//2,0//1,2//1,10//1,10//1,8//1,1//2,1//2,2//1,2//1,1//4,1//4,true,false,true,false,0//1,0//1,0//1,separable
1//2,0//1,2//1,10//1,10//1,8//1,1//2,1//1,0//1,0//1,1//4,1//2,true,false,true,false,5//2,2//1,-1//2,substitutes
1//2,0//1,2//1,10//1,10//1,8//1,1//2,1//1,0//1,1//1,1//4,1//2,true,false,true,false,3//2,1//1,-1//2,substitutes
1//2,0//1,2//1,10//1,10//1,8//1,1//2,1//1,0//1,2//1,1//4,1//2,true,false,true,false,1//2,0//1,-1//2,substitutes
1//2,0//1,2//1,10//1,10//1,8//1,1//2,1//1,1//1,0//1,1//4,1//2,true,false,true,false,7//2,3//1,-1//2,substitutes
1//2,0//1,2//1,10//1,10//1,8//1,1//2,1//1,1//1,1//1,1//4,1//2,true,false,true,false,5//2,2//1,-1//2,substitutes
1//2,0//1,2//1,10//1,10//1,8//1,1//2,1//1,1//1,2//1,1//4,1//2,true,false,true,false,3//2,1//1,-1//2,substitutes
1//2,0//1,2//1,10//1,10//1,8//1,1//2,1//1,2//1,0//1,1//4,1//2,true,false,true,false,9//2,4//1,-1//2,substitutes
1//2,0//1,2//1,10//1,10//1,8//1,1//2,1//1,2//1,1//1,1//4,1//2,true,false,true,false,7//2,3//1,-1//2,substitutes
1//2,0//1,2//1,10//1,10//1,8//1,1//2,1//1,2//1,2//1,1//4,1//2,true,false,true,false,5//2,2//1,-1//2,substitutes
1//2,0//1,2//1,10//1,10//1,8//1,1//1,0//1,0//1,0//1,1//2,0//1,false,false,true,false,0//1,0//1,0//1,separable
1//2,0//1,2//1,10//1,10//1,8//1,1//1,0//1,0//1,1//1,1//2,0//1,false,false,true,false,0//1,0//1,0//1,separable
1//2,0//1,2//1,10//1,10//1,8//1,1//1,0//1,0//1,2//1,1//2,0//1,false,false,true,false,0//1,0//1,0//1,separable
1//2,0//1,2//1,10//1,10//1,8//1,1//1,0//1,1//1,0//1,1//2,0//1,false,false,true,false,0//1,0//1,0//1,separable
1//2,0//1,2//1,10//1,10//1,8//1,1//1,0//1,1//1,1//1,1//2,0//1,false,false,true,false,0//1,0//1,0//1,separable
1//2,0//1,2//1,10//1,10//1,8//1,1//1,0//1,1//1,2//1,1//2,0//1,false,false,true,false,0//1,0//1,0//1,separable
1//2,0//1,2//1,10//1,10//1,8//1,1//1,0//1,2//1,0//1,1//2,0//1,false,false,true,false,0//1,0//1,0//1,separable
1//2,0//1,2//1,10//1,10//1,8//1,1//1,0//1,2//1,1//1,1//2,0//1,false,false,true,false,0//1,0//1,0//1,separable
1//2,0//1,2//1,10//1,10//1,8//1,1//1,0//1,2//1,2//1,1//2,0//1,false,false,true,false,0//1,0//1,0//1,separable
1//2,0//1,2//1,10//1,10//1,8//1,1//1,1//2,0//1,0//1,1//2,1//4,false,false,true,false,0//1,0//1,0//1,separable
1//2,0//1,2//1,10//1,10//1,8//1,1//1,1//2,0//1,1//1,1//2,1//4,false,false,true,false,0//1,0//1,0//1,separable
1//2,0//1,2//1,10//1,10//1,8//1,1//1,1//2,0//1,2//1,1//2,1//4,false,false,true,false,0//1,0//1,0//1,separable
1//2,0//1,2//1,10//1,10//1,8//1,1//1,1//2,1//1,0//1,1//2,1//4,false,false,true,false,0//1,0//1,0//1,separable
1//2,0//1,2//1,10//1,10//1,8//1,1//1,1//2,1//1,1//1,1//2,1//4,false,false,true,false,0//1,0//1,0//1,separable
1//2,0//1,2//1,10//1,10//1,8//1,1//1,1//2,1//1,2//1,1//2,1//4,false,false,true,false,0//1,0//1,0//1,separable
1//2,0//1,2//1,10//1,10//1,8//1,1//1,1//2,2//1,0//1,1//2,1//4,false,false,true,false,0//1,0//1,0//1,separable
1//2,0//1,2//1,10//1,10//1,8//1,1//1,1//2,2//1,1//1,1//2,1//4,false,false,true,false,0//1,0//1,0//1,separable
1//2,0//1,2//1,10//1,10//1,8//1,1//1,1//2,2//1,2//1,1//2,1//4,false,false,true,false,0//1,0//1,0//1,separable
1//2,0//1,2//1,10//1,10//1,8//1,1//1,1//1,0//1,0//1,1//2,1//2,true,false,true,false,0//1,0//1,0//1,separable
1//2,0//1,2//1,10//1,10//1,8//1,1//1,1//1,0//1,1//1,1//2,1//2,true,false,true,false,0//1,0//1,0//1,separable
1//2,0//1,2//1,10//1,10//1,8//1,1//1,1//1,0//1,2//1,1//2,1//2,true,false,true,false,0//1,0//1,0//1,separable
1//2,0//1,2//1,10//1,10//1,8//1,1//1,1//1,1//1,0//1,1//2,1//2,true,false,true,false,1//1,1//1,0//1,separable
1//2,0//1,2//1,10//1,10//1,8//1,1//1,1//1,1//1,1//1,1//2,1//2,true,false,true,false,0//1,0//1,0//1,separable
1//2,0//1,2//1,10//1,10//1,8//1,1//1,1//1,1//1,2//1,1//2,1//2,true,false,true,false,0//1,0//1,0//1,separable
1//2,0//1,2//1,10//1,10//1,8//1,1//1,1//1,2//1,0//1,1//2,1//2,true,false,true,false,2//1,2//1,0//1,separable
1//2,0//1,2//1,10//1,10//1,8//1,1//1,1//1,2//1,1//1,1//2,1//2,true,false,true,false,1//1,1//1,0//1,separable
1//2,0//1,2//1,10//1,10//1,8//1,1//1,1//1,2//1,2//1,1//2,1//2,true,false,true,false,0//1,0//1,0//1,separable
1//2,0//1,4//1,4//1,4//1,0//1,0//1,0//1,0//1,0//1,0//1,0//1,true,true,true,true,0//1,0//1,0//1,separable
1//2,0//1,4//1,4//1,4//1,0//1,0//1,0//1,0//1,1//1,0//1,0//1,true,true,true,true,0//1,0//1,0//1,separable
1//2,0//1,4//1,4//1,4//1,0//1,0//1,0//1,0//1,2//1,0//1,0//1,true,true,true,true,0//1,0//1,0//1,separable
1//2,0//1,4//1,4//1,4//1,0//1,0//1,0//1,1//1,0//1,0//1,0//1,true,true,true,true,0//1,0//1,0//1,separable
1//2,0//1,4//1,4//1,4//1,0//1,0//1,0//1,1//1,1//1,0//1,0//1,true,true,true,true,0//1,0//1,0//1,separable
1//2,0//1,4//1,4//1,4//1,0//1,0//1,0//1,1//1,2//1,0//1,0//1,true,true,true,true,0//1,0//1,0//1,separable
1//2,0//1,4//1,4//1,4//1,0//1,0//1,0//1,2//1,0//1,0//1,0//1,true,true,true,true,0//1,0//1,0//1,separable
1//2,0//1,4//1,4//1,4//1,0//1,0//1,0//1,2//1,1//1,0//1,0//1,true,true,true,true,0//1,0//1,0//1,separable
1//2,0//1,4//1,4//1,4//1,0//1,0//1,0//1,2//1,2//1,0//1,0//1,true,true,true,true,0//1,0//1,0//1,separable
1//2,0//1,4//1,4//1,4//1,0//1,0//1,1//2,0//1,0//1,0//1,1//4,true,true,true,true,1//1,0//1,-1//1,substitutes
1//2,0//1,4//1,4//1,4//1,0//1,0//1,1//2,0//1,1//1,0//1,1//4,true,true,true,true,0//1,0//1,0//1,separable
1//2,0//1,4//1,4//1,4//1,0//1,0//1,1//2,0//1,2//1,0//1,1//4,true,true,true,true,0//1,0//1,0//1,separable
1//2,0//1,4//1,4//1,4//1,0//1,0//1,1//2,1//1,0//1,0//1,1//4,true,true,true,true,1//1,0//1,-1//1,substitutes
1//2,0//1,4//1,4//1,4//1,0//1,0//1,1//2,1//1,1//1,0//1,1//4,true,true,true,true,0//1,0//1,0//1,separable
1//2,0//1,4//1,4//1,4//1,0//1,0//1,1//2,1//1,2//1,0//1,1//4,true,true,true,true,0//1,0//1,0//1,separable
1//2,0//1,4//1,4//1,4//1,0//1,0//1,1//2,2//1,0//1,0//1,1//4,true,true,true,true,1//1,0//1,-1//1,substitutes
1//2,0//1,4//1,4//1,4//1,0//1,0//1,1//2,2//1,1//1,0//1,1//4,true,true,true,true,0//1,0//1,0//1,separable
1//2,0//1,4//1,4//1,4//1,0//1,0//1,1//2,2//1,2//1,0//1,1//4,true,true,true,true,0//1,0//1,0//1,separable
1//2,0//1,4//1,4//1,4//1,0//1,0//1,1//1,0//1,0//1,0//1,1//2,true,true,true,true,2//1,0//1,-2//1,substitutes
1//2,0//1,4//1,4//1,4//1,0//1,0//1,1//1,0//1,1//1,0//1,1//2,true,true,true,true,1//1,0//1,-1//1,substitutes
1//2,0//1,4//1,4//1,4//1,0//1,0//1,1//1,0//1,2//1,0//1,1//2,true,true,true,true,0//1,0//1,0//1,separable
1//2,0//1,4//1,4//1,4//1,0//1,0//1,1//1,1//1,0//1,0//1,1//2,true,true,true,true,2//1,0//1,-2//1,substitutes
1//2,0//1,4//1,4//1,4//1,0//1,0//1,1//1,1//1,1//1,0//1,1//2,true,true,true,true,1//1,0//1,-1//1,substitutes
1//2,0//1,4//1,4//1,4//1,0//1,0//1,1//1,1//1,2//1,0//1,1//2,true,true,true,true,0//1,0//1,0//1,separable
1//2,0//1,4//1,4//1,4//1,0//1,0//1,1//1,2//1,0//1,0//1,1//2,true,true,true,true,2//1,0//1,-2//1,substitutes
1//2,0//1,4//1,4//1,4//1,0//1,0//1,1//1,2//1,1//1,0//1,1//2,true,true,true,true,1//1,0//1,-1//1,substitutes
1//2,0//1,4//1,4//1,4//1,0//1,0//1,1//1,2//1,2//1,0//1,1//2,true,true,true,true,0//1,0//1,0//1,separable
1//2,0//1,4//1,4//1,4//1,0//1,1//2,0//1,0//1,0//1,1//4,0//1,false,false,true,false,0//1,0//1,0//1,separable
1//2,0//1,4//1,4//1,4//1,0//1,1//2,0//1,0//1,1//1,1//4,0//1,false,false,true,false,0//1,0//1,0//1,separable
1//2,0//1,4//1,4//1,4//1,0//1,1//2,0//1,0//1,2//1,1//4,0//1,false,false,true,false,0//1,0//1,0//1,separable
1//2,0//1,4//1,4//1,4//1,0//1,1//2,0//1,1//1,0//1,1//4,0//1,false,false,true,false,0//1,0//1,0//1,separable
1//2,0//1,4//1,4//1,4//1,0//1,1//2,0//1,1//1,1//1,1//4,0//1,false,false,true,false,0//1,0//1,0//1,separable
1//2,0//1,4//1,4//1,4//1,0//1,1//2,0//1,1//1,2//1,1//4,0//1,false,false,true,false,0//1,0//1,0//1,separable
1//2,0//1,4//1,4//1,4//1,0//1,1//2,0//1,2//1,0//1,1//4,0//1,false,false,true,false,0//1,0//1,0//1,separable
1//2,0//1,4//1,4//1,4//1,0//1,1//2,0//1,2//1,1//1,1//4,0//1,false,false,true,false,0//1,0//1,0//1,separable
1//2,0//1,4//1,4//1,4//1,0//1,1//2,0//1,2//1,2//1,1//4,0//1,false,false,true,false,0//1,0//1,0//1,separable
1//2,0//1,4//1,4//1,4//1,0//1,1//2,1//2,0//1,0//1,1//4,1//4,true,false,true,false,0//1,0//1,0//1,separable
1//2,0//1,4//1,4//1,4//1,0//1,1//2,1//2,0//1,1//1,1//4,1//4,true,false,true,false,0//1,0//1,0//1,separable
1//2,0//1,4//1,4//1,4//1,0//1,1//2,1//2,0//1,2//1,1//4,1//4,true,false,true,false,0//1,0//1,0//1,separable
1//2,0//1,4//1,4//1,4//1,0//1,1//2,1//2,1//1,0//1,1//4,1//4,true,false,true,false,1//1,0//1,-1//1,substitutes
1//2,0//1,4//1,4//1,4//1,0//1,1//2,1//2,1//1,1//1,1//4,1//4,true,false,true,false,0//1,0//1,0//1,separable
1//2,0//1,4//1,4//1,4//1,0//1,1//2,1//2,1//1,2//1,1//4,1//4,true,false,true,false,0//1,0//1,0//1,separable
1//2,0//1,4//1,4//1,4//1,0//1,1//2,1//2,2//1,0//1,1//4,1//4,true,false,true,false,1//1,0//1,-1//1,substitutes
1//2,0//1,4//1,4//1,4//1,0//1,1//2,1//2,2//1,1//1,1//4,1//4,true,false,true,false,0//1,0//1,0//1,separable
1//2,0//1,4//1,4//1,4//1,0//1,1//2,1//2,2//1,2//1,1//4,1//4,true,false,true,false,0//1,0//1,0//1,separable
1//2,0//1,4//1,4//1,4//1,0//1,1//2,1//1,0//1,0//1,1//4,1//2,true,false,true,false,1//1,0//1,-1//1,substitutes
1//2,0//1,4//1,4//1,4//1,0//1,1//2,1//1,0//1,1//1,1//4,1//2,true,false,true,false,0//1,0//1,0//1,separable
1//2,0//1,4//1,4//1,4//1,0//1,1//2,1//1,0//1,2//1,1//4,1//2,true,false,true,false,0//1,0//1,0//1,separable
1//2,0//1,4//1,4//1,4//1,0//1,1//2,1//1,1//1,0//1,1//4,1//2,true,false,true,false,2//1,0//1,-2//1,substitutes
1//2,0//1,4//1,4//1,4//1,0//1,1//2,1//1,1//1,1//1,1//4,1//2,true,false,true,false,1//1,0//1,-1//1,substitutes
1//2,0//1,4//1,4//1,4//1,0//1,1//2,1//1,1//1,2//1,1//4,1//2,true,false,true,false,0//1,0//1,0//1,separable
1//2,0//1,4//1,4//1,4//1,0//1,1//2,1//1,2//1,0//1,1//4,1//2,true,false,true,false,2//1,0//1,-2//1,substitutes
1//2,0//1,4//1,4//1,4//1,0//1,1//2,1//1,2//1,1//1,1//4,1//2,true,false,true,false,1//1,0//1,-1//1,substitutes
1//2,0//1,4//1,4//1,4//1,0//1,1//2,1//1,2//1,2//1,1//4,1//2,true,false,true,false,0//1,0//1,0//1,separable
1//2,0//1,4//1,4//1,4//1,0//1,1//1,0//1,0//1,0//1,1//2,0//1,false,false,true,false,0//1,0//1,0//1,separable
1//2,0//1,4//1,4//1,4//1,0//1,1//1,0//1,0//1,1//1,1//2,0//1,false,false,true,false,0//1,0//1,0//1,separable
1//2,0//1,4//1,4//1,4//1,0//1,1//1,0//1,0//1,2//1,1//2,0//1,false,false,true,false,0//1,0//1,0//1,separable
1//2,0//1,4//1,4//1,4//1,0//1,1//1,0//1,1//1,0//1,1//2,0//1,false,false,true,false,0//1,0//1,0//1,separable
1//2,0//1,4//1,4//1,4//1,0//1,1//1,0//1,1//1,1//1,1//2,0//1,false,false,true,false,0//1,0//1,0//1,separable
1//2,0//1,4//1,4//1,4//1,0//1,1//1,0//1,1//1,2//1,1//2,0//1,false,false,true,false,0//1,0//1,0//1,separable
1//2,0//1,4//1,4//1,4//1,0//1,1//1,0//1,2//1,0//1,1//2,0//1,false,false,true,false,0//1,0//1,0//1,separable
1//2,0//1,4//1,4//1,4//1,0//1,1//1,0//1,2//1,1//1,1//2,0//1,false,false,true,false,0//1,0//1,0//1,separable
1//2,0//1,4//1,4//1,4//1,0//1,1//1,0//1,2//1,2//1,1//2,0//1,false,false,true,false,0//1,0//1,0//1,separable
1//2,0//1,4//1,4//1,4//1,0//1,1//1,1//2,0//1,0//1,1//2,1//4,false,false,true,false,0//1,0//1,0//1,separable
1//2,0//1,4//1,4//1,4//1,0//1,1//1,1//2,0//1,1//1,1//2,1//4,false,false,true,false,0//1,0//1,0//1,separable
1//2,0//1,4//1,4//1,4//1,0//1,1//1,1//2,0//1,2//1,1//2,1//4,false,false,true,false,0//1,0//1,0//1,separable
1//2,0//1,4//1,4//1,4//1,0//1,1//1,1//2,1//1,0//1,1//2,1//4,false,false,true,false,0//1,0//1,0//1,separable
1//2,0//1,4//1,4//1,4//1,0//1,1//1,1//2,1//1,1//1,1//2,1//4,false,false,true,false,0//1,0//1,0//1,separable
1//2,0//1,4//1,4//1,4//1,0//1,1//1,1//2,1//1,2//1,1//2,1//4,false,false,true,false,0//1,0//1,0//1,separable
1//2,0//1,4//1,4//1,4//1,0//1,1//1,1//2,2//1,0//1,1//2,1//4,false,false,true,false,1//1,0//1,-1//1,substitutes
1//2,0//1,4//1,4//1,4//1,0//1,1//1,1//2,2//1,1//1,1//2,1//4,false,false,true,false,0//1,0//1,0//1,separable
1//2,0//1,4//1,4//1,4//1,0//1,1//1,1//2,2//1,2//1,1//2,1//4,false,false,true,false,0//1,0//1,0//1,separable
1//2,0//1,4//1,4//1,4//1,0//1,1//1,1//1,0//1,0//1,1//2,1//2,true,false,true,false,0//1,0//1,0//1,separable
1//2,0//1,4//1,4//1,4//1,0//1,1//1,1//1,0//1,1//1,1//2,1//2,true,false,true,false,0//1,0//1,0//1,separable
1//2,0//1,4//1,4//1,4//1,0//1,1//1,1//1,0//1,2//1,1//2,1//2,true,false,true,false,0//1,0//1,0//1,separable
1//2,0//1,4//1,4//1,4//1,0//1,1//1,1//1,1//1,0//1,1//2,1//2,true,false,true,false,1//1,0//1,-1//1,substitutes
1//2,0//1,4//1,4//1,4//1,0//1,1//1,1//1,1//1,1//1,1//2,1//2,true,false,true,false,0//1,0//1,0//1,separable
1//2,0//1,4//1,4//1,4//1,0//1,1//1,1//1,1//1,2//1,1//2,1//2,true,false,true,false,0//1,0//1,0//1,separable
1//2,0//1,4//1,4//1,4//1,0//1,1//1,1//1,2//1,0//1,1//2,1//2,true,false,true,false,2//1,0//1,-2//1,substitutes
1//2,0//1,4//1,4//1,4//1,0//1,1//1,1//1,2//1,1//1,1//2,1//2,true,false,true,false,1//1,0//1,-1//1,substitutes
1//2,0//1,4//1,4//1,4//1,0//1,1//1,1//1,2//1,2//1,1//2,1//2,true,false,true,false,0//1,0//1,0//1,separable
1//2,0//1,4//1,10//1,10//1,6//1,0//1,0//1,0//1,0//1,0//1,0//1,true,true,true,true,0//1,0//1,0//1,separable
1//2,0//1,4//1,10//1,10//1,6//1,0//1,0//1,0//1,1//1,0//1,0//1,true,true,true,true,0//1,0//1,0//1,separable
1//2,0//1,4//1,10//1,10//1,6//1,0//1,0//1,0//1,2//1,0//1,0//1,true,true,true,true,0//1,0//1,0//1,separable
1//2,0//1,4//1,10//1,10//1,6//1,0//1,0//1,1//1,0//1,0//1,0//1,true,true,true,true,0//1,0//1,0//1,separable
1//2,0//1,4//1,10//1,10//1,6//1,0//1,0//1,1//1,1//1,0//1,0//1,true,true,true,true,0//1,0//1,0//1,separable
1//2,0//1,4//1,10//1,10//1,6//1,0//1,0//1,1//1,2//1,0//1,0//1,true,true,true,true,0//1,0//1,0//1,separable
1//2,0//1,4//1,10//1,10//1,6//1,0//1,0//1,2//1,0//1,0//1,0//1,true,true,true,true,0//1,0//1,0//1,separable
1//2,0//1,4//1,10//1,10//1,6//1,0//1,0//1,2//1,1//1,0//1,0//1,true,true,true,true,0//1,0//1,0//1,separable
1//2,0//1,4//1,10//1,10//1,6//1,0//1,0//1,2//1,2//1,0//1,0//1,true,true,true,true,0//1,0//1,0//1,separable
1//2,0//1,4//1,10//1,10//1,6//1,0//1,1//2,0//1,0//1,0//1,1//4,true,true,true,true,5//2,3//2,-1//1,substitutes
1//2,0//1,4//1,10//1,10//1,6//1,0//1,1//2,0//1,1//1,0//1,1//4,true,true,true,true,3//2,1//2,-1//1,substitutes
1//2,0//1,4//1,10//1,10//1,6//1,0//1,1//2,0//1,2//1,0//1,1//4,true,true,true,true,1//2,0//1,-1//2,substitutes
1//2,0//1,4//1,10//1,10//1,6//1,0//1,1//2,1//1,0//1,0//1,1//4,true,true,true,true,5//2,3//2,-1//1,substitutes
1//2,0//1,4//1,10//1,10//1,6//1,0//1,1//2,1//1,1//1,0//1,1//4,true,true,true,true,3//2,1//2,-1//1,substitutes
1//2,0//1,4//1,10//1,10//1,6//1,0//1,1//2,1//1,2//1,0//1,1//4,true,true,true,true,1//2,0//1,-1//2,substitutes
1//2,0//1,4//1,10//1,10//1,6//1,0//1,1//2,2//1,0//1,0//1,1//4,true,true,true,true,5//2,3//2,-1//1,substitutes
1//2,0//1,4//1,10//1,10//1,6//1,0//1,1//2,2//1,1//1,0//1,1//4,true,true,true,true,3//2,1//2,-1//1,substitutes
1//2,0//1,4//1,10//1,10//1,6//1,0//1,1//2,2//1,2//1,0//1,1//4,true,true,true,true,1//2,0//1,-1//2,substitutes
1//2,0//1,4//1,10//1,10//1,6//1,0//1,1//1,0//1,0//1,0//1,1//2,true,true,true,true,5//1,3//1,-2//1,substitutes
1//2,0//1,4//1,10//1,10//1,6//1,0//1,1//1,0//1,1//1,0//1,1//2,true,true,true,true,4//1,2//1,-2//1,substitutes
1//2,0//1,4//1,10//1,10//1,6//1,0//1,1//1,0//1,2//1,0//1,1//2,true,true,true,true,3//1,1//1,-2//1,substitutes
1//2,0//1,4//1,10//1,10//1,6//1,0//1,1//1,1//1,0//1,0//1,1//2,true,true,true,true,5//1,3//1,-2//1,substitutes
1//2,0//1,4//1,10//1,10//1,6//1,0//1,1//1,1//1,1//1,0//1,1//2,true,true,true,true,4//1,2//1,-2//1,substitutes
1//2,0//1,4//1,10//1,10//1,6//1,0//1,1//1,1//1,2//1,0//1,1//2,true,true,true,true,3//1,1//1,-2//1,substitutes
1//2,0//1,4//1,10//1,10//1,6//1,0//1,1//1,2//1,0//1,0//1,1//2,true,true,true,true,5//1,3//1,-2//1,substitutes
1//2,0//1,4//1,10//1,10//1,6//1,0//1,1//1,2//1,1//1,0//1,1//2,true,true,true,true,4//1,2//1,-2//1,substitutes
1//2,0//1,4//1,10//1,10//1,6//1,0//1,1//1,2//1,2//1,0//1,1//2,true,true,true,true,3//1,1//1,-2//1,substitutes
1//2,0//1,4//1,10//1,10//1,6//1,1//2,0//1,0//1,0//1,1//4,0//1,false,false,true,false,0//1,0//1,0//1,separable
1//2,0//1,4//1,10//1,10//1,6//1,1//2,0//1,0//1,1//1,1//4,0//1,false,false,true,false,0//1,0//1,0//1,separable
1//2,0//1,4//1,10//1,10//1,6//1,1//2,0//1,0//1,2//1,1//4,0//1,false,false,true,false,0//1,0//1,0//1,separable
1//2,0//1,4//1,10//1,10//1,6//1,1//2,0//1,1//1,0//1,1//4,0//1,false,false,true,false,0//1,0//1,0//1,separable
1//2,0//1,4//1,10//1,10//1,6//1,1//2,0//1,1//1,1//1,1//4,0//1,false,false,true,false,0//1,0//1,0//1,separable
1//2,0//1,4//1,10//1,10//1,6//1,1//2,0//1,1//1,2//1,1//4,0//1,false,false,true,false,0//1,0//1,0//1,separable
1//2,0//1,4//1,10//1,10//1,6//1,1//2,0//1,2//1,0//1,1//4,0//1,false,false,true,false,0//1,0//1,0//1,separable
1//2,0//1,4//1,10//1,10//1,6//1,1//2,0//1,2//1,1//1,1//4,0//1,false,false,true,false,0//1,0//1,0//1,separable
1//2,0//1,4//1,10//1,10//1,6//1,1//2,0//1,2//1,2//1,1//4,0//1,false,false,true,false,0//1,0//1,0//1,separable
1//2,0//1,4//1,10//1,10//1,6//1,1//2,1//2,0//1,0//1,1//4,1//4,true,false,true,false,0//1,0//1,0//1,separable
1//2,0//1,4//1,10//1,10//1,6//1,1//2,1//2,0//1,1//1,1//4,1//4,true,false,true,false,0//1,0//1,0//1,separable
1//2,0//1,4//1,10//1,10//1,6//1,1//2,1//2,0//1,2//1,1//4,1//4,true,false,true,false,0//1,0//1,0//1,separable
1//2,0//1,4//1,10//1,10//1,6//1,1//2,1//2,1//1,0//1,1//4,1//4,true,false,true,false,1//1,1//1,0//1,separable
1//2,0//1,4//1,10//1,10//1,6//1,1//2,1//2,1//1,1//1,1//4,1//4,true,false,true,false,0//1,0//1,0//1,separable
1//2,0//1,4//1,10//1,10//1,6//1,1//2,1//2,1//1,2//1,1//4,1//4,true,false,true,false,0//1,0//1,0//1,separable
1//2,0//1,4//1,10//1,10//1,6//1,1//2,1//2,2//1,0//1,1//4,1//4,true,false,true,false,2//1,3//2,-1//2,substitutes
1//2,0//1,4//1,10//1,10//1,6//1,1//2,1//2,2//1,1//1,1//4,1//4,true,false,true,false,1//1,1//2,-1//2,substitutes
1//2,0//1,4//1,10//1,10//1,6//1,1//2,1//2,2//1,2//1,1//4,1//4,true,false,true,false,0//1,0//1,0//1,separable
1//2,0//1,4//1,10//1,10//1,6//1,1//2,1//1,0//1,0//1,1//4,1//2,true,false,true,false,5//2,3//2,-1//1,substitutes
1//2,0//1,4//1,10//1,10//1,6//1,1//2,1//1,0//1,1//1,1//4,1//2,true,false,true,false,3//2,1//2,-1//1,substitutes
1//2,0//1,4//1,10//1,10//1,6//1,1//2,1//1,0//1,2//1,1//4,1//2,true,false,true,false,1//2,0//1,-1//2,substitutes
1//2,0//1,4//1,10//1,10//1,6//1,1//2,1//1,1//1,0//1,1//4,1//2,true,false,true,false,7//2,5//2,-1//1,substitutes
1//2,0//1,4//1,10//1,10//1,6//1,1//2,1//1,1//1,1//1,1//4,1//2,true,false,true,false,5//2,3//2,-1//1,substitutes
1//2,0//1,4//1,10//1,10//1,6//1,1//2,1//1,1//1,2//1,1//4,1//2,true,false,true,false,3//2,1//2,-1//1,substitutes
1//2,0//1,4//1,10//1,10//1,6//1,1//2,1//1,2//1,0//1,1//4,1//2,true,false,true,false,9//2,3//1,-3//2,substitutes
1//2,0//1,4//1,10//1,10//1,6//1,1//2,1//1,2//1,1//1,1//4,1//2,true,false,true,false,7//2,2//1,-3//2,substitutes
1//2,0//1,4//1,10//1,10//1,6//1,1//2,1//1,2//1,2//1,1//4,1//2,true,false,true,false,5//2,1//1,-3//2,substitutes
1//2,0//1,4//1,10//1,10//1,6//1,1//1,0//1,0//1,0//1,1//2,0//1,false,false,true,false,0//1,0//1,0//1,separable
1//2,0//1,4//1,10//1,10//1,6//1,1//1,0//1,0//1,1//1,1//2,0//1,false,false,true,false,0//1,0//1,0//1,separable
1//2,0//1,4//1,10//1,10//1,6//1,1//1,0//1,0//1,2//1,1//2,0//1,false,false,true,false,0//1,0//1,0//1,separable
1//2,0//1,4//1,10//1,10//1,6//1,1//1,0//1,1//1,0//1,1//2,0//1,false,false,true,false,0//1,0//1,0//1,separable
1//2,0//1,4//1,10//1,10//1,6//1,1//1,0//1,1//1,1//1,1//2,0//1,false,false,true,false,0//1,0//1,0//1,separable
1//2,0//1,4//1,10//1,10//1,6//1,1//1,0//1,1//1,2//1,1//2,0//1,false,false,true,false,0//1,0//1,0//1,separable
1//2,0//1,4//1,10//1,10//1,6//1,1//1,0//1,2//1,0//1,1//2,0//1,false,false,true,false,0//1,0//1,0//1,separable
1//2,0//1,4//1,10//1,10//1,6//1,1//1,0//1,2//1,1//1,1//2,0//1,false,false,true,false,0//1,0//1,0//1,separable
1//2,0//1,4//1,10//1,10//1,6//1,1//1,0//1,2//1,2//1,1//2,0//1,false,false,true,false,0//1,0//1,0//1,separable
1//2,0//1,4//1,10//1,10//1,6//1,1//1,1//2,0//1,0//1,1//2,1//4,false,false,true,false,0//1,0//1,0//1,separable
1//2,0//1,4//1,10//1,10//1,6//1,1//1,1//2,0//1,1//1,1//2,1//4,false,false,true,false,0//1,0//1,0//1,separable
1//2,0//1,4//1,10//1,10//1,6//1,1//1,1//2,0//1,2//1,1//2,1//4,false,false,true,false,0//1,0//1,0//1,separable
1//2,0//1,4//1,10//1,10//1,6//1,1//1,1//2,1//1,0//1,1//2,1//4,false,false,true,false,0//1,0//1,0//1,separable
1//2,0//1,4//1,10//1,10//1,6//1,1//1,1//2,1//1,1//1,1//2,1//4,false,false,true,false,0//1,0//1,0//1,separable
1//2,0//1,4//1,10//1,10//1,6//1,1//1,1//2,1//1,2//1,1//2,1//4,false,false,true,false,0//1,0//1,0//1,separable
1//2,0//1,4//1,10//1,10//1,6//1,1//1,1//2,2//1,0//1,1//2,1//4,false,false,true,false,0//1,1//2,1//2,complements
1//2,0//1,4//1,10//1,10//1,6//1,1//1,1//2,2//1,1//1,1//2,1//4,false,false,true,false,0//1,0//1,0//1,separable
1//2,0//1,4//1,10//1,10//1,6//1,1//1,1//2,2//1,2//1,1//2,1//4,false,false,true,false,0//1,0//1,0//1,separable
1//2,0//1,4//1,10//1,10//1,6//1,1//1,1//1,0//1,0//1,1//2,1//2,true,false,true,false,0//1,0//1,0//1,separable
1//2,0//1,4//1,10//1,10//1,6//1,1//1,1//1,0//1,1//1,1//2,1//2,true,false,true,false,0//1,0//1,0//1,separable
1//2,0//1,4//1,10//1,10//1,6//1,1//1,1//1,0//1,2//1,1//2,1//2,true,false,true,false,0//1,0//1,0//1,separable
1//2,0//1,4//1,10//1,10//1,6//1,1//1,1//1,1//1,0//1,1//2,1//2,true,false,true,false,1//1,1//1,0//1,separable
1//2,0//1,4//1,10//1,10//1,6//1,1//1,1//1,1//1,1//1,1//2,1//2,true,false,true,false,0//1,0//1,0//1,separable
1//2,0//1,4//1,10//1,10//1,6//1,1//1,1//1,1//1,2//1,1//2,1//2,true,false,true,false,0//1,0//1,0//1,separable
1//2,0//1,4//1,10//1,10//1,6//1,1//1,1//1,2//1,0//1,1//2,1//2,true,false,true,false,2//1,2//1,0//1,separable
1//2,0//1,4//1,10//1,10//1,6//1,1//1,1//1,2//1,1//1,1//2,1//2,true,false,true,false,1//1,1//1,0//1,separable
1//2,0//1,4//1,10//1,10//1,6//1,1//1,1//1,2//1,2//1,1//2,1//2,true,false,true,false,0//1,0//1,0//1,separable
1//2,0//1,6//1,4//1,4//1,0//1,0//1,0//1,0//1,0//1,0//1,0//1,true,true,true,true,0//1,0//1,0//1,separable
1//2,0//1,6//1,4//1,4//1,0//1,0//1,0//1,0//1,1//1,0//1,0//1,true,true,true,true,0//1,0//1,0//1,separable
1//2,0//1,6//1,4//1,4//1,0//1,0//1,0//1,0//1,2//1,0//1,0//1,true,true,true,true,0//1,0//1,0//1,separable
1//2,0//1,6//1,4//1,4//1,0//1,0//1,0//1,1//1,0//1,0//1,0//1,true,true,true,true,0//1,0//1,0//1,separable
1//2,0//1,6//1,4//1,4//1,0//1,0//1,0//1,1//1,1//1,0//1,0//1,true,true,true,true,0//1,0//1,0//1,separable
1//2,0//1,6//1,4//1,4//1,0//1,0//1,0//1,1//1,2//1,0//1,0//1,true,true,true,true,0//1,0//1,0//1,separable
1//2,0//1,6//1,4//1,4//1,0//1,0//1,0//1,2//1,0//1,0//1,0//1,true,true,true,true,0//1,0//1,0//1,separable
1//2,0//1,6//1,4//1,4//1,0//1,0//1,0//1,2//1,1//1,0//1,0//1,true,true,true,true,0//1,0//1,0//1,separable
1//2,0//1,6//1,4//1,4//1,0//1,0//1,0//1,2//1,2//1,0//1,0//1,true,true,true,true,0//1,0//1,0//1,separable
1//2,0//1,6//1,4//1,4//1,0//1,0//1,1//2,0//1,0//1,0//1,1//4,true,true,true,true,1//1,0//1,-1//1,substitutes
1//2,0//1,6//1,4//1,4//1,0//1,0//1,1//2,0//1,1//1,0//1,1//4,true,true,true,true,0//1,0//1,0//1,separable
1//2,0//1,6//1,4//1,4//1,0//1,0//1,1//2,0//1,2//1,0//1,1//4,true,true,true,true,0//1,0//1,0//1,separable
1//2,0//1,6//1,4//1,4//1,0//1,0//1,1//2,1//1,0//1,0//1,1//4,true,true,true,true,1//1,0//1,-1//1,substitutes
1//2,0//1,6//1,4//1,4//1,0//1,0//1,1//2,1//1,1//1,0//1,1//4,true,true,true,true,0//1,0//1,0//1,separable
1//2,0//1,6//1,4//1,4//1,0//1,0//1,1//2,1//1,2//1,0//1,1//4,true,true,true,true,0//1,0//1,0//1,separable
1//2,0//1,6//1,4//1,4//1,0//1,0//1,1//2,2//1,0//1,0//1,1//4,true,true,true,true,1//1,0//1,-1//1,substitutes
1//2,0//1,6//1,4//1,4//1,0//1,0//1,1//2,2//1,1//1,0//1,1//4,true,true,true,true,0//1,0//1,0//1,separable
1//2,0//1,6//1,4//1,4//1,0//1,0//1,1//2,2//1,2//1,0//1,1//4,true,true,true,true,0//1,0//1,0//1,separable
1//2,0//1,6//1,4//1,4//1,0//1,0//1,1//1,0//1,0//1,0//1,1//2,true,true,true,true,2//1,0//1,-2//1,substitutes
1//2,0//1,6//1,4//1,4//1,0//1,0//1,1//1,0//1,1//1,0//1,1//2,true,true,true,true,1//1,0//1,-1//1,substitutes
1//2,0//1,6//1,4//1,4//1,0//1,0//1,1//1,0//1,2//1,0//1,1//2,true,true,true,true,0//1,0//1,0//1,separable
1//2,0//1,6//1,4//1,4//1,0//1,0//1,1//1,1//1,0//1,0//1,1//2,true,true,true,true,2//1,0//1,-2//1,substitutes
1//2,0//1,6//1,4//1,4//1,0//1,0//1,1//1,1//1,1//1,0//1,1//2,true,true,true,true,1//1,0//1,-1//1,substitutes
1//2,0//1,6//1,4//1,4//1,0//1,0//1,1//1,1//1,2//1,0//1,1//2,true,true,true,true,0//1,0//1,0//1,separable
1//2,0//1,6//1,4//1,4//1,0//1,0//1,1//1,2//1,0//1,0//1,1//2,true,true,true,true,2//1,0//1,-2//1,substitutes
1//2,0//1,6//1,4//1,4//1,0//1,0//1,1//1,2//1,1//1,0//1,1//2,true,true,true,true,1//1,0//1,-1//1,substitutes
1//2,0//1,6//1,4//1,4//1,0//1,0//1,1//1,2//1,2//1,0//1,1//2,true,true,true,true,0//1,0//1,0//1,separable
1//2,0//1,6//1,4//1,4//1,0//1,1//2,0//1,0//1,0//1,1//4,0//1,false,false,true,false,0//1,0//1,0//1,separable
1//2,0//1,6//1,4//1,4//1,0//1,1//2,0//1,0//1,1//1,1//4,0//1,false,false,true,false,0//1,0//1,0//1,separable
1//2,0//1,6//1,4//1,4//1,0//1,1//2,0//1,0//1,2//1,1//4,0//1,false,false,true,false,0//1,0//1,0//1,separable
1//2,0//1,6//1,4//1,4//1,0//1,1//2,0//1,1//1,0//1,1//4,0//1,false,false,true,false,0//1,0//1,0//1,separable
1//2,0//1,6//1,4//1,4//1,0//1,1//2,0//1,1//1,1//1,1//4,0//1,false,false,true,false,0//1,0//1,0//1,separable
1//2,0//1,6//1,4//1,4//1,0//1,1//2,0//1,1//1,2//1,1//4,0//1,false,false,true,false,0//1,0//1,0//1,separable
1//2,0//1,6//1,4//1,4//1,0//1,1//2,0//1,2//1,0//1,1//4,0//1,false,false,true,false,0//1,0//1,0//1,separable
1//2,0//1,6//1,4//1,4//1,0//1,1//2,0//1,2//1,1//1,1//4,0//1,false,false,true,false,0//1,0//1,0//1,separable
1//2,0//1,6//1,4//1,4//1,0//1,1//2,0//1,2//1,2//1,1//4,0//1,false,false,true,false,0//1,0//1,0//1,separable
1//2,0//1,6//1,4//1,4//1,0//1,1//2,1//2,0//1,0//1,1//4,1//4,true,false,true,false,0//1,0//1,0//1,separable
1//2,0//1,6//1,4//1,4//1,0//1,1//2,1//2,0//1,1//1,1//4,1//4,true,false,true,false,0//1,0//1,0//1,separable
1//2,0//1,6//1,4//1,4//1,0//1,1//2,1//2,0//1,2//1,1//4,1//4,true,false,true,false,0//1,0//1,0//1,separable
1//2,0//1,6//1,4//1,4//1,0//1,1//2,1//2,1//1,0//1,1//4,1//4,true,false,true,false,1//1,0//1,-1//1,substitutes
1//2,0//1,6//1,4//1,4//1,0//1,1//2,1//2,1//1,1//1,1//4,1//4,true,false,true,false,0//1,0//1,0//1,separable
1//2,0//1,6//1,4//1,4//1,0//1,1//2,1//2,1//1,2//1,1//4,1//4,true,false,true,false,0//1,0//1,0//1,separable
1//2,0//1,6//1,4//1,4//1,0//1,1//2,1//2,2//1,0//1,1//4,1//4,true,false,true,false,1//1,0//1,-1//1,substitutes
1//2,0//1,6//1,4//1,4//1,0//1,1//2,1//2,2//1,1//1,1//4,1//4,true,false,true,false,0//1,0//1,0//1,separable
1//2,0//1,6//1,4//1,4//1,0//1,1//2,1//2,2//1,2//1,1//4,1//4,true,false,true,false,0//1,0//1,0//1,separable
1//2,0//1,6//1,4//1,4//1,0//1,1//2,1//1,0//1,0//1,1//4,1//2,true,false,true,false,1//1,0//1,-1//1,substitutes
1//2,0//1,6//1,4//1,4//1,0//1,1//2,1//1,0//1,1//1,1//4,1//2,true,false,true,false,0//1,0//1,0//1,separable
1//2,0//1,6//1,4//1,4//1,0//1,1//2,1//1,0//1,2//1,1//4,1//2,true,false,true,false,0//1,0//1,0//1,separable
1//2,0//1,6//1,4//1,4//1,0//1,1//2,1//1,1//1,0//1,1//4,1//2,true,false,true,false,2//1,0//1,-2//1,substitutes
1//2,0//1,6//1,4//1,4//1,0//1,1//2,1//1,1//1,1//1,1//4,1//2,true,false,true,false,1//1,0//1,-1//1,substitutes
1//2,0//1,6//1,4//1,4//1,0//1,1//2,1//1,1//1,2//1,1//4,1//2,true,false,true,false,0//1,0//1,0//1,separable
1//2,0//1,6//1,4//1,4//1,0//1,1//2,1//1,2//1,0//1,1//4,1//2,true,false,true,false,2//1,0//1,-2//1,substitutes
1//2,0//1,6//1,4//1,4//1,0//1,1//2,1//1,2//1,1//1,1//4,1//2,true,false,true,false,1//1,0//1,-1//1,substitutes
1//2,0//1,6//1,4//1,4//1,0//1,1//2,1//1,2//1,2//1,1//4,1//2,true,false,true,false,0//1,0//1,0//1,separable
1//2,0//1,6//1,4//1,4//1,0//1,1//1,0//1,0//1,0//1,1//2,0//1,false,false,true,false,0//1,0//1,0//1,separable
1//2,0//1,6//1,4//1,4//1,0//1,1//1,0//1,0//1,1//1,1//2,0//1,false,false,true,false,0//1,0//1,0//1,separable
1//2,0//1,6//1,4//1,4//1,0//1,1//1,0//1,0//1,2//1,1//2,0//1,false,false,true,false,0//1,0//1,0//1,separable
1//2,0//1,6//1,4//1,4//1,0//1,1//1,0//1,1//1,0//1,1//2,0//1,false,false,true,false,0//1,0//1,0//1,separable
1//2,0//1,6//1,4//1,4//1,0//1,1//1,0//1,1//1,1//1,1//2,0//1,false,false,true,false,0//1,0//1,0//1,separable
1//2,0//1,6//1,4//1,4//1,0//1,1//1,0//1,1//1,2//1,1//2,0//1,false,false,true,false,0//1,0//1,0//1,separable
1//2,0//1,6//1,4//1,4//1,0//1,1//1,0//1,2//1,0//1,1//2,0//1,false,false,true,false,0//1,0//1,0//1,separable
1//2,0//1,6//1,4//1,4//1,0//1,1//1,0//1,2//1,1//1,1//2,0//1,false,false,true,false,0//1,0//1,0//1,separable
1//2,0//1,6//1,4//1,4//1,0//1,1//1,0//1,2//1,2//1,1//2,0//1,false,false,true,false,0//1,0//1,0//1,separable
1//2,0//1,6//1,4//1,4//1,0//1,1//1,1//2,0//1,0//1,1//2,1//4,false,false,true,false,0//1,0//1,0//1,separable
1//2,0//1,6//1,4//1,4//1,0//1,1//1,1//2,0//1,1//1,1//2,1//4,false,false,true,false,0//1,0//1,0//1,separable
1//2,0//1,6//1,4//1,4//1,0//1,1//1,1//2,0//1,2//1,1//2,1//4,false,false,true,false,0//1,0//1,0//1,separable
1//2,0//1,6//1,4//1,4//1,0//1,1//1,1//2,1//1,0//1,1//2,1//4,false,false,true,false,0//1,0//1,0//1,separable
1//2,0//1,6//1,4//1,4//1,0//1,1//1,1//2,1//1,1//1,1//2,1//4,false,false,true,false,0//1,0//1,0//1,separable
1//2,0//1,6//1,4//1,4//1,0//1,1//1,1//2,1//1,2//1,1//2,1//4,false,false,true,false,0//1,0//1,0//1,separable
1//2,0//1,6//1,4//1,4//1,0//1,1//1,1//2,2//1,0//1,1//2,1//4,false,false,true,false,1//1,0//1,-1//1,substitutes
1//2,0//1,6//1,4//1,4//1,0//1,1//1,1//2,2//1,1//1,1//2,1//4,false,false,true,false,0//1,0//1,0//1,separable
1//2,0//1,6//1,4//1,4//1,0//1,1//1,1//2,2//1,2//1,1//2,1//4,false,false,true,false,0//1,0//1,0//1,separable
1//2,0//1,6//1,4//1,4//1,0//1,1//1,1//1,0//1,0//1,1//2,1//2,true,false,true,false,0//1,0//1,0//1,separable
1//2,0//1,6//1,4//1,4//1,0//1,1//1,1//1,0//1,1//1,1//2,1//2,true,false,true,false,0//1,0//1,0//1,separable
1//2,0//1,6//1,4//1,4//1,0//1,1//1,1//1,0//1,2//1,1//2,1//2,true,false,true,false,0//1,0//1,0//1,separable
1//2,0//1,6//1,4//1,4//1,0//1,1//1,1//1,1//1,0//1,1//2,1//2,true,false,true,false,1//1,0//1,-1//1,substitutes
1//2,0//1,6//1,4//1,4//1,0//1,1//1,1//1,1//1,1//1,1//2,1//2,true,false,true,false,0//1,0//1,0//1,separable
1//2,0//1,6//1,4//1,4//1,0//1,1//1,1//1,1//1,2//1,1//2,1//2,true,false,true,false,0//1,0//1,0//1,separable
1//2,0//1,6//1,4//1,4//1,0//1,1//1,1//1,2//1,0//1,1//2,1//2,true,false,true,false,2//1,0//1,-2//1,substitutes
1//2,0//1,6//1,4//1,4//1,0//1,1//1,1//1,2//1,1//1,1//2,1//2,true,false,true,false,1//1,0//1,-1//1,substitutes
1//2,0//1,6//1,4//1,4//1,0//1,1//1,1//1,2//1,2//1,1//2,1//2,true,false,true,false,0//1,0//1,0//1,separable
1//2,0//1,6//1,10//1,10//1,4//1,0//1,0//1,0//1,0//1,0//1,0//1,true,true,true,true,0//1,0//1,0//1,separable
1//2,0//1,6//1,10//1,10//1,4//1,0//1,0//1,0//1,1//1,0//1,0//1,true,true,true,true,0//1,0//1,0//1,separable
1//2,0//1,6//1,10//1,10//1,4//1,0//1,0//1,0//1,2//1,0//1,0//1,true,true,true,true,0//1,0//1,0//1,separable
1//2,0//1,6//1,10//1,10//1,4//1,0//1,0//1,1//1,0//1,0//1,0//1,true,true,true,true,0//1,0//1,0//1,separable
1//2,0//1,6//1,10//1,10//1,4//1,0//1,0//1,1//1,1//1,0//1,0//1,true,true,true,true,0//1,0//1,0//1,separable
1//2,0//1,6//1,10//1,10//1,4//1,0//1,0//1,1//1,2//1,0//1,0//1,true,true,true,true,0//1,0//1,0//1,separable
1//2,0//1,6//1,10//1,10//1,4//1,0//1,0//1,2//1,0//1,0//1,0//1,true,true,true,true,0//1,0//1,0//1,separable
1//2,0//1,6//1,10//1,10//1,4//1,0//1,0//1,2//1,1//1,0//1,0//1,true,true,true,true,0//1,0//1,0//1,separable
1//2,0//1,6//1,10//1,10//1,4//1,0//1,0//1,2//1,2//1,0//1,0//1,true,true,true,true,0//1,0//1,0//1,separable
1//2,0//1,6//1,10//1,10//1,4//1,0//1,1//2,0//1,0//1,0//1,1//4,true,true,true,true,5//2,1//1,-3//2,substitutes
1//2,0//1,6//1,10//1,10//1,4//1,0//1,1//2,0//1,1//1,0//1,1//4,true,true,true,true,3//2,0//1,-3//2,substitutes
1//2,0//1,6//1,10//1,10//1,4//1,0//1,1//2,0//1,2//1,0//1,1//4,true,true,true,true,1//2,0//1,-1//2,substitutes
1//2,0//1,6//1,10//1,10//1,4//1,0//1,1//2,1//1,0//1,0//1,1//4,true,true,true,true,5//2,1//1,-3//2,substitutes
1//2,0//1,6//1,10//1,10//1,4//1,0//1,1//2,1//1,1//1,0//1,1//4,true,true,true,true,3//2,0//1,-3//2,substitutes
1//2,0//1,6//1,10//1,10//1,4//1,0//1,1//2,1//1,2//1,0//1,1//4,true,true,true,true,1//2,0//1,-1//2,substitutes
1//2,0//1,6//1,10//1,10//1,4//1,0//1,1//2,2//1,0//1,0//1,1//4,true,true,true,true,5//2,1//1,-3//2,substitutes
1//2,0//1,6//1,10//1,10//1,4//1,0//1,1//2,2//1,1//1,0//1,1//4,true,true,true,true,3//2,0//1,-3//2,substitutes
1//2,0//1,6//1,10//1,10//1,4//1,0//1,1//2,2//1,2//1,0//1,1//4,true,true,true,true,1//2,0//1,-1//2,substitutes
1//2,0//1,6//1,10//1,10//1,4//1,0//1,1//1,0//1,0//1,0//1,1//2,true,true,true,true,5//1,2//1,-3//1,substitutes
1//2,0//1,6//1,10//1,10//1,4//1,0//1,1//1,0//1,1//1,0//1,1//2,true,true,true,true,4//1,1//1,-3//1,substitutes
1//2,0//1,6//1,10//1,10//1,4//1,0//1,1//1,0//1,2//1,0//1,1//2,true,true,true,true,3//1,0//1,-3//1,substitutes
1//2,0//1,6//1,10//1,10//1,4//1,0//1,1//1,1//1,0//1,0//1,1//2,true,true,true,true,5//1,2//1,-3//1,substitutes
1//2,0//1,6//1,10//1,10//1,4//1,0//1,1//1,1//1,1//1,0//1,1//2,true,true,true,true,4//1,1//1,-3//1,substitutes
1//2,0//1,6//1,10//1,10//1,4//1,0//1,1//1,1//1,2//1,0//1,1//2,true,true,true,true,3//1,0//1,-3//1,substitutes
1//2,0//1,6//1,10//1,10//1,4//1,0//1,1//1,2//1,0//1,0//1,1//2,true,true,true,true,5//1,2//1,-3//1,substitutes
1//2,0//1,6//1,10//1,10//1,4//1,0//1,1//1,2//1,1//1,0//1,1//2,true,true,true,true,4//1,1//1,-3//1,substitutes
1//2,0//1,6//1,10//1,10//1,4//1,0//1,1//1,2//1,2//1,0//1,1//2,true,true,true,true,3//1,0//1,-3//1,substitutes
1//2,0//1,6//1,10//1,10//1,4//1,1//2,0//1,0//1,0//1,1//4,0//1,false,false,true,false,0//1,0//1,0//1,separable
1//2,0//1,6//1,10//1,10//1,4//1,1//2,0//1,0//1,1//1,1//4,0//1,false,false,true,false,0//1,0//1,0//1,separable
1//2,0//1,6//1,10//1,10//1,4//1,1//2,0//1,0//1,2//1,1//4,0//1,false,false,true,false,0//1,0//1,0//1,separable
1//2,0//1,6//1,10//1,10//1,4//1,1//2,0//1,1//1,0//1,1//4,0//1,false,false,true,false,0//1,0//1,0//1,separable
1//2,0//1,6//1,10//1,10//1,4//1,1//2,0//1,1//1,1//1,1//4,0//1,false,false,true,false,0//1,0//1,0//1,separable
1//2,0//1,6//1,10//1,10//1,4//1,1//2,0//1,1//1,2//1,1//4,0//1,false,false,true,false,0//1,0//1,0//1,separable
1//2,0//1,6//1,10//1,10//1,4//1,1//2,0//1,2//1,0//1,1//4,0//1,false,false,true,false,0//1,0//1,0//1,separable
1//2,0//1,6//1,10//1,10//1,4//1,1//2,0//1,2//1,1//1,1//4,0//1,false,false,true,false,0//1,0//1,0//1,separable
1//2,0//1,6//1,10//1,10//1,4//1,1//2,0//1,2//1,2//1,1//4,0//1,false,false,true,false,0//1,0//1,0//1,separable
1//2,0//1,6//1,10//1,10//1,4//1,1//2,1//2,0//1,0//1,1//4,1//4,true,false,true,false,0//1,0//1,0//1,separable
1//2,0//1,6//1,10//1,10//1,4//1,1//2,1//2,0//1,1//1,1//4,1//4,true,false,true,false,0//1,0//1,0//1,separable
1//2,0//1,6//1,10//1,10//1,4//1,1//2,1//2,0//1,2//1,1//4,1//4,true,false,true,false,0//1,0//1,0//1,separable
1//2,0//1,6//1,10//1,10//1,4//1,1//2,1//2,1//1,0//1,1//4,1//4,true,false,true,false,1//1,1//1,0//1,separable
1//2,0//1,6//1,10//1,10//1,4//1,1//2,1//2,1//1,1//1,1//4,1//4,true,false,true,false,0//1,0//1,0//1,separable
1//2,0//1,6//1,10//1,10//1,4//1,1//2,1//2,1//1,2//1,1//4,1//4,true,false,true,false,0//1,0//1,0//1,separable
1//2,0//1,6//1,10//1,10//1,4//1,1//2,1//2,2//1,0//1,1//4,1//4,true,false,true,false,2//1,1//1,-1//1,substitutes
1//2,0//1,6//1,10//1,10//1,4//1,1//2,1//2,2//1,1//1,1//4,1//4,true,false,true,false,1//1,0//1,-1//1,substitutes
1//2,0//1,6//1,10//1,10//1,4//1,1//2,1//2,2//1,2//1,1//4,1//4,true,false,true,false,0//1,0//1,0//1,separable
1//2,0//1,6//1,10//1,10//1,4//1,1//2,1//1,0//1,0//1,1//4,1//2,true,false,true,false,5//2,1//1,-3//2,substitutes
1//2,0//1,6//1,10//1,10//1,4//1,1//2,1//1,0//1,1//1,1//4,1//2,true,false,true,false,3//2,0//1,-3//2,substitutes
1//2,0//1,6//1,10//1,10//1,4//1,1//2,1//1,0//1,2//1,1//4,1//2,true,false,true,false,1//2,0//1,-1//2,substitutes
1//2,0//1,6//1,10//1,10//1,4//1,1//2,1//1,1//1,0//1,1//4,1//2,true,false,true,false,7//2,2//1,-3//2,substitutes
1//2,0//1,6//1,10//1,10//1,4//1,1//2,1//1,1//1,1//1,1//4,1//2,true,false,true,false,5//2,1//1,-3//2,substitutes
1//2,0//1,6//1,10//1,10//1,4//1,1//2,1//1,1//1,2//1,1//4,1//2,true,false,true,false,3//2,0//1,-3//2,substitutes
1//2,0//1,6//1,10//1,10//1,4//1,1//2,1//1,2//1,0//1,1//4,1//2,true,false,true,false,9//2,2//1,-5//2,substitutes
1//2,0//1,6//1,10//1,10//1,4//1,1//2,1//1,2//1,1//1,1//4,1//2,true,false,true,false,7//2,1//1,-5//2,substitutes
1//2,0//1,6//1,10//1,10//1,4//1,1//2,1//1,2//1,2//1,1//4,1//2,true,false,true,false,5//2,0//1,-5//2,substitutes
1//2,0//1,6//1,10//1,10//1,4//1,1//1,0//1,0//1,0//1,1//2,0//1,false,false,true,false,0//1,0//1,0//1,separable
1//2,0//1,6//1,10//1,10//1,4//1,1//1,0//1,0//1,1//1,1//2,0//1,false,false,true,false,0//1,0//1,0//1,separable
1//2,0//1,6//1,10//1,10//1,4//1,1//1,0//1,0//1,2//1,1//2,0//1,false,false,true,false,0//1,0//1,0//1,separable
1//2,0//1,6//1,10//1,10//1,4//1,1//1,0//1,1//1,0//1,1//2,0//1,false,false,true,false,0//1,0//1,0//1,separable
1//2,0//1,6//1,10//1,10//1,4//1,1//1,0//1,1//1,1//1,1//2,0//1,false,false,true,false,0//1,0//1,0//1,separable
1//2,0//1,6//1,10//1,10//1,4//1,1//1,0//1,1//1,2//1,1//2,0//1,false,false,true,false,0//1,0//1,0//1,separable
1//2,0//1,6//1,10//1,10//1,4//1,1//1,0//1,2//1,0//1,1//2,0//1,false,false,true,false,0//1,0//1,0//1,separable
1//2,0//1,6//1,10//1,10//1,4//1,1//1,0//1,2//1,1//1,1//2,0//1,false,false,true,false,0//1,0//1,0//1,separable
1//2,0//1,6//1,10//1,10//1,4//1,1//1,0//1,2//1,2//1,1//2,0//1,false,false,true,false,0//1,0//1,0//1,separable
1//2,0//1,6//1,10//1,10//1,4//1,1//1,1//2,0//1,0//1,1//2,1//4,false,false,true,false,0//1,0//1,0//1,separable
1//2,0//1,6//1,10//1,10//1,4//1,1//1,1//2,0//1,1//1,1//2,1//4,false,false,true,false,0//1,0//1,0//1,separable
1//2,0//1,6//1,10//1,10//1,4//1,1//1,1//2,0//1,2//1,1//2,1//4,false,false,true,false,0//1,0//1,0//1,separable
1//2,0//1,6//1,10//1,10//1,4//1,1//1,1//2,1//1,0//1,1//2,1//4,false,false,true,false,0//1,0//1,0//1,separable
1//2,0//1,6//1,10//1,10//1,4//1,1//1,1//2,1//1,1//1,1//2,1//4,false,false,true,false,0//1,0//1,0//1,separable
1//2,0//1,6//1,10//1,10//1,4//1,1//1,1//2,1//1,2//1,1//2,1//4,false,false,true,false,0//1,0//1,0//1,separable
1//2,0//1,6//1,10//1,10//1,4//1,1//1,1//2,2//1,0//1,1//2,1//4,false,false,true,false,0//1,1//1,1//1,complements
1//2,0//1,6//1,10//1,10//1,4//1,1//1,1//2,2//1,1//1,1//2,1//4,false,false,true,false,0//1,0//1,0//1,separable
1//2,0//1,6//1,10//1,10//1,4//1,1//1,1//2,2//1,2//1,1//2,1//4,false,false,true,false,0//1,0//1,0//1,separable
1//2,0//1,6//1,10//1,10//1,4//1,1//1,1//1,0//1,0//1,1//2,1//2,true,false,true,false,0//1,0//1,0//1,separable
1//2,0//1,6//1,10//1,10//1,4//1,1//1,1//1,0//1,1//1,1//2,1//2,true,false,true,false,0//1,0//1,0//1,separable
1//2,0//1,6//1,10//1,10//1,4//1,1//1,1//1,0//1,2//1,1//2,1//2,true,false,true,false,0//1,0//1,0//1,separable
1//2,0//1,6//1,10//1,10//1,4//1,1//1,1//1,1//1,0//1,1//2,1//2,true,false,true,false,1//1,1//1,0//1,separable
1//2,0//1,6//1,10//1,10//1,4//1,1//1,1//1,1//1,1//1,1//2,1//2,true,false,true,false,0//1,0//1,0//1,separable
1//2,0//1,6//1,10//1,10//1,4//1,1//1,1//1,1//1,2//1,1//2,1//2,true,false,true,false,0//1,0//1,0//1,separable
1//2,0//1,6//1,10//1,10//1,4//1,1//1,1//1,2//1,0//1,1//2,1//2,true,false,true,false,2//1,2//1,0//1,separable
1//2,0//1,6//1,10//1,10//1,4//1,1//1,1//1,2//1,1//1,1//2,1//2,true,false,true,false,1//1,1//1,0//1,separable
1//2,0//1,6//1,10//1,10//1,4//1,1//1,1//1,2//1,2//1,1//2,1//2,true,false,true,false,0//1,0//1,0//1,separable
1//2,0//1,8//1,4//1,4//1,0//1,0//1,0//1,0//1,0//1,0//1,0//1,true,true,true,true,0//1,0//1,0//1,separable
1//2,0//1,8//1,4//1,4//1,0//1,0//1,0//1,0//1,1//1,0//1,0//1,true,true,true,true,0//1,0//1,0//1,separable
1//2,0//1,8//1,4//1,4//1,0//1,0//1,0//1,0//1,2//1,0//1,0//1,true,true,true,true,0//1,0//1,0//1,separable
1//2,0//1,8//1,4//1,4//1,0//1,0//1,0//1,1//1,0//1,0//1,0//1,true,true,true,true,0//1,0//1,0//1,separable
1//2,0//1,8//1,4//1,4//1,0//1,0//1,0//1,1//1,1//1,0//1,0//1,true,true,true,true,0//1,0//1,0//1,separable
1//2,0//1,8//1,4//1,4//1,0//1,0//1,0//1,1//1,2//1,0//1,0//1,true,true,true,true,0//1,0//1,0//1,separable
1//2,0//1,8//1,4//1,4//1,0//1,0//1,0//1,2//1,0//1,0//1,0//1,true,true,true,true,0//1,0//1,0//1,separable
1//2,0//1,8//1,4//1,4//1,0//1,0//1,0//1,2//1,1//1,0//1,0//1,true,true,true,true,0//1,0//1,0//1,separable
1//2,0//1,8//1,4//1,4//1,0//1,0//1,0//1,2//1,2//1,0//1,0//1,true,true,true,true,0//1,0//1,0//1,separable
1//2,0//1,8//1,4//1,4//1,0//1,0//1,1//2,0//1,0//1,0//1,1//4,true,true,true,true,1//1,0//1,-1//1,substitutes
1//2,0//1,8//1,4//1,4//1,0//1,0//1,1//2,0//1,1//1,0//1,1//4,true,true,true,true,0//1,0//1,0//1,separable
1//2,0//1,8//1,4//1,4//1,0//1,0//1,1//2,0//1,2//1,0//1,1//4,true,true,true,true,0//1,0//1,0//1,separable
1//2,0//1,8//1,4//1,4//1,0//1,0//1,1//2,1//1,0//1,0//1,1//4,true,true,true,true,1//1,0//1,-1//1,substitutes
1//2,0//1,8//1,4//1,4//1,0//1,0//1,1//2,1//1,1//1,0//1,1//4,true,true,true,true,0//1,0//1,0//1,separable
1//2,0//1,8//1,4//1,4//1,0//1,0//1,1//2,1//1,2//1,0//1,1//4,true,true,true,true,0//1,0//1,0//1,separable
1//2,0//1,8//1,4//1,4//1,0//1,0//1,1//2,2//1,0//1,0//1,1//4,true,true,true,true,1//1,0//1,-1//1,substitutes
1//2,0//1,8//1,4//1,4//1,0//1,0//1,1//2,2//1,1//1,0//1,1//4,true,true,true,true,0//1,0//1,0//1,separable
1//2,0//1,8//1,4//1,4//1,0//1,0//1,1//2,2//1,2//1,0//1,1//4,true,true,true,true,0//1,0//1,0//1,separable
1//2,0//1,8//1,4//1,4//1,0//1,0//1,1//1,0//1,0//1,0//1,1//2,true,true,true,true,2//1,0//1,-2//1,substitutes
1//2,0//1,8//1,4//1,4//1,0//1,0//1,1//1,0//1,1//1,0//1,1//2,true,true,true,true,1//1,0//1,-1//1,substitutes
1//2,0//1,8//1,4//1,4//1,0//1,0//1,1//1,0//1,2//1,0//1,1//2,true,true,true,true,0//1,0//1,0//1,separable
1//2,0//1,8//1,4//1,4//1,0//1,0//1,1//1,1//1,0//1,0//1,1//2,true,true,true,true,2//1,0//1,-2//1,substitutes
1//2,0//1,8//1,4//1,4//1,0//1,0//1,1//1,1//1,1//1,0//1,1//2,true,true,true,true,1//1,0//1,-1//1,substitutes
1//2,0//1,8//1,4//1,4//1,0//1,0//1,1//1,1//1,2//1,0//1,1//2,true,true,true,true,0//1,0//1,0//1,separable
1//2,0//1,8//1,4//1,4//1,0//1,0//1,1//1,2//1,0//1,0//1,1//2,true,true,true,true,2//1,0//1,-2//1,substitutes
1//2,0//1,8//1,4//1,4//1,0//1,0//1,1//1,2//1,1//1,0//1,1//2,true,true,true,true,1//1,0//1,-1//1,substitutes
1//2,0//1,8//1,4//1,4//1,0//1,0//1,1//1,2//1,2//1,0//1,1//2,true,true,true,true,0//1,0//1,0//1,separable
1//2,0//1,8//1,4//1,4//1,0//1,1//2,0//1,0//1,0//1,1//4,0//1,false,false,true,false,0//1,0//1,0//1,separable
1//2,0//1,8//1,4//1,4//1,0//1,1//2,0//1,0//1,1//1,1//4,0//1,false,false,true,false,0//1,0//1,0//1,separable
1//2,0//1,8//1,4//1,4//1,0//1,1//2,0//1,0//1,2//1,1//4,0//1,false,false,true,false,0//1,0//1,0//1,separable
1//2,0//1,8//1,4//1,4//1,0//1,1//2,0//1,1//1,0//1,1//4,0//1,false,false,true,false,0//1,0//1,0//1,separable
1//2,0//1,8//1,4//1,4//1,0//1,1//2,0//1,1//1,1//1,1//4,0//1,false,false,true,false,0//1,0//1,0//1,separable
1//2,0//1,8//1,4//1,4//1,0//1,1//2,0//1,1//1,2//1,1//4,0//1,false,false,true,false,0//1,0//1,0//1,separable
1//2,0//1,8//1,4//1,4//1,0//1,1//2,0//1,2//1,0//1,1//4,0//1,false,false,true,false,0//1,0//1,0//1,separable
1//2,0//1,8//1,4//1,4//1,0//1,1//2,0//1,2//1,1//1,1//4,0//1,false,false,true,false,0//1,0//1,0//1,separable
1//2,0//1,8//1,4//1,4//1,0//1,1//2,0//1,2//1,2//1,1//4,0//1,false,false,true,false,0//1,0//1,0//1,separable
1//2,0//1,8//1,4//1,4//1,0//1,1//2,1//2,0//1,0//1,1//4,1//4,true,false,true,false,0//1,0//1,0//1,separable
1//2,0//1,8//1,4//1,4//1,0//1,1//2,1//2,0//1,1//1,1//4,1//4,true,false,true,false,0//1,0//1,0//1,separable
1//2,0//1,8//1,4//1,4//1,0//1,1//2,1//2,0//1,2//1,1//4,1//4,true,false,true,false,0//1,0//1,0//1,separable
1//2,0//1,8//1,4//1,4//1,0//1,1//2,1//2,1//1,0//1,1//4,1//4,true,false,true,false,1//1,0//1,-1//1,substitutes
1//2,0//1,8//1,4//1,4//1,0//1,1//2,1//2,1//1,1//1,1//4,1//4,true,false,true,false,0//1,0//1,0//1,separable
1//2,0//1,8//1,4//1,4//1,0//1,1//2,1//2,1//1,2//1,1//4,1//4,true,false,true,false,0//1,0//1,0//1,separable
1//2,0//1,8//1,4//1,4//1,0//1,1//2,1//2,2//1,0//1,1//4,1//4,true,false,true,false,1//1,0//1,-1//1,substitutes
1//2,0//1,8//1,4//1,4//1,0//1,1//2,1//2,2//1,1//1,1//4,1//4,true,false,true,false,0//1,0//1,0//1,separable
1//2,0//1,8//1,4//1,4//1,0//1,1//2,1//2,2//1,2//1,1//4,1//4,true,false,true,false,0//1,0//1,0//1,separable
1//2,0//1,8//1,4//1,4//1,0//1,1//2,1//1,0//1,0//1,1//4,1//2,true,false,true,false,1//1,0//1,-1//1,substitutes
1//2,0//1,8//1,4//1,4//1,0//1,1//2,1//1,0//1,1//1,1//4,1//2,true,false,true,false,0//1,0//1,0//1,separable
1//2,0//1,8//1,4//1,4//1,0//1,1//2,1//1,0//1,2//1,1//4,1//2,true,false,true,false,0//1,0//1,0//1,separable
1//2,0//1,8//1,4//1,4//1,0//1,1//2,1//1,1//1,0//1,1//4,1//2,true,false,true,false,2//1,0//1,-2//1,substitutes
1//2,0//1,8//1,4//1,4//1,0//1,1//2,1//1,1//1,1//1,1//4,1//2,true,false,true,false,1//1,0//1,-1//1,substitutes
1//2,0//1,8//1,4//1,4//1,0//1,1//2,1//1,1//1,2//1,1//4,1//2,true,false,true,false,0//1,0//1,0//1,separable
1//2,0//1,8//1,4//1,4//1,0//1,1//2,1//1,2//1,0//1,1//4,1//2,true,false,true,false,2//1,0//1,-2//1,substitutes
1//2,0//1,8//1,4//1,4//1,0//1,1//2,1//1,2//1,1//1,1//4,1//2,true,false,true,false,1//1,0//1,-1//1,substitutes
1//2,0//1,8//1,4//1,4//1,0//1,1//2,1//1,2//1,2//1,1//4,1//2,true,false,true,false,0//1,0//1,0//1,separable
1//2,0//1,8//1,4//1,4//1,0//1,1//1,0//1,0//1,0//1,1//2,0//1,false,false,true,false,0//1,0//1,0//1,separable
1//2,0//1,8//1,4//1,4//1,0//1,1//1,0//1,0//1,1//1,1//2,0//1,false,false,true,false,0//1,0//1,0//1,separable
1//2,0//1,8//1,4//1,4//1,0//1,1//1,0//1,0//1,2//1,1//2,0//1,false,false,true,false,0//1,0//1,0//1,separable
1//2,0//1,8//1,4//1,4//1,0//1,1//1,0//1,1//1,0//1,1//2,0//1,false,false,true,false,0//1,0//1,0//1,separable
1//2,0//1,8//1,4//1,4//1,0//1,1//1,0//1,1//1,1//1,1//2,0//1,false,false,true,false,0//1,0//1,0//1,separable
1//2,0//1,8//1,4//1,4//1,0//1,1//1,0//1,1//1,2//1,1//2,0//1,false,false,true,false,0//1,0//1,0//1,separable
1//2,0//1,8//1,4//1,4//1,0//1,1//1,0//1,2//1,0//1,1//2,0//1,false,false,true,false,0//1,0//1,0//1,separable
1//2,0//1,8//1,4//1,4//1,0//1,1//1,0//1,2//1,1//1,1//2,0//1,false,false,true,false,0//1,0//1,0//1,separable
1//2,0//1,8//1,4//1,4//1,0//1,1//1,0//1,2//1,2//1,1//2,0//1,false,false,true,false,0//1,0//1,0//1,separable
1//2,0//1,8//1,4//1,4//1,0//1,1//1,1//2,0//1,0//1,1//2,1//4,false,false,true,false,0//1,0//1,0//1,separable
1//2,0//1,8//1,4//1,4//1,0//1,1//1,1//2,0//1,1//1,1//2,1//4,false,false,true,false,0//1,0//1,0//1,separable
1//2,0//1,8//1,4//1,4//1,0//1,1//1,1//2,0//1,2//1,1//2,1//4,false,false,true,false,0//1,0//1,0//1,separable
1//2,0//1,8//1,4//1,4//1,0//1,1//1,1//2,1//1,0//1,1//2,1//4,false,false,true,false,0//1,0//1,0//1,separable
1//2,0//1,8//1,4//1,4//1,0//1,1//1,1//2,1//1,1//1,1//2,1//4,false,false,true,false,0//1,0//1,0//1,separable
1//2,0//1,8//1,4//1,4//1,0//1,1//1,1//2,1//1,2//1,1//2,1//4,false,false,true,false,0//1,0//1,0//1,separable
1//2,0//1,8//1,4//1,4//1,0//1,1//1,1//2,2//1,0//1,1//2,1//4,false,false,true,false,1//1,0//1,-1//1,substitutes
1//2,0//1,8//1,4//1,4//1,0//1,1//1,1//2,2//1,1//1,1//2,1//4,false,false,true,false,0//1,0//1,0//1,separable
1//2,0//1,8//1,4//1,4//1,0//1,1//1,1//2,2//1,2//1,1//2,1//4,false,false,true,false,0//1,0//1,0//1,separable
1//2,0//1,8//1,4//1,4//1,0//1,1//1,1//1,0//1,0//1,1//2,1//2,true,false,true,false,0//1,0//1,0//1,separable
1//2,0//1,8//1,4//1,4//1,0//1,1//1,1//1,0//1,1//1,1//2,1//2,true,false,true,false,0//1,0//1,0//1,separable
1//2,0//1,8//1,4//1,4//1,0//1,1//1,1//1,0//1,2//1,1//2,1//2,true,false,true,false,0//1,0//1,0//1,separable
1//2,0//1,8//1,4//1,4//1,0//1,1//1,1//1,1//1,0//1,1//2,1//2,true,false,true,false,1//1,0//1,-1//1,substitutes
1//2,0//1,8//1,4//1,4//1,0//1,1//1,1//1,1//1,1//1,1//2,1//2,true,false,true,false,0//1,0//1,0//1,separable
1//2,0//1,8//1,4//1,4//1,0//1,1//1,1//1,1//1,2//1,1//2,1//2,true,false,true,false,0//1,0//1,0//1,separable
1//2,0//1,8//1,4//1,4//1,0//1,1//1,1//1,2//1,0//1,1//2,1//2,true,false,true,false,2//1,0//1,-2//1,substitutes
1//2,0//1,8//1,4//1,4//1,0//1,1//1,1//1,2//1,1//1,1//2,1//2,true,false,true,false,1//1,0//1,-1//1,substitutes
1//2,0//1,8//1,4//1,4//1,0//1,1//1,1//1,2//1,2//1,1//2,1//2,true,false,true,false,0//1,0//1,0//1,separable
1//2,0//1,8//1,10//1,10//1,2//1,0//1,0//1,0//1,0//1,0//1,0//1,true,true,true,true,0//1,0//1,0//1,separable
1//2,0//1,8//1,10//1,10//1,2//1,0//1,0//1,0//1,1//1,0//1,0//1,true,true,true,true,0//1,0//1,0//1,separable
1//2,0//1,8//1,10//1,10//1,2//1,0//1,0//1,0//1,2//1,0//1,0//1,true,true,true,true,0//1,0//1,0//1,separable
1//2,0//1,8//1,10//1,10//1,2//1,0//1,0//1,1//1,0//1,0//1,0//1,true,true,true,true,0//1,0//1,0//1,separable
1//2,0//1,8//1,10//1,10//1,2//1,0//1,0//1,1//1,1//1,0//1,0//1,true,true,true,true,0//1,0//1,0//1,separable
1//2,0//1,8//1,10//1,10//1,2//1,0//1,0//1,1//1,2//1,0//1,0//1,true,true,true,true,0//1,0//1,0//1,separable
1//2,0//1,8//1,10//1,10//1,2//1,0//1,0//1,2//1,0//1,0//1,0//1,true,true,true,true,0//1,0//1,0//1,separable
1//2,0//1,8//1,10//1,10//1,2//1,0//1,0//1,2//1,1//1,0//1,0//1,true,true,true,true,0//1,0//1,0//1,separable
1//2,0//1,8//1,10//1,10//1,2//1,0//1,0//1,2//1,2//1,0//1,0//1,true,true,true,true,0//1,0//1,0//1,separable
1//2,0//1,8//1,10//1,10//1,2//1,0//1,1//2,0//1,0//1,0//1,1//4,true,true,true,true,5//2,1//2,-2//1,substitutes
1//2,0//1,8//1,10//1,10//1,2//1,0//1,1//2,0//1,1//1,0//1,1//4,true,true,true,true,3//2,0//1,-3//2,substitutes
1//2,0//1,8//1,10//1,10//1,2//1,0//1,1//2,0//1,2//1,0//1,1//4,true,true,true,true,1//2,0//1,-1//2,substitutes
1//2,0//1,8//1,10//1,10//1,2//1,0//1,1//2,1//1,0//1,0//1,1//4,true,true,true,true,5//2,1//2,-2//1,substitutes
1//2,0//1,8//1,10//1,10//1,2//1,0//1,1//2,1//1,1//1,0//1,1//4,true,true,true,true,3//2,0//1,-3//2,substitutes
1//2,0//1,8//1,10//1,10//1,2//1,0//1,1//2,1//1,2//1,0//1,1//4,true,true,true,true,1//2,0//1,-1//2,substitutes
1//2,0//1,8//1,10//1,10//1,2//1,0//1,1//2,2//1,0//1,0//1,1//4,true,true,true,true,5//2,1//2,-2//1,substitutes
1//2,0//1,8//1,10//1,10//1,2//1,0//1,1//2,2//1,1//1,0//1,1//4,true,true,true,true,3//2,0//1,-3//2,substitutes
1//2,0//1,8//1,10//1,10//1,2//1,0//1,1//2,2//1,2//1,0//1,1//4,true,true,true,true,1//2,0//1,-1//2,substitutes
1//2,0//1,8//1,10//1,10//1,2//1,0//1,1//1,0//1,0//1,0//1,1//2,true,true,true,true,5//1,1//1,-4//1,substitutes
1//2,0//1,8//1,10//1,10//1,2//1,0//1,1//1,0//1,1//1,0//1,1//2,true,true,true,true,4//1,0//1,-4//1,substitutes
1//2,0//1,8//1,10//1,10//1,2//1,0//1,1//1,0//1,2//1,0//1,1//2,true,true,true,true,3//1,0//1,-3//1,substitutes
1//2,0//1,8//1,10//1,10//1,2//1,0//1,1//1,1//1,0//1,0//1,1//2,true,true,true,true,5//1,1//1,-4//1,substitutes
1//2,0//1,8//1,10//1,10//1,2//1,0//1,1//1,1//1,1//1,0//1,1//2,true,true,true,true,4//1,0//1,-4//1,substitutes
1//2,0//1,8//1,10//1,10//1,2//1,0//1,1//1,1//1,2//1,0//1,1//2,true,true,true,true,3//1,0//1,-3//1,substitutes
1//2,0//1,8//1,10//1,10//1,2//1,0//1,1//1,2//1,0//1,0//1,1//2,true,true,true,true,5//1,1//1,-4//1,substitutes
1//2,0//1,8//1,10//1,10//1,2//1,0//1,1//1,2//1,1//1,0//1,1//2,true,true,true,true,4//1,0//1,-4//1,substitutes
1//2,0//1,8//1,10//1,10//1,2//1,0//1,1//1,2//1,2//1,0//1,1//2,true,true,true,true,3//1,0//1,-3//1,substitutes
1//2,0//1,8//1,10//1,10//1,2//1,1//2,0//1,0//1,0//1,1//4,0//1,false,false,true,false,0//1,0//1,0//1,separable
1//2,0//1,8//1,10//1,10//1,2//1,1//2,0//1,0//1,1//1,1//4,0//1,false,false,true,false,0//1,0//1,0//1,separable
1//2,0//1,8//1,10//1,10//1,2//1,1//2,0//1,0//1,2//1,1//4,0//1,false,false,true,false,0//1,0//1,0//1,separable
1//2,0//1,8//1,10//1,10//1,2//1,1//2,0//1,1//1,0//1,1//4,0//1,false,false,true,false,0//1,0//1,0//1,separable
1//2,0//1,8//1,10//1,10//1,2//1,1//2,0//1,1//1,1//1,1//4,0//1,false,false,true,false,0//1,0//1,0//1,separable
1//2,0//1,8//1,10//1,10//1,2//1,1//2,0//1,1//1,2//1,1//4,0//1,false,false,true,false,0//1,0//1,0//1,separable
1//2,0//1,8//1,10//1,10//1,2//1,1//2,0//1,2//1,0//1,1//4,0//1,false,false,true,false,0//1,0//1,0//1,separable
1//2,0//1,8//1,10//1,10//1,2//1,1//2,0//1,2//1,1//1,1//4,0//1,false,false,true,false,0//1,0//1,0//1,separable
1//2,0//1,8//1,10//1,10//1,2//1,1//2,0//1,2//1,2//1,1//4,0//1,false,false,true,false,0//1,0//1,0//1,separable
1//2,0//1,8//1,10//1,10//1,2//1,1//2,1//2,0//1,0//1,1//4,1//4,true,false,true,false,0//1,0//1,0//1,separable
1//2,0//1,8//1,10//1,10//1,2//1,1//2,1//2,0//1,1//1,1//4,1//4,true,false,true,false,0//1,0//1,0//1,separable
1//2,0//1,8//1,10//1,10//1,2//1,1//2,1//2,0//1,2//1,1//4,1//4,true,false,true,false,0//1,0//1,0//1,separable
1//2,0//1,8//1,10//1,10//1,2//1,1//2,1//2,1//1,0//1,1//4,1//4,true,false,true,false,1//1,1//2,-1//2,substitutes
1//2,0//1,8//1,10//1,10//1,2//1,1//2,1//2,1//1,1//1,1//4,1//4,true,false,true,false,0//1,0//1,0//1,separable
1//2,0//1,8//1,10//1,10//1,2//1,1//2,1//2,1//1,2//1,1//4,1//4,true,false,true,false,0//1,0//1,0//1,separable
1//2,0//1,8//1,10//1,10//1,2//1,1//2,1//2,2//1,0//1,1//4,1//4,true,false,true,false,2//1,1//2,-3//2,substitutes
1//2,0//1,8//1,10//1,10//1,2//1,1//2,1//2,2//1,1//1,1//4,1//4,true,false,true,false,1//1,0//1,-1//1,substitutes
1//2,0//1,8//1,10//1,10//1,2//1,1//2,1//2,2//1,2//1,1//4,1//4,true,false,true,false,0//1,0//1,0//1,separable
1//2,0//1,8//1,10//1,10//1,2//1,1//2,1//1,0//1,0//1,1//4,1//2,true,false,true,false,5//2,1//2,-2//1,substitutes
1//2,0//1,8//1,10//1,10//1,2//1,1//2,1//1,0//1,1//1,1//4,1//2,true,false,true,false,3//2,0//1,-3//2,substitutes
1//2,0//1,8//1,10//1,10//1,2//1,1//2,1//1,0//1,2//1,1//4,1//2,true,false,true,false,1//2,0//1,-1//2,substitutes
1//2,0//1,8//1,10//1,10//1,2//1,1//2,1//1,1//1,0//1,1//4,1//2,true,false,true,false,7//2,1//1,-5//2,substitutes
1//2,0//1,8//1,10//1,10//1,2//1,1//2,1//1,1//1,1//1,1//4,1//2,true,false,true,false,5//2,0//1,-5//2,substitutes
1//2,0//1,8//1,10//1,10//1,2//1,1//2,1//1,1//1,2//1,1//4,1//2,true,false,true,false,3//2,0//1,-3//2,substitutes
1//2,0//1,8//1,10//1,10//1,2//1,1//2,1//1,2//1,0//1,1//4,1//2,true,false,true,false,9//2,1//1,-7//2,substitutes
1//2,0//1,8//1,10//1,10//1,2//1,1//2,1//1,2//1,1//1,1//4,1//2,true,false,true,false,7//2,0//1,-7//2,substitutes
1//2,0//1,8//1,10//1,10//1,2//1,1//2,1//1,2//1,2//1,1//4,1//2,true,false,true,false,5//2,0//1,-5//2,substitutes
1//2,0//1,8//1,10//1,10//1,2//1,1//1,0//1,0//1,0//1,1//2,0//1,false,false,true,false,0//1,0//1,0//1,separable
1//2,0//1,8//1,10//1,10//1,2//1,1//1,0//1,0//1,1//1,1//2,0//1,false,false,true,false,0//1,0//1,0//1,separable
1//2,0//1,8//1,10//1,10//1,2//1,1//1,0//1,0//1,2//1,1//2,0//1,false,false,true,false,0//1,0//1,0//1,separable
1//2,0//1,8//1,10//1,10//1,2//1,1//1,0//1,1//1,0//1,1//2,0//1,false,false,true,false,0//1,0//1,0//1,separable
1//2,0//1,8//1,10//1,10//1,2//1,1//1,0//1,1//1,1//1,1//2,0//1,false,false,true,false,0//1,0//1,0//1,separable
1//2,0//1,8//1,10//1,10//1,2//1,1//1,0//1,1//1,2//1,1//2,0//1,false,false,true,false,0//1,0//1,0//1,separable
1//2,0//1,8//1,10//1,10//1,2//1,1//1,0//1,2//1,0//1,1//2,0//1,false,false,true,false,0//1,0//1,0//1,separable
1//2,0//1,8//1,10//1,10//1,2//1,1//1,0//1,2//1,1//1,1//2,0//1,false,false,true,false,0//1,0//1,0//1,separable
1//2,0//1,8//1,10//1,10//1,2//1,1//1,0//1,2//1,2//1,1//2,0//1,false,false,true,false,0//1,0//1,0//1,separable
1//2,0//1,8//1,10//1,10//1,2//1,1//1,1//2,0//1,0//1,1//2,1//4,false,false,true,false,0//1,0//1,0//1,separable
1//2,0//1,8//1,10//1,10//1,2//1,1//1,1//2,0//1,1//1,1//2,1//4,false,false,true,false,0//1,0//1,0//1,separable
1//2,0//1,8//1,10//1,10//1,2//1,1//1,1//2,0//1,2//1,1//2,1//4,false,false,true,false,0//1,0//1,0//1,separable
1//2,0//1,8//1,10//1,10//1,2//1,1//1,1//2,1//1,0//1,1//2,1//4,false,false,true,false,0//1,1//2,1//2,complements
1//2,0//1,8//1,10//1,10//1,2//1,1//1,1//2,1//1,1//1,1//2,1//4,false,false,true,false,0//1,0//1,0//1,separable
1//2,0//1,8//1,10//1,10//1,2//1,1//1,1//2,1//1,2//1,1//2,1//4,false,false,true,false,0//1,0//1,0//1,separable
1//2,0//1,8//1,10//1,10//1,2//1,1//1,1//2,2//1,0//1,1//2,1//4,false,false,true,false,0//1,1//2,1//2,complements
1//2,0//1,8//1,10//1,10//1,2//1,1//1,1//2,2//1,1//1,1//2,1//4,false,false,true,false,0//1,0//1,0//1,separable
1//2,0//1,8//1,10//1,10//1,2//1,1//1,1//2,2//1,2//1,1//2,1//4,false,false,true,false,0//1,0//1,0//1,separable
1//2,0//1,8//1,10//1,10//1,2//1,1//1,1//1,0//1,0//1,1//2,1//2,true,false,true,false,0//1,0//1,0//1,separable
1//2,0//1,8//1,10//1,10//1,2//1,1//1,1//1,0//1,1//1,1//2,1//2,true,false,true,false,0//1,0//1,0//1,separable
1//2,0//1,8//1,10//1,10//1,2//1,1//1,1//1,0//1,2//1,1//2,1//2,true,false,true,false,0//1,0//1,0//1,separable
1//2,0//1,8//1,10//1,10//1,2//1,1//1,1//1,1//1,0//1,1//2,1//2,true,false,true,false,1//1,1//1,0//1,separable
1//2,0//1,8//1,10//1,10//1,2//1,1//1,1//1,1//1,1//1,1//2,1//2,true,false,true,false,0//1,0//1,0//1,separable
1//2,0//1,8//1,10//1,10//1,2//1,1//1,1//1,1//1,2//1,1//2,1//2,true,false,true,false,0//1,0//1,0//1,separable
1//2,0//1,8//1,10//1,10//1,2//1,1//1,1//1,2//1,0//1,1//2,1//2,true,false,true,false,2//1,1//1,-1//1,substitutes
1//2,0//1,8//1,10//1,10//1,2//1,1//1,1//1,2//1,1//1,1//2,1//2,true,false,true,false,1//1,0//1,-1//1,substitutes
1//2,0//1,8//1,10//1,10//1,2//1,1//1,1//1,2//1,2//1,1//2,1//2,true,false,true,false,0//1,0//1,0//1,separable
1//2,0//1,10//1,4//1,4//1,0//1,0//1,0//1,0//1,0//1,0//1,0//1,true,true,true,true,0//1,0//1,0//1,separable
1//2,0//1,10//1,4//1,4//1,0//1,0//1,0//1,0//1,1//1,0//1,0//1,true,true,true,true,0//1,0//1,0//1,separable
1//2,0//1,10//1,4//1,4//1,0//1,0//1,0//1,0//1,2//1,0//1,0//1,true,true,true,true,0//1,0//1,0//1,separable
1//2,0//1,10//1,4//1,4//1,0//1,0//1,0//1,1//1,0//1,0//1,0//1,true,true,true,true,0//1,0//1,0//1,separable
1//2,0//1,10//1,4//1,4//1,0//1,0//1,0//1,1//1,1//1,0//1,0//1,true,true,true,true,0//1,0//1,0//1,separable
1//2,0//1,10//1,4//1,4//1,0//1,0//1,0//1,1//1,2//1,0//1,0//1,true,true,true,true,0//1,0//1,0//1,separable
1//2,0//1,10//1,4//1,4//1,0//1,0//1,0//1,2//1,0//1,0//1,0//1,true,true,true,true,0//1,0//1,0//1,separable
1//2,0//1,10//1,4//1,4//1,0//1,0//1,0//1,2//1,1//1,0//1,0//1,true,true,true,true,0//1,0//1,0//1,separable
1//2,0//1,10//1,4//1,4//1,0//1,0//1,0//1,2//1,2//1,0//1,0//1,true,true,true,true,0//1,0//1,0//1,separable
1//2,0//1,10//1,4//1,4//1,0//1,0//1,1//2,0//1,0//1,0//1,1//4,true,true,true,true,1//1,0//1,-1//1,substitutes
1//2,0//1,10//1,4//1,4//1,0//1,0//1,1//2,0//1,1//1,0//1,1//4,true,true,true,true,0//1,0//1,0//1,separable
1//2,0//1,10//1,4//1,4//1,0//1,0//1,1//2,0//1,2//1,0//1,1//4,true,true,true,true,0//1,0//1,0//1,separable
1//2,0//1,10//1,4//1,4//1,0//1,0//1,1//2,1//1,0//1,0//1,1//4,true,true,true,true,1//1,0//1,-1//1,substitutes
1//2,0//1,10//1,4//1,4//1,0//1,0//1,1//2,1//1,1//1,0//1,1//4,true,true,true,true,0//1,0//1,0//1,separable
1//2,0//1,10//1,4//1,4//1,0//1,0//1,1//2,1//1,2//1,0//1,1//4,true,true,true,true,0//1,0//1,0//1,separable
1//2,0//1,10//1,4//1,4//1,0//1,0//1,1//2,2//1,0//1,0//1,1//4,true,true,true,true,1//1,0//1,-1//1,substitutes
1//2,0//1,10//1,4//1,4//1,0//1,0//1,1//2,2//1,1//1,0//1,1//4,true,true,true,true,0//1,0//1,0//1,separable
1//2,0//1,10//1,4//1,4//1,0//1,0//1,1//2,2//1,2//1,0//1,1//4,true,true,true,true,0//1,0//1,0//1,separable
1//2,0//1,10//1,4//1,4//1,0//1,0//1,1//1,0//1,0//1,0//1,1//2,true,true,true,true,2//1,0//1,-2//1,substitutes
1//2,0//1,10//1,4//1,4//1,0//1,0//1,1//1,0//1,1//1,0//1,1//2,true,true,true,true,1//1,0//1,-1//1,substitutes
1//2,0//1,10//1,4//1,4//1,0//1,0//1,1//1,0//1,2//1,0//1,1//2,true,true,true,true,0//1,0//1,0//1,separable
1//2,0//1,10//1,4//1,4//1,0//1,0//1,1//1,1//1,0//1,0//1,1//2,true,true,true,true,2//1,0//1,-2//1,substitutes
1//2,0//1,10//1,4//1,4//1,0//1,0//1,1//1,1//1,1//1,0//1,1//2,true,true,true,true,1//1,0//1,-1//1,substitutes
1//2,0//1,10//1,4//1,4//1,0//1,0//1,1//1,1//1,2//1,0//1,1//2,true,true,true,true,0//1,0//1,0//1,separable
1//2,0//1,10//1,4//1,4//1,0//1,0//1,1//1,2//1,0//1,0//1,1//2,true,true,true,true,2//1,0//1,-2//1,substitutes
1//2,0//1,10//1,4//1,4//1,0//1,0//1,1//1,2//1,1//1,0//1,1//2,true,true,true,true,1//1,0//1,-1//1,substitutes
1//2,0//1,10//1,4//1,4//1,0//1,0//1,1//1,2//1,2//1,0//1,1//2,true,true,true,true,0//1,0//1,0//1,separable
1//2,0//1,10//1,4//1,4//1,0//1,1//2,0//1,0//1,0//1,1//4,0//1,false,false,true,false,0//1,0//1,0//1,separable
1//2,0//1,10//1,4//1,4//1,0//1,1//2,0//1,0//1,1//1,1//4,0//1,false,false,true,false,0//1,0//1,0//1,separable
1//2,0//1,10//1,4//1,4//1,0//1,1//2,0//1,0//1,2//1,1//4,0//1,false,false,true,false,0//1,0//1,0//1,separable
1//2,0//1,10//1,4//1,4//1,0//1,1//2,0//1,1//1,0//1,1//4,0//1,false,false,true,false,0//1,0//1,0//1,separable
1//2,0//1,10//1,4//1,4//1,0//1,1//2,0//1,1//1,1//1,1//4,0//1,false,false,true,false,0//1,0//1,0//1,separable
1//2,0//1,10//1,4//1,4//1,0//1,1//2,0//1,1//1,2//1,1//4,0//1,false,false,true,false,0//1,0//1,0//1,separable
1//2,0//1,10//1,4//1,4//1,0//1,1//2,0//1,2//1,0//1,1//4,0//1,false,false,true,false,0//1,0//1,0//1,separable
1//2,0//1,10//1,4//1,4//1,0//1,1//2,0//1,2//1,1//1,1//4,0//1,false,false,true,false,0//1,0//1,0//1,separable
1//2,0//1,10//1,4//1,4//1,0//1,1//2,0//1,2//1,2//1,1//4,0//1,false,false,true,false,0//1,0//1,0//1,separable
1//2,0//1,10//1,4//1,4//1,0//1,1//2,1//2,0//1,0//1,1//4,1//4,true,false,true,false,0//1,0//1,0//1,separable
1//2,0//1,10//1,4//1,4//1,0//1,1//2,1//2,0//1,1//1,1//4,1//4,true,false,true,false,0//1,0//1,0//1,separable
1//2,0//1,10//1,4//1,4//1,0//1,1//2,1//2,0//1,2//1,1//4,1//4,true,false,true,false,0//1,0//1,0//1,separable
1//2,0//1,10//1,4//1,4//1,0//1,1//2,1//2,1//1,0//1,1//4,1//4,true,false,true,false,1//1,0//1,-1//1,substitutes
1//2,0//1,10//1,4//1,4//1,0//1,1//2,1//2,1//1,1//1,1//4,1//4,true,false,true,false,0//1,0//1,0//1,separable
1//2,0//1,10//1,4//1,4//1,0//1,1//2,1//2,1//1,2//1,1//4,1//4,true,false,true,false,0//1,0//1,0//1,separable
1//2,0//1,10//1,4//1,4//1,0//1,1//2,1//2,2//1,0//1,1//4,1//4,true,false,true,false,1//1,0//1,-1//1,substitutes
1//2,0//1,10//1,4//1,4//1,0//1,1//2,1//2,2//1,1//1,1//4,1//4,true,false,true,false,0//1,0//1,0//1,separable
1//2,0//1,10//1,4//1,4//1,0//1,1//2,1//2,2//1,2//1,1//4,1//4,true,false,true,false,0//1,0//1,0//1,separable
1//2,0//1,10//1,4//1,4//1,0//1,1//2,1//1,0//1,0//1,1//4,1//2,true,false,true,false,1//1,0//1,-1//1,substitutes
1//2,0//1,10//1,4//1,4//1,0//1,1//2,1//1,0//1,1//1,1//4,1//2,true,false,true,false,0//1,0//1,0//1,separable
1//2,0//1,10//1,4//1,4//1,0//1,1//2,1//1,0//1,2//1,1//4,1//2,true,false,true,false,0//1,0//1,0//1,separable
1//2,0//1,10//1,4//1,4//1,0//1,1//2,1//1,1//1,0//1,1//4,1//2,true,false,true,false,2//1,0//1,-2//1,substitutes
1//2,0//1,10//1,4//1,4//1,0//1,1//2,1//1,1//1,1//1,1//4,1//2,true,false,true,false,1//1,0//1,-1//1,substitutes
1//2,0//1,10//1,4//1,4//1,0//1,1//2,1//1,1//1,2//1,1//4,1//2,true,false,true,false,0//1,0//1,0//1,separable
1//2,0//1,10//1,4//1,4//1,0//1,1//2,1//1,2//1,0//1,1//4,1//2,true,false,true,false,2//1,0//1,-2//1,substitutes
1//2,0//1,10//1,4//1,4//1,0//1,1//2,1//1,2//1,1//1,1//4,1//2,true,false,true,false,1//1,0//1,-1//1,substitutes
1//2,0//1,10//1,4//1,4//1,0//1,1//2,1//1,2//1,2//1,1//4,1//2,true,false,true,false,0//1,0//1,0//1,separable
1//2,0//1,10//1,4//1,4//1,0//1,1//1,0//1,0//1,0//1,1//2,0//1,false,false,true,false,0//1,0//1,0//1,separable
1//2,0//1,10//1,4//1,4//1,0//1,1//1,0//1,0//1,1//1,1//2,0//1,false,false,true,false,0//1,0//1,0//1,separable
1//2,0//1,10//1,4//1,4//1,0//1,1//1,0//1,0//1,2//1,1//2,0//1,false,false,true,false,0//1,0//1,0//1,separable
1//2,0//1,10//1,4//1,4//1,0//1,1//1,0//1,1//1,0//1,1//2,0//1,false,false,true,false,0//1,0//1,0//1,separable
1//2,0//1,10//1,4//1,4//1,0//1,1//1,0//1,1//1,1//1,1//2,0//1,false,false,true,false,0//1,0//1,0//1,separable
1//2,0//1,10//1,4//1,4//1,0//1,1//1,0//1,1//1,2//1,1//2,0//1,false,false,true,false,0//1,0//1,0//1,separable
1//2,0//1,10//1,4//1,4//1,0//1,1//1,0//1,2//1,0//1,1//2,0//1,false,false,true,false,0//1,0//1,0//1,separable
1//2,0//1,10//1,4//1,4//1,0//1,1//1,0//1,2//1,1//1,1//2,0//1,false,false,true,false,0//1,0//1,0//1,separable
1//2,0//1,10//1,4//1,4//1,0//1,1//1,0//1,2//1,2//1,1//2,0//1,false,false,true,false,0//1,0//1,0//1,separable
1//2,0//1,10//1,4//1,4//1,0//1,1//1,1//2,0//1,0//1,1//2,1//4,false,false,true,false,0//1,0//1,0//1,separable
1//2,0//1,10//1,4//1,4//1,0//1,1//1,1//2,0//1,1//1,1//2,1//4,false,false,true,false,0//1,0//1,0//1,separable
1//2,0//1,10//1,4//1,4//1,0//1,1//1,1//2,0//1,2//1,1//2,1//4,false,false,true,false,0//1,0//1,0//1,separable
1//2,0//1,10//1,4//1,4//1,0//1,1//1,1//2,1//1,0//1,1//2,1//4,false,false,true,false,0//1,0//1,0//1,separable
1//2,0//1,10//1,4//1,4//1,0//1,1//1,1//2,1//1,1//1,1//2,1//4,false,false,true,false,0//1,0//1,0//1,separable
1//2,0//1,10//1,4//1,4//1,0//1,1//1,1//2,1//1,2//1,1//2,1//4,false,false,true,false,0//1,0//1,0//1,separable
1//2,0//1,10//1,4//1,4//1,0//1,1//1,1//2,2//1,0//1,1//2,1//4,false,false,true,false,1//1,0//1,-1//1,substitutes
1//2,0//1,10//1,4//1,4//1,0//1,1//1,1//2,2//1,1//1,1//2,1//4,false,false,true,false,0//1,0//1,0//1,separable
1//2,0//1,10//1,4//1,4//1,0//1,1//1,1//2,2//1,2//1,1//2,1//4,false,false,true,false,0//1,0//1,0//1,separable
1//2,0//1,10//1,4//1,4//1,0//1,1//1,1//1,0//1,0//1,1//2,1//2,true,false,true,false,0//1,0//1,0//1,separable
1//2,0//1,10//1,4//1,4//1,0//1,1//1,1//1,0//1,1//1,1//2,1//2,true,false,true,false,0//1,0//1,0//1,separable
1//2,0//1,10//1,4//1,4//1,0//1,1//1,1//1,0//1,2//1,1//2,1//2,true,false,true,false,0//1,0//1,0//1,separable
1//2,0//1,10//1,4//1,4//1,0//1,1//1,1//1,1//1,0//1,1//2,1//2,true,false,true,false,1//1,0//1,-1//1,substitutes
1//2,0//1,10//1,4//1,4//1,0//1,1//1,1//1,1//1,1//1,1//2,1//2,true,false,true,false,0//1,0//1,0//1,separable
1//2,0//1,10//1,4//1,4//1,0//1,1//1,1//1,1//1,2//1,1//2,1//2,true,false,true,false,0//1,0//1,0//1,separable
1//2,0//1,10//1,4//1,4//1,0//1,1//1,1//1,2//1,0//1,1//2,1//2,true,false,true,false,2//1,0//1,-2//1,substitutes
1//2,0//1,10//1,4//1,4//1,0//1,1//1,1//1,2//1,1//1,1//2,1//2,true,false,true,false,1//1,0//1,-1//1,substitutes
1//2,0//1,10//1,4//1,4//1,0//1,1//1,1//1,2//1,2//1,1//2,1//2,true,false,true,false,0//1,0//1,0//1,separable
1//2,0//1,10//1,10//1,10//1,0//1,0//1,0//1,0//1,0//1,0//1,0//1,true,true,true,true,0//1,0//1,0//1,separable
1//2,0//1,10//1,10//1,10//1,0//1,0//1,0//1,0//1,1//1,0//1,0//1,true,true,true,true,0//1,0//1,0//1,separable
1//2,0//1,10//1,10//1,10//1,0//1,0//1,0//1,0//1,2//1,0//1,0//1,true,true,true,true,0//1,0//1,0//1,separable
1//2,0//1,10//1,10//1,10//1,0//1,0//1,0//1,1//1,0//1,0//1,0//1,true,true,true,true,0//1,0//1,0//1,separable
1//2,0//1,10//1,10//1,10//1,0//1,0//1,0//1,1//1,1//1,0//1,0//1,true,true,true,true,0//1,0//1,0//1,separable
1//2,0//1,10//1,10//1,10//1,0//1,0//1,0//1,1//1,2//1,0//1,0//1,true,true,true,true,0//1,0//1,0//1,separable
1//2,0//1,10//1,10//1,10//1,0//1,0//1,0//1,2//1,0//1,0//1,0//1,true,true,true,true,0//1,0//1,0//1,separable
1//2,0//1,10//1,10//1,10//1,0//1,0//1,0//1,2//1,1//1,0//1,0//1,true,true,true,true,0//1,0//1,0//1,separable
1//2,0//1,10//1,10//1,10//1,0//1,0//1,0//1,2//1,2//1,0//1,0//1,true,true,true,true,0//1,0//1,0//1,separable
1//2,0//1,10//1,10//1,10//1,0//1,0//1,1//2,0//1,0//1,0//1,1//4,true,true,true,true,5//2,0//1,-5//2,substitutes
1//2,0//1,10//1,10//1,10//1,0//1,0//1,1//2,0//1,1//1,0//1,1//4,true,true,true,true,3//2,0//1,-3//2,substitutes
1//2,0//1,10//1,10//1,10//1,0//1,0//1,1//2,0//1,2//1,0//1,1//4,true,true,true,true,1//2,0//1,-1//2,substitutes
1//2,0//1,10//1,10//1,10//1,0//1,0//1,1//2,1//1,0//1,0//1,1//4,true,true,true,true,5//2,0//1,-5//2,substitutes
1//2,0//1,10//1,10//1,10//1,0//1,0//1,1//2,1//1,1//1,0//1,1//4,true,true,true,true,3//2,0//1,-3//2,substitutes
1//2,0//1,10//1,10//1,10//1,0//1,0//1,1//2,1//1,2//1,0//1,1//4,true,true,true,true,1//2,0//1,-1//2,substitutes
1//2,0//1,10//1,10//1,10//1,0//1,0//1,1//2,2//1,0//1,0//1,1//4,true,true,true,true,5//2,0//1,-5//2,substitutes
1//2,0//1,10//1,10//1,10//1,0//1,0//1,1//2,2//1,1//1,0//1,1//4,true,true,true,true,3//2,0//1,-3//2,substitutes
1//2,0//1,10//1,10//1,10//1,0//1,0//1,1//2,2//1,2//1,0//1,1//4,true,true,true,true,1//2,0//1,-1//2,substitutes
1//2,0//1,10//1,10//1,10//1,0//1,0//1,1//1,0//1,0//1,0//1,1//2,true,true,true,true,5//1,0//1,-5//1,substitutes
1//2,0//1,10//1,10//1,10//1,0//1,0//1,1//1,0//1,1//1,0//1,1//2,true,true,true,true,4//1,0//1,-4//1,substitutes
1//2,0//1,10//1,10//1,10//1,0//1,0//1,1//1,0//1,2//1,0//1,1//2,true,true,true,true,3//1,0//1,-3//1,substitutes
1//2,0//1,10//1,10//1,10//1,0//1,0//1,1//1,1//1,0//1,0//1,1//2,true,true,true,true,5//1,0//1,-5//1,substitutes
1//2,0//1,10//1,10//1,10//1,0//1,0//1,1//1,1//1,1//1,0//1,1//2,true,true,true,true,4//1,0//1,-4//1,substitutes
1//2,0//1,10//1,10//1,10//1,0//1,0//1,1//1,1//1,2//1,0//1,1//2,true,true,true,true,3//1,0//1,-3//1,substitutes
1//2,0//1,10//1,10//1,10//1,0//1,0//1,1//1,2//1,0//1,0//1,1//2,true,true,true,true,5//1,0//1,-5//1,substitutes
1//2,0//1,10//1,10//1,10//1,0//1,0//1,1//1,2//1,1//1,0//1,1//2,true,true,true,true,4//1,0//1,-4//1,substitutes
1//2,0//1,10//1,10//1,10//1,0//1,0//1,1//1,2//1,2//1,0//1,1//2,true,true,true,true,3//1,0//1,-3//1,substitutes
1//2,0//1,10//1,10//1,10//1,0//1,1//2,0//1,0//1,0//1,1//4,0//1,false,false,true,false,0//1,0//1,0//1,separable
1//2,0//1,10//1,10//1,10//1,0//1,1//2,0//1,0//1,1//1,1//4,0//1,false,false,true,false,0//1,0//1,0//1,separable
1//2,0//1,10//1,10//1,10//1,0//1,1//2,0//1,0//1,2//1,1//4,0//1,false,false,true,false,0//1,0//1,0//1,separable
1//2,0//1,10//1,10//1,10//1,0//1,1//2,0//1,1//1,0//1,1//4,0//1,false,false,true,false,0//1,0//1,0//1,separable
1//2,0//1,10//1,10//1,10//1,0//1,1//2,0//1,1//1,1//1,1//4,0//1,false,false,true,false,0//1,0//1,0//1,separable
1//2,0//1,10//1,10//1,10//1,0//1,1//2,0//1,1//1,2//1,1//4,0//1,false,false,true,false,0//1,0//1,0//1,separable
1//2,0//1,10//1,10//1,10//1,0//1,1//2,0//1,2//1,0//1,1//4,0//1,false,false,true,false,0//1,0//1,0//1,separable
1//2,0//1,10//1,10//1,10//1,0//1,1//2,0//1,2//1,1//1,1//4,0//1,false,false,true,false,0//1,0//1,0//1,separable
1//2,0//1,10//1,10//1,10//1,0//1,1//2,0//1,2//1,2//1,1//4,0//1,false,false,true,false,0//1,0//1,0//1,separable
1//2,0//1,10//1,10//1,10//1,0//1,1//2,1//2,0//1,0//1,1//4,1//4,true,false,true,false,0//1,0//1,0//1,separable
1//2,0//1,10//1,10//1,10//1,0//1,1//2,1//2,0//1,1//1,1//4,1//4,true,false,true,false,0//1,0//1,0//1,separable
1//2,0//1,10//1,10//1,10//1,0//1,1//2,1//2,0//1,2//1,1//4,1//4,true,false,true,false,0//1,0//1,0//1,separable
1//2,0//1,10//1,10//1,10//1,0//1,1//2,1//2,1//1,0//1,1//4,1//4,true,false,true,false,1//1,0//1,-1//1,substitutes
1//2,0//1,10//1,10//1,10//1,0//1,1//2,1//2,1//1,1//1,1//4,1//4,true,false,true,false,0//1,0//1,0//1,separable
1//2,0//1,10//1,10//1,10//1,0//1,1//2,1//2,1//1,2//1,1//4,1//4,true,false,true,false,0//1,0//1,0//1,separable
1//2,0//1,10//1,10//1,10//1,0//1,1//2,1//2,2//1,0//1,1//4,1//4,true,false,true,false,2//1,0//1,-2//1,substitutes
1//2,0//1,10//1,10//1,10//1,0//1,1//2,1//2,2//1,1//1,1//4,1//4,true,false,true,false,1//1,0//1,-1//1,substitutes
1//2,0//1,10//1,10//1,10//1,0//1,1//2,1//2,2//1,2//1,1//4,1//4,true,false,true,false,0//1,0//1,0//1,separable
1//2,0//1,10//1,10//1,10//1,0//1,1//2,1//1,0//1,0//1,1//4,1//2,true,false,true,false,5//2,0//1,-5//2,substitutes
1//2,0//1,10//1,10//1,10//1,0//1,1//2,1//1,0//1,1//1,1//4,1//2,true,false,true,false,3//2,0//1,-3//2,substitutes
1//2,0//1,10//1,10//1,10//1,0//1,1//2,1//1,0//1,2//1,1//4,1//2,true,false,true,false,1//2,0//1,-1//2,substitutes
1//2,0//1,10//1,10//1,10//1,0//1,1//2,1//1,1//1,0//1,1//4,1//2,true,false,true,false,7//2,0//1,-7//2,substitutes
1//2,0//1,10//1,10//1,10//1,0//1,1//2,1//1,1//1,1//1,1//4,1//2,true,false,true,false,5//2,0//1,-5//2,substitutes
1//2,0//1,10//1,10//1,10//1,0//1,1//2,1//1,1//1,2//1,1//4,1//2,true,false,true,false,3//2,0//1,-3//2,substitutes
1//2,0//1,10//1,10//1,10//1,0//1,1//2,1//1,2//1,0//1,1//4,1//2,true,false,true,false,9//2,0//1,-9//2,substitutes
1//2,0//1,10//1,10//1,10//1,0//1,1//2,1//1,2//1,1//1,1//4,1//2,true,false,true,false,7//2,0//1,-7//2,substitutes
1//2,0//1,10//1,10//1,10//1,0//1,1//2,1//1,2//1,2//1,1//4,1//2,true,false,true,false,5//2,0//1,-5//2,substitutes
1//2,0//1,10//1,10//1,10//1,0//1,1//1,0//1,0//1,0//1,1//2,0//1,false,false,true,false,0//1,0//1,0//1,separable
1//2,0//1,10//1,10//1,10//1,0//1,1//1,0//1,0//1,1//1,1//2,0//1,false,false,true,false,0//1,0//1,0//1,separable
1//2,0//1,10//1,10//1,10//1,0//1,1//1,0//1,0//1,2//1,1//2,0//1,false,false,true,false,0//1,0//1,0//1,separable
1//2,0//1,10//1,10//1,10//1,0//1,1//1,0//1,1//1,0//1,1//2,0//1,false,false,true,false,0//1,0//1,0//1,separable
1//2,0//1,10//1,10//1,10//1,0//1,1//1,0//1,1//1,1//1,1//2,0//1,false,false,true,false,0//1,0//1,0//1,separable
1//2,0//1,10//1,10//1,10//1,0//1,1//1,0//1,1//1,2//1,1//2,0//1,false,false,true,false,0//1,0//1,0//1,separable
1//2,0//1,10//1,10//1,10//1,0//1,1//1,0//1,2//1,0//1,1//2,0//1,false,false,true,false,0//1,0//1,0//1,separable
1//2,0//1,10//1,10//1,10//1,0//1,1//1,0//1,2//1,1//1,1//2,0//1,false,false,true,false,0//1,0//1,0//1,separable
1//2,0//1,10//1,10//1,10//1,0//1,1//1,0//1,2//1,2//1,1//2,0//1,false,false,true,false,0//1,0//1,0//1,separable
1//2,0//1,10//1,10//1,10//1,0//1,1//1,1//2,0//1,0//1,1//2,1//4,false,false,true,false,0//1,0//1,0//1,separable
1//2,0//1,10//1,10//1,10//1,0//1,1//1,1//2,0//1,1//1,1//2,1//4,false,false,true,false,0//1,0//1,0//1,separable
1//2,0//1,10//1,10//1,10//1,0//1,1//1,1//2,0//1,2//1,1//2,1//4,false,false,true,false,0//1,0//1,0//1,separable
1//2,0//1,10//1,10//1,10//1,0//1,1//1,1//2,1//1,0//1,1//2,1//4,false,false,true,false,0//1,0//1,0//1,separable
1//2,0//1,10//1,10//1,10//1,0//1,1//1,1//2,1//1,1//1,1//2,1//4,false,false,true,false,0//1,0//1,0//1,separable
1//2,0//1,10//1,10//1,10//1,0//1,1//1,1//2,1//1,2//1,1//2,1//4,false,false,true,false,0//1,0//1,0//1,separable
1//2,0//1,10//1,10//1,10//1,0//1,1//1,1//2,2//1,0//1,1//2,1//4,false,false,true,false,0//1,0//1,0//1,separable
1//2,0//1,10//1,10//1,10//1,0//1,1//1,1//2,2//1,1//1,1//2,1//4,false,false,true,false,0//1,0//1,0//1,separable
1//2,0//1,10//1,10//1,10//1,0//1,1//1,1//2,2//1,2//1,1//2,1//4,false,false,true,false,0//1,0//1,0//1,separable
1//2,0//1,10//1,10//1,10//1,0//1,1//1,1//1,0//1,0//1,1//2,1//2,true,false,true,false,0//1,0//1,0//1,separable
1//2,0//1,10//1,10//1,10//1,0//1,1//1,1//1,0//1,1//1,1//2,1//2,true,false,true,false,0//1,0//1,0//1,separable
1//2,0//1,10//1,10//1,10//1,0//1,1//1,1//1,0//1,2//1,1//2,1//2,true,false,true,false,0//1,0//1,0//1,separable
1//2,0//1,10//1,10//1,10//1,0//1,1//1,1//1,1//1,0//1,1//2,1//2,true,false,true,false,1//1,0//1,-1//1,substitutes
1//2,0//1,10//1,10//1,10//1,0//1,1//1,1//1,1//1,1//1,1//2,1//2,true,false,true,false,0//1,0//1,0//1,separable
1//2,0//1,10//1,10//1,10//1,0//1,1//1,1//1,1//1,2//1,1//2,1//2,true,false,true,false,0//1,0//1,0//1,separable
1//2,0//1,10//1,10//1,10//1,0//1,1//1,1//1,2//1,0//1,1//2,1//2,true,false,true,false,2//1,0//1,-2//1,substitutes
1//2,0//1,10//1,10//1,10//1,0//1,1//1,1//1,2//1,1//1,1//2,1//2,true,false,true,false,1//1,0//1,-1//1,substitutes
1//2,0//1,10//1,10//1,10//1,0//1,1//1,1//1,2//1,2//1,1//2,1//2,true,false,true,false,0//1,0//1,0//1,separable
1//2,2//1,4//1,4//1,2//1,0//1,0//1,0//1,0//1,0//1,0//1,0//1,true,true,true,true,0//1,0//1,0//1,separable
1//2,2//1,4//1,4//1,2//1,0//1,0//1,0//1,0//1,1//1,0//1,0//1,true,true,true,true,0//1,0//1,0//1,separable
1//2,2//1,4//1,4//1,2//1,0//1,0//1,0//1,0//1,2//1,0//1,0//1,true,true,true,true,0//1,0//1,0//1,separable
1//2,2//1,4//1,4//1,2//1,0//1,0//1,0//1,1//1,0//1,0//1,0//1,true,true,true,true,0//1,0//1,0//1,separable
1//2,2//1,4//1,4//1,2//1,0//1,0//1,0//1,1//1,1//1,0//1,0//1,true,true,true,true,0//1,0//1,0//1,separable
1//2,2//1,4//1,4//1,2//1,0//1,0//1,0//1,1//1,2//1,0//1,0//1,true,true,true,true,0//1,0//1,0//1,separable
1//2,2//1,4//1,4//1,2//1,0//1,0//1,0//1,2//1,0//1,0//1,0//1,true,true,true,true,0//1,0//1,0//1,separable
1//2,2//1,4//1,4//1,2//1,0//1,0//1,0//1,2//1,1//1,0//1,0//1,true,true,true,true,0//1,0//1,0//1,separable
1//2,2//1,4//1,4//1,2//1,0//1,0//1,0//1,2//1,2//1,0//1,0//1,true,true,true,true,0//1,0//1,0//1,separable
1//2,2//1,4//1,4//1,2//1,0//1,0//1,1//2,0//1,0//1,0//1,1//4,true,true,true,true,1//2,0//1,-1//2,substitutes
1//2,2//1,4//1,4//1,2//1,0//1,0//1,1//2,0//1,1//1,0//1,1//4,true,true,true,true,0//1,0//1,0//1,separable
1//2,2//1,4//1,4//1,2//1,0//1,0//1,1//2,0//1,2//1,0//1,1//4,true,true,true,true,0//1,0//1,0//1,separable
1//2,2//1,4//1,4//1,2//1,0//1,0//1,1//2,1//1,0//1,0//1,1//4,true,true,true,true,1//2,0//1,-1//2,substitutes
1//2,2//1,4//1,4//1,2//1,0//1,0//1,1//2,1//1,1//1,0//1,1//4,true,true,true,true,0//1,0//1,0//1,separable
1//2,2//1,4//1,4//1,2//1,0//1,0//1,1//2,1//1,2//1,0//1,1//4,true,true,true,true,0//1,0//1,0//1,separable
1//2,2//1,4//1,4//1,2//1,0//1,0//1,1//2,2//1,0//1,0//1,1//4,true,true,true,true,1//2,0//1,-1//2,substitutes
1//2,2//1,4//1,4//1,2//1,0//1,0//1,1//2,2//1,1//1,0//1,1//4,true,true,true,true,0//1,0//1,0//1,separable
1//2,2//1,4//1,4//1,2//1,0//1,0//1,1//2,2//1,2//1,0//1,1//4,true,true,true,true,0//1,0//1,0//1,separable
1//2,2//1,4//1,4//1,2//1,0//1,0//1,1//1,0//1,0//1,0//1,1//2,true,true,true,true,1//1,0//1,-1//1,substitutes
1//2,2//1,4//1,4//1,2//1,0//1,0//1,1//1,0//1,1//1,0//1,1//2,true,true,true,true,0//1,0//1,0//1,separable
1//2,2//1,4//1,4//1,2//1,0//1,0//1,1//1,0//1,2//1,0//1,1//2,true,true,true,true,0//1,0//1,0//1,separable
1//2,2//1,4//1,4//1,2//1,0//1,0//1,1//1,1//1,0//1,0//1,1//2,true,true,true,true,1//1,0//1,-1//1,substitutes
1//2,2//1,4//1,4//1,2//1,0//1,0//1,1//1,1//1,1//1,0//1,1//2,true,true,true,true,0//1,0//1,0//1,separable
1//2,2//1,4//1,4//1,2//1,0//1,0//1,1//1,1//1,2//1,0//1,1//2,true,true,true,true,0//1,0//1,0//1,separable
1//2,2//1,4//1,4//1,2//1,0//1,0//1,1//1,2//1,0//1,0//1,1//2,true,true,true,true,1//1,0//1,-1//1,substitutes
1//2,2//1,4//1,4//1,2//1,0//1,0//1,1//1,2//1,1//1,0//1,1//2,true,true,true,true,0//1,0//1,0//1,separable
1//2,2//1,4//1,4//1,2//1,0//1,0//1,1//1,2//1,2//1,0//1,1//2,true,true,true,true,0//1,0//1,0//1,separable
1//2,2//1,4//1,4//1,2//1,0//1,1//2,0//1,0//1,0//1,1//4,0//1,false,false,true,false,0//1,0//1,0//1,separable
1//2,2//1,4//1,4//1,2//1,0//1,1//2,0//1,0//1,1//1,1//4,0//1,false,false,true,false,0//1,0//1,0//1,separable
1//2,2//1,4//1,4//1,2//1,0//1,1//2,0//1,0//1,2//1,1//4,0//1,false,false,true,false,0//1,0//1,0//1,separable
1//2,2//1,4//1,4//1,2//1,0//1,1//2,0//1,1//1,0//1,1//4,0//1,false,false,true,false,0//1,0//1,0//1,separable
1//2,2//1,4//1,4//1,2//1,0//1,1//2,0//1,1//1,1//1,1//4,0//1,false,false,true,false,0//1,0//1,0//1,separable
1//2,2//1,4//1,4//1,2//1,0//1,1//2,0//1,1//1,2//1,1//4,0//1,false,false,true,false,0//1,0//1,0//1,separable
1//2,2//1,4//1,4//1,2//1,0//1,1//2,0//1,2//1,0//1,1//4,0//1,false,false,true,false,0//1,0//1,0//1,separable
1//2,2//1,4//1,4//1,2//1,0//1,1//2,0//1,2//1,1//1,1//4,0//1,false,false,true,false,0//1,0//1,0//1,separable
1//2,2//1,4//1,4//1,2//1,0//1,1//2,0//1,2//1,2//1,1//4,0//1,false,false,true,false,0//1,0//1,0//1,separable
1//2,2//1,4//1,4//1,2//1,0//1,1//2,1//2,0//1,0//1,1//4,1//4,true,false,true,false,0//1,0//1,0//1,separable
1//2,2//1,4//1,4//1,2//1,0//1,1//2,1//2,0//1,1//1,1//4,1//4,true,false,true,false,0//1,0//1,0//1,separable
1//2,2//1,4//1,4//1,2//1,0//1,1//2,1//2,0//1,2//1,1//4,1//4,true,false,true,false,0//1,0//1,0//1,separable
1//2,2//1,4//1,4//1,2//1,0//1,1//2,1//2,1//1,0//1,1//4,1//4,true,false,true,false,1//2,0//1,-1//2,substitutes
1//2,2//1,4//1,4//1,2//1,0//1,1//2,1//2,1//1,1//1,1//4,1//4,true,false,true,false,0//1,0//1,0//1,separable
1//2,2//1,4//1,4//1,2//1,0//1,1//2,1//2,1//1,2//1,1//4,1//4,true,false,true,false,0//1,0//1,0//1,separable
1//2,2//1,4//1,4//1,2//1,0//1,1//2,1//2,2//1,0//1,1//4,1//4,true,false,true,false,1//2,0//1,-1//2,substitutes
1//2,2//1,4//1,4//1,2//1,0//1,1//2,1//2,2//1,1//1,1//4,1//4,true,false,true,false,0//1,0//1,0//1,separable
1//2,2//1,4//1,4//1,2//1,0//1,1//2,1//2,2//1,2//1,1//4,1//4,true,false,true,false,0//1,0//1,0//1,separable
1//2,2//1,4//1,4//1,2//1,0//1,1//2,1//1,0//1,0//1,1//4,1//2,true,false,true,false,1//2,0//1,-1//2,substitutes
1//2,2//1,4//1,4//1,2//1,0//1,1//2,1//1,0//1,1//1,1//4,1//2,true,false,true,false,0//1,0//1,0//1,separable
1//2,2//1,4//1,4//1,2//1,0//1,1//2,1//1,0//1,2//1,1//4,1//2,true,false,true,false,0//1,0//1,0//1,separable
1//2,2//1,4//1,4//1,2//1,0//1,1//2,1//1,1//1,0//1,1//4,1//2,true,false,true,false,1//1,0//1,-1//1,substitutes
1//2,2//1,4//1,4//1,2//1,0//1,1//2,1//1,1//1,1//1,1//4,1//2,true,false,true,false,0//1,0//1,0//1,separable
1//2,2//1,4//1,4//1,2//1,0//1,1//2,1//1,1//1,2//1,1//4,1//2,true,false,true,false,0//1,0//1,0//1,separable
1//2,2//1,4//1,4//1,2//1,0//1,1//2,1//1,2//1,0//1,1//4,1//2,true,false,true,false,1//1,0//1,-1//1,substitutes
1//2,2//1,4//1,4//1,2//1,0//1,1//2,1//1,2//1,1//1,1//4,1//2,true,false,true,false,0//1,0//1,0//1,separable
1//2,2//1,4//1,4//1,2//1,0//1,1//2,1//1,2//1,2//1,1//4,1//2,true,false,true,false,0//1,0//1,0//1,separable
1//2,2//1,4//1,4//1,2//1,0//1,1//1,0//1,0//1,0//1,1//2,0//1,false,false,true,false,0//1,0//1,0//1,separable
1//2,2//1,4//1,4//1,2//1,0//1,1//1,0//1,0//1,1//1,1//2,0//1,false,false,true,false,0//1,0//1,0//1,separable
1//2,2//1,4//1,4//1,2//1,0//1,1//1,0//1,0//1,2//1,1//2,0//1,false,false,true,false,0//1,0//1,0//1,separable
1//2,2//1,4//1,4//1,2//1,0//1,1//1,0//1,1//1,0//1,1//2,0//1,false,false,true,false,0//1,0//1,0//1,separable
1//2,2//1,4//1,4//1,2//1,0//1,1//1,0//1,1//1,1//1,1//2,0//1,false,false,true,false,0//1,0//1,0//1,separable
1//2,2//1,4//1,4//1,2//1,0//1,1//1,0//1,1//1,2//1,1//2,0//1,false,false,true,false,0//1,0//1,0//1,separable
1//2,2//1,4//1,4//1,2//1,0//1,1//1,0//1,2//1,0//1,1//2,0//1,false,false,true,false,0//1,0//1,0//1,separable
1//2,2//1,4//1,4//1,2//1,0//1,1//1,0//1,2//1,1//1,1//2,0//1,false,false,true,false,0//1,0//1,0//1,separable
1//2,2//1,4//1,4//1,2//1,0//1,1//1,0//1,2//1,2//1,1//2,0//1,false,false,true,false,0//1,0//1,0//1,separable
1//2,2//1,4//1,4//1,2//1,0//1,1//1,1//2,0//1,0//1,1//2,1//4,false,false,true,false,0//1,0//1,0//1,separable
1//2,2//1,4//1,4//1,2//1,0//1,1//1,1//2,0//1,1//1,1//2,1//4,false,false,true,false,0//1,0//1,0//1,separable
1//2,2//1,4//1,4//1,2//1,0//1,1//1,1//2,0//1,2//1,1//2,1//4,false,false,true,false,0//1,0//1,0//1,separable
1//2,2//1,4//1,4//1,2//1,0//1,1//1,1//2,1//1,0//1,1//2,1//4,false,false,true,false,1//2,0//1,-1//2,substitutes
1//2,2//1,4//1,4//1,2//1,0//1,1//1,1//2,1//1,1//1,1//2,1//4,false,false,true,false,0//1,0//1,0//1,separable
1//2,2//1,4//1,4//1,2//1,0//1,1//1,1//2,1//1,2//1,1//2,1//4,false,false,true,false,0//1,0//1,0//1,separable
1//2,2//1,4//1,4//1,2//1,0//1,1//1,1//2,2//1,0//1,1//2,1//4,false,false,true,false,1//2,0//1,-1//2,substitutes
1//2,2//1,4//1,4//1,2//1,0//1,1//1,1//2,2//1,1//1,1//2,1//4,false,false,true,false,0//1,0//1,0//1,separable
1//2,2//1,4//1,4//1,2//1,0//1,1//1,1//2,2//1,2//1,1//2,1//4,false,false,true,false,0//1,0//1,0//1,separable
1//2,2//1,4//1,4//1,2//1,0//1,1//1,1//1,0//1,0//1,1//2,1//2,true,false,true,false,0//1,0//1,0//1,separable
1//2,2//1,4//1,4//1,2//1,0//1,1//1,1//1,0//1,1//1,1//2,1//2,true,false,true,false,0//1,0//1,0//1,separable
1//2,2//1,4//1,4//1,2//1,0//1,1//1,1//1,0//1,2//1,1//2,1//2,true,false,true,false,0//1,0//1,0//1,separable
1//2,2//1,4//1,4//1,2//1,0//1,1//1,1//1,1//1,0//1,1//2,1//2,true,false,true,false,1//1,0//1,-1//1,substitutes
1//2,2//1,4//1,4//1,2//1,0//1,1//1,1//1,1//1,1//1,1//2,1//2,true,false,true,false,0//1,0//1,0//1,separable
1//2,2//1,4//1,4//1,2//1,0//1,1//1,1//1,1//1,2//1,1//2,1//2,true,false,true,false,0//1,0//1,0//1,separable
1//2,2//1,4//1,4//1,2//1,0//1,1//1,1//1,2//1,0//1,1//2,1//2,true,false,true,false,1//1,0//1,-1//1,substitutes
1//2,2//1,4//1,4//1,2//1,0//1,1//1,1//1,2//1,1//1,1//2,1//2,true,false,true,false,0//1,0//1,0//1,separable
1//2,2//1,4//1,4//1,2//1,0//1,1//1,1//1,2//1,2//1,1//2,1//2,true,false,true,false,0//1,0//1,0//1,separable
1//2,2//1,4//1,10//1,8//1,6//1,0//1,0//1,0//1,0//1,0//1,0//1,true,true,true,true,0//1,0//1,0//1,separable
1//2,2//1,4//1,10//1,8//1,6//1,0//1,0//1,0//1,1//1,0//1,0//1,true,true,true,true,0//1,0//1,0//1,separable
1//2,2//1,4//1,10//1,8//1,6//1,0//1,0//1,0//1,2//1,0//1,0//1,true,true,true,true,0//1,0//1,0//1,separable
1//2,2//1,4//1,10//1,8//1,6//1,0//1,0//1,1//1,0//1,0//1,0//1,true,true,true,true,0//1,0//1,0//1,separable
1//2,2//1,4//1,10//1,8//1,6//1,0//1,0//1,1//1,1//1,0//1,0//1,true,true,true,true,0//1,0//1,0//1,separable
1//2,2//1,4//1,10//1,8//1,6//1,0//1,0//1,1//1,2//1,0//1,0//1,true,true,true,true,0//1,0//1,0//1,separable
1//2,2//1,4//1,10//1,8//1,6//1,0//1,0//1,2//1,0//1,0//1,0//1,true,true,true,true,0//1,0//1,0//1,separable
1//2,2//1,4//1,10//1,8//1,6//1,0//1,0//1,2//1,1//1,0//1,0//1,true,true,true,true,0//1,0//1,0//1,separable
1//2,2//1,4//1,10//1,8//1,6//1,0//1,0//1,2//1,2//1,0//1,0//1,true,true,true,true,0//1,0//1,0//1,separable
1//2,2//1,4//1,10//1,8//1,6//1,0//1,1//2,0//1,0//1,0//1,1//4,true,true,true,true,2//1,3//2,-1//2,substitutes
1//2,2//1,4//1,10//1,8//1,6//1,0//1,1//2,0//1,1//1,0//1,1//4,true,true,true,true,1//1,1//2,-1//2,substitutes
1//2,2//1,4//1,10//1,8//1,6//1,0//1,1//2,0//1,2//1,0//1,1//4,true,true,true,true,0//1,0//1,0//1,separable
1//2,2//1,4//1,10//1,8//1,6//1,0//1,1//2,1//1,0//1,0//1,1//4,true,true,true,true,2//1,3//2,-1//2,substitutes
1//2,2//1,4//1,10//1,8//1,6//1,0//1,1//2,1//1,1//1,0//1,1//4,true,true,true,true,1//1,1//2,-1//2,substitutes
1//2,2//1,4//1,10//1,8//1,6//1,0//1,1//2,1//1,2//1,0//1,1//4,true,true,true,true,0//1,0//1,0//1,separable
1//2,2//1,4//1,10//1,8//1,6//1,0//1,1//2,2//1,0//1,0//1,1//4,true,true,true,true,2//1,3//2,-1//2,substitutes
1//2,2//1,4//1,10//1,8//1,6//1,0//1,1//2,2//1,1//1,0//1,1//4,true,true,true,true,1//1,1//2,-1//2,substitutes
1//2,2//1,4//1,10//1,8//1,6//1,0//1,1//2,2//1,2//1,0//1,1//4,true,true,true,true,0//1,0//1,0//1,separable
1//2,2//1,4//1,10//1,8//1,6//1,0//1,1//1,0//1,0//1,0//1,1//2,true,true,true,true,4//1,3//1,-1//1,substitutes
1//2,2//1,4//1,10//1,8//1,6//1,0//1,1//1,0//1,1//1,0//1,1//2,true,true,true,true,3//1,2//1,-1//1,substitutes
1//2,2//1,4//1,10//1,8//1,6//1,0//1,1//1,0//1,2//1,0//1,1//2,true,true,true,true,2//1,1//1,-1//1,substitutes
1//2,2//1,4//1,10//1,8//1,6//1,0//1,1//1,1//1,0//1,0//1,1//2,true,true,true,true,4//1,3//1,-1//1,substitutes
1//2,2//1,4//1,10//1,8//1,6//1,0//1,1//1,1//1,1//1,0//1,1//2,true,true,true,true,3//1,2//1,-1//1,substitutes
1//2,2//1,4//1,10//1,8//1,6//1,0//1,1//1,1//1,2//1,0//1,1//2,true,true,true,true,2//1,1//1,-1//1,substitutes
1//2,2//1,4//1,10//1,8//1,6//1,0//1,1//1,2//1,0//1,0//1,1//2,true,true,true,true,4//1,3//1,-1//1,substitutes
1//2,2//1,4//1,10//1,8//1,6//1,0//1,1//1,2//1,1//1,0//1,1//2,true,true,true,true,3//1,2//1,-1//1,substitutes
1//2,2//1,4//1,10//1,8//1,6//1,0//1,1//1,2//1,2//1,0//1,1//2,true,true,true,true,2//1,1//1,-1//1,substitutes
1//2,2//1,4//1,10//1,8//1,6//1,1//2,0//1,0//1,0//1,1//4,0//1,false,false,true,false,0//1,0//1,0//1,separable
1//2,2//1,4//1,10//1,8//1,6//1,1//2,0//1,0//1,1//1,1//4,0//1,false,false,true,false,0//1,0//1,0//1,separable
1//2,2//1,4//1,10//1,8//1,6//1,1//2,0//1,0//1,2//1,1//4,0//1,false,false,true,false,0//1,0//1,0//1,separable
1//2,2//1,4//1,10//1,8//1,6//1,1//2,0//1,1//1,0//1,1//4,0//1,false,false,true,false,0//1,0//1,0//1,separable
1//2,2//1,4//1,10//1,8//1,6//1,1//2,0//1,1//1,1//1,1//4,0//1,false,false,true,false,0//1,0//1,0//1,separable
1//2,2//1,4//1,10//1,8//1,6//1,1//2,0//1,1//1,2//1,1//4,0//1,false,false,true,false,0//1,0//1,0//1,separable
1//2,2//1,4//1,10//1,8//1,6//1,1//2,0//1,2//1,0//1,1//4,0//1,false,false,true,false,0//1,0//1,0//1,separable
1//2,2//1,4//1,10//1,8//1,6//1,1//2,0//1,2//1,1//1,1//4,0//1,false,false,true,false,0//1,0//1,0//1,separable
1//2,2//1,4//1,10//1,8//1,6//1,1//2,0//1,2//1,2//1,1//4,0//1,false,false,true,false,0//1,0//1,0//1,separable
1//2,2//1,4//1,10//1,8//1,6//1,1//2,1//2,0//1,0//1,1//4,1//4,true,false,true,false,0//1,0//1,0//1,separable
1//2,2//1,4//1,10//1,8//1,6//1,1//2,1//2,0//1,1//1,1//4,1//4,true,false,true,false,0//1,0//1,0//1,separable
1//2,2//1,4//1,10//1,8//1,6//1,1//2,1//2,0//1,2//1,1//4,1//4,true,false,true,false,0//1,0//1,0//1,separable
1//2,2//1,4//1,10//1,8//1,6//1,1//2,1//2,1//1,0//1,1//4,1//4,true,false,true,false,1//1,1//1,0//1,separable
1//2,2//1,4//1,10//1,8//1,6//1,1//2,1//2,1//1,1//1,1//4,1//4,true,false,true,false,0//1,0//1,0//1,separable
1//2,2//1,4//1,10//1,8//1,6//1,1//2,1//2,1//1,2//1,1//4,1//4,true,false,true,false,0//1,0//1,0//1,separable
1//2,2//1,4//1,10//1,8//1,6//1,1//2,1//2,2//1,0//1,1//4,1//4,true,false,true,false,2//1,3//2,-1//2,substitutes
1//2,2//1,4//1,10//1,8//1,6//1,1//2,1//2,2//1,1//1,1//4,1//4,true,false,true,false,1//1,1//2,-1//2,substitutes
1//2,2//1,4//1,10//1,8//1,6//1,1//2,1//2,2//1,2//1,1//4,1//4,true,false,true,false,0//1,0//1,0//1,separable
1//2,2//1,4//1,10//1,8//1,6//1,1//2,1//1,0//1,0//1,1//4,1//2,true,false,true,false,2//1,3//2,-1//2,substitutes
1//2,2//1,4//1,10//1,8//1,6//1,1//2,1//1,0//1,1//1,1//4,1//2,true,false,true,false,1//1,1//2,-1//2,substitutes
1//2,2//1,4//1,10//1,8//1,6//1,1//2,1//1,0//1,2//1,1//4,1//2,true,false,true,false,0//1,0//1,0//1,separable
1//2,2//1,4//1,10//1,8//1,6//1,1//2,1//1,1//1,0//1,1//4,1//2,true,false,true,false,3//1,5//2,-1//2,substitutes
1//2,2//1,4//1,10//1,8//1,6//1,1//2,1//1,1//1,1//1,1//4,1//2,true,false,true,false,2//1,3//2,-1//2,substitutes
1//2,2//1,4//1,10//1,8//1,6//1,1//2,1//1,1//1,2//1,1//4,1//2,true,false,true,false,1//1,1//2,-1//2,substitutes
1//2,2//1,4//1,10//1,8//1,6//1,1//2,1//1,2//1,0//1,1//4,1//2,true,false,true,false,4//1,3//1,-1//1,substitutes
1//2,2//1,4//1,10//1,8//1,6//1,1//2,1//1,2//1,1//1,1//4,1//2,true,false,true,false,3//1,2//1,-1//1,substitutes
1//2,2//1,4//1,10//1,8//1,6//1,1//2,1//1,2//1,2//1,1//4,1//2,true,false,true,false,2//1,1//1,-1//1,substitutes
1//2,2//1,4//1,10//1,8//1,6//1,1//1,0//1,0//1,0//1,1//2,0//1,false,false,true,false,0//1,0//1,0//1,separable
1//2,2//1,4//1,10//1,8//1,6//1,1//1,0//1,0//1,1//1,1//2,0//1,false,false,true,false,0//1,0//1,0//1,separable
1//2,2//1,4//1,10//1,8//1,6//1,1//1,0//1,0//1,2//1,1//2,0//1,false,false,true,false,0//1,0//1,0//1,separable
1//2,2//1,4//1,10//1,8//1,6//1,1//1,0//1,1//1,0//1,1//2,0//1,false,false,true,false,0//1,0//1,0//1,separable
1//2,2//1,4//1,10//1,8//1,6//1,1//1,0//1,1//1,1//1,1//2,0//1,false,false,true,false,0//1,0//1,0//1,separable
1//2,2//1,4//1,10//1,8//1,6//1,1//1,0//1,1//1,2//1,1//2,0//1,false,false,true,false,0//1,0//1,0//1,separable
1//2,2//1,4//1,10//1,8//1,6//1,1//1,0//1,2//1,0//1,1//2,0//1,false,false,true,false,0//1,0//1,0//1,separable
1//2,2//1,4//1,10//1,8//1,6//1,1//1,0//1,2//1,1//1,1//2,0//1,false,false,true,false,0//1,0//1,0//1,separable
1//2,2//1,4//1,10//1,8//1,6//1,1//1,0//1,2//1,2//1,1//2,0//1,false,false,true,false,0//1,0//1,0//1,separable
1//2,2//1,4//1,10//1,8//1,6//1,1//1,1//2,0//1,0//1,1//2,1//4,false,false,true,false,0//1,0//1,0//1,separable
1//2,2//1,4//1,10//1,8//1,6//1,1//1,1//2,0//1,1//1,1//2,1//4,false,false,true,false,0//1,0//1,0//1,separable
1//2,2//1,4//1,10//1,8//1,6//1,1//1,1//2,0//1,2//1,1//2,1//4,false,false,true,false,0//1,0//1,0//1,separable
1//2,2//1,4//1,10//1,8//1,6//1,1//1,1//2,1//1,0//1,1//2,1//4,false,false,true,false,0//1,0//1,0//1,separable
1//2,2//1,4//1,10//1,8//1,6//1,1//1,1//2,1//1,1//1,1//2,1//4,false,false,true,false,0//1,0//1,0//1,separable
1//2,2//1,4//1,10//1,8//1,6//1,1//1,1//2,1//1,2//1,1//2,1//4,false,false,true,false,0//1,0//1,0//1,separable
1//2,2//1,4//1,10//1,8//1,6//1,1//1,1//2,2//1,0//1,1//2,1//4,false,false,true,false,0//1,1//2,1//2,complements
1//2,2//1,4//1,10//1,8//1,6//1,1//1,1//2,2//1,1//1,1//2,1//4,false,false,true,false,0//1,0//1,0//1,separable
1//2,2//1,4//1,10//1,8//1,6//1,1//1,1//2,2//1,2//1,1//2,1//4,false,false,true,false,0//1,0//1,0//1,separable
1//2,2//1,4//1,10//1,8//1,6//1,1//1,1//1,0//1,0//1,1//2,1//2,true,false,true,false,0//1,0//1,0//1,separable
1//2,2//1,4//1,10//1,8//1,6//1,1//1,1//1,0//1,1//1,1//2,1//2,true,false,true,false,0//1,0//1,0//1,separable
1//2,2//1,4//1,10//1,8//1,6//1,1//1,1//1,0//1,2//1,1//2,1//2,true,false,true,false,0//1,0//1,0//1,separable
1//2,2//1,4//1,10//1,8//1,6//1,1//1,1//1,1//1,0//1,1//2,1//2,true,false,true,false,1//1,1//1,0//1,separable
1//2,2//1,4//1,10//1,8//1,6//1,1//1,1//1,1//1,1//1,1//2,1//2,true,false,true,false,0//1,0//1,0//1,separable
1//2,2//1,4//1,10//1,8//1,6//1,1//1,1//1,1//1,2//1,1//2,1//2,true,false,true,false,0//1,0//1,0//1,separable
1//2,2//1,4//1,10//1,8//1,6//1,1//1,1//1,2//1,0//1,1//2,1//2,true,false,true,false,2//1,2//1,0//1,separable
1//2,2//1,4//1,10//1,8//1,6//1,1//1,1//1,2//1,1//1,1//2,1//2,true,false,true,false,1//1,1//1,0//1,separable
1//2,2//1,4//1,10//1,8//1,6//1,1//1,1//1,2//1,2//1,1//2,1//2,true,false,true,false,0//1,0//1,0//1,separable
1//2,2//1,6//1,4//1,2//1,0//1,0//1,0//1,0//1,0//1,0//1,0//1,true,true,true,true,0//1,0//1,0//1,separable
1//2,2//1,6//1,4//1,2//1,0//1,0//1,0//1,0//1,1//1,0//1,0//1,true,true,true,true,0//1,0//1,0//1,separable
1//2,2//1,6//1,4//1,2//1,0//1,0//1,0//1,0//1,2//1,0//1,0//1,true,true,true,true,0//1,0//1,0//1,separable
1//2,2//1,6//1,4//1,2//1,0//1,0//1,0//1,1//1,0//1,0//1,0//1,true,true,true,true,0//1,0//1,0//1,separable
1//2,2//1,6//1,4//1,2//1,0//1,0//1,0//1,1//1,1//1,0//1,0//1,true,true,true,true,0//1,0//1,0//1,separable
1//2,2//1,6//1,4//1,2//1,0//1,0//1,0//1,1//1,2//1,0//1,0//1,true,true,true,true,0//1,0//1,0//1,separable
1//2,2//1,6//1,4//1,2//1,0//1,0//1,0//1,2//1,0//1,0//1,0//1,true,true,true,true,0//1,0//1,0//1,separable
1//2,2//1,6//1,4//1,2//1,0//1,0//1,0//1,2//1,1//1,0//1,0//1,true,true,true,true,0//1,0//1,0//1,separable
1//2,2//1,6//1,4//1,2//1,0//1,0//1,0//1,2//1,2//1,0//1,0//1,true,true,true,true,0//1,0//1,0//1,separable
1//2,2//1,6//1,4//1,2//1,0//1,0//1,1//2,0//1,0//1,0//1,1//4,true,true,true,true,1//2,0//1,-1//2,substitutes
1//2,2//1,6//1,4//1,2//1,0//1,0//1,1//2,0//1,1//1,0//1,1//4,true,true,true,true,0//1,0//1,0//1,separable
1//2,2//1,6//1,4//1,2//1,0//1,0//1,1//2,0//1,2//1,0//1,1//4,true,true,true,true,0//1,0//1,0//1,separable
1//2,2//1,6//1,4//1,2//1,0//1,0//1,1//2,1//1,0//1,0//1,1//4,true,true,true,true,1//2,0//1,-1//2,substitutes
1//2,2//1,6//1,4//1,2//1,0//1,0//1,1//2,1//1,1//1,0//1,1//4,true,true,true,true,0//1,0//1,0//1,separable
1//2,2//1,6//1,4//1,2//1,0//1,0//1,1//2,1//1,2//1,0//1,1//4,true,true,true,true,0//1,0//1,0//1,separable
1//2,2//1,6//1,4//1,2//1,0//1,0//1,1//2,2//1,0//1,0//1,1//4,true,true,true,true,1//2,0//1,-1//2,substitutes
1//2,2//1,6//1,4//1,2//1,0//1,0//1,1//2,2//1,1//1,0//1,1//4,true,true,true,true,0//1,0//1,0//1,separable
1//2,2//1,6//1,4//1,2//1,0//1,0//1,1//2,2//1,2//1,0//1,1//4,true,true,true,true,0//1,0//1,0//1,separable
1//2,2//1,6//1,4//1,2//1,0//1,0//1,1//1,0//1,0//1,0//1,1//2,true,true,true,true,1//1,0//1,-1//1,substitutes
1//2,2//1,6//1,4//1,2//1,0//1,0//1,1//1,0//1,1//1,0//1,1//2,true,true,true,true,0//1,0//1,0//1,separable
1//2,2//1,6//1,4//1,2//1,0//1,0//1,1//1,0//1,2//1,0//1,1//2,true,true,true,true,0//1,0//1,0//1,separable
1//2,2//1,6//1,4//1,2//1,0//1,0//1,1//1,1//1,0//1,0//1,1//2,true,true,true,true,1//1,0//1,-1//1,substitutes
1//2,2//1,6//1,4//1,2//1,0//1,0//1,1//1,1//1,1//1,0//1,1//2,true,true,true,true,0//1,0//1,0//1,separable
1//2,2//1,6//1,4//1,2//1,0//1,0//1,1//1,1//1,2//1,0//1,1//2,true,true,true,true,0//1,0//1,0//1,separable
1//2,2//1,6//1,4//1,2//1,0//1,0//1,1//1,2//1,0//1,0//1,1//2,true,true,true,true,1//1,0//1,-1//1,substitutes
1//2,2//1,6//1,4//1,2//1,0//1,0//1,1//1,2//1,1//1,0//1,1//2,true,true,true,true,0//1,0//1,0//1,separable
1//2,2//1,6//1,4//1,2//1,0//1,0//1,1//1,2//1,2//1,0//1,1//2,true,true,true,true,0//1,0//1,0//1,separable
1//2,2//1,6//1,4//1,2//1,0//1,1//2,0//1,0//1,0//1,1//4,0//1,false,false,true,false,0//1,0//1,0//1,separable
1//2,2//1,6//1,4//1,2//1,0//1,1//2,0//1,0//1,1//1,1//4,0//1,false,false,true,false,0//1,0//1,0//1,separable
1//2,2//1,6//1,4//1,2//1,0//1,1//2,0//1,0//1,2//1,1//4,0//1,false,false,true,false,0//1,0//1,0//1,separable
1//2,2//1,6//1,4//1,2//1,0//1,1//2,0//1,1//1,0//1,1//4,0//1,false,false,true,false,0//1,0//1,0//1,separable
1//2,2//1,6//1,4//1,2//1,0//1,1//2,0//1,1//1,1//1,1//4,0//1,false,false,true,false,0//1,0//1,0//1,separable
1//2,2//1,6//1,4//1,2//1,0//1,1//2,0//1,1//1,2//1,1//4,0//1,false,false,true,false,0//1,0//1,0//1,separable
1//2,2//1,6//1,4//1,2//1,0//1,1//2,0//1,2//1,0//1,1//4,0//1,false,false,true,false,0//1,0//1,0//1,separable
1//2,2//1,6//1,4//1,2//1,0//1,1//2,0//1,2//1,1//1,1//4,0//1,false,false,true,false,0//1,0//1,0//1,separable
1//2,2//1,6//1,4//1,2//1,0//1,1//2,0//1,2//1,2//1,1//4,0//1,false,false,true,false,0//1,0//1,0//1,separable
1//2,2//1,6//1,4//1,2//1,0//1,1//2,1//2,0//1,0//1,1//4,1//4,true,false,true,false,0//1,0//1,0//1,separable
1//2,2//1,6//1,4//1,2//1,0//1,1//2,1//2,0//1,1//1,1//4,1//4,true,false,true,false,0//1,0//1,0//1,separable
1//2,2//1,6//1,4//1,2//1,0//1,1//2,1//2,0//1,2//1,1//4,1//4,true,false,true,false,0//1,0//1,0//1,separable
1//2,2//1,6//1,4//1,2//1,0//1,1//2,1//2,1//1,0//1,1//4,1//4,true,false,true,false,1//2,0//1,-1//2,substitutes
1//2,2//1,6//1,4//1,2//1,0//1,1//2,1//2,1//1,1//1,1//4,1//4,true,false,true,false,0//1,0//1,0//1,separable
1//2,2//1,6//1,4//1,2//1,0//1,1//2,1//2,1//1,2//1,1//4,1//4,true,false,true,false,0//1,0//1,0//1,separable
1//2,2//1,6//1,4//1,2//1,0//1,1//2,1//2,2//1,0//1,1//4,1//4,true,false,true,false,1//2,0//1,-1//2,substitutes
1//2,2//1,6//1,4//1,2//1,0//1,1//2,1//2,2//1,1//1,1//4,1//4,true,false,true,false,0//1,0//1,0//1,separable
1//2,2//1,6//1,4//1,2//1,0//1,1//2,1//2,2//1,2//1,1//4,1//4,true,false,true,false,0//1,0//1,0//1,separable
1//2,2//1,6//1,4//1,2//1,0//1,1//2,1//1,0//1,0//1,1//4,1//2,true,false,true,false,1//2,0//1,-1//2,substitutes
1//2,2//1,6//1,4//1,2//1,0//1,1//2,1//1,0//1,1//1,1//4,1//2,true,false,true,false,0//1,0//1,0//1,separable
1//2,2//1,6//1,4//1,2//1,0//1,1//2,1//1,0//1,2//1,1//4,1//2,true,false,true,false,0//1,0//1,0//1,separable
1//2,2//1,6//1,4//1,2//1,0//1,1//2,1//1,1//1,0//1,1//4,1//2,true,false,true,false,1//1,0//1,-1//1,substitutes
1//2,2//1,6//1,4//1,2//1,0//1,1//2,1//1,1//1,1//1,1//4,1//2,true,false,true,false,0//1,0//1,0//1,separable
1//2,2//1,6//1,4//1,2//1,0//1,1//2,1//1,1//1,2//1,1//4,1//2,true,false,true,false,0//1,0//1,0//1,separable
1//2,2//1,6//1,4//1,2//1,0//1,1//2,1//1,2//1,0//1,1//4,1//2,true,false,true,false,1//1,0//1,-1//1,substitutes
1//2,2//1,6//1,4//1,2//1,0//1,1//2,1//1,2//1,1//1,1//4,1//2,true,false,true,false,0//1,0//1,0//1,separable
1//2,2//1,6//1,4//1,2//1,0//1,1//2,1//1,2//1,2//1,1//4,1//2,true,false,true,false,0//1,0//1,0//1,separable
1//2,2//1,6//1,4//1,2//1,0//1,1//1,0//1,0//1,0//1,1//2,0//1,false,false,true,false,0//1,0//1,0//1,separable
1//2,2//1,6//1,4//1,2//1,0//1,1//1,0//1,0//1,1//1,1//2,0//1,false,false,true,false,0//1,0//1,0//1,separable
1//2,2//1,6//1,4//1,2//1,0//1,1//1,0//1,0//1,2//1,1//2,0//1,false,false,true,false,0//1,0//1,0//1,separable
1//2,2//1,6//1,4//1,2//1,0//1,1//1,0//1,1//1,0//1,1//2,0//1,false,false,true,false,0//1,0//1,0//1,separable
1//2,2//1,6//1,4//1,2//1,0//1,1//1,0//1,1//1,1//1,1//2,0//1,false,false,true,false,0//1,0//1,0//1,separable
1//2,2//1,6//1,4//1,2//1,0//1,1//1,0//1,1//1,2//1,1//2,0//1,false,false,true,false,0//1,0//1,0//1,separable
1//2,2//1,6//1,4//1,2//1,0//1,1//1,0//1,2//1,0//1,1//2,0//1,false,false,true,false,0//1,0//1,0//1,separable
1//2,2//1,6//1,4//1,2//1,0//1,1//1,0//1,2//1,1//1,1//2,0//1,false,false,true,false,0//1,0//1,0//1,separable
1//2,2//1,6//1,4//1,2//1,0//1,1//1,0//1,2//1,2//1,1//2,0//1,false,false,true,false,0//1,0//1,0//1,separable
1//2,2//1,6//1,4//1,2//1,0//1,1//1,1//2,0//1,0//1,1//2,1//4,false,false,true,false,0//1,0//1,0//1,separable
1//2,2//1,6//1,4//1,2//1,0//1,1//1,1//2,0//1,1//1,1//2,1//4,false,false,true,false,0//1,0//1,0//1,separable
1//2,2//1,6//1,4//1,2//1,0//1,1//1,1//2,0//1,2//1,1//2,1//4,false,false,true,false,0//1,0//1,0//1,separable
1//2,2//1,6//1,4//1,2//1,0//1,1//1,1//2,1//1,0//1,1//2,1//4,false,false,true,false,1//2,0//1,-1//2,substitutes
1//2,2//1,6//1,4//1,2//1,0//1,1//1,1//2,1//1,1//1,1//2,1//4,false,false,true,false,0//1,0//1,0//1,separable
1//2,2//1,6//1,4//1,2//1,0//1,1//1,1//2,1//1,2//1,1//2,1//4,false,false,true,false,0//1,0//1,0//1,separable
1//2,2//1,6//1,4//1,2//1,0//1,1//1,1//2,2//1,0//1,1//2,1//4,false,false,true,false,1//2,0//1,-1//2,substitutes
1//2,2//1,6//1,4//1,2//1,0//1,1//1,1//2,2//1,1//1,1//2,1//4,false,false,true,false,0//1,0//1,0//1,separable
1//2,2//1,6//1,4//1,2//1,0//1,1//1,1//2,2//1,2//1,1//2,1//4,false,false,true,false,0//1,0//1,0//1,separable
1//2,2//1,6//1,4//1,2//1,0//1,1//1,1//1,0//1,0//1,1//2,1//2,true,false,true,false,0//1,0//1,0//1,separable
1//2,2//1,6//1,4//1,2//1,0//1,1//1,1//1,0//1,1//1,1//2,1//2,true,false,true,false,0//1,0//1,0//1,separable
1//2,2//1,6//1,4//1,2//1,0//1,1//1,1//1,0//1,2//1,1//2,1//2,true,false,true,false,0//1,0//1,0//1,separable
1//2,2//1,6//1,4//1,2//1,0//1,1//1,1//1,1//1,0//1,1//2,1//2,true,false,true,false,1//1,0//1,-1//1,substitutes
1//2,2//1,6//1,4//1,2//1,0//1,1//1,1//1,1//1,1//1,1//2,1//2,true,false,true,false,0//1,0//1,0//1,separable
1//2,2//1,6//1,4//1,2//1,0//1,1//1,1//1,1//1,2//1,1//2,1//2,true,false,true,false,0//1,0//1,0//1,separable
1//2,2//1,6//1,4//1,2//1,0//1,1//1,1//1,2//1,0//1,1//2,1//2,true,false,true,false,1//1,0//1,-1//1,substitutes
1//2,2//1,6//1,4//1,2//1,0//1,1//1,1//1,2//1,1//1,1//2,1//2,true,false,true,false,0//1,0//1,0//1,separable
1//2,2//1,6//1,4//1,2//1,0//1,1//1,1//1,2//1,2//1,1//2,1//2,true,false,true,false,0//1,0//1,0//1,separable
1//2,2//1,6//1,10//1,8//1,4//1,0//1,0//1,0//1,0//1,0//1,0//1,true,true,true,true,0//1,0//1,0//1,separable
1//2,2//1,6//1,10//1,8//1,4//1,0//1,0//1,0//1,1//1,0//1,0//1,true,true,true,true,0//1,0//1,0//1,separable
1//2,2//1,6//1,10//1,8//1,4//1,0//1,0//1,0//1,2//1,0//1,0//1,true,true,true,true,0//1,0//1,0//1,separable
1//2,2//1,6//1,10//1,8//1,4//1,0//1,0//1,1//1,0//1,0//1,0//1,true,true,true,true,0//1,0//1,0//1,separable
1//2,2//1,6//1,10//1,8//1,4//1,0//1,0//1,1//1,1//1,0//1,0//1,true,true,true,true,0//1,0//1,0//1,separable
1//2,2//1,6//1,10//1,8//1,4//1,0//1,0//1,1//1,2//1,0//1,0//1,true,true,true,true,0//1,0//1,0//1,separable
1//2,2//1,6//1,10//1,8//1,4//1,0//1,0//1,2//1,0//1,0//1,0//1,true,true,true,true,0//1,0//1,0//1,separable
1//2,2//1,6//1,10//1,8//1,4//1,0//1,0//1,2//1,1//1,0//1,0//1,true,true,true,true,0//1,0//1,0//1,separable
1//2,2//1,6//1,10//1,8//1,4//1,0//1,0//1,2//1,2//1,0//1,0//1,true,true,true,true,0//1,0//1,0//1,separable
1//2,2//1,6//1,10//1,8//1,4//1,0//1,1//2,0//1,0//1,0//1,1//4,true,true,true,true,2//1,1//1,-1//1,substitutes
1//2,2//1,6//1,10//1,8//1,4//1,0//1,1//2,0//1,1//1,0//1,1//4,true,true,true,true,1//1,0//1,-1//1,substitutes
1//2,2//1,6//1,10//1,8//1,4//1,0//1,1//2,0//1,2//1,0//1,1//4,true,true,true,true,0//1,0//1,0//1,separable
1//2,2//1,6//1,10//1,8//1,4//1,0//1,1//2,1//1,0//1,0//1,1//4,true,true,true,true,2//1,1//1,-1//1,substitutes
1//2,2//1,6//1,10//1,8//1,4//1,0//1,1//2,1//1,1//1,0//1,1//4,true,true,true,true,1//1,0//1,-1//1,substitutes
1//2,2//1,6//1,10//1,8//1,4//1,0//1,1//2,1//1,2//1,0//1,1//4,true,true,true,true,0//1,0//1,0//1,separable
1//2,2//1,6//1,10//1,8//1,4//1,0//1,1//2,2//1,0//1,0//1,1//4,true,true,true,true,2//1,1//1,-1//1,substitutes
1//2,2//1,6//1,10//1,8//1,4//1,0//1,1//2,2//1,1//1,0//1,1//4,true,true,true,true,1//1,0//1,-1//1,substitutes
1//2,2//1,6//1,10//1,8//1,4//1,0//1,1//2,2//1,2//1,0//1,1//4,true,true,true,true,0//1,0//1,0//1,separable
1//2,2//1,6//1,10//1,8//1,4//1,0//1,1//1,0//1,0//1,0//1,1//2,true,true,true,true,4//1,2//1,-2//1,substitutes
1//2,2//1,6//1,10//1,8//1,4//1,0//1,1//1,0//1,1//1,0//1,1//2,true,true,true,true,3//1,1//1,-2//1,substitutes
1//2,2//1,6//1,10//1,8//1,4//1,0//1,1//1,0//1,2//1,0//1,1//2,true,true,true,true,2//1,0//1,-2//1,substitutes
1//2,2//1,6//1,10//1,8//1,4//1,0//1,1//1,1//1,0//1,0//1,1//2,true,true,true,true,4//1,2//1,-2//1,substitutes
1//2,2//1,6//1,10//1,8//1,4//1,0//1,1//1,1//1,1//1,0//1,1//2,true,true,true,true,3//1,1//1,-2//1,substitutes
1//2,2//1,6//1,10//1,8//1,4//1,0//1,1//1,1//1,2//1,0//1,1//2,true,true,true,true,2//1,0//1,-2//1,substitutes
1//2,2//1,6//1,10//1,8//1,4//1,0//1,1//1,2//1,0//1,0//1,1//2,true,true,true,true,4//1,2//1,-2//1,substitutes
1//2,2//1,6//1,10//1,8//1,4//1,0//1,1//1,2//1,1//1,0//1,1//2,true,true,true,true,3//1,1//1,-2//1,substitutes
1//2,2//1,6//1,10//1,8//1,4//1,0//1,1//1,2//1,2//1,0//1,1//2,true,true,true,true,2//1,0//1,-2//1,substitutes
1//2,2//1,6//1,10//1,8//1,4//1,1//2,0//1,0//1,0//1,1//4,0//1,false,false,true,false,0//1,0//1,0//1,separable
1//2,2//1,6//1,10//1,8//1,4//1,1//2,0//1,0//1,1//1,1//4,0//1,false,false,true,false,0//1,0//1,0//1,separable
1//2,2//1,6//1,10//1,8//1,4//1,1//2,0//1,0//1,2//1,1//4,0//1,false,false,true,false,0//1,0//1,0//1,separable
1//2,2//1,6//1,10//1,8//1,4//1,1//2,0//1,1//1,0//1,1//4,0//1,false,false,true,false,0//1,0//1,0//1,separable
1//2,2//1,6//1,10//1,8//1,4//1,1//2,0//1,1//1,1//1,1//4,0//1,false,false,true,false,0//1,0//1,0//1,separable
1//2,2//1,6//1,10//1,8//1,4//1,1//2,0//1,1//1,2//1,1//4,0//1,false,false,true,false,0//1,0//1,0//1,separable
1//2,2//1,6//1,10//1,8//1,4//1,1//2,0//1,2//1,0//1,1//4,0//1,false,false,true,false,0//1,0//1,0//1,separable
1//2,2//1,6//1,10//1,8//1,4//1,1//2,0//1,2//1,1//1,1//4,0//1,false,false,true,false,0//1,0//1,0//1,separable
1//2,2//1,6//1,10//1,8//1,4//1,1//2,0//1,2//1,2//1,1//4,0//1,false,false,true,false,0//1,0//1,0//1,separable
1//2,2//1,6//1,10//1,8//1,4//1,1//2,1//2,0//1,0//1,1//4,1//4,true,false,true,false,0//1,0//1,0//1,separable
1//2,2//1,6//1,10//1,8//1,4//1,1//2,1//2,0//1,1//1,1//4,1//4,true,false,true,false,0//1,0//1,0//1,separable
1//2,2//1,6//1,10//1,8//1,4//1,1//2,1//2,0//1,2//1,1//4,1//4,true,false,true,false,0//1,0//1,0//1,separable
1//2,2//1,6//1,10//1,8//1,4//1,1//2,1//2,1//1,0//1,1//4,1//4,true,false,true,false,1//1,1//1,0//1,separable
1//2,2//1,6//1,10//1,8//1,4//1,1//2,1//2,1//1,1//1,1//4,1//4,true,false,true,false,0//1,0//1,0//1,separable
1//2,2//1,6//1,10//1,8//1,4//1,1//2,1//2,1//1,2//1,1//4,1//4,true,false,true,false,0//1,0//1,0//1,separable
1//2,2//1,6//1,10//1,8//1,4//1,1//2,1//2,2//1,0//1,1//4,1//4,true,false,true,false,2//1,1//1,-1//1,substitutes
1//2,2//1,6//1,10//1,8//1,4//1,1//2,1//2,2//1,1//1,1//4,1//4,true,false,true,false,1//1,0//1,-1//1,substitutes
1//2,2//1,6//1,10//1,8//1,4//1,1//2,1//2,2//1,2//1,1//4,1//4,true,false,true,false,0//1,0//1,0//1,separable
1//2,2//1,6//1,10//1,8//1,4//1,1//2,1//1,0//1,0//1,1//4,1//2,true,false,true,false,2//1,1//1,-1//1,substitutes
1//2,2//1,6//1,10//1,8//1,4//1,1//2,1//1,0//1,1//1,1//4,1//2,true,false,true,false,1//1,0//1,-1//1,substitutes
1//2,2//1,6//1,10//1,8//1,4//1,1//2,1//1,0//1,2//1,1//4,1//2,true,false,true,false,0//1,0//1,0//1,separable
1//2,2//1,6//1,10//1,8//1,4//1,1//2,1//1,1//1,0//1,1//4,1//2,true,false,true,false,3//1,2//1,-1//1,substitutes
1//2,2//1,6//1,10//1,8//1,4//1,1//2,1//1,1//1,1//1,1//4,1//2,true,false,true,false,2//1,1//1,-1//1,substitutes
1//2,2//1,6//1,10//1,8//1,4//1,1//2,1//1,1//1,2//1,1//4,1//2,true,false,true,false,1//1,0//1,-1//1,substitutes
1//2,2//1,6//1,10//1,8//1,4//1,1//2,1//1,2//1,0//1,1//4,1//2,true,false,true,false,4//1,2//1,-2//1,substitutes
1//2,2//1,6//1,10//1,8//1,4//1,1//2,1//1,2//1,1//1,1//4,1//2,true,false,true,false,3//1,1//1,-2//1,substitutes
1//2,2//1,6//1,10//1,8//1,4//1,1//2,1//1,2//1,2//1,1//4,1//2,true,false,true,false,2//1,0//1,-2//1,substitutes
1//2,2//1,6//1,10//1,8//1,4//1,1//1,0//1,0//1,0//1,1//2,0//1,false,false,true,false,0//1,0//1,0//1,separable
1//2,2//1,6//1,10//1,8//1,4//1,1//1,0//1,0//1,1//1,1//2,0//1,false,false,true,false,0//1,0//1,0//1,separable
1//2,2//1,6//1,10//1,8//1,4//1,1//1,0//1,0//1,2//1,1//2,0//1,false,false,true,false,0//1,0//1,0//1,separable
1//2,2//1,6//1,10//1,8//1,4//1,1//1,0//1,1//1,0//1,1//2,0//1,false,false,true,false,0//1,0//1,0//1,separable
1//2,2//1,6//1,10//1,8//1,4//1,1//1,0//1,1//1,1//1,1//2,0//1,false,false,true,false,0//1,0//1,0//1,separable
1//2,2//1,6//1,10//1,8//1,4//1,1//1,0//1,1//1,2//1,1//2,0//1,false,false,true,false,0//1,0//1,0//1,separable
1//2,2//1,6//1,10//1,8//1,4//1,1//1,0//1,2//1,0//1,1//2,0//1,false,false,true,false,0//1,0//1,0//1,separable
1//2,2//1,6//1,10//1,8//1,4//1,1//1,0//1,2//1,1//1,1//2,0//1,false,false,true,false,0//1,0//1,0//1,separable
1//2,2//1,6//1,10//1,8//1,4//1,1//1,0//1,2//1,2//1,1//2,0//1,false,false,true,false,0//1,0//1,0//1,separable
1//2,2//1,6//1,10//1,8//1,4//1,1//1,1//2,0//1,0//1,1//2,1//4,false,false,true,false,0//1,0//1,0//1,separable
1//2,2//1,6//1,10//1,8//1,4//1,1//1,1//2,0//1,1//1,1//2,1//4,false,false,true,false,0//1,0//1,0//1,separable
1//2,2//1,6//1,10//1,8//1,4//1,1//1,1//2,0//1,2//1,1//2,1//4,false,false,true,false,0//1,0//1,0//1,separable
1//2,2//1,6//1,10//1,8//1,4//1,1//1,1//2,1//1,0//1,1//2,1//4,false,false,true,false,0//1,0//1,0//1,separable
1//2,2//1,6//1,10//1,8//1,4//1,1//1,1//2,1//1,1//1,1//2,1//4,false,false,true,false,0//1,0//1,0//1,separable
1//2,2//1,6//1,10//1,8//1,4//1,1//1,1//2,1//1,2//1,1//2,1//4,false,false,true,false,0//1,0//1,0//1,separable
1//2,2//1,6//1,10//1,8//1,4//1,1//1,1//2,2//1,0//1,1//2,1//4,false,false,true,false,0//1,1//1,1//1,complements
1//2,2//1,6//1,10//1,8//1,4//1,1//1,1//2,2//1,1//1,1//2,1//4,false,false,true,false,0//1,0//1,0//1,separable
1//2,2//1,6//1,10//1,8//1,4//1,1//1,1//2,2//1,2//1,1//2,1//4,false,false,true,false,0//1,0//1,0//1,separable
1//2,2//1,6//1,10//1,8//1,4//1,1//1,1//1,0//1,0//1,1//2,1//2,true,false,true,false,0//1,0//1,0//1,separable
1//2,2//1,6//1,10//1,8//1,4//1,1//1,1//1,0//1,1//1,1//2,1//2,true,false,true,false,0//1,0//1,0//1,separable
1//2,2//1,6//1,10//1,8//1,4//1,1//1,1//1,0//1,2//1,1//2,1//2,true,false,true,false,0//1,0//1,0//1,separable
1//2,2//1,6//1,10//1,8//1,4//1,1//1,1//1,1//1,0//1,1//2,1//2,true,false,true,false,1//1,1//1,0//1,separable
1//2,2//1,6//1,10//1,8//1,4//1,1//1,1//1,1//1,1//1,1//2,1//2,true,false,true,false,0//1,0//1,0//1,separable
1//2,2//1,6//1,10//1,8//1,4//1,1//1,1//1,1//1,2//1,1//2,1//2,true,false,true,false,0//1,0//1,0//1,separable
1//2,2//1,6//1,10//1,8//1,4//1,1//1,1//1,2//1,0//1,1//2,1//2,true,false,true,false,2//1,2//1,0//1,separable
1//2,2//1,6//1,10//1,8//1,4//1,1//1,1//1,2//1,1//1,1//2,1//2,true,false,true,false,1//1,1//1,0//1,separable
1//2,2//1,6//1,10//1,8//1,4//1,1//1,1//1,2//1,2//1,1//2,1//2,true,false,true,false,0//1,0//1,0//1,separable
1//2,2//1,8//1,4//1,2//1,0//1,0//1,0//1,0//1,0//1,0//1,0//1,true,true,true,true,0//1,0//1,0//1,separable
1//2,2//1,8//1,4//1,2//1,0//1,0//1,0//1,0//1,1//1,0//1,0//1,true,true,true,true,0//1,0//1,0//1,separable
1//2,2//1,8//1,4//1,2//1,0//1,0//1,0//1,0//1,2//1,0//1,0//1,true,true,true,true,0//1,0//1,0//1,separable
1//2,2//1,8//1,4//1,2//1,0//1,0//1,0//1,1//1,0//1,0//1,0//1,true,true,true,true,0//1,0//1,0//1,separable
1//2,2//1,8//1,4//1,2//1,0//1,0//1,0//1,1//1,1//1,0//1,0//1,true,true,true,true,0//1,0//1,0//1,separable
1//2,2//1,8//1,4//1,2//1,0//1,0//1,0//1,1//1,2//1,0//1,0//1,true,true,true,true,0//1,0//1,0//1,separable
1//2,2//1,8//1,4//1,2//1,0//1,0//1,0//1,2//1,0//1,0//1,0//1,true,true,true,true,0//1,0//1,0//1,separable
1//2,2//1,8//1,4//1,2//1,0//1,0//1,0//1,2//1,1//1,0//1,0//1,true,true,true,true,0//1,0//1,0//1,separable
1//2,2//1,8//1,4//1,2//1,0//1,0//1,0//1,2//1,2//1,0//1,0//1,true,true,true,true,0//1,0//1,0//1,separable
1//2,2//1,8//1,4//1,2//1,0//1,0//1,1//2,0//1,0//1,0//1,1//4,true,true,true,true,1//2,0//1,-1//2,substitutes
1//2,2//1,8//1,4//1,2//1,0//1,0//1,1//2,0//1,1//1,0//1,1//4,true,true,true,true,0//1,0//1,0//1,separable
1//2,2//1,8//1,4//1,2//1,0//1,0//1,1//2,0//1,2//1,0//1,1//4,true,true,true,true,0//1,0//1,0//1,separable
1//2,2//1,8//1,4//1,2//1,0//1,0//1,1//2,1//1,0//1,0//1,1//4,true,true,true,true,1//2,0//1,-1//2,substitutes
1//2,2//1,8//1,4//1,2//1,0//1,0//1,1//2,1//1,1//1,0//1,1//4,true,true,true,true,0//1,0//1,0//1,separable
1//2,2//1,8//1,4//1,2//1,0//1,0//1,1//2,1//1,2//1,0//1,1//4,true,true,true,true,0//1,0//1,0//1,separable
1//2,2//1,8//1,4//1,2//1,0//1,0//1,1//2,2//1,0//1,0//1,1//4,true,true,true,true,1//2,0//1,-1//2,substitutes
1//2,2//1,8//1,4//1,2//1,0//1,0//1,1//2,2//1,1//1,0//1,1//4,true,true,true,true,0//1,0//1,0//1,separable
1//2,2//1,8//1,4//1,2//1,0//1,0//1,1//2,2//1,2//1,0//1,1//4,true,true,true,true,0//1,0//1,0//1,separable
1//2,2//1,8//1,4//1,2//1,0//1,0//1,1//1,0//1,0//1,0//1,1//2,true,true,true,true,1//1,0//1,-1//1,substitutes
1//2,2//1,8//1,4//1,2//1,0//1,0//1,1//1,0//1,1//1,0//1,1//2,true,true,true,true,0//1,0//1,0//1,separable
1//2,2//1,8//1,4//1,2//1,0//1,0//1,1//1,0//1,2//1,0//1,1//2,true,true,true,true,0//1,0//1,0//1,separable
1//2,2//1,8//1,4//1,2//1,0//1,0//1,1//1,1//1,0//1,0//1,1//2,true,true,true,true,1//1,0//1,-1//1,substitutes
1//2,2//1,8//1,4//1,2//1,0//1,0//1,1//1,1//1,1//1,0//1,1//2,true,true,true,true,0//1,0//1,0//1,separable
1//2,2//1,8//1,4//1,2//1,0//1,0//1,1//1,1//1,2//1,0//1,1//2,true,true,true,true,0//1,0//1,0//1,separable
1//2,2//1,8//1,4//1,2//1,0//1,0//1,1//1,2//1,0//1,0//1,1//2,true,true,true,true,1//1,0//1,-1//1,substitutes
1//2,2//1,8//1,4//1,2//1,0//1,0//1,1//1,2//1,1//1,0//1,1//2,true,true,true,true,0//1,0//1,0//1,separable
1//2,2//1,8//1,4//1,2//1,0//1,0//1,1//1,2//1,2//1,0//1,1//2,true,true,true,true,0//1,0//1,0//1,separable
1//2,2//1,8//1,4//1,2//1,0//1,1//2,0//1,0//1,0//1,1//4,0//1,false,false,true,false,0//1,0//1,0//1,separable
1//2,2//1,8//1,4//1,2//1,0//1,1//2,0//1,0//1,1//1,1//4,0//1,false,false,true,false,0//1,0//1,0//1,separable
1//2,2//1,8//1,4//1,2//1,0//1,1//2,0//1,0//1,2//1,1//4,0//1,false,false,true,false,0//1,0//1,0//1,separable
1//2,2//1,8//1,4//1,2//1,0//1,1//2,0//1,1//1,0//1,1//4,0//1,false,false,true,false,0//1,0//1,0//1,separable
1//2,2//1,8//1,4//1,2//1,0//1,1//2,0//1,1//1,1//1,1//4,0//1,false,false,true,false,0//1,0//1,0//1,separable
1//2,2//1,8//1,4//1,2//1,0//1,1//2,0//1,1//1,2//1,1//4,0//1,false,false,true,false,0//1,0//1,0//1,separable
1//2,2//1,8//1,4//1,2//1,0//1,1//2,0//1,2//1,0//1,1//4,0//1,false,false,true,false,0//1,0//1,0//1,separable
1//2,2//1,8//1,4//1,2//1,0//1,1//2,0//1,2//1,1//1,1//4,0//1,false,false,true,false,0//1,0//1,0//1,separable
1//2,2//1,8//1,4//1,2//1,0//1,1//2,0//1,2//1,2//1,1//4,0//1,false,false,true,false,0//1,0//1,0//1,separable
1//2,2//1,8//1,4//1,2//1,0//1,1//2,1//2,0//1,0//1,1//4,1//4,true,false,true,false,0//1,0//1,0//1,separable
1//2,2//1,8//1,4//1,2//1,0//1,1//2,1//2,0//1,1//1,1//4,1//4,true,false,true,false,0//1,0//1,0//1,separable
1//2,2//1,8//1,4//1,2//1,0//1,1//2,1//2,0//1,2//1,1//4,1//4,true,false,true,false,0//1,0//1,0//1,separable
1//2,2//1,8//1,4//1,2//1,0//1,1//2,1//2,1//1,0//1,1//4,1//4,true,false,true,false,1//2,0//1,-1//2,substitutes
1//2,2//1,8//1,4//1,2//1,0//1,1//2,1//2,1//1,1//1,1//4,1//4,true,false,true,false,0//1,0//1,0//1,separable
1//2,2//1,8//1,4//1,2//1,0//1,1//2,1//2,1//1,2//1,1//4,1//4,true,false,true,false,0//1,0//1,0//1,separable
1//2,2//1,8//1,4//1,2//1,0//1,1//2,1//2,2//1,0//1,1//4,1//4,true,false,true,false,1//2,0//1,-1//2,substitutes
1//2,2//1,8//1,4//1,2//1,0//1,1//2,1//2,2//1,1//1,1//4,1//4,true,false,true,false,0//1,0//1,0//1,separable
1//2,2//1,8//1,4//1,2//1,0//1,1//2,1//2,2//1,2//1,1//4,1//4,true,false,true,false,0//1,0//1,0//1,separable
1//2,2//1,8//1,4//1,2//1,0//1,1//2,1//1,0//1,0//1,1//4,1//2,true,false,true,false,1//2,0//1,-1//2,substitutes
1//2,2//1,8//1,4//1,2//1,0//1,1//2,1//1,0//1,1//1,1//4,1//2,true,false,true,false,0//1,0//1,0//1,separable
1//2,2//1,8//1,4//1,2//1,0//1,1//2,1//1,0//1,2//1,1//4,1//2,true,false,true,false,0//1,0//1,0//1,separable
1//2,2//1,8//1,4//1,2//1,0//1,1//2,1//1,1//1,0//1,1//4,1//2,true,false,true,false,1//1,0//1,-1//1,substitutes
1//2,2//1,8//1,4//1,2//1,0//1,1//2,1//1,1//1,1//1,1//4,1//2,true,false,true,false,0//1,0//1,0//1,separable
1//2,2//1,8//1,4//1,2//1,0//1,1//2,1//1,1//1,2//1,1//4,1//2,true,false,true,false,0//1,0//1,0//1,separable
1//2,2//1,8//1,4//1,2//1,0//1,1//2,1//1,2//1,0//1,1//4,1//2,true,false,true,false,1//1,0//1,-1//1,substitutes
1//2,2//1,8//1,4//1,2//1,0//1,1//2,1//1,2//1,1//1,1//4,1//2,true,false,true,false,0//1,0//1,0//1,separable
1//2,2//1,8//1,4//1,2//1,0//1,1//2,1//1,2//1,2//1,1//4,1//2,true,false,true,false,0//1,0//1,0//1,separable
1//2,2//1,8//1,4//1,2//1,0//1,1//1,0//1,0//1,0//1,1//2,0//1,false,false,true,false,0//1,0//1,0//1,separable
1//2,2//1,8//1,4//1,2//1,0//1,1//1,0//1,0//1,1//1,1//2,0//1,false,false,true,false,0//1,0//1,0//1,separable
1//2,2//1,8//1,4//1,2//1,0//1,1//1,0//1,0//1,2//1,1//2,0//1,false,false,true,false,0//1,0//1,0//1,separable
1//2,2//1,8//1,4//1,2//1,0//1,1//1,0//1,1//1,0//1,1//2,0//1,false,false,true,false,0//1,0//1,0//1,separable
1//2,2//1,8//1,4//1,2//1,0//1,1//1,0//1,1//1,1//1,1//2,0//1,false,false,true,false,0//1,0//1,0//1,separable
1//2,2//1,8//1,4//1,2//1,0//1,1//1,0//1,1//1,2//1,1//2,0//1,false,false,true,false,0//1,0//1,0//1,separable
1//2,2//1,8//1,4//1,2//1,0//1,1//1,0//1,2//1,0//1,1//2,0//1,false,false,true,false,0//1,0//1,0//1,separable
1//2,2//1,8//1,4//1,2//1,0//1,1//1,0//1,2//1,1//1,1//2,0//1,false,false,true,false,0//1,0//1,0//1,separable
1//2,2//1,8//1,4//1,2//1,0//1,1//1,0//1,2//1,2//1,1//2,0//1,false,false,true,false,0//1,0//1,0//1,separable
1//2,2//1,8//1,4//1,2//1,0//1,1//1,1//2,0//1,0//1,1//2,1//4,false,false,true,false,0//1,0//1,0//1,separable
1//2,2//1,8//1,4//1,2//1,0//1,1//1,1//2,0//1,1//1,1//2,1//4,false,false,true,false,0//1,0//1,0//1,separable
1//2,2//1,8//1,4//1,2//1,0//1,1//1,1//2,0//1,2//1,1//2,1//4,false,false,true,false,0//1,0//1,0//1,separable
1//2,2//1,8//1,4//1,2//1,0//1,1//1,1//2,1//1,0//1,1//2,1//4,false,false,true,false,1//2,0//1,-1//2,substitutes
1//2,2//1,8//1,4//1,2//1,0//1,1//1,1//2,1//1,1//1,1//2,1//4,false,false,true,false,0//1,0//1,0//1,separable
1//2,2//1,8//1,4//1,2//1,0//1,1//1,1//2,1//1,2//1,1//2,1//4,false,false,true,false,0//1,0//1,0//1,separable
1//2,2//1,8//1,4//1,2//1,0//1,1//1,1//2,2//1,0//1,1//2,1//4,false,false,true,false,1//2,0//1,-1//2,substitutes
1//2,2//1,8//1,4//1,2//1,0//1,1//1,1//2,2//1,1//1,1//2,1//4,false,false,true,false,0//1,0//1,0//1,separable
1//2,2//1,8//1,4//1,2//1,0//1,1//1,1//2,2//1,2//1,1//2,1//4,false,false,true,false,0//1,0//1,0//1,separable
1//2,2//1,8//1,4//1,2//1,0//1,1//1,1//1,0//1,0//1,1//2,1//2,true,false,true,false,0//1,0//1,0//1,separable
1//2,2//1,8//1,4//1,2//1,0//1,1//1,1//1,0//1,1//1,1//2,1//2,true,false,true,false,0//1,0//1,0//1,separable
1//2,2//1,8//1,4//1,2//1,0//1,1//1,1//1,0//1,2//1,1//2,1//2,true,false,true,false,0//1,0//1,0//1,separable
1//2,2//1,8//1,4//1,2//1,0//1,1//1,1//1,1//1,0//1,1//2,1//2,true,false,true,false,1//1,0//1,-1//1,substitutes
1//2,2//1,8//1,4//1,2//1,0//1,1//1,1//1,1//1,1//1,1//2,1//2,true,false,true,false,0//1,0//1,0//1,separable
1//2,2//1,8//1,4//1,2//1,0//1,1//1,1//1,1//1,2//1,1//2,1//2,true,false,true,false,0//1,0//1,0//1,separable
1//2,2//1,8//1,4//1,2//1,0//1,1//1,1//1,2//1,0//1,1//2,1//2,true,false,true,false,1//1,0//1,-1//1,substitutes
1//2,2//1,8//1,4//1,2//1,0//1,1//1,1//1,2//1,1//1,1//2,1//2,true,false,true,false,0//1,0//1,0//1,separable
1//2,2//1,8//1,4//1,2//1,0//1,1//1,1//1,2//1,2//1,1//2,1//2,true,false,true,false,0//1,0//1,0//1,separable
1//2,2//1,8//1,10//1,8//1,2//1,0//1,0//1,0//1,0//1,0//1,0//1,true,true,true,true,0//1,0//1,0//1,separable
1//2,2//1,8//1,10//1,8//1,2//1,0//1,0//1,0//1,1//1,0//1,0//1,true,true,true,true,0//1,0//1,0//1,separable
1//2,2//1,8//1,10//1,8//1,2//1,0//1,0//1,0//1,2//1,0//1,0//1,true,true,true,true,0//1,0//1,0//1,separable
1//2,2//1,8//1,10//1,8//1,2//1,0//1,0//1,1//1,0//1,0//1,0//1,true,true,true,true,0//1,0//1,0//1,separable
1//2,2//1,8//1,10//1,8//1,2//1,0//1,0//1,1//1,1//1,0//1,0//1,true,true,true,true,0//1,0//1,0//1,separable
1//2,2//1,8//1,10//1,8//1,2//1,0//1,0//1,1//1,2//1,0//1,0//1,true,true,true,true,0//1,0//1,0//1,separable
1//2,2//1,8//1,10//1,8//1,2//1,0//1,0//1,2//1,0//1,0//1,0//1,true,true,true,true,0//1,0//1,0//1,separable
1//2,2//1,8//1,10//1,8//1,2//1,0//1,0//1,2//1,1//1,0//1,0//1,true,true,true,true,0//1,0//1,0//1,separable
1//2,2//1,8//1,10//1,8//1,2//1,0//1,0//1,2//1,2//1,0//1,0//1,true,true,true,true,0//1,0//1,0//1,separable
1//2,2//1,8//1,10//1,8//1,2//1,0//1,1//2,0//1,0//1,0//1,1//4,true,true,true,true,2//1,1//2,-3//2,substitutes
1//2,2//1,8//1,10//1,8//1,2//1,0//1,1//2,0//1,1//1,0//1,1//4,true,true,true,true,1//1,0//1,-1//1,substitutes
1//2,2//1,8//1,10//1,8//1,2//1,0//1,1//2,0//1,2//1,0//1,1//4,true,true,true,true,0//1,0//1,0//1,separable
1//2,2//1,8//1,10//1,8//1,2//1,0//1,1//2,1//1,0//1,0//1,1//4,true,true,true,true,2//1,1//2,-3//2,substitutes
1//2,2//1,8//1,10//1,8//1,2//1,0//1,1//2,1//1,1//1,0//1,1//4,true,true,true,true,1//1,0//1,-1//1,substitutes
1//2,2//1,8//1,10//1,8//1,2//1,0//1,1//2,1//1,2//1,0//1,1//4,true,true,true,true,0//1,0//1,0//1,separable
1//2,2//1,8//1,10//1,8//1,2//1,0//1,1//2,2//1,0//1,0//1,1//4,true,true,true,true,2//1,1//2,-3//2,substitutes
1//2,2//1,8//1,10//1,8//1,2//1,0//1,1//2,2//1,1//1,0//1,1//4,true,true,true,true,1//1,0//1,-1//1,substitutes
1//2,2//1,8//1,10//1,8//1,2//1,0//1,1//2,2//1,2//1,0//1,1//4,true,true,true,true,0//1,0//1,0//1,separable
1//2,2//1,8//1,10//1,8//1,2//1,0//1,1//1,0//1,0//1,0//1,1//2,true,true,true,true,4//1,1//1,-3//1,substitutes
1//2,2//1,8//1,10//1,8//1,2//1,0//1,1//1,0//1,1//1,0//1,1//2,true,true,true,true,3//1,0//1,-3//1,substitutes
1//2,2//1,8//1,10//1,8//1,2//1,0//1,1//1,0//1,2//1,0//1,1//2,true,true,true,true,2//1,0//1,-2//1,substitutes
1//2,2//1,8//1,10//1,8//1,2//1,0//1,1//1,1//1,0//1,0//1,1//2,true,true,true,true,4//1,1//1,-3//1,substitutes
1//2,2//1,8//1,10//1,8//1,2//1,0//1,1//1,1//1,1//1,0//1,1//2,true,true,true,true,3//1,0//1,-3//1,substitutes
1//2,2//1,8//1,10//1,8//1,2//1,0//1,1//1,1//1,2//1,0//1,1//2,true,true,true,true,2//1,0//1,-2//1,substitutes
1//2,2//1,8//1,10//1,8//1,2//1,0//1,1//1,2//1,0//1,0//1,1//2,true,true,true,true,4//1,1//1,-3//1,substitutes
1//2,2//1,8//1,10//1,8//1,2//1,0//1,1//1,2//1,1//1,0//1,1//2,true,true,true,true,3//1,0//1,-3//1,substitutes
1//2,2//1,8//1,10//1,8//1,2//1,0//1,1//1,2//1,2//1,0//1,1//2,true,true,true,true,2//1,0//1,-2//1,substitutes
1//2,2//1,8//1,10//1,8//1,2//1,1//2,0//1,0//1,0//1,1//4,0//1,false,false,true,false,0//1,0//1,0//1,separable
1//2,2//1,8//1,10//1,8//1,2//1,1//2,0//1,0//1,1//1,1//4,0//1,false,false,true,false,0//1,0//1,0//1,separable
1//2,2//1,8//1,10//1,8//1,2//1,1//2,0//1,0//1,2//1,1//4,0//1,false,false,true,false,0//1,0//1,0//1,separable
1//2,2//1,8//1,10//1,8//1,2//1,1//2,0//1,1//1,0//1,1//4,0//1,false,false,true,false,0//1,0//1,0//1,separable
1//2,2//1,8//1,10//1,8//1,2//1,1//2,0//1,1//1,1//1,1//4,0//1,false,false,true,false,0//1,0//1,0//1,separable
1//2,2//1,8//1,10//1,8//1,2//1,1//2,0//1,1//1,2//1,1//4,0//1,false,false,true,false,0//1,0//1,0//1,separable
1//2,2//1,8//1,10//1,8//1,2//1,1//2,0//1,2//1,0//1,1//4,0//1,false,false,true,false,0//1,0//1,0//1,separable
1//2,2//1,8//1,10//1,8//1,2//1,1//2,0//1,2//1,1//1,1//4,0//1,false,false,true,false,0//1,0//1,0//1,separable
1//2,2//1,8//1,10//1,8//1,2//1,1//2,0//1,2//1,2//1,1//4,0//1,false,false,true,false,0//1,0//1,0//1,separable
1//2,2//1,8//1,10//1,8//1,2//1,1//2,1//2,0//1,0//1,1//4,1//4,true,false,true,false,0//1,0//1,0//1,separable
1//2,2//1,8//1,10//1,8//1,2//1,1//2,1//2,0//1,1//1,1//4,1//4,true,false,true,false,0//1,0//1,0//1,separable
1//2,2//1,8//1,10//1,8//1,2//1,1//2,1//2,0//1,2//1,1//4,1//4,true,false,true,false,0//1,0//1,0//1,separable
1//2,2//1,8//1,10//1,8//1,2//1,1//2,1//2,1//1,0//1,1//4,1//4,true,false,true,false,1//1,1//2,-1//2,substitutes
1//2,2//1,8//1,10//1,8//1,2//1,1//2,1//2,1//1,1//1,1//4,1//4,true,false,true,false,0//1,0//1,0//1,separable
1//2,2//1,8//1,10//1,8//1,2//1,1//2,1//2,1//1,2//1,1//4,1//4,true,false,true,false,0//1,0//1,0//1,separable
1//2,2//1,8//1,10//1,8//1,2//1,1//2,1//2,2//1,0//1,1//4,1//4,true,false,true,false,2//1,1//2,-3//2,substitutes
1//2,2//1,8//1,10//1,8//1,2//1,1//2,1//2,2//1,1//1,1//4,1//4,true,false,true,false,1//1,0//1,-1//1,substitutes
1//2,2//1,8//1,10//1,8//1,2//1,1//2,1//2,2//1,2//1,1//4,1//4,true,false,true,false,0//1,0//1,0//1,separable
1//2,2//1,8//1,10//1,8//1,2//1,1//2,1//1,0//1,0//1,1//4,1//2,true,false,true,false,2//1,1//2,-3//2,substitutes
1//2,2//1,8//1,10//1,8//1,2//1,1//2,1//1,0//1,1//1,1//4,1//2,true,false,true,false,1//1,0//1,-1//1,substitutes
1//2,2//1,8//1,10//1,8//1,2//1,1//2,1//1,0//1,2//1,1//4,1//2,true,false,true,false,0//1,0//1,0//1,separable
1//2,2//1,8//1,10//1,8//1,2//1,1//2,1//1,1//1,0//1,1//4,1//2,true,false,true,false,3//1,1//1,-2//1,substitutes
1//2,2//1,8//1,10//1,8//1,2//1,1//2,1//1,1//1,1//1,1//4,1//2,true,false,true,false,2//1,0//1,-2//1,substitutes
1//2,2//1,8//1,10//1,8//1,2//1,1//2,1//1,1//1,2//1,1//4,1//2,true,false,true,false,1//1,0//1,-1//1,substitutes
1//2,2//1,8//1,10//1,8//1,2//1,1//2,1//1,2//1,0//1,1//4,1//2,true,false,true,false,4//1,1//1,-3//1,substitutes
1//2,2//1,8//1,10//1,8//1,2//1,1//2,1//1,2//1,1//1,1//4,1//2,true,false,true,false,3//1,0//1,-3//1,substitutes
1//2,2//1,8//1,10//1,8//1,2//1,1//2,1//1,2//1,2//1,1//4,1//2,true,false,true,false,2//1,0//1,-2//1,substitutes
1//2,2//1,8//1,10//1,8//1,2//1,1//1,0//1,0//1,0//1,1//2,0//1,false,false,true,false,0//1,0//1,0//1,separable
1//2,2//1,8//1,10//1,8//1,2//1,1//1,0//1,0//1,1//1,1//2,0//1,false,false,true,false,0//1,0//1,0//1,separable
1//2,2//1,8//1,10//1,8//1,2//1,1//1,0//1,0//1,2//1,1//2,0//1,false,false,true,false,0//1,0//1,0//1,separable
1//2,2//1,8//1,10//1,8//1,2//1,1//1,0//1,1//1,0//1,1//2,0//1,false,false,true,false,0//1,0//1,0//1,separable
1//2,2//1,8//1,10//1,8//1,2//1,1//1,0//1,1//1,1//1,1//2,0//1,false,false,true,false,0//1,0//1,0//1,separable
1//2,2//1,8//1,10//1,8//1,2//1,1//1,0//1,1//1,2//1,1//2,0//1,false,false,true,false,0//1,0//1,0//1,separable
1//2,2//1,8//1,10//1,8//1,2//1,1//1,0//1,2//1,0//1,1//2,0//1,false,false,true,false,0//1,0//1,0//1,separable
1//2,2//1,8//1,10//1,8//1,2//1,1//1,0//1,2//1,1//1,1//2,0//1,false,false,true,false,0//1,0//1,0//1,separable
1//2,2//1,8//1,10//1,8//1,2//1,1//1,0//1,2//1,2//1,1//2,0//1,false,false,true,false,0//1,0//1,0//1,separable
1//2,2//1,8//1,10//1,8//1,2//1,1//1,1//2,0//1,0//1,1//2,1//4,false,false,true,false,0//1,0//1,0//1,separable
1//2,2//1,8//1,10//1,8//1,2//1,1//1,1//2,0//1,1//1,1//2,1//4,false,false,true,false,0//1,0//1,0//1,separable
1//2,2//1,8//1,10//1,8//1,2//1,1//1,1//2,0//1,2//1,1//2,1//4,false,false,true,false,0//1,0//1,0//1,separable
1//2,2//1,8//1,10//1,8//1,2//1,1//1,1//2,1//1,0//1,1//2,1//4,false,false,true,false,0//1,1//2,1//2,complements
1//2,2//1,8//1,10//1,8//1,2//1,1//1,1//2,1//1,1//1,1//2,1//4,false,false,true,false,0//1,0//1,0//1,separable
1//2,2//1,8//1,10//1,8//1,2//1,1//1,1//2,1//1,2//1,1//2,1//4,false,false,true,false,0//1,0//1,0//1,separable
1//2,2//1,8//1,10//1,8//1,2//1,1//1,1//2,2//1,0//1,1//2,1//4,false,false,true,false,0//1,1//2,1//2,complements
1//2,2//1,8//1,10//1,8//1,2//1,1//1,1//2,2//1,1//1,1//2,1//4,false,false,true,false,0//1,0//1,0//1,separable
1//2,2//1,8//1,10//1,8//1,2//1,1//1,1//2,2//1,2//1,1//2,1//4,false,false,true,false,0//1,0//1,0//1,separable
1//2,2//1,8//1,10//1,8//1,2//1,1//1,1//1,0//1,0//1,1//2,1//2,true,false,true,false,0//1,0//1,0//1,separable
1//2,2//1,8//1,10//1,8//1,2//1,1//1,1//1,0//1,1//1,1//2,1//2,true,false,true,false,0//1,0//1,0//1,separable
1//2,2//1,8//1,10//1,8//1,2//1,1//1,1//1,0//1,2//1,1//2,1//2,true,false,true,false,0//1,0//1,0//1,separable
1//2,2//1,8//1,10//1,8//1,2//1,1//1,1//1,1//1,0//1,1//2,1//2,true,false,true,false,1//1,1//1,0//1,separable
1//2,2//1,8//1,10//1,8//1,2//1,1//1,1//1,1//1,1//1,1//2,1//2,true,false,true,false,0//1,0//1,0//1,separable
1//2,2//1,8//1,10//1,8//1,2//1,1//1,1//1,1//1,2//1,1//2,1//2,true,false,true,false,0//1,0//1,0//1,separable
1//2,2//1,8//1,10//1,8//1,2//1,1//1,1//1,2//1,0//1,1//2,1//2,true,false,true,false,2//1,1//1,-1//1,substitutes
1//2,2//1,8//1,10//1,8//1,2//1,1//1,1//1,2//1,1//1,1//2,1//2,true,false,true,false,1//1,0//1,-1//1,substitutes
1//2,2//1,8//1,10//1,8//1,2//1,1//1,1//1,2//1,2//1,1//2,1//2,true,false,true,false,0//1,0//1,0//1,separable
1//2,2//1,10//1,4//1,2//1,0//1,0//1,0//1,0//1,0//1,0//1,0//1,true,true,true,true,0//1,0//1,0//1,separable
1//2,2//1,10//1,4//1,2//1,0//1,0//1,0//1,0//1,1//1,0//1,0//1,true,true,true,true,0//1,0//1,0//1,separable
1//2,2//1,10//1,4//1,2//1,0//1,0//1,0//1,0//1,2//1,0//1,0//1,true,true,true,true,0//1,0//1,0//1,separable
1//2,2//1,10//1,4//1,2//1,0//1,0//1,0//1,1//1,0//1,0//1,0//1,true,true,true,true,0//1,0//1,0//1,separable
1//2,2//1,10//1,4//1,2//1,0//1,0//1,0//1,1//1,1//1,0//1,0//1,true,true,true,true,0//1,0//1,0//1,separable
1//2,2//1,10//1,4//1,2//1,0//1,0//1,0//1,1//1,2//1,0//1,0//1,true,true,true,true,0//1,0//1,0//1,separable
1//2,2//1,10//1,4//1,2//1,0//1,0//1,0//1,2//1,0//1,0//1,0//1,true,true,true,true,0//1,0//1,0//1,separable
1//2,2//1,10//1,4//1,2//1,0//1,0//1,0//1,2//1,1//1,0//1,0//1,true,true,true,true,0//1,0//1,0//1,separable
1//2,2//1,10//1,4//1,2//1,0//1,0//1,0//1,2//1,2//1,0//1,0//1,true,true,true,true,0//1,0//1,0//1,separable
1//2,2//1,10//1,4//1,2//1,0//1,0//1,1//2,0//1,0//1,0//1,1//4,true,true,true,true,1//2,0//1,-1//2,substitutes
1//2,2//1,10//1,4//1,2//1,0//1,0//1,1//2,0//1,1//1,0//1,1//4,true,true,true,true,0//1,0//1,0//1,separable
1//2,2//1,10//1,4//1,2//1,0//1,0//1,1//2,0//1,2//1,0//1,1//4,true,true,true,true,0//1,0//1,0//1,separable
1//2,2//1,10//1,4//1,2//1,0//1,0//1,1//2,1//1,0//1,0//1,1//4,true,true,true,true,1//2,0//1,-1//2,substitutes
1//2,2//1,10//1,4//1,2//1,0//1,0//1,1//2,1//1,1//1,0//1,1//4,true,true,true,true,0//1,0//1,0//1,separable
1//2,2//1,10//1,4//1,2//1,0//1,0//1,1//2,1//1,2//1,0//1,1//4,true,true,true,true,0//1,0//1,0//1,separable
1//2,2//1,10//1,4//1,2//1,0//1,0//1,1//2,2//1,0//1,0//1,1//4,true,true,true,true,1//2,0//1,-1//2,substitutes
1//2,2//1,10//1,4//1,2//1,0//1,0//1,1//2,2//1,1//1,0//1,1//4,true,true,true,true,0//1,0//1,0//1,separable
1//2,2//1,10//1,4//1,2//1,0//1,0//1,1//2,2//1,2//1,0//1,1//4,true,true,true,true,0//1,0//1,0//1,separable
1//2,2//1,10//1,4//1,2//1,0//1,0//1,1//1,0//1,0//1,0//1,1//2,true,true,true,true,1//1,0//1,-1//1,substitutes
1//2,2//1,10//1,4//1,2//1,0//1,0//1,1//1,0//1,1//1,0//1,1//2,true,true,true,true,0//1,0//1,0//1,separable
1//2,2//1,10//1,4//1,2//1,0//1,0//1,1//1,0//1,2//1,0//1,1//2,true,true,true,true,0//1,0//1,0//1,separable
1//2,2//1,10//1,4//1,2//1,0//1,0//1,1//1,1//1,0//1,0//1,1//2,true,true,true,true,1//1,0//1,-1//1,substitutes
1//2,2//1,10//1,4//1,2//1,0//1,0//1,1//1,1//1,1//1,0//1,1//2,true,true,true,true,0//1,0//1,0//1,separable
1//2,2//1,10//1,4//1,2//1,0//1,0//1,1//1,1//1,2//1,0//1,1//2,true,true,true,true,0//1,0//1,0//1,separable
1//2,2//1,10//1,4//1,2//1,0//1,0//1,1//1,2//1,0//1,0//1,1//2,true,true,true,true,1//1,0//1,-1//1,substitutes
1//2,2//1,10//1,4//1,2//1,0//1,0//1,1//1,2//1,1//1,0//1,1//2,true,true,true,true,0//1,0//1,0//1,separable
1//2,2//1,10//1,4//1,2//1,0//1,0//1,1//1,2//1,2//1,0//1,1//2,true,true,true,true,0//1,0//1,0//1,separable
1//2,2//1,10//1,4//1,2//1,0//1,1//2,0//1,0//1,0//1,1//4,0//1,false,false,true,false,0//1,0//1,0//1,separable
1//2,2//1,10//1,4//1,2//1,0//1,1//2,0//1,0//1,1//1,1//4,0//1,false,false,true,false,0//1,0//1,0//1,separable
1//2,2//1,10//1,4//1,2//1,0//1,1//2,0//1,0//1,2//1,1//4,0//1,false,false,true,false,0//1,0//1,0//1,separable
1//2,2//1,10//1,4//1,2//1,0//1,1//2,0//1,1//1,0//1,1//4,0//1,false,false,true,false,0//1,0//1,0//1,separable
1//2,2//1,10//1,4//1,2//1,0//1,1//2,0//1,1//1,1//1,1//4,0//1,false,false,true,false,0//1,0//1,0//1,separable
1//2,2//1,10//1,4//1,2//1,0//1,1//2,0//1,1//1,2//1,1//4,0//1,false,false,true,false,0//1,0//1,0//1,separable
1//2,2//1,10//1,4//1,2//1,0//1,1//2,0//1,2//1,0//1,1//4,0//1,false,false,true,false,0//1,0//1,0//1,separable
1//2,2//1,10//1,4//1,2//1,0//1,1//2,0//1,2//1,1//1,1//4,0//1,false,false,true,false,0//1,0//1,0//1,separable
1//2,2//1,10//1,4//1,2//1,0//1,1//2,0//1,2//1,2//1,1//4,0//1,false,false,true,false,0//1,0//1,0//1,separable
1//2,2//1,10//1,4//1,2//1,0//1,1//2,1//2,0//1,0//1,1//4,1//4,true,false,true,false,0//1,0//1,0//1,separable
1//2,2//1,10//1,4//1,2//1,0//1,1//2,1//2,0//1,1//1,1//4,1//4,true,false,true,false,0//1,0//1,0//1,separable
1//2,2//1,10//1,4//1,2//1,0//1,1//2,1//2,0//1,2//1,1//4,1//4,true,false,true,false,0//1,0//1,0//1,separable
1//2,2//1,10//1,4//1,2//1,0//1,1//2,1//2,1//1,0//1,1//4,1//4,true,false,true,false,1//2,0//1,-1//2,substitutes
1//2,2//1,10//1,4//1,2//1,0//1,1//2,1//2,1//1,1//1,1//4,1//4,true,false,true,false,0//1,0//1,0//1,separable
1//2,2//1,10//1,4//1,2//1,0//1,1//2,1//2,1//1,2//1,1//4,1//4,true,false,true,false,0//1,0//1,0//1,separable
1//2,2//1,10//1,4//1,2//1,0//1,1//2,1//2,2//1,0//1,1//4,1//4,true,false,true,false,1//2,0//1,-1//2,substitutes
1//2,2//1,10//1,4//1,2//1,0//1,1//2,1//2,2//1,1//1,1//4,1//4,true,false,true,false,0//1,0//1,0//1,separable
1//2,2//1,10//1,4//1,2//1,0//1,1//2,1//2,2//1,2//1,1//4,1//4,true,false,true,false,0//1,0//1,0//1,separable
1//2,2//1,10//1,4//1,2//1,0//1,1//2,1//1,0//1,0//1,1//4,1//2,true,false,true,false,1//2,0//1,-1//2,substitutes
1//2,2//1,10//1,4//1,2//1,0//1,1//2,1//1,0//1,1//1,1//4,1//2,true,false,true,false,0//1,0//1,0//1,separable
1//2,2//1,10//1,4//1,2//1,0//1,1//2,1//1,0//1,2//1,1//4,1//2,true,false,true,false,0//1,0//1,0//1,separable
1//2,2//1,10//1,4//1,2//1,0//1,1//2,1//1,1//1,0//1,1//4,1//2,true,false,true,false,1//1,0//1,-1//1,substitutes
1//2,2//1,10//1,4//1,2//1,0//1,1//2,1//1,1//1,1//1,1//4,1//2,true,false,true,false,0//1,0//1,0//1,separable
1//2,2//1,10//1,4//1,2//1,0//1,1//2,1//1,1//1,2//1,1//4,1//2,true,false,true,false,0//1,0//1,0//1,separable
1//2,2//1,10//1,4//1,2//1,0//1,1//2,1//1,2//1,0//1,1//4,1//2,true,false,true,false,1//1,0//1,-1//1,substitutes
1//2,2//1,10//1,4//1,2//1,0//1,1//2,1//1,2//1,1//1,1//4,1//2,true,false,true,false,0//1,0//1,0//1,separable
1//2,2//1,10//1,4//1,2//1,0//1,1//2,1//1,2//1,2//1,1//4,1//2,true,false,true,false,0//1,0//1,0//1,separable
1//2,2//1,10//1,4//1,2//1,0//1,1//1,0//1,0//1,0//1,1//2,0//1,false,false,true,false,0//1,0//1,0//1,separable
1//2,2//1,10//1,4//1,2//1,0//1,1//1,0//1,0//1,1//1,1//2,0//1,false,false,true,false,0//1,0//1,0//1,separable
1//2,2//1,10//1,4//1,2//1,0//1,1//1,0//1,0//1,2//1,1//2,0//1,false,false,true,false,0//1,0//1,0//1,separable
1//2,2//1,10//1,4//1,2//1,0//1,1//1,0//1,1//1,0//1,1//2,0//1,false,false,true,false,0//1,0//1,0//1,separable
1//2,2//1,10//1,4//1,2//1,0//1,1//1,0//1,1//1,1//1,1//2,0//1,false,false,true,false,0//1,0//1,0//1,separable
1//2,2//1,10//1,4//1,2//1,0//1,1//1,0//1,1//1,2//1,1//2,0//1,false,false,true,false,0//1,0//1,0//1,separable
1//2,2//1,10//1,4//1,2//1,0//1,1//1,0//1,2//1,0//1,1//2,0//1,false,false,true,false,0//1,0//1,0//1,separable
1//2,2//1,10//1,4//1,2//1,0//1,1//1,0//1,2//1,1//1,1//2,0//1,false,false,true,false,0//1,0//1,0//1,separable
1//2,2//1,10//1,4//1,2//1,0//1,1//1,0//1,2//1,2//1,1//2,0//1,false,false,true,false,0//1,0//1,0//1,separable
1//2,2//1,10//1,4//1,2//1,0//1,1//1,1//2,0//1,0//1,1//2,1//4,false,false,true,false,0//1,0//1,0//1,separable
1//2,2//1,10//1,4//1,2//1,0//1,1//1,1//2,0//1,1//1,1//2,1//4,false,false,true,false,0//1,0//1,0//1,separable
1//2,2//1,10//1,4//1,2//1,0//1,1//1,1//2,0//1,2//1,1//2,1//4,false,false,true,false,0//1,0//1,0//1,separable
1//2,2//1,10//1,4//1,2//1,0//1,1//1,1//2,1//1,0//1,1//2,1//4,false,false,true,false,1//2,0//1,-1//2,substitutes
1//2,2//1,10//1,4//1,2//1,0//1,1//1,1//2,1//1,1//1,1//2,1//4,false,false,true,false,0//1,0//1,0//1,separable
1//2,2//1,10//1,4//1,2//1,0//1,1//1,1//2,1//1,2//1,1//2,1//4,false,false,true,false,0//1,0//1,0//1,separable
1//2,2//1,10//1,4//1,2//1,0//1,1//1,1//2,2//1,0//1,1//2,1//4,false,false,true,false,1//2,0//1,-1//2,substitutes
1//2,2//1,10//1,4//1,2//1,0//1,1//1,1//2,2//1,1//1,1//2,1//4,false,false,true,false,0//1,0//1,0//1,separable
1//2,2//1,10//1,4//1,2//1,0//1,1//1,1//2,2//1,2//1,1//2,1//4,false,false,true,false,0//1,0//1,0//1,separable
1//2,2//1,10//1,4//1,2//1,0//1,1//1,1//1,0//1,0//1,1//2,1//2,true,false,true,false,0//1,0//1,0//1,separable
1//2,2//1,10//1,4//1,2//1,0//1,1//1,1//1,0//1,1//1,1//2,1//2,true,false,true,false,0//1,0//1,0//1,separable
1//2,2//1,10//1,4//1,2//1,0//1,1//1,1//1,0//1,2//1,1//2,1//2,true,false,true,false,0//1,0//1,0//1,separable
1//2,2//1,10//1,4//1,2//1,0//1,1//1,1//1,1//1,0//1,1//2,1//2,true,false,true,false,1//1,0//1,-1//1,substitutes
1//2,2//1,10//1,4//1,2//1,0//1,1//1,1//1,1//1,1//1,1//2,1//2,true,false,true,false,0//1,0//1,0//1,separable
1//2,2//1,10//1,4//1,2//1,0//1,1//1,1//1,1//1,2//1,1//2,1//2,true,false,true,false,0//1,0//1,0//1,separable
1//2,2//1,10//1,4//1,2//1,0//1,1//1,1//1,2//1,0//1,1//2,1//2,true,false,true,false,1//1,0//1,-1//1,substitutes
1//2,2//1,10//1,4//1,2//1,0//1,1//1,1//1,2//1,1//1,1//2,1//2,true,false,true,false,0//1,0//1,0//1,separable
1//2,2//1,10//1,4//1,2//1,0//1,1//1,1//1,2//1,2//1,1//2,1//2,true,false,true,false,0//1,0//1,0//1,separable
1//2,2//1,10//1,10//1,8//1,0//1,0//1,0//1,0//1,0//1,0//1,0//1,true,true,true,true,0//1,0//1,0//1,separable
1//2,2//1,10//1,10//1,8//1,0//1,0//1,0//1,0//1,1//1,0//1,0//1,true,true,true,true,0//1,0//1,0//1,separable
1//2,2//1,10//1,10//1,8//1,0//1,0//1,0//1,0//1,2//1,0//1,0//1,true,true,true,true,0//1,0//1,0//1,separable
1//2,2//1,10//1,10//1,8//1,0//1,0//1,0//1,1//1,0//1,0//1,0//1,true,true,true,true,0//1,0//1,0//1,separable
1//2,2//1,10//1,10//1,8//1,0//1,0//1,0//1,1//1,1//1,0//1,0//1,true,true,true,true,0//1,0//1,0//1,separable
1//2,2//1,10//1,10//1,8//1,0//1,0//1,0//1,1//1,2//1,0//1,0//1,true,true,true,true,0//1,0//1,0//1,separable
1//2,2//1,10//1,10//1,8//1,0//1,0//1,0//1,2//1,0//1,0//1,0//1,true,true,true,true,0//1,0//1,0//1,separable
1//2,2//1,10//1,10//1,8//1,0//1,0//1,0//1,2//1,1//1,0//1,0//1,true,true,true,true,0//1,0//1,0//1,separable
1//2,2//1,10//1,10//1,8//1,0//1,0//1,0//1,2//1,2//1,0//1,0//1,true,true,true,true,0//1,0//1,0//1,separable
1//2,2//1,10//1,10//1,8//1,0//1,0//1,1//2,0//1,0//1,0//1,1//4,true,true,true,true,2//1,0//1,-2//1,substitutes
1//2,2//1,10//1,10//1,8//1,0//1,0//1,1//2,0//1,1//1,0//1,1//4,true,true,true,true,1//1,0//1,-1//1,substitutes
1//2,2//1,10//1,10//1,8//1,0//1,0//1,1//2,0//1,2//1,0//1,1//4,true,true,true,true,0//1,0//1,0//1,separable
1//2,2//1,10//1,10//1,8//1,0//1,0//1,1//2,1//1,0//1,0//1,1//4,true,true,true,true,2//1,0//1,-2//1,substitutes
1//2,2//1,10//1,10//1,8//1,0//1,0//1,1//2,1//1,1//1,0//1,1//4,true,true,true,true,1//1,0//1,-1//1,substitutes
1//2,2//1,10//1,10//1,8//1,0//1,0//1,1//2,1//1,2//1,0//1,1//4,true,true,true,true,0//1,0//1,0//1,separable
1//2,2//1,10//1,10//1,8//1,0//1,0//1,1//2,2//1,0//1,0//1,1//4,true,true,true,true,2//1,0//1,-2//1,substitutes
1//2,2//1,10//1,10//1,8//1,0//1,0//1,1//2,2//1,1//1,0//1,1//4,true,true,true,true,1//1,0//1,-1//1,substitutes
1//2,2//1,10//1,10//1,8//1,0//1,0//1,1//2,2//1,2//1,0//1,1//4,true,true,true,true,0//1,0//1,0//1,separable
1//2,2//1,10//1,10//1,8//1,0//1,0//1,1//1,0//1,0//1,0//1,1//2,true,true,true,true,4//1,0//1,-4//1,substitutes
1//2,2//1,10//1,10//1,8//1,0//1,0//1,1//1,0//1,1//1,0//1,1//2,true,true,true,true,3//1,0//1,-3//1,substitutes
1//2,2//1,10//1,10//1,8//1,0//1,0//1,1//1,0//1,2//1,0//1,1//2,true,true,true,true,2//1,0//1,-2//1,substitutes
1//2,2//1,10//1,10//1,8//1,0//1,0//1,1//1,1//1,0//1,0//1,1//2,true,true,true,true,4//1,0//1,-4//1,substitutes
1//2,2//1,10//1,10//1,8//1,0//1,0//1,1//1,1//1,1//1,0//1,1//2,true,true,true,true,3//1,0//1,-3//1,substitutes
1//2,2//1,10//1,10//1,8//1,0//1,0//1,1//1,1//1,2//1,0//1,1//2,true,true,true,true,2//1,0//1,-2//1,substitutes
1//2,2//1,10//1,10//1,8//1,0//1,0//1,1//1,2//1,0//1,0//1,1//2,true,true,true,true,4//1,0//1,-4//1,substitutes
1//2,2//1,10//1,10//1,8//1,0//1,0//1,1//1,2//1,1//1,0//1,1//2,true,true,true,true,3//1,0//1,-3//1,substitutes
1//2,2//1,10//1,10//1,8//1,0//1,0//1,1//1,2//1,2//1,0//1,1//2,true,true,true,true,2//1,0//1,-2//1,substitutes
1//2,2//1,10//1,10//1,8//1,0//1,1//2,0//1,0//1,0//1,1//4,0//1,false,false,true,false,0//1,0//1,0//1,separable
1//2,2//1,10//1,10//1,8//1,0//1,1//2,0//1,0//1,1//1,1//4,0//1,false,false,true,false,0//1,0//1,0//1,separable
1//2,2//1,10//1,10//1,8//1,0//1,1//2,0//1,0//1,2//1,1//4,0//1,false,false,true,false,0//1,0//1,0//1,separable
1//2,2//1,10//1,10//1,8//1,0//1,1//2,0//1,1//1,0//1,1//4,0//1,false,false,true,false,0//1,0//1,0//1,separable
1//2,2//1,10//1,10//1,8//1,0//1,1//2,0//1,1//1,1//1,1//4,0//1,false,false,true,false,0//1,0//1,0//1,separable
1//2,2//1,10//1,10//1,8//1,0//1,1//2,0//1,1//1,2//1,1//4,0//1,false,false,true,false,0//1,0//1,0//1,separable
1//2,2//1,10//1,10//1,8//1,0//1,1//2,0//1,2//1,0//1,1//4,0//1,false,false,true,false,0//1,0//1,0//1,separable
1//2,2//1,10//1,10//1,8//1,0//1,1//2,0//1,2//1,1//1,1//4,0//1,false,false,true,false,0//1,0//1,0//1,separable
1//2,2//1,10//1,10//1,8//1,0//1,1//2,0//1,2//1,2//1,1//4,0//1,false,false,true,false,0//1,0//1,0//1,separable
1//2,2//1,10//1,10//1,8//1,0//1,1//2,1//2,0//1,0//1,1//4,1//4,true,false,true,false,0//1,0//1,0//1,separable
1//2,2//1,10//1,10//1,8//1,0//1,1//2,1//2,0//1,1//1,1//4,1//4,true,false,true,false,0//1,0//1,0//1,separable
1//2,2//1,10//1,10//1,8//1,0//1,1//2,1//2,0//1,2//1,1//4,1//4,true,false,true,false,0//1,0//1,0//1,separable
1//2,2//1,10//1,10//1,8//1,0//1,1//2,1//2,1//1,0//1,1//4,1//4,true,false,true,false,1//1,0//1,-1//1,substitutes
1//2,2//1,10//1,10//1,8//1,0//1,1//2,1//2,1//1,1//1,1//4,1//4,true,false,true,false,0//1,0//1,0//1,separable
1//2,2//1,10//1,10//1,8//1,0//1,1//2,1//2,1//1,2//1,1//4,1//4,true,false,true,false,0//1,0//1,0//1,separable
1//2,2//1,10//1,10//1,8//1,0//1,1//2,1//2,2//1,0//1,1//4,1//4,true,false,true,false,2//1,0//1,-2//1,substitutes
1//2,2//1,10//1,10//1,8//1,0//1,1//2,1//2,2//1,1//1,1//4,1//4,true,false,true,false,1//1,0//1,-1//1,substitutes
1//2,2//1,10//1,10//1,8//1,0//1,1//2,1//2,2//1,2//1,1//4,1//4,true,false,true,false,0//1,0//1,0//1,separable
1//2,2//1,10//1,10//1,8//1,0//1,1//2,1//1,0//1,0//1,1//4,1//2,true,false,true,false,2//1,0//1,-2//1,substitutes
1//2,2//1,10//1,10//1,8//1,0//1,1//2,1//1,0//1,1//1,1//4,1//2,true,false,true,false,1//1,0//1,-1//1,substitutes
1//2,2//1,10//1,10//1,8//1,0//1,1//2,1//1,0//1,2//1,1//4,1//2,true,false,true,false,0//1,0//1,0//1,separable
1//2,2//1,10//1,10//1,8//1,0//1,1//2,1//1,1//1,0//1,1//4,1//2,true,false,true,false,3//1,0//1,-3//1,substitutes
1//2,2//1,10//1,10//1,8//1,0//1,1//2,1//1,1//1,1//1,1//4,1//2,true,false,true,false,2//1,0//1,-2//1,substitutes
1//2,2//1,10//1,10//1,8//1,0//1,1//2,1//1,1//1,2//1,1//4,1//2,true,false,true,false,1//1,0//1,-1//1,substitutes
1//2,2//1,10//1,10//1,8//1,0//1,1//2,1//1,2//1,0//1,1//4,1//2,true,false,true,false,4//1,0//1,-4//1,substitutes
1//2,2//1,10//1,10//1,8//1,0//1,1//2,1//1,2//1,1//1,1//4,1//2,true,false,true,false,3//1,0//1,-3//1,substitutes
1//2,2//1,10//1,10//1,8//1,0//1,1//2,1//1,2//1,2//1,1//4,1//2,true,false,true,false,2//1,0//1,-2//1,substitutes
1//2,2//1,10//1,10//1,8//1,0//1,1//1,0//1,0//1,0//1,1//2,0//1,false,false,true,false,0//1,0//1,0//1,separable
1//2,2//1,10//1,10//1,8//1,0//1,1//1,0//1,0//1,1//1,1//2,0//1,false,false,true,false,0//1,0//1,0//1,separable
1//2,2//1,10//1,10//1,8//1,0//1,1//1,0//1,0//1,2//1,1//2,0//1,false,false,true,false,0//1,0//1,0//1,separable
1//2,2//1,10//1,10//1,8//1,0//1,1//1,0//1,1//1,0//1,1//2,0//1,false,false,true,false,0//1,0//1,0//1,separable
1//2,2//1,10//1,10//1,8//1,0//1,1//1,0//1,1//1,1//1,1//2,0//1,false,false,true,false,0//1,0//1,0//1,separable
1//2,2//1,10//1,10//1,8//1,0//1,1//1,0//1,1//1,2//1,1//2,0//1,false,false,true,false,0//1,0//1,0//1,separable
1//2,2//1,10//1,10//1,8//1,0//1,1//1,0//1,2//1,0//1,1//2,0//1,false,false,true,false,0//1,0//1,0//1,separable
1//2,2//1,10//1,10//1,8//1,0//1,1//1,0//1,2//1,1//1,1//2,0//1,false,false,true,false,0//1,0//1,0//1,separable
1//2,2//1,10//1,10//1,8//1,0//1,1//1,0//1,2//1,2//1,1//2,0//1,false,false,true,false,0//1,0//1,0//1,separable
1//2,2//1,10//1,10//1,8//1,0//1,1//1,1//2,0//1,0//1,1//2,1//4,false,false,true,false,0//1,0//1,0//1,separable
1//2,2//1,10//1,10//1,8//1,0//1,1//1,1//2,0//1,1//1,1//2,1//4,false,false,true,false,0//1,0//1,0//1,separable
1//2,2//1,10//1,10//1,8//1,0//1,1//1,1//2,0//1,2//1,1//2,1//4,false,false,true,false,0//1,0//1,0//1,separable
1//2,2//1,10//1,10//1,8//1,0//1,1//1,1//2,1//1,0//1,1//2,1//4,false,false,true,false,0//1,0//1,0//1,separable
1//2,2//1,10//1,10//1,8//1,0//1,1//1,1//2,1//1,1//1,1//2,1//4,false,false,true,false,0//1,0//1,0//1,separable
1//2,2//1,10//1,10//1,8//1,0//1,1//1,1//2,1//1,2//1,1//2,1//4,false,false,true,false,0//1,0//1,0//1,separable
1//2,2//1,10//1,10//1,8//1,0//1,1//1,1//2,2//1,0//1,1//2,1//4,false,false,true,false,0//1,0//1,0//1,separable
1//2,2//1,10//1,10//1,8//1,0//1,1//1,1//2,2//1,1//1,1//2,1//4,false,false,true,false,0//1,0//1,0//1,separable
1//2,2//1,10//1,10//1,8//1,0//1,1//1,1//2,2//1,2//1,1//2,1//4,false,false,true,false,0//1,0//1,0//1,separable
1//2,2//1,10//1,10//1,8//1,0//1,1//1,1//1,0//1,0//1,1//2,1//2,true,false,true,false,0//1,0//1,0//1,separable
1//2,2//1,10//1,10//1,8//1,0//1,1//1,1//1,0//1,1//1,1//2,1//2,true,false,true,false,0//1,0//1,0//1,separable
1//2,2//1,10//1,10//1,8//1,0//1,1//1,1//1,0//1,2//1,1//2,1//2,true,false,true,false,0//1,0//1,0//1,separable
1//2,2//1,10//1,10//1,8//1,0//1,1//1,1//1,1//1,0//1,1//2,1//2,true,false,true,false,1//1,0//1,-1//1,substitutes
1//2,2//1,10//1,10//1,8//1,0//1,1//1,1//1,1//1,1//1,1//2,1//2,true,false,true,false,0//1,0//1,0//1,separable
1//2,2//1,10//1,10//1,8//1,0//1,1//1,1//1,1//1,2//1,1//2,1//2,true,false,true,false,0//1,0//1,0//1,separable
1//2,2//1,10//1,10//1,8//1,0//1,1//1,1//1,2//1,0//1,1//2,1//2,true,false,true,false,2//1,0//1,-2//1,substitutes
1//2,2//1,10//1,10//1,8//1,0//1,1//1,1//1,2//1,1//1,1//2,1//2,true,false,true,false,1//1,0//1,-1//1,substitutes
1//2,2//1,10//1,10//1,8//1,0//1,1//1,1//1,2//1,2//1,1//2,1//2,true,false,true,false,0//1,0//1,0//1,separable
1//2,4//1,6//1,4//1,0//1,0//1,0//1,0//1,0//1,0//1,0//1,0//1,true,true,true,true,0//1,0//1,0//1,separable
1//2,4//1,6//1,4//1,0//1,0//1,0//1,0//1,0//1,1//1,0//1,0//1,true,true,true,true,0//1,0//1,0//1,separable
1//2,4//1,6//1,4//1,0//1,0//1,0//1,0//1,0//1,2//1,0//1,0//1,true,true,true,true,0//1,0//1,0//1,separable
1//2,4//1,6//1,4//1,0//1,0//1,0//1,0//1,1//1,0//1,0//1,0//1,true,true,true,true,0//1,0//1,0//1,separable
1//2,4//1,6//1,4//1,0//1,0//1,0//1,0//1,1//1,1//1,0//1,0//1,true,true,true,true,0//1,0//1,0//1,separable
1//2,4//1,6//1,4//1,0//1,0//1,0//1,0//1,1//1,2//1,0//1,0//1,true,true,true,true,0//1,0//1,0//1,separable
1//2,4//1,6//1,4//1,0//1,0//1,0//1,0//1,2//1,0//1,0//1,0//1,true,true,true,true,0//1,0//1,0//1,separable
1//2,4//1,6//1,4//1,0//1,0//1,0//1,0//1,2//1,1//1,0//1,0//1,true,true,true,true,0//1,0//1,0//1,separable
1//2,4//1,6//1,4//1,0//1,0//1,0//1,0//1,2//1,2//1,0//1,0//1,true,true,true,true,0//1,0//1,0//1,separable
1//2,4//1,6//1,4//1,0//1,0//1,0//1,1//2,0//1,0//1,0//1,1//4,true,true,true,true,0//1,0//1,0//1,separable
1//2,4//1,6//1,4//1,0//1,0//1,0//1,1//2,0//1,1//1,0//1,1//4,true,true,true,true,0//1,0//1,0//1,separable
1//2,4//1,6//1,4//1,0//1,0//1,0//1,1//2,0//1,2//1,0//1,1//4,true,true,true,true,0//1,0//1,0//1,separable
1//2,4//1,6//1,4//1,0//1,0//1,0//1,1//2,1//1,0//1,0//1,1//4,true,true,true,true,0//1,0//1,0//1,separable
1//2,4//1,6//1,4//1,0//1,0//1,0//1,1//2,1//1,1//1,0//1,1//4,true,true,true,true,0//1,0//1,0//1,separable
1//2,4//1,6//1,4//1,0//1,0//1,0//1,1//2,1//1,2//1,0//1,1//4,true,true,true,true,0//1,0//1,0//1,separable
1//2,4//1,6//1,4//1,0//1,0//1,0//1,1//2,2//1,0//1,0//1,1//4,true,true,true,true,0//1,0//1,0//1,separable
1//2,4//1,6//1,4//1,0//1,0//1,0//1,1//2,2//1,1//1,0//1,1//4,true,true,true,true,0//1,0//1,0//1,separable
1//2,4//1,6//1,4//1,0//1,0//1,0//1,1//2,2//1,2//1,0//1,1//4,true,true,true,true,0//1,0//1,0//1,separable
1//2,4//1,6//1,4//1,0//1,0//1,0//1,1//1,0//1,0//1,0//1,1//2,true,true,true,true,0//1,0//1,0//1,separable
1//2,4//1,6//1,4//1,0//1,0//1,0//1,1//1,0//1,1//1,0//1,1//2,true,true,true,true,0//1,0//1,0//1,separable
1//2,4//1,6//1,4//1,0//1,0//1,0//1,1//1,0//1,2//1,0//1,1//2,true,true,true,true,0//1,0//1,0//1,separable
1//2,4//1,6//1,4//1,0//1,0//1,0//1,1//1,1//1,0//1,0//1,1//2,true,true,true,true,0//1,0//1,0//1,separable
1//2,4//1,6//1,4//1,0//1,0//1,0//1,1//1,1//1,1//1,0//1,1//2,true,true,true,true,0//1,0//1,0//1,separable
1//2,4//1,6//1,4//1,0//1,0//1,0//1,1//1,1//1,2//1,0//1,1//2,true,true,true,true,0//1,0//1,0//1,separable
1//2,4//1,6//1,4//1,0//1,0//1,0//1,1//1,2//1,0//1,0//1,1//2,true,true,true,true,0//1,0//1,0//1,separable
1//2,4//1,6//1,4//1,0//1,0//1,0//1,1//1,2//1,1//1,0//1,1//2,true,true,true,true,0//1,0//1,0//1,separable
1//2,4//1,6//1,4//1,0//1,0//1,0//1,1//1,2//1,2//1,0//1,1//2,true,true,true,true,0//1,0//1,0//1,separable
1//2,4//1,6//1,4//1,0//1,0//1,1//2,0//1,0//1,0//1,1//4,0//1,false,false,true,true,0//1,0//1,0//1,separable
1//2,4//1,6//1,4//1,0//1,0//1,1//2,0//1,0//1,1//1,1//4,0//1,false,false,true,true,0//1,0//1,0//1,separable
1//2,4//1,6//1,4//1,0//1,0//1,1//2,0//1,0//1,2//1,1//4,0//1,false,false,true,true,0//1,0//1,0//1,separable
1//2,4//1,6//1,4//1,0//1,0//1,1//2,0//1,1//1,0//1,1//4,0//1,false,false,true,true,0//1,0//1,0//1,separable
1//2,4//1,6//1,4//1,0//1,0//1,1//2,0//1,1//1,1//1,1//4,0//1,false,false,true,true,0//1,0//1,0//1,separable
1//2,4//1,6//1,4//1,0//1,0//1,1//2,0//1,1//1,2//1,1//4,0//1,false,false,true,true,0//1,0//1,0//1,separable
1//2,4//1,6//1,4//1,0//1,0//1,1//2,0//1,2//1,0//1,1//4,0//1,false,false,true,true,0//1,0//1,0//1,separable
1//2,4//1,6//1,4//1,0//1,0//1,1//2,0//1,2//1,1//1,1//4,0//1,false,false,true,true,0//1,0//1,0//1,separable
1//2,4//1,6//1,4//1,0//1,0//1,1//2,0//1,2//1,2//1,1//4,0//1,false,false,true,true,0//1,0//1,0//1,separable
1//2,4//1,6//1,4//1,0//1,0//1,1//2,1//2,0//1,0//1,1//4,1//4,true,false,true,true,0//1,0//1,0//1,separable
1//2,4//1,6//1,4//1,0//1,0//1,1//2,1//2,0//1,1//1,1//4,1//4,true,false,true,true,0//1,0//1,0//1,separable
1//2,4//1,6//1,4//1,0//1,0//1,1//2,1//2,0//1,2//1,1//4,1//4,true,false,true,true,0//1,0//1,0//1,separable
1//2,4//1,6//1,4//1,0//1,0//1,1//2,1//2,1//1,0//1,1//4,1//4,true,false,true,true,0//1,0//1,0//1,separable
1//2,4//1,6//1,4//1,0//1,0//1,1//2,1//2,1//1,1//1,1//4,1//4,true,false,true,true,0//1,0//1,0//1,separable
1//2,4//1,6//1,4//1,0//1,0//1,1//2,1//2,1//1,2//1,1//4,1//4,true,false,true,true,0//1,0//1,0//1,separable
1//2,4//1,6//1,4//1,0//1,0//1,1//2,1//2,2//1,0//1,1//4,1//4,true,false,true,true,0//1,0//1,0//1,separable
1//2,4//1,6//1,4//1,0//1,0//1,1//2,1//2,2//1,1//1,1//4,1//4,true,false,true,true,0//1,0//1,0//1,separable
1//2,4//1,6//1,4//1,0//1,0//1,1//2,1//2,2//1,2//1,1//4,1//4,true,false,true,true,0//1,0//1,0//1,separable
1//2,4//1,6//1,4//1,0//1,0//1,1//2,1//1,0//1,0//1,1//4,1//2,true,false,true,true,0//1,0//1,0//1,separable
1//2,4//1,6//1,4//1,0//1,0//1,1//2,1//1,0//1,1//1,1//4,1//2,true,false,true,true,0//1,0//1,0//1,separable
1//2,4//1,6//1,4//1,0//1,0//1,1//2,1//1,0//1,2//1,1//4,1//2,true,false,true,true,0//1,0//1,0//1,separable
1//2,4//1,6//1,4//1,0//1,0//1,1//2,1//1,1//1,0//1,1//4,1//2,true,false,true,true,0//1,0//1,0//1,separable
1//2,4//1,6//1,4//1,0//1,0//1,1//2,1//1,1//1,1//1,1//4,1//2,true,false,true,true,0//1,0//1,0//1,separable
1//2,4//1,6//1,4//1,0//1,0//1,1//2,1//1,1//1,2//1,1//4,1//2,true,false,true,true,0//1,0//1,0//1,separable
1//2,4//1,6//1,4//1,0//1,0//1,1//2,1//1,2//1,0//1,1//4,1//2,true,false,true,true,0//1,0//1,0//1,separable
1//2,4//1,6//1,4//1,0//1,0//1,1//2,1//1,2//1,1//1,1//4,1//2,true,false,true,true,0//1,0//1,0//1,separable
1//2,4//1,6//1,4//1,0//1,0//1,1//2,1//1,2//1,2//1,1//4,1//2,true,false,true,true,0//1,0//1,0//1,separable
1//2,4//1,6//1,4//1,0//1,0//1,1//1,0//1,0//1,0//1,1//2,0//1,false,false,true,true,0//1,0//1,0//1,separable
1//2,4//1,6//1,4//1,0//1,0//1,1//1,0//1,0//1,1//1,1//2,0//1,false,false,true,true,0//1,0//1,0//1,separable
1//2,4//1,6//1,4//1,0//1,0//1,1//1,0//1,0//1,2//1,1//2,0//1,false,false,true,true,0//1,0//1,0//1,separable
1//2,4//1,6//1,4//1,0//1,0//1,1//1,0//1,1//1,0//1,1//2,0//1,false,false,true,true,0//1,0//1,0//1,separable
1//2,4//1,6//1,4//1,0//1,0//1,1//1,0//1,1//1,1//1,1//2,0//1,false,false,true,true,0//1,0//1,0//1,separable
1//2,4//1,6//1,4//1,0//1,0//1,1//1,0//1,1//1,2//1,1//2,0//1,false,false,true,true,0//1,0//1,0//1,separable
1//2,4//1,6//1,4//1,0//1,0//1,1//1,0//1,2//1,0//1,1//2,0//1,false,false,true,true,0//1,0//1,0//1,separable
1//2,4//1,6//1,4//1,0//1,0//1,1//1,0//1,2//1,1//1,1//2,0//1,false,false,true,true,0//1,0//1,0//1,separable
1//2,4//1,6//1,4//1,0//1,0//1,1//1,0//1,2//1,2//1,1//2,0//1,false,false,true,true,0//1,0//1,0//1,separable
1//2,4//1,6//1,4//1,0//1,0//1,1//1,1//2,0//1,0//1,1//2,1//4,false,false,true,true,0//1,0//1,0//1,separable
1//2,4//1,6//1,4//1,0//1,0//1,1//1,1//2,0//1,1//1,1//2,1//4,false,false,true,true,0//1,0//1,0//1,separable
1//2,4//1,6//1,4//1,0//1,0//1,1//1,1//2,0//1,2//1,1//2,1//4,false,false,true,true,0//1,0//1,0//1,separable
1//2,4//1,6//1,4//1,0//1,0//1,1//1,1//2,1//1,0//1,1//2,1//4,false,false,true,true,0//1,0//1,0//1,separable
1//2,4//1,6//1,4//1,0//1,0//1,1//1,1//2,1//1,1//1,1//2,1//4,false,false,true,true,0//1,0//1,0//1,separable
1//2,4//1,6//1,4//1,0//1,0//1,1//1,1//2,1//1,2//1,1//2,1//4,false,false,true,true,0//1,0//1,0//1,separable
1//2,4//1,6//1,4//1,0//1,0//1,1//1,1//2,2//1,0//1,1//2,1//4,false,false,true,true,0//1,0//1,0//1,separable
1//2,4//1,6//1,4//1,0//1,0//1,1//1,1//2,2//1,1//1,1//2,1//4,false,false,true,true,0//1,0//1,0//1,separable
1//2,4//1,6//1,4//1,0//1,0//1,1//1,1//2,2//1,2//1,1//2,1//4,false,false,true,true,0//1,0//1,0//1,separable
1//2,4//1,6//1,4//1,0//1,0//1,1//1,1//1,0//1,0//1,1//2,1//2,true,false,true,true,0//1,0//1,0//1,separable
1//2,4//1,6//1,4//1,0//1,0//1,1//1,1//1,0//1,1//1,1//2,1//2,true,false,true,true,0//1,0//1,0//1,separable
1//2,4//1,6//1,4//1,0//1,0//1,1//1,1//1,0//1,2//1,1//2,1//2,true,false,true,true,0//1,0//1,0//1,separable
1//2,4//1,6//1,4//1,0//1,0//1,1//1,1//1,1//1,0//1,1//2,1//2,true,false,true,true,0//1,0//1,0//1,separable
1//2,4//1,6//1,4//1,0//1,0//1,1//1,1//1,1//1,1//1,1//2,1//2,true,false,true,true,0//1,0//1,0//1,separable
1//2,4//1,6//1,4//1,0//1,0//1,1//1,1//1,1//1,2//1,1//2,1//2,true,false,true,true,0//1,0//1,0//1,separable
1//2,4//1,6//1,4//1,0//1,0//1,1//1,1//1,2//1,0//1,1//2,1//2,true,false,true,true,0//1,0//1,0//1,separable
1//2,4//1,6//1,4//1,0//1,0//1,1//1,1//1,2//1,1//1,1//2,1//2,true,false,true,true,0//1,0//1,0//1,separable
1//2,4//1,6//1,4//1,0//1,0//1,1//1,1//1,2//1,2//1,1//2,1//2,true,false,true,true,0//1,0//1,0//1,separable
1//2,4//1,6//1,10//1,6//1,4//1,0//1,0//1,0//1,0//1,0//1,0//1,true,true,true,true,0//1,0//1,0//1,separable
1//2,4//1,6//1,10//1,6//1,4//1,0//1,0//1,0//1,1//1,0//1,0//1,true,true,true,true,0//1,0//1,0//1,separable
1//2,4//1,6//1,10//1,6//1,4//1,0//1,0//1,0//1,2//1,0//1,0//1,true,true,true,true,0//1,0//1,0//1,separable
1//2,4//1,6//1,10//1,6//1,4//1,0//1,0//1,1//1,0//1,0//1,0//1,true,true,true,true,0//1,0//1,0//1,separable
1//2,4//1,6//1,10//1,6//1,4//1,0//1,0//1,1//1,1//1,0//1,0//1,true,true,true,true,0//1,0//1,0//1,separable
1//2,4//1,6//1,10//1,6//1,4//1,0//1,0//1,1//1,2//1,0//1,0//1,true,true,true,true,0//1,0//1,0//1,separable
1//2,4//1,6//1,10//1,6//1,4//1,0//1,0//1,2//1,0//1,0//1,0//1,true,true,true,true,0//1,0//1,0//1,separable
1//2,4//1,6//1,10//1,6//1,4//1,0//1,0//1,2//1,1//1,0//1,0//1,true,true,true,true,0//1,0//1,0//1,separable
1//2,4//1,6//1,10//1,6//1,4//1,0//1,0//1,2//1,2//1,0//1,0//1,true,true,true,true,0//1,0//1,0//1,separable
1//2,4//1,6//1,10//1,6//1,4//1,0//1,1//2,0//1,0//1,0//1,1//4,true,true,true,true,3//2,1//1,-1//2,substitutes
1//2,4//1,6//1,10//1,6//1,4//1,0//1,1//2,0//1,1//1,0//1,1//4,true,true,true,true,1//2,0//1,-1//2,substitutes
1//2,4//1,6//1,10//1,6//1,4//1,0//1,1//2,0//1,2//1,0//1,1//4,true,true,true,true,0//1,0//1,0//1,separable
1//2,4//1,6//1,10//1,6//1,4//1,0//1,1//2,1//1,0//1,0//1,1//4,true,true,true,true,3//2,1//1,-1//2,substitutes
1//2,4//1,6//1,10//1,6//1,4//1,0//1,1//2,1//1,1//1,0//1,1//4,true,true,true,true,1//2,0//1,-1//2,substitutes
1//2,4//1,6//1,10//1,6//1,4//1,0//1,1//2,1//1,2//1,0//1,1//4,true,true,true,true,0//1,0//1,0//1,separable
1//2,4//1,6//1,10//1,6//1,4//1,0//1,1//2,2//1,0//1,0//1,1//4,true,true,true,true,3//2,1//1,-1//2,substitutes
1//2,4//1,6//1,10//1,6//1,4//1,0//1,1//2,2//1,1//1,0//1,1//4,true,true,true,true,1//2,0//1,-1//2,substitutes
1//2,4//1,6//1,10//1,6//1,4//1,0//1,1//2,2//1,2//1,0//1,1//4,true,true,true,true,0//1,0//1,0//1,separable
1//2,4//1,6//1,10//1,6//1,4//1,0//1,1//1,0//1,0//1,0//1,1//2,true,true,true,true,3//1,2//1,-1//1,substitutes
1//2,4//1,6//1,10//1,6//1,4//1,0//1,1//1,0//1,1//1,0//1,1//2,true,true,true,true,2//1,1//1,-1//1,substitutes
1//2,4//1,6//1,10//1,6//1,4//1,0//1,1//1,0//1,2//1,0//1,1//2,true,true,true,true,1//1,0//1,-1//1,substitutes
1//2,4//1,6//1,10//1,6//1,4//1,0//1,1//1,1//1,0//1,0//1,1//2,true,true,true,true,3//1,2//1,-1//1,substitutes
1//2,4//1,6//1,10//1,6//1,4//1,0//1,1//1,1//1,1//1,0//1,1//2,true,true,true,true,2//1,1//1,-1//1,substitutes
1//2,4//1,6//1,10//1,6//1,4//1,0//1,1//1,1//1,2//1,0//1,1//2,true,true,true,true,1//1,0//1,-1//1,substitutes
1//2,4//1,6//1,10//1,6//1,4//1,0//1,1//1,2//1,0//1,0//1,1//2,true,true,true,true,3//1,2//1,-1//1,substitutes
1//2,4//1,6//1,10//1,6//1,4//1,0//1,1//1,2//1,1//1,0//1,1//2,true,true,true,true,2//1,1//1,-1//1,substitutes
1//2,4//1,6//1,10//1,6//1,4//1,0//1,1//1,2//1,2//1,0//1,1//2,true,true,true,true,1//1,0//1,-1//1,substitutes
1//2,4//1,6//1,10//1,6//1,4//1,1//2,0//1,0//1,0//1,1//4,0//1,false,false,true,false,0//1,0//1,0//1,separable
1//2,4//1,6//1,10//1,6//1,4//1,1//2,0//1,0//1,1//1,1//4,0//1,false,false,true,false,0//1,0//1,0//1,separable
1//2,4//1,6//1,10//1,6//1,4//1,1//2,0//1,0//1,2//1,1//4,0//1,false,false,true,false,0//1,0//1,0//1,separable
1//2,4//1,6//1,10//1,6//1,4//1,1//2,0//1,1//1,0//1,1//4,0//1,false,false,true,false,0//1,0//1,0//1,separable
1//2,4//1,6//1,10//1,6//1,4//1,1//2,0//1,1//1,1//1,1//4,0//1,false,false,true,false,0//1,0//1,0//1,separable
1//2,4//1,6//1,10//1,6//1,4//1,1//2,0//1,1//1,2//1,1//4,0//1,false,false,true,false,0//1,0//1,0//1,separable
1//2,4//1,6//1,10//1,6//1,4//1,1//2,0//1,2//1,0//1,1//4,0//1,false,false,true,false,0//1,0//1,0//1,separable
1//2,4//1,6//1,10//1,6//1,4//1,1//2,0//1,2//1,1//1,1//4,0//1,false,false,true,false,0//1,0//1,0//1,separable
1//2,4//1,6//1,10//1,6//1,4//1,1//2,0//1,2//1,2//1,1//4,0//1,false,false,true,false,0//1,0//1,0//1,separable
1//2,4//1,6//1,10//1,6//1,4//1,1//2,1//2,0//1,0//1,1//4,1//4,true,false,true,false,0//1,0//1,0//1,separable
1//2,4//1,6//1,10//1,6//1,4//1,1//2,1//2,0//1,1//1,1//4,1//4,true,false,true,false,0//1,0//1,0//1,separable
1//2,4//1,6//1,10//1,6//1,4//1,1//2,1//2,0//1,2//1,1//4,1//4,true,false,true,false,0//1,0//1,0//1,separable
1//2,4//1,6//1,10//1,6//1,4//1,1//2,1//2,1//1,0//1,1//4,1//4,true,false,true,false,1//1,1//1,0//1,separable
1//2,4//1,6//1,10//1,6//1,4//1,1//2,1//2,1//1,1//1,1//4,1//4,true,false,true,false,0//1,0//1,0//1,separable
1//2,4//1,6//1,10//1,6//1,4//1,1//2,1//2,1//1,2//1,1//4,1//4,true,false,true,false,0//1,0//1,0//1,separable
1//2,4//1,6//1,10//1,6//1,4//1,1//2,1//2,2//1,0//1,1//4,1//4,true,false,true,false,3//2,1//1,-1//2,substitutes
1//2,4//1,6//1,10//1,6//1,4//1,1//2,1//2,2//1,1//1,1//4,1//4,true,false,true,false,1//2,0//1,-1//2,substitutes
1//2,4//1,6//1,10//1,6//1,4//1,1//2,1//2,2//1,2//1,1//4,1//4,true,false,true,false,0//1,0//1,0//1,separable
1//2,4//1,6//1,10//1,6//1,4//1,1//2,1//1,0//1,0//1,1//4,1//2,true,false,true,false,3//2,1//1,-1//2,substitutes
1//2,4//1,6//1,10//1,6//1,4//1,1//2,1//1,0//1,1//1,1//4,1//2,true,false,true,false,1//2,0//1,-1//2,substitutes
1//2,4//1,6//1,10//1,6//1,4//1,1//2,1//1,0//1,2//1,1//4,1//2,true,false,true,false,0//1,0//1,0//1,separable
1//2,4//1,6//1,10//1,6//1,4//1,1//2,1//1,1//1,0//1,1//4,1//2,true,false,true,false,5//2,2//1,-1//2,substitutes
1//2,4//1,6//1,10//1,6//1,4//1,1//2,1//1,1//1,1//1,1//4,1//2,true,false,true,false,3//2,1//1,-1//2,substitutes
1//2,4//1,6//1,10//1,6//1,4//1,1//2,1//1,1//1,2//1,1//4,1//2,true,false,true,false,1//2,0//1,-1//2,substitutes
1//2,4//1,6//1,10//1,6//1,4//1,1//2,1//1,2//1,0//1,1//4,1//2,true,false,true,false,3//1,2//1,-1//1,substitutes
1//2,4//1,6//1,10//1,6//1,4//1,1//2,1//1,2//1,1//1,1//4,1//2,true,false,true,false,2//1,1//1,-1//1,substitutes
1//2,4//1,6//1,10//1,6//1,4//1,1//2,1//1,2//1,2//1,1//4,1//2,true,false,true,false,1//1,0//1,-1//1,substitutes
1//2,4//1,6//1,10//1,6//1,4//1,1//1,0//1,0//1,0//1,1//2,0//1,false,false,true,false,0//1,0//1,0//1,separable
1//2,4//1,6//1,10//1,6//1,4//1,1//1,0//1,0//1,1//1,1//2,0//1,false,false,true,false,0//1,0//1,0//1,separable
1//2,4//1,6//1,10//1,6//1,4//1,1//1,0//1,0//1,2//1,1//2,0//1,false,false,true,false,0//1,0//1,0//1,separable
1//2,4//1,6//1,10//1,6//1,4//1,1//1,0//1,1//1,0//1,1//2,0//1,false,false,true,false,0//1,0//1,0//1,separable
1//2,4//1,6//1,10//1,6//1,4//1,1//1,0//1,1//1,1//1,1//2,0//1,false,false,true,false,0//1,0//1,0//1,separable
1//2,4//1,6//1,10//1,6//1,4//1,1//1,0//1,1//1,2//1,1//2,0//1,false,false,true,false,0//1,0//1,0//1,separable
1//2,4//1,6//1,10//1,6//1,4//1,1//1,0//1,2//1,0//1,1//2,0//1,false,false,true,false,0//1,0//1,0//1,separable
1//2,4//1,6//1,10//1,6//1,4//1,1//1,0//1,2//1,1//1,1//2,0//1,false,false,true,false,0//1,0//1,0//1,separable
1//2,4//1,6//1,10//1,6//1,4//1,1//1,0//1,2//1,2//1,1//2,0//1,false,false,true,false,0//1,0//1,0//1,separable
1//2,4//1,6//1,10//1,6//1,4//1,1//1,1//2,0//1,0//1,1//2,1//4,false,false,true,false,0//1,0//1,0//1,separable
1//2,4//1,6//1,10//1,6//1,4//1,1//1,1//2,0//1,1//1,1//2,1//4,false,false,true,false,0//1,0//1,0//1,separable
1//2,4//1,6//1,10//1,6//1,4//1,1//1,1//2,0//1,2//1,1//2,1//4,false,false,true,false,0//1,0//1,0//1,separable
1//2,4//1,6//1,10//1,6//1,4//1,1//1,1//2,1//1,0//1,1//2,1//4,false,false,true,false,0//1,0//1,0//1,separable
1//2,4//1,6//1,10//1,6//1,4//1,1//1,1//2,1//1,1//1,1//2,1//4,false,false,true,false,0//1,0//1,0//1,separable
1//2,4//1,6//1,10//1,6//1,4//1,1//1,1//2,1//1,2//1,1//2,1//4,false,false,true,false,0//1,0//1,0//1,separable
1//2,4//1,6//1,10//1,6//1,4//1,1//1,1//2,2//1,0//1,1//2,1//4,false,false,true,false,1//2,1//1,1//2,complements
1//2,4//1,6//1,10//1,6//1,4//1,1//1,1//2,2//1,1//1,1//2,1//4,false,false,true,false,0//1,0//1,0//1,separable
1//2,4//1,6//1,10//1,6//1,4//1,1//1,1//2,2//1,2//1,1//2,1//4,false,false,true,false,0//1,0//1,0//1,separable
1//2,4//1,6//1,10//1,6//1,4//1,1//1,1//1,0//1,0//1,1//2,1//2,true,false,true,false,0//1,0//1,0//1,separable
1//2,4//1,6//1,10//1,6//1,4//1,1//1,1//1,0//1,1//1,1//2,1//2,true,false,true,false,0//1,0//1,0//1,separable
1//2,4//1,6//1,10//1,6//1,4//1,1//1,1//1,0//1,2//1,1//2,1//2,true,false,true,false,0//1,0//1,0//1,separable
1//2,4//1,6//1,10//1,6//1,4//1,1//1,1//1,1//1,0//1,1//2,1//2,true,false,true,false,1//1,1//1,0//1,separable
1//2,4//1,6//1,10//1,6//1,4//1,1//1,1//1,1//1,1//1,1//2,1//2,true,false,true,false,0//1,0//1,0//1,separable
1//2,4//1,6//1,10//1,6//1,4//1,1//1,1//1,1//1,2//1,1//2,1//2,true,false,true,false,0//1,0//1,0//1,separable
1//2,4//1,6//1,10//1,6//1,4//1,1//1,1//1,2//1,0//1,1//2,1//2,true,false,true,false,2//1,2//1,0//1,separable
1//2,4//1,6//1,10//1,6//1,4//1,1//1,1//1,2//1,1//1,1//2,1//2,true,false,true,false,1//1,1//1,0//1,separable
1//2,4//1,6//1,10//1,6//1,4//1,1//1,1//1,2//1,2//1,1//2,1//2,true,false,true,false,0//1,0//1,0//1,separable
1//2,4//1,8//1,4//1,0//1,0//1,0//1,0//1,0//1,0//1,0//1,0//1,true,true,true,true,0//1,0//1,0//1,separable
1//2,4//1,8//1,4//1,0//1,0//1,0//1,0//1,0//1,1//1,0//1,0//1,true,true,true,true,0//1,0//1,0//1,separable
1//2,4//1,8//1,4//1,0//1,0//1,0//1,0//1,0//1,2//1,0//1,0//1,true,true,true,true,0//1,0//1,0//1,separable
1//2,4//1,8//1,4//1,0//1,0//1,0//1,0//1,1//1,0//1,0//1,0//1,true,true,true,true,0//1,0//1,0//1,separable
1//2,4//1,8//1,4//1,0//1,0//1,0//1,0//1,1//1,1//1,0//1,0//1,true,true,true,true,0//1,0//1,0//1,separable
1//2,4//1,8//1,4//1,0//1,0//1,0//1,0//1,1//1,2//1,0//1,0//1,true,true,true,true,0//1,0//1,0//1,separable
1//2,4//1,8//1,4//1,0//1,0//1,0//1,0//1,2//1,0//1,0//1,0//1,true,true,true,true,0//1,0//1,0//1,separable
1//2,4//1,8//1,4//1,0//1,0//1,0//1,0//1,2//1,1//1,0//1,0//1,true,true,true,true,0//1,0//1,0//1,separable
1//2,4//1,8//1,4//1,0//1,0//1,0//1,0//1,2//1,2//1,0//1,0//1,true,true,true,true,0//1,0//1,0//1,separable
1//2,4//1,8//1,4//1,0//1,0//1,0//1,1//2,0//1,0//1,0//1,1//4,true,true,true,true,0//1,0//1,0//1,separable
1//2,4//1,8//1,4//1,0//1,0//1,0//1,1//2,0//1,1//1,0//1,1//4,true,true,true,true,0//1,0//1,0//1,separable
1//2,4//1,8//1,4//1,0//1,0//1,0//1,1//2,0//1,2//1,0//1,1//4,true,true,true,true,0//1,0//1,0//1,separable
1//2,4//1,8//1,4//1,0//1,0//1,0//1,1//2,1//1,0//1,0//1,1//4,true,true,true,true,0//1,0//1,0//1,separable
1//2,4//1,8//1,4//1,0//1,0//1,0//1,1//2,1//1,1//1,0//1,1//4,true,true,true,true,0//1,0//1,0//1,separable
1//2,4//1,8//1,4//1,0//1,0//1,0//1,1//2,1//1,2//1,0//1,1//4,true,true,true,true,0//1,0//1,0//1,separable
1//2,4//1,8//1,4//1,0//1,0//1,0//1,1//2,2//1,0//1,0//1,1//4,true,true,true,true,0//1,0//1,0//1,separable
1//2,4//1,8//1,4//1,0//1,0//1,0//1,1//2,2//1,1//1,0//1,1//4,true,true,true,true,0//1,0//1,0//1,separable
1//2,4//1,8//1,4//1,0//1,0//1,0//1,1//2,2//1,2//1,0//1,1//4,true,true,true,true,0//1,0//1,0//1,separable
1//2,4//1,8//1,4//1,0//1,0//1,0//1,1//1,0//1,0//1,0//1,1//2,true,true,true,true,0//1,0//1,0//1,separable
1//2,4//1,8//1,4//1,0//1,0//1,0//1,1//1,0//1,1//1,0//1,1//2,true,true,true,true,0//1,0//1,0//1,separable
1//2,4//1,8//1,4//1,0//1,0//1,0//1,1//1,0//1,2//1,0//1,1//2,true,true,true,true,0//1,0//1,0//1,separable
1//2,4//1,8//1,4//1,0//1,0//1,0//1,1//1,1//1,0//1,0//1,1//2,true,true,true,true,0//1,0//1,0//1,separable
1//2,4//1,8//1,4//1,0//1,0//1,0//1,1//1,1//1,1//1,0//1,1//2,true,true,true,true,0//1,0//1,0//1,separable
1//2,4//1,8//1,4//1,0//1,0//1,0//1,1//1,1//1,2//1,0//1,1//2,true,true,true,true,0//1,0//1,0//1,separable
1//2,4//1,8//1,4//1,0//1,0//1,0//1,1//1,2//1,0//1,0//1,1//2,true,true,true,true,0//1,0//1,0//1,separable
1//2,4//1,8//1,4//1,0//1,0//1,0//1,1//1,2//1,1//1,0//1,1//2,true,true,true,true,0//1,0//1,0//1,separable
1//2,4//1,8//1,4//1,0//1,0//1,0//1,1//1,2//1,2//1,0//1,1//2,true,true,true,true,0//1,0//1,0//1,separable
1//2,4//1,8//1,4//1,0//1,0//1,1//2,0//1,0//1,0//1,1//4,0//1,false,false,true,true,0//1,0//1,0//1,separable
1//2,4//1,8//1,4//1,0//1,0//1,1//2,0//1,0//1,1//1,1//4,0//1,false,false,true,true,0//1,0//1,0//1,separable
1//2,4//1,8//1,4//1,0//1,0//1,1//2,0//1,0//1,2//1,1//4,0//1,false,false,true,true,0//1,0//1,0//1,separable
1//2,4//1,8//1,4//1,0//1,0//1,1//2,0//1,1//1,0//1,1//4,0//1,false,false,true,true,0//1,0//1,0//1,separable
1//2,4//1,8//1,4//1,0//1,0//1,1//2,0//1,1//1,1//1,1//4,0//1,false,false,true,true,0//1,0//1,0//1,separable
1//2,4//1,8//1,4//1,0//1,0//1,1//2,0//1,1//1,2//1,1//4,0//1,false,false,true,true,0//1,0//1,0//1,separable
1//2,4//1,8//1,4//1,0//1,0//1,1//2,0//1,2//1,0//1,1//4,0//1,false,false,true,true,0//1,0//1,0//1,separable
1//2,4//1,8//1,4//1,0//1,0//1,1//2,0//1,2//1,1//1,1//4,0//1,false,false,true,true,0//1,0//1,0//1,separable
1//2,4//1,8//1,4//1,0//1,0//1,1//2,0//1,2//1,2//1,1//4,0//1,false,false,true,true,0//1,0//1,0//1,separable
1//2,4//1,8//1,4//1,0//1,0//1,1//2,1//2,0//1,0//1,1//4,1//4,true,false,true,true,0//1,0//1,0//1,separable
1//2,4//1,8//1,4//1,0//1,0//1,1//2,1//2,0//1,1//1,1//4,1//4,true,false,true,true,0//1,0//1,0//1,separable
1//2,4//1,8//1,4//1,0//1,0//1,1//2,1//2,0//1,2//1,1//4,1//4,true,false,true,true,0//1,0//1,0//1,separable
1//2,4//1,8//1,4//1,0//1,0//1,1//2,1//2,1//1,0//1,1//4,1//4,true,false,true,true,0//1,0//1,0//1,separable
1//2,4//1,8//1,4//1,0//1,0//1,1//2,1//2,1//1,1//1,1//4,1//4,true,false,true,true,0//1,0//1,0//1,separable
1//2,4//1,8//1,4//1,0//1,0//1,1//2,1//2,1//1,2//1,1//4,1//4,true,false,true,true,0//1,0//1,0//1,separable
1//2,4//1,8//1,4//1,0//1,0//1,1//2,1//2,2//1,0//1,1//4,1//4,true,false,true,true,0//1,0//1,0//1,separable
1//2,4//1,8//1,4//1,0//1,0//1,1//2,1//2,2//1,1//1,1//4,1//4,true,false,true,true,0//1,0//1,0//1,separable
1//2,4//1,8//1,4//1,0//1,0//1,1//2,1//2,2//1,2//1,1//4,1//4,true,false,true,true,0//1,0//1,0//1,separable
1//2,4//1,8//1,4//1,0//1,0//1,1//2,1//1,0//1,0//1,1//4,1//2,true,false,true,true,0//1,0//1,0//1,separable
1//2,4//1,8//1,4//1,0//1,0//1,1//2,1//1,0//1,1//1,1//4,1//2,true,false,true,true,0//1,0//1,0//1,separable
1//2,4//1,8//1,4//1,0//1,0//1,1//2,1//1,0//1,2//1,1//4,1//2,true,false,true,true,0//1,0//1,0//1,separable
1//2,4//1,8//1,4//1,0//1,0//1,1//2,1//1,1//1,0//1,1//4,1//2,true,false,true,true,0//1,0//1,0//1,separable
1//2,4//1,8//1,4//1,0//1,0//1,1//2,1//1,1//1,1//1,1//4,1//2,true,false,true,true,0//1,0//1,0//1,separable
1//2,4//1,8//1,4//1,0//1,0//1,1//2,1//1,1//1,2//1,1//4,1//2,true,false,true,true,0//1,0//1,0//1,separable
1//2,4//1,8//1,4//1,0//1,0//1,1//2,1//1,2//1,0//1,1//4,1//2,true,false,true,true,0//1,0//1,0//1,separable
1//2,4//1,8//1,4//1,0//1,0//1,1//2,1//1,2//1,1//1,1//4,1//2,true,false,true,true,0//1,0//1,0//1,separable
1//2,4//1,8//1,4//1,0//1,0//1,1//2,1//1,2//1,2//1,1//4,1//2,true,false,true,true,0//1,0//1,0//1,separable
1//2,4//1,8//1,4//1,0//1,0//1,1//1,0//1,0//1,0//1,1//2,0//1,false,false,true,true,0//1,0//1,0//1,separable
1//2,4//1,8//1,4//1,0//1,0//1,1//1,0//1,0//1,1//1,1//2,0//1,false,false,true,true,0//1,0//1,0//1,separable
1//2,4//1,8//1,4//1,0//1,0//1,1//1,0//1,0//1,2//1,1//2,0//1,false,false,true,true,0//1,0//1,0//1,separable
1//2,4//1,8//1,4//1,0//1,0//1,1//1,0//1,1//1,0//1,1//2,0//1,false,false,true,true,0//1,0//1,0//1,separable
1//2,4//1,8//1,4//1,0//1,0//1,1//1,0//1,1//1,1//1,1//2,0//1,false,false,true,true,0//1,0//1,0//1,separable
1//2,4//1,8//1,4//1,0//1,0//1,1//1,0//1,1//1,2//1,1//2,0//1,false,false,true,true,0//1,0//1,0//1,separable
1//2,4//1,8//1,4//1,0//1,0//1,1//1,0//1,2//1,0//1,1//2,0//1,false,false,true,true,0//1,0//1,0//1,separable
1//2,4//1,8//1,4//1,0//1,0//1,1//1,0//1,2//1,1//1,1//2,0//1,false,false,true,true,0//1,0//1,0//1,separable
1//2,4//1,8//1,4//1,0//1,0//1,1//1,0//1,2//1,2//1,1//2,0//1,false,false,true,true,0//1,0//1,0//1,separable
1//2,4//1,8//1,4//1,0//1,0//1,1//1,1//2,0//1,0//1,1//2,1//4,false,false,true,true,0//1,0//1,0//1,separable
1//2,4//1,8//1,4//1,0//1,0//1,1//1,1//2,0//1,1//1,1//2,1//4,false,false,true,true,0//1,0//1,0//1,separable
1//2,4//1,8//1,4//1,0//1,0//1,1//1,1//2,0//1,2//1,1//2,1//4,false,false,true,true,0//1,0//1,0//1,separable
1//2,4//1,8//1,4//1,0//1,0//1,1//1,1//2,1//1,0//1,1//2,1//4,false,false,true,true,0//1,0//1,0//1,separable
1//2,4//1,8//1,4//1,0//1,0//1,1//1,1//2,1//1,1//1,1//2,1//4,false,false,true,true,0//1,0//1,0//1,separable
1//2,4//1,8//1,4//1,0//1,0//1,1//1,1//2,1//1,2//1,1//2,1//4,false,false,true,true,0//1,0//1,0//1,separable
1//2,4//1,8//1,4//1,0//1,0//1,1//1,1//2,2//1,0//1,1//2,1//4,false,false,true,true,0//1,0//1,0//1,separable
1//2,4//1,8//1,4//1,0//1,0//1,1//1,1//2,2//1,1//1,1//2,1//4,false,false,true,true,0//1,0//1,0//1,separable
1//2,4//1,8//1,4//1,0//1,0//1,1//1,1//2,2//1,2//1,1//2,1//4,false,false,true,true,0//1,0//1,0//1,separable
1//2,4//1,8//1,4//1,0//1,0//1,1//1,1//1,0//1,0//1,1//2,1//2,true,false,true,true,0//1,0//1,0//1,separable
1//2,4//1,8//1,4//1,0//1,0//1,1//1,1//1,0//1,1//1,1//2,1//2,true,false,true,true,0//1,0//1,0//1,separable
1//2,4//1,8//1,4//1,0//1,0//1,1//1,1//1,0//1,2//1,1//2,1//2,true,false,true,true,0//1,0//1,0//1,separable
1//2,4//1,8//1,4//1,0//1,0//1,1//1,1//1,1//1,0//1,1//2,1//2,true,false,true,true,0//1,0//1,0//1,separable
1//2,4//1,8//1,4//1,0//1,0//1,1//1,1//1,1//1,1//1,1//2,1//2,true,false,true,true,0//1,0//1,0//1,separable
1//2,4//1,8//1,4//1,0//1,0//1,1//1,1//1,1//1,2//1,1//2,1//2,true,false,true,true,0//1,0//1,0//1,separable
1//2,4//1,8//1,4//1,0//1,0//1,1//1,1//1,2//1,0//1,1//2,1//2,true,false,true,true,0//1,0//1,0//1,separable
1//2,4//1,8//1,4//1,0//1,0//1,1//1,1//1,2//1,1//1,1//2,1//2,true,false,true,true,0//1,0//1,0//1,separable
1//2,4//1,8//1,4//1,0//1,0//1,1//1,1//1,2//1,2//1,1//2,1//2,true,false,true,true,0//1,0//1,0//1,separable
1//2,4//1,8//1,10//1,6//1,2//1,0//1,0//1,0//1,0//1,0//1,0//1,true,true,true,true,0//1,0//1,0//1,separable
1//2,4//1,8//1,10//1,6//1,2//1,0//1,0//1,0//1,1//1,0//1,0//1,true,true,true,true,0//1,0//1,0//1,separable
1//2,4//1,8//1,10//1,6//1,2//1,0//1,0//1,0//1,2//1,0//1,0//1,true,true,true,true,0//1,0//1,0//1,separable
1//2,4//1,8//1,10//1,6//1,2//1,0//1,0//1,1//1,0//1,0//1,0//1,true,true,true,true,0//1,0//1,0//1,separable
1//2,4//1,8//1,10//1,6//1,2//1,0//1,0//1,1//1,1//1,0//1,0//1,true,true,true,true,0//1,0//1,0//1,separable
1//2,4//1,8//1,10//1,6//1,2//1,0//1,0//1,1//1,2//1,0//1,0//1,true,true,true,true,0//1,0//1,0//1,separable
1//2,4//1,8//1,10//1,6//1,2//1,0//1,0//1,2//1,0//1,0//1,0//1,true,true,true,true,0//1,0//1,0//1,separable
1//2,4//1,8//1,10//1,6//1,2//1,0//1,0//1,2//1,1//1,0//1,0//1,true,true,true,true,0//1,0//1,0//1,separable
1//2,4//1,8//1,10//1,6//1,2//1,0//1,0//1,2//1,2//1,0//1,0//1,true,true,true,true,0//1,0//1,0//1,separable
1//2,4//1,8//1,10//1,6//1,2//1,0//1,1//2,0//1,0//1,0//1,1//4,true,true,true,true,3//2,1//2,-1//1,substitutes
1//2,4//1,8//1,10//1,6//1,2//1,0//1,1//2,0//1,1//1,0//1,1//4,true,true,true,true,1//2,0//1,-1//2,substitutes
1//2,4//1,8//1,10//1,6//1,2//1,0//1,1//2,0//1,2//1,0//1,1//4,true,true,true,true,0//1,0//1,0//1,separable
1//2,4//1,8//1,10//1,6//1,2//1,0//1,1//2,1//1,0//1,0//1,1//4,true,true,true,true,3//2,1//2,-1//1,substitutes
1//2,4//1,8//1,10//1,6//1,2//1,0//1,1//2,1//1,1//1,0//1,1//4,true,true,true,true,1//2,0//1,-1//2,substitutes
1//2,4//1,8//1,10//1,6//1,2//1,0//1,1//2,1//1,2//1,0//1,1//4,true,true,true,true,0//1,0//1,0//1,separable
1//2,4//1,8//1,10//1,6//1,2//1,0//1,1//2,2//1,0//1,0//1,1//4,true,true,true,true,3//2,1//2,-1//1,substitutes
1//2,4//1,8//1,10//1,6//1,2//1,0//1,1//2,2//1,1//1,0//1,1//4,true,true,true,true,1//2,0//1,-1//2,substitutes
1//2,4//1,8//1,10//1,6//1,2//1,0//1,1//2,2//1,2//1,0//1,1//4,true,true,true,true,0//1,0//1,0//1,separable
1//2,4//1,8//1,10//1,6//1,2//1,0//1,1//1,0//1,0//1,0//1,1//2,true,true,true,true,3//1,1//1,-2//1,substitutes
1//2,4//1,8//1,10//1,6//1,2//1,0//1,1//1,0//1,1//1,0//1,1//2,true,true,true,true,2//1,0//1,-2//1,substitutes
1//2,4//1,8//1,10//1,6//1,2//1,0//1,1//1,0//1,2//1,0//1,1//2,true,true,true,true,1//1,0//1,-1//1,substitutes
1//2,4//1,8//1,10//1,6//1,2//1,0//1,1//1,1//1,0//1,0//1,1//2,true,true,true,true,3//1,1//1,-2//1,substitutes
1//2,4//1,8//1,10//1,6//1,2//1,0//1,1//1,1//1,1//1,0//1,1//2,true,true,true,true,2//1,0//1,-2//1,substitutes
1//2,4//1,8//1,10//1,6//1,2//1,0//1,1//1,1//1,2//1,0//1,1//2,true,true,true,true,1//1,0//1,-1//1,substitutes
1//2,4//1,8//1,10//1,6//1,2//1,0//1,1//1,2//1,0//1,0//1,1//2,true,true,true,true,3//1,1//1,-2//1,substitutes
1//2,4//1,8//1,10//1,6//1,2//1,0//1,1//1,2//1,1//1,0//1,1//2,true,true,true,true,2//1,0//1,-2//1,substitutes
1//2,4//1,8//1,10//1,6//1,2//1,0//1,1//1,2//1,2//1,0//1,1//2,true,true,true,true,1//1,0//1,-1//1,substitutes
1//2,4//1,8//1,10//1,6//1,2//1,1//2,0//1,0//1,0//1,1//4,0//1,false,false,true,false,0//1,0//1,0//1,separable
1//2,4//1,8//1,10//1,6//1,2//1,1//2,0//1,0//1,1//1,1//4,0//1,false,false,true,false,0//1,0//1,0//1,separable
1//2,4//1,8//1,10//1,6//1,2//1,1//2,0//1,0//1,2//1,1//4,0//1,false,false,true,false,0//1,0//1,0//1,separable
1//2,4//1,8//1,10//1,6//1,2//1,1//2,0//1,1//1,0//1,1//4,0//1,false,false,true,false,0//1,0//1,0//1,separable
1//2,4//1,8//1,10//1,6//1,2//1,1//2,0//1,1//1,1//1,1//4,0//1,false,false,true,false,0//1,0//1,0//1,separable
1//2,4//1,8//1,10//1,6//1,2//1,1//2,0//1,1//1,2//1,1//4,0//1,false,false,true,false,0//1,0//1,0//1,separable
1//2,4//1,8//1,10//1,6//1,2//1,1//2,0//1,2//1,0//1,1//4,0//1,false,false,true,false,0//1,0//1,0//1,separable
1//2,4//1,8//1,10//1,6//1,2//1,1//2,0//1,2//1,1//1,1//4,0//1,false,false,true,false,0//1,0//1,0//1,separable
1//2,4//1,8//1,10//1,6//1,2//1,1//2,0//1,2//1,2//1,1//4,0//1,false,false,true,false,0//1,0//1,0//1,separable
1//2,4//1,8//1,10//1,6//1,2//1,1//2,1//2,0//1,0//1,1//4,1//4,true,false,true,false,0//1,0//1,0//1,separable
1//2,4//1,8//1,10//1,6//1,2//1,1//2,1//2,0//1,1//1,1//4,1//4,true,false,true,false,0//1,0//1,0//1,separable
1//2,4//1,8//1,10//1,6//1,2//1,1//2,1//2,0//1,2//1,1//4,1//4,true,false,true,false,0//1,0//1,0//1,separable
1//2,4//1,8//1,10//1,6//1,2//1,1//2,1//2,1//1,0//1,1//4,1//4,true,false,true,false,1//1,1//2,-1//2,substitutes
1//2,4//1,8//1,10//1,6//1,2//1,1//2,1//2,1//1,1//1,1//4,1//4,true,false,true,false,0//1,0//1,0//1,separable
1//2,4//1,8//1,10//1,6//1,2//1,1//2,1//2,1//1,2//1,1//4,1//4,true,false,true,false,0//1,0//1,0//1,separable
1//2,4//1,8//1,10//1,6//1,2//1,1//2,1//2,2//1,0//1,1//4,1//4,true,false,true,false,3//2,1//2,-1//1,substitutes
1//2,4//1,8//1,10//1,6//1,2//1,1//2,1//2,2//1,1//1,1//4,1//4,true,false,true,false,1//2,0//1,-1//2,substitutes
1//2,4//1,8//1,10//1,6//1,2//1,1//2,1//2,2//1,2//1,1//4,1//4,true,false,true,false,0//1,0//1,0//1,separable
1//2,4//1,8//1,10//1,6//1,2//1,1//2,1//1,0//1,0//1,1//4,1//2,true,false,true,false,3//2,1//2,-1//1,substitutes
1//2,4//1,8//1,10//1,6//1,2//1,1//2,1//1,0//1,1//1,1//4,1//2,true,false,true,false,1//2,0//1,-1//2,substitutes
1//2,4//1,8//1,10//1,6//1,2//1,1//2,1//1,0//1,2//1,1//4,1//2,true,false,true,false,0//1,0//1,0//1,separable
1//2,4//1,8//1,10//1,6//1,2//1,1//2,1//1,1//1,0//1,1//4,1//2,true,false,true,false,5//2,1//1,-3//2,substitutes
1//2,4//1,8//1,10//1,6//1,2//1,1//2,1//1,1//1,1//1,1//4,1//2,true,false,true,false,3//2,0//1,-3//2,substitutes
1//2,4//1,8//1,10//1,6//1,2//1,1//2,1//1,1//1,2//1,1//4,1//2,true,false,true,false,1//2,0//1,-1//2,substitutes
1//2,4//1,8//1,10//1,6//1,2//1,1//2,1//1,2//1,0//1,1//4,1//2,true,false,true,false,3//1,1//1,-2//1,substitutes
1//2,4//1,8//1,10//1,6//1,2//1,1//2,1//1,2//1,1//1,1//4,1//2,true,false,true,false,2//1,0//1,-2//1,substitutes
1//2,4//1,8//1,10//1,6//1,2//1,1//2,1//1,2//1,2//1,1//4,1//2,true,false,true,false,1//1,0//1,-1//1,substitutes
1//2,4//1,8//1,10//1,6//1,2//1,1//1,0//1,0//1,0//1,1//2,0//1,false,false,true,false,0//1,0//1,0//1,separable
1//2,4//1,8//1,10//1,6//1,2//1,1//1,0//1,0//1,1//1,1//2,0//1,false,false,true,false,0//1,0//1,0//1,separable
1//2,4//1,8//1,10//1,6//1,2//1,1//1,0//1,0//1,2//1,1//2,0//1,false,false,true,false,0//1,0//1,0//1,separable
1//2,4//1,8//1,10//1,6//1,2//1,1//1,0//1,1//1,0//1,1//2,0//1,false,false,true,false,0//1,0//1,0//1,separable
1//2,4//1,8//1,10//1,6//1,2//1,1//1,0//1,1//1,1//1,1//2,0//1,false,false,true,false,0//1,0//1,0//1,separable
1//2,4//1,8//1,10//1,6//1,2//1,1//1,0//1,1//1,2//1,1//2,0//1,false,false,true,false,0//1,0//1,0//1,separable
1//2,4//1,8//1,10//1,6//1,2//1,1//1,0//1,2//1,0//1,1//2,0//1,false,false,true,false,0//1,0//1,0//1,separable
1//2,4//1,8//1,10//1,6//1,2//1,1//1,0//1,2//1,1//1,1//2,0//1,false,false,true,false,0//1,0//1,0//1,separable
1//2,4//1,8//1,10//1,6//1,2//1,1//1,0//1,2//1,2//1,1//2,0//1,false,false,true,false,0//1,0//1,0//1,separable
1//2,4//1,8//1,10//1,6//1,2//1,1//1,1//2,0//1,0//1,1//2,1//4,false,false,true,false,0//1,0//1,0//1,separable
1//2,4//1,8//1,10//1,6//1,2//1,1//1,1//2,0//1,1//1,1//2,1//4,false,false,true,false,0//1,0//1,0//1,separable
1//2,4//1,8//1,10//1,6//1,2//1,1//1,1//2,0//1,2//1,1//2,1//4,false,false,true,false,0//1,0//1,0//1,separable
1//2,4//1,8//1,10//1,6//1,2//1,1//1,1//2,1//1,0//1,1//2,1//4,false,false,true,false,0//1,1//2,1//2,complements
1//2,4//1,8//1,10//1,6//1,2//1,1//1,1//2,1//1,1//1,1//2,1//4,false,false,true,false,0//1,0//1,0//1,separable
1//2,4//1,8//1,10//1,6//1,2//1,1//1,1//2,1//1,2//1,1//2,1//4,false,false,true,false,0//1,0//1,0//1,separable
1//2,4//1,8//1,10//1,6//1,2//1,1//1,1//2,2//1,0//1,1//2,1//4,false,false,true,false,1//2,1//2,0//1,separable
1//2,4//1,8//1,10//1,6//1,2//1,1//1,1//2,2//1,1//1,1//2,1//4,false,false,true,false,0//1,0//1,0//1,separable
1//2,4//1,8//1,10//1,6//1,2//1,1//1,1//2,2//1,2//1,1//2,1//4,false,false,true,false,0//1,0//1,0//1,separable
1//2,4//1,8//1,10//1,6//1,2//1,1//1,1//1,0//1,0//1,1//2,1//2,true,false,true,false,0//1,0//1,0//1,separable
1//2,4//1,8//1,10//1,6//1,2//1,1//1,1//1,0//1,1//1,1//2,1//2,true,false,true,false,0//1,0//1,0//1,separable
1//2,4//1,8//1,10//1,6//1,2//1,1//1,1//1,0//1,2//1,1//2,1//2,true,false,true,false,0//1,0//1,0//1,separable
1//2,4//1,8//1,10//1,6//1,2//1,1//1,1//1,1//1,0//1,1//2,1//2,true,false,true,false,1//1,1//1,0//1,separable
1//2,4//1,8//1,10//1,6//1,2//1,1//1,1//1,1//1,1//1,1//2,1//2,true,false,true,false,0//1,0//1,0//1,separable
1//2,4//1,8//1,10//1,6//1,2//1,1//1,1//1,1//1,2//1,1//2,1//2,true,false,true,false,0//1,0//1,0//1,separable
1//2,4//1,8//1,10//1,6//1,2//1,1//1,1//1,2//1,0//1,1//2,1//2,true,false,true,false,2//1,1//1,-1//1,substitutes
1//2,4//1,8//1,10//1,6//1,2//1,1//1,1//1,2//1,1//1,1//2,1//2,true,false,true,false,1//1,0//1,-1//1,substitutes
1//2,4//1,8//1,10//1,6//1,2//1,1//1,1//1,2//1,2//1,1//2,1//2,true,false,true,false,0//1,0//1,0//1,separable
1//2,4//1,10//1,4//1,0//1,0//1,0//1,0//1,0//1,0//1,0//1,0//1,true,true,true,true,0//1,0//1,0//1,separable
1//2,4//1,10//1,4//1,0//1,0//1,0//1,0//1,0//1,1//1,0//1,0//1,true,true,true,true,0//1,0//1,0//1,separable
1//2,4//1,10//1,4//1,0//1,0//1,0//1,0//1,0//1,2//1,0//1,0//1,true,true,true,true,0//1,0//1,0//1,separable
1//2,4//1,10//1,4//1,0//1,0//1,0//1,0//1,1//1,0//1,0//1,0//1,true,true,true,true,0//1,0//1,0//1,separable
1//2,4//1,10//1,4//1,0//1,0//1,0//1,0//1,1//1,1//1,0//1,0//1,true,true,true,true,0//1,0//1,0//1,separable
1//2,4//1,10//1,4//1,0//1,0//1,0//1,0//1,1//1,2//1,0//1,0//1,true,true,true,true,0//1,0//1,0//1,separable
1//2,4//1,10//1,4//1,0//1,0//1,0//1,0//1,2//1,0//1,0//1,0//1,true,true,true,true,0//1,0//1,0//1,separable
1//2,4//1,10//1,4//1,0//1,0//1,0//1,0//1,2//1,1//1,0//1,0//1,true,true,true,true,0//1,0//1,0//1,separable
1//2,4//1,10//1,4//1,0//1,0//1,0//1,0//1,2//1,2//1,0//1,0//1,true,true,true,true,0//1,0//1,0//1,separable
1//2,4//1,10//1,4//1,0//1,0//1,0//1,1//2,0//1,0//1,0//1,1//4,true,true,true,true,0//1,0//1,0//1,separable
1//2,4//1,10//1,4//1,0//1,0//1,0//1,1//2,0//1,1//1,0//1,1//4,true,true,true,true,0//1,0//1,0//1,separable
1//2,4//1,10//1,4//1,0//1,0//1,0//1,1//2,0//1,2//1,0//1,1//4,true,true,true,true,0//1,0//1,0//1,separable
1//2,4//1,10//1,4//1,0//1,0//1,0//1,1//2,1//1,0//1,0//1,1//4,true,true,true,true,0//1,0//1,0//1,separable
1//2,4//1,10//1,4//1,0//1,0//1,0//1,1//2,1//1,1//1,0//1,1//4,true,true,true,true,0//1,0//1,0//1,separable
1//2,4//1,10//1,4//1,0//1,0//1,0//1,1//2,1//1,2//1,0//1,1//4,true,true,true,true,0//1,0//1,0//1,separable
1//2,4//1,10//1,4//1,0//1,0//1,0//1,1//2,2//1,0//1,0//1,1//4,true,true,true,true,0//1,0//1,0//1,separable
1//2,4//1,10//1,4//1,0//1,0//1,0//1,1//2,2//1,1//1,0//1,1//4,true,true,true,true,0//1,0//1,0//1,separable
1//2,4//1,10//1,4//1,0//1,0//1,0//1,1//2,2//1,2//1,0//1,1//4,true,true,true,true,0//1,0//1,0//1,separable
1//2,4//1,10//1,4//1,0//1,0//1,0//1,1//1,0//1,0//1,0//1,1//2,true,true,true,true,0//1,0//1,0//1,separable
1//2,4//1,10//1,4//1,0//1,0//1,0//1,1//1,0//1,1//1,0//1,1//2,true,true,true,true,0//1,0//1,0//1,separable
1//2,4//1,10//1,4//1,0//1,0//1,0//1,1//1,0//1,2//1,0//1,1//2,true,true,true,true,0//1,0//1,0//1,separable
1//2,4//1,10//1,4//1,0//1,0//1,0//1,1//1,1//1,0//1,0//1,1//2,true,true,true,true,0//1,0//1,0//1,separable
1//2,4//1,10//1,4//1,0//1,0//1,0//1,1//1,1//1,1//1,0//1,1//2,true,true,true,true,0//1,0//1,0//1,separable
1//2,4//1,10//1,4//1,0//1,0//1,0//1,1//1,1//1,2//1,0//1,1//2,true,true,true,true,0//1,0//1,0//1,separable
1//2,4//1,10//1,4//1,0//1,0//1,0//1,1//1,2//1,0//1,0//1,1//2,true,true,true,true,0//1,0//1,0//1,separable
1//2,4//1,10//1,4//1,0//1,0//1,0//1,1//1,2//1,1//1,0//1,1//2,true,true,true,true,0//1,0//1,0//1,separable
1//2,4//1,10//1,4//1,0//1,0//1,0//1,1//1,2//1,2//1,0//1,1//2,true,true,true,true,0//1,0//1,0//1,separable
1//2,4//1,10//1,4//1,0//1,0//1,1//2,0//1,0//1,0//1,1//4,0//1,false,false,true,true,0//1,0//1,0//1,separable
1//2,4//1,10//1,4//1,0//1,0//1,1//2,0//1,0//1,1//1,1//4,0//1,false,false,true,true,0//1,0//1,0//1,separable
1//2,4//1,10//1,4//1,0//1,0//1,1//2,0//1,0//1,2//1,1//4,0//1,false,false,true,true,0//1,0//1,0//1,separable
1//2,4//1,10//1,4//1,0//1,0//1,1//2,0//1,1//1,0//1,1//4,0//1,false,false,true,true,0//1,0//1,0//1,separable
1//2,4//1,10//1,4//1,0//1,0//1,1//2,0//1,1//1,1//1,1//4,0//1,false,false,true,true,0//1,0//1,0//1,separable
1//2,4//1,10//1,4//1,0//1,0//1,1//2,0//1,1//1,2//1,1//4,0//1,false,false,true,true,0//1,0//1,0//1,separable
1//2,4//1,10//1,4//1,0//1,0//1,1//2,0//1,2//1,0//1,1//4,0//1,false,false,true,true,0//1,0//1,0//1,separable
1//2,4//1,10//1,4//1,0//1,0//1,1//2,0//1,2//1,1//1,1//4,0//1,false,false,true,true,0//1,0//1,0//1,separable
1//2,4//1,10//1,4//1,0//1,0//1,1//2,0//1,2//1,2//1,1//4,0//1,false,false,true,true,0//1,0//1,0//1,separable
1//2,4//1,10//1,4//1,0//1,0//1,1//2,1//2,0//1,0//1,1//4,1//4,true,false,true,true,0//1,0//1,0//1,separable
1//2,4//1,10//1,4//1,0//1,0//1,1//2,1//2,0//1,1//1,1//4,1//4,true,false,true,true,0//1,0//1,0//1,separable
1//2,4//1,10//1,4//1,0//1,0//1,1//2,1//2,0//1,2//1,1//4,1//4,true,false,true,true,0//1,0//1,0//1,separable
1//2,4//1,10//1,4//1,0//1,0//1,1//2,1//2,1//1,0//1,1//4,1//4,true,false,true,true,0//1,0//1,0//1,separable
1//2,4//1,10//1,4//1,0//1,0//1,1//2,1//2,1//1,1//1,1//4,1//4,true,false,true,true,0//1,0//1,0//1,separable
1//2,4//1,10//1,4//1,0//1,0//1,1//2,1//2,1//1,2//1,1//4,1//4,true,false,true,true,0//1,0//1,0//1,separable
1//2,4//1,10//1,4//1,0//1,0//1,1//2,1//2,2//1,0//1,1//4,1//4,true,false,true,true,0//1,0//1,0//1,separable
1//2,4//1,10//1,4//1,0//1,0//1,1//2,1//2,2//1,1//1,1//4,1//4,true,false,true,true,0//1,0//1,0//1,separable
1//2,4//1,10//1,4//1,0//1,0//1,1//2,1//2,2//1,2//1,1//4,1//4,true,false,true,true,0//1,0//1,0//1,separable
1//2,4//1,10//1,4//1,0//1,0//1,1//2,1//1,0//1,0//1,1//4,1//2,true,false,true,true,0//1,0//1,0//1,separable
1//2,4//1,10//1,4//1,0//1,0//1,1//2,1//1,0//1,1//1,1//4,1//2,true,false,true,true,0//1,0//1,0//1,separable
1//2,4//1,10//1,4//1,0//1,0//1,1//2,1//1,0//1,2//1,1//4,1//2,true,false,true,true,0//1,0//1,0//1,separable
1//2,4//1,10//1,4//1,0//1,0//1,1//2,1//1,1//1,0//1,1//4,1//2,true,false,true,true,0//1,0//1,0//1,separable
1//2,4//1,10//1,4//1,0//1,0//1,1//2,1//1,1//1,1//1,1//4,1//2,true,false,true,true,0//1,0//1,0//1,separable
1//2,4//1,10//1,4//1,0//1,0//1,1//2,1//1,1//1,2//1,1//4,1//2,true,false,true,true,0//1,0//1,0//1,separable
1//2,4//1,10//1,4//1,0//1,0//1,1//2,1//1,2//1,0//1,1//4,1//2,true,false,true,true,0//1,0//1,0//1,separable
1//2,4//1,10//1,4//1,0//1,0//1,1//2,1//1,2//1,1//1,1//4,1//2,true,false,true,true,0//1,0//1,0//1,separable
1//2,4//1,10//1,4//1,0//1,0//1,1//2,1//1,2//1,2//1,1//4,1//2,true,false,true,true,0//1,0//1,0//1,separable
1//2,4//1,10//1,4//1,0//1,0//1,1//1,0//1,0//1,0//1,1//2,0//1,false,false,true,true,0//1,0//1,0//1,separable
1//2,4//1,10//1,4//1,0//1,0//1,1//1,0//1,0//1,1//1,1//2,0//1,false,false,true,true,0//1,0//1,0//1,separable
1//2,4//1,10//1,4//1,0//1,0//1,1//1,0//1,0//1,2//1,1//2,0//1,false,false,true,true,0//1,0//1,0//1,separable
1//2,4//1,10//1,4//1,0//1,0//1,1//1,0//1,1//1,0//1,1//2,0//1,false,false,true,true,0//1,0//1,0//1,separable
1//2,4//1,10//1,4//1,0//1,0//1,1//1,0//1,1//1,1//1,1//2,0//1,false,false,true,true,0//1,0//1,0//1,separable
1//2,4//1,10//1,4//1,0//1,0//1,1//1,0//1,1//1,2//1,1//2,0//1,false,false,true,true,0//1,0//1,0//1,separable
1//2,4//1,10//1,4//1,0//1,0//1,1//1,0//1,2//1,0//1,1//2,0//1,false,false,true,true,0//1,0//1,0//1,separable
1//2,4//1,10//1,4//1,0//1,0//1,1//1,0//1,2//1,1//1,1//2,0//1,false,false,true,true,0//1,0//1,0//1,separable
1//2,4//1,10//1,4//1,0//1,0//1,1//1,0//1,2//1,2//1,1//2,0//1,false,false,true,true,0//1,0//1,0//1,separable
1//2,4//1,10//1,4//1,0//1,0//1,1//1,1//2,0//1,0//1,1//2,1//4,false,false,true,true,0//1,0//1,0//1,separable
1//2,4//1,10//1,4//1,0//1,0//1,1//1,1//2,0//1,1//1,1//2,1//4,false,false,true,true,0//1,0//1,0//1,separable
1//2,4//1,10//1,4//1,0//1,0//1,1//1,1//2,0//1,2//1,1//2,1//4,false,false,true,true,0//1,0//1,0//1,separable
1//2,4//1,10//1,4//1,0//1,0//1,1//1,1//2,1//1,0//1,1//2,1//4,false,false,true,true,0//1,0//1,0//1,separable
1//2,4//1,10//1,4//1,0//1,0//1,1//1,1//2,1//1,1//1,1//2,1//4,false,false,true,true,0//1,0//1,0//1,separable
1//2,4//1,10//1,4//1,0//1,0//1,1//1,1//2,1//1,2//1,1//2,1//4,false,false,true,true,0//1,0//1,0//1,separable
1//2,4//1,10//1,4//1,0//1,0//1,1//1,1//2,2//1,0//1,1//2,1//4,false,false,true,true,0//1,0//1,0//1,separable
1//2,4//1,10//1,4//1,0//1,0//1,1//1,1//2,2//1,1//1,1//2,1//4,false,false,true,true,0//1,0//1,0//1,separable
1//2,4//1,10//1,4//1,0//1,0//1,1//1,1//2,2//1,2//1,1//2,1//4,false,false,true,true,0//1,0//1,0//1,separable
1//2,4//1,10//1,4//1,0//1,0//1,1//1,1//1,0//1,0//1,1//2,1//2,true,false,true,true,0//1,0//1,0//1,separable
1//2,4//1,10//1,4//1,0//1,0//1,1//1,1//1,0//1,1//1,1//2,1//2,true,false,true,true,0//1,0//1,0//1,separable
1//2,4//1,10//1,4//1,0//1,0//1,1//1,1//1,0//1,2//1,1//2,1//2,true,false,true,true,0//1,0//1,0//1,separable
1//2,4//1,10//1,4//1,0//1,0//1,1//1,1//1,1//1,0//1,1//2,1//2,true,false,true,true,0//1,0//1,0//1,separable
1//2,4//1,10//1,4//1,0//1,0//1,1//1,1//1,1//1,1//1,1//2,1//2,true,false,true,true,0//1,0//1,0//1,separable
1//2,4//1,10//1,4//1,0//1,0//1,1//1,1//1,1//1,2//1,1//2,1//2,true,false,true,true,0//1,0//1,0//1,separable
1//2,4//1,10//1,4//1,0//1,0//1,1//1,1//1,2//1,0//1,1//2,1//2,true,false,true,true,0//1,0//1,0//1,separable
1//2,4//1,10//1,4//1,0//1,0//1,1//1,1//1,2//1,1//1,1//2,1//2,true,false,true,true,0//1,0//1,0//1,separable
1//2,4//1,10//1,4//1,0//1,0//1,1//1,1//1,2//1,2//1,1//2,1//2,true,false,true,true,0//1,0//1,0//1,separable
1//2,4//1,10//1,10//1,6//1,0//1,0//1,0//1,0//1,0//1,0//1,0//1,true,true,true,true,0//1,0//1,0//1,separable
1//2,4//1,10//1,10//1,6//1,0//1,0//1,0//1,0//1,1//1,0//1,0//1,true,true,true,true,0//1,0//1,0//1,separable
1//2,4//1,10//1,10//1,6//1,0//1,0//1,0//1,0//1,2//1,0//1,0//1,true,true,true,true,0//1,0//1,0//1,separable
1//2,4//1,10//1,10//1,6//1,0//1,0//1,0//1,1//1,0//1,0//1,0//1,true,true,true,true,0//1,0//1,0//1,separable
1//2,4//1,10//1,10//1,6//1,0//1,0//1,0//1,1//1,1//1,0//1,0//1,true,true,true,true,0//1,0//1,0//1,separable
1//2,4//1,10//1,10//1,6//1,0//1,0//1,0//1,1//1,2//1,0//1,0//1,true,true,true,true,0//1,0//1,0//1,separable
1//2,4//1,10//1,10//1,6//1,0//1,0//1,0//1,2//1,0//1,0//1,0//1,true,true,true,true,0//1,0//1,0//1,separable
1//2,4//1,10//1,10//1,6//1,0//1,0//1,0//1,2//1,1//1,0//1,0//1,true,true,true,true,0//1,0//1,0//1,separable
1//2,4//1,10//1,10//1,6//1,0//1,0//1,0//1,2//1,2//1,0//1,0//1,true,true,true,true,0//1,0//1,0//1,separable
1//2,4//1,10//1,10//1,6//1,0//1,0//1,1//2,0//1,0//1,0//1,1//4,true,true,true,true,3//2,0//1,-3//2,substitutes
1//2,4//1,10//1,10//1,6//1,0//1,0//1,1//2,0//1,1//1,0//1,1//4,true,true,true,true,1//2,0//1,-1//2,substitutes
1//2,4//1,10//1,10//1,6//1,0//1,0//1,1//2,0//1,2//1,0//1,1//4,true,true,true,true,0//1,0//1,0//1,separable
1//2,4//1,10//1,10//1,6//1,0//1,0//1,1//2,1//1,0//1,0//1,1//4,true,true,true,true,3//2,0//1,-3//2,substitutes
1//2,4//1,10//1,10//1,6//1,0//1,0//1,1//2,1//1,1//1,0//1,1//4,true,true,true,true,1//2,0//1,-1//2,substitutes
1//2,4//1,10//1,10//1,6//1,0//1,0//1,1//2,1//1,2//1,0//1,1//4,true,true,true,true,0//1,0//1,0//1,separable
1//2,4//1,10//1,10//1,6//1,0//1,0//1,1//2,2//1,0//1,0//1,1//4,true,true,true,true,3//2,0//1,-3//2,substitutes
1//2,4//1,10//1,10//1,6//1,0//1,0//1,1//2,2//1,1//1,0//1,1//4,true,true,true,true,1//2,0//1,-1//2,substitutes
1//2,4//1,10//1,10//1,6//1,0//1,0//1,1//2,2//1,2//1,0//1,1//4,true,true,true,true,0//1,0//1,0//1,separable
1//2,4//1,10//1,10//1,6//1,0//1,0//1,1//1,0//1,0//1,0//1,1//2,true,true,true,true,3//1,0//1,-3//1,substitutes
1//2,4//1,10//1,10//1,6//1,0//1,0//1,1//1,0//1,1//1,0//1,1//2,true,true,true,true,2//1,0//1,-2//1,substitutes
1//2,4//1,10//1,10//1,6//1,0//1,0//1,1//1,0//1,2//1,0//1,1//2,true,true,true,true,1//1,0//1,-1//1,substitutes
1//2,4//1,10//1,10//1,6//1,0//1,0//1,1//1,1//1,0//1,0//1,1//2,true,true,true,true,3//1,0//1,-3//1,substitutes
1//2,4//1,10//1,10//1,6//1,0//1,0//1,1//1,1//1,1//1,0//1,1//2,true,true,true,true,2//1,0//1,-2//1,substitutes
1//2,4//1,10//1,10//1,6//1,0//1,0//1,1//1,1//1,2//1,0//1,1//2,true,true,true,true,1//1,0//1,-1//1,substitutes
1//2,4//1,10//1,10//1,6//1,0//1,0//1,1//1,2//1,0//1,0//1,1//2,true,true,true,true,3//1,0//1,-3//1,substitutes
1//2,4//1,10//1,10//1,6//1,0//1,0//1,1//1,2//1,1//1,0//1,1//2,true,true,true,true,2//1,0//1,-2//1,substitutes
1//2,4//1,10//1,10//1,6//1,0//1,0//1,1//1,2//1,2//1,0//1,1//2,true,true,true,true,1//1,0//1,-1//1,substitutes
1//2,4//1,10//1,10//1,6//1,0//1,1//2,0//1,0//1,0//1,1//4,0//1,false,false,true,false,0//1,0//1,0//1,separable
1//2,4//1,10//1,10//1,6//1,0//1,1//2,0//1,0//1,1//1,1//4,0//1,false,false,true,false,0//1,0//1,0//1,separable
1//2,4//1,10//1,10//1,6//1,0//1,1//2,0//1,0//1,2//1,1//4,0//1,false,false,true,false,0//1,0//1,0//1,separable
1//2,4//1,10//1,10//1,6//1,0//1,1//2,0//1,1//1,0//1,1//4,0//1,false,false,true,false,0//1,0//1,0//1,separable
1//2,4//1,10//1,10//1,6//1,0//1,1//2,0//1,1//1,1//1,1//4,0//1,false,false,true,false,0//1,0//1,0//1,separable
1//2,4//1,10//1,10//1,6//1,0//1,1//2,0//1,1//1,2//1,1//4,0//1,false,false,true,false,0//1,0//1,0//1,separable
1//2,4//1,10//1,10//1,6//1,0//1,1//2,0//1,2//1,0//1,1//4,0//1,false,false,true,false,0//1,0//1,0//1,separable
1//2,4//1,10//1,10//1,6//1,0//1,1//2,0//1,2//1,1//1,1//4,0//1,false,false,true,false,0//1,0//1,0//1,separable
1//2,4//1,10//1,10//1,6//1,0//1,1//2,0//1,2//1,2//1,1//4,0//1,false,false,true,false,0//1,0//1,0//1,separable
1//2,4//1,10//1,10//1,6//1,0//1,1//2,1//2,0//1,0//1,1//4,1//4,true,false,true,false,0//1,0//1,0//1,separable
1//2,4//1,10//1,10//1,6//1,0//1,1//2,1//2,0//1,1//1,1//4,1//4,true,false,true,false,0//1,0//1,0//1,separable
1//2,4//1,10//1,10//1,6//1,0//1,1//2,1//2,0//1,2//1,1//4,1//4,true,false,true,false,0//1,0//1,0//1,separable
1//2,4//1,10//1,10//1,6//1,0//1,1//2,1//2,1//1,0//1,1//4,1//4,true,false,true,false,1//1,0//1,-1//1,substitutes
1//2,4//1,10//1,10//1,6//1,0//1,1//2,1//2,1//1,1//1,1//4,1//4,true,false,true,false,0//1,0//1,0//1,separable
1//2,4//1,10//1,10//1,6//1,0//1,1//2,1//2,1//1,2//1,1//4,1//4,true,false,true,false,0//1,0//1,0//1,separable
1//2,4//1,10//1,10//1,6//1,0//1,1//2,1//2,2//1,0//1,1//4,1//4,true,false,true,false,3//2,0//1,-3//2,substitutes
1//2,4//1,10//1,10//1,6//1,0//1,1//2,1//2,2//1,1//1,1//4,1//4,true,false,true,false,1//2,0//1,-1//2,substitutes
1//2,4//1,10//1,10//1,6//1,0//1,1//2,1//2,2//1,2//1,1//4,1//4,true,false,true,false,0//1,0//1,0//1,separable
1//2,4//1,10//1,10//1,6//1,0//1,1//2,1//1,0//1,0//1,1//4,1//2,true,false,true,false,3//2,0//1,-3//2,substitutes
1//2,4//1,10//1,10//1,6//1,0//1,1//2,1//1,0//1,1//1,1//4,1//2,true,false,true,false,1//2,0//1,-1//2,substitutes
1//2,4//1,10//1,10//1,6//1,0//1,1//2,1//1,0//1,2//1,1//4,1//2,true,false,true,false,0//1,0//1,0//1,separable
1//2,4//1,10//1,10//1,6//1,0//1,1//2,1//1,1//1,0//1,1//4,1//2,true,false,true,false,5//2,0//1,-5//2,substitutes
1//2,4//1,10//1,10//1,6//1,0//1,1//2,1//1,1//1,1//1,1//4,1//2,true,false,true,false,3//2,0//1,-3//2,substitutes
1//2,4//1,10//1,10//1,6//1,0//1,1//2,1//1,1//1,2//1,1//4,1//2,true,false,true,false,1//2,0//1,-1//2,substitutes
1//2,4//1,10//1,10//1,6//1,0//1,1//2,1//1,2//1,0//1,1//4,1//2,true,false,true,false,3//1,0//1,-3//1,substitutes
1//2,4//1,10//1,10//1,6//1,0//1,1//2,1//1,2//1,1//1,1//4,1//2,true,false,true,false,2//1,0//1,-2//1,substitutes
1//2,4//1,10//1,10//1,6//1,0//1,1//2,1//1,2//1,2//1,1//4,1//2,true,false,true,false,1//1,0//1,-1//1,substitutes
1//2,4//1,10//1,10//1,6//1,0//1,1//1,0//1,0//1,0//1,1//2,0//1,false,false,true,false,0//1,0//1,0//1,separable
1//2,4//1,10//1,10//1,6//1,0//1,1//1,0//1,0//1,1//1,1//2,0//1,false,false,true,false,0//1,0//1,0//1,separable
1//2,4//1,10//1,10//1,6//1,0//1,1//1,0//1,0//1,2//1,1//2,0//1,false,false,true,false,0//1,0//1,0//1,separable
1//2,4//1,10//1,10//1,6//1,0//1,1//1,0//1,1//1,0//1,1//2,0//1,false,false,true,false,0//1,0//1,0//1,separable
1//2,4//1,10//1,10//1,6//1,0//1,1//1,0//1,1//1,1//1,1//2,0//1,false,false,true,false,0//1,0//1,0//1,separable
1//2,4//1,10//1,10//1,6//1,0//1,1//1,0//1,1//1,2//1,1//2,0//1,false,false,true,false,0//1,0//1,0//1,separable
1//2,4//1,10//1,10//1,6//1,0//1,1//1,0//1,2//1,0//1,1//2,0//1,false,false,true,false,0//1,0//1,0//1,separable
1//2,4//1,10//1,10//1,6//1,0//1,1//1,0//1,2//1,1//1,1//2,0//1,false,false,true,false,0//1,0//1,0//1,separable
1//2,4//1,10//1,10//1,6//1,0//1,1//1,0//1,2//1,2//1,1//2,0//1,false,false,true,false,0//1,0//1,0//1,separable
1//2,4//1,10//1,10//1,6//1,0//1,1//1,1//2,0//1,0//1,1//2,1//4,false,false,true,false,0//1,0//1,0//1,separable
1//2,4//1,10//1,10//1,6//1,0//1,1//1,1//2,0//1,1//1,1//2,1//4,false,false,true,false,0//1,0//1,0//1,separable
1//2,4//1,10//1,10//1,6//1,0//1,1//1,1//2,0//1,2//1,1//2,1//4,false,false,true,false,0//1,0//1,0//1,separable
1//2,4//1,10//1,10//1,6//1,0//1,1//1,1//2,1//1,0//1,1//2,1//4,false,false,true,false,0//1,0//1,0//1,separable
1//2,4//1,10//1,10//1,6//1,0//1,1//1,1//2,1//1,1//1,1//2,1//4,false,false,true,false,0//1,0//1,0//1,separable
1//2,4//1,10//1,10//1,6//1,0//1,1//1,1//2,1//1,2//1,1//2,1//4,false,false,true,false,0//1,0//1,0//1,separable
1//2,4//1,10//1,10//1,6//1,0//1,1//1,1//2,2//1,0//1,1//2,1//4,false,false,true,false,1//2,0//1,-1//2,substitutes
1//2,4//1,10//1,10//1,6//1,0//1,1//1,1//2,2//1,1//1,1//2,1//4,false,false,true,false,0//1,0//1,0//1,separable
1//2,4//1,10//1,10//1,6//1,0//1,1//1,1//2,2//1,2//1,1//2,1//4,false,false,true,false,0//1,0//1,0//1,separable
1//2,4//1,10//1,10//1,6//1,0//1,1//1,1//1,0//1,0//1,1//2,1//2,true,false,true,false,0//1,0//1,0//1,separable
1//2,4//1,10//1,10//1,6//1,0//1,1//1,1//1,0//1,1//1,1//2,1//2,true,false,true,false,0//1,0//1,0//1,separable
1//2,4//1,10//1,10//1,6//1,0//1,1//1,1//1,0//1,2//1,1//2,1//2,true,false,true,false,0//1,0//1,0//1,separable
1//2,4//1,10//1,10//1,6//1,0//1,1//1,1//1,1//1,0//1,1//2,1//2,true,false,true,false,1//1,0//1,-1//1,substitutes
1//2,4//1,10//1,10//1,6//1,0//1,1//1,1//1,1//1,1//1,1//2,1//2,true,false,true,false,0//1,0//1,0//1,separable
1//2,4//1,10//1,10//1,6//1,0//1,1//1,1//1,1//1,2//1,1//2,1//2,true,false,true,false,0//1,0//1,0//1,separable
1//2,4//1,10//1,10//1,6//1,0//1,1//1,1//1,2//1,0//1,1//2,1//2,true,false,true,false,2//1,0//1,-2//1,substitutes
1//2,4//1,10//1,10//1,6//1,0//1,1//1,1//1,2//1,1//1,1//2,1//2,true,false,true,false,1//1,0//1,-1//1,substitutes
1//2,4//1,10//1,10//1,6//1,0//1,1//1,1//1,2//1,2//1,1//2,1//2,true,false,true,false,0//1,0//1,0//1,separable
1//2,6//1,8//1,4//1,0//1,0//1,0//1,0//1,0//1,0//1,0//1,0//1,true,true,true,true,0//1,0//1,0//1,separable
1//2,6//1,8//1,4//1,0//1,0//1,0//1,0//1,0//1,1//1,0//1,0//1,true,true,true,true,0//1,0//1,0//1,separable
1//2,6//1,8//1,4//1,0//1,0//1,0//1,0//1,0//1,2//1,0//1,0//1,true,true,true,true,0//1,0//1,0//1,separable
1//2,6//1,8//1,4//1,0//1,0//1,0//1,0//1,1//1,0//1,0//1,0//1,true,true,true,true,0//1,0//1,0//1,separable
1//2,6//1,8//1,4//1,0//1,0//1,0//1,0//1,1//1,1//1,0//1,0//1,true,true,true,true,0//1,0//1,0//1,separable
1//2,6//1,8//1,4//1,0//1,0//1,0//1,0//1,1//1,2//1,0//1,0//1,true,true,true,true,0//1,0//1,0//1,separable
1//2,6//1,8//1,4//1,0//1,0//1,0//1,0//1,2//1,0//1,0//1,0//1,true,true,true,true,0//1,0//1,0//1,separable
1//2,6//1,8//1,4//1,0//1,0//1,0//1,0//1,2//1,1//1,0//1,0//1,true,true,true,true,0//1,0//1,0//1,separable
1//2,6//1,8//1,4//1,0//1,0//1,0//1,0//1,2//1,2//1,0//1,0//1,true,true,true,true,0//1,0//1,0//1,separable
1//2,6//1,8//1,4//1,0//1,0//1,0//1,1//2,0//1,0//1,0//1,1//4,true,true,true,true,0//1,0//1,0//1,separable
1//2,6//1,8//1,4//1,0//1,0//1,0//1,1//2,0//1,1//1,0//1,1//4,true,true,true,true,0//1,0//1,0//1,separable
1//2,6//1,8//1,4//1,0//1,0//1,0//1,1//2,0//1,2//1,0//1,1//4,true,true,true,true,0//1,0//1,0//1,separable
1//2,6//1,8//1,4//1,0//1,0//1,0//1,1//2,1//1,0//1,0//1,1//4,true,true,true,true,0//1,0//1,0//1,separable
1//2,6//1,8//1,4//1,0//1,0//1,0//1,1//2,1//1,1//1,0//1,1//4,true,true,true,true,0//1,0//1,0//1,separable
1//2,6//1,8//1,4//1,0//1,0//1,0//1,1//2,1//1,2//1,0//1,1//4,true,true,true,true,0//1,0//1,0//1,separable
1//2,6//1,8//1,4//1,0//1,0//1,0//1,1//2,2//1,0//1,0//1,1//4,true,true,true,true,0//1,0//1,0//1,separable
1//2,6//1,8//1,4//1,0//1,0//1,0//1,1//2,2//1,1//1,0//1,1//4,true,true,true,true,0//1,0//1,0//1,separable
1//2,6//1,8//1,4//1,0//1,0//1,0//1,1//2,2//1,2//1,0//1,1//4,true,true,true,true,0//1,0//1,0//1,separable
1//2,6//1,8//1,4//1,0//1,0//1,0//1,1//1,0//1,0//1,0//1,1//2,true,true,true,true,0//1,0//1,0//1,separable
1//2,6//1,8//1,4//1,0//1,0//1,0//1,1//1,0//1,1//1,0//1,1//2,true,true,true,true,0//1,0//1,0//1,separable
1//2,6//1,8//1,4//1,0//1,0//1,0//1,1//1,0//1,2//1,0//1,1//2,true,true,true,true,0//1,0//1,0//1,separable
1//2,6//1,8//1,4//1,0//1,0//1,0//1,1//1,1//1,0//1,0//1,1//2,true,true,true,true,0//1,0//1,0//1,separable
1//2,6//1,8//1,4//1,0//1,0//1,0//1,1//1,1//1,1//1,0//1,1//2,true,true,true,true,0//1,0//1,0//1,separable
1//2,6//1,8//1,4//1,0//1,0//1,0//1,1//1,1//1,2//1,0//1,1//2,true,true,true,true,0//1,0//1,0//1,separable
1//2,6//1,8//1,4//1,0//1,0//1,0//1,1//1,2//1,0//1,0//1,1//2,true,true,true,true,0//1,0//1,0//1,separable
1//2,6//1,8//1,4//1,0//1,0//1,0//1,1//1,2//1,1//1,0//1,1//2,true,true,true,true,0//1,0//1,0//1,separable
1//2,6//1,8//1,4//1,0//1,0//1,0//1,1//1,2//1,2//1,0//1,1//2,true,true,true,true,0//1,0//1,0//1,separable
1//2,6//1,8//1,4//1,0//1,0//1,1//2,0//1,0//1,0//1,1//4,0//1,false,false,true,true,0//1,0//1,0//1,separable
1//2,6//1,8//1,4//1,0//1,0//1,1//2,0//1,0//1,1//1,1//4,0//1,false,false,true,true,0//1,0//1,0//1,separable
1//2,6//1,8//1,4//1,0//1,0//1,1//2,0//1,0//1,2//1,1//4,0//1,false,false,true,true,0//1,0//1,0//1,separable
1//2,6//1,8//1,4//1,0//1,0//1,1//2,0//1,1//1,0//1,1//4,0//1,false,false,true,true,0//1,0//1,0//1,separable
1//2,6//1,8//1,4//1,0//1,0//1,1//2,0//1,1//1,1//1,1//4,0//1,false,false,true,true,0//1,0//1,0//1,separable
1//2,6//1,8//1,4//1,0//1,0//1,1//2,0//1,1//1,2//1,1//4,0//1,false,false,true,true,0//1,0//1,0//1,separable
1//2,6//1,8//1,4//1,0//1,0//1,1//2,0//1,2//1,0//1,1//4,0//1,false,false,true,true,0//1,0//1,0//1,separable
1//2,6//1,8//1,4//1,0//1,0//1,1//2,0//1,2//1,1//1,1//4,0//1,false,false,true,true,0//1,0//1,0//1,separable
1//2,6//1,8//1,4//1,0//1,0//1,1//2,0//1,2//1,2//1,1//4,0//1,false,false,true,true,0//1,0//1,0//1,separable
1//2,6//1,8//1,4//1,0//1,0//1,1//2,1//2,0//1,0//1,1//4,1//4,true,false,true,true,0//1,0//1,0//1,separable
1//2,6//1,8//1,4//1,0//1,0//1,1//2,1//2,0//1,1//1,1//4,1//4,true,false,true,true,0//1,0//1,0//1,separable
1//2,6//1,8//1,4//1,0//1,0//1,1//2,1//2,0//1,2//1,1//4,1//4,true,false,true,true,0//1,0//1,0//1,separable
1//2,6//1,8//1,4//1,0//1,0//1,1//2,1//2,1//1,0//1,1//4,1//4,true,false,true,true,0//1,0//1,0//1,separable
1//2,6//1,8//1,4//1,0//1,0//1,1//2,1//2,1//1,1//1,1//4,1//4,true,false,true,true,0//1,0//1,0//1,separable
1//2,6//1,8//1,4//1,0//1,0//1,1//2,1//2,1//1,2//1,1//4,1//4,true,false,true,true,0//1,0//1,0//1,separable
1//2,6//1,8//1,4//1,0//1,0//1,1//2,1//2,2//1,0//1,1//4,1//4,true,false,true,true,0//1,0//1,0//1,separable
1//2,6//1,8//1,4//1,0//1,0//1,1//2,1//2,2//1,1//1,1//4,1//4,true,false,true,true,0//1,0//1,0//1,separable
1//2,6//1,8//1,4//1,0//1,0//1,1//2,1//2,2//1,2//1,1//4,1//4,true,false,true,true,0//1,0//1,0//1,separable
1//2,6//1,8//1,4//1,0//1,0//1,1//2,1//1,0//1,0//1,1//4,1//2,true,false,true,true,0//1,0//1,0//1,separable
1//2,6//1,8//1,4//1,0//1,0//1,1//2,1//1,0//1,1//1,1//4,1//2,true,false,true,true,0//1,0//1,0//1,separable
1//2,6//1,8//1,4//1,0//1,0//1,1//2,1//1,0//1,2//1,1//4,1//2,true,false,true,true,0//1,0//1,0//1,separable
1//2,6//1,8//1,4//1,0//1,0//1,1//2,1//1,1//1,0//1,1//4,1//2,true,false,true,true,0//1,0//1,0//1,separable
1//2,6//1,8//1,4//1,0//1,0//1,1//2,1//1,1//1,1//1,1//4,1//2,true,false,true,true,0//1,0//1,0//1,separable
1//2,6//1,8//1,4//1,0//1,0//1,1//2,1//1,1//1,2//1,1//4,1//2,true,false,true,true,0//1,0//1,0//1,separable
1//2,6//1,8//1,4//1,0//1,0//1,1//2,1//1,2//1,0//1,1//4,1//2,true,false,true,true,0//1,0//1,0//1,separable
1//2,6//1,8//1,4//1,0//1,0//1,1//2,1//1,2//1,1//1,1//4,1//2,true,false,true,true,0//1,0//1,0//1,separable
1//2,6//1,8//1,4//1,0//1,0//1,1//2,1//1,2//1,2//1,1//4,1//2,true,false,true,true,0//1,0//1,0//1,separable
1//2,6//1,8//1,4//1,0//1,0//1,1//1,0//1,0//1,0//1,1//2,0//1,false,false,true,true,0//1,0//1,0//1,separable
1//2,6//1,8//1,4//1,0//1,0//1,1//1,0//1,0//1,1//1,1//2,0//1,false,false,true,true,0//1,0//1,0//1,separable
1//2,6//1,8//1,4//1,0//1,0//1,1//1,0//1,0//1,2//1,1//2,0//1,false,false,true,true,0//1,0//1,0//1,separable
1//2,6//1,8//1,4//1,0//1,0//1,1//1,0//1,1//1,0//1,1//2,0//1,false,false,true,true,0//1,0//1,0//1,separable
1//2,6//1,8//1,4//1,0//1,0//1,1//1,0//1,1//1,1//1,1//2,0//1,false,false,true,true,0//1,0//1,0//1,separable
1//2,6//1,8//1,4//1,0//1,0//1,1//1,0//1,1//1,2//1,1//2,0//1,false,false,true,true,0//1,0//1,0//1,separable
1//2,6//1,8//1,4//1,0//1,0//1,1//1,0//1,2//1,0//1,1//2,0//1,false,false,true,true,0//1,0//1,0//1,separable
1//2,6//1,8//1,4//1,0//1,0//1,1//1,0//1,2//1,1//1,1//2,0//1,false,false,true,true,0//1,0//1,0//1,separable
1//2,6//1,8//1,4//1,0//1,0//1,1//1,0//1,2//1,2//1,1//2,0//1,false,false,true,true,0//1,0//1,0//1,separable
1//2,6//1,8//1,4//1,0//1,0//1,1//1,1//2,0//1,0//1,1//2,1//4,false,false,true,true,0//1,0//1,0//1,separable
1//2,6//1,8//1,4//1,0//1,0//1,1//1,1//2,0//1,1//1,1//2,1//4,false,false,true,true,0//1,0//1,0//1,separable
1//2,6//1,8//1,4//1,0//1,0//1,1//1,1//2,0//1,2//1,1//2,1//4,false,false,true,true,0//1,0//1,0//1,separable
1//2,6//1,8//1,4//1,0//1,0//1,1//1,1//2,1//1,0//1,1//2,1//4,false,false,true,true,0//1,0//1,0//1,separable
1//2,6//1,8//1,4//1,0//1,0//1,1//1,1//2,1//1,1//1,1//2,1//4,false,false,true,true,0//1,0//1,0//1,separable
1//2,6//1,8//1,4//1,0//1,0//1,1//1,1//2,1//1,2//1,1//2,1//4,false,false,true,true,0//1,0//1,0//1,separable
1//2,6//1,8//1,4//1,0//1,0//1,1//1,1//2,2//1,0//1,1//2,1//4,false,false,true,true,0//1,0//1,0//1,separable
1//2,6//1,8//1,4//1,0//1,0//1,1//1,1//2,2//1,1//1,1//2,1//4,false,false,true,true,0//1,0//1,0//1,separable
1//2,6//1,8//1,4//1,0//1,0//1,1//1,1//2,2//1,2//1,1//2,1//4,false,false,true,true,0//1,0//1,0//1,separable
1//2,6//1,8//1,4//1,0//1,0//1,1//1,1//1,0//1,0//1,1//2,1//2,true,false,true,true,0//1,0//1,0//1,separable
1//2,6//1,8//1,4//1,0//1,0//1,1//1,1//1,0//1,1//1,1//2,1//2,true,false,true,true,0//1,0//1,0//1,separable
1//2,6//1,8//1,4//1,0//1,0//1,1//1,1//1,0//1,2//1,1//2,1//2,true,false,true,true,0//1,0//1,0//1,separable
1//2,6//1,8//1,4//1,0//1,0//1,1//1,1//1,1//1,0//1,1//2,1//2,true,false,true,true,0//1,0//1,0//1,separable
1//2,6//1,8//1,4//1,0//1,0//1,1//1,1//1,1//1,1//1,1//2,1//2,true,false,true,true,0//1,0//1,0//1,separable
1//2,6//1,8//1,4//1,0//1,0//1,1//1,1//1,1//1,2//1,1//2,1//2,true,false,true,true,0//1,0//1,0//1,separable
1//2,6//1,8//1,4//1,0//1,0//1,1//1,1//1,2//1,0//1,1//2,1//2,true,false,true,true,0//1,0//1,0//1,separable
1//2,6//1,8//1,4//1,0//1,0//1,1//1,1//1,2//1,1//1,1//2,1//2,true,false,true,true,0//1,0//1,0//1,separable
1//2,6//1,8//1,4//1,0//1,0//1,1//1,1//1,2//1,2//1,1//2,1//2,true,false,true,true,0//1,0//1,0//1,separable
1//2,6//1,8//1,10//1,4//1,2//1,0//1,0//1,0//1,0//1,0//1,0//1,true,true,true,true,0//1,0//1,0//1,separable
1//2,6//1,8//1,10//1,4//1,2//1,0//1,0//1,0//1,1//1,0//1,0//1,true,true,true,true,0//1,0//1,0//1,separable
1//2,6//1,8//1,10//1,4//1,2//1,0//1,0//1,0//1,2//1,0//1,0//1,true,true,true,true,0//1,0//1,0//1,separable
1//2,6//1,8//1,10//1,4//1,2//1,0//1,0//1,1//1,0//1,0//1,0//1,true,true,true,true,0//1,0//1,0//1,separable
1//2,6//1,8//1,10//1,4//1,2//1,0//1,0//1,1//1,1//1,0//1,0//1,true,true,true,true,0//1,0//1,0//1,separable
1//2,6//1,8//1,10//1,4//1,2//1,0//1,0//1,1//1,2//1,0//1,0//1,true,true,true,true,0//1,0//1,0//1,separable
1//2,6//1,8//1,10//1,4//1,2//1,0//1,0//1,2//1,0//1,0//1,0//1,true,true,true,true,0//1,0//1,0//1,separable
1//2,6//1,8//1,10//1,4//1,2//1,0//1,0//1,2//1,1//1,0//1,0//1,true,true,true,true,0//1,0//1,0//1,separable
1//2,6//1,8//1,10//1,4//1,2//1,0//1,0//1,2//1,2//1,0//1,0//1,true,true,true,true,0//1,0//1,0//1,separable
1//2,6//1,8//1,10//1,4//1,2//1,0//1,1//2,0//1,0//1,0//1,1//4,true,true,true,true,1//1,1//2,-1//2,substitutes
1//2,6//1,8//1,10//1,4//1,2//1,0//1,1//2,0//1,1//1,0//1,1//4,true,true,true,true,0//1,0//1,0//1,separable
1//2,6//1,8//1,10//1,4//1,2//1,0//1,1//2,0//1,2//1,0//1,1//4,true,true,true,true,0//1,0//1,0//1,separable
1//2,6//1,8//1,10//1,4//1,2//1,0//1,1//2,1//1,0//1,0//1,1//4,true,true,true,true,1//1,1//2,-1//2,substitutes
1//2,6//1,8//1,10//1,4//1,2//1,0//1,1//2,1//1,1//1,0//1,1//4,true,true,true,true,0//1,0//1,0//1,separable
1//2,6//1,8//1,10//1,4//1,2//1,0//1,1//2,1//1,2//1,0//1,1//4,true,true,true,true,0//1,0//1,0//1,separable
1//2,6//1,8//1,10//1,4//1,2//1,0//1,1//2,2//1,0//1,0//1,1//4,true,true,true,true,1//1,1//2,-1//2,substitutes
1//2,6//1,8//1,10//1,4//1,2//1,0//1,1//2,2//1,1//1,0//1,1//4,true,true,true,true,0//1,0//1,0//1,separable
1//2,6//1,8//1,10//1,4//1,2//1,0//1,1//2,2//1,2//1,0//1,1//4,true,true,true,true,0//1,0//1,0//1,separable
1//2,6//1,8//1,10//1,4//1,2//1,0//1,1//1,0//1,0//1,0//1,1//2,true,true,true,true,2//1,1//1,-1//1,substitutes
1//2,6//1,8//1,10//1,4//1,2//1,0//1,1//1,0//1,1//1,0//1,1//2,true,true,true,true,1//1,0//1,-1//1,substitutes
1//2,6//1,8//1,10//1,4//1,2//1,0//1,1//1,0//1,2//1,0//1,1//2,true,true,true,true,0//1,0//1,0//1,separable
1//2,6//1,8//1,10//1,4//1,2//1,0//1,1//1,1//1,0//1,0//1,1//2,true,true,true,true,2//1,1//1,-1//1,substitutes
1//2,6//1,8//1,10//1,4//1,2//1,0//1,1//1,1//1,1//1,0//1,1//2,true,true,true,true,1//1,0//1,-1//1,substitutes
1//2,6//1,8//1,10//1,4//1,2//1,0//1,1//1,1//1,2//1,0//1,1//2,true,true,true,true,0//1,0//1,0//1,separable
1//2,6//1,8//1,10//1,4//1,2//1,0//1,1//1,2//1,0//1,0//1,1//2,true,true,true,true,2//1,1//1,-1//1,substitutes
1//2,6//1,8//1,10//1,4//1,2//1,0//1,1//1,2//1,1//1,0//1,1//2,true,true,true,true,1//1,0//1,-1//1,substitutes
1//2,6//1,8//1,10//1,4//1,2//1,0//1,1//1,2//1,2//1,0//1,1//2,true,true,true,true,0//1,0//1,0//1,separable
1//2,6//1,8//1,10//1,4//1,2//1,1//2,0//1,0//1,0//1,1//4,0//1,false,false,true,false,0//1,0//1,0//1,separable
1//2,6//1,8//1,10//1,4//1,2//1,1//2,0//1,0//1,1//1,1//4,0//1,false,false,true,false,0//1,0//1,0//1,separable
1//2,6//1,8//1,10//1,4//1,2//1,1//2,0//1,0//1,2//1,1//4,0//1,false,false,true,false,0//1,0//1,0//1,separable
1//2,6//1,8//1,10//1,4//1,2//1,1//2,0//1,1//1,0//1,1//4,0//1,false,false,true,false,0//1,0//1,0//1,separable
1//2,6//1,8//1,10//1,4//1,2//1,1//2,0//1,1//1,1//1,1//4,0//1,false,false,true,false,0//1,0//1,0//1,separable
1//2,6//1,8//1,10//1,4//1,2//1,1//2,0//1,1//1,2//1,1//4,0//1,false,false,true,false,0//1,0//1,0//1,separable
1//2,6//1,8//1,10//1,4//1,2//1,1//2,0//1,2//1,0//1,1//4,0//1,false,false,true,false,0//1,0//1,0//1,separable
1//2,6//1,8//1,10//1,4//1,2//1,1//2,0//1,2//1,1//1,1//4,0//1,false,false,true,false,0//1,0//1,0//1,separable
1//2,6//1,8//1,10//1,4//1,2//1,1//2,0//1,2//1,2//1,1//4,0//1,false,false,true,false,0//1,0//1,0//1,separable
1//2,6//1,8//1,10//1,4//1,2//1,1//2,1//2,0//1,0//1,1//4,1//4,true,false,true,false,0//1,0//1,0//1,separable
1//2,6//1,8//1,10//1,4//1,2//1,1//2,1//2,0//1,1//1,1//4,1//4,true,false,true,false,0//1,0//1,0//1,separable
1//2,6//1,8//1,10//1,4//1,2//1,1//2,1//2,0//1,2//1,1//4,1//4,true,false,true,false,0//1,0//1,0//1,separable
1//2,6//1,8//1,10//1,4//1,2//1,1//2,1//2,1//1,0//1,1//4,1//4,true,false,true,false,1//1,1//2,-1//2,substitutes
1//2,6//1,8//1,10//1,4//1,2//1,1//2,1//2,1//1,1//1,1//4,1//4,true,false,true,false,0//1,0//1,0//1,separable
1//2,6//1,8//1,10//1,4//1,2//1,1//2,1//2,1//1,2//1,1//4,1//4,true,false,true,false,0//1,0//1,0//1,separable
1//2,6//1,8//1,10//1,4//1,2//1,1//2,1//2,2//1,0//1,1//4,1//4,true,false,true,false,1//1,1//2,-1//2,substitutes
1//2,6//1,8//1,10//1,4//1,2//1,1//2,1//2,2//1,1//1,1//4,1//4,true,false,true,false,0//1,0//1,0//1,separable
1//2,6//1,8//1,10//1,4//1,2//1,1//2,1//2,2//1,2//1,1//4,1//4,true,false,true,false,0//1,0//1,0//1,separable
1//2,6//1,8//1,10//1,4//1,2//1,1//2,1//1,0//1,0//1,1//4,1//2,true,false,true,false,1//1,1//2,-1//2,substitutes
1//2,6//1,8//1,10//1,4//1,2//1,1//2,1//1,0//1,1//1,1//4,1//2,true,false,true,false,0//1,0//1,0//1,separable
1//2,6//1,8//1,10//1,4//1,2//1,1//2,1//1,0//1,2//1,1//4,1//2,true,false,true,false,0//1,0//1,0//1,separable
1//2,6//1,8//1,10//1,4//1,2//1,1//2,1//1,1//1,0//1,1//4,1//2,true,false,true,false,2//1,1//1,-1//1,substitutes
1//2,6//1,8//1,10//1,4//1,2//1,1//2,1//1,1//1,1//1,1//4,1//2,true,false,true,false,1//1,0//1,-1//1,substitutes
1//2,6//1,8//1,10//1,4//1,2//1,1//2,1//1,1//1,2//1,1//4,1//2,true,false,true,false,0//1,0//1,0//1,separable
1//2,6//1,8//1,10//1,4//1,2//1,1//2,1//1,2//1,0//1,1//4,1//2,true,false,true,false,2//1,1//1,-1//1,substitutes
1//2,6//1,8//1,10//1,4//1,2//1,1//2,1//1,2//1,1//1,1//4,1//2,true,false,true,false,1//1,0//1,-1//1,substitutes
1//2,6//1,8//1,10//1,4//1,2//1,1//2,1//1,2//1,2//1,1//4,1//2,true,false,true,false,0//1,0//1,0//1,separable
1//2,6//1,8//1,10//1,4//1,2//1,1//1,0//1,0//1,0//1,1//2,0//1,false,false,true,false,0//1,0//1,0//1,separable
1//2,6//1,8//1,10//1,4//1,2//1,1//1,0//1,0//1,1//1,1//2,0//1,false,false,true,false,0//1,0//1,0//1,separable
1//2,6//1,8//1,10//1,4//1,2//1,1//1,0//1,0//1,2//1,1//2,0//1,false,false,true,false,0//1,0//1,0//1,separable
1//2,6//1,8//1,10//1,4//1,2//1,1//1,0//1,1//1,0//1,1//2,0//1,false,false,true,false,0//1,0//1,0//1,separable
1//2,6//1,8//1,10//1,4//1,2//1,1//1,0//1,1//1,1//1,1//2,0//1,false,false,true,false,0//1,0//1,0//1,separable
1//2,6//1,8//1,10//1,4//1,2//1,1//1,0//1,1//1,2//1,1//2,0//1,false,false,true,false,0//1,0//1,0//1,separable
1//2,6//1,8//1,10//1,4//1,2//1,1//1,0//1,2//1,0//1,1//2,0//1,false,false,true,false,0//1,0//1,0//1,separable
1//2,6//1,8//1,10//1,4//1,2//1,1//1,0//1,2//1,1//1,1//2,0//1,false,false,true,false,0//1,0//1,0//1,separable
1//2,6//1,8//1,10//1,4//1,2//1,1//1,0//1,2//1,2//1,1//2,0//1,false,false,true,false,0//1,0//1,0//1,separable
1//2,6//1,8//1,10//1,4//1,2//1,1//1,1//2,0//1,0//1,1//2,1//4,false,false,true,false,0//1,0//1,0//1,separable
1//2,6//1,8//1,10//1,4//1,2//1,1//1,1//2,0//1,1//1,1//2,1//4,false,false,true,false,0//1,0//1,0//1,separable
1//2,6//1,8//1,10//1,4//1,2//1,1//1,1//2,0//1,2//1,1//2,1//4,false,false,true,false,0//1,0//1,0//1,separable
1//2,6//1,8//1,10//1,4//1,2//1,1//1,1//2,1//1,0//1,1//2,1//4,false,false,true,false,0//1,1//2,1//2,complements
1//2,6//1,8//1,10//1,4//1,2//1,1//1,1//2,1//1,1//1,1//2,1//4,false,false,true,false,0//1,0//1,0//1,separable
1//2,6//1,8//1,10//1,4//1,2//1,1//1,1//2,1//1,2//1,1//2,1//4,false,false,true,false,0//1,0//1,0//1,separable
1//2,6//1,8//1,10//1,4//1,2//1,1//1,1//2,2//1,0//1,1//2,1//4,false,false,true,false,1//1,1//2,-1//2,substitutes
1//2,6//1,8//1,10//1,4//1,2//1,1//1,1//2,2//1,1//1,1//2,1//4,false,false,true,false,0//1,0//1,0//1,separable
1//2,6//1,8//1,10//1,4//1,2//1,1//1,1//2,2//1,2//1,1//2,1//4,false,false,true,false,0//1,0//1,0//1,separable
1//2,6//1,8//1,10//1,4//1,2//1,1//1,1//1,0//1,0//1,1//2,1//2,true,false,true,false,0//1,0//1,0//1,separable
1//2,6//1,8//1,10//1,4//1,2//1,1//1,1//1,0//1,1//1,1//2,1//2,true,false,true,false,0//1,0//1,0//1,separable
1//2,6//1,8//1,10//1,4//1,2//1,1//1,1//1,0//1,2//1,1//2,1//2,true,false,true,false,0//1,0//1,0//1,separable
1//2,6//1,8//1,10//1,4//1,2//1,1//1,1//1,1//1,0//1,1//2,1//2,true,false,true,false,1//1,1//1,0//1,separable
1//2,6//1,8//1,10//1,4//1,2//1,1//1,1//1,1//1,1//1,1//2,1//2,true,false,true,false,0//1,0//1,0//1,separable
1//2,6//1,8//1,10//1,4//1,2//1,1//1,1//1,1//1,2//1,1//2,1//2,true,false,true,false,0//1,0//1,0//1,separable
1//2,6//1,8//1,10//1,4//1,2//1,1//1,1//1,2//1,0//1,1//2,1//2,true,false,true,false,2//1,1//1,-1//1,substitutes
1//2,6//1,8//1,10//1,4//1,2//1,1//1,1//1,2//1,1//1,1//2,1//2,true,false,true,false,1//1,0//1,-1//1,substitutes
1//2,6//1,8//1,10//1,4//1,2//1,1//1,1//1,2//1,2//1,1//2,1//2,true,false,true,false,0//1,0//1,0//1,separable
1//2,6//1,10//1,4//1,0//1,0//1,0//1,0//1,0//1,0//1,0//1,0//1,true,true,true,true,0//1,0//1,0//1,separable
1//2,6//1,10//1,4//1,0//1,0//1,0//1,0//1,0//1,1//1,0//1,0//1,true,true,true,true,0//1,0//1,0//1,separable
1//2,6//1,10//1,4//1,0//1,0//1,0//1,0//1,0//1,2//1,0//1,0//1,true,true,true,true,0//1,0//1,0//1,separable
1//2,6//1,10//1,4//1,0//1,0//1,0//1,0//1,1//1,0//1,0//1,0//1,true,true,true,true,0//1,0//1,0//1,separable
1//2,6//1,10//1,4//1,0//1,0//1,0//1,0//1,1//1,1//1,0//1,0//1,true,true,true,true,0//1,0//1,0//1,separable
1//2,6//1,10//1,4//1,0//1,0//1,0//1,0//1,1//1,2//1,0//1,0//1,true,true,true,true,0//1,0//1,0//1,separable
1//2,6//1,10//1,4//1,0//1,0//1,0//1,0//1,2//1,0//1,0//1,0//1,true,true,true,true,0//1,0//1,0//1,separable
1//2,6//1,10//1,4//1,0//1,0//1,0//1,0//1,2//1,1//1,0//1,0//1,true,true,true,true,0//1,0//1,0//1,separable
1//2,6//1,10//1,4//1,0//1,0//1,0//1,0//1,2//1,2//1,0//1,0//1,true,true,true,true,0//1,0//1,0//1,separable
1//2,6//1,10//1,4//1,0//1,0//1,0//1,1//2,0//1,0//1,0//1,1//4,true,true,true,true,0//1,0//1,0//1,separable
1//2,6//1,10//1,4//1,0//1,0//1,0//1,1//2,0//1,1//1,0//1,1//4,true,true,true,true,0//1,0//1,0//1,separable
1//2,6//1,10//1,4//1,0//1,0//1,0//1,1//2,0//1,2//1,0//1,1//4,true,true,true,true,0//1,0//1,0//1,separable
1//2,6//1,10//1,4//1,0//1,0//1,0//1,1//2,1//1,0//1,0//1,1//4,true,true,true,true,0//1,0//1,0//1,separable
1//2,6//1,10//1,4//1,0//1,0//1,0//1,1//2,1//1,1//1,0//1,1//4,true,true,true,true,0//1,0//1,0//1,separable
1//2,6//1,10//1,4//1,0//1,0//1,0//1,1//2,1//1,2//1,0//1,1//4,true,true,true,true,0//1,0//1,0//1,separable
1//2,6//1,10//1,4//1,0//1,0//1,0//1,1//2,2//1,0//1,0//1,1//4,true,true,true,true,0//1,0//1,0//1,separable
1//2,6//1,10//1,4//1,0//1,0//1,0//1,1//2,2//1,1//1,0//1,1//4,true,true,true,true,0//1,0//1,0//1,separable
1//2,6//1,10//1,4//1,0//1,0//1,0//1,1//2,2//1,2//1,0//1,1//4,true,true,true,true,0//1,0//1,0//1,separable
1//2,6//1,10//1,4//1,0//1,0//1,0//1,1//1,0//1,0//1,0//1,1//2,true,true,true,true,0//1,0//1,0//1,separable
1//2,6//1,10//1,4//1,0//1,0//1,0//1,1//1,0//1,1//1,0//1,1//2,true,true,true,true,0//1,0//1,0//1,separable
1//2,6//1,10//1,4//1,0//1,0//1,0//1,1//1,0//1,2//1,0//1,1//2,true,true,true,true,0//1,0//1,0//1,separable
1//2,6//1,10//1,4//1,0//1,0//1,0//1,1//1,1//1,0//1,0//1,1//2,true,true,true,true,0//1,0//1,0//1,separable
1//2,6//1,10//1,4//1,0//1,0//1,0//1,1//1,1//1,1//1,0//1,1//2,true,true,true,true,0//1,0//1,0//1,separable
1//2,6//1,10//1,4//1,0//1,0//1,0//1,1//1,1//1,2//1,0//1,1//2,true,true,true,true,0//1,0//1,0//1,separable
1//2,6//1,10//1,4//1,0//1,0//1,0//1,1//1,2//1,0//1,0//1,1//2,true,true,true,true,0//1,0//1,0//1,separable
1//2,6//1,10//1,4//1,0//1,0//1,0//1,1//1,2//1,1//1,0//1,1//2,true,true,true,true,0//1,0//1,0//1,separable
1//2,6//1,10//1,4//1,0//1,0//1,0//1,1//1,2//1,2//1,0//1,1//2,true,true,true,true,0//1,0//1,0//1,separable
1//2,6//1,10//1,4//1,0//1,0//1,1//2,0//1,0//1,0//1,1//4,0//1,false,false,true,true,0//1,0//1,0//1,separable
1//2,6//1,10//1,4//1,0//1,0//1,1//2,0//1,0//1,1//1,1//4,0//1,false,false,true,true,0//1,0//1,0//1,separable
1//2,6//1,10//1,4//1,0//1,0//1,1//2,0//1,0//1,2//1,1//4,0//1,false,false,true,true,0//1,0//1,0//1,separable
1//2,6//1,10//1,4//1,0//1,0//1,1//2,0//1,1//1,0//1,1//4,0//1,false,false,true,true,0//1,0//1,0//1,separable
1//2,6//1,10//1,4//1,0//1,0//1,1//2,0//1,1//1,1//1,1//4,0//1,false,false,true,true,0//1,0//1,0//1,separable
1//2,6//1,10//1,4//1,0//1,0//1,1//2,0//1,1//1,2//1,1//4,0//1,false,false,true,true,0//1,0//1,0//1,separable
1//2,6//1,10//1,4//1,0//1,0//1,1//2,0//1,2//1,0//1,1//4,0//1,false,false,true,true,0//1,0//1,0//1,separable
1//2,6//1,10//1,4//1,0//1,0//1,1//2,0//1,2//1,1//1,1//4,0//1,false,false,true,true,0//1,0//1,0//1,separable
1//2,6//1,10//1,4//1,0//1,0//1,1//2,0//1,2//1,2//1,1//4,0//1,false,false,true,true,0//1,0//1,0//1,separable
1//2,6//1,10//1,4//1,0//1,0//1,1//2,1//2,0//1,0//1,1//4,1//4,true,false,true,true,0//1,0//1,0//1,separable
1//2,6//1,10//1,4//1,0//1,0//1,1//2,1//2,0//1,1//1,1//4,1//4,true,false,true,true,0//1,0//1,0//1,separable
1//2,6//1,10//1,4//1,0//1,0//1,1//2,1//2,0//1,2//1,1//4,1//4,true,false,true,true,0//1,0//1,0//1,separable
1//2,6//1,10//1,4//1,0//1,0//1,1//2,1//2,1//1,0//1,1//4,1//4,true,false,true,true,0//1,0//1,0//1,separable
1//2,6//1,10//1,4//1,0//1,0//1,1//2,1//2,1//1,1//1,1//4,1//4,true,false,true,true,0//1,0//1,0//1,separable
1//2,6//1,10//1,4//1,0//1,0//1,1//2,1//2,1//1,2//1,1//4,1//4,true,false,true,true,0//1,0//1,0//1,separable
1//2,6//1,10//1,4//1,0//1,0//1,1//2,1//2,2//1,0//1,1//4,1//4,true,false,true,true,0//1,0//1,0//1,separable
1//2,6//1,10//1,4//1,0//1,0//1,1//2,1//2,2//1,1//1,1//4,1//4,true,false,true,true,0//1,0//1,0//1,separable
1//2,6//1,10//1,4//1,0//1,0//1,1//2,1//2,2//1,2//1,1//4,1//4,true,false,true,true,0//1,0//1,0//1,separable
1//2,6//1,10//1,4//1,0//1,0//1,1//2,1//1,0//1,0//1,1//4,1//2,true,false,true,true,0//1,0//1,0//1,separable
1//2,6//1,10//1,4//1,0//1,0//1,1//2,1//1,0//1,1//1,1//4,1//2,true,false,true,true,0//1,0//1,0//1,separable
1//2,6//1,10//1,4//1,0//1,0//1,1//2,1//1,0//1,2//1,1//4,1//2,true,false,true,true,0//1,0//1,0//1,separable
1//2,6//1,10//1,4//1,0//1,0//1,1//2,1//1,1//1,0//1,1//4,1//2,true,false,true,true,0//1,0//1,0//1,separable
1//2,6//1,10//1,4//1,0//1,0//1,1//2,1//1,1//1,1//1,1//4,1//2,true,false,true,true,0//1,0//1,0//1,separable
1//2,6//1,10//1,4//1,0//1,0//1,1//2,1//1,1//1,2//1,1//4,1//2,true,false,true,true,0//1,0//1,0//1,separable
1//2,6//1,10//1,4//1,0//1,0//1,1//2,1//1,2//1,0//1,1//4,1//2,true,false,true,true,0//1,0//1,0//1,separable
1//2,6//1,10//1,4//1,0//1,0//1,1//2,1//1,2//1,1//1,1//4,1//2,true,false,true,true,0//1,0//1,0//1,separable
1//2,6//1,10//1,4//1,0//1,0//1,1//2,1//1,2//1,2//1,1//4,1//2,true,false,true,true,0//1,0//1,0//1,separable
1//2,6//1,10//1,4//1,0//1,0//1,1//1,0//1,0//1,0//1,1//2,0//1,false,false,true,true,0//1,0//1,0//1,separable
1//2,6//1,10//1,4//1,0//1,0//1,1//1,0//1,0//1,1//1,1//2,0//1,false,false,true,true,0//1,0//1,0//1,separable
1//2,6//1,10//1,4//1,0//1,0//1,1//1,0//1,0//1,2//1,1//2,0//1,false,false,true,true,0//1,0//1,0//1,separable
1//2,6//1,10//1,4//1,0//1,0//1,1//1,0//1,1//1,0//1,1//2,0//1,false,false,true,true,0//1,0//1,0//1,separable
1//2,6//1,10//1,4//1,0//1,0//1,1//1,0//1,1//1,1//1,1//2,0//1,false,false,true,true,0//1,0//1,0//1,separable
1//2,6//1,10//1,4//1,0//1,0//1,1//1,0//1,1//1,2//1,1//2,0//1,false,false,true,true,0//1,0//1,0//1,separable
1//2,6//1,10//1,4//1,0//1,0//1,1//1,0//1,2//1,0//1,1//2,0//1,false,false,true,true,0//1,0//1,0//1,separable
1//2,6//1,10//1,4//1,0//1,0//1,1//1,0//1,2//1,1//1,1//2,0//1,false,false,true,true,0//1,0//1,0//1,separable
1//2,6//1,10//1,4//1,0//1,0//1,1//1,0//1,2//1,2//1,1//2,0//1,false,false,true,true,0//1,0//1,0//1,separable
1//2,6//1,10//1,4//1,0//1,0//1,1//1,1//2,0//1,0//1,1//2,1//4,false,false,true,true,0//1,0//1,0//1,separable
1//2,6//1,10//1,4//1,0//1,0//1,1//1,1//2,0//1,1//1,1//2,1//4,false,false,true,true,0//1,0//1,0//1,separable
1//2,6//1,10//1,4//1,0//1,0//1,1//1,1//2,0//1,2//1,1//2,1//4,false,false,true,true,0//1,0//1,0//1,separable
1//2,6//1,10//1,4//1,0//1,0//1,1//1,1//2,1//1,0//1,1//2,1//4,false,false,true,true,0//1,0//1,0//1,separable
1//2,6//1,10//1,4//1,0//1,0//1,1//1,1//2,1//1,1//1,1//2,1//4,false,false,true,true,0//1,0//1,0//1,separable
1//2,6//1,10//1,4//1,0//1,0//1,1//1,1//2,1//1,2//1,1//2,1//4,false,false,true,true,0//1,0//1,0//1,separable
1//2,6//1,10//1,4//1,0//1,0//1,1//1,1//2,2//1,0//1,1//2,1//4,false,false,true,true,0//1,0//1,0//1,separable
1//2,6//1,10//1,4//1,0//1,0//1,1//1,1//2,2//1,1//1,1//2,1//4,false,false,true,true,0//1,0//1,0//1,separable
1//2,6//1,10//1,4//1,0//1,0//1,1//1,1//2,2//1,2//1,1//2,1//4,false,false,true,true,0//1,0//1,0//1,separable
1//2,6//1,10//1,4//1,0//1,0//1,1//1,1//1,0//1,0//1,1//2,1//2,true,false,true,true,0//1,0//1,0//1,separable
1//2,6//1,10//1,4//1,0//1,0//1,1//1,1//1,0//1,1//1,1//2,1//2,true,false,true,true,0//1,0//1,0//1,separable
1//2,6//1,10//1,4//1,0//1,0//1,1//1,1//1,0//1,2//1,1//2,1//2,true,false,true,true,0//1,0//1,0//1,separable
1//2,6//1,10//1,4//1,0//1,0//1,1//1,1//1,1//1,0//1,1//2,1//2,true,false,true,true,0//1,0//1,0//1,separable
1//2,6//1,10//1,4//1,0//1,0//1,1//1,1//1,1//1,1//1,1//2,1//2,true,false,true,true,0//1,0//1,0//1,separable
1//2,6//1,10//1,4//1,0//1,0//1,1//1,1//1,1//1,2//1,1//2,1//2,true,false,true,true,0//1,0//1,0//1,separable
1//2,6//1,10//1,4//1,0//1,0//1,1//1,1//1,2//1,0//1,1//2,1//2,true,false,true,true,0//1,0//1,0//1,separable
1//2,6//1,10//1,4//1,0//1,0//1,1//1,1//1,2//1,1//1,1//2,1//2,true,false,true,true,0//1,0//1,0//1,separable
1//2,6//1,10//1,4//1,0//1,0//1,1//1,1//1,2//1,2//1,1//2,1//2,true,false,true,true,0//1,0//1,0//1,separable
1//2,6//1,10//1,10//1,4//1,0//1,0//1,0//1,0//1,0//1,0//1,0//1,true,true,true,true,0//1,0//1,0//1,separable
1//2,6//1,10//1,10//1,4//1,0//1,0//1,0//1,0//1,1//1,0//1,0//1,true,true,true,true,0//1,0//1,0//1,separable
1//2,6//1,10//1,10//1,4//1,0//1,0//1,0//1,0//1,2//1,0//1,0//1,true,true,true,true,0//1,0//1,0//1,separable
1//2,6//1,10//1,10//1,4//1,0//1,0//1,0//1,1//1,0//1,0//1,0//1,true,true,true,true,0//1,0//1,0//1,separable
1//2,6//1,10//1,10//1,4//1,0//1,0//1,0//1,1//1,1//1,0//1,0//1,true,true,true,true,0//1,0//1,0//1,separable
1//2,6//1,10//1,10//1,4//1,0//1,0//1,0//1,1//1,2//1,0//1,0//1,true,true,true,true,0//1,0//1,0//1,separable
1//2,6//1,10//1,10//1,4//1,0//1,0//1,0//1,2//1,0//1,0//1,0//1,true,true,true,true,0//1,0//1,0//1,separable
1//2,6//1,10//1,10//1,4//1,0//1,0//1,0//1,2//1,1//1,0//1,0//1,true,true,true,true,0//1,0//1,0//1,separable
1//2,6//1,10//1,10//1,4//1,0//1,0//1,0//1,2//1,2//1,0//1,0//1,true,true,true,true,0//1,0//1,0//1,separable
1//2,6//1,10//1,10//1,4//1,0//1,0//1,1//2,0//1,0//1,0//1,1//4,true,true,true,true,1//1,0//1,-1//1,substitutes
1//2,6//1,10//1,10//1,4//1,0//1,0//1,1//2,0//1,1//1,0//1,1//4,true,true,true,true,0//1,0//1,0//1,separable
1//2,6//1,10//1,10//1,4//1,0//1,0//1,1//2,0//1,2//1,0//1,1//4,true,true,true,true,0//1,0//1,0//1,separable
1//2,6//1,10//1,10//1,4//1,0//1,0//1,1//2,1//1,0//1,0//1,1//4,true,true,true,true,1//1,0//1,-1//1,substitutes
1//2,6//1,10//1,10//1,4//1,0//1,0//1,1//2,1//1,1//1,0//1,1//4,true,true,true,true,0//1,0//1,0//1,separable
1//2,6//1,10//1,10//1,4//1,0//1,0//1,1//2,1//1,2//1,0//1,1//4,true,true,true,true,0//1,0//1,0//1,separable
1//2,6//1,10//1,10//1,4//1,0//1,0//1,1//2,2//1,0//1,0//1,1//4,true,true,true,true,1//1,0//1,-1//1,substitutes
1//2,6//1,10//1,10//1,4//1,0//1,0//1,1//2,2//1,1//1,0//1,1//4,true,true,true,true,0//1,0//1,0//1,separable
1//2,6//1,10//1,10//1,4//1,0//1,0//1,1//2,2//1,2//1,0//1,1//4,true,true,true,true,0//1,0//1,0//1,separable
1//2,6//1,10//1,10//1,4//1,0//1,0//1,1//1,0//1,0//1,0//1,1//2,true,true,true,true,2//1,0//1,-2//1,substitutes
1//2,6//1,10//1,10//1,4//1,0//1,0//1,1//1,0//1,1//1,0//1,1//2,true,true,true,true,1//1,0//1,-1//1,substitutes
1//2,6//1,10//1,10//1,4//1,0//1,0//1,1//1,0//1,2//1,0//1,1//2,true,true,true,true,0//1,0//1,0//1,separable
1//2,6//1,10//1,10//1,4//1,0//1,0//1,1//1,1//1,0//1,0//1,1//2,true,true,true,true,2//1,0//1,-2//1,substitutes
1//2,6//1,10//1,10//1,4//1,0//1,0//1,1//1,1//1,1//1,0//1,1//2,true,true,true,true,1//1,0//1,-1//1,substitutes
1//2,6//1,10//1,10//1,4//1,0//1,0//1,1//1,1//1,2//1,0//1,1//2,true,true,true,true,0//1,0//1,0//1,separable
1//2,6//1,10//1,10//1,4//1,0//1,0//1,1//1,2//1,0//1,0//1,1//2,true,true,true,true,2//1,0//1,-2//1,substitutes
1//2,6//1,10//1,10//1,4//1,0//1,0//1,1//1,2//1,1//1,0//1,1//2,true,true,true,true,1//1,0//1,-1//1,substitutes
1//2,6//1,10//1,10//1,4//1,0//1,0//1,1//1,2//1,2//1,0//1,1//2,true,true,true,true,0//1,0//1,0//1,separable
1//2,6//1,10//1,10//1,4//1,0//1,1//2,0//1,0//1,0//1,1//4,0//1,false,false,true,false,0//1,0//1,0//1,separable
1//2,6//1,10//1,10//1,4//1,0//1,1//2,0//1,0//1,1//1,1//4,0//1,false,false,true,false,0//1,0//1,0//1,separable
1//2,6//1,10//1,10//1,4//1,0//1,1//2,0//1,0//1,2//1,1//4,0//1,false,false,true,false,0//1,0//1,0//1,separable
1//2,6//1,10//1,10//1,4//1,0//1,1//2,0//1,1//1,0//1,1//4,0//1,false,false,true,false,0//1,0//1,0//1,separable
1//2,6//1,10//1,10//1,4//1,0//1,1//2,0//1,1//1,1//1,1//4,0//1,false,false,true,false,0//1,0//1,0//1,separable
1//2,6//1,10//1,10//1,4//1,0//1,1//2,0//1,1//1,2//1,1//4,0//1,false,false,true,false,0//1,0//1,0//1,separable
1//2,6//1,10//1,10//1,4//1,0//1,1//2,0//1,2//1,0//1,1//4,0//1,false,false,true,false,0//1,0//1,0//1,separable
1//2,6//1,10//1,10//1,4//1,0//1,1//2,0//1,2//1,1//1,1//4,0//1,false,false,true,false,0//1,0//1,0//1,separable
1//2,6//1,10//1,10//1,4//1,0//1,1//2,0//1,2//1,2//1,1//4,0//1,false,false,true,false,0//1,0//1,0//1,separable
1//2,6//1,10//1,10//1,4//1,0//1,1//2,1//2,0//1,0//1,1//4,1//4,true,false,true,false,0//1,0//1,0//1,separable
1//2,6//1,10//1,10//1,4//1,0//1,1//2,1//2,0//1,1//1,1//4,1//4,true,false,true,false,0//1,0//1,0//1,separable
1//2,6//1,10//1,10//1,4//1,0//1,1//2,1//2,0//1,2//1,1//4,1//4,true,false,true,false,0//1,0//1,0//1,separable
1//2,6//1,10//1,10//1,4//1,0//1,1//2,1//2,1//1,0//1,1//4,1//4,true,false,true,false,1//1,0//1,-1//1,substitutes
1//2,6//1,10//1,10//1,4//1,0//1,1//2,1//2,1//1,1//1,1//4,1//4,true,false,true,false,0//1,0//1,0//1,separable
1//2,6//1,10//1,10//1,4//1,0//1,1//2,1//2,1//1,2//1,1//4,1//4,true,false,true,false,0//1,0//1,0//1,separable
1//2,6//1,10//1,10//1,4//1,0//1,1//2,1//2,2//1,0//1,1//4,1//4,true,false,true,false,1//1,0//1,-1//1,substitutes
1//2,6//1,10//1,10//1,4//1,0//1,1//2,1//2,2//1,1//1,1//4,1//4,true,false,true,false,0//1,0//1,0//1,separable
1//2,6//1,10//1,10//1,4//1,0//1,1//2,1//2,2//1,2//1,1//4,1//4,true,false,true,false,0//1,0//1,0//1,separable
1//2,6//1,10//1,10//1,4//1,0//1,1//2,1//1,0//1,0//1,1//4,1//2,true,false,true,false,1//1,0//1,-1//1,substitutes
1//2,6//1,10//1,10//1,4//1,0//1,1//2,1//1,0//1,1//1,1//4,1//2,true,false,true,false,0//1,0//1,0//1,separable
1//2,6//1,10//1,10//1,4//1,0//1,1//2,1//1,0//1,2//1,1//4,1//2,true,false,true,false,0//1,0//1,0//1,separable
1//2,6//1,10//1,10//1,4//1,0//1,1//2,1//1,1//1,0//1,1//4,1//2,true,false,true,false,2//1,0//1,-2//1,substitutes
1//2,6//1,10//1,10//1,4//1,0//1,1//2,1//1,1//1,1//1,1//4,1//2,true,false,true,false,1//1,0//1,-1//1,substitutes
1//2,6//1,10//1,10//1,4//1,0//1,1//2,1//1,1//1,2//1,1//4,1//2,true,false,true,false,0//1,0//1,0//1,separable
1//2,6//1,10//1,10//1,4//1,0//1,1//2,1//1,2//1,0//1,1//4,1//2,true,false,true,false,2//1,0//1,-2//1,substitutes
1//2,6//1,10//1,10//1,4//1,0//1,1//2,1//1,2//1,1//1,1//4,1//2,true,false,true,false,1//1,0//1,-1//1,substitutes
1//2,6//1,10//1,10//1,4//1,0//1,1//2,1//1,2//1,2//1,1//4,1//2,true,false,true,false,0//1,0//1,0//1,separable
1//2,6//1,10//1,10//1,4//1,0//1,1//1,0//1,0//1,0//1,1//2,0//1,false,false,true,false,0//1,0//1,0//1,separable
1//2,6//1,10//1,10//1,4//1,0//1,1//1,0//1,0//1,1//1,1//2,0//1,false,false,true,false,0//1,0//1,0//1,separable
1//2,6//1,10//1,10//1,4//1,0//1,1//1,0//1,0//1,2//1,1//2,0//1,false,false,true,false,0//1,0//1,0//1,separable
1//2,6//1,10//1,10//1,4//1,0//1,1//1,0//1,1//1,0//1,1//2,0//1,false,false,true,false,0//1,0//1,0//1,separable
1//2,6//1,10//1,10//1,4//1,0//1,1//1,0//1,1//1,1//1,1//2,0//1,false,false,true,false,0//1,0//1,0//1,separable
1//2,6//1,10//1,10//1,4//1,0//1,1//1,0//1,1//1,2//1,1//2,0//1,false,false,true,false,0//1,0//1,0//1,separable
1//2,6//1,10//1,10//1,4//1,0//1,1//1,0//1,2//1,0//1,1//2,0//1,false,false,true,false,0//1,0//1,0//1,separable
1//2,6//1,10//1,10//1,4//1,0//1,1//1,0//1,2//1,1//1,1//2,0//1,false,false,true,false,0//1,0//1,0//1,separable
1//2,6//1,10//1,10//1,4//1,0//1,1//1,0//1,2//1,2//1,1//2,0//1,false,false,true,false,0//1,0//1,0//1,separable
1//2,6//1,10//1,10//1,4//1,0//1,1//1,1//2,0//1,0//1,1//2,1//4,false,false,true,false,0//1,0//1,0//1,separable
1//2,6//1,10//1,10//1,4//1,0//1,1//1,1//2,0//1,1//1,1//2,1//4,false,false,true,false,0//1,0//1,0//1,separable
1//2,6//1,10//1,10//1,4//1,0//1,1//1,1//2,0//1,2//1,1//2,1//4,false,false,true,false,0//1,0//1,0//1,separable
1//2,6//1,10//1,10//1,4//1,0//1,1//1,1//2,1//1,0//1,1//2,1//4,false,false,true,false,0//1,0//1,0//1,separable
1//2,6//1,10//1,10//1,4//1,0//1,1//1,1//2,1//1,1//1,1//2,1//4,false,false,true,false,0//1,0//1,0//1,separable
1//2,6//1,10//1,10//1,4//1,0//1,1//1,1//2,1//1,2//1,1//2,1//4,false,false,true,false,0//1,0//1,0//1,separable
1//2,6//1,10//1,10//1,4//1,0//1,1//1,1//2,2//1,0//1,1//2,1//4,false,false,true,false,1//1,0//1,-1//1,substitutes
1//2,6//1,10//1,10//1,4//1,0//1,1//1,1//2,2//1,1//1,1//2,1//4,false,false,true,false,0//1,0//1,0//1,separable
1//2,6//1,10//1,10//1,4//1,0//1,1//1,1//2,2//1,2//1,1//2,1//4,false,false,true,false,0//1,0//1,0//1,separable
1//2,6//1,10//1,10//1,4//1,0//1,1//1,1//1,0//1,0//1,1//2,1//2,true,false,true,false,0//1,0//1,0//1,separable
1//2,6//1,10//1,10//1,4//1,0//1,1//1,1//1,0//1,1//1,1//2,1//2,true,false,true,false,0//1,0//1,0//1,separable
1//2,6//1,10//1,10//1,4//1,0//1,1//1,1//1,0//1,2//1,1//2,1//2,true,false,true,false,0//1,0//1,0//1,separable
1//2,6//1,10//1,10//1,4//1,0//1,1//1,1//1,1//1,0//1,1//2,1//2,true,false,true,false,1//1,0//1,-1//1,substitutes
1//2,6//1,10//1,10//1,4//1,0//1,1//1,1//1,1//1,1//1,1//2,1//2,true,false,true,false,0//1,0//1,0//1,separable
1//2,6//1,10//1,10//1,4//1,0//1,1//1,1//1,1//1,2//1,1//2,1//2,true,false,true,false,0//1,0//1,0//1,separable
1//2,6//1,10//1,10//1,4//1,0//1,1//1,1//1,2//1,0//1,1//2,1//2,true,false,true,false,2//1,0//1,-2//1,substitutes
1//2,6//1,10//1,10//1,4//1,0//1,1//1,1//1,2//1,1//1,1//2,1//2,true,false,true,false,1//1,0//1,-1//1,substitutes
1//2,6//1,10//1,10//1,4//1,0//1,1//1,1//1,2//1,2//1,1//2,1//2,true,false,true,false,0//1,0//1,0//1,separable
1//2,8//1,10//1,4//1,0//1,0//1,0//1,0//1,0//1,0//1,0//1,0//1,true,true,true,true,0//1,0//1,0//1,separable
1//2,8//1,10//1,4//1,0//1,0//1,0//1,0//1,0//1,1//1,0//1,0//1,true,true,true,true,0//1,0//1,0//1,separable
1//2,8//1,10//1,4//1,0//1,0//1,0//1,0//1,0//1,2//1,0//1,0//1,true,true,true,true,0//1,0//1,0//1,separable
1//2,8//1,10//1,4//1,0//1,0//1,0//1,0//1,1//1,0//1,0//1,0//1,true,true,true,true,0//1,0//1,0//1,separable
1//2,8//1,10//1,4//1,0//1,0//1,0//1,0//1,1//1,1//1,0//1,0//1,true,true,true,true,0//1,0//1,0//1,separable
1//2,8//1,10//1,4//1,0//1,0//1,0//1,0//1,1//1,2//1,0//1,0//1,true,true,true,true,0//1,0//1,0//1,separable
1//2,8//1,10//1,4//1,0//1,0//1,0//1,0//1,2//1,0//1,0//1,0//1,true,true,true,true,0//1,0//1,0//1,separable
1//2,8//1,10//1,4//1,0//1,0//1,0//1,0//1,2//1,1//1,0//1,0//1,true,true,true,true,0//1,0//1,0//1,separable
1//2,8//1,10//1,4//1,0//1,0//1,0//1,0//1,2//1,2//1,0//1,0//1,true,true,true,true,0//1,0//1,0//1,separable
1//2,8//1,10//1,4//1,0//1,0//1,0//1,1//2,0//1,0//1,0//1,1//4,true,true,true,true,0//1,0//1,0//1,separable
1//2,8//1,10//1,4//1,0//1,0//1,0//1,1//2,0//1,1//1,0//1,1//4,true,true,true,true,0//1,0//1,0//1,separable
1//2,8//1,10//1,4//1,0//1,0//1,0//1,1//2,0//1,2//1,0//1,1//4,true,true,true,true,0//1,0//1,0//1,separable
1//2,8//1,10//1,4//1,0//1,0//1,0//1,1//2,1//1,0//1,0//1,1//4,true,true,true,true,0//1,0//1,0//1,separable
1//2,8//1,10//1,4//1,0//1,0//1,0//1,1//2,1//1,1//1,0//1,1//4,true,true,true,true,0//1,0//1,0//1,separable
1//2,8//1,10//1,4//1,0//1,0//1,0//1,1//2,1//1,2//1,0//1,1//4,true,true,true,true,0//1,0//1,0//1,separable
1//2,8//1,10//1,4//1,0//1,0//1,0//1,1//2,2//1,0//1,0//1,1//4,true,true,true,true,0//1,0//1,0//1,separable
1//2,8//1,10//1,4//1,0//1,0//1,0//1,1//2,2//1,1//1,0//1,1//4,true,true,true,true,0//1,0//1,0//1,separable
1//2,8//1,10//1,4//1,0//1,0//1,0//1,1//2,2//1,2//1,0//1,1//4,true,true,true,true,0//1,0//1,0//1,separable
1//2,8//1,10//1,4//1,0//1,0//1,0//1,1//1,0//1,0//1,0//1,1//2,true,true,true,true,0//1,0//1,0//1,separable
1//2,8//1,10//1,4//1,0//1,0//1,0//1,1//1,0//1,1//1,0//1,1//2,true,true,true,true,0//1,0//1,0//1,separable
1//2,8//1,10//1,4//1,0//1,0//1,0//1,1//1,0//1,2//1,0//1,1//2,true,true,true,true,0//1,0//1,0//1,separable
1//2,8//1,10//1,4//1,0//1,0//1,0//1,1//1,1//1,0//1,0//1,1//2,true,true,true,true,0//1,0//1,0//1,separable
1//2,8//1,10//1,4//1,0//1,0//1,0//1,1//1,1//1,1//1,0//1,1//2,true,true,true,true,0//1,0//1,0//1,separable
1//2,8//1,10//1,4//1,0//1,0//1,0//1,1//1,1//1,2//1,0//1,1//2,true,true,true,true,0//1,0//1,0//1,separable
1//2,8//1,10//1,4//1,0//1,0//1,0//1,1//1,2//1,0//1,0//1,1//2,true,true,true,true,0//1,0//1,0//1,separable
1//2,8//1,10//1,4//1,0//1,0//1,0//1,1//1,2//1,1//1,0//1,1//2,true,true,true,true,0//1,0//1,0//1,separable
1//2,8//1,10//1,4//1,0//1,0//1,0//1,1//1,2//1,2//1,0//1,1//2,true,true,true,true,0//1,0//1,0//1,separable
1//2,8//1,10//1,4//1,0//1,0//1,1//2,0//1,0//1,0//1,1//4,0//1,false,false,true,true,0//1,0//1,0//1,separable
1//2,8//1,10//1,4//1,0//1,0//1,1//2,0//1,0//1,1//1,1//4,0//1,false,false,true,true,0//1,0//1,0//1,separable
1//2,8//1,10//1,4//1,0//1,0//1,1//2,0//1,0//1,2//1,1//4,0//1,false,false,true,true,0//1,0//1,0//1,separable
1//2,8//1,10//1,4//1,0//1,0//1,1//2,0//1,1//1,0//1,1//4,0//1,false,false,true,true,0//1,0//1,0//1,separable
1//2,8//1,10//1,4//1,0//1,0//1,1//2,0//1,1//1,1//1,1//4,0//1,false,false,true,true,0//1,0//1,0//1,separable
1//2,8//1,10//1,4//1,0//1,0//1,1//2,0//1,1//1,2//1,1//4,0//1,false,false,true,true,0//1,0//1,0//1,separable
1//2,8//1,10//1,4//1,0//1,0//1,1//2,0//1,2//1,0//1,1//4,0//1,false,false,true,true,0//1,0//1,0//1,separable
1//2,8//1,10//1,4//1,0//1,0//1,1//2,0//1,2//1,1//1,1//4,0//1,false,false,true,true,0//1,0//1,0//1,separable
1//2,8//1,10//1,4//1,0//1,0//1,1//2,0//1,2//1,2//1,1//4,0//1,false,false,true,true,0//1,0//1,0//1,separable
1//2,8//1,10//1,4//1,0//1,0//1,1//2,1//2,0//1,0//1,1//4,1//4,true,false,true,true,0//1,0//1,0//1,separable
1//2,8//1,10//1,4//1,0//1,0//1,1//2,1//2,0//1,1//1,1//4,1//4,true,false,true,true,0//1,0//1,0//1,separable
1//2,8//1,10//1,4//1,0//1,0//1,1//2,1//2,0//1,2//1,1//4,1//4,true,false,true,true,0//1,0//1,0//1,separable
1//2,8//1,10//1,4//1,0//1,0//1,1//2,1//2,1//1,0//1,1//4,1//4,true,false,true,true,0//1,0//1,0//1,separable
1//2,8//1,10//1,4//1,0//1,0//1,1//2,1//2,1//1,1//1,1//4,1//4,true,false,true,true,0//1,0//1,0//1,separable
1//2,8//1,10//1,4//1,0//1,0//1,1//2,1//2,1//1,2//1,1//4,1//4,true,false,true,true,0//1,0//1,0//1,separable
1//2,8//1,10//1,4//1,0//1,0//1,1//2,1//2,2//1,0//1,1//4,1//4,true,false,true,true,0//1,0//1,0//1,separable
1//2,8//1,10//1,4//1,0//1,0//1,1//2,1//2,2//1,1//1,1//4,1//4,true,false,true,true,0//1,0//1,0//1,separable
1//2,8//1,10//1,4//1,0//1,0//1,1//2,1//2,2//1,2//1,1//4,1//4,true,false,true,true,0//1,0//1,0//1,separable
1//2,8//1,10//1,4//1,0//1,0//1,1//2,1//1,0//1,0//1,1//4,1//2,true,false,true,true,0//1,0//1,0//1,separable
1//2,8//1,10//1,4//1,0//1,0//1,1//2,1//1,0//1,1//1,1//4,1//2,true,false,true,true,0//1,0//1,0//1,separable
1//2,8//1,10//1,4//1,0//1,0//1,1//2,1//1,0//1,2//1,1//4,1//2,true,false,true,true,0//1,0//1,0//1,separable
1//2,8//1,10//1,4//1,0//1,0//1,1//2,1//1,1//1,0//1,1//4,1//2,true,false,true,true,0//1,0//1,0//1,separable
1//2,8//1,10//1,4//1,0//1,0//1,1//2,1//1,1//1,1//1,1//4,1//2,true,false,true,true,0//1,0//1,0//1,separable
1//2,8//1,10//1,4//1,0//1,0//1,1//2,1//1,1//1,2//1,1//4,1//2,true,false,true,true,0//1,0//1,0//1,separable
1//2,8//1,10//1,4//1,0//1,0//1,1//2,1//1,2//1,0//1,1//4,1//2,true,false,true,true,0//1,0//1,0//1,separable
1//2,8//1,10//1,4//1,0//1,0//1,1//2,1//1,2//1,1//1,1//4,1//2,true,false,true,true,0//1,0//1,0//1,separable
1//2,8//1,10//1,4//1,0//1,0//1,1//2,1//1,2//1,2//1,1//4,1//2,true,false,true,true,0//1,0//1,0//1,separable
1//2,8//1,10//1,4//1,0//1,0//1,1//1,0//1,0//1,0//1,1//2,0//1,false,false,true,true,0//1,0//1,0//1,separable
1//2,8//1,10//1,4//1,0//1,0//1,1//1,0//1,0//1,1//1,1//2,0//1,false,false,true,true,0//1,0//1,0//1,separable
1//2,8//1,10//1,4//1,0//1,0//1,1//1,0//1,0//1,2//1,1//2,0//1,false,false,true,true,0//1,0//1,0//1,separable
1//2,8//1,10//1,4//1,0//1,0//1,1//1,0//1,1//1,0//1,1//2,0//1,false,false,true,true,0//1,0//1,0//1,separable
1//2,8//1,10//1,4//1,0//1,0//1,1//1,0//1,1//1,1//1,1//2,0//1,false,false,true,true,0//1,0//1,0//1,separable
1//2,8//1,10//1,4//1,0//1,0//1,1//1,0//1,1//1,2//1,1//2,0//1,false,false,true,true,0//1,0//1,0//1,separable
1//2,8//1,10//1,4//1,0//1,0//1,1//1,0//1,2//1,0//1,1//2,0//1,false,false,true,true,0//1,0//1,0//1,separable
1//2,8//1,10//1,4//1,0//1,0//1,1//1,0//1,2//1,1//1,1//2,0//1,false,false,true,true,0//1,0//1,0//1,separable
1//2,8//1,10//1,4//1,0//1,0//1,1//1,0//1,2//1,2//1,1//2,0//1,false,false,true,true,0//1,0//1,0//1,separable
1//2,8//1,10//1,4//1,0//1,0//1,1//1,1//2,0//1,0//1,1//2,1//4,false,false,true,true,0//1,0//1,0//1,separable
1//2,8//1,10//1,4//1,0//1,0//1,1//1,1//2,0//1,1//1,1//2,1//4,false,false,true,true,0//1,0//1,0//1,separable
1//2,8//1,10//1,4//1,0//1,0//1,1//1,1//2,0//1,2//1,1//2,1//4,false,false,true,true,0//1,0//1,0//1,separable
1//2,8//1,10//1,4//1,0//1,0//1,1//1,1//2,1//1,0//1,1//2,1//4,false,false,true,true,0//1,0//1,0//1,separable
1//2,8//1,10//1,4//1,0//1,0//1,1//1,1//2,1//1,1//1,1//2,1//4,false,false,true,true,0//1,0//1,0//1,separable
1//2,8//1,10//1,4//1,0//1,0//1,1//1,1//2,1//1,2//1,1//2,1//4,false,false,true,true,0//1,0//1,0//1,separable
1//2,8//1,10//1,4//1,0//1,0//1,1//1,1//2,2//1,0//1,1//2,1//4,false,false,true,true,0//1,0//1,0//1,separable
1//2,8//1,10//1,4//1,0//1,0//1,1//1,1//2,2//1,1//1,1//2,1//4,false,false,true,true,0//1,0//1,0//1,separable
1//2,8//1,10//1,4//1,0//1,0//1,1//1,1//2,2//1,2//1,1//2,1//4,false,false,true,true,0//1,0//1,0//1,separable
1//2,8//1,10//1,4//1,0//1,0//1,1//1,1//1,0//1,0//1,1//2,1//2,true,false,true,true,0//1,0//1,0//1,separable
1//2,8//1,10//1,4//1,0//1,0//1,1//1,1//1,0//1,1//1,1//2,1//2,true,false,true,true,0//1,0//1,0//1,separable
1//2,8//1,10//1,4//1,0//1,0//1,1//1,1//1,0//1,2//1,1//2,1//2,true,false,true,true,0//1,0//1,0//1,separable
1//2,8//1,10//1,4//1,0//1,0//1,1//1,1//1,1//1,0//1,1//2,1//2,true,false,true,true,0//1,0//1,0//1,separable
1//2,8//1,10//1,4//1,0//1,0//1,1//1,1//1,1//1,1//1,1//2,1//2,true,false,true,true,0//1,0//1,0//1,separable
1//2,8//1,10//1,4//1,0//1,0//1,1//1,1//1,1//1,2//1,1//2,1//2,true,false,true,true,0//1,0//1,0//1,separable
1//2,8//1,10//1,4//1,0//1,0//1,1//1,1//1,2//1,0//1,1//2,1//2,true,false,true,true,0//1,0//1,0//1,separable
1//2,8//1,10//1,4//1,0//1,0//1,1//1,1//1,2//1,1//1,1//2,1//2,true,false,true,true,0//1,0//1,0//1,separable
1//2,8//1,10//1,4//1,0//1,0//1,1//1,1//1,2//1,2//1,1//2,1//2,true,false,true,true,0//1,0//1,0//1,separable
1//2,8//1,10//1,10//1,2//1,0//1,0//1,0//1,0//1,0//1,0//1,0//1,true,true,true,true,0//1,0//1,0//1,separable
1//2,8//1,10//1,10//1,2//1,0//1,0//1,0//1,0//1,1//1,0//1,0//1,true,true,true,true,0//1,0//1,0//1,separable
1//2,8//1,10//1,10//1,2//1,0//1,0//1,0//1,0//1,2//1,0//1,0//1,true,true,true,true,0//1,0//1,0//1,separable
1//2,8//1,10//1,10//1,2//1,0//1,0//1,0//1,1//1,0//1,0//1,0//1,true,true,true,true,0//1,0//1,0//1,separable
1//2,8//1,10//1,10//1,2//1,0//1,0//1,0//1,1//1,1//1,0//1,0//1,true,true,true,true,0//1,0//1,0//1,separable
1//2,8//1,10//1,10//1,2//1,0//1,0//1,0//1,1//1,2//1,0//1,0//1,true,true,true,true,0//1,0//1,0//1,separable
1//2,8//1,10//1,10//1,2//1,0//1,0//1,0//1,2//1,0//1,0//1,0//1,true,true,true,true,0//1,0//1,0//1,separable
1//2,8//1,10//1,10//1,2//1,0//1,0//1,0//1,2//1,1//1,0//1,0//1,true,true,true,true,0//1,0//1,0//1,separable
1//2,8//1,10//1,10//1,2//1,0//1,0//1,0//1,2//1,2//1,0//1,0//1,true,true,true,true,0//1,0//1,0//1,separable
1//2,8//1,10//1,10//1,2//1,0//1,0//1,1//2,0//1,0//1,0//1,1//4,true,true,true,true,1//2,0//1,-1//2,substitutes
1//2,8//1,10//1,10//1,2//1,0//1,0//1,1//2,0//1,1//1,0//1,1//4,true,true,true,true,0//1,0//1,0//1,separable
1//2,8//1,10//1,10//1,2//1,0//1,0//1,1//2,0//1,2//1,0//1,1//4,true,true,true,true,0//1,0//1,0//1,separable
1//2,8//1,10//1,10//1,2//1,0//1,0//1,1//2,1//1,0//1,0//1,1//4,true,true,true,true,1//2,0//1,-1//2,substitutes
1//2,8//1,10//1,10//1,2//1,0//1,0//1,1//2,1//1,1//1,0//1,1//4,true,true,true,true,0//1,0//1,0//1,separable
1//2,8//1,10//1,10//1,2//1,0//1,0//1,1//2,1//1,2//1,0//1,1//4,true,true,true,true,0//1,0//1,0//1,separable
1//2,8//1,10//1,10//1,2//1,0//1,0//1,1//2,2//1,0//1,0//1,1//4,true,true,true,true,1//2,0//1,-1//2,substitutes
1//2,8//1,10//1,10//1,2//1,0//1,0//1,1//2,2//1,1//1,0//1,1//4,true,true,true,true,0//1,0//1,0//1,separable
1//2,8//1,10//1,10//1,2//1,0//1,0//1,1//2,2//1,2//1,0//1,1//4,true,true,true,true,0//1,0//1,0//1,separable
1//2,8//1,10//1,10//1,2//1,0//1,0//1,1//1,0//1,0//1,0//1,1//2,true,true,true,true,1//1,0//1,-1//1,substitutes
1//2,8//1,10//1,10//1,2//1,0//1,0//1,1//1,0//1,1//1,0//1,1//2,true,true,true,true,0//1,0//1,0//1,separable
1//2,8//1,10//1,10//1,2//1,0//1,0//1,1//1,0//1,2//1,0//1,1//2,true,true,true,true,0//1,0//1,0//1,separable
1//2,8//1,10//1,10//1,2//1,0//1,0//1,1//1,1//1,0//1,0//1,1//2,true,true,true,true,1//1,0//1,-1//1,substitutes
1//2,8//1,10//1,10//1,2//1,0//1,0//1,1//1,1//1,1//1,0//1,1//2,true,true,true,true,0//1,0//1,0//1,separable
1//2,8//1,10//1,10//1,2//1,0//1,0//1,1//1,1//1,2//1,0//1,1//2,true,true,true,true,0//1,0//1,0//1,separable
1//2,8//1,10//1,10//1,2//1,0//1,0//1,1//1,2//1,0//1,0//1,1//2,true,true,true,true,1//1,0//1,-1//1,substitutes
1//2,8//1,10//1,10//1,2//1,0//1,0//1,1//1,2//1,1//1,0//1,1//2,true,true,true,true,0//1,0//1,0//1,separable
1//2,8//1,10//1,10//1,2//1,0//1,0//1,1//1,2//1,2//1,0//1,1//2,true,true,true,true,0//1,0//1,0//1,separable
1//2,8//1,10//1,10//1,2//1,0//1,1//2,0//1,0//1,0//1,1//4,0//1,false,false,true,false,0//1,0//1,0//1,separable
1//2,8//1,10//1,10//1,2//1,0//1,1//2,0//1,0//1,1//1,1//4,0//1,false,false,true,false,0//1,0//1,0//1,separable
1//2,8//1,10//1,10//1,2//1,0//1,1//2,0//1,0//1,2//1,1//4,0//1,false,false,true,false,0//1,0//1,0//1,separable
1//2,8//1,10//1,10//1,2//1,0//1,1//2,0//1,1//1,0//1,1//4,0//1,false,false,true,false,0//1,0//1,0//1,separable
1//2,8//1,10//1,10//1,2//1,0//1,1//2,0//1,1//1,1//1,1//4,0//1,false,false,true,false,0//1,0//1,0//1,separable
1//2,8//1,10//1,10//1,2//1,0//1,1//2,0//1,1//1,2//1,1//4,0//1,false,false,true,false,0//1,0//1,0//1,separable
1//2,8//1,10//1,10//1,2//1,0//1,1//2,0//1,2//1,0//1,1//4,0//1,false,false,true,false,0//1,0//1,0//1,separable
1//2,8//1,10//1,10//1,2//1,0//1,1//2,0//1,2//1,1//1,1//4,0//1,false,false,true,false,0//1,0//1,0//1,separable
1//2,8//1,10//1,10//1,2//1,0//1,1//2,0//1,2//1,2//1,1//4,0//1,false,false,true,false,0//1,0//1,0//1,separable
1//2,8//1,10//1,10//1,2//1,0//1,1//2,1//2,0//1,0//1,1//4,1//4,true,false,true,false,0//1,0//1,0//1,separable
1//2,8//1,10//1,10//1,2//1,0//1,1//2,1//2,0//1,1//1,1//4,1//4,true,false,true,false,0//1,0//1,0//1,separable
1//2,8//1,10//1,10//1,2//1,0//1,1//2,1//2,0//1,2//1,1//4,1//4,true,false,true,false,0//1,0//1,0//1,separable
1//2,8//1,10//1,10//1,2//1,0//1,1//2,1//2,1//1,0//1,1//4,1//4,true,false,true,false,1//2,0//1,-1//2,substitutes
1//2,8//1,10//1,10//1,2//1,0//1,1//2,1//2,1//1,1//1,1//4,1//4,true,false,true,false,0//1,0//1,0//1,separable
1//2,8//1,10//1,10//1,2//1,0//1,1//2,1//2,1//1,2//1,1//4,1//4,true,false,true,false,0//1,0//1,0//1,separable
1//2,8//1,10//1,10//1,2//1,0//1,1//2,1//2,2//1,0//1,1//4,1//4,true,false,true,false,1//2,0//1,-1//2,substitutes
1//2,8//1,10//1,10//1,2//1,0//1,1//2,1//2,2//1,1//1,1//4,1//4,true,false,true,false,0//1,0//1,0//1,separable
1//2,8//1,10//1,10//1,2//1,0//1,1//2,1//2,2//1,2//1,1//4,1//4,true,false,true,false,0//1,0//1,0//1,separable
1//2,8//1,10//1,10//1,2//1,0//1,1//2,1//1,0//1,0//1,1//4,1//2,true,false,true,false,1//2,0//1,-1//2,substitutes
1//2,8//1,10//1,10//1,2//1,0//1,1//2,1//1,0//1,1//1,1//4,1//2,true,false,true,false,0//1,0//1,0//1,separable
1//2,8//1,10//1,10//1,2//1,0//1,1//2,1//1,0//1,2//1,1//4,1//2,true,false,true,false,0//1,0//1,0//1,separable
1//2,8//1,10//1,10//1,2//1,0//1,1//2,1//1,1//1,0//1,1//4,1//2,true,false,true,false,1//1,0//1,-1//1,substitutes
1//2,8//1,10//1,10//1,2//1,0//1,1//2,1//1,1//1,1//1,1//4,1//2,true,false,true,false,0//1,0//1,0//1,separable
1//2,8//1,10//1,10//1,2//1,0//1,1//2,1//1,1//1,2//1,1//4,1//2,true,false,true,false,0//1,0//1,0//1,separable
1//2,8//1,10//1,10//1,2//1,0//1,1//2,1//1,2//1,0//1,1//4,1//2,true,false,true,false,1//1,0//1,-1//1,substitutes
1//2,8//1,10//1,10//1,2//1,0//1,1//2,1//1,2//1,1//1,1//4,1//2,true,false,true,false,0//1,0//1,0//1,separable
1//2,8//1,10//1,10//1,2//1,0//1,1//2,1//1,2//1,2//1,1//4,1//2,true,false,true,false,0//1,0//1,0//1,separable
1//2,8//1,10//1,10//1,2//1,0//1,1//1,0//1,0//1,0//1,1//2,0//1,false,false,true,false,0//1,0//1,0//1,separable
1//2,8//1,10//1,10//1,2//1,0//1,1//1,0//1,0//1,1//1,1//2,0//1,false,false,true,false,0//1,0//1,0//1,separable
1//2,8//1,10//1,10//1,2//1,0//1,1//1,0//1,0//1,2//1,1//2,0//1,false,false,true,false,0//1,0//1,0//1,separable
1//2,8//1,10//1,10//1,2//1,0//1,1//1,0//1,1//1,0//1,1//2,0//1,false,false,true,false,0//1,0//1,0//1,separable
1//2,8//1,10//1,10//1,2//1,0//1,1//1,0//1,1//1,1//1,1//2,0//1,false,false,true,false,0//1,0//1,0//1,separable
1//2,8//1,10//1,10//1,2//1,0//1,1//1,0//1,1//1,2//1,1//2,0//1,false,false,true,false,0//1,0//1,0//1,separable
1//2,8//1,10//1,10//1,2//1,0//1,1//1,0//1,2//1,0//1,1//2,0//1,false,false,true,false,0//1,0//1,0//1,separable
1//2,8//1,10//1,10//1,2//1,0//1,1//1,0//1,2//1,1//1,1//2,0//1,false,false,true,false,0//1,0//1,0//1,separable
1//2,8//1,10//1,10//1,2//1,0//1,1//1,0//1,2//1,2//1,1//2,0//1,false,false,true,false,0//1,0//1,0//1,separable
1//2,8//1,10//1,10//1,2//1,0//1,1//1,1//2,0//1,0//1,1//2,1//4,false,false,true,false,0//1,0//1,0//1,separable
1//2,8//1,10//1,10//1,2//1,0//1,1//1,1//2,0//1,1//1,1//2,1//4,false,false,true,false,0//1,0//1,0//1,separable
1//2,8//1,10//1,10//1,2//1,0//1,1//1,1//2,0//1,2//1,1//2,1//4,false,false,true,false,0//1,0//1,0//1,separable
1//2,8//1,10//1,10//1,2//1,0//1,1//1,1//2,1//1,0//1,1//2,1//4,false,false,true,false,1//2,0//1,-1//2,substitutes
1//2,8//1,10//1,10//1,2//1,0//1,1//1,1//2,1//1,1//1,1//2,1//4,false,false,true,false,0//1,0//1,0//1,separable
1//2,8//1,10//1,10//1,2//1,0//1,1//1,1//2,1//1,2//1,1//2,1//4,false,false,true,false,0//1,0//1,0//1,separable
1//2,8//1,10//1,10//1,2//1,0//1,1//1,1//2,2//1,0//1,1//2,1//4,false,false,true,false,1//2,0//1,-1//2,substitutes
1//2,8//1,10//1,10//1,2//1,0//1,1//1,1//2,2//1,1//1,1//2,1//4,false,false,true,false,0//1,0//1,0//1,separable
1//2,8//1,10//1,10//1,2//1,0//1,1//1,1//2,2//1,2//1,1//2,1//4,false,false,true,false,0//1,0//1,0//1,separable
1//2,8//1,10//1,10//1,2//1,0//1,1//1,1//1,0//1,0//1,1//2,1//2,true,false,true,false,0//1,0//1,0//1,separable
1//2,8//1,10//1,10//1,2//1,0//1,1//1,1//1,0//1,1//1,1//2,1//2,true,false,true,false,0//1,0//1,0//1,separable
1//2,8//1,10//1,10//1,2//1,0//1,1//1,1//1,0//1,2//1,1//2,1//2,true,false,true,false,0//1,0//1,0//1,separable
1//2,8//1,10//1,10//1,2//1,0//1,1//1,1//1,1//1,0//1,1//2,1//2,true,false,true,false,1//1,0//1,-1//1,substitutes
1//2,8//1,10//1,10//1,2//1,0//1,1//1,1//1,1//1,1//1,1//2,1//2,true,false,true,false,0//1,0//1,0//1,separable
1//2,8//1,10//1,10//1,2//1,0//1,1//1,1//1,1//1,2//1,1//2,1//2,true,false,true,false,0//1,0//1,0//1,separable
1//2,8//1,10//1,10//1,2//1,0//1,1//1,1//1,2//1,0//1,1//2,1//2,true,false,true,false,1//1,0//1,-1//1,substitutes
1//2,8//1,10//1,10//1,2//1,0//1,1//1,1//1,2//1,1//1,1//2,1//2,true,false,true,false,0//1,0//1,0//1,separable
1//2,8//1,10//1,10//1,2//1,0//1,1//1,1//1,2//1,2//1,1//2,1//2,true,false,true,false,0//1,0//1,0//1,separable
