trial_id,lambda_id,lambda,optimal_net_value,optimal_masks,optimal_library_ids,optimal_burdens,operational_values,generative_values,total_values,optimizer_count,enumeration_certificate
1,L0,0//1,256843//12288,27;31,base_1;base_2;closure_carrier;frontier_addition;inactive|base_1;base_2;base_3;closure_carrier;frontier_addition;inactive,8//1;10//1,13825//768,11881//4096,256843//12288,2,complete-enumeration:32
1,L025,1//4,232267//12288,27,base_1;base_2;closure_carrier;frontier_addition;inactive,8//1,13825//768,11881//4096,256843//12288,1,complete-enumeration:32
1,L050,1//2,207691//12288,27,base_1;base_2;closure_carrier;frontier_addition;inactive,8//1,13825//768,11881//4096,256843//12288,1,complete-enumeration:32
1,L100,1//1,656935//49152,26,base_2;closure_carrier;frontier_addition;inactive,6//1,175//12,78349//16384,951847//49152,1,complete-enumeration:32
1,L200,2//1,149287//16384,24,closure_carrier;frontier_addition;inactive,4//1,1225//128,123559//16384,280359//16384,1,complete-enumeration:32
1,L400,4//1,491//96,16,frontier_addition;inactive,1//1,875//96,0//1,875//96,1,complete-enumeration:32
2,L0,0//1,49601//4096,25;27;29;31,base_1;closure_carrier;frontier_addition;inactive|base_1;base_2;closure_carrier;frontier_addition;inactive|base_1;base_3;closure_carrier;frontier_addition;inactive|base_1;base_2;base_3;closure_carrier;frontier_addition;inactive,5//1;7//1;9//1,9275//768,403//12288,49601//4096,4,complete-enumeration:32
2,L025,1//4,8699//768,17,base_1;frontier_addition;inactive,3//1,9275//768,0//1,9275//768,1,complete-enumeration:32
2,L050,1//2,8123//768,17,base_1;frontier_addition;inactive,3//1,9275//768,0//1,9275//768,1,complete-enumeration:32
2,L100,1//1,2369//256,16,frontier_addition;inactive,1//1,2625//256,0//1,2625//256,1,complete-enumeration:32
2,L200,2//1,2113//256,16,frontier_addition;inactive,1//1,2625//256,0//1,2625//256,1,complete-enumeration:32
2,L400,4//1,1601//256,16,frontier_addition;inactive,1//1,2625//256,0//1,2625//256,1,complete-enumeration:32
3,L0,0//1,9283//768,25;27;29;31,base_1;closure_carrier;frontier_addition;inactive|base_1;base_2;closure_carrier;frontier_addition;inactive|base_1;base_3;closure_carrier;frontier_addition;inactive|base_1;base_2;base_3;closure_carrier;frontier_addition;inactive,7//1;11//1;15//1,2275//192,61//256,9283//768,4,complete-enumeration:32
3,L025,1//4,2035//192,17,base_1;frontier_addition;inactive,5//1,2275//192,0//1,2275//192,1,complete-enumeration:32
3,L050,1//2,1829//192,16,frontier_addition;inactive,1//1,1925//192,0//1,1925//192,1,complete-enumeration:32
3,L100,1//1,1733//192,16,frontier_addition;inactive,1//1,1925//192,0//1,1925//192,1,complete-enumeration:32
3,L200,2//1,1541//192,16,frontier_addition;inactive,1//1,1925//192,0//1,1925//192,1,complete-enumeration:32
3,L400,4//1,1157//192,16,frontier_addition;inactive,1//1,1925//192,0//1,1925//192,1,complete-enumeration:32
4,L0,0//1,9275//768,17;19;21;23;25;27;29;31,base_1;frontier_addition;inactive|base_1;base_2;frontier_addition;inactive|base_1;base_3;frontier_addition;inactive|base_1;base_2;base_3;frontier_addition;inactive|base_1;closure_carrier;frontier_addition;inactive|base_1;base_2;closure_carrier;frontier_addition;inactive|base_1;base_3;closure_carrier;frontier_addition;inactive|base_1;base_2;base_3;closure_carrier;frontier_addition;inactive,5//1;8//1;9//1;12//1;13//1;16//1,9275//768,0//1,9275//768,8,complete-enumeration:32
4,L025,1//4,8315//768,17,base_1;frontier_addition;inactive,5//1,9275//768,0//1,9275//768,1,complete-enumeration:32
4,L050,1//2,7355//768,17,base_1;frontier_addition;inactive,5//1,9275//768,0//1,9275//768,1,complete-enumeration:32
4,L100,1//1,1733//192,16,frontier_addition;inactive,1//1,1925//192,0//1,1925//192,1,complete-enumeration:32
4,L200,2//1,1541//192,16,frontier_addition;inactive,1//1,1925//192,0//1,1925//192,1,complete-enumeration:32
4,L400,4//1,1157//192,16,frontier_addition;inactive,1//1,1925//192,0//1,1925//192,1,complete-enumeration:32
5,L0,0//1,4725//256,21;23;29;31,base_1;base_3;frontier_addition;inactive|base_1;base_2;base_3;frontier_addition;inactive|base_1;base_3;closure_carrier;frontier_addition;inactive|base_1;base_2;base_3;closure_carrier;frontier_addition;inactive,5//1;7//1;8//1;10//1,4725//256,0//1,4725//256,4,complete-enumeration:32
5,L025,1//4,4405//256,21,base_1;base_3;frontier_addition;inactive,5//1,4725//256,0//1,4725//256,1,complete-enumeration:32
5,L050,1//2,4085//256,21,base_1;base_3;frontier_addition;inactive,5//1,4725//256,0//1,4725//256,1,complete-enumeration:32
5,L100,1//1,3445//256,21,base_1;base_3;frontier_addition;inactive,5//1,4725//256,0//1,4725//256,1,complete-enumeration:32
5,L200,2//1,1157//128,20,base_3;frontier_addition;inactive,3//1,1925//128,0//1,1925//128,1,complete-enumeration:32
5,L400,4//1,4103//768,16,frontier_addition;inactive,1//1,7175//768,0//1,7175//768,1,complete-enumeration:32
6,L0,0//1,2275//128,19;23;27;31,base_1;base_2;frontier_addition;inactive|base_1;base_2;base_3;frontier_addition;inactive|base_1;base_2;closure_carrier;frontier_addition;inactive|base_1;base_2;base_3;closure_carrier;frontier_addition;inactive,5//1;7//1;9//1,2275//128,0//1,2275//128,4,complete-enumeration:32
6,L025,1//4,2115//128,19,base_1;base_2;frontier_addition;inactive,5//1,2275//128,0//1,2275//128,1,complete-enumeration:32
6,L050,1//2,1955//128,19,base_1;base_2;frontier_addition;inactive,5//1,2275//128,0//1,2275//128,1,complete-enumeration:32
6,L100,1//1,1635//128,19,base_1;base_2;frontier_addition;inactive,5//1,2275//128,0//1,2275//128,1,complete-enumeration:32
6,L200,2//1,2139//256,17,base_1;frontier_addition;inactive,3//1,3675//256,0//1,3675//256,1,complete-enumeration:32
6,L400,4//1,1251//256,16,frontier_addition;inactive,1//1,2275//256,0//1,2275//256,1,complete-enumeration:32
7,L0,0//1,2275//128,22;23;30;31,base_2;base_3;frontier_addition;inactive|base_1;base_2;base_3;frontier_addition;inactive|base_2;base_3;closure_carrier;frontier_addition;inactive|base_1;base_2;base_3;closure_carrier;frontier_addition;inactive,5//1;7//1;8//1;10//1,2275//128,0//1,2275//128,4,complete-enumeration:32
7,L025,1//4,2115//128,22,base_2;base_3;frontier_addition;inactive,5//1,2275//128,0//1,2275//128,1,complete-enumeration:32
7,L050,1//2,1955//128,22,base_2;base_3;frontier_addition;inactive,5//1,2275//128,0//1,2275//128,1,complete-enumeration:32
7,L100,1//1,1635//128,22,base_2;base_3;frontier_addition;inactive,5//1,2275//128,0//1,2275//128,1,complete-enumeration:32
7,L200,2//1,2139//256,18;20,base_2;frontier_addition;inactive|base_3;frontier_addition;inactive,3//1,3675//256,0//1,3675//256,2,complete-enumeration:32
7,L400,4//1,3403//768,16,frontier_addition;inactive,1//1,6475//768,0//1,6475//768,1,complete-enumeration:32
8,L0,0//1,8677//768,25;27;29;31,base_1;closure_carrier;frontier_addition;inactive|base_1;base_2;closure_carrier;frontier_addition;inactive|base_1;base_3;closure_carrier;frontier_addition;inactive|base_1;base_2;base_3;closure_carrier;frontier_addition;inactive,5//1;7//1;9//1,8575//768,17//128,8677//768,4,complete-enumeration:32
8,L025,1//4,7999//768,17,base_1;frontier_addition;inactive,3//1,8575//768,0//1,8575//768,1,complete-enumeration:32
8,L050,1//2,7457//768,1,base_1;inactive,2//1,8225//768,0//1,8225//768,1,complete-enumeration:32
8,L100,1//1,6689//768,1,base_1;inactive,2//1,8225//768,0//1,8225//768,1,complete-enumeration:32
8,L200,2//1,969//128,16,frontier_addition;inactive,1//1,1225//128,0//1,1225//128,1,complete-enumeration:32
8,L400,4//1,713//128,16,frontier_addition;inactive,1//1,1225//128,0//1,1225//128,1,complete-enumeration:32
9,L0,0//1,9625//768,17;19;21;23;25;27;29;31,base_1;frontier_addition;inactive|base_1;base_2;frontier_addition;inactive|base_1;base_3;frontier_addition;inactive|base_1;base_2;base_3;frontier_addition;inactive|base_1;closure_carrier;frontier_addition;inactive|base_1;base_2;closure_carrier;frontier_addition;inactive|base_1;base_3;closure_carrier;frontier_addition;inactive|base_1;base_2;base_3;closure_carrier;frontier_addition;inactive,3//1;5//1;6//1;7//1;8//1;10//1,9625//768,0//1,9625//768,8,complete-enumeration:32
9,L025,1//4,9049//768,17,base_1;frontier_addition;inactive,3//1,9625//768,0//1,9625//768,1,complete-enumeration:32
9,L050,1//2,8473//768,17,base_1;frontier_addition;inactive,3//1,9625//768,0//1,9625//768,1,complete-enumeration:32
9,L100,1//1,2463//256,1,base_1;inactive,2//1,2975//256,0//1,2975//256,1,complete-enumeration:32
9,L200,2//1,1541//192,16,frontier_addition;inactive,1//1,1925//192,0//1,1925//192,1,complete-enumeration:32
9,L400,4//1,1157//192,16,frontier_addition;inactive,1//1,1925//192,0//1,1925//192,1,complete-enumeration:32
10,L0,0//1,13825//768,22;23;30;31,base_2;base_3;frontier_addition;inactive|base_1;base_2;base_3;frontier_addition;inactive|base_2;base_3;closure_carrier;frontier_addition;inactive|base_1;base_2;base_3;closure_carrier;frontier_addition;inactive,5//1;7//1;9//1,13825//768,0//1,13825//768,4,complete-enumeration:32
10,L025,1//4,12865//768,22,base_2;base_3;frontier_addition;inactive,5//1,13825//768,0//1,13825//768,1,complete-enumeration:32
10,L050,1//2,11905//768,22,base_2;base_3;frontier_addition;inactive,5//1,13825//768,0//1,13825//768,1,complete-enumeration:32
10,L100,1//1,9985//768,22,base_2;base_3;frontier_addition;inactive,5//1,13825//768,0//1,13825//768,1,complete-enumeration:32
10,L200,2//1,103//12,18,base_2;frontier_addition;inactive,3//1,175//12,0//1,175//12,1,complete-enumeration:32
10,L400,4//1,491//96,16,frontier_addition;inactive,1//1,875//96,0//1,875//96,1,complete-enumeration:32
11,L0,0//1,2420507//196608,25;27;29;31,base_1;closure_carrier;frontier_addition;inactive|base_1;base_2;closure_carrier;frontier_addition;inactive|base_1;base_3;closure_carrier;frontier_addition;inactive|base_1;base_2;base_3;closure_carrier;frontier_addition;inactive,6//1;8//1;10//1,2975//256,135707//196608,2420507//196608,4,complete-enumeration:32
11,L025,1//4,2783//256,17,base_1;frontier_addition;inactive,3//1,2975//256,0//1,2975//256,1,complete-enumeration:32
11,L050,1//2,2591//256,17,base_1;frontier_addition;inactive,3//1,2975//256,0//1,2975//256,1,complete-enumeration:32
11,L100,1//1,3641//384,16,frontier_addition;inactive,1//1,4025//384,0//1,4025//384,1,complete-enumeration:32
11,L200,2//1,3257//384,16,frontier_addition;inactive,1//1,4025//384,0//1,4025//384,1,complete-enumeration:32
11,L400,4//1,2489//384,16,frontier_addition;inactive,1//1,4025//384,0//1,4025//384,1,complete-enumeration:32
12,L0,0//1,24753//2048,25;27;29;31,base_1;closure_carrier;frontier_addition;inactive|base_1;base_2;closure_carrier;frontier_addition;inactive|base_1;base_3;closure_carrier;frontier_addition;inactive|base_1;base_2;base_3;closure_carrier;frontier_addition;inactive,7//1;11//1;15//1,2975//256,953//2048,24753//2048,4,complete-enumeration:32
12,L025,1//4,2655//256,17,base_1;frontier_addition;inactive,5//1,2975//256,0//1,2975//256,1,complete-enumeration:32
12,L050,1//2,2335//256,17,base_1;frontier_addition;inactive,5//1,2975//256,0//1,2975//256,1,complete-enumeration:32
12,L100,1//1,1097//128,16,frontier_addition;inactive,1//1,1225//128,0//1,1225//128,1,complete-enumeration:32
12,L200,2//1,969//128,16,frontier_addition;inactive,1//1,1225//128,0//1,1225//128,1,complete-enumeration:32
12,L400,4//1,713//128,16,frontier_addition;inactive,1//1,1225//128,0//1,1225//128,1,complete-enumeration:32
13,L0,0//1,1575//128,17;19;21;23;25;27;29;31,base_1;frontier_addition;inactive|base_1;base_2;frontier_addition;inactive|base_1;base_3;frontier_addition;inactive|base_1;base_2;base_3;frontier_addition;inactive|base_1;closure_carrier;frontier_addition;inactive|base_1;base_2;closure_carrier;frontier_addition;inactive|base_1;base_3;closure_carrier;frontier_addition;inactive|base_1;base_2;base_3;closure_carrier;frontier_addition;inactive,3//1;5//1;7//1;9//1,1575//128,0//1,1575//128,8,complete-enumeration:32
13,L025,1//4,1479//128,17,base_1;frontier_addition;inactive,3//1,1575//128,0//1,1575//128,1,complete-enumeration:32
13,L050,1//2,1383//128,17,base_1;frontier_addition;inactive,3//1,1575//128,0//1,1575//128,1,complete-enumeration:32
13,L100,1//1,1191//128,17,base_1;frontier_addition;inactive,3//1,1575//128,0//1,1575//128,1,complete-enumeration:32
13,L200,2//1,1541//192,16,frontier_addition;inactive,1//1,1925//192,0//1,1925//192,1,complete-enumeration:32
13,L400,4//1,1157//192,16,frontier_addition;inactive,1//1,1925//192,0//1,1925//192,1,complete-enumeration:32
14,L0,0//1,875//48,21;23;29;31,base_1;base_3;frontier_addition;inactive|base_1;base_2;base_3;frontier_addition;inactive|base_1;base_3;closure_carrier;frontier_addition;inactive|base_1;base_2;base_3;closure_carrier;frontier_addition;inactive,5//1;7//1;9//1,875//48,0//1,875//48,4,complete-enumeration:32
14,L025,1//4,815//48,21,base_1;base_3;frontier_addition;inactive,5//1,875//48,0//1,875//48,1,complete-enumeration:32
14,L050,1//2,755//48,21,base_1;base_3;frontier_addition;inactive,5//1,875//48,0//1,875//48,1,complete-enumeration:32
14,L100,1//1,635//48,21,base_1;base_3;frontier_addition;inactive,5//1,875//48,0//1,875//48,1,complete-enumeration:32
14,L200,2//1,103//12,20,base_3;frontier_addition;inactive,3//1,175//12,0//1,175//12,1,complete-enumeration:32
14,L400,4//1,491//96,16,frontier_addition;inactive,1//1,875//96,0//1,875//96,1,complete-enumeration:32
15,L0,0//1,1923//128,25;27;29;31,base_1;closure_carrier;frontier_addition;inactive|base_1;base_2;closure_carrier;frontier_addition;inactive|base_1;base_3;closure_carrier;frontier_addition;inactive|base_1;base_2;base_3;closure_carrier;frontier_addition;inactive,6//1;8//1;10//1,2975//256,871//256,1923//128,4,complete-enumeration:32
15,L025,1//4,1731//128,25,base_1;closure_carrier;frontier_addition;inactive,6//1,2975//256,871//256,1923//128,1,complete-enumeration:32
15,L050,1//2,74981//6144,24,closure_carrier;frontier_addition;inactive,4//1,7525//768,9023//2048,87269//6144,1,complete-enumeration:32
15,L100,1//1,62693//6144,24,closure_carrier;frontier_addition;inactive,4//1,7525//768,9023//2048,87269//6144,1,complete-enumeration:32
15,L200,2//1,5989//768,16,frontier_addition;inactive,1//1,7525//768,0//1,7525//768,1,complete-enumeration:32
15,L400,4//1,4453//768,16,frontier_addition;inactive,1//1,7525//768,0//1,7525//768,1,complete-enumeration:32
16,L0,0//1,14525//768,22;23;30;31,base_2;base_3;frontier_addition;inactive|base_1;base_2;base_3;frontier_addition;inactive|base_2;base_3;closure_carrier;frontier_addition;inactive|base_1;base_2;base_3;closure_carrier;frontier_addition;inactive,5//1;7//1;8//1;10//1,14525//768,0//1,14525//768,4,complete-enumeration:32
16,L025,1//4,13565//768,22,base_2;base_3;frontier_addition;inactive,5//1,14525//768,0//1,14525//768,1,complete-enumeration:32
16,L050,1//2,12605//768,22,base_2;base_3;frontier_addition;inactive,5//1,14525//768,0//1,14525//768,1,complete-enumeration:32
16,L100,1//1,10685//768,22,base_2;base_3;frontier_addition;inactive,5//1,14525//768,0//1,14525//768,1,complete-enumeration:32
16,L200,2//1,6845//768,22,base_2;base_3;frontier_addition;inactive,5//1,14525//768,0//1,14525//768,1,complete-enumeration:32
16,L400,4//1,1251//256,16,frontier_addition;inactive,1//1,2275//256,0//1,2275//256,1,complete-enumeration:32
17,L0,0//1,13927//768,29;31,base_1;base_3;closure_carrier;frontier_addition;inactive|base_1;base_2;base_3;closure_carrier;frontier_addition;inactive,12//1;16//1,13825//768,17//128,13927//768,2,complete-enumeration:32
17,L025,1//4,12097//768,21,base_1;base_3;frontier_addition;inactive,9//1,13825//768,0//1,13825//768,1,complete-enumeration:32
17,L050,1//2,10369//768,21,base_1;base_3;frontier_addition;inactive,9//1,13825//768,0//1,13825//768,1,complete-enumeration:32
17,L100,1//1,115//12,20,base_3;frontier_addition;inactive,5//1,175//12,0//1,175//12,1,complete-enumeration:32
17,L200,2//1,2557//384,16,frontier_addition;inactive,1//1,3325//384,0//1,3325//384,1,complete-enumeration:32
17,L400,4//1,1789//384,16,frontier_addition;inactive,1//1,3325//384,0//1,3325//384,1,complete-enumeration:32
18,L0,0//1,52077//4096,25;27;29;31,base_1;closure_carrier;frontier_addition;inactive|base_1;base_2;closure_carrier;frontier_addition;inactive|base_1;base_3;closure_carrier;frontier_addition;inactive|base_1;base_2;base_3;closure_carrier;frontier_addition;inactive,5//1;7//1;9//1,2975//256,4477//4096,52077//4096,4,complete-enumeration:32
18,L025,1//4,46957//4096,25,base_1;closure_carrier;frontier_addition;inactive,5//1,2975//256,4477//4096,52077//4096,1,complete-enumeration:32
18,L050,1//2,41837//4096,25,base_1;closure_carrier;frontier_addition;inactive,5//1,2975//256,4477//4096,52077//4096,1,complete-enumeration:32
18,L100,1//1,1733//192,16,frontier_addition;inactive,1//1,1925//192,0//1,1925//192,1,complete-enumeration:32
18,L200,2//1,1541//192,16,frontier_addition;inactive,1//1,1925//192,0//1,1925//192,1,complete-enumeration:32
18,L400,4//1,1157//192,16,frontier_addition;inactive,1//1,1925//192,0//1,1925//192,1,complete-enumeration:32
19,L0,0//1,875//48,19;23;27;31,base_1;base_2;frontier_addition;inactive|base_1;base_2;base_3;frontier_addition;inactive|base_1;base_2;closure_carrier;frontier_addition;inactive|base_1;base_2;base_3;closure_carrier;frontier_addition;inactive,5//1;7//1;9//1,875//48,0//1,875//48,4,complete-enumeration:32
19,L025,1//4,815//48,19,base_1;base_2;frontier_addition;inactive,5//1,875//48,0//1,875//48,1,complete-enumeration:32
19,L050,1//2,755//48,19,base_1;base_2;frontier_addition;inactive,5//1,875//48,0//1,875//48,1,complete-enumeration:32
19,L100,1//1,635//48,19,base_1;base_2;frontier_addition;inactive,5//1,875//48,0//1,875//48,1,complete-enumeration:32
19,L200,2//1,6767//768,17,base_1;frontier_addition;inactive,3//1,11375//768,0//1,11375//768,1,complete-enumeration:32
19,L400,4//1,1789//384,16,frontier_addition;inactive,1//1,3325//384,0//1,3325//384,1,complete-enumeration:32
20,L0,0//1,60751//3072,27;31,base_1;base_2;closure_carrier;frontier_addition;inactive|base_1;base_2;base_3;closure_carrier;frontier_addition;inactive,12//1;16//1,7175//384,1117//1024,60751//3072,2,complete-enumeration:32
20,L025,1//4,51535//3072,27,base_1;base_2;closure_carrier;frontier_addition;inactive,12//1,7175//384,1117//1024,60751//3072,1,complete-enumeration:32
20,L050,1//2,5447//384,19,base_1;base_2;frontier_addition;inactive,9//1,7175//384,0//1,7175//384,1,complete-enumeration:32
20,L100,1//1,95473//8192,24,closure_carrier;frontier_addition;inactive,4//1,1225//128,49841//8192,128241//8192,1,complete-enumeration:32
20,L200,2//1,62705//8192,24,closure_carrier;frontier_addition;inactive,4//1,1225//128,49841//8192,128241//8192,1,complete-enumeration:32
20,L400,4//1,713//128,16,frontier_addition;inactive,1//1,1225//128,0//1,1225//128,1,complete-enumeration:32
21,L0,0//1,875//48,19;23;27;31,base_1;base_2;frontier_addition;inactive|base_1;base_2;base_3;frontier_addition;inactive|base_1;base_2;closure_carrier;frontier_addition;inactive|base_1;base_2;base_3;closure_carrier;frontier_addition;inactive,9//1;11//1;13//1;15//1,875//48,0//1,875//48,4,complete-enumeration:32
21,L025,1//4,767//48,19,base_1;base_2;frontier_addition;inactive,9//1,875//48,0//1,875//48,1,complete-enumeration:32
21,L050,1//2,659//48,19,base_1;base_2;frontier_addition;inactive,9//1,875//48,0//1,875//48,1,complete-enumeration:32
21,L100,1//1,1285//128,18,base_2;frontier_addition;inactive,5//1,1925//128,0//1,1925//128,1,complete-enumeration:32
21,L200,2//1,5639//768,16,frontier_addition;inactive,1//1,7175//768,0//1,7175//768,1,complete-enumeration:32
21,L400,4//1,4103//768,16,frontier_addition;inactive,1//1,7175//768,0//1,7175//768,1,complete-enumeration:32
22,L0,0//1,875//48,19;23;27;31,base_1;base_2;frontier_addition;inactive|base_1;base_2;base_3;frontier_addition;inactive|base_1;base_2;closure_carrier;frontier_addition;inactive|base_1;base_2;base_3;closure_carrier;frontier_addition;inactive,9//1;11//1;13//1;15//1,875//48,0//1,875//48,4,complete-enumeration:32
22,L025,1//4,767//48,19,base_1;base_2;frontier_addition;inactive,9//1,875//48,0//1,875//48,1,complete-enumeration:32
22,L050,1//2,659//48,19,base_1;base_2;frontier_addition;inactive,9//1,875//48,0//1,875//48,1,complete-enumeration:32
22,L100,1//1,1285//128,18,base_2;frontier_addition;inactive,5//1,1925//128,0//1,1925//128,1,complete-enumeration:32
22,L200,2//1,5639//768,16,frontier_addition;inactive,1//1,7175//768,0//1,7175//768,1,complete-enumeration:32
22,L400,4//1,4103//768,16,frontier_addition;inactive,1//1,7175//768,0//1,7175//768,1,complete-enumeration:32
23,L0,0//1,9275//768,17;19;21;23;25;27;29;31,base_1;frontier_addition;inactive|base_1;base_2;frontier_addition;inactive|base_1;base_3;frontier_addition;inactive|base_1;base_2;base_3;frontier_addition;inactive|base_1;closure_carrier;frontier_addition;inactive|base_1;base_2;closure_carrier;frontier_addition;inactive|base_1;base_3;closure_carrier;frontier_addition;inactive|base_1;base_2;base_3;closure_carrier;frontier_addition;inactive,3//1;5//1;7//1;9//1,9275//768,0//1,9275//768,8,complete-enumeration:32
23,L025,1//4,8699//768,17,base_1;frontier_addition;inactive,3//1,9275//768,0//1,9275//768,1,complete-enumeration:32
23,L050,1//2,8123//768,17,base_1;frontier_addition;inactive,3//1,9275//768,0//1,9275//768,1,complete-enumeration:32
23,L100,1//1,7039//768,1,base_1;inactive,2//1,8575//768,0//1,8575//768,1,complete-enumeration:32
23,L200,2//1,1541//192,16,frontier_addition;inactive,1//1,1925//192,0//1,1925//192,1,complete-enumeration:32
23,L400,4//1,1157//192,16,frontier_addition;inactive,1//1,1925//192,0//1,1925//192,1,complete-enumeration:32
24,L0,0//1,918449//49152,30;31,base_2;base_3;closure_carrier;frontier_addition;inactive|base_1;base_2;base_3;closure_carrier;frontier_addition;inactive,12//1;16//1,875//48,7483//16384,918449//49152,2,complete-enumeration:32
24,L025,1//4,767//48,22,base_2;base_3;frontier_addition;inactive,9//1,875//48,0//1,875//48,1,complete-enumeration:32
24,L050,1//2,659//48,22,base_2;base_3;frontier_addition;inactive,9//1,875//48,0//1,875//48,1,complete-enumeration:32
24,L100,1//1,7535//768,18,base_2;frontier_addition;inactive,5//1,11375//768,0//1,11375//768,1,complete-enumeration:32
24,L200,2//1,683//96,16,frontier_addition;inactive,1//1,875//96,0//1,875//96,1,complete-enumeration:32
24,L400,4//1,491//96,16,frontier_addition;inactive,1//1,875//96,0//1,875//96,1,complete-enumeration:32
25,L0,0//1,151631//12288,25;27;29;31,base_1;closure_carrier;frontier_addition;inactive|base_1;base_2;closure_carrier;frontier_addition;inactive|base_1;base_3;closure_carrier;frontier_addition;inactive|base_1;base_2;base_3;closure_carrier;frontier_addition;inactive,5//1;7//1;9//1,9275//768,1077//4096,151631//12288,4,complete-enumeration:32
25,L025,1//4,8699//768,17,base_1;frontier_addition;inactive,3//1,9275//768,0//1,9275//768,1,complete-enumeration:32
25,L050,1//2,8123//768,17,base_1;frontier_addition;inactive,3//1,9275//768,0//1,9275//768,1,complete-enumeration:32
25,L100,1//1,3641//384,16,frontier_addition;inactive,1//1,4025//384,0//1,4025//384,1,complete-enumeration:32
25,L200,2//1,3257//384,16,frontier_addition;inactive,1//1,4025//384,0//1,4025//384,1,complete-enumeration:32
25,L400,4//1,2489//384,16,frontier_addition;inactive,1//1,4025//384,0//1,4025//384,1,complete-enumeration:32
26,L0,0//1,147697//8192,30;31,base_2;base_3;closure_carrier;frontier_addition;inactive|base_1;base_2;base_3;closure_carrier;frontier_addition;inactive,11//1;15//1,2275//128,2097//8192,147697//8192,2,complete-enumeration:32
26,L025,1//4,1987//128,22,base_2;base_3;frontier_addition;inactive,9//1,2275//128,0//1,2275//128,1,complete-enumeration:32
26,L050,1//2,1699//128,22,base_2;base_3;frontier_addition;inactive,9//1,2275//128,0//1,2275//128,1,complete-enumeration:32
26,L100,1//1,3505//384,18;20,base_2;frontier_addition;inactive|base_3;frontier_addition;inactive,5//1,5425//384,0//1,5425//384,2,complete-enumeration:32
26,L200,2//1,683//96,16,frontier_addition;inactive,1//1,875//96,0//1,875//96,1,complete-enumeration:32
26,L400,4//1,491//96,16,frontier_addition;inactive,1//1,875//96,0//1,875//96,1,complete-enumeration:32
27,L0,0//1,299149//16384,27;31,base_1;base_2;closure_carrier;frontier_addition;inactive|base_1;base_2;base_3;closure_carrier;frontier_addition;inactive,12//1;16//1,875//48,1447//49152,299149//16384,2,complete-enumeration:32
27,L025,1//4,767//48,19,base_1;base_2;frontier_addition;inactive,9//1,875//48,0//1,875//48,1,complete-enumeration:32
27,L050,1//2,659//48,19,base_1;base_2;frontier_addition;inactive,9//1,875//48,0//1,875//48,1,complete-enumeration:32
27,L100,1//1,7535//768,17,base_1;frontier_addition;inactive,5//1,11375//768,0//1,11375//768,1,complete-enumeration:32
27,L200,2//1,2557//384,16,frontier_addition;inactive,1//1,3325//384,0//1,3325//384,1,complete-enumeration:32
27,L400,4//1,1789//384,16,frontier_addition;inactive,1//1,3325//384,0//1,3325//384,1,complete-enumeration:32
28,L0,0//1,1575//128,17;19;21;23;25;27;29;31,base_1;frontier_addition;inactive|base_1;base_2;frontier_addition;inactive|base_1;base_3;frontier_addition;inactive|base_1;base_2;base_3;frontier_addition;inactive|base_1;closure_carrier;frontier_addition;inactive|base_1;base_2;closure_carrier;frontier_addition;inactive|base_1;base_3;closure_carrier;frontier_addition;inactive|base_1;base_2;base_3;closure_carrier;frontier_addition;inactive,3//1;5//1;6//1;7//1;8//1;10//1,1575//128,0//1,1575//128,8,complete-enumeration:32
28,L025,1//4,1479//128,17,base_1;frontier_addition;inactive,3//1,1575//128,0//1,1575//128,1,complete-enumeration:32
28,L050,1//2,1383//128,17,base_1;frontier_addition;inactive,3//1,1575//128,0//1,1575//128,1,complete-enumeration:32
28,L100,1//1,3641//384,16,frontier_addition;inactive,1//1,4025//384,0//1,4025//384,1,complete-enumeration:32
28,L200,2//1,3257//384,16,frontier_addition;inactive,1//1,4025//384,0//1,4025//384,1,complete-enumeration:32
28,L400,4//1,2489//384,16,frontier_addition;inactive,1//1,4025//384,0//1,4025//384,1,complete-enumeration:32
29,L0,0//1,1575//128,17;19;21;23;25;27;29;31,base_1;frontier_addition;inactive|base_1;base_2;frontier_addition;inactive|base_1;base_3;frontier_addition;inactive|base_1;base_2;base_3;frontier_addition;inactive|base_1;closure_carrier;frontier_addition;inactive|base_1;base_2;closure_carrier;frontier_addition;inactive|base_1;base_3;closure_carrier;frontier_addition;inactive|base_1;base_2;base_3;closure_carrier;frontier_addition;inactive,5//1;7//1;9//1;11//1;13//1;15//1,1575//128,0//1,1575//128,8,complete-enumeration:32
29,L025,1//4,1415//128,17,base_1;frontier_addition;inactive,5//1,1575//128,0//1,1575//128,1,complete-enumeration:32
29,L050,1//2,1255//128,17,base_1;frontier_addition;inactive,5//1,1575//128,0//1,1575//128,1,complete-enumeration:32
29,L100,1//1,2369//256,16,frontier_addition;inactive,1//1,2625//256,0//1,2625//256,1,complete-enumeration:32
29,L200,2//1,2113//256,16,frontier_addition;inactive,1//1,2625//256,0//1,2625//256,1,complete-enumeration:32
29,L400,4//1,1601//256,16,frontier_addition;inactive,1//1,2625//256,0//1,2625//256,1,complete-enumeration:32
30,L0,0//1,181243//12288,25;27;29;31,base_1;closure_carrier;frontier_addition;inactive|base_1;base_2;closure_carrier;frontier_addition;inactive|base_1;base_3;closure_carrier;frontier_addition;inactive|base_1;base_2;base_3;closure_carrier;frontier_addition;inactive,5//1;7//1;9//1,2275//192,11881//4096,181243//12288,4,complete-enumeration:32
30,L025,1//4,165883//12288,25,base_1;closure_carrier;frontier_addition;inactive,5//1,2275//192,11881//4096,181243//12288,1,complete-enumeration:32
30,L050,1//2,611563//49152,9,base_1;closure_carrier;inactive,4//1,8575//768,53689//16384,709867//49152,1,complete-enumeration:32
30,L100,1//1,532201//49152,24,closure_carrier;frontier_addition;inactive,3//1,7525//768,66019//16384,679657//49152,1,complete-enumeration:32
30,L200,2//1,384745//49152,24,closure_carrier;frontier_addition;inactive,3//1,7525//768,66019//16384,679657//49152,1,complete-enumeration:32
30,L400,4//1,4453//768,16,frontier_addition;inactive,1//1,7525//768,0//1,7525//768,1,complete-enumeration:32
31,L0,0//1,87481//4096,29;31,base_1;base_3;closure_carrier;frontier_addition;inactive|base_1;base_2;base_3;closure_carrier;frontier_addition;inactive,8//1;10//1,4725//256,11881//4096,87481//4096,2,complete-enumeration:32
31,L025,1//4,79289//4096,29,base_1;base_3;closure_carrier;frontier_addition;inactive,8//1,4725//256,11881//4096,87481//4096,1,complete-enumeration:32
31,L050,1//2,71097//4096,29,base_1;base_3;closure_carrier;frontier_addition;inactive,8//1,4725//256,11881//4096,87481//4096,1,complete-enumeration:32
31,L100,1//1,168575//12288,28,base_3;closure_carrier;frontier_addition;inactive,6//1,11375//768,20101//4096,242303//12288,1,complete-enumeration:32
31,L200,2//1,113789//12288,24,closure_carrier;frontier_addition;inactive,4//1,7175//768,32431//4096,212093//12288,1,complete-enumeration:32
31,L400,4//1,4103//768,16,frontier_addition;inactive,1//1,7175//768,0//1,7175//768,1,complete-enumeration:32
32,L0,0//1,9625//768,17;19;21;23;25;27;29;31,base_1;frontier_addition;inactive|base_1;base_2;frontier_addition;inactive|base_1;base_3;frontier_addition;inactive|base_1;base_2;base_3;frontier_addition;inactive|base_1;closure_carrier;frontier_addition;inactive|base_1;base_2;closure_carrier;frontier_addition;inactive|base_1;base_3;closure_carrier;frontier_addition;inactive|base_1;base_2;base_3;closure_carrier;frontier_addition;inactive,3//1;5//1;7//1;9//1,9625//768,0//1,9625//768,8,complete-enumeration:32
32,L025,1//4,9049//768,17,base_1;frontier_addition;inactive,3//1,9625//768,0//1,9625//768,1,complete-enumeration:32
32,L050,1//2,8473//768,17,base_1;frontier_addition;inactive,3//1,9625//768,0//1,9625//768,1,complete-enumeration:32
32,L100,1//1,7321//768,17,base_1;frontier_addition;inactive,3//1,9625//768,0//1,9625//768,1,complete-enumeration:32
32,L200,2//1,3257//384,16,frontier_addition;inactive,1//1,4025//384,0//1,4025//384,1,complete-enumeration:32
32,L400,4//1,2489//384,16,frontier_addition;inactive,1//1,4025//384,0//1,4025//384,1,complete-enumeration:32
33,L0,0//1,13825//768,19;23;27;31,base_1;base_2;frontier_addition;inactive|base_1;base_2;base_3;frontier_addition;inactive|base_1;base_2;closure_carrier;frontier_addition;inactive|base_1;base_2;base_3;closure_carrier;frontier_addition;inactive,5//1;7//1;8//1;10//1,13825//768,0//1,13825//768,4,complete-enumeration:32
33,L025,1//4,12865//768,19,base_1;base_2;frontier_addition;inactive,5//1,13825//768,0//1,13825//768,1,complete-enumeration:32
33,L050,1//2,11905//768,19,base_1;base_2;frontier_addition;inactive,5//1,13825//768,0//1,13825//768,1,complete-enumeration:32
33,L100,1//1,9985//768,19,base_1;base_2;frontier_addition;inactive,5//1,13825//768,0//1,13825//768,1,complete-enumeration:32
33,L200,2//1,6767//768,17,base_1;frontier_addition;inactive,3//1,11375//768,0//1,11375//768,1,complete-enumeration:32
33,L400,4//1,4453//768,16,frontier_addition;inactive,1//1,7525//768,0//1,7525//768,1,complete-enumeration:32
34,L0,0//1,10493//768,25;27;29;31,base_1;closure_carrier;frontier_addition;inactive|base_1;base_2;closure_carrier;frontier_addition;inactive|base_1;base_3;closure_carrier;frontier_addition;inactive|base_1;base_2;base_3;closure_carrier;frontier_addition;inactive,8//1;12//1;16//1,9275//768,203//128,10493//768,4,complete-enumeration:32
34,L025,1//4,387717//32768,24,closure_carrier;frontier_addition;inactive,4//1,2625//256,84485//32768,420485//32768,1,complete-enumeration:32
34,L050,1//2,354949//32768,24,closure_carrier;frontier_addition;inactive,4//1,2625//256,84485//32768,420485//32768,1,complete-enumeration:32
34,L100,1//1,2369//256,16,frontier_addition;inactive,1//1,2625//256,0//1,2625//256,1,complete-enumeration:32
34,L200,2//1,2113//256,16,frontier_addition;inactive,1//1,2625//256,0//1,2625//256,1,complete-enumeration:32
34,L400,4//1,1601//256,16,frontier_addition;inactive,1//1,2625//256,0//1,2625//256,1,complete-enumeration:32
35,L0,0//1,875//48,22;23;30;31,base_2;base_3;frontier_addition;inactive|base_1;base_2;base_3;frontier_addition;inactive|base_2;base_3;closure_carrier;frontier_addition;inactive|base_1;base_2;base_3;closure_carrier;frontier_addition;inactive,9//1;11//1;13//1;15//1,875//48,0//1,875//48,4,complete-enumeration:32
35,L025,1//4,767//48,22,base_2;base_3;frontier_addition;inactive,9//1,875//48,0//1,875//48,1,complete-enumeration:32
35,L050,1//2,659//48,22,base_2;base_3;frontier_addition;inactive,9//1,875//48,0//1,875//48,1,complete-enumeration:32
35,L100,1//1,7535//768,20,base_3;frontier_addition;inactive,5//1,11375//768,0//1,11375//768,1,complete-enumeration:32
35,L200,2//1,1763//256,16,frontier_addition;inactive,1//1,2275//256,0//1,2275//256,1,complete-enumeration:32
35,L400,4//1,1251//256,16,frontier_addition;inactive,1//1,2275//256,0//1,2275//256,1,complete-enumeration:32
36,L0,0//1,9275//768,17;19;21;23;25;27;29;31,base_1;frontier_addition;inactive|base_1;base_2;frontier_addition;inactive|base_1;base_3;frontier_addition;inactive|base_1;base_2;base_3;frontier_addition;inactive|base_1;closure_carrier;frontier_addition;inactive|base_1;base_2;closure_carrier;frontier_addition;inactive|base_1;base_3;closure_carrier;frontier_addition;inactive|base_1;base_2;base_3;closure_carrier;frontier_addition;inactive,3//1;5//1;7//1;9//1,9275//768,0//1,9275//768,8,complete-enumeration:32
36,L025,1//4,8699//768,17,base_1;frontier_addition;inactive,3//1,9275//768,0//1,9275//768,1,complete-enumeration:32
36,L050,1//2,8123//768,17,base_1;frontier_addition;inactive,3//1,9275//768,0//1,9275//768,1,complete-enumeration:32
36,L100,1//1,2369//256,16,frontier_addition;inactive,1//1,2625//256,0//1,2625//256,1,complete-enumeration:32
36,L200,2//1,2113//256,16,frontier_addition;inactive,1//1,2625//256,0//1,2625//256,1,complete-enumeration:32
36,L400,4//1,1601//256,16,frontier_addition;inactive,1//1,2625//256,0//1,2625//256,1,complete-enumeration:32
37,L0,0//1,13825//768,19;23;27;31,base_1;base_2;frontier_addition;inactive|base_1;base_2;base_3;frontier_addition;inactive|base_1;base_2;closure_carrier;frontier_addition;inactive|base_1;base_2;base_3;closure_carrier;frontier_addition;inactive,9//1;12//1;13//1;16//1,13825//768,0//1,13825//768,4,complete-enumeration:32
37,L025,1//4,12097//768,19,base_1;base_2;frontier_addition;inactive,9//1,13825//768,0//1,13825//768,1,complete-enumeration:32
37,L050,1//2,10369//768,19,base_1;base_2;frontier_addition;inactive,9//1,13825//768,0//1,13825//768,1,complete-enumeration:32
37,L100,1//1,2395//256,17,base_1;frontier_addition;inactive,5//1,3675//256,0//1,3675//256,1,complete-enumeration:32
37,L200,2//1,5639//768,16,frontier_addition;inactive,1//1,7175//768,0//1,7175//768,1,complete-enumeration:32
37,L400,4//1,4103//768,16,frontier_addition;inactive,1//1,7175//768,0//1,7175//768,1,complete-enumeration:32
38,L0,0//1,13825//768,19;23;27;31,base_1;base_2;frontier_addition;inactive|base_1;base_2;base_3;frontier_addition;inactive|base_1;base_2;closure_carrier;frontier_addition;inactive|base_1;base_2;base_3;closure_carrier;frontier_addition;inactive,9//1;11//1;13//1;15//1,13825//768,0//1,13825//768,4,complete-enumeration:32
38,L025,1//4,12097//768,19,base_1;base_2;frontier_addition;inactive,9//1,13825//768,0//1,13825//768,1,complete-enumeration:32
38,L050,1//2,10369//768,19,base_1;base_2;frontier_addition;inactive,9//1,13825//768,0//1,13825//768,1,complete-enumeration:32
38,L100,1//1,115//12,17,base_1;frontier_addition;inactive,5//1,175//12,0//1,175//12,1,complete-enumeration:32
38,L200,2//1,683//96,16,frontier_addition;inactive,1//1,875//96,0//1,875//96,1,complete-enumeration:32
38,L400,4//1,491//96,16,frontier_addition;inactive,1//1,875//96,0//1,875//96,1,complete-enumeration:32
39,L0,0//1,875//48,21;23;29;31,base_1;base_3;frontier_addition;inactive|base_1;base_2;base_3;frontier_addition;inactive|base_1;base_3;closure_carrier;frontier_addition;inactive|base_1;base_2;base_3;closure_carrier;frontier_addition;inactive,5//1;7//1;8//1;10//1,875//48,0//1,875//48,4,complete-enumeration:32
39,L025,1//4,815//48,21,base_1;base_3;frontier_addition;inactive,5//1,875//48,0//1,875//48,1,complete-enumeration:32
39,L050,1//2,755//48,21,base_1;base_3;frontier_addition;inactive,5//1,875//48,0//1,875//48,1,complete-enumeration:32
39,L100,1//1,635//48,21,base_1;base_3;frontier_addition;inactive,5//1,875//48,0//1,875//48,1,complete-enumeration:32
39,L200,2//1,6767//768,17,base_1;frontier_addition;inactive,3//1,11375//768,0//1,11375//768,1,complete-enumeration:32
39,L400,4//1,1251//256,16,frontier_addition;inactive,1//1,2275//256,0//1,2275//256,1,complete-enumeration:32
40,L0,0//1,62281//4096,25;27;29;31,base_1;closure_carrier;frontier_addition;inactive|base_1;base_2;closure_carrier;frontier_addition;inactive|base_1;base_3;closure_carrier;frontier_addition;inactive|base_1;base_2;base_3;closure_carrier;frontier_addition;inactive,6//1;8//1;10//1,1575//128,11881//4096,62281//4096,4,complete-enumeration:32
40,L025,1//4,56137//4096,25,base_1;closure_carrier;frontier_addition;inactive,6//1,1575//128,11881//4096,62281//4096,1,complete-enumeration:32
40,L050,1//2,203129//16384,9,base_1;closure_carrier;inactive,5//1,2975//256,53689//16384,244089//16384,1,complete-enumeration:32
40,L100,1//1,168483//16384,24,closure_carrier;frontier_addition;inactive,4//1,2625//256,66019//16384,234019//16384,1,complete-enumeration:32
40,L200,2//1,2113//256,16,frontier_addition;inactive,1//1,2625//256,0//1,2625//256,1,complete-enumeration:32
40,L400,4//1,1601//256,16,frontier_addition;inactive,1//1,2625//256,0//1,2625//256,1,complete-enumeration:32
41,L0,0//1,13825//768,21;23;29;31,base_1;base_3;frontier_addition;inactive|base_1;base_2;base_3;frontier_addition;inactive|base_1;base_3;closure_carrier;frontier_addition;inactive|base_1;base_2;base_3;closure_carrier;frontier_addition;inactive,5//1;7//1;9//1,13825//768,0//1,13825//768,4,complete-enumeration:32
41,L025,1//4,12865//768,21,base_1;base_3;frontier_addition;inactive,5//1,13825//768,0//1,13825//768,1,complete-enumeration:32
41,L050,1//2,11905//768,21,base_1;base_3;frontier_addition;inactive,5//1,13825//768,0//1,13825//768,1,complete-enumeration:32
41,L100,1//1,9985//768,21,base_1;base_3;frontier_addition;inactive,5//1,13825//768,0//1,13825//768,1,complete-enumeration:32
41,L200,2//1,103//12,17;20,base_1;frontier_addition;inactive|base_3;frontier_addition;inactive,3//1,175//12,0//1,175//12,2,complete-enumeration:32
41,L400,4//1,491//96,16,frontier_addition;inactive,1//1,875//96,0//1,875//96,1,complete-enumeration:32
42,L0,0//1,198799//16384,25;27;29;31,base_1;closure_carrier;frontier_addition;inactive|base_1;base_2;closure_carrier;frontier_addition;inactive|base_1;base_3;closure_carrier;frontier_addition;inactive|base_1;base_2;base_3;closure_carrier;frontier_addition;inactive,8//1;12//1;16//1,2275//192,13997//49152,198799//16384,4,complete-enumeration:32
42,L025,1//4,2035//192,17,base_1;frontier_addition;inactive,5//1,2275//192,0//1,2275//192,1,complete-enumeration:32
42,L050,1//2,2497//256,16,frontier_addition;inactive,1//1,2625//256,0//1,2625//256,1,complete-enumeration:32
42,L100,1//1,2369//256,16,frontier_addition;inactive,1//1,2625//256,0//1,2625//256,1,complete-enumeration:32
42,L200,2//1,2113//256,16,frontier_addition;inactive,1//1,2625//256,0//1,2625//256,1,complete-enumeration:32
42,L400,4//1,1601//256,16,frontier_addition;inactive,1//1,2625//256,0//1,2625//256,1,complete-enumeration:32
43,L0,0//1,156605//12288,25;27;29;31,base_1;closure_carrier;frontier_addition;inactive|base_1;base_2;closure_carrier;frontier_addition;inactive|base_1;base_3;closure_carrier;frontier_addition;inactive|base_1;base_2;base_3;closure_carrier;frontier_addition;inactive,7//1;11//1;15//1,9275//768,2735//4096,156605//12288,4,complete-enumeration:32
43,L025,1//4,135101//12288,25,base_1;closure_carrier;frontier_addition;inactive,7//1,9275//768,2735//4096,156605//12288,1,complete-enumeration:32
43,L050,1//2,646597//65536,24,closure_carrier;frontier_addition;inactive,3//1,2625//256,72901//65536,744901//65536,1,complete-enumeration:32
43,L100,1//1,2369//256,16,frontier_addition;inactive,1//1,2625//256,0//1,2625//256,1,complete-enumeration:32
43,L200,2//1,2113//256,16,frontier_addition;inactive,1//1,2625//256,0//1,2625//256,1,complete-enumeration:32
43,L400,4//1,1601//256,16,frontier_addition;inactive,1//1,2625//256,0//1,2625//256,1,complete-enumeration:32
44,L0,0//1,624245//49152,25;27;29;31,base_1;closure_carrier;frontier_addition;inactive|base_1;base_2;closure_carrier;frontier_addition;inactive|base_1;base_3;closure_carrier;frontier_addition;inactive|base_1;base_2;base_3;closure_carrier;frontier_addition;inactive,6//1;8//1;10//1,9275//768,10215//16384,624245//49152,4,complete-enumeration:32
44,L025,1//4,8699//768,17,base_1;frontier_addition;inactive,3//1,9275//768,0//1,9275//768,1,complete-enumeration:32
44,L050,1//2,8123//768,17,base_1;frontier_addition;inactive,3//1,9275//768,0//1,9275//768,1,complete-enumeration:32
44,L100,1//1,6971//768,17,base_1;frontier_addition;inactive,3//1,9275//768,0//1,9275//768,1,complete-enumeration:32
44,L200,2//1,1541//192,16,frontier_addition;inactive,1//1,1925//192,0//1,1925//192,1,complete-enumeration:32
44,L400,4//1,1157//192,16,frontier_addition;inactive,1//1,1925//192,0//1,1925//192,1,complete-enumeration:32
45,L0,0//1,265243//12288,29;31,base_1;base_3;closure_carrier;frontier_addition;inactive|base_1;base_2;base_3;closure_carrier;frontier_addition;inactive,12//1;16//1,7175//384,11881//4096,265243//12288,2,complete-enumeration:32
45,L025,1//4,228379//12288,29,base_1;base_3;closure_carrier;frontier_addition;inactive,12//1,7175//384,11881//4096,265243//12288,1,complete-enumeration:32
45,L050,1//2,778769//49152,25,base_1;closure_carrier;frontier_addition;inactive,8//1,11375//768,82459//16384,975377//49152,1,complete-enumeration:32
45,L100,1//1,657929//49152,24,closure_carrier;frontier_addition;inactive,4//1,7175//768,131779//16384,854537//49152,1,complete-enumeration:32
45,L200,2//1,461321//49152,24,closure_carrier;frontier_addition;inactive,4//1,7175//768,131779//16384,854537//49152,1,complete-enumeration:32
45,L400,4//1,1251//256,16,frontier_addition;inactive,1//1,2275//256,0//1,2275//256,1,complete-enumeration:32
46,L0,0//1,153805//12288,25;27;29;31,base_1;closure_carrier;frontier_addition;inactive|base_1;base_2;closure_carrier;frontier_addition;inactive|base_1;base_3;closure_carrier;frontier_addition;inactive|base_1;base_2;base_3;closure_carrier;frontier_addition;inactive,8//1;12//1;16//1,2275//192,2735//4096,153805//12288,4,complete-enumeration:32
46,L025,1//4,2035//192,17,base_1;frontier_addition;inactive,5//1,2275//192,0//1,2275//192,1,complete-enumeration:32
46,L050,1//2,2497//256,16,frontier_addition;inactive,1//1,2625//256,0//1,2625//256,1,complete-enumeration:32
46,L100,1//1,2369//256,16,frontier_addition;inactive,1//1,2625//256,0//1,2625//256,1,complete-enumeration:32
46,L200,2//1,2113//256,16,frontier_addition;inactive,1//1,2625//256,0//1,2625//256,1,complete-enumeration:32
46,L400,4//1,1601//256,16,frontier_addition;inactive,1//1,2625//256,0//1,2625//256,1,complete-enumeration:32
47,L0,0//1,437491//24576,30;31,base_2;base_3;closure_carrier;frontier_addition;inactive|base_1;base_2;base_3;closure_carrier;frontier_addition;inactive,7//1;9//1,13475//768,2097//8192,437491//24576,2,complete-enumeration:32
47,L025,1//4,12515//768,22,base_2;base_3;frontier_addition;inactive,5//1,13475//768,0//1,13475//768,1,complete-enumeration:32
47,L050,1//2,11555//768,22,base_2;base_3;frontier_addition;inactive,5//1,13475//768,0//1,13475//768,1,complete-enumeration:32
47,L100,1//1,9635//768,22,base_2;base_3;frontier_addition;inactive,5//1,13475//768,0//1,13475//768,1,complete-enumeration:32
47,L200,2//1,2139//256,20,base_3;frontier_addition;inactive,3//1,3675//256,0//1,3675//256,1,complete-enumeration:32
47,L400,4//1,1251//256,16,frontier_addition;inactive,1//1,2275//256,0//1,2275//256,1,complete-enumeration:32
48,L0,0//1,4375//384,17;19;21;23;25;27;29;31,base_1;frontier_addition;inactive|base_1;base_2;frontier_addition;inactive|base_1;base_3;frontier_addition;inactive|base_1;base_2;base_3;frontier_addition;inactive|base_1;closure_carrier;frontier_addition;inactive|base_1;base_2;closure_carrier;frontier_addition;inactive|base_1;base_3;closure_carrier;frontier_addition;inactive|base_1;base_2;base_3;closure_carrier;frontier_addition;inactive,3//1;5//1;7//1;9//1,4375//384,0//1,4375//384,8,complete-enumeration:32
48,L025,1//4,4087//384,17,base_1;frontier_addition;inactive,3//1,4375//384,0//1,4375//384,1,complete-enumeration:32
48,L050,1//2,159//16,1,base_1;inactive,2//1,175//16,0//1,175//16,1,complete-enumeration:32
48,L100,1//1,143//16,1,base_1;inactive,2//1,175//16,0//1,175//16,1,complete-enumeration:32
48,L200,2//1,969//128,16,frontier_addition;inactive,1//1,1225//128,0//1,1225//128,1,complete-enumeration:32
48,L400,4//1,713//128,16,frontier_addition;inactive,1//1,1225//128,0//1,1225//128,1,complete-enumeration:32
49,L0,0//1,13825//768,21;23;29;31,base_1;base_3;frontier_addition;inactive|base_1;base_2;base_3;frontier_addition;inactive|base_1;base_3;closure_carrier;frontier_addition;inactive|base_1;base_2;base_3;closure_carrier;frontier_addition;inactive,5//1;7//1;9//1,13825//768,0//1,13825//768,4,complete-enumeration:32
49,L025,1//4,12865//768,21,base_1;base_3;frontier_addition;inactive,5//1,13825//768,0//1,13825//768,1,complete-enumeration:32
49,L050,1//2,11905//768,21,base_1;base_3;frontier_addition;inactive,5//1,13825//768,0//1,13825//768,1,complete-enumeration:32
49,L100,1//1,9985//768,21,base_1;base_3;frontier_addition;inactive,5//1,13825//768,0//1,13825//768,1,complete-enumeration:32
49,L200,2//1,103//12,20,base_3;frontier_addition;inactive,3//1,175//12,0//1,175//12,1,complete-enumeration:32
49,L400,4//1,1789//384,16,frontier_addition;inactive,1//1,3325//384,0//1,3325//384,1,complete-enumeration:32
50,L0,0//1,905429//49152,29;31,base_1;base_3;closure_carrier;frontier_addition;inactive|base_1;base_2;base_3;closure_carrier;frontier_addition;inactive,8//1;10//1,13475//768,14343//16384,905429//49152,2,complete-enumeration:32
50,L025,1//4,807125//49152,29,base_1;base_3;closure_carrier;frontier_addition;inactive,8//1,13475//768,14343//16384,905429//49152,1,complete-enumeration:32
50,L050,1//2,11555//768,21,base_1;base_3;frontier_addition;inactive,5//1,13475//768,0//1,13475//768,1,complete-enumeration:32
50,L100,1//1,9635//768,21,base_1;base_3;frontier_addition;inactive,5//1,13475//768,0//1,13475//768,1,complete-enumeration:32
50,L200,2//1,3121//384,17,base_1;frontier_addition;inactive,3//1,5425//384,0//1,5425//384,1,complete-enumeration:32
50,L400,4//1,1789//384,16,frontier_addition;inactive,1//1,3325//384,0//1,3325//384,1,complete-enumeration:32
51,L0,0//1,2275//192,17;19;21;23;25;27;29;31,base_1;frontier_addition;inactive|base_1;base_2;frontier_addition;inactive|base_1;base_3;frontier_addition;inactive|base_1;base_2;base_3;frontier_addition;inactive|base_1;closure_carrier;frontier_addition;inactive|base_1;base_2;closure_carrier;frontier_addition;inactive|base_1;base_3;closure_carrier;frontier_addition;inactive|base_1;base_2;base_3;closure_carrier;frontier_addition;inactive,5//1;7//1;9//1;11//1;13//1;15//1,2275//192,0//1,2275//192,8,complete-enumeration:32
51,L025,1//4,2035//192,17,base_1;frontier_addition;inactive,5//1,2275//192,0//1,2275//192,1,complete-enumeration:32
51,L050,1//2,1795//192,17,base_1;frontier_addition;inactive,5//1,2275//192,0//1,2275//192,1,complete-enumeration:32
51,L100,1//1,6757//768,16,frontier_addition;inactive,1//1,7525//768,0//1,7525//768,1,complete-enumeration:32
51,L200,2//1,5989//768,16,frontier_addition;inactive,1//1,7525//768,0//1,7525//768,1,complete-enumeration:32
51,L400,4//1,4453//768,16,frontier_addition;inactive,1//1,7525//768,0//1,7525//768,1,complete-enumeration:32
52,L0,0//1,2275//192,17;19;21;23;25;27;29;31,base_1;frontier_addition;inactive|base_1;base_2;frontier_addition;inactive|base_1;base_3;frontier_addition;inactive|base_1;base_2;base_3;frontier_addition;inactive|base_1;closure_carrier;frontier_addition;inactive|base_1;base_2;closure_carrier;frontier_addition;inactive|base_1;base_3;closure_carrier;frontier_addition;inactive|base_1;base_2;base_3;closure_carrier;frontier_addition;inactive,5//1;7//1;9//1;11//1;13//1;15//1,2275//192,0//1,2275//192,8,complete-enumeration:32
52,L025,1//4,2035//192,17,base_1;frontier_addition;inactive,5//1,2275//192,0//1,2275//192,1,complete-enumeration:32
52,L050,1//2,1795//192,17,base_1;frontier_addition;inactive,5//1,2275//192,0//1,2275//192,1,complete-enumeration:32
52,L100,1//1,1097//128,16,frontier_addition;inactive,1//1,1225//128,0//1,1225//128,1,complete-enumeration:32
52,L200,2//1,969//128,16,frontier_addition;inactive,1//1,1225//128,0//1,1225//128,1,complete-enumeration:32
52,L400,4//1,713//128,16,frontier_addition;inactive,1//1,1225//128,0//1,1225//128,1,complete-enumeration:32
53,L0,0//1,7175//384,22;23;30;31,base_2;base_3;frontier_addition;inactive|base_1;base_2;base_3;frontier_addition;inactive|base_2;base_3;closure_carrier;frontier_addition;inactive|base_1;base_2;base_3;closure_carrier;frontier_addition;inactive,9//1;12//1;13//1;16//1,7175//384,0//1,7175//384,4,complete-enumeration:32
53,L025,1//4,6311//384,22,base_2;base_3;frontier_addition;inactive,9//1,7175//384,0//1,7175//384,1,complete-enumeration:32
53,L050,1//2,5447//384,22,base_2;base_3;frontier_addition;inactive,9//1,7175//384,0//1,7175//384,1,complete-enumeration:32
53,L100,1//1,1285//128,18,base_2;frontier_addition;inactive,5//1,1925//128,0//1,1925//128,1,complete-enumeration:32
53,L200,2//1,1763//256,16,frontier_addition;inactive,1//1,2275//256,0//1,2275//256,1,complete-enumeration:32
53,L400,4//1,1251//256,16,frontier_addition;inactive,1//1,2275//256,0//1,2275//256,1,complete-enumeration:32
54,L0,0//1,949141//49152,29;31,base_1;base_3;closure_carrier;frontier_addition;inactive|base_1;base_2;base_3;closure_carrier;frontier_addition;inactive,11//1;15//1,7175//384,10247//16384,949141//49152,2,complete-enumeration:32
54,L025,1//4,813973//49152,29,base_1;base_3;closure_carrier;frontier_addition;inactive,11//1,7175//384,10247//16384,949141//49152,1,complete-enumeration:32
54,L050,1//2,5447//384,21,base_1;base_3;frontier_addition;inactive,9//1,7175//384,0//1,7175//384,1,complete-enumeration:32
54,L100,1//1,592277//49152,24,closure_carrier;frontier_addition;inactive,3//1,7175//768,93511//16384,739733//49152,1,complete-enumeration:32
54,L200,2//1,444821//49152,24,closure_carrier;frontier_addition;inactive,3//1,7175//768,93511//16384,739733//49152,1,complete-enumeration:32
54,L400,4//1,4103//768,16,frontier_addition;inactive,1//1,7175//768,0//1,7175//768,1,complete-enumeration:32
55,L0,0//1,4879//256,27;31,base_1;base_2;closure_carrier;frontier_addition;inactive|base_1;base_2;base_3;closure_carrier;frontier_addition;inactive,8//1;10//1,4725//256,77//128,4879//256,2,complete-enumeration:32
55,L025,1//4,4405//256,19,base_1;base_2;frontier_addition;inactive,5//1,4725//256,0//1,4725//256,1,complete-enumeration:32
55,L050,1//2,4085//256,19,base_1;base_2;frontier_addition;inactive,5//1,4725//256,0//1,4725//256,1,complete-enumeration:32
55,L100,1//1,3445//256,19,base_1;base_2;frontier_addition;inactive,5//1,4725//256,0//1,4725//256,1,complete-enumeration:32
55,L200,2//1,1157//128,17;18,base_1;frontier_addition;inactive|base_2;frontier_addition;inactive,3//1,1925//128,0//1,1925//128,2,complete-enumeration:32
55,L400,4//1,713//128,16,frontier_addition;inactive,1//1,1225//128,0//1,1225//128,1,complete-enumeration:32
56,L0,0//1,41387//3072,25;27;29;31,base_1;closure_carrier;frontier_addition;inactive|base_1;base_2;closure_carrier;frontier_addition;inactive|base_1;base_3;closure_carrier;frontier_addition;inactive|base_1;base_2;base_3;closure_carrier;frontier_addition;inactive,8//1;12//1;16//1,9275//768,1429//1024,41387//3072,4,complete-enumeration:32
56,L025,1//4,23865//2048,24,closure_carrier;frontier_addition;inactive,4//1,2625//256,4913//2048,25913//2048,1,complete-enumeration:32
56,L050,1//2,21817//2048,24,closure_carrier;frontier_addition;inactive,4//1,2625//256,4913//2048,25913//2048,1,complete-enumeration:32
56,L100,1//1,2369//256,16,frontier_addition;inactive,1//1,2625//256,0//1,2625//256,1,complete-enumeration:32
56,L200,2//1,2113//256,16,frontier_addition;inactive,1//1,2625//256,0//1,2625//256,1,complete-enumeration:32
56,L400,4//1,1601//256,16,frontier_addition;inactive,1//1,2625//256,0//1,2625//256,1,complete-enumeration:32
57,L0,0//1,126739//6144,27;31,base_1;base_2;closure_carrier;frontier_addition;inactive|base_1;base_2;base_3;closure_carrier;frontier_addition;inactive,7//1;9//1,875//48,4913//2048,126739//6144,2,complete-enumeration:32
57,L025,1//4,115987//6144,27,base_1;base_2;closure_carrier;frontier_addition;inactive,7//1,875//48,4913//2048,126739//6144,1,complete-enumeration:32
57,L050,1//2,105235//6144,27,base_1;base_2;closure_carrier;frontier_addition;inactive,7//1,875//48,4913//2048,126739//6144,1,complete-enumeration:32
57,L100,1//1,692627//49152,25;26,base_1;closure_carrier;frontier_addition;inactive|base_2;closure_carrier;frontier_addition;inactive,5//1,11375//768,70129//16384,938387//49152,2,complete-enumeration:32
57,L200,2//1,522635//49152,24,closure_carrier;frontier_addition;inactive,3//1,7175//768,119449//16384,817547//49152,1,complete-enumeration:32
57,L400,4//1,23193//4096,8,closure_carrier;inactive,2//1,175//64,44761//4096,55961//4096,1,complete-enumeration:32
58,L0,0//1,30113//2048,25;27;29;31,base_1;closure_carrier;frontier_addition;inactive|base_1;base_2;closure_carrier;frontier_addition;inactive|base_1;base_3;closure_carrier;frontier_addition;inactive|base_1;base_2;base_3;closure_carrier;frontier_addition;inactive,8//1;12//1;16//1,1575//128,4913//2048,30113//2048,4,complete-enumeration:32
58,L025,1//4,209415//16384,24,closure_carrier;frontier_addition;inactive,4//1,2625//256,57799//16384,225799//16384,1,complete-enumeration:32
58,L050,1//2,193031//16384,24,closure_carrier;frontier_addition;inactive,4//1,2625//256,57799//16384,225799//16384,1,complete-enumeration:32
58,L100,1//1,160263//16384,24,closure_carrier;frontier_addition;inactive,4//1,2625//256,57799//16384,225799//16384,1,complete-enumeration:32
58,L200,2//1,2113//256,16,frontier_addition;inactive,1//1,2625//256,0//1,2625//256,1,complete-enumeration:32
58,L400,4//1,1601//256,16,frontier_addition;inactive,1//1,2625//256,0//1,2625//256,1,complete-enumeration:32
59,L0,0//1,1575//128,17;19;21;23;25;27;29;31,base_1;frontier_addition;inactive|base_1;base_2;frontier_addition;inactive|base_1;base_3;frontier_addition;inactive|base_1;base_2;base_3;frontier_addition;inactive|base_1;closure_carrier;frontier_addition;inactive|base_1;base_2;closure_carrier;frontier_addition;inactive|base_1;base_3;closure_carrier;frontier_addition;inactive|base_1;base_2;base_3;closure_carrier;frontier_addition;inactive,5//1;7//1;9//1;11//1;13//1;15//1,1575//128,0//1,1575//128,8,complete-enumeration:32
59,L025,1//4,1415//128,17,base_1;frontier_addition;inactive,5//1,1575//128,0//1,1575//128,1,complete-enumeration:32
59,L050,1//2,1255//128,17,base_1;frontier_addition;inactive,5//1,1575//128,0//1,1575//128,1,complete-enumeration:32
59,L100,1//1,1733//192,16,frontier_addition;inactive,1//1,1925//192,0//1,1925//192,1,complete-enumeration:32
59,L200,2//1,1541//192,16,frontier_addition;inactive,1//1,1925//192,0//1,1925//192,1,complete-enumeration:32
59,L400,4//1,1157//192,16,frontier_addition;inactive,1//1,1925//192,0//1,1925//192,1,complete-enumeration:32
60,L0,0//1,9275//768,17;19;21;23;25;27;29;31,base_1;frontier_addition;inactive|base_1;base_2;frontier_addition;inactive|base_1;base_3;frontier_addition;inactive|base_1;base_2;base_3;frontier_addition;inactive|base_1;closure_carrier;frontier_addition;inactive|base_1;base_2;closure_carrier;frontier_addition;inactive|base_1;base_3;closure_carrier;frontier_addition;inactive|base_1;base_2;base_3;closure_carrier;frontier_addition;inactive,5//1;8//1;9//1;12//1;13//1;16//1,9275//768,0//1,9275//768,8,complete-enumeration:32
60,L025,1//4,8315//768,17,base_1;frontier_addition;inactive,5//1,9275//768,0//1,9275//768,1,complete-enumeration:32
60,L050,1//2,2497//256,16,frontier_addition;inactive,1//1,2625//256,0//1,2625//256,1,complete-enumeration:32
60,L100,1//1,2369//256,16,frontier_addition;inactive,1//1,2625//256,0//1,2625//256,1,complete-enumeration:32
60,L200,2//1,2113//256,16,frontier_addition;inactive,1//1,2625//256,0//1,2625//256,1,complete-enumeration:32
60,L400,4//1,1601//256,16,frontier_addition;inactive,1//1,2625//256,0//1,2625//256,1,complete-enumeration:32
61,L0,0//1,13825//768,19;23;27;31,base_1;base_2;frontier_addition;inactive|base_1;base_2;base_3;frontier_addition;inactive|base_1;base_2;closure_carrier;frontier_addition;inactive|base_1;base_2;base_3;closure_carrier;frontier_addition;inactive,5//1;7//1;9//1,13825//768,0//1,13825//768,4,complete-enumeration:32
61,L025,1//4,12865//768,19,base_1;base_2;frontier_addition;inactive,5//1,13825//768,0//1,13825//768,1,complete-enumeration:32
61,L050,1//2,11905//768,19,base_1;base_2;frontier_addition;inactive,5//1,13825//768,0//1,13825//768,1,complete-enumeration:32
61,L100,1//1,9985//768,19,base_1;base_2;frontier_addition;inactive,5//1,13825//768,0//1,13825//768,1,complete-enumeration:32
61,L200,2//1,6767//768,18,base_2;frontier_addition;inactive,3//1,11375//768,0//1,11375//768,1,complete-enumeration:32
61,L400,4//1,1251//256,16,frontier_addition;inactive,1//1,2275//256,0//1,2275//256,1,complete-enumeration:32
62,L0,0//1,3719707//196608,30;31,base_2;base_3;closure_carrier;frontier_addition;inactive|base_1;base_2;base_3;closure_carrier;frontier_addition;inactive,12//1;16//1,875//48,135707//196608,3719707//196608,2,complete-enumeration:32
62,L025,1//4,767//48,22,base_2;base_3;frontier_addition;inactive,9//1,875//48,0//1,875//48,1,complete-enumeration:32
62,L050,1//2,659//48,22,base_2;base_3;frontier_addition;inactive,9//1,875//48,0//1,875//48,1,complete-enumeration:32
62,L100,1//1,173689//16384,24,closure_carrier;frontier_addition;inactive,4//1,2275//256,93625//16384,239225//16384,1,complete-enumeration:32
62,L200,2//1,2557//384,16,frontier_addition;inactive,1//1,3325//384,0//1,3325//384,1,complete-enumeration:32
62,L400,4//1,1789//384,16,frontier_addition;inactive,1//1,3325//384,0//1,3325//384,1,complete-enumeration:32
63,L0,0//1,172843//12288,25;27;29;31,base_1;closure_carrier;frontier_addition;inactive|base_1;base_2;closure_carrier;frontier_addition;inactive|base_1;base_3;closure_carrier;frontier_addition;inactive|base_1;base_2;base_3;closure_carrier;frontier_addition;inactive,7//1;11//1;15//1,8575//768,11881//4096,172843//12288,4,complete-enumeration:32
63,L025,1//4,206421//16384,24,closure_carrier;frontier_addition;inactive,3//1,1225//128,61909//16384,218709//16384,1,complete-enumeration:32
63,L050,1//2,194133//16384,24,closure_carrier;frontier_addition;inactive,3//1,1225//128,61909//16384,218709//16384,1,complete-enumeration:32
63,L100,1//1,169557//16384,24,closure_carrier;frontier_addition;inactive,3//1,1225//128,61909//16384,218709//16384,1,complete-enumeration:32
63,L200,2//1,969//128,16,frontier_addition;inactive,1//1,1225//128,0//1,1225//128,1,complete-enumeration:32
63,L400,4//1,713//128,16,frontier_addition;inactive,1//1,1225//128,0//1,1225//128,1,complete-enumeration:32
64,L0,0//1,4759//256,29;31,base_1;base_3;closure_carrier;frontier_addition;inactive|base_1;base_2;base_3;closure_carrier;frontier_addition;inactive,8//1;10//1,4725//256,17//128,4759//256,2,complete-enumeration:32
64,L025,1//4,4405//256,21,base_1;base_3;frontier_addition;inactive,5//1,4725//256,0//1,4725//256,1,complete-enumeration:32
64,L050,1//2,4085//256,21,base_1;base_3;frontier_addition;inactive,5//1,4725//256,0//1,4725//256,1,complete-enumeration:32
64,L100,1//1,3445//256,21,base_1;base_3;frontier_addition;inactive,5//1,4725//256,0//1,4725//256,1,complete-enumeration:32
64,L200,2//1,6767//768,20,base_3;frontier_addition;inactive,3//1,11375//768,0//1,11375//768,1,complete-enumeration:32
64,L400,4//1,1789//384,16,frontier_addition;inactive,1//1,3325//384,0//1,3325//384,1,complete-enumeration:32
65,L0,0//1,1575//128,17;19;21;23;25;27;29;31,base_1;frontier_addition;inactive|base_1;base_2;frontier_addition;inactive|base_1;base_3;frontier_addition;inactive|base_1;base_2;base_3;frontier_addition;inactive|base_1;closure_carrier;frontier_addition;inactive|base_1;base_2;closure_carrier;frontier_addition;inactive|base_1;base_3;closure_carrier;frontier_addition;inactive|base_1;base_2;base_3;closure_carrier;frontier_addition;inactive,3//1;5//1;6//1;7//1;8//1;10//1,1575//128,0//1,1575//128,8,complete-enumeration:32
65,L025,1//4,1479//128,17,base_1;frontier_addition;inactive,3//1,1575//128,0//1,1575//128,1,complete-enumeration:32
65,L050,1//2,1383//128,17,base_1;frontier_addition;inactive,3//1,1575//128,0//1,1575//128,1,complete-enumeration:32
65,L100,1//1,3641//384,16,frontier_addition;inactive,1//1,4025//384,0//1,4025//384,1,complete-enumeration:32
65,L200,2//1,3257//384,16,frontier_addition;inactive,1//1,4025//384,0//1,4025//384,1,complete-enumeration:32
65,L400,4//1,2489//384,16,frontier_addition;inactive,1//1,4025//384,0//1,4025//384,1,complete-enumeration:32
66,L0,0//1,875//48,19;23;27;31,base_1;base_2;frontier_addition;inactive|base_1;base_2;base_3;frontier_addition;inactive|base_1;base_2;closure_carrier;frontier_addition;inactive|base_1;base_2;base_3;closure_carrier;frontier_addition;inactive,5//1;7//1;9//1,875//48,0//1,875//48,4,complete-enumeration:32
66,L025,1//4,815//48,19,base_1;base_2;frontier_addition;inactive,5//1,875//48,0//1,875//48,1,complete-enumeration:32
66,L050,1//2,755//48,19,base_1;base_2;frontier_addition;inactive,5//1,875//48,0//1,875//48,1,complete-enumeration:32
66,L100,1//1,635//48,19,base_1;base_2;frontier_addition;inactive,5//1,875//48,0//1,875//48,1,complete-enumeration:32
66,L200,2//1,6767//768,18,base_2;frontier_addition;inactive,3//1,11375//768,0//1,11375//768,1,complete-enumeration:32
66,L400,4//1,1789//384,16,frontier_addition;inactive,1//1,3325//384,0//1,3325//384,1,complete-enumeration:32
67,L0,0//1,2275//128,19;23;27;31,base_1;base_2;frontier_addition;inactive|base_1;base_2;base_3;frontier_addition;inactive|base_1;base_2;closure_carrier;frontier_addition;inactive|base_1;base_2;base_3;closure_carrier;frontier_addition;inactive,5//1;7//1;8//1;10//1,2275//128,0//1,2275//128,4,complete-enumeration:32
67,L025,1//4,2115//128,19,base_1;base_2;frontier_addition;inactive,5//1,2275//128,0//1,2275//128,1,complete-enumeration:32
67,L050,1//2,1955//128,19,base_1;base_2;frontier_addition;inactive,5//1,2275//128,0//1,2275//128,1,complete-enumeration:32
67,L100,1//1,1635//128,19,base_1;base_2;frontier_addition;inactive,5//1,2275//128,0//1,2275//128,1,complete-enumeration:32
67,L200,2//1,103//12,17,base_1;frontier_addition;inactive,3//1,175//12,0//1,175//12,1,complete-enumeration:32
67,L400,4//1,1789//384,16,frontier_addition;inactive,1//1,3325//384,0//1,3325//384,1,complete-enumeration:32
68,L0,0//1,2975//256,17;19;21;23;25;27;29;31,base_1;frontier_addition;inactive|base_1;base_2;frontier_addition;inactive|base_1;base_3;frontier_addition;inactive|base_1;base_2;base_3;frontier_addition;inactive|base_1;closure_carrier;frontier_addition;inactive|base_1;base_2;closure_carrier;frontier_addition;inactive|base_1;base_3;closure_carrier;frontier_addition;inactive|base_1;base_2;base_3;closure_carrier;frontier_addition;inactive,3//1;5//1;7//1;9//1,2975//256,0//1,2975//256,8,complete-enumeration:32
68,L025,1//4,2783//256,17,base_1;frontier_addition;inactive,3//1,2975//256,0//1,2975//256,1,complete-enumeration:32
68,L050,1//2,2591//256,17,base_1;frontier_addition;inactive,3//1,2975//256,0//1,2975//256,1,complete-enumeration:32
68,L100,1//1,2369//256,16,frontier_addition;inactive,1//1,2625//256,0//1,2625//256,1,complete-enumeration:32
68,L200,2//1,2113//256,16,frontier_addition;inactive,1//1,2625//256,0//1,2625//256,1,complete-enumeration:32
68,L400,4//1,1601//256,16,frontier_addition;inactive,1//1,2625//256,0//1,2625//256,1,complete-enumeration:32
69,L0,0//1,2275//192,17;19;21;23;25;27;29;31,base_1;frontier_addition;inactive|base_1;base_2;frontier_addition;inactive|base_1;base_3;frontier_addition;inactive|base_1;base_2;base_3;frontier_addition;inactive|base_1;closure_carrier;frontier_addition;inactive|base_1;base_2;closure_carrier;frontier_addition;inactive|base_1;base_3;closure_carrier;frontier_addition;inactive|base_1;base_2;base_3;closure_carrier;frontier_addition;inactive,3//1;5//1;6//1;7//1;8//1;10//1,2275//192,0//1,2275//192,8,complete-enumeration:32
69,L025,1//4,2131//192,17,base_1;frontier_addition;inactive,3//1,2275//192,0//1,2275//192,1,complete-enumeration:32
69,L050,1//2,1987//192,17,base_1;frontier_addition;inactive,3//1,2275//192,0//1,2275//192,1,complete-enumeration:32
69,L100,1//1,7457//768,16,frontier_addition;inactive,1//1,8225//768,0//1,8225//768,1,complete-enumeration:32
69,L200,2//1,6689//768,16,frontier_addition;inactive,1//1,8225//768,0//1,8225//768,1,complete-enumeration:32
69,L400,4//1,5153//768,16,frontier_addition;inactive,1//1,8225//768,0//1,8225//768,1,complete-enumeration:32
70,L0,0//1,2975//256,17;19;21;23;25;27;29;31,base_1;frontier_addition;inactive|base_1;base_2;frontier_addition;inactive|base_1;base_3;frontier_addition;inactive|base_1;base_2;base_3;frontier_addition;inactive|base_1;closure_carrier;frontier_addition;inactive|base_1;base_2;closure_carrier;frontier_addition;inactive|base_1;base_3;closure_carrier;frontier_addition;inactive|base_1;base_2;base_3;closure_carrier;frontier_addition;inactive,3//1;5//1;6//1;7//1;8//1;10//1,2975//256,0//1,2975//256,8,complete-enumeration:32
70,L025,1//4,2783//256,17,base_1;frontier_addition;inactive,3//1,2975//256,0//1,2975//256,1,complete-enumeration:32
70,L050,1//2,2591//256,17,base_1;frontier_addition;inactive,3//1,2975//256,0//1,2975//256,1,complete-enumeration:32
70,L100,1//1,1733//192,16,frontier_addition;inactive,1//1,1925//192,0//1,1925//192,1,complete-enumeration:32
70,L200,2//1,1541//192,16,frontier_addition;inactive,1//1,1925//192,0//1,1925//192,1,complete-enumeration:32
70,L400,4//1,1157//192,16,frontier_addition;inactive,1//1,1925//192,0//1,1925//192,1,complete-enumeration:32
71,L0,0//1,125339//6144,30;31,base_2;base_3;closure_carrier;frontier_addition;inactive|base_1;base_2;base_3;closure_carrier;frontier_addition;inactive,11//1;15//1,13825//768,4913//2048,125339//6144,2,complete-enumeration:32
71,L025,1//4,108443//6144,30,base_2;base_3;closure_carrier;frontier_addition;inactive,11//1,13825//768,4913//2048,125339//6144,1,complete-enumeration:32
71,L050,1//2,755155//49152,28,base_3;closure_carrier;frontier_addition;inactive,7//1,175//12,70129//16384,927187//49152,1,complete-enumeration:32
71,L100,1//1,331963//24576,24,closure_carrier;frontier_addition;inactive,3//1,7175//768,58697//8192,405691//24576,1,complete-enumeration:32
71,L200,2//1,258235//24576,24,closure_carrier;frontier_addition;inactive,3//1,7175//768,58697//8192,405691//24576,1,complete-enumeration:32
71,L400,4//1,138593//24576,8,closure_carrier;inactive,2//1,2275//768,87467//8192,335201//24576,1,complete-enumeration:32
72,L0,0//1,1575//128,17;19;21;23;25;27;29;31,base_1;frontier_addition;inactive|base_1;base_2;frontier_addition;inactive|base_1;base_3;frontier_addition;inactive|base_1;base_2;base_3;frontier_addition;inactive|base_1;closure_carrier;frontier_addition;inactive|base_1;base_2;closure_carrier;frontier_addition;inactive|base_1;base_3;closure_carrier;frontier_addition;inactive|base_1;base_2;base_3;closure_carrier;frontier_addition;inactive,5//1;7//1;9//1;11//1;13//1;15//1,1575//128,0//1,1575//128,8,complete-enumeration:32
72,L025,1//4,1415//128,17,base_1;frontier_addition;inactive,5//1,1575//128,0//1,1575//128,1,complete-enumeration:32
72,L050,1//2,1255//128,17,base_1;frontier_addition;inactive,5//1,1575//128,0//1,1575//128,1,complete-enumeration:32
72,L100,1//1,1097//128,16,frontier_addition;inactive,1//1,1225//128,0//1,1225//128,1,complete-enumeration:32
72,L200,2//1,969//128,16,frontier_addition;inactive,1//1,1225//128,0//1,1225//128,1,complete-enumeration:32
72,L400,4//1,713//128,16,frontier_addition;inactive,1//1,1225//128,0//1,1225//128,1,complete-enumeration:32
73,L0,0//1,875//48,19;23;27;31,base_1;base_2;frontier_addition;inactive|base_1;base_2;base_3;frontier_addition;inactive|base_1;base_2;closure_carrier;frontier_addition;inactive|base_1;base_2;base_3;closure_carrier;frontier_addition;inactive,9//1;12//1;13//1;16//1,875//48,0//1,875//48,4,complete-enumeration:32
73,L025,1//4,767//48,19,base_1;base_2;frontier_addition;inactive,9//1,875//48,0//1,875//48,1,complete-enumeration:32
73,L050,1//2,659//48,19,base_1;base_2;frontier_addition;inactive,9//1,875//48,0//1,875//48,1,complete-enumeration:32
73,L100,1//1,1285//128,18,base_2;frontier_addition;inactive,5//1,1925//128,0//1,1925//128,1,complete-enumeration:32
73,L200,2//1,2557//384,16,frontier_addition;inactive,1//1,3325//384,0//1,3325//384,1,complete-enumeration:32
73,L400,4//1,1789//384,16,frontier_addition;inactive,1//1,3325//384,0//1,3325//384,1,complete-enumeration:32
74,L0,0//1,3613//192,30;31,base_2;base_3;closure_carrier;frontier_addition;inactive|base_1;base_2;base_3;closure_carrier;frontier_addition;inactive,11//1;15//1,7175//384,17//128,3613//192,2,complete-enumeration:32
74,L025,1//4,6311//384,22,base_2;base_3;frontier_addition;inactive,9//1,7175//384,0//1,7175//384,1,complete-enumeration:32
74,L050,1//2,5447//384,22,base_2;base_3;frontier_addition;inactive,9//1,7175//384,0//1,7175//384,1,complete-enumeration:32
74,L100,1//1,7535//768,18;20,base_2;frontier_addition;inactive|base_3;frontier_addition;inactive,5//1,11375//768,0//1,11375//768,2,complete-enumeration:32
74,L200,2//1,683//96,16,frontier_addition;inactive,1//1,875//96,0//1,875//96,1,complete-enumeration:32
74,L400,4//1,491//96,16,frontier_addition;inactive,1//1,875//96,0//1,875//96,1,complete-enumeration:32
75,L0,0//1,2275//192,17;19;21;23;25;27;29;31,base_1;frontier_addition;inactive|base_1;base_2;frontier_addition;inactive|base_1;base_3;frontier_addition;inactive|base_1;base_2;base_3;frontier_addition;inactive|base_1;closure_carrier;frontier_addition;inactive|base_1;base_2;closure_carrier;frontier_addition;inactive|base_1;base_3;closure_carrier;frontier_addition;inactive|base_1;base_2;base_3;closure_carrier;frontier_addition;inactive,5//1;8//1;9//1;12//1;13//1;16//1,2275//192,0//1,2275//192,8,complete-enumeration:32
75,L025,1//4,2035//192,17,base_1;frontier_addition;inactive,5//1,2275//192,0//1,2275//192,1,complete-enumeration:32
75,L050,1//2,1795//192,17,base_1;frontier_addition;inactive,5//1,2275//192,0//1,2275//192,1,complete-enumeration:32
75,L100,1//1,6757//768,16,frontier_addition;inactive,1//1,7525//768,0//1,7525//768,1,complete-enumeration:32
75,L200,2//1,5989//768,16,frontier_addition;inactive,1//1,7525//768,0//1,7525//768,1,complete-enumeration:32
75,L400,4//1,4453//768,16,frontier_addition;inactive,1//1,7525//768,0//1,7525//768,1,complete-enumeration:32
76,L0,0//1,4725//256,22;23;30;31,base_2;base_3;frontier_addition;inactive|base_1;base_2;base_3;frontier_addition;inactive|base_2;base_3;closure_carrier;frontier_addition;inactive|base_1;base_2;base_3;closure_carrier;frontier_addition;inactive,5//1;7//1;9//1,4725//256,0//1,4725//256,4,complete-enumeration:32
76,L025,1//4,4405//256,22,base_2;base_3;frontier_addition;inactive,5//1,4725//256,0//1,4725//256,1,complete-enumeration:32
76,L050,1//2,4085//256,22,base_2;base_3;frontier_addition;inactive,5//1,4725//256,0//1,4725//256,1,complete-enumeration:32
76,L100,1//1,3445//256,22,base_2;base_3;frontier_addition;inactive,5//1,4725//256,0//1,4725//256,1,complete-enumeration:32
76,L200,2//1,6767//768,18;20,base_2;frontier_addition;inactive|base_3;frontier_addition;inactive,3//1,11375//768,0//1,11375//768,2,complete-enumeration:32
76,L400,4//1,4453//768,16,frontier_addition;inactive,1//1,7525//768,0//1,7525//768,1,complete-enumeration:32
77,L0,0//1,145405//12288,25;27;29;31,base_1;closure_carrier;frontier_addition;inactive|base_1;base_2;closure_carrier;frontier_addition;inactive|base_1;base_3;closure_carrier;frontier_addition;inactive|base_1;base_2;base_3;closure_carrier;frontier_addition;inactive,6//1;8//1;10//1,8575//768,2735//4096,145405//12288,4,complete-enumeration:32
77,L025,1//4,7999//768,17,base_1;frontier_addition;inactive,3//1,8575//768,0//1,8575//768,1,complete-enumeration:32
77,L050,1//2,7457//768,1,base_1;inactive,2//1,8225//768,0//1,8225//768,1,complete-enumeration:32
77,L100,1//1,6689//768,1,base_1;inactive,2//1,8225//768,0//1,8225//768,1,complete-enumeration:32
77,L200,2//1,5639//768,16,frontier_addition;inactive,1//1,7175//768,0//1,7175//768,1,complete-enumeration:32
77,L400,4//1,4103//768,16,frontier_addition;inactive,1//1,7175//768,0//1,7175//768,1,complete-enumeration:32
78,L0,0//1,4375//384,17;19;21;23;25;27;29;31,base_1;frontier_addition;inactive|base_1;base_2;frontier_addition;inactive|base_1;base_3;frontier_addition;inactive|base_1;base_2;base_3;frontier_addition;inactive|base_1;closure_carrier;frontier_addition;inactive|base_1;base_2;closure_carrier;frontier_addition;inactive|base_1;base_3;closure_carrier;frontier_addition;inactive|base_1;base_2;base_3;closure_carrier;frontier_addition;inactive,3//1;5//1;7//1;9//1,4375//384,0//1,4375//384,8,complete-enumeration:32
78,L025,1//4,4087//384,17,base_1;frontier_addition;inactive,3//1,4375//384,0//1,4375//384,1,complete-enumeration:32
78,L050,1//2,3799//384,17,base_1;frontier_addition;inactive,3//1,4375//384,0//1,4375//384,1,complete-enumeration:32
78,L100,1//1,6689//768,1,base_1;inactive,2//1,8225//768,0//1,8225//768,1,complete-enumeration:32
78,L200,2//1,969//128,16,frontier_addition;inactive,1//1,1225//128,0//1,1225//128,1,complete-enumeration:32
78,L400,4//1,713//128,16,frontier_addition;inactive,1//1,1225//128,0//1,1225//128,1,complete-enumeration:32
79,L0,0//1,2975//256,17;19;21;23;25;27;29;31,base_1;frontier_addition;inactive|base_1;base_2;frontier_addition;inactive|base_1;base_3;frontier_addition;inactive|base_1;base_2;base_3;frontier_addition;inactive|base_1;closure_carrier;frontier_addition;inactive|base_1;base_2;closure_carrier;frontier_addition;inactive|base_1;base_3;closure_carrier;frontier_addition;inactive|base_1;base_2;base_3;closure_carrier;frontier_addition;inactive,3//1;5//1;6//1;7//1;8//1;10//1,2975//256,0//1,2975//256,8,complete-enumeration:32
79,L025,1//4,2783//256,17,base_1;frontier_addition;inactive,3//1,2975//256,0//1,2975//256,1,complete-enumeration:32
79,L050,1//2,2591//256,17,base_1;frontier_addition;inactive,3//1,2975//256,0//1,2975//256,1,complete-enumeration:32
79,L100,1//1,6757//768,16,frontier_addition;inactive,1//1,7525//768,0//1,7525//768,1,complete-enumeration:32
79,L200,2//1,5989//768,16,frontier_addition;inactive,1//1,7525//768,0//1,7525//768,1,complete-enumeration:32
79,L400,4//1,4453//768,16,frontier_addition;inactive,1//1,7525//768,0//1,7525//768,1,complete-enumeration:32
80,L0,0//1,200647//16384,25;27;29;31,base_1;closure_carrier;frontier_addition;inactive|base_1;base_2;closure_carrier;frontier_addition;inactive|base_1;base_3;closure_carrier;frontier_addition;inactive|base_1;base_2;base_3;closure_carrier;frontier_addition;inactive,8//1;12//1;16//1,2975//256,10247//16384,200647//16384,4,complete-enumeration:32
80,L025,1//4,2062205//196608,24,closure_carrier;frontier_addition;inactive,4//1,1925//192,95871//65536,2258813//196608,1,complete-enumeration:32
80,L050,1//2,1829//192,16,frontier_addition;inactive,1//1,1925//192,0//1,1925//192,1,complete-enumeration:32
80,L100,1//1,1733//192,16,frontier_addition;inactive,1//1,1925//192,0//1,1925//192,1,complete-enumeration:32
80,L200,2//1,1541//192,16,frontier_addition;inactive,1//1,1925//192,0//1,1925//192,1,complete-enumeration:32
80,L400,4//1,1157//192,16,frontier_addition;inactive,1//1,1925//192,0//1,1925//192,1,complete-enumeration:32
81,L0,0//1,298247//24576,25;27;29;31,base_1;closure_carrier;frontier_addition;inactive|base_1;base_2;closure_carrier;frontier_addition;inactive|base_1;base_3;closure_carrier;frontier_addition;inactive|base_1;base_2;base_3;closure_carrier;frontier_addition;inactive,5//1;7//1;9//1,9275//768,1447//24576,298247//24576,4,complete-enumeration:32
81,L025,1//4,8699//768,17,base_1;frontier_addition;inactive,3//1,9275//768,0//1,9275//768,1,complete-enumeration:32
81,L050,1//2,8123//768,17,base_1;frontier_addition;inactive,3//1,9275//768,0//1,9275//768,1,complete-enumeration:32
81,L100,1//1,6971//768,17,base_1;frontier_addition;inactive,3//1,9275//768,0//1,9275//768,1,complete-enumeration:32
81,L200,2//1,5989//768,16,frontier_addition;inactive,1//1,7525//768,0//1,7525//768,1,complete-enumeration:32
81,L400,4//1,4453//768,16,frontier_addition;inactive,1//1,7525//768,0//1,7525//768,1,complete-enumeration:32
82,L0,0//1,9377//768,25;27;29;31,base_1;closure_carrier;frontier_addition;inactive|base_1;base_2;closure_carrier;frontier_addition;inactive|base_1;base_3;closure_carrier;frontier_addition;inactive|base_1;base_2;base_3;closure_carrier;frontier_addition;inactive,7//1;11//1;15//1,9275//768,17//128,9377//768,4,complete-enumeration:32
82,L025,1//4,8315//768,17,base_1;frontier_addition;inactive,5//1,9275//768,0//1,9275//768,1,complete-enumeration:32
82,L050,1//2,2497//256,16,frontier_addition;inactive,1//1,2625//256,0//1,2625//256,1,complete-enumeration:32
82,L100,1//1,2369//256,16,frontier_addition;inactive,1//1,2625//256,0//1,2625//256,1,complete-enumeration:32
82,L200,2//1,2113//256,16,frontier_addition;inactive,1//1,2625//256,0//1,2625//256,1,complete-enumeration:32
82,L400,4//1,1601//256,16,frontier_addition;inactive,1//1,2625//256,0//1,2625//256,1,complete-enumeration:32
83,L0,0//1,125339//6144,30;31,base_2;base_3;closure_carrier;frontier_addition;inactive|base_1;base_2;base_3;closure_carrier;frontier_addition;inactive,11//1;15//1,13825//768,4913//2048,125339//6144,2,complete-enumeration:32
83,L025,1//4,108443//6144,30,base_2;base_3;closure_carrier;frontier_addition;inactive,11//1,13825//768,4913//2048,125339//6144,1,complete-enumeration:32
83,L050,1//2,31255//2048,26,base_2;closure_carrier;frontier_addition;inactive,7//1,3675//256,9023//2048,38423//2048,1,complete-enumeration:32
83,L100,1//1,331963//24576,24,closure_carrier;frontier_addition;inactive,3//1,7175//768,58697//8192,405691//24576,1,complete-enumeration:32
83,L200,2//1,258235//24576,24,closure_carrier;frontier_addition;inactive,3//1,7175//768,58697//8192,405691//24576,1,complete-enumeration:32
83,L400,4//1,282221//49152,8,closure_carrier;inactive,2//1,1225//384,172879//16384,675437//49152,1,complete-enumeration:32
84,L0,0//1,199//16,25;27;29;31,base_1;closure_carrier;frontier_addition;inactive|base_1;base_2;closure_carrier;frontier_addition;inactive|base_1;base_3;closure_carrier;frontier_addition;inactive|base_1;base_2;base_3;closure_carrier;frontier_addition;inactive,6//1;8//1;10//1,1575//128,17//128,199//16,4,complete-enumeration:32
84,L025,1//4,1479//128,17,base_1;frontier_addition;inactive,3//1,1575//128,0//1,1575//128,1,complete-enumeration:32
84,L050,1//2,1383//128,17,base_1;frontier_addition;inactive,3//1,1575//128,0//1,1575//128,1,complete-enumeration:32
84,L100,1//1,1191//128,17,base_1;frontier_addition;inactive,3//1,1575//128,0//1,1575//128,1,complete-enumeration:32
84,L200,2//1,2113//256,16,frontier_addition;inactive,1//1,2625//256,0//1,2625//256,1,complete-enumeration:32
84,L400,4//1,1601//256,16,frontier_addition;inactive,1//1,2625//256,0//1,2625//256,1,complete-enumeration:32
85,L0,0//1,9275//768,17;19;21;23;25;27;29;31,base_1;frontier_addition;inactive|base_1;base_2;frontier_addition;inactive|base_1;base_3;frontier_addition;inactive|base_1;base_2;base_3;frontier_addition;inactive|base_1;closure_carrier;frontier_addition;inactive|base_1;base_2;closure_carrier;frontier_addition;inactive|base_1;base_3;closure_carrier;frontier_addition;inactive|base_1;base_2;base_3;closure_carrier;frontier_addition;inactive,5//1;8//1;9//1;12//1;13//1;16//1,9275//768,0//1,9275//768,8,complete-enumeration:32
85,L025,1//4,8315//768,17,base_1;frontier_addition;inactive,5//1,9275//768,0//1,9275//768,1,complete-enumeration:32
85,L050,1//2,7841//768,16,frontier_addition;inactive,1//1,8225//768,0//1,8225//768,1,complete-enumeration:32
85,L100,1//1,7457//768,16,frontier_addition;inactive,1//1,8225//768,0//1,8225//768,1,complete-enumeration:32
85,L200,2//1,6689//768,16,frontier_addition;inactive,1//1,8225//768,0//1,8225//768,1,complete-enumeration:32
85,L400,4//1,5153//768,16,frontier_addition;inactive,1//1,8225//768,0//1,8225//768,1,complete-enumeration:32
86,L0,0//1,939029//49152,27;31,base_1;base_2;closure_carrier;frontier_addition;inactive|base_1;base_2;base_3;closure_carrier;frontier_addition;inactive,11//1;15//1,875//48,14343//16384,939029//49152,2,complete-enumeration:32
86,L025,1//4,803861//49152,27,base_1;base_2;closure_carrier;frontier_addition;inactive,11//1,875//48,14343//16384,939029//49152,1,complete-enumeration:32
86,L050,1//2,659//48,19,base_1;base_2;frontier_addition;inactive,9//1,875//48,0//1,875//48,1,complete-enumeration:32
86,L100,1//1,2395//256,18,base_2;frontier_addition;inactive,5//1,3675//256,0//1,3675//256,1,complete-enumeration:32
86,L200,2//1,1763//256,16,frontier_addition;inactive,1//1,2275//256,0//1,2275//256,1,complete-enumeration:32
86,L400,4//1,1251//256,16,frontier_addition;inactive,1//1,2275//256,0//1,2275//256,1,complete-enumeration:32
87,L0,0//1,4375//384,17;19;21;23;25;27;29;31,base_1;frontier_addition;inactive|base_1;base_2;frontier_addition;inactive|base_1;base_3;frontier_addition;inactive|base_1;base_2;base_3;frontier_addition;inactive|base_1;closure_carrier;frontier_addition;inactive|base_1;base_2;closure_carrier;frontier_addition;inactive|base_1;base_3;closure_carrier;frontier_addition;inactive|base_1;base_2;base_3;closure_carrier;frontier_addition;inactive,5//1;8//1;9//1;12//1;13//1;16//1,4375//384,0//1,4375//384,8,complete-enumeration:32
87,L025,1//4,3895//384,17,base_1;frontier_addition;inactive,5//1,4375//384,0//1,4375//384,1,complete-enumeration:32
87,L050,1//2,3415//384,17,base_1;frontier_addition;inactive,5//1,4375//384,0//1,4375//384,1,complete-enumeration:32
87,L100,1//1,6407//768,16,frontier_addition;inactive,1//1,7175//768,0//1,7175//768,1,complete-enumeration:32
87,L200,2//1,5639//768,16,frontier_addition;inactive,1//1,7175//768,0//1,7175//768,1,complete-enumeration:32
87,L400,4//1,4103//768,16,frontier_addition;inactive,1//1,7175//768,0//1,7175//768,1,complete-enumeration:32
88,L0,0//1,2275//128,21;23;29;31,base_1;base_3;frontier_addition;inactive|base_1;base_2;base_3;frontier_addition;inactive|base_1;base_3;closure_carrier;frontier_addition;inactive|base_1;base_2;base_3;closure_carrier;frontier_addition;inactive,9//1;12//1;13//1;16//1,2275//128,0//1,2275//128,4,complete-enumeration:32
88,L025,1//4,1987//128,21,base_1;base_3;frontier_addition;inactive,9//1,2275//128,0//1,2275//128,1,complete-enumeration:32
88,L050,1//2,1699//128,21,base_1;base_3;frontier_addition;inactive,9//1,2275//128,0//1,2275//128,1,complete-enumeration:32
88,L100,1//1,3505//384,17,base_1;frontier_addition;inactive,5//1,5425//384,0//1,5425//384,1,complete-enumeration:32
88,L200,2//1,683//96,16,frontier_addition;inactive,1//1,875//96,0//1,875//96,1,complete-enumeration:32
88,L400,4//1,491//96,16,frontier_addition;inactive,1//1,875//96,0//1,875//96,1,complete-enumeration:32
89,L0,0//1,2275//192,17;19;21;23;25;27;29;31,base_1;frontier_addition;inactive|base_1;base_2;frontier_addition;inactive|base_1;base_3;frontier_addition;inactive|base_1;base_2;base_3;frontier_addition;inactive|base_1;closure_carrier;frontier_addition;inactive|base_1;base_2;closure_carrier;frontier_addition;inactive|base_1;base_3;closure_carrier;frontier_addition;inactive|base_1;base_2;base_3;closure_carrier;frontier_addition;inactive,3//1;5//1;6//1;7//1;8//1;10//1,2275//192,0//1,2275//192,8,complete-enumeration:32
89,L025,1//4,2131//192,17,base_1;frontier_addition;inactive,3//1,2275//192,0//1,2275//192,1,complete-enumeration:32
89,L050,1//2,1987//192,17,base_1;frontier_addition;inactive,3//1,2275//192,0//1,2275//192,1,complete-enumeration:32
89,L100,1//1,2369//256,16,frontier_addition;inactive,1//1,2625//256,0//1,2625//256,1,complete-enumeration:32
89,L200,2//1,2113//256,16,frontier_addition;inactive,1//1,2625//256,0//1,2625//256,1,complete-enumeration:32
89,L400,4//1,1601//256,16,frontier_addition;inactive,1//1,2625//256,0//1,2625//256,1,complete-enumeration:32
90,L0,0//1,4725//256,22;23;30;31,base_2;base_3;frontier_addition;inactive|base_1;base_2;base_3;frontier_addition;inactive|base_2;base_3;closure_carrier;frontier_addition;inactive|base_1;base_2;base_3;closure_carrier;frontier_addition;inactive,9//1;11//1;13//1;15//1,4725//256,0//1,4725//256,4,complete-enumeration:32
90,L025,1//4,4149//256,22,base_2;base_3;frontier_addition;inactive,9//1,4725//256,0//1,4725//256,1,complete-enumeration:32
90,L050,1//2,3573//256,22,base_2;base_3;frontier_addition;inactive,9//1,4725//256,0//1,4725//256,1,complete-enumeration:32
90,L100,1//1,1285//128,18,base_2;frontier_addition;inactive,5//1,1925//128,0//1,1925//128,1,complete-enumeration:32
90,L200,2//1,969//128,16,frontier_addition;inactive,1//1,1225//128,0//1,1225//128,1,complete-enumeration:32
90,L400,4//1,713//128,16,frontier_addition;inactive,1//1,1225//128,0//1,1225//128,1,complete-enumeration:32
91,L0,0//1,13825//768,19;23;27;31,base_1;base_2;frontier_addition;inactive|base_1;base_2;base_3;frontier_addition;inactive|base_1;base_2;closure_carrier;frontier_addition;inactive|base_1;base_2;base_3;closure_carrier;frontier_addition;inactive,9//1;12//1;13//1;16//1,13825//768,0//1,13825//768,4,complete-enumeration:32
91,L025,1//4,12097//768,19,base_1;base_2;frontier_addition;inactive,9//1,13825//768,0//1,13825//768,1,complete-enumeration:32
91,L050,1//2,10369//768,19,base_1;base_2;frontier_addition;inactive,9//1,13825//768,0//1,13825//768,1,complete-enumeration:32
91,L100,1//1,2395//256,17;18,base_1;frontier_addition;inactive|base_2;frontier_addition;inactive,5//1,3675//256,0//1,3675//256,2,complete-enumeration:32
91,L200,2//1,683//96,16,frontier_addition;inactive,1//1,875//96,0//1,875//96,1,complete-enumeration:32
91,L400,4//1,491//96,16,frontier_addition;inactive,1//1,875//96,0//1,875//96,1,complete-enumeration:32
92,L0,0//1,2275//192,17;19;21;23;25;27;29;31,base_1;frontier_addition;inactive|base_1;base_2;frontier_addition;inactive|base_1;base_3;frontier_addition;inactive|base_1;base_2;base_3;frontier_addition;inactive|base_1;closure_carrier;frontier_addition;inactive|base_1;base_2;closure_carrier;frontier_addition;inactive|base_1;base_3;closure_carrier;frontier_addition;inactive|base_1;base_2;base_3;closure_carrier;frontier_addition;inactive,5//1;7//1;9//1;11//1;13//1;15//1,2275//192,0//1,2275//192,8,complete-enumeration:32
92,L025,1//4,2035//192,17,base_1;frontier_addition;inactive,5//1,2275//192,0//1,2275//192,1,complete-enumeration:32
92,L050,1//2,1795//192,17,base_1;frontier_addition;inactive,5//1,2275//192,0//1,2275//192,1,complete-enumeration:32
92,L100,1//1,6757//768,16,frontier_addition;inactive,1//1,7525//768,0//1,7525//768,1,complete-enumeration:32
92,L200,2//1,5989//768,16,frontier_addition;inactive,1//1,7525//768,0//1,7525//768,1,complete-enumeration:32
92,L400,4//1,4453//768,16,frontier_addition;inactive,1//1,7525//768,0//1,7525//768,1,complete-enumeration:32
93,L0,0//1,232205//12288,30;31,base_2;base_3;closure_carrier;frontier_addition;inactive|base_1;base_2;base_3;closure_carrier;frontier_addition;inactive,8//1;10//1,875//48,2735//4096,232205//12288,2,complete-enumeration:32
93,L025,1//4,815//48,22,base_2;base_3;frontier_addition;inactive,5//1,875//48,0//1,875//48,1,complete-enumeration:32
93,L050,1//2,755//48,22,base_2;base_3;frontier_addition;inactive,5//1,875//48,0//1,875//48,1,complete-enumeration:32
93,L100,1//1,635//48,22,base_2;base_3;frontier_addition;inactive,5//1,875//48,0//1,875//48,1,complete-enumeration:32
93,L200,2//1,103//12,20,base_3;frontier_addition;inactive,3//1,175//12,0//1,175//12,1,complete-enumeration:32
93,L400,4//1,4103//768,16,frontier_addition;inactive,1//1,7175//768,0//1,7175//768,1,complete-enumeration:32
94,L0,0//1,13825//768,19;23;27;31,base_1;base_2;frontier_addition;inactive|base_1;base_2;base_3;frontier_addition;inactive|base_1;base_2;closure_carrier;frontier_addition;inactive|base_1;base_2;base_3;closure_carrier;frontier_addition;inactive,9//1;12//1;13//1;16//1,13825//768,0//1,13825//768,4,complete-enumeration:32
94,L025,1//4,12097//768,19,base_1;base_2;frontier_addition;inactive,9//1,13825//768,0//1,13825//768,1,complete-enumeration:32
94,L050,1//2,10369//768,19,base_1;base_2;frontier_addition;inactive,9//1,13825//768,0//1,13825//768,1,complete-enumeration:32
94,L100,1//1,7535//768,18,base_2;frontier_addition;inactive,5//1,11375//768,0//1,11375//768,1,complete-enumeration:32
94,L200,2//1,1763//256,16,frontier_addition;inactive,1//1,2275//256,0//1,2275//256,1,complete-enumeration:32
94,L400,4//1,1251//256,16,frontier_addition;inactive,1//1,2275//256,0//1,2275//256,1,complete-enumeration:32
95,L0,0//1,30113//2048,25;27;29;31,base_1;closure_carrier;frontier_addition;inactive|base_1;base_2;closure_carrier;frontier_addition;inactive|base_1;base_3;closure_carrier;frontier_addition;inactive|base_1;base_2;base_3;closure_carrier;frontier_addition;inactive,5//1;7//1;9//1,1575//128,4913//2048,30113//2048,4,complete-enumeration:32
95,L025,1//4,27553//2048,25,base_1;closure_carrier;frontier_addition;inactive,5//1,1575//128,4913//2048,30113//2048,1,complete-enumeration:32
95,L050,1//2,24993//2048,25,base_1;closure_carrier;frontier_addition;inactive,5//1,1575//128,4913//2048,30113//2048,1,complete-enumeration:32
95,L100,1//1,262453//24576,24,closure_carrier;frontier_addition;inactive,3//1,1925//192,29927//8192,336181//24576,1,complete-enumeration:32
95,L200,2//1,1541//192,16,frontier_addition;inactive,1//1,1925//192,0//1,1925//192,1,complete-enumeration:32
95,L400,4//1,1157//192,16,frontier_addition;inactive,1//1,1925//192,0//1,1925//192,1,complete-enumeration:32
96,L0,0//1,875//48,21;23;29;31,base_1;base_3;frontier_addition;inactive|base_1;base_2;base_3;frontier_addition;inactive|base_1;base_3;closure_carrier;frontier_addition;inactive|base_1;base_2;base_3;closure_carrier;frontier_addition;inactive,9//1;11//1;13//1;15//1,875//48,0//1,875//48,4,complete-enumeration:32
96,L025,1//4,767//48,21,base_1;base_3;frontier_addition;inactive,9//1,875//48,0//1,875//48,1,complete-enumeration:32
96,L050,1//2,659//48,21,base_1;base_3;frontier_addition;inactive,9//1,875//48,0//1,875//48,1,complete-enumeration:32
96,L100,1//1,115//12,20,base_3;frontier_addition;inactive,5//1,175//12,0//1,175//12,1,complete-enumeration:32
96,L200,2//1,5639//768,16,frontier_addition;inactive,1//1,7175//768,0//1,7175//768,1,complete-enumeration:32
96,L400,4//1,4103//768,16,frontier_addition;inactive,1//1,7175//768,0//1,7175//768,1,complete-enumeration:32
97,L0,0//1,297811//16384,29;31,base_1;base_3;closure_carrier;frontier_addition;inactive|base_1;base_2;base_3;closure_carrier;frontier_addition;inactive,8//1;10//1,13825//768,8633//49152,297811//16384,2,complete-enumeration:32
97,L025,1//4,12865//768,21,base_1;base_3;frontier_addition;inactive,5//1,13825//768,0//1,13825//768,1,complete-enumeration:32
97,L050,1//2,11905//768,21,base_1;base_3;frontier_addition;inactive,5//1,13825//768,0//1,13825//768,1,complete-enumeration:32
97,L100,1//1,9985//768,21,base_1;base_3;frontier_addition;inactive,5//1,13825//768,0//1,13825//768,1,complete-enumeration:32
97,L200,2//1,2139//256,17;20,base_1;frontier_addition;inactive|base_3;frontier_addition;inactive,3//1,3675//256,0//1,3675//256,2,complete-enumeration:32
97,L400,4//1,713//128,16,frontier_addition;inactive,1//1,1225//128,0//1,1225//128,1,complete-enumeration:32
98,L0,0//1,875//48,21;23;29;31,base_1;base_3;frontier_addition;inactive|base_1;base_2;base_3;frontier_addition;inactive|base_1;base_3;closure_carrier;frontier_addition;inactive|base_1;base_2;base_3;closure_carrier;frontier_addition;inactive,9//1;11//1;13//1;15//1,875//48,0//1,875//48,4,complete-enumeration:32
98,L025,1//4,767//48,21,base_1;base_3;frontier_addition;inactive,9//1,875//48,0//1,875//48,1,complete-enumeration:32
98,L050,1//2,659//48,21,base_1;base_3;frontier_addition;inactive,9//1,875//48,0//1,875//48,1,complete-enumeration:32
98,L100,1//1,7535//768,17,base_1;frontier_addition;inactive,5//1,11375//768,0//1,11375//768,1,complete-enumeration:32
98,L200,2//1,1763//256,16,frontier_addition;inactive,1//1,2275//256,0//1,2275//256,1,complete-enumeration:32
98,L400,4//1,1251//256,16,frontier_addition;inactive,1//1,2275//256,0//1,2275//256,1,complete-enumeration:32
99,L0,0//1,9625//768,17;19;21;23;25;27;29;31,base_1;frontier_addition;inactive|base_1;base_2;frontier_addition;inactive|base_1;base_3;frontier_addition;inactive|base_1;base_2;base_3;frontier_addition;inactive|base_1;closure_carrier;frontier_addition;inactive|base_1;base_2;closure_carrier;frontier_addition;inactive|base_1;base_3;closure_carrier;frontier_addition;inactive|base_1;base_2;base_3;closure_carrier;frontier_addition;inactive,5//1;7//1;9//1;11//1;13//1;15//1,9625//768,0//1,9625//768,8,complete-enumeration:32
99,L025,1//4,8665//768,17,base_1;frontier_addition;inactive,5//1,9625//768,0//1,9625//768,1,complete-enumeration:32
99,L050,1//2,7705//768,17,base_1;frontier_addition;inactive,5//1,9625//768,0//1,9625//768,1,complete-enumeration:32
99,L100,1//1,2369//256,16,frontier_addition;inactive,1//1,2625//256,0//1,2625//256,1,complete-enumeration:32
99,L200,2//1,2113//256,16,frontier_addition;inactive,1//1,2625//256,0//1,2625//256,1,complete-enumeration:32
99,L400,4//1,1601//256,16,frontier_addition;inactive,1//1,2625//256,0//1,2625//256,1,complete-enumeration:32
100,L0,0//1,4725//256,22;23;30;31,base_2;base_3;frontier_addition;inactive|base_1;base_2;base_3;frontier_addition;inactive|base_2;base_3;closure_carrier;frontier_addition;inactive|base_1;base_2;base_3;closure_carrier;frontier_addition;inactive,9//1;12//1;13//1;16//1,4725//256,0//1,4725//256,4,complete-enumeration:32
100,L025,1//4,4149//256,22,base_2;base_3;frontier_addition;inactive,9//1,4725//256,0//1,4725//256,1,complete-enumeration:32
100,L050,1//2,3573//256,22,base_2;base_3;frontier_addition;inactive,9//1,4725//256,0//1,4725//256,1,complete-enumeration:32
100,L100,1//1,1285//128,20,base_3;frontier_addition;inactive,5//1,1925//128,0//1,1925//128,1,complete-enumeration:32
100,L200,2//1,5639//768,16,frontier_addition;inactive,1//1,7175//768,0//1,7175//768,1,complete-enumeration:32
100,L400,4//1,4103//768,16,frontier_addition;inactive,1//1,7175//768,0//1,7175//768,1,complete-enumeration:32
101,L0,0//1,59481//4096,25;27;29;31,base_1;closure_carrier;frontier_addition;inactive|base_1;base_2;closure_carrier;frontier_addition;inactive|base_1;base_3;closure_carrier;frontier_addition;inactive|base_1;base_2;base_3;closure_carrier;frontier_addition;inactive,7//1;11//1;15//1,2975//256,11881//4096,59481//4096,4,complete-enumeration:32
101,L025,1//4,159157//12288,24,closure_carrier;frontier_addition;inactive,3//1,7525//768,15991//4096,168373//12288,1,complete-enumeration:32
101,L050,1//2,149941//12288,24,closure_carrier;frontier_addition;inactive,3//1,7525//768,15991//4096,168373//12288,1,complete-enumeration:32
101,L100,1//1,131509//12288,24,closure_carrier;frontier_addition;inactive,3//1,7525//768,15991//4096,168373//12288,1,complete-enumeration:32
101,L200,2//1,5989//768,16,frontier_addition;inactive,1//1,7525//768,0//1,7525//768,1,complete-enumeration:32
101,L400,4//1,4453//768,16,frontier_addition;inactive,1//1,7525//768,0//1,7525//768,1,complete-enumeration:32
102,L0,0//1,886247//49152,30;31,base_2;base_3;closure_carrier;frontier_addition;inactive|base_1;base_2;base_3;closure_carrier;frontier_addition;inactive,7//1;9//1,13825//768,1447//49152,886247//49152,2,complete-enumeration:32
102,L025,1//4,12865//768,22,base_2;base_3;frontier_addition;inactive,5//1,13825//768,0//1,13825//768,1,complete-enumeration:32
102,L050,1//2,11905//768,22,base_2;base_3;frontier_addition;inactive,5//1,13825//768,0//1,13825//768,1,complete-enumeration:32
102,L100,1//1,9985//768,22,base_2;base_3;frontier_addition;inactive,5//1,13825//768,0//1,13825//768,1,complete-enumeration:32
102,L200,2//1,2139//256,18;20,base_2;frontier_addition;inactive|base_3;frontier_addition;inactive,3//1,3675//256,0//1,3675//256,2,complete-enumeration:32
102,L400,4//1,1789//384,16,frontier_addition;inactive,1//1,3325//384,0//1,3325//384,1,complete-enumeration:32
103,L0,0//1,875//48,21;23;29;31,base_1;base_3;frontier_addition;inactive|base_1;base_2;base_3;frontier_addition;inactive|base_1;base_3;closure_carrier;frontier_addition;inactive|base_1;base_2;base_3;closure_carrier;frontier_addition;inactive,5//1;7//1;8//1;10//1,875//48,0//1,875//48,4,complete-enumeration:32
103,L025,1//4,815//48,21,base_1;base_3;frontier_addition;inactive,5//1,875//48,0//1,875//48,1,complete-enumeration:32
103,L050,1//2,755//48,21,base_1;base_3;frontier_addition;inactive,5//1,875//48,0//1,875//48,1,complete-enumeration:32
103,L100,1//1,635//48,21,base_1;base_3;frontier_addition;inactive,5//1,875//48,0//1,875//48,1,complete-enumeration:32
103,L200,2//1,6767//768,17,base_1;frontier_addition;inactive,3//1,11375//768,0//1,11375//768,1,complete-enumeration:32
103,L400,4//1,4103//768,16,frontier_addition;inactive,1//1,7175//768,0//1,7175//768,1,complete-enumeration:32
104,L0,0//1,52121//4096,25;27;29;31,base_1;closure_carrier;frontier_addition;inactive|base_1;base_2;closure_carrier;frontier_addition;inactive|base_1;base_3;closure_carrier;frontier_addition;inactive|base_1;base_2;base_3;closure_carrier;frontier_addition;inactive,7//1;11//1;15//1,2975//256,4521//4096,52121//4096,4,complete-enumeration:32
104,L025,1//4,23219//2048,24,closure_carrier;frontier_addition;inactive,3//1,2625//256,3755//2048,24755//2048,1,complete-enumeration:32
104,L050,1//2,21683//2048,24,closure_carrier;frontier_addition;inactive,3//1,2625//256,3755//2048,24755//2048,1,complete-enumeration:32
104,L100,1//1,2369//256,16,frontier_addition;inactive,1//1,2625//256,0//1,2625//256,1,complete-enumeration:32
104,L200,2//1,2113//256,16,frontier_addition;inactive,1//1,2625//256,0//1,2625//256,1,complete-enumeration:32
104,L400,4//1,1601//256,16,frontier_addition;inactive,1//1,2625//256,0//1,2625//256,1,complete-enumeration:32
105,L0,0//1,759//64,25;27;29;31,base_1;closure_carrier;frontier_addition;inactive|base_1;base_2;closure_carrier;frontier_addition;inactive|base_1;base_3;closure_carrier;frontier_addition;inactive|base_1;base_2;base_3;closure_carrier;frontier_addition;inactive,6//1;8//1;10//1,2975//256,61//256,759//64,4,complete-enumeration:32
105,L025,1//4,2783//256,17,base_1;frontier_addition;inactive,3//1,2975//256,0//1,2975//256,1,complete-enumeration:32
105,L050,1//2,2591//256,17,base_1;frontier_addition;inactive,3//1,2975//256,0//1,2975//256,1,complete-enumeration:32
105,L100,1//1,6757//768,16,frontier_addition;inactive,1//1,7525//768,0//1,7525//768,1,complete-enumeration:32
105,L200,2//1,5989//768,16,frontier_addition;inactive,1//1,7525//768,0//1,7525//768,1,complete-enumeration:32
105,L400,4//1,4453//768,16,frontier_addition;inactive,1//1,7525//768,0//1,7525//768,1,complete-enumeration:32
106,L0,0//1,1575//128,17;19;21;23;25;27;29;31,base_1;frontier_addition;inactive|base_1;base_2;frontier_addition;inactive|base_1;base_3;frontier_addition;inactive|base_1;base_2;base_3;frontier_addition;inactive|base_1;closure_carrier;frontier_addition;inactive|base_1;base_2;closure_carrier;frontier_addition;inactive|base_1;base_3;closure_carrier;frontier_addition;inactive|base_1;base_2;base_3;closure_carrier;frontier_addition;inactive,5//1;8//1;9//1;12//1;13//1;16//1,1575//128,0//1,1575//128,8,complete-enumeration:32
106,L025,1//4,1415//128,17,base_1;frontier_addition;inactive,5//1,1575//128,0//1,1575//128,1,complete-enumeration:32
106,L050,1//2,1255//128,17,base_1;frontier_addition;inactive,5//1,1575//128,0//1,1575//128,1,complete-enumeration:32
106,L100,1//1,6757//768,16,frontier_addition;inactive,1//1,7525//768,0//1,7525//768,1,complete-enumeration:32
106,L200,2//1,5989//768,16,frontier_addition;inactive,1//1,7525//768,0//1,7525//768,1,complete-enumeration:32
106,L400,4//1,4453//768,16,frontier_addition;inactive,1//1,7525//768,0//1,7525//768,1,complete-enumeration:32
107,L0,0//1,2275//192,17;19;21;23;25;27;29;31,base_1;frontier_addition;inactive|base_1;base_2;frontier_addition;inactive|base_1;base_3;frontier_addition;inactive|base_1;base_2;base_3;frontier_addition;inactive|base_1;closure_carrier;frontier_addition;inactive|base_1;base_2;closure_carrier;frontier_addition;inactive|base_1;base_3;closure_carrier;frontier_addition;inactive|base_1;base_2;base_3;closure_carrier;frontier_addition;inactive,5//1;8//1;9//1;12//1;13//1;16//1,2275//192,0//1,2275//192,8,complete-enumeration:32
107,L025,1//4,2035//192,17,base_1;frontier_addition;inactive,5//1,2275//192,0//1,2275//192,1,complete-enumeration:32
107,L050,1//2,1795//192,17,base_1;frontier_addition;inactive,5//1,2275//192,0//1,2275//192,1,complete-enumeration:32
107,L100,1//1,6757//768,16,frontier_addition;inactive,1//1,7525//768,0//1,7525//768,1,complete-enumeration:32
107,L200,2//1,5989//768,16,frontier_addition;inactive,1//1,7525//768,0//1,7525//768,1,complete-enumeration:32
107,L400,4//1,4453//768,16,frontier_addition;inactive,1//1,7525//768,0//1,7525//768,1,complete-enumeration:32
108,L0,0//1,2975//256,17;19;21;23;25;27;29;31,base_1;frontier_addition;inactive|base_1;base_2;frontier_addition;inactive|base_1;base_3;frontier_addition;inactive|base_1;base_2;base_3;frontier_addition;inactive|base_1;closure_carrier;frontier_addition;inactive|base_1;base_2;closure_carrier;frontier_addition;inactive|base_1;base_3;closure_carrier;frontier_addition;inactive|base_1;base_2;base_3;closure_carrier;frontier_addition;inactive,3//1;5//1;6//1;7//1;8//1;10//1,2975//256,0//1,2975//256,8,complete-enumeration:32
108,L025,1//4,2783//256,17,base_1;frontier_addition;inactive,3//1,2975//256,0//1,2975//256,1,complete-enumeration:32
108,L050,1//2,7807//768,1,base_1;inactive,2//1,8575//768,0//1,8575//768,1,complete-enumeration:32
108,L100,1//1,7039//768,1,base_1;inactive,2//1,8575//768,0//1,8575//768,1,complete-enumeration:32
108,L200,2//1,5639//768,16,frontier_addition;inactive,1//1,7175//768,0//1,7175//768,1,complete-enumeration:32
108,L400,4//1,4103//768,16,frontier_addition;inactive,1//1,7175//768,0//1,7175//768,1,complete-enumeration:32
109,L0,0//1,190151//16384,25;27;29;31,base_1;closure_carrier;frontier_addition;inactive|base_1;base_2;closure_carrier;frontier_addition;inactive|base_1;base_3;closure_carrier;frontier_addition;inactive|base_1;base_2;base_3;closure_carrier;frontier_addition;inactive,5//1;7//1;9//1,4375//384,10453//49152,190151//16384,4,complete-enumeration:32
109,L025,1//4,4087//384,17,base_1;frontier_addition;inactive,3//1,4375//384,0//1,4375//384,1,complete-enumeration:32
109,L050,1//2,3799//384,17,base_1;frontier_addition;inactive,3//1,4375//384,0//1,4375//384,1,complete-enumeration:32
109,L100,1//1,6757//768,16,frontier_addition;inactive,1//1,7525//768,0//1,7525//768,1,complete-enumeration:32
109,L200,2//1,5989//768,16,frontier_addition;inactive,1//1,7525//768,0//1,7525//768,1,complete-enumeration:32
109,L400,4//1,4453//768,16,frontier_addition;inactive,1//1,7525//768,0//1,7525//768,1,complete-enumeration:32
110,L0,0//1,9445//768,25;27;29;31,base_1;closure_carrier;frontier_addition;inactive|base_1;base_2;closure_carrier;frontier_addition;inactive|base_1;base_3;closure_carrier;frontier_addition;inactive|base_1;base_2;base_3;closure_carrier;frontier_addition;inactive,8//1;12//1;16//1,2275//192,115//256,9445//768,4,complete-enumeration:32
110,L025,1//4,2035//192,17,base_1;frontier_addition;inactive,5//1,2275//192,0//1,2275//192,1,complete-enumeration:32
110,L050,1//2,1829//192,16,frontier_addition;inactive,1//1,1925//192,0//1,1925//192,1,complete-enumeration:32
110,L100,1//1,1733//192,16,frontier_addition;inactive,1//1,1925//192,0//1,1925//192,1,complete-enumeration:32
110,L200,2//1,1541//192,16,frontier_addition;inactive,1//1,1925//192,0//1,1925//192,1,complete-enumeration:32
110,L400,4//1,1157//192,16,frontier_addition;inactive,1//1,1925//192,0//1,1925//192,1,complete-enumeration:32
111,L0,0//1,9539//768,25;27;29;31,base_1;closure_carrier;frontier_addition;inactive|base_1;base_2;closure_carrier;frontier_addition;inactive|base_1;base_3;closure_carrier;frontier_addition;inactive|base_1;base_2;base_3;closure_carrier;frontier_addition;inactive,8//1;12//1;16//1,9275//768,11//32,9539//768,4,complete-enumeration:32
111,L025,1//4,8315//768,17,base_1;frontier_addition;inactive,5//1,9275//768,0//1,9275//768,1,complete-enumeration:32
111,L050,1//2,7355//768,17,base_1;frontier_addition;inactive,5//1,9275//768,0//1,9275//768,1,complete-enumeration:32
111,L100,1//1,6757//768,16,frontier_addition;inactive,1//1,7525//768,0//1,7525//768,1,complete-enumeration:32
111,L200,2//1,5989//768,16,frontier_addition;inactive,1//1,7525//768,0//1,7525//768,1,complete-enumeration:32
111,L400,4//1,4453//768,16,frontier_addition;inactive,1//1,7525//768,0//1,7525//768,1,complete-enumeration:32
112,L0,0//1,927829//49152,29;31,base_1;base_3;closure_carrier;frontier_addition;inactive|base_1;base_2;base_3;closure_carrier;frontier_addition;inactive,7//1;9//1,13825//768,14343//16384,927829//49152,2,complete-enumeration:32
112,L025,1//4,841813//49152,29,base_1;base_3;closure_carrier;frontier_addition;inactive,7//1,13825//768,14343//16384,927829//49152,1,complete-enumeration:32
112,L050,1//2,11905//768,21,base_1;base_3;frontier_addition;inactive,5//1,13825//768,0//1,13825//768,1,complete-enumeration:32
112,L100,1//1,9985//768,21,base_1;base_3;frontier_addition;inactive,5//1,13825//768,0//1,13825//768,1,complete-enumeration:32
112,L200,2//1,103//12,20,base_3;frontier_addition;inactive,3//1,175//12,0//1,175//12,1,complete-enumeration:32
112,L400,4//1,491//96,16,frontier_addition;inactive,1//1,875//96,0//1,875//96,1,complete-enumeration:32
113,L0,0//1,8569//384,27;31,base_1;base_2;closure_carrier;frontier_addition;inactive|base_1;base_2;base_3;closure_carrier;frontier_addition;inactive,12//1;16//1,14525//768,871//256,8569//384,2,complete-enumeration:32
113,L025,1//4,7417//384,27,base_1;base_2;closure_carrier;frontier_addition;inactive,12//1,14525//768,871//256,8569//384,1,complete-enumeration:32
113,L050,1//2,271543//16384,25,base_1;closure_carrier;frontier_addition;inactive,8//1,1925//128,90679//16384,337079//16384,1,complete-enumeration:32
113,L100,1//1,231263//16384,24,closure_carrier;frontier_addition;inactive,4//1,1225//128,139999//16384,296799//16384,1,complete-enumeration:32
113,L200,2//1,165727//16384,24,closure_carrier;frontier_addition;inactive,4//1,1225//128,139999//16384,296799//16384,1,complete-enumeration:32
113,L400,4//1,491//96,16,frontier_addition;inactive,1//1,875//96,0//1,875//96,1,complete-enumeration:32
114,L0,0//1,76727//6144,25;27;29;31,base_1;closure_carrier;frontier_addition;inactive|base_1;base_2;closure_carrier;frontier_addition;inactive|base_1;base_3;closure_carrier;frontier_addition;inactive|base_1;base_2;base_3;closure_carrier;frontier_addition;inactive,7//1;11//1;15//1,2275//192,1309//2048,76727//6144,4,complete-enumeration:32
114,L025,1//4,44917//4096,24,closure_carrier;frontier_addition;inactive,3//1,2625//256,5989//4096,47989//4096,1,complete-enumeration:32
114,L050,1//2,41845//4096,24,closure_carrier;frontier_addition;inactive,3//1,2625//256,5989//4096,47989//4096,1,complete-enumeration:32
114,L100,1//1,2369//256,16,frontier_addition;inactive,1//1,2625//256,0//1,2625//256,1,complete-enumeration:32
114,L200,2//1,2113//256,16,frontier_addition;inactive,1//1,2625//256,0//1,2625//256,1,complete-enumeration:32
114,L400,4//1,1601//256,16,frontier_addition;inactive,1//1,2625//256,0//1,2625//256,1,complete-enumeration:32
115,L0,0//1,2975//256,17;19;21;23;25;27;29;31,base_1;frontier_addition;inactive|base_1;base_2;frontier_addition;inactive|base_1;base_3;frontier_addition;inactive|base_1;base_2;base_3;frontier_addition;inactive|base_1;closure_carrier;frontier_addition;inactive|base_1;base_2;closure_carrier;frontier_addition;inactive|base_1;base_3;closure_carrier;frontier_addition;inactive|base_1;base_2;base_3;closure_carrier;frontier_addition;inactive,3//1;5//1;7//1;9//1,2975//256,0//1,2975//256,8,complete-enumeration:32
115,L025,1//4,2783//256,17,base_1;frontier_addition;inactive,3//1,2975//256,0//1,2975//256,1,complete-enumeration:32
115,L050,1//2,2591//256,17,base_1;frontier_addition;inactive,3//1,2975//256,0//1,2975//256,1,complete-enumeration:32
115,L100,1//1,1733//192,16,frontier_addition;inactive,1//1,1925//192,0//1,1925//192,1,complete-enumeration:32
115,L200,2//1,1541//192,16,frontier_addition;inactive,1//1,1925//192,0//1,1925//192,1,complete-enumeration:32
115,L400,4//1,1157//192,16,frontier_addition;inactive,1//1,1925//192,0//1,1925//192,1,complete-enumeration:32
116,L0,0//1,875//48,19;23;27;31,base_1;base_2;frontier_addition;inactive|base_1;base_2;base_3;frontier_addition;inactive|base_1;base_2;closure_carrier;frontier_addition;inactive|base_1;base_2;base_3;closure_carrier;frontier_addition;inactive,5//1;7//1;8//1;10//1,875//48,0//1,875//48,4,complete-enumeration:32
116,L025,1//4,815//48,19,base_1;base_2;frontier_addition;inactive,5//1,875//48,0//1,875//48,1,complete-enumeration:32
116,L050,1//2,755//48,19,base_1;base_2;frontier_addition;inactive,5//1,875//48,0//1,875//48,1,complete-enumeration:32
116,L100,1//1,635//48,19,base_1;base_2;frontier_addition;inactive,5//1,875//48,0//1,875//48,1,complete-enumeration:32
116,L200,2//1,6767//768,17;18,base_1;frontier_addition;inactive|base_2;frontier_addition;inactive,3//1,11375//768,0//1,11375//768,2,complete-enumeration:32
116,L400,4//1,713//128,16,frontier_addition;inactive,1//1,1225//128,0//1,1225//128,1,complete-enumeration:32
117,L0,0//1,13927//768,30;31,base_2;base_3;closure_carrier;frontier_addition;inactive|base_1;base_2;base_3;closure_carrier;frontier_addition;inactive,11//1;15//1,13825//768,17//128,13927//768,2,complete-enumeration:32
117,L025,1//4,12097//768,22,base_2;base_3;frontier_addition;inactive,9//1,13825//768,0//1,13825//768,1,complete-enumeration:32
117,L050,1//2,10369//768,22,base_2;base_3;frontier_addition;inactive,9//1,13825//768,0//1,13825//768,1,complete-enumeration:32
117,L100,1//1,7535//768,18;20,base_2;frontier_addition;inactive|base_3;frontier_addition;inactive,5//1,11375//768,0//1,11375//768,2,complete-enumeration:32
117,L200,2//1,683//96,16,frontier_addition;inactive,1//1,875//96,0//1,875//96,1,complete-enumeration:32
117,L400,4//1,491//96,16,frontier_addition;inactive,1//1,875//96,0//1,875//96,1,complete-enumeration:32
118,L0,0//1,5131//256,30;31,base_2;base_3;closure_carrier;frontier_addition;inactive|base_1;base_2;base_3;closure_carrier;frontier_addition;inactive,11//1;15//1,4725//256,203//128,5131//256,2,complete-enumeration:32
118,L025,1//4,4427//256,30,base_2;base_3;closure_carrier;frontier_addition;inactive,11//1,4725//256,203//128,5131//256,1,complete-enumeration:32
118,L050,1//2,982815//65536,28,base_3;closure_carrier;frontier_addition;inactive,7//1,1925//128,226591//65536,1212191//65536,1,complete-enumeration:32
118,L100,1//1,79429//6144,24,closure_carrier;frontier_addition;inactive,3//1,7175//768,13487//2048,97861//6144,1,complete-enumeration:32
118,L200,2//1,60997//6144,24,closure_carrier;frontier_addition;inactive,3//1,7175//768,13487//2048,97861//6144,1,complete-enumeration:32
118,L400,4//1,491//96,16,frontier_addition;inactive,1//1,875//96,0//1,875//96,1,complete-enumeration:32
119,L0,0//1,9275//768,17;19;21;23;25;27;29;31,base_1;frontier_addition;inactive|base_1;base_2;frontier_addition;inactive|base_1;base_3;frontier_addition;inactive|base_1;base_2;base_3;frontier_addition;inactive|base_1;closure_carrier;frontier_addition;inactive|base_1;base_2;closure_carrier;frontier_addition;inactive|base_1;base_3;closure_carrier;frontier_addition;inactive|base_1;base_2;base_3;closure_carrier;frontier_addition;inactive,5//1;7//1;9//1;11//1;13//1;15//1,9275//768,0//1,9275//768,8,complete-enumeration:32
119,L025,1//4,8315//768,17,base_1;frontier_addition;inactive,5//1,9275//768,0//1,9275//768,1,complete-enumeration:32
119,L050,1//2,7355//768,17,base_1;frontier_addition;inactive,5//1,9275//768,0//1,9275//768,1,complete-enumeration:32
119,L100,1//1,1733//192,16,frontier_addition;inactive,1//1,1925//192,0//1,1925//192,1,complete-enumeration:32
119,L200,2//1,1541//192,16,frontier_addition;inactive,1//1,1925//192,0//1,1925//192,1,complete-enumeration:32
119,L400,4//1,1157//192,16,frontier_addition;inactive,1//1,1925//192,0//1,1925//192,1,complete-enumeration:32
120,L0,0//1,4375//384,17;19;21;23;25;27;29;31,base_1;frontier_addition;inactive|base_1;base_2;frontier_addition;inactive|base_1;base_3;frontier_addition;inactive|base_1;base_2;base_3;frontier_addition;inactive|base_1;closure_carrier;frontier_addition;inactive|base_1;base_2;closure_carrier;frontier_addition;inactive|base_1;base_3;closure_carrier;frontier_addition;inactive|base_1;base_2;base_3;closure_carrier;frontier_addition;inactive,5//1;8//1;9//1;12//1;13//1;16//1,4375//384,0//1,4375//384,8,complete-enumeration:32
120,L025,1//4,3895//384,17,base_1;frontier_addition;inactive,5//1,4375//384,0//1,4375//384,1,complete-enumeration:32
120,L050,1//2,1161//128,16,frontier_addition;inactive,1//1,1225//128,0//1,1225//128,1,complete-enumeration:32
120,L100,1//1,1097//128,16,frontier_addition;inactive,1//1,1225//128,0//1,1225//128,1,complete-enumeration:32
120,L200,2//1,969//128,16,frontier_addition;inactive,1//1,1225//128,0//1,1225//128,1,complete-enumeration:32
120,L400,4//1,713//128,16,frontier_addition;inactive,1//1,1225//128,0//1,1225//128,1,complete-enumeration:32
121,L0,0//1,7175//384,21;23;29;31,base_1;base_3;frontier_addition;inactive|base_1;base_2;base_3;frontier_addition;inactive|base_1;base_3;closure_carrier;frontier_addition;inactive|base_1;base_2;base_3;closure_carrier;frontier_addition;inactive,9//1;12//1;13//1;16//1,7175//384,0//1,7175//384,4,complete-enumeration:32
121,L025,1//4,6311//384,21,base_1;base_3;frontier_addition;inactive,9//1,7175//384,0//1,7175//384,1,complete-enumeration:32
121,L050,1//2,5447//384,21,base_1;base_3;frontier_addition;inactive,9//1,7175//384,0//1,7175//384,1,complete-enumeration:32
121,L100,1//1,7885//768,17,base_1;frontier_addition;inactive,5//1,11725//768,0//1,11725//768,1,complete-enumeration:32
121,L200,2//1,5989//768,16,frontier_addition;inactive,1//1,7525//768,0//1,7525//768,1,complete-enumeration:32
121,L400,4//1,4453//768,16,frontier_addition;inactive,1//1,7525//768,0//1,7525//768,1,complete-enumeration:32
122,L0,0//1,875//48,21;23;29;31,base_1;base_3;frontier_addition;inactive|base_1;base_2;base_3;frontier_addition;inactive|base_1;base_3;closure_carrier;frontier_addition;inactive|base_1;base_2;base_3;closure_carrier;frontier_addition;inactive,9//1;11//1;13//1;15//1,875//48,0//1,875//48,4,complete-enumeration:32
122,L025,1//4,767//48,21,base_1;base_3;frontier_addition;inactive,9//1,875//48,0//1,875//48,1,complete-enumeration:32
122,L050,1//2,659//48,21,base_1;base_3;frontier_addition;inactive,9//1,875//48,0//1,875//48,1,complete-enumeration:32
122,L100,1//1,1285//128,17,base_1;frontier_addition;inactive,5//1,1925//128,0//1,1925//128,1,complete-enumeration:32
122,L200,2//1,5639//768,16,frontier_addition;inactive,1//1,7175//768,0//1,7175//768,1,complete-enumeration:32
122,L400,4//1,4103//768,16,frontier_addition;inactive,1//1,7175//768,0//1,7175//768,1,complete-enumeration:32
123,L0,0//1,153805//12288,25;27;29;31,base_1;closure_carrier;frontier_addition;inactive|base_1;base_2;closure_carrier;frontier_addition;inactive|base_1;base_3;closure_carrier;frontier_addition;inactive|base_1;base_2;base_3;closure_carrier;frontier_addition;inactive,6//1;8//1;10//1,2275//192,2735//4096,153805//12288,4,complete-enumeration:32
123,L025,1//4,2131//192,17,base_1;frontier_addition;inactive,3//1,2275//192,0//1,2275//192,1,complete-enumeration:32
123,L050,1//2,1987//192,17,base_1;frontier_addition;inactive,3//1,2275//192,0//1,2275//192,1,complete-enumeration:32
123,L100,1//1,143//16,1,base_1;inactive,2//1,175//16,0//1,175//16,1,complete-enumeration:32
123,L200,2//1,5989//768,16,frontier_addition;inactive,1//1,7525//768,0//1,7525//768,1,complete-enumeration:32
123,L400,4//1,4453//768,16,frontier_addition;inactive,1//1,7525//768,0//1,7525//768,1,complete-enumeration:32
124,L0,0//1,439291//24576,29;31,base_1;base_3;closure_carrier;frontier_addition;inactive|base_1;base_2;base_3;closure_carrier;frontier_addition;inactive,12//1;16//1,2275//128,2491//24576,439291//24576,2,complete-enumeration:32
124,L025,1//4,1987//128,21,base_1;base_3;frontier_addition;inactive,9//1,2275//128,0//1,2275//128,1,complete-enumeration:32
124,L050,1//2,1699//128,21,base_1;base_3;frontier_addition;inactive,9//1,2275//128,0//1,2275//128,1,complete-enumeration:32
124,L100,1//1,3505//384,17;20,base_1;frontier_addition;inactive|base_3;frontier_addition;inactive,5//1,5425//384,0//1,5425//384,2,complete-enumeration:32
124,L200,2//1,5639//768,16,frontier_addition;inactive,1//1,7175//768,0//1,7175//768,1,complete-enumeration:32
124,L400,4//1,4103//768,16,frontier_addition;inactive,1//1,7175//768,0//1,7175//768,1,complete-enumeration:32
125,L0,0//1,256843//12288,29;31,base_1;base_3;closure_carrier;frontier_addition;inactive|base_1;base_2;base_3;closure_carrier;frontier_addition;inactive,7//1;9//1,13825//768,11881//4096,256843//12288,2,complete-enumeration:32
125,L025,1//4,235339//12288,29,base_1;base_3;closure_carrier;frontier_addition;inactive,7//1,13825//768,11881//4096,256843//12288,1,complete-enumeration:32
125,L050,1//2,213835//12288,29,base_1;base_3;closure_carrier;frontier_addition;inactive,7//1,13825//768,11881//4096,256843//12288,1,complete-enumeration:32
125,L100,1//1,706087//49152,28,base_3;closure_carrier;frontier_addition;inactive,5//1,175//12,78349//16384,951847//49152,1,complete-enumeration:32
125,L200,2//1,270565//24576,24,closure_carrier;frontier_addition;inactive,3//1,7175//768,62807//8192,418021//24576,1,complete-enumeration:32
125,L400,4//1,98937//16384,8,closure_carrier;inactive,2//1,175//64,185209//16384,230009//16384,1,complete-enumeration:32
126,L0,0//1,115927//6144,30;31,base_2;base_3;closure_carrier;frontier_addition;inactive|base_1;base_2;base_3;closure_carrier;frontier_addition;inactive,7//1;9//1,875//48,1309//2048,115927//6144,2,complete-enumeration:32
126,L025,1//4,105175//6144,30,base_2;base_3;closure_carrier;frontier_addition;inactive,7//1,875//48,1309//2048,115927//6144,1,complete-enumeration:32
126,L050,1//2,755//48,22,base_2;base_3;frontier_addition;inactive,5//1,875//48,0//1,875//48,1,complete-enumeration:32
126,L100,1//1,635//48,22,base_2;base_3;frontier_addition;inactive,5//1,875//48,0//1,875//48,1,complete-enumeration:32
126,L200,2//1,140807//16384,24,closure_carrier;frontier_addition;inactive,3//1,2275//256,93511//16384,239111//16384,1,complete-enumeration:32
126,L400,4//1,1251//256,16,frontier_addition;inactive,1//1,2275//256,0//1,2275//256,1,complete-enumeration:32
127,L0,0//1,14183//768,29;31,base_1;base_3;closure_carrier;frontier_addition;inactive|base_1;base_2;base_3;closure_carrier;frontier_addition;inactive,8//1;10//1,875//48,61//256,14183//768,2,complete-enumeration:32
127,L025,1//4,815//48,21,base_1;base_3;frontier_addition;inactive,5//1,875//48,0//1,875//48,1,complete-enumeration:32
127,L050,1//2,755//48,21,base_1;base_3;frontier_addition;inactive,5//1,875//48,0//1,875//48,1,complete-enumeration:32
127,L100,1//1,635//48,21,base_1;base_3;frontier_addition;inactive,5//1,875//48,0//1,875//48,1,complete-enumeration:32
127,L200,2//1,103//12,20,base_3;frontier_addition;inactive,3//1,175//12,0//1,175//12,1,complete-enumeration:32
127,L400,4//1,4103//768,16,frontier_addition;inactive,1//1,7175//768,0//1,7175//768,1,complete-enumeration:32
128,L0,0//1,13825//768,22;23;30;31,base_2;base_3;frontier_addition;inactive|base_1;base_2;base_3;frontier_addition;inactive|base_2;base_3;closure_carrier;frontier_addition;inactive|base_1;base_2;base_3;closure_carrier;frontier_addition;inactive,5//1;7//1;9//1,13825//768,0//1,13825//768,4,complete-enumeration:32
128,L025,1//4,12865//768,22,base_2;base_3;frontier_addition;inactive,5//1,13825//768,0//1,13825//768,1,complete-enumeration:32
128,L050,1//2,11905//768,22,base_2;base_3;frontier_addition;inactive,5//1,13825//768,0//1,13825//768,1,complete-enumeration:32
128,L100,1//1,9985//768,22,base_2;base_3;frontier_addition;inactive,5//1,13825//768,0//1,13825//768,1,complete-enumeration:32
128,L200,2//1,103//12,20,base_3;frontier_addition;inactive,3//1,175//12,0//1,175//12,1,complete-enumeration:32
128,L400,4//1,1251//256,16,frontier_addition;inactive,1//1,2275//256,0//1,2275//256,1,complete-enumeration:32
129,L0,0//1,50933//2048,29;31,base_1;base_3;closure_carrier;frontier_addition;inactive|base_1;base_2;base_3;closure_carrier;frontier_addition;inactive,8//1;10//1,4725//256,13133//2048,50933//2048,2,complete-enumeration:32
129,L025,1//4,46837//2048,29,base_1;base_3;closure_carrier;frontier_addition;inactive,8//1,4725//256,13133//2048,50933//2048,1,complete-enumeration:32
129,L050,1//2,42741//2048,29,base_1;base_3;closure_carrier;frontier_addition;inactive,8//1,4725//256,13133//2048,50933//2048,1,complete-enumeration:32
129,L100,1//1,34549//2048,29,base_1;base_3;closure_carrier;frontier_addition;inactive,8//1,4725//256,13133//2048,50933//2048,1,complete-enumeration:32
129,L200,2//1,268487//24576,24,closure_carrier;frontier_addition;inactive,4//1,7525//768,74765//8192,465095//24576,1,complete-enumeration:32
129,L400,4//1,4103//768,16,frontier_addition;inactive,1//1,7175//768,0//1,7175//768,1,complete-enumeration:32
130,L0,0//1,2975//256,17;19;21;23;25;27;29;31,base_1;frontier_addition;inactive|base_1;base_2;frontier_addition;inactive|base_1;base_3;frontier_addition;inactive|base_1;base_2;base_3;frontier_addition;inactive|base_1;closure_carrier;frontier_addition;inactive|base_1;base_2;closure_carrier;frontier_addition;inactive|base_1;base_3;closure_carrier;frontier_addition;inactive|base_1;base_2;base_3;closure_carrier;frontier_addition;inactive,3//1;5//1;6//1;7//1;8//1;10//1,2975//256,0//1,2975//256,8,complete-enumeration:32
130,L025,1//4,2783//256,17,base_1;frontier_addition;inactive,3//1,2975//256,0//1,2975//256,1,complete-enumeration:32
130,L050,1//2,2591//256,17,base_1;frontier_addition;inactive,3//1,2975//256,0//1,2975//256,1,complete-enumeration:32
130,L100,1//1,143//16,1,base_1;inactive,2//1,175//16,0//1,175//16,1,complete-enumeration:32
130,L200,2//1,5989//768,16,frontier_addition;inactive,1//1,7525//768,0//1,7525//768,1,complete-enumeration:32
130,L400,4//1,4453//768,16,frontier_addition;inactive,1//1,7525//768,0//1,7525//768,1,complete-enumeration:32
131,L0,0//1,1575//128,17;19;21;23;25;27;29;31,base_1;frontier_addition;inactive|base_1;base_2;frontier_addition;inactive|base_1;base_3;frontier_addition;inactive|base_1;base_2;base_3;frontier_addition;inactive|base_1;closure_carrier;frontier_addition;inactive|base_1;base_2;closure_carrier;frontier_addition;inactive|base_1;base_3;closure_carrier;frontier_addition;inactive|base_1;base_2;base_3;closure_carrier;frontier_addition;inactive,5//1;8//1;9//1;12//1;13//1;16//1,1575//128,0//1,1575//128,8,complete-enumeration:32
131,L025,1//4,1415//128,17,base_1;frontier_addition;inactive,5//1,1575//128,0//1,1575//128,1,complete-enumeration:32
131,L050,1//2,1255//128,17,base_1;frontier_addition;inactive,5//1,1575//128,0//1,1575//128,1,complete-enumeration:32
131,L100,1//1,1733//192,16,frontier_addition;inactive,1//1,1925//192,0//1,1925//192,1,complete-enumeration:32
131,L200,2//1,1541//192,16,frontier_addition;inactive,1//1,1925//192,0//1,1925//192,1,complete-enumeration:32
131,L400,4//1,1157//192,16,frontier_addition;inactive,1//1,1925//192,0//1,1925//192,1,complete-enumeration:32
132,L0,0//1,349809//16384,29;31,base_1;base_3;closure_carrier;frontier_addition;inactive|base_1;base_2;base_3;closure_carrier;frontier_addition;inactive,12//1;16//1,2275//128,58609//16384,349809//16384,2,complete-enumeration:32
132,L025,1//4,300657//16384,29,base_1;base_3;closure_carrier;frontier_addition;inactive,12//1,2275//128,58609//16384,349809//16384,1,complete-enumeration:32
132,L050,1//2,251505//16384,29,base_1;base_3;closure_carrier;frontier_addition;inactive,12//1,2275//128,58609//16384,349809//16384,1,complete-enumeration:32
132,L100,1//1,2077021//196608,24,closure_carrier;frontier_addition;inactive,4//1,875//96,357151//65536,2863453//196608,1,complete-enumeration:32
132,L200,2//1,683//96,16,frontier_addition;inactive,1//1,875//96,0//1,875//96,1,complete-enumeration:32
132,L400,4//1,491//96,16,frontier_addition;inactive,1//1,875//96,0//1,875//96,1,complete-enumeration:32
133,L0,0//1,2275//192,17;19;21;23;25;27;29;31,base_1;frontier_addition;inactive|base_1;base_2;frontier_addition;inactive|base_1;base_3;frontier_addition;inactive|base_1;base_2;base_3;frontier_addition;inactive|base_1;closure_carrier;frontier_addition;inactive|base_1;base_2;closure_carrier;frontier_addition;inactive|base_1;base_3;closure_carrier;frontier_addition;inactive|base_1;base_2;base_3;closure_carrier;frontier_addition;inactive,3//1;5//1;6//1;7//1;8//1;10//1,2275//192,0//1,2275//192,8,complete-enumeration:32
133,L025,1//4,2131//192,17,base_1;frontier_addition;inactive,3//1,2275//192,0//1,2275//192,1,complete-enumeration:32
133,L050,1//2,1987//192,17,base_1;frontier_addition;inactive,3//1,2275//192,0//1,2275//192,1,complete-enumeration:32
133,L100,1//1,2369//256,16,frontier_addition;inactive,1//1,2625//256,0//1,2625//256,1,complete-enumeration:32
133,L200,2//1,2113//256,16,frontier_addition;inactive,1//1,2625//256,0//1,2625//256,1,complete-enumeration:32
133,L400,4//1,1601//256,16,frontier_addition;inactive,1//1,2625//256,0//1,2625//256,1,complete-enumeration:32
134,L0,0//1,254131//12288,29;31,base_1;base_3;closure_carrier;frontier_addition;inactive|base_1;base_2;base_3;closure_carrier;frontier_addition;inactive,11//1;15//1,7175//384,8177//4096,254131//12288,2,complete-enumeration:32
134,L025,1//4,220339//12288,29,base_1;base_3;closure_carrier;frontier_addition;inactive,11//1,7175//384,8177//4096,254131//12288,1,complete-enumeration:32
134,L050,1//2,186547//12288,29,base_1;base_3;closure_carrier;frontier_addition;inactive,11//1,7175//384,8177//4096,254131//12288,1,complete-enumeration:32
134,L100,1//1,1285//128,20,base_3;frontier_addition;inactive,5//1,1925//128,0//1,1925//128,1,complete-enumeration:32
134,L200,2//1,1763//256,16,frontier_addition;inactive,1//1,2275//256,0//1,2275//256,1,complete-enumeration:32
134,L400,4//1,1251//256,16,frontier_addition;inactive,1//1,2275//256,0//1,2275//256,1,complete-enumeration:32
135,L0,0//1,744767//49152,25;27;29;31,base_1;closure_carrier;frontier_addition;inactive|base_1;base_2;closure_carrier;frontier_addition;inactive|base_1;base_3;closure_carrier;frontier_addition;inactive|base_1;base_2;base_3;closure_carrier;frontier_addition;inactive,6//1;8//1;10//1,9275//768,50389//16384,744767//49152,4,complete-enumeration:32
135,L025,1//4,671039//49152,25,base_1;closure_carrier;frontier_addition;inactive,6//1,9275//768,50389//16384,744767//49152,1,complete-enumeration:32
135,L050,1//2,597311//49152,25,base_1;closure_carrier;frontier_addition;inactive,6//1,9275//768,50389//16384,744767//49152,1,complete-enumeration:32
135,L100,1//1,7039//768,1,base_1;inactive,2//1,8575//768,0//1,8575//768,1,complete-enumeration:32
135,L200,2//1,5989//768,16,frontier_addition;inactive,1//1,7525//768,0//1,7525//768,1,complete-enumeration:32
135,L400,4//1,4453//768,16,frontier_addition;inactive,1//1,7525//768,0//1,7525//768,1,complete-enumeration:32
136,L0,0//1,314563//12288,27;31,base_1;base_2;closure_carrier;frontier_addition;inactive|base_1;base_2;base_3;closure_carrier;frontier_addition;inactive,12//1;16//1,7175//384,28321//4096,314563//12288,2,complete-enumeration:32
136,L025,1//4,277699//12288,27,base_1;base_2;closure_carrier;frontier_addition;inactive,12//1,7175//384,28321//4096,314563//12288,1,complete-enumeration:32
136,L050,1//2,240835//12288,27,base_1;base_2;closure_carrier;frontier_addition;inactive,12//1,7175//384,28321//4096,314563//12288,1,complete-enumeration:32
136,L100,1//1,367829//24576,24,closure_carrier;frontier_addition;inactive,4//1,875//96,80711//8192,466133//24576,1,complete-enumeration:32
136,L200,2//1,269525//24576,24,closure_carrier;frontier_addition;inactive,4//1,875//96,80711//8192,466133//24576,1,complete-enumeration:32
136,L400,4//1,1251//256,16,frontier_addition;inactive,1//1,2275//256,0//1,2275//256,1,complete-enumeration:32
137,L0,0//1,1045249//49152,30;31,base_2;base_3;closure_carrier;frontier_addition;inactive|base_1;base_2;base_3;closure_carrier;frontier_addition;inactive,7//1;9//1,7175//384,42283//16384,1045249//49152,2,complete-enumeration:32
137,L025,1//4,959233//49152,30,base_2;base_3;closure_carrier;frontier_addition;inactive,7//1,7175//384,42283//16384,1045249//49152,1,complete-enumeration:32
137,L050,1//2,873217//49152,30,base_2;base_3;closure_carrier;frontier_addition;inactive,7//1,7175//384,42283//16384,1045249//49152,1,complete-enumeration:32
137,L100,1//1,701185//49152,30,base_2;base_3;closure_carrier;frontier_addition;inactive,7//1,7175//384,42283//16384,1045249//49152,1,complete-enumeration:32
137,L200,2//1,1157//128,18,base_2;frontier_addition;inactive,3//1,1925//128,0//1,1925//128,1,complete-enumeration:32
137,L400,4//1,4103//768,16,frontier_addition;inactive,1//1,7175//768,0//1,7175//768,1,complete-enumeration:32
138,L0,0//1,10025//768,25;27;29;31,base_1;closure_carrier;frontier_addition;inactive|base_1;base_2;closure_carrier;frontier_addition;inactive|base_1;base_3;closure_carrier;frontier_addition;inactive|base_1;base_2;base_3;closure_carrier;frontier_addition;inactive,5//1;7//1;9//1,9275//768,125//128,10025//768,4,complete-enumeration:32
138,L025,1//4,9065//768,25,base_1;closure_carrier;frontier_addition;inactive,5//1,9275//768,125//128,10025//768,1,complete-enumeration:32
138,L050,1//2,8123//768,17,base_1;frontier_addition;inactive,3//1,9275//768,0//1,9275//768,1,complete-enumeration:32
138,L100,1//1,3607//384,1,base_1;inactive,2//1,4375//384,0//1,4375//384,1,complete-enumeration:32
138,L200,2//1,969//128,16,frontier_addition;inactive,1//1,1225//128,0//1,1225//128,1,complete-enumeration:32
138,L400,4//1,713//128,16,frontier_addition;inactive,1//1,1225//128,0//1,1225//128,1,complete-enumeration:32
139,L0,0//1,875//48,22;23;30;31,base_2;base_3;frontier_addition;inactive|base_1;base_2;base_3;frontier_addition;inactive|base_2;base_3;closure_carrier;frontier_addition;inactive|base_1;base_2;base_3;closure_carrier;frontier_addition;inactive,9//1;12//1;13//1;16//1,875//48,0//1,875//48,4,complete-enumeration:32
139,L025,1//4,767//48,22,base_2;base_3;frontier_addition;inactive,9//1,875//48,0//1,875//48,1,complete-enumeration:32
139,L050,1//2,659//48,22,base_2;base_3;frontier_addition;inactive,9//1,875//48,0//1,875//48,1,complete-enumeration:32
139,L100,1//1,7535//768,18,base_2;frontier_addition;inactive,5//1,11375//768,0//1,11375//768,1,complete-enumeration:32
139,L200,2//1,969//128,16,frontier_addition;inactive,1//1,1225//128,0//1,1225//128,1,complete-enumeration:32
139,L400,4//1,713//128,16,frontier_addition;inactive,1//1,1225//128,0//1,1225//128,1,complete-enumeration:32
140,L0,0//1,14345//768,27;31,base_1;base_2;closure_carrier;frontier_addition;inactive|base_1;base_2;base_3;closure_carrier;frontier_addition;inactive,8//1;10//1,875//48,115//256,14345//768,2,complete-enumeration:32
140,L025,1//4,815//48,19,base_1;base_2;frontier_addition;inactive,5//1,875//48,0//1,875//48,1,complete-enumeration:32
140,L050,1//2,755//48,19,base_1;base_2;frontier_addition;inactive,5//1,875//48,0//1,875//48,1,complete-enumeration:32
140,L100,1//1,635//48,19,base_1;base_2;frontier_addition;inactive,5//1,875//48,0//1,875//48,1,complete-enumeration:32
140,L200,2//1,103//12,17,base_1;frontier_addition;inactive,3//1,175//12,0//1,175//12,1,complete-enumeration:32
140,L400,4//1,1251//256,16,frontier_addition;inactive,1//1,2275//256,0//1,2275//256,1,complete-enumeration:32
141,L0,0//1,99869//6144,25;27;29;31,base_1;closure_carrier;frontier_addition;inactive|base_1;base_2;closure_carrier;frontier_addition;inactive|base_1;base_3;closure_carrier;frontier_addition;inactive|base_1;base_2;base_3;closure_carrier;frontier_addition;inactive,5//1;7//1;9//1,2275//192,9023//2048,99869//6144,4,complete-enumeration:32
141,L025,1//4,92189//6144,25,base_1;closure_carrier;frontier_addition;inactive,5//1,2275//192,9023//2048,99869//6144,1,complete-enumeration:32
141,L050,1//2,84509//6144,25,base_1;closure_carrier;frontier_addition;inactive,5//1,2275//192,9023//2048,99869//6144,1,complete-enumeration:32
141,L100,1//1,69149//6144,25,base_1;closure_carrier;frontier_addition;inactive,5//1,2275//192,9023//2048,99869//6144,1,complete-enumeration:32
141,L200,2//1,5989//768,16,frontier_addition;inactive,1//1,7525//768,0//1,7525//768,1,complete-enumeration:32
141,L400,4//1,4453//768,16,frontier_addition;inactive,1//1,7525//768,0//1,7525//768,1,complete-enumeration:32
142,L0,0//1,9275//768,17;19;21;23;25;27;29;31,base_1;frontier_addition;inactive|base_1;base_2;frontier_addition;inactive|base_1;base_3;frontier_addition;inactive|base_1;base_2;base_3;frontier_addition;inactive|base_1;closure_carrier;frontier_addition;inactive|base_1;base_2;closure_carrier;frontier_addition;inactive|base_1;base_3;closure_carrier;frontier_addition;inactive|base_1;base_2;base_3;closure_carrier;frontier_addition;inactive,5//1;7//1;9//1;11//1;13//1;15//1,9275//768,0//1,9275//768,8,complete-enumeration:32
142,L025,1//4,8315//768,17,base_1;frontier_addition;inactive,5//1,9275//768,0//1,9275//768,1,complete-enumeration:32
142,L050,1//2,7355//768,17,base_1;frontier_addition;inactive,5//1,9275//768,0//1,9275//768,1,complete-enumeration:32
142,L100,1//1,1733//192,16,frontier_addition;inactive,1//1,1925//192,0//1,1925//192,1,complete-enumeration:32
142,L200,2//1,1541//192,16,frontier_addition;inactive,1//1,1925//192,0//1,1925//192,1,complete-enumeration:32
142,L400,4//1,1157//192,16,frontier_addition;inactive,1//1,1925//192,0//1,1925//192,1,complete-enumeration:32
143,L0,0//1,162031//8192,29;31,base_1;base_3;closure_carrier;frontier_addition;inactive|base_1;base_2;base_3;closure_carrier;frontier_addition;inactive,11//1;15//1,4725//256,10831//8192,162031//8192,2,complete-enumeration:32
143,L025,1//4,139503//8192,29,base_1;base_3;closure_carrier;frontier_addition;inactive,11//1,4725//256,10831//8192,162031//8192,1,complete-enumeration:32
143,L050,1//2,116975//8192,29,base_1;base_3;closure_carrier;frontier_addition;inactive,11//1,4725//256,10831//8192,162031//8192,1,complete-enumeration:32
143,L100,1//1,2421//256,21,base_1;base_3;frontier_addition;inactive,9//1,4725//256,0//1,4725//256,1,complete-enumeration:32
143,L200,2//1,5639//768,16,frontier_addition;inactive,1//1,7175//768,0//1,7175//768,1,complete-enumeration:32
143,L400,4//1,4103//768,16,frontier_addition;inactive,1//1,7175//768,0//1,7175//768,1,complete-enumeration:32
144,L0,0//1,9625//768,17;19;21;23;25;27;29;31,base_1;frontier_addition;inactive|base_1;base_2;frontier_addition;inactive|base_1;base_3;frontier_addition;inactive|base_1;base_2;base_3;frontier_addition;inactive|base_1;closure_carrier;frontier_addition;inactive|base_1;base_2;closure_carrier;frontier_addition;inactive|base_1;base_3;closure_carrier;frontier_addition;inactive|base_1;base_2;base_3;closure_carrier;frontier_addition;inactive,5//1;8//1;9//1;12//1;13//1;16//1,9625//768,0//1,9625//768,8,complete-enumeration:32
144,L025,1//4,8665//768,17,base_1;frontier_addition;inactive,5//1,9625//768,0//1,9625//768,1,complete-enumeration:32
144,L050,1//2,7705//768,17,base_1;frontier_addition;inactive,5//1,9625//768,0//1,9625//768,1,complete-enumeration:32
144,L100,1//1,2369//256,16,frontier_addition;inactive,1//1,2625//256,0//1,2625//256,1,complete-enumeration:32
144,L200,2//1,2113//256,16,frontier_addition;inactive,1//1,2625//256,0//1,2625//256,1,complete-enumeration:32
144,L400,4//1,1601//256,16,frontier_addition;inactive,1//1,2625//256,0//1,2625//256,1,complete-enumeration:32
145,L0,0//1,9625//768,17;19;21;23;25;27;29;31,base_1;frontier_addition;inactive|base_1;base_2;frontier_addition;inactive|base_1;base_3;frontier_addition;inactive|base_1;base_2;base_3;frontier_addition;inactive|base_1;closure_carrier;frontier_addition;inactive|base_1;base_2;closure_carrier;frontier_addition;inactive|base_1;base_3;closure_carrier;frontier_addition;inactive|base_1;base_2;base_3;closure_carrier;frontier_addition;inactive,5//1;8//1;9//1;12//1;13//1;16//1,9625//768,0//1,9625//768,8,complete-enumeration:32
145,L025,1//4,8665//768,17,base_1;frontier_addition;inactive,5//1,9625//768,0//1,9625//768,1,complete-enumeration:32
145,L050,1//2,7705//768,17,base_1;frontier_addition;inactive,5//1,9625//768,0//1,9625//768,1,complete-enumeration:32
145,L100,1//1,6757//768,16,frontier_addition;inactive,1//1,7525//768,0//1,7525//768,1,complete-enumeration:32
145,L200,2//1,5989//768,16,frontier_addition;inactive,1//1,7525//768,0//1,7525//768,1,complete-enumeration:32
145,L400,4//1,4453//768,16,frontier_addition;inactive,1//1,7525//768,0//1,7525//768,1,complete-enumeration:32
146,L0,0//1,164531//12288,25;27;29;31,base_1;closure_carrier;frontier_addition;inactive|base_1;base_2;closure_carrier;frontier_addition;inactive|base_1;base_3;closure_carrier;frontier_addition;inactive|base_1;base_2;base_3;closure_carrier;frontier_addition;inactive,6//1;8//1;10//1,4375//384,8177//4096,164531//12288,4,complete-enumeration:32
146,L025,1//4,146099//12288,25,base_1;closure_carrier;frontier_addition;inactive,6//1,4375//384,8177//4096,164531//12288,1,complete-enumeration:32
146,L050,1//2,127667//12288,25,base_1;closure_carrier;frontier_addition;inactive,6//1,4375//384,8177//4096,164531//12288,1,complete-enumeration:32
146,L100,1//1,2369//256,16,frontier_addition;inactive,1//1,2625//256,0//1,2625//256,1,complete-enumeration:32
146,L200,2//1,2113//256,16,frontier_addition;inactive,1//1,2625//256,0//1,2625//256,1,complete-enumeration:32
146,L400,4//1,1601//256,16,frontier_addition;inactive,1//1,2625//256,0//1,2625//256,1,complete-enumeration:32
147,L0,0//1,998513//49152,30;31,base_2;base_3;closure_carrier;frontier_addition;inactive|base_1;base_2;base_3;closure_carrier;frontier_addition;inactive,11//1;15//1,875//48,34171//16384,998513//49152,2,complete-enumeration:32
147,L025,1//4,863345//49152,30,base_2;base_3;closure_carrier;frontier_addition;inactive,11//1,875//48,34171//16384,998513//49152,1,complete-enumeration:32
147,L050,1//2,728177//49152,30,base_2;base_3;closure_carrier;frontier_addition;inactive,11//1,875//48,34171//16384,998513//49152,1,complete-enumeration:32
147,L100,1//1,2263201//196608,24,closure_carrier;frontier_addition;inactive,3//1,7525//768,308875//65536,2853025//196608,1,complete-enumeration:32
147,L200,2//1,1673377//196608,24,closure_carrier;frontier_addition;inactive,3//1,7525//768,308875//65536,2853025//196608,1,complete-enumeration:32
147,L400,4//1,4453//768,16,frontier_addition;inactive,1//1,7525//768,0//1,7525//768,1,complete-enumeration:32
148,L0,0//1,2275//128,19;23;27;31,base_1;base_2;frontier_addition;inactive|base_1;base_2;base_3;frontier_addition;inactive|base_1;base_2;closure_carrier;frontier_addition;inactive|base_1;base_2;base_3;closure_carrier;frontier_addition;inactive,9//1;12//1;13//1;16//1,2275//128,0//1,2275//128,4,complete-enumeration:32
148,L025,1//4,1987//128,19,base_1;base_2;frontier_addition;inactive,9//1,2275//128,0//1,2275//128,1,complete-enumeration:32
148,L050,1//2,1699//128,19,base_1;base_2;frontier_addition;inactive,9//1,2275//128,0//1,2275//128,1,complete-enumeration:32
148,L100,1//1,2395//256,17,base_1;frontier_addition;inactive,5//1,3675//256,0//1,3675//256,1,complete-enumeration:32
148,L200,2//1,2557//384,16,frontier_addition;inactive,1//1,3325//384,0//1,3325//384,1,complete-enumeration:32
148,L400,4//1,1789//384,16,frontier_addition;inactive,1//1,3325//384,0//1,3325//384,1,complete-enumeration:32
149,L0,0//1,97011//4096,29;31,base_1;base_3;closure_carrier;frontier_addition;inactive|base_1;base_2;base_3;closure_carrier;frontier_addition;inactive,7//1;9//1,2275//128,24211//4096,97011//4096,2,complete-enumeration:32
149,L025,1//4,89843//4096,29,base_1;base_3;closure_carrier;frontier_addition;inactive,7//1,2275//128,24211//4096,97011//4096,1,complete-enumeration:32
149,L050,1//2,82675//4096,29,base_1;base_3;closure_carrier;frontier_addition;inactive,7//1,2275//128,24211//4096,97011//4096,1,complete-enumeration:32
149,L100,1//1,68339//4096,29,base_1;base_3;closure_carrier;frontier_addition;inactive,7//1,2275//128,24211//4096,97011//4096,1,complete-enumeration:32
149,L200,2//1,186113//16384,24,closure_carrier;frontier_addition;inactive,3//1,2275//256,138817//16384,284417//16384,1,complete-enumeration:32
149,L400,4//1,78505//12288,8,closure_carrier;inactive,2//1,875//384,49603//4096,176809//12288,1,complete-enumeration:32
150,L0,0//1,13825//768,21;23;29;31,base_1;base_3;frontier_addition;inactive|base_1;base_2;base_3;frontier_addition;inactive|base_1;base_3;closure_carrier;frontier_addition;inactive|base_1;base_2;base_3;closure_carrier;frontier_addition;inactive,5//1;7//1;9//1,13825//768,0//1,13825//768,4,complete-enumeration:32
150,L025,1//4,12865//768,21,base_1;base_3;frontier_addition;inactive,5//1,13825//768,0//1,13825//768,1,complete-enumeration:32
150,L050,1//2,11905//768,21,base_1;base_3;frontier_addition;inactive,5//1,13825//768,0//1,13825//768,1,complete-enumeration:32
150,L100,1//1,9985//768,21,base_1;base_3;frontier_addition;inactive,5//1,13825//768,0//1,13825//768,1,complete-enumeration:32
150,L200,2//1,6767//768,17,base_1;frontier_addition;inactive,3//1,11375//768,0//1,11375//768,1,complete-enumeration:32
150,L400,4//1,1251//256,16,frontier_addition;inactive,1//1,2275//256,0//1,2275//256,1,complete-enumeration:32
151,L0,0//1,167381//12288,25;27;29;31,base_1;closure_carrier;frontier_addition;inactive|base_1;base_2;closure_carrier;frontier_addition;inactive|base_1;base_3;closure_carrier;frontier_addition;inactive|base_1;base_2;base_3;closure_carrier;frontier_addition;inactive,7//1;11//1;15//1,9275//768,6327//4096,167381//12288,4,complete-enumeration:32
151,L025,1//4,145877//12288,25,base_1;closure_carrier;frontier_addition;inactive,7//1,9275//768,6327//4096,167381//12288,1,complete-enumeration:32
151,L050,1//2,124373//12288,25,base_1;closure_carrier;frontier_addition;inactive,7//1,9275//768,6327//4096,167381//12288,1,complete-enumeration:32
151,L100,1//1,3641//384,16,frontier_addition;inactive,1//1,4025//384,0//1,4025//384,1,complete-enumeration:32
151,L200,2//1,3257//384,16,frontier_addition;inactive,1//1,4025//384,0//1,4025//384,1,complete-enumeration:32
151,L400,4//1,2489//384,16,frontier_addition;inactive,1//1,4025//384,0//1,4025//384,1,complete-enumeration:32
152,L0,0//1,137669//6144,27;31,base_1;base_2;closure_carrier;frontier_addition;inactive|base_1;base_2;base_3;closure_carrier;frontier_addition;inactive,11//1;15//1,13825//768,9023//2048,137669//6144,2,complete-enumeration:32
152,L025,1//4,120773//6144,27,base_1;base_2;closure_carrier;frontier_addition;inactive,11//1,13825//768,9023//2048,137669//6144,1,complete-enumeration:32
152,L050,1//2,103877//6144,27,base_1;base_2;closure_carrier;frontier_addition;inactive,11//1,13825//768,9023//2048,137669//6144,1,complete-enumeration:32
152,L100,1//1,21419//1536,24,closure_carrier;frontier_addition;inactive,3//1,7525//768,3659//512,26027//1536,1,complete-enumeration:32
152,L200,2//1,16811//1536,24,closure_carrier;frontier_addition;inactive,3//1,7525//768,3659//512,26027//1536,1,complete-enumeration:32
152,L400,4//1,24889//4096,8,closure_carrier;inactive,2//1,875//256,43657//4096,57657//4096,1,complete-enumeration:32
153,L0,0//1,2275//192,17;19;21;23;25;27;29;31,base_1;frontier_addition;inactive|base_1;base_2;frontier_addition;inactive|base_1;base_3;frontier_addition;inactive|base_1;base_2;base_3;frontier_addition;inactive|base_1;closure_carrier;frontier_addition;inactive|base_1;base_2;closure_carrier;frontier_addition;inactive|base_1;base_3;closure_carrier;frontier_addition;inactive|base_1;base_2;base_3;closure_carrier;frontier_addition;inactive,5//1;8//1;9//1;12//1;13//1;16//1,2275//192,0//1,2275//192,8,complete-enumeration:32
153,L025,1//4,2035//192,17,base_1;frontier_addition;inactive,5//1,2275//192,0//1,2275//192,1,complete-enumeration:32
153,L050,1//2,1795//192,17,base_1;frontier_addition;inactive,5//1,2275//192,0//1,2275//192,1,complete-enumeration:32
153,L100,1//1,1097//128,16,frontier_addition;inactive,1//1,1225//128,0//1,1225//128,1,complete-enumeration:32
153,L200,2//1,969//128,16,frontier_addition;inactive,1//1,1225//128,0//1,1225//128,1,complete-enumeration:32
153,L400,4//1,713//128,16,frontier_addition;inactive,1//1,1225//128,0//1,1225//128,1,complete-enumeration:32
154,L0,0//1,10097//512,25;27;29;31,base_1;closure_carrier;frontier_addition;inactive|base_1;base_2;closure_carrier;frontier_addition;inactive|base_1;base_3;closure_carrier;frontier_addition;inactive|base_1;base_2;base_3;closure_carrier;frontier_addition;inactive,5//1;7//1;9//1,1575//128,3797//512,10097//512,4,complete-enumeration:32
154,L025,1//4,9457//512,25,base_1;closure_carrier;frontier_addition;inactive,5//1,1575//128,3797//512,10097//512,1,complete-enumeration:32
154,L050,1//2,8817//512,25,base_1;closure_carrier;frontier_addition;inactive,5//1,1575//128,3797//512,10097//512,1,complete-enumeration:32
154,L100,1//1,7537//512,25,base_1;closure_carrier;frontier_addition;inactive,5//1,1575//128,3797//512,10097//512,1,complete-enumeration:32
154,L200,2//1,4977//512,25,base_1;closure_carrier;frontier_addition;inactive,5//1,1575//128,3797//512,10097//512,1,complete-enumeration:32
154,L400,4//1,4453//768,16,frontier_addition;inactive,1//1,7525//768,0//1,7525//768,1,complete-enumeration:32
155,L0,0//1,3583//192,27;31,base_1;base_2;closure_carrier;frontier_addition;inactive|base_1;base_2;base_3;closure_carrier;frontier_addition;inactive,8//1;10//1,13825//768,169//256,3583//192,2,complete-enumeration:32
155,L025,1//4,12865//768,19,base_1;base_2;frontier_addition;inactive,5//1,13825//768,0//1,13825//768,1,complete-enumeration:32
155,L050,1//2,11905//768,19,base_1;base_2;frontier_addition;inactive,5//1,13825//768,0//1,13825//768,1,complete-enumeration:32
155,L100,1//1,9985//768,19,base_1;base_2;frontier_addition;inactive,5//1,13825//768,0//1,13825//768,1,complete-enumeration:32
155,L200,2//1,2139//256,18,base_2;frontier_addition;inactive,3//1,3675//256,0//1,3675//256,1,complete-enumeration:32
155,L400,4//1,491//96,16,frontier_addition;inactive,1//1,875//96,0//1,875//96,1,complete-enumeration:32
156,L0,0//1,143269//6144,30;31,base_2;base_3;closure_carrier;frontier_addition;inactive|base_1;base_2;base_3;closure_carrier;frontier_addition;inactive,11//1;15//1,14525//768,9023//2048,143269//6144,2,complete-enumeration:32
156,L025,1//4,126373//6144,30,base_2;base_3;closure_carrier;frontier_addition;inactive,11//1,14525//768,9023//2048,143269//6144,1,complete-enumeration:32
156,L050,1//2,109477//6144,30,base_2;base_3;closure_carrier;frontier_addition;inactive,11//1,14525//768,9023//2048,143269//6144,1,complete-enumeration:32
156,L100,1//1,2827//192,24,closure_carrier;frontier_addition;inactive,3//1,7525//768,2029//256,3403//192,1,complete-enumeration:32
156,L200,2//1,2251//192,24,closure_carrier;frontier_addition;inactive,3//1,7525//768,2029//256,3403//192,1,complete-enumeration:32
156,L400,4//1,51127//8192,8,closure_carrier;inactive,2//1,525//256,99863//8192,116663//8192,1,complete-enumeration:32
157,L0,0//1,875//48,19;23;27;31,base_1;base_2;frontier_addition;inactive|base_1;base_2;base_3;frontier_addition;inactive|base_1;base_2;closure_carrier;frontier_addition;inactive|base_1;base_2;base_3;closure_carrier;frontier_addition;inactive,9//1;11//1;13//1;15//1,875//48,0//1,875//48,4,complete-enumeration:32
157,L025,1//4,767//48,19,base_1;base_2;frontier_addition;inactive,9//1,875//48,0//1,875//48,1,complete-enumeration:32
157,L050,1//2,659//48,19,base_1;base_2;frontier_addition;inactive,9//1,875//48,0//1,875//48,1,complete-enumeration:32
157,L100,1//1,1285//128,18,base_2;frontier_addition;inactive,5//1,1925//128,0//1,1925//128,1,complete-enumeration:32
157,L200,2//1,2557//384,16,frontier_addition;inactive,1//1,3325//384,0//1,3325//384,1,complete-enumeration:32
157,L400,4//1,1789//384,16,frontier_addition;inactive,1//1,3325//384,0//1,3325//384,1,complete-enumeration:32
158,L0,0//1,4719//256,30;31,base_2;base_3;closure_carrier;frontier_addition;inactive|base_1;base_2;base_3;closure_carrier;frontier_addition;inactive,7//1;9//1,2275//128,169//256,4719//256,2,complete-enumeration:32
158,L025,1//4,4271//256,30,base_2;base_3;closure_carrier;frontier_addition;inactive,7//1,2275//128,169//256,4719//256,1,complete-enumeration:32
158,L050,1//2,1955//128,22,base_2;base_3;frontier_addition;inactive,5//1,2275//128,0//1,2275//128,1,complete-enumeration:32
158,L100,1//1,1635//128,22,base_2;base_3;frontier_addition;inactive,5//1,2275//128,0//1,2275//128,1,complete-enumeration:32
158,L200,2//1,103//12,18,base_2;frontier_addition;inactive,3//1,175//12,0//1,175//12,1,complete-enumeration:32
158,L400,4//1,4103//768,16,frontier_addition;inactive,1//1,7175//768,0//1,7175//768,1,complete-enumeration:32
159,L0,0//1,1575//128,17;19;21;23;25;27;29;31,base_1;frontier_addition;inactive|base_1;base_2;frontier_addition;inactive|base_1;base_3;frontier_addition;inactive|base_1;base_2;base_3;frontier_addition;inactive|base_1;closure_carrier;frontier_addition;inactive|base_1;base_2;closure_carrier;frontier_addition;inactive|base_1;base_3;closure_carrier;frontier_addition;inactive|base_1;base_2;base_3;closure_carrier;frontier_addition;inactive,3//1;5//1;6//1;7//1;8//1;10//1,1575//128,0//1,1575//128,8,complete-enumeration:32
159,L025,1//4,1479//128,17,base_1;frontier_addition;inactive,3//1,1575//128,0//1,1575//128,1,complete-enumeration:32
159,L050,1//2,1383//128,17,base_1;frontier_addition;inactive,3//1,1575//128,0//1,1575//128,1,complete-enumeration:32
159,L100,1//1,1191//128,17,base_1;frontier_addition;inactive,3//1,1575//128,0//1,1575//128,1,complete-enumeration:32
159,L200,2//1,2113//256,16,frontier_addition;inactive,1//1,2625//256,0//1,2625//256,1,complete-enumeration:32
159,L400,4//1,1601//256,16,frontier_addition;inactive,1//1,2625//256,0//1,2625//256,1,complete-enumeration:32
160,L0,0//1,2375//192,25;27;29;31,base_1;closure_carrier;frontier_addition;inactive|base_1;base_2;closure_carrier;frontier_addition;inactive|base_1;base_3;closure_carrier;frontier_addition;inactive|base_1;base_2;base_3;closure_carrier;frontier_addition;inactive,8//1;12//1;16//1,4375//384,125//128,2375//192,4,complete-enumeration:32
160,L025,1//4,1991//192,25,base_1;closure_carrier;frontier_addition;inactive,8//1,4375//384,125//128,2375//192,1,complete-enumeration:32
160,L050,1//2,1161//128,16,frontier_addition;inactive,1//1,1225//128,0//1,1225//128,1,complete-enumeration:32
160,L100,1//1,1097//128,16,frontier_addition;inactive,1//1,1225//128,0//1,1225//128,1,complete-enumeration:32
160,L200,2//1,969//128,16,frontier_addition;inactive,1//1,1225//128,0//1,1225//128,1,complete-enumeration:32
160,L400,4//1,713//128,16,frontier_addition;inactive,1//1,1225//128,0//1,1225//128,1,complete-enumeration:32
161,L0,0//1,40439//3072,25;27;29;31,base_1;closure_carrier;frontier_addition;inactive|base_1;base_2;closure_carrier;frontier_addition;inactive|base_1;base_3;closure_carrier;frontier_addition;inactive|base_1;base_2;base_3;closure_carrier;frontier_addition;inactive,6//1;8//1;10//1,4375//384,1813//1024,40439//3072,4,complete-enumeration:32
161,L025,1//4,35831//3072,25,base_1;closure_carrier;frontier_addition;inactive,6//1,4375//384,1813//1024,40439//3072,1,complete-enumeration:32
161,L050,1//2,31223//3072,25,base_1;closure_carrier;frontier_addition;inactive,6//1,4375//384,1813//1024,40439//3072,1,complete-enumeration:32
161,L100,1//1,1733//192,16,frontier_addition;inactive,1//1,1925//192,0//1,1925//192,1,complete-enumeration:32
161,L200,2//1,1541//192,16,frontier_addition;inactive,1//1,1925//192,0//1,1925//192,1,complete-enumeration:32
161,L400,4//1,1157//192,16,frontier_addition;inactive,1//1,1925//192,0//1,1925//192,1,complete-enumeration:32
162,L0,0//1,9419//768,25;27;29;31,base_1;closure_carrier;frontier_addition;inactive|base_1;base_2;closure_carrier;frontier_addition;inactive|base_1;base_3;closure_carrier;frontier_addition;inactive|base_1;base_2;base_3;closure_carrier;frontier_addition;inactive,7//1;11//1;15//1,4375//384,223//256,9419//768,4,complete-enumeration:32
162,L025,1//4,8075//768,25,base_1;closure_carrier;frontier_addition;inactive,7//1,4375//384,223//256,9419//768,1,complete-enumeration:32
162,L050,1//2,7141//768,16,frontier_addition;inactive,1//1,7525//768,0//1,7525//768,1,complete-enumeration:32
162,L100,1//1,6757//768,16,frontier_addition;inactive,1//1,7525//768,0//1,7525//768,1,complete-enumeration:32
162,L200,2//1,5989//768,16,frontier_addition;inactive,1//1,7525//768,0//1,7525//768,1,complete-enumeration:32
162,L400,4//1,4453//768,16,frontier_addition;inactive,1//1,7525//768,0//1,7525//768,1,complete-enumeration:32
163,L0,0//1,298815//16384,29;31,base_1;base_3;closure_carrier;frontier_addition;inactive|base_1;base_2;base_3;closure_carrier;frontier_addition;inactive,8//1;10//1,875//48,445//49152,298815//16384,2,complete-enumeration:32
163,L025,1//4,815//48,21,base_1;base_3;frontier_addition;inactive,5//1,875//48,0//1,875//48,1,complete-enumeration:32
163,L050,1//2,755//48,21,base_1;base_3;frontier_addition;inactive,5//1,875//48,0//1,875//48,1,complete-enumeration:32
163,L100,1//1,635//48,21,base_1;base_3;frontier_addition;inactive,5//1,875//48,0//1,875//48,1,complete-enumeration:32
163,L200,2//1,103//12,17,base_1;frontier_addition;inactive,3//1,175//12,0//1,175//12,1,complete-enumeration:32
163,L400,4//1,1789//384,16,frontier_addition;inactive,1//1,3325//384,0//1,3325//384,1,complete-enumeration:32
164,L0,0//1,9275//768,17;19;21;23;25;27;29;31,base_1;frontier_addition;inactive|base_1;base_2;frontier_addition;inactive|base_1;base_3;frontier_addition;inactive|base_1;base_2;base_3;frontier_addition;inactive|base_1;closure_carrier;frontier_addition;inactive|base_1;base_2;closure_carrier;frontier_addition;inactive|base_1;base_3;closure_carrier;frontier_addition;inactive|base_1;base_2;base_3;closure_carrier;frontier_addition;inactive,5//1;7//1;9//1;11//1;13//1;15//1,9275//768,0//1,9275//768,8,complete-enumeration:32
164,L025,1//4,8315//768,17,base_1;frontier_addition;inactive,5//1,9275//768,0//1,9275//768,1,complete-enumeration:32
164,L050,1//2,7355//768,17,base_1;frontier_addition;inactive,5//1,9275//768,0//1,9275//768,1,complete-enumeration:32
164,L100,1//1,6757//768,16,frontier_addition;inactive,1//1,7525//768,0//1,7525//768,1,complete-enumeration:32
164,L200,2//1,5989//768,16,frontier_addition;inactive,1//1,7525//768,0//1,7525//768,1,complete-enumeration:32
164,L400,4//1,4453//768,16,frontier_addition;inactive,1//1,7525//768,0//1,7525//768,1,complete-enumeration:32
165,L0,0//1,124491//8192,25;27;29;31,base_1;closure_carrier;frontier_addition;inactive|base_1;base_2;closure_carrier;frontier_addition;inactive|base_1;base_3;closure_carrier;frontier_addition;inactive|base_1;base_2;base_3;closure_carrier;frontier_addition;inactive,8//1;12//1;16//1,2975//256,29291//8192,124491//8192,4,complete-enumeration:32
165,L025,1//4,108107//8192,25,base_1;closure_carrier;frontier_addition;inactive,8//1,2975//256,29291//8192,124491//8192,1,complete-enumeration:32
165,L050,1//2,91723//8192,25,base_1;closure_carrier;frontier_addition;inactive,8//1,2975//256,29291//8192,124491//8192,1,complete-enumeration:32
165,L100,1//1,7457//768,16,frontier_addition;inactive,1//1,8225//768,0//1,8225//768,1,complete-enumeration:32
165,L200,2//1,6689//768,16,frontier_addition;inactive,1//1,8225//768,0//1,8225//768,1,complete-enumeration:32
165,L400,4//1,5153//768,16,frontier_addition;inactive,1//1,8225//768,0//1,8225//768,1,complete-enumeration:32
166,L0,0//1,9275//768,17;19;21;23;25;27;29;31,base_1;frontier_addition;inactive|base_1;base_2;frontier_addition;inactive|base_1;base_3;frontier_addition;inactive|base_1;base_2;base_3;frontier_addition;inactive|base_1;closure_carrier;frontier_addition;inactive|base_1;base_2;closure_carrier;frontier_addition;inactive|base_1;base_3;closure_carrier;frontier_addition;inactive|base_1;base_2;base_3;closure_carrier;frontier_addition;inactive,3//1;5//1;7//1;9//1,9275//768,0//1,9275//768,8,complete-enumeration:32
166,L025,1//4,8699//768,17,base_1;frontier_addition;inactive,3//1,9275//768,0//1,9275//768,1,complete-enumeration:32
166,L050,1//2,8123//768,17,base_1;frontier_addition;inactive,3//1,9275//768,0//1,9275//768,1,complete-enumeration:32
166,L100,1//1,7457//768,16,frontier_addition;inactive,1//1,8225//768,0//1,8225//768,1,complete-enumeration:32
166,L200,2//1,6689//768,16,frontier_addition;inactive,1//1,8225//768,0//1,8225//768,1,complete-enumeration:32
166,L400,4//1,5153//768,16,frontier_addition;inactive,1//1,8225//768,0//1,8225//768,1,complete-enumeration:32
167,L0,0//1,2275//192,17;19;21;23;25;27;29;31,base_1;frontier_addition;inactive|base_1;base_2;frontier_addition;inactive|base_1;base_3;frontier_addition;inactive|base_1;base_2;base_3;frontier_addition;inactive|base_1;closure_carrier;frontier_addition;inactive|base_1;base_2;closure_carrier;frontier_addition;inactive|base_1;base_3;closure_carrier;frontier_addition;inactive|base_1;base_2;base_3;closure_carrier;frontier_addition;inactive,3//1;5//1;6//1;7//1;8//1;10//1,2275//192,0//1,2275//192,8,complete-enumeration:32
167,L025,1//4,2131//192,17,base_1;frontier_addition;inactive,3//1,2275//192,0//1,2275//192,1,complete-enumeration:32
167,L050,1//2,1987//192,17,base_1;frontier_addition;inactive,3//1,2275//192,0//1,2275//192,1,complete-enumeration:32
167,L100,1//1,1733//192,16,frontier_addition;inactive,1//1,1925//192,0//1,1925//192,1,complete-enumeration:32
167,L200,2//1,1541//192,16,frontier_addition;inactive,1//1,1925//192,0//1,1925//192,1,complete-enumeration:32
167,L400,4//1,1157//192,16,frontier_addition;inactive,1//1,1925//192,0//1,1925//192,1,complete-enumeration:32
168,L0,0//1,9625//768,17;19;21;23;25;27;29;31,base_1;frontier_addition;inactive|base_1;base_2;frontier_addition;inactive|base_1;base_3;frontier_addition;inactive|base_1;base_2;base_3;frontier_addition;inactive|base_1;closure_carrier;frontier_addition;inactive|base_1;base_2;closure_carrier;frontier_addition;inactive|base_1;base_3;closure_carrier;frontier_addition;inactive|base_1;base_2;base_3;closure_carrier;frontier_addition;inactive,3//1;5//1;7//1;9//1,9625//768,0//1,9625//768,8,complete-enumeration:32
168,L025,1//4,9049//768,17,base_1;frontier_addition;inactive,3//1,9625//768,0//1,9625//768,1,complete-enumeration:32
168,L050,1//2,8473//768,17,base_1;frontier_addition;inactive,3//1,9625//768,0//1,9625//768,1,complete-enumeration:32
168,L100,1//1,7457//768,16,frontier_addition;inactive,1//1,8225//768,0//1,8225//768,1,complete-enumeration:32
168,L200,2//1,6689//768,16,frontier_addition;inactive,1//1,8225//768,0//1,8225//768,1,complete-enumeration:32
168,L400,4//1,5153//768,16,frontier_addition;inactive,1//1,8225//768,0//1,8225//768,1,complete-enumeration:32
169,L0,0//1,875//48,22;23;30;31,base_2;base_3;frontier_addition;inactive|base_1;base_2;base_3;frontier_addition;inactive|base_2;base_3;closure_carrier;frontier_addition;inactive|base_1;base_2;base_3;closure_carrier;frontier_addition;inactive,5//1;7//1;8//1;10//1,875//48,0//1,875//48,4,complete-enumeration:32
169,L025,1//4,815//48,22,base_2;base_3;frontier_addition;inactive,5//1,875//48,0//1,875//48,1,complete-enumeration:32
169,L050,1//2,755//48,22,base_2;base_3;frontier_addition;inactive,5//1,875//48,0//1,875//48,1,complete-enumeration:32
169,L100,1//1,635//48,22,base_2;base_3;frontier_addition;inactive,5//1,875//48,0//1,875//48,1,complete-enumeration:32
169,L200,2//1,6767//768,18,base_2;frontier_addition;inactive,3//1,11375//768,0//1,11375//768,1,complete-enumeration:32
169,L400,4//1,4103//768,16,frontier_addition;inactive,1//1,7175//768,0//1,7175//768,1,complete-enumeration:32
170,L0,0//1,3171//256,25;27;29;31,base_1;closure_carrier;frontier_addition;inactive|base_1;base_2;closure_carrier;frontier_addition;inactive|base_1;base_3;closure_carrier;frontier_addition;inactive|base_1;base_2;base_3;closure_carrier;frontier_addition;inactive,6//1;8//1;10//1,2975//256,49//64,3171//256,4,complete-enumeration:32
170,L025,1//4,2787//256,25,base_1;closure_carrier;frontier_addition;inactive,6//1,2975//256,49//64,3171//256,1,complete-enumeration:32
170,L050,1//2,2591//256,17,base_1;frontier_addition;inactive,3//1,2975//256,0//1,2975//256,1,complete-enumeration:32
170,L100,1//1,2369//256,16,frontier_addition;inactive,1//1,2625//256,0//1,2625//256,1,complete-enumeration:32
170,L200,2//1,2113//256,16,frontier_addition;inactive,1//1,2625//256,0//1,2625//256,1,complete-enumeration:32
170,L400,4//1,1601//256,16,frontier_addition;inactive,1//1,2625//256,0//1,2625//256,1,complete-enumeration:32
171,L0,0//1,2275//192,17;19;21;23;25;27;29;31,base_1;frontier_addition;inactive|base_1;base_2;frontier_addition;inactive|base_1;base_3;frontier_addition;inactive|base_1;base_2;base_3;frontier_addition;inactive|base_1;closure_carrier;frontier_addition;inactive|base_1;base_2;closure_carrier;frontier_addition;inactive|base_1;base_3;closure_carrier;frontier_addition;inactive|base_1;base_2;base_3;closure_carrier;frontier_addition;inactive,5//1;8//1;9//1;12//1;13//1;16//1,2275//192,0//1,2275//192,8,complete-enumeration:32
171,L025,1//4,2035//192,17,base_1;frontier_addition;inactive,5//1,2275//192,0//1,2275//192,1,complete-enumeration:32
171,L050,1//2,1795//192,17,base_1;frontier_addition;inactive,5//1,2275//192,0//1,2275//192,1,complete-enumeration:32
171,L100,1//1,6757//768,16,frontier_addition;inactive,1//1,7525//768,0//1,7525//768,1,complete-enumeration:32
171,L200,2//1,5989//768,16,frontier_addition;inactive,1//1,7525//768,0//1,7525//768,1,complete-enumeration:32
171,L400,4//1,4453//768,16,frontier_addition;inactive,1//1,7525//768,0//1,7525//768,1,complete-enumeration:32
172,L0,0//1,13825//768,21;23;29;31,base_1;base_3;frontier_addition;inactive|base_1;base_2;base_3;frontier_addition;inactive|base_1;base_3;closure_carrier;frontier_addition;inactive|base_1;base_2;base_3;closure_carrier;frontier_addition;inactive,9//1;11//1;13//1;15//1,13825//768,0//1,13825//768,4,complete-enumeration:32
172,L025,1//4,12097//768,21,base_1;base_3;frontier_addition;inactive,9//1,13825//768,0//1,13825//768,1,complete-enumeration:32
172,L050,1//2,10369//768,21,base_1;base_3;frontier_addition;inactive,9//1,13825//768,0//1,13825//768,1,complete-enumeration:32
172,L100,1//1,115//12,20,base_3;frontier_addition;inactive,5//1,175//12,0//1,175//12,1,complete-enumeration:32
172,L200,2//1,5639//768,16,frontier_addition;inactive,1//1,7175//768,0//1,7175//768,1,complete-enumeration:32
172,L400,4//1,4103//768,16,frontier_addition;inactive,1//1,7175//768,0//1,7175//768,1,complete-enumeration:32
173,L0,0//1,875//48,21;23;29;31,base_1;base_3;frontier_addition;inactive|base_1;base_2;base_3;frontier_addition;inactive|base_1;base_3;closure_carrier;frontier_addition;inactive|base_1;base_2;base_3;closure_carrier;frontier_addition;inactive,5//1;7//1;9//1,875//48,0//1,875//48,4,complete-enumeration:32
173,L025,1//4,815//48,21,base_1;base_3;frontier_addition;inactive,5//1,875//48,0//1,875//48,1,complete-enumeration:32
173,L050,1//2,755//48,21,base_1;base_3;frontier_addition;inactive,5//1,875//48,0//1,875//48,1,complete-enumeration:32
173,L100,1//1,635//48,21,base_1;base_3;frontier_addition;inactive,5//1,875//48,0//1,875//48,1,complete-enumeration:32
173,L200,2//1,103//12,17,base_1;frontier_addition;inactive,3//1,175//12,0//1,175//12,1,complete-enumeration:32
173,L400,4//1,713//128,16,frontier_addition;inactive,1//1,1225//128,0//1,1225//128,1,complete-enumeration:32
174,L0,0//1,875//48,19;23;27;31,base_1;base_2;frontier_addition;inactive|base_1;base_2;base_3;frontier_addition;inactive|base_1;base_2;closure_carrier;frontier_addition;inactive|base_1;base_2;base_3;closure_carrier;frontier_addition;inactive,5//1;7//1;8//1;10//1,875//48,0//1,875//48,4,complete-enumeration:32
174,L025,1//4,815//48,19,base_1;base_2;frontier_addition;inactive,5//1,875//48,0//1,875//48,1,complete-enumeration:32
174,L050,1//2,755//48,19,base_1;base_2;frontier_addition;inactive,5//1,875//48,0//1,875//48,1,complete-enumeration:32
174,L100,1//1,635//48,19,base_1;base_2;frontier_addition;inactive,5//1,875//48,0//1,875//48,1,complete-enumeration:32
174,L200,2//1,1157//128,17,base_1;frontier_addition;inactive,3//1,1925//128,0//1,1925//128,1,complete-enumeration:32
174,L400,4//1,4103//768,16,frontier_addition;inactive,1//1,7175//768,0//1,7175//768,1,complete-enumeration:32
175,L0,0//1,138731//6144,29;31,base_1;base_3;closure_carrier;frontier_addition;inactive|base_1;base_2;base_3;closure_carrier;frontier_addition;inactive,8//1;10//1,13825//768,9377//2048,138731//6144,2,complete-enumeration:32
175,L025,1//4,126443//6144,29,base_1;base_3;closure_carrier;frontier_addition;inactive,8//1,13825//768,9377//2048,138731//6144,1,complete-enumeration:32
175,L050,1//2,114155//6144,29,base_1;base_3;closure_carrier;frontier_addition;inactive,8//1,13825//768,9377//2048,138731//6144,1,complete-enumeration:32
175,L100,1//1,89579//6144,29,base_1;base_3;closure_carrier;frontier_addition;inactive,8//1,13825//768,9377//2048,138731//6144,1,complete-enumeration:32
175,L200,2//1,6767//768,20,base_3;frontier_addition;inactive,3//1,11375//768,0//1,11375//768,1,complete-enumeration:32
175,L400,4//1,491//96,16,frontier_addition;inactive,1//1,875//96,0//1,875//96,1,complete-enumeration:32
176,L0,0//1,288767//24576,25;27;29;31,base_1;closure_carrier;frontier_addition;inactive|base_1;base_2;closure_carrier;frontier_addition;inactive|base_1;base_3;closure_carrier;frontier_addition;inactive|base_1;base_2;base_3;closure_carrier;frontier_addition;inactive,5//1;7//1;9//1,2975//256,3167//24576,288767//24576,4,complete-enumeration:32
176,L025,1//4,2783//256,17,base_1;frontier_addition;inactive,3//1,2975//256,0//1,2975//256,1,complete-enumeration:32
176,L050,1//2,2591//256,17,base_1;frontier_addition;inactive,3//1,2975//256,0//1,2975//256,1,complete-enumeration:32
176,L100,1//1,3641//384,16,frontier_addition;inactive,1//1,4025//384,0//1,4025//384,1,complete-enumeration:32
176,L200,2//1,3257//384,16,frontier_addition;inactive,1//1,4025//384,0//1,4025//384,1,complete-enumeration:32
176,L400,4//1,2489//384,16,frontier_addition;inactive,1//1,4025//384,0//1,4025//384,1,complete-enumeration:32
177,L0,0//1,1243//96,25;27;29;31,base_1;closure_carrier;frontier_addition;inactive|base_1;base_2;closure_carrier;frontier_addition;inactive|base_1;base_3;closure_carrier;frontier_addition;inactive|base_1;base_2;base_3;closure_carrier;frontier_addition;inactive,5//1;7//1;9//1,9275//768,223//256,1243//96,4,complete-enumeration:32
177,L025,1//4,1123//96,25,base_1;closure_carrier;frontier_addition;inactive,5//1,9275//768,223//256,1243//96,1,complete-enumeration:32
177,L050,1//2,8123//768,17,base_1;frontier_addition;inactive,3//1,9275//768,0//1,9275//768,1,complete-enumeration:32
177,L100,1//1,2369//256,16,frontier_addition;inactive,1//1,2625//256,0//1,2625//256,1,complete-enumeration:32
177,L200,2//1,2113//256,16,frontier_addition;inactive,1//1,2625//256,0//1,2625//256,1,complete-enumeration:32
177,L400,4//1,1601//256,16,frontier_addition;inactive,1//1,2625//256,0//1,2625//256,1,complete-enumeration:32
178,L0,0//1,13825//768,21;23;29;31,base_1;base_3;frontier_addition;inactive|base_1;base_2;base_3;frontier_addition;inactive|base_1;base_3;closure_carrier;frontier_addition;inactive|base_1;base_2;base_3;closure_carrier;frontier_addition;inactive,9//1;11//1;13//1;15//1,13825//768,0//1,13825//768,4,complete-enumeration:32
178,L025,1//4,12097//768,21,base_1;base_3;frontier_addition;inactive,9//1,13825//768,0//1,13825//768,1,complete-enumeration:32
178,L050,1//2,10369//768,21,base_1;base_3;frontier_addition;inactive,9//1,13825//768,0//1,13825//768,1,complete-enumeration:32
178,L100,1//1,7535//768,17,base_1;frontier_addition;inactive,5//1,11375//768,0//1,11375//768,1,complete-enumeration:32
178,L200,2//1,969//128,16,frontier_addition;inactive,1//1,1225//128,0//1,1225//128,1,complete-enumeration:32
178,L400,4//1,713//128,16,frontier_addition;inactive,1//1,1225//128,0//1,1225//128,1,complete-enumeration:32
179,L0,0//1,875//48,19;23;27;31,base_1;base_2;frontier_addition;inactive|base_1;base_2;base_3;frontier_addition;inactive|base_1;base_2;closure_carrier;frontier_addition;inactive|base_1;base_2;base_3;closure_carrier;frontier_addition;inactive,9//1;11//1;13//1;15//1,875//48,0//1,875//48,4,complete-enumeration:32
179,L025,1//4,767//48,19,base_1;base_2;frontier_addition;inactive,9//1,875//48,0//1,875//48,1,complete-enumeration:32
179,L050,1//2,659//48,19,base_1;base_2;frontier_addition;inactive,9//1,875//48,0//1,875//48,1,complete-enumeration:32
179,L100,1//1,7535//768,18,base_2;frontier_addition;inactive,5//1,11375//768,0//1,11375//768,1,complete-enumeration:32
179,L200,2//1,5639//768,16,frontier_addition;inactive,1//1,7175//768,0//1,7175//768,1,complete-enumeration:32
179,L400,4//1,4103//768,16,frontier_addition;inactive,1//1,7175//768,0//1,7175//768,1,complete-enumeration:32
180,L0,0//1,4891//384,25;27;29;31,base_1;closure_carrier;frontier_addition;inactive|base_1;base_2;closure_carrier;frontier_addition;inactive|base_1;base_3;closure_carrier;frontier_addition;inactive|base_1;base_2;base_3;closure_carrier;frontier_addition;inactive,8//1;12//1;16//1,9275//768,169//256,4891//384,4,complete-enumeration:32
180,L025,1//4,8315//768,17,base_1;frontier_addition;inactive,5//1,9275//768,0//1,9275//768,1,complete-enumeration:32
180,L050,1//2,7355//768,17,base_1;frontier_addition;inactive,5//1,9275//768,0//1,9275//768,1,complete-enumeration:32
180,L100,1//1,6757//768,16,frontier_addition;inactive,1//1,7525//768,0//1,7525//768,1,complete-enumeration:32
180,L200,2//1,5989//768,16,frontier_addition;inactive,1//1,7525//768,0//1,7525//768,1,complete-enumeration:32
180,L400,4//1,4453//768,16,frontier_addition;inactive,1//1,7525//768,0//1,7525//768,1,complete-enumeration:32
181,L0,0//1,2975//256,17;19;21;23;25;27;29;31,base_1;frontier_addition;inactive|base_1;base_2;frontier_addition;inactive|base_1;base_3;frontier_addition;inactive|base_1;base_2;base_3;frontier_addition;inactive|base_1;closure_carrier;frontier_addition;inactive|base_1;base_2;closure_carrier;frontier_addition;inactive|base_1;base_3;closure_carrier;frontier_addition;inactive|base_1;base_2;base_3;closure_carrier;frontier_addition;inactive,5//1;8//1;9//1;12//1;13//1;16//1,2975//256,0//1,2975//256,8,complete-enumeration:32
181,L025,1//4,2655//256,17,base_1;frontier_addition;inactive,5//1,2975//256,0//1,2975//256,1,complete-enumeration:32
181,L050,1//2,7039//768,1,base_1;inactive,4//1,8575//768,0//1,8575//768,1,complete-enumeration:32
181,L100,1//1,1097//128,16,frontier_addition;inactive,1//1,1225//128,0//1,1225//128,1,complete-enumeration:32
181,L200,2//1,969//128,16,frontier_addition;inactive,1//1,1225//128,0//1,1225//128,1,complete-enumeration:32
181,L400,4//1,713//128,16,frontier_addition;inactive,1//1,1225//128,0//1,1225//128,1,complete-enumeration:32
182,L0,0//1,480493//24576,29;31,base_1;base_3;closure_carrier;frontier_addition;inactive|base_1;base_2;base_3;closure_carrier;frontier_addition;inactive,8//1;10//1,875//48,10831//8192,480493//24576,2,complete-enumeration:32
182,L025,1//4,431341//24576,29,base_1;base_3;closure_carrier;frontier_addition;inactive,8//1,875//48,10831//8192,480493//24576,1,complete-enumeration:32
182,L050,1//2,755//48,21,base_1;base_3;frontier_addition;inactive,5//1,875//48,0//1,875//48,1,complete-enumeration:32
182,L100,1//1,635//48,21,base_1;base_3;frontier_addition;inactive,5//1,875//48,0//1,875//48,1,complete-enumeration:32
182,L200,2//1,103//12,17;20,base_1;frontier_addition;inactive|base_3;frontier_addition;inactive,3//1,175//12,0//1,175//12,2,complete-enumeration:32
182,L400,4//1,4103//768,16,frontier_addition;inactive,1//1,7175//768,0//1,7175//768,1,complete-enumeration:32
183,L0,0//1,875//48,22;23;30;31,base_2;base_3;frontier_addition;inactive|base_1;base_2;base_3;frontier_addition;inactive|base_2;base_3;closure_carrier;frontier_addition;inactive|base_1;base_2;base_3;closure_carrier;frontier_addition;inactive,9//1;12//1;13//1;16//1,875//48,0//1,875//48,4,complete-enumeration:32
183,L025,1//4,767//48,22,base_2;base_3;frontier_addition;inactive,9//1,875//48,0//1,875//48,1,complete-enumeration:32
183,L050,1//2,659//48,22,base_2;base_3;frontier_addition;inactive,9//1,875//48,0//1,875//48,1,complete-enumeration:32
183,L100,1//1,115//12,20,base_3;frontier_addition;inactive,5//1,175//12,0//1,175//12,1,complete-enumeration:32
183,L200,2//1,683//96,16,frontier_addition;inactive,1//1,875//96,0//1,875//96,1,complete-enumeration:32
183,L400,4//1,491//96,16,frontier_addition;inactive,1//1,875//96,0//1,875//96,1,complete-enumeration:32
184,L0,0//1,7247//384,29;31,base_1;base_3;closure_carrier;frontier_addition;inactive|base_1;base_2;base_3;closure_carrier;frontier_addition;inactive,11//1;15//1,13825//768,223//256,7247//384,2,complete-enumeration:32
184,L025,1//4,6191//384,29,base_1;base_3;closure_carrier;frontier_addition;inactive,11//1,13825//768,223//256,7247//384,1,complete-enumeration:32
184,L050,1//2,10369//768,21,base_1;base_3;frontier_addition;inactive,9//1,13825//768,0//1,13825//768,1,complete-enumeration:32
184,L100,1//1,2395//256,17,base_1;frontier_addition;inactive,5//1,3675//256,0//1,3675//256,1,complete-enumeration:32
184,L200,2//1,683//96,16,frontier_addition;inactive,1//1,875//96,0//1,875//96,1,complete-enumeration:32
184,L400,4//1,491//96,16,frontier_addition;inactive,1//1,875//96,0//1,875//96,1,complete-enumeration:32
185,L0,0//1,636329//49152,25;27;29;31,base_1;closure_carrier;frontier_addition;inactive|base_1;base_2;closure_carrier;frontier_addition;inactive|base_1;base_3;closure_carrier;frontier_addition;inactive|base_1;base_2;base_3;closure_carrier;frontier_addition;inactive,8//1;12//1;16//1,4375//384,25443//16384,636329//49152,4,complete-enumeration:32
185,L025,1//4,538025//49152,25,base_1;closure_carrier;frontier_addition;inactive,8//1,4375//384,25443//16384,636329//49152,1,complete-enumeration:32
185,L050,1//2,1161//128,16,frontier_addition;inactive,1//1,1225//128,0//1,1225//128,1,complete-enumeration:32
185,L100,1//1,1097//128,16,frontier_addition;inactive,1//1,1225//128,0//1,1225//128,1,complete-enumeration:32
185,L200,2//1,969//128,16,frontier_addition;inactive,1//1,1225//128,0//1,1225//128,1,complete-enumeration:32
185,L400,4//1,713//128,16,frontier_addition;inactive,1//1,1225//128,0//1,1225//128,1,complete-enumeration:32
186,L0,0//1,284303//12288,27;31,base_1;base_2;closure_carrier;frontier_addition;inactive|base_1;base_2;base_3;closure_carrier;frontier_addition;inactive,12//1;16//1,875//48,20101//4096,284303//12288,2,complete-enumeration:32
186,L025,1//4,247439//12288,27,base_1;base_2;closure_carrier;frontier_addition;inactive,12//1,875//48,20101//4096,284303//12288,1,complete-enumeration:32
186,L050,1//2,210575//12288,27,base_1;base_2;closure_carrier;frontier_addition;inactive,12//1,875//48,20101//4096,284303//12288,1,complete-enumeration:32
186,L100,1//1,215647//16384,24,closure_carrier;frontier_addition;inactive,4//1,2275//256,135583//16384,281183//16384,1,complete-enumeration:32
186,L200,2//1,150111//16384,24,closure_carrier;frontier_addition;inactive,4//1,2275//256,135583//16384,281183//16384,1,complete-enumeration:32
186,L400,4//1,1789//384,16,frontier_addition;inactive,1//1,3325//384,0//1,3325//384,1,complete-enumeration:32
187,L0,0//1,2975//256,17;19;21;23;25;27;29;31,base_1;frontier_addition;inactive|base_1;base_2;frontier_addition;inactive|base_1;base_3;frontier_addition;inactive|base_1;base_2;base_3;frontier_addition;inactive|base_1;closure_carrier;frontier_addition;inactive|base_1;base_2;closure_carrier;frontier_addition;inactive|base_1;base_3;closure_carrier;frontier_addition;inactive|base_1;base_2;base_3;closure_carrier;frontier_addition;inactive,3//1;5//1;6//1;7//1;8//1;10//1,2975//256,0//1,2975//256,8,complete-enumeration:32
187,L025,1//4,2783//256,17,base_1;frontier_addition;inactive,3//1,2975//256,0//1,2975//256,1,complete-enumeration:32
187,L050,1//2,2591//256,17,base_1;frontier_addition;inactive,3//1,2975//256,0//1,2975//256,1,complete-enumeration:32
187,L100,1//1,6757//768,16,frontier_addition;inactive,1//1,7525//768,0//1,7525//768,1,complete-enumeration:32
187,L200,2//1,5989//768,16,frontier_addition;inactive,1//1,7525//768,0//1,7525//768,1,complete-enumeration:32
187,L400,4//1,4453//768,16,frontier_addition;inactive,1//1,7525//768,0//1,7525//768,1,complete-enumeration:32
188,L0,0//1,4375//384,17;19;21;23;25;27;29;31,base_1;frontier_addition;inactive|base_1;base_2;frontier_addition;inactive|base_1;base_3;frontier_addition;inactive|base_1;base_2;base_3;frontier_addition;inactive|base_1;closure_carrier;frontier_addition;inactive|base_1;base_2;closure_carrier;frontier_addition;inactive|base_1;base_3;closure_carrier;frontier_addition;inactive|base_1;base_2;base_3;closure_carrier;frontier_addition;inactive,5//1;8//1;9//1;12//1;13//1;16//1,4375//384,0//1,4375//384,8,complete-enumeration:32
188,L025,1//4,3895//384,17,base_1;frontier_addition;inactive,5//1,4375//384,0//1,4375//384,1,complete-enumeration:32
188,L050,1//2,1829//192,16,frontier_addition;inactive,1//1,1925//192,0//1,1925//192,1,complete-enumeration:32
188,L100,1//1,1733//192,16,frontier_addition;inactive,1//1,1925//192,0//1,1925//192,1,complete-enumeration:32
188,L200,2//1,1541//192,16,frontier_addition;inactive,1//1,1925//192,0//1,1925//192,1,complete-enumeration:32
188,L400,4//1,1157//192,16,frontier_addition;inactive,1//1,1925//192,0//1,1925//192,1,complete-enumeration:32
189,L0,0//1,875//48,22;23;30;31,base_2;base_3;frontier_addition;inactive|base_1;base_2;base_3;frontier_addition;inactive|base_2;base_3;closure_carrier;frontier_addition;inactive|base_1;base_2;base_3;closure_carrier;frontier_addition;inactive,9//1;12//1;13//1;16//1,875//48,0//1,875//48,4,complete-enumeration:32
189,L025,1//4,767//48,22,base_2;base_3;frontier_addition;inactive,9//1,875//48,0//1,875//48,1,complete-enumeration:32
189,L050,1//2,659//48,22,base_2;base_3;frontier_addition;inactive,9//1,875//48,0//1,875//48,1,complete-enumeration:32
189,L100,1//1,7535//768,20,base_3;frontier_addition;inactive,5//1,11375//768,0//1,11375//768,1,complete-enumeration:32
189,L200,2//1,1763//256,16,frontier_addition;inactive,1//1,2275//256,0//1,2275//256,1,complete-enumeration:32
189,L400,4//1,1251//256,16,frontier_addition;inactive,1//1,2275//256,0//1,2275//256,1,complete-enumeration:32
190,L0,0//1,875//48,22;23;30;31,base_2;base_3;frontier_addition;inactive|base_1;base_2;base_3;frontier_addition;inactive|base_2;base_3;closure_carrier;frontier_addition;inactive|base_1;base_2;base_3;closure_carrier;frontier_addition;inactive,5//1;7//1;9//1,875//48,0//1,875//48,4,complete-enumeration:32
190,L025,1//4,815//48,22,base_2;base_3;frontier_addition;inactive,5//1,875//48,0//1,875//48,1,complete-enumeration:32
190,L050,1//2,755//48,22,base_2;base_3;frontier_addition;inactive,5//1,875//48,0//1,875//48,1,complete-enumeration:32
190,L100,1//1,635//48,22,base_2;base_3;frontier_addition;inactive,5//1,875//48,0//1,875//48,1,complete-enumeration:32
190,L200,2//1,103//12,18,base_2;frontier_addition;inactive,3//1,175//12,0//1,175//12,1,complete-enumeration:32
190,L400,4//1,1251//256,16,frontier_addition;inactive,1//1,2275//256,0//1,2275//256,1,complete-enumeration:32
191,L0,0//1,1575//128,17;19;21;23;25;27;29;31,base_1;frontier_addition;inactive|base_1;base_2;frontier_addition;inactive|base_1;base_3;frontier_addition;inactive|base_1;base_2;base_3;frontier_addition;inactive|base_1;closure_carrier;frontier_addition;inactive|base_1;base_2;closure_carrier;frontier_addition;inactive|base_1;base_3;closure_carrier;frontier_addition;inactive|base_1;base_2;base_3;closure_carrier;frontier_addition;inactive,5//1;7//1;9//1;11//1;13//1;15//1,1575//128,0//1,1575//128,8,complete-enumeration:32
191,L025,1//4,1415//128,17,base_1;frontier_addition;inactive,5//1,1575//128,0//1,1575//128,1,complete-enumeration:32
191,L050,1//2,7841//768,16,frontier_addition;inactive,1//1,8225//768,0//1,8225//768,1,complete-enumeration:32
191,L100,1//1,7457//768,16,frontier_addition;inactive,1//1,8225//768,0//1,8225//768,1,complete-enumeration:32
191,L200,2//1,6689//768,16,frontier_addition;inactive,1//1,8225//768,0//1,8225//768,1,complete-enumeration:32
191,L400,4//1,5153//768,16,frontier_addition;inactive,1//1,8225//768,0//1,8225//768,1,complete-enumeration:32
192,L0,0//1,82303//6144,25;27;29;31,base_1;closure_carrier;frontier_addition;inactive|base_1;base_2;closure_carrier;frontier_addition;inactive|base_1;base_3;closure_carrier;frontier_addition;inactive|base_1;base_2;base_3;closure_carrier;frontier_addition;inactive,5//1;7//1;9//1,9275//768,2701//2048,82303//6144,4,complete-enumeration:32
192,L025,1//4,74623//6144,25,base_1;closure_carrier;frontier_addition;inactive,5//1,9275//768,2701//2048,82303//6144,1,complete-enumeration:32
192,L050,1//2,66943//6144,25,base_1;closure_carrier;frontier_addition;inactive,5//1,9275//768,2701//2048,82303//6144,1,complete-enumeration:32
192,L100,1//1,3641//384,16,frontier_addition;inactive,1//1,4025//384,0//1,4025//384,1,complete-enumeration:32
192,L200,2//1,3257//384,16,frontier_addition;inactive,1//1,4025//384,0//1,4025//384,1,complete-enumeration:32
192,L400,4//1,2489//384,16,frontier_addition;inactive,1//1,4025//384,0//1,4025//384,1,complete-enumeration:32
193,L0,0//1,72617//3072,29;31,base_1;base_3;closure_carrier;frontier_addition;inactive|base_1;base_2;base_3;closure_carrier;frontier_addition;inactive,7//1;9//1,875//48,5539//1024,72617//3072,2,complete-enumeration:32
193,L025,1//4,67241//3072,29,base_1;base_3;closure_carrier;frontier_addition;inactive,7//1,875//48,5539//1024,72617//3072,1,complete-enumeration:32
193,L050,1//2,61865//3072,29,base_1;base_3;closure_carrier;frontier_addition;inactive,7//1,875//48,5539//1024,72617//3072,1,complete-enumeration:32
193,L100,1//1,51113//3072,29,base_1;base_3;closure_carrier;frontier_addition;inactive,7//1,875//48,5539//1024,72617//3072,1,complete-enumeration:32
193,L200,2//1,95793//8192,24,closure_carrier;frontier_addition;inactive,3//1,1225//128,66545//8192,144945//8192,1,complete-enumeration:32
193,L400,4//1,113503//16384,8,closure_carrier;inactive,2//1,875//256,188575//16384,244575//16384,1,complete-enumeration:32
194,L0,0//1,1022687//49152,29;31,base_1;base_3;closure_carrier;frontier_addition;inactive|base_1;base_2;base_3;closure_carrier;frontier_addition;inactive,8//1;10//1,875//48,42229//16384,1022687//49152,2,complete-enumeration:32
194,L025,1//4,924383//49152,29,base_1;base_3;closure_carrier;frontier_addition;inactive,8//1,875//48,42229//16384,1022687//49152,1,complete-enumeration:32
194,L050,1//2,826079//49152,29,base_1;base_3;closure_carrier;frontier_addition;inactive,8//1,875//48,42229//16384,1022687//49152,1,complete-enumeration:32
194,L100,1//1,635//48,21,base_1;base_3;frontier_addition;inactive,5//1,875//48,0//1,875//48,1,complete-enumeration:32
194,L200,2//1,6767//768,17,base_1;frontier_addition;inactive,3//1,11375//768,0//1,11375//768,1,complete-enumeration:32
194,L400,4//1,1251//256,16,frontier_addition;inactive,1//1,2275//256,0//1,2275//256,1,complete-enumeration:32
195,L0,0//1,7175//384,19;23;27;31,base_1;base_2;frontier_addition;inactive|base_1;base_2;base_3;frontier_addition;inactive|base_1;base_2;closure_carrier;frontier_addition;inactive|base_1;base_2;base_3;closure_carrier;frontier_addition;inactive,9//1;12//1;13//1;16//1,7175//384,0//1,7175//384,4,complete-enumeration:32
195,L025,1//4,6311//384,19,base_1;base_2;frontier_addition;inactive,9//1,7175//384,0//1,7175//384,1,complete-enumeration:32
195,L050,1//2,5447//384,19,base_1;base_2;frontier_addition;inactive,9//1,7175//384,0//1,7175//384,1,complete-enumeration:32
195,L100,1//1,1285//128,18,base_2;frontier_addition;inactive,5//1,1925//128,0//1,1925//128,1,complete-enumeration:32
195,L200,2//1,969//128,16,frontier_addition;inactive,1//1,1225//128,0//1,1225//128,1,complete-enumeration:32
195,L400,4//1,713//128,16,frontier_addition;inactive,1//1,1225//128,0//1,1225//128,1,complete-enumeration:32
196,L0,0//1,283627//12288,30;31,base_2;base_3;closure_carrier;frontier_addition;inactive|base_1;base_2;base_3;closure_carrier;frontier_addition;inactive,11//1;15//1,13825//768,20809//4096,283627//12288,2,complete-enumeration:32
196,L025,1//4,249835//12288,30,base_2;base_3;closure_carrier;frontier_addition;inactive,11//1,13825//768,20809//4096,283627//12288,1,complete-enumeration:32
196,L050,1//2,216043//12288,30,base_2;base_3;closure_carrier;frontier_addition;inactive,11//1,13825//768,20809//4096,283627//12288,1,complete-enumeration:32
196,L100,1//1,50471//4096,24,closure_carrier;frontier_addition;inactive,3//1,2275//256,26359//4096,62759//4096,1,complete-enumeration:32
196,L200,2//1,38183//4096,24,closure_carrier;frontier_addition;inactive,3//1,2275//256,26359//4096,62759//4096,1,complete-enumeration:32
196,L400,4//1,1251//256,16,frontier_addition;inactive,1//1,2275//256,0//1,2275//256,1,complete-enumeration:32
197,L0,0//1,8575//768,17;19;21;23;25;27;29;31,base_1;frontier_addition;inactive|base_1;base_2;frontier_addition;inactive|base_1;base_3;frontier_addition;inactive|base_1;base_2;base_3;frontier_addition;inactive|base_1;closure_carrier;frontier_addition;inactive|base_1;base_2;closure_carrier;frontier_addition;inactive|base_1;base_3;closure_carrier;frontier_addition;inactive|base_1;base_2;base_3;closure_carrier;frontier_addition;inactive,5//1;7//1;9//1;11//1;13//1;15//1,8575//768,0//1,8575//768,8,complete-enumeration:32
197,L025,1//4,7615//768,17,base_1;frontier_addition;inactive,5//1,8575//768,0//1,8575//768,1,complete-enumeration:32
197,L050,1//2,6791//768,16,frontier_addition;inactive,1//1,7175//768,0//1,7175//768,1,complete-enumeration:32
197,L100,1//1,6407//768,16,frontier_addition;inactive,1//1,7175//768,0//1,7175//768,1,complete-enumeration:32
197,L200,2//1,5639//768,16,frontier_addition;inactive,1//1,7175//768,0//1,7175//768,1,complete-enumeration:32
197,L400,4//1,4103//768,16,frontier_addition;inactive,1//1,7175//768,0//1,7175//768,1,complete-enumeration:32
198,L0,0//1,70501//4096,25;27;29;31,base_1;closure_carrier;frontier_addition;inactive|base_1;base_2;closure_carrier;frontier_addition;inactive|base_1;base_3;closure_carrier;frontier_addition;inactive|base_1;base_2;base_3;closure_carrier;frontier_addition;inactive,8//1;12//1;16//1,1575//128,20101//4096,70501//4096,4,complete-enumeration:32
198,L025,1//4,62309//4096,25,base_1;closure_carrier;frontier_addition;inactive,8//1,1575//128,20101//4096,70501//4096,1,complete-enumeration:32
198,L050,1//2,54117//4096,25,base_1;closure_carrier;frontier_addition;inactive,8//1,1575//128,20101//4096,70501//4096,1,complete-enumeration:32
198,L100,1//1,167739//16384,24,closure_carrier;frontier_addition;inactive,4//1,2625//256,65275//16384,233275//16384,1,complete-enumeration:32
198,L200,2//1,2113//256,16,frontier_addition;inactive,1//1,2625//256,0//1,2625//256,1,complete-enumeration:32
198,L400,4//1,1601//256,16,frontier_addition;inactive,1//1,2625//256,0//1,2625//256,1,complete-enumeration:32
199,L0,0//1,21607//1536,25;27;29;31,base_1;closure_carrier;frontier_addition;inactive|base_1;base_2;closure_carrier;frontier_addition;inactive|base_1;base_3;closure_carrier;frontier_addition;inactive|base_1;base_2;base_3;closure_carrier;frontier_addition;inactive,8//1;12//1;16//1,4375//384,1369//512,21607//1536,4,complete-enumeration:32
199,L025,1//4,18535//1536,25,base_1;closure_carrier;frontier_addition;inactive,8//1,4375//384,1369//512,21607//1536,1,complete-enumeration:32
199,L050,1//2,15463//1536,25,base_1;closure_carrier;frontier_addition;inactive,8//1,4375//384,1369//512,21607//1536,1,complete-enumeration:32
199,L100,1//1,2369//256,16,frontier_addition;inactive,1//1,2625//256,0//1,2625//256,1,complete-enumeration:32
199,L200,2//1,2113//256,16,frontier_addition;inactive,1//1,2625//256,0//1,2625//256,1,complete-enumeration:32
199,L400,4//1,1601//256,16,frontier_addition;inactive,1//1,2625//256,0//1,2625//256,1,complete-enumeration:32
200,L0,0//1,7175//384,21;23;29;31,base_1;base_3;frontier_addition;inactive|base_1;base_2;base_3;frontier_addition;inactive|base_1;base_3;closure_carrier;frontier_addition;inactive|base_1;base_2;base_3;closure_carrier;frontier_addition;inactive,5//1;7//1;9//1,7175//384,0//1,7175//384,4,complete-enumeration:32
200,L025,1//4,6695//384,21,base_1;base_3;frontier_addition;inactive,5//1,7175//384,0//1,7175//384,1,complete-enumeration:32
200,L050,1//2,6215//384,21,base_1;base_3;frontier_addition;inactive,5//1,7175//384,0//1,7175//384,1,complete-enumeration:32
200,L100,1//1,5255//384,21,base_1;base_3;frontier_addition;inactive,5//1,7175//384,0//1,7175//384,1,complete-enumeration:32
200,L200,2//1,1157//128,17,base_1;frontier_addition;inactive,3//1,1925//128,0//1,1925//128,1,complete-enumeration:32
200,L400,4//1,4453//768,16,frontier_addition;inactive,1//1,7525//768,0//1,7525//768,1,complete-enumeration:32
201,L0,0//1,4725//256,21;23;29;31,base_1;base_3;frontier_addition;inactive|base_1;base_2;base_3;frontier_addition;inactive|base_1;base_3;closure_carrier;frontier_addition;inactive|base_1;base_2;base_3;closure_carrier;frontier_addition;inactive,5//1;7//1;9//1,4725//256,0//1,4725//256,4,complete-enumeration:32
201,L025,1//4,4405//256,21,base_1;base_3;frontier_addition;inactive,5//1,4725//256,0//1,4725//256,1,complete-enumeration:32
201,L050,1//2,4085//256,21,base_1;base_3;frontier_addition;inactive,5//1,4725//256,0//1,4725//256,1,complete-enumeration:32
201,L100,1//1,3445//256,21,base_1;base_3;frontier_addition;inactive,5//1,4725//256,0//1,4725//256,1,complete-enumeration:32
201,L200,2//1,6767//768,20,base_3;frontier_addition;inactive,3//1,11375//768,0//1,11375//768,1,complete-enumeration:32
201,L400,4//1,4453//768,16,frontier_addition;inactive,1//1,7525//768,0//1,7525//768,1,complete-enumeration:32
202,L0,0//1,10051//768,25;27;29;31,base_1;closure_carrier;frontier_addition;inactive|base_1;base_2;closure_carrier;frontier_addition;inactive|base_1;base_3;closure_carrier;frontier_addition;inactive|base_1;base_2;base_3;closure_carrier;frontier_addition;inactive,6//1;8//1;10//1,9625//768,71//128,10051//768,4,complete-enumeration:32
202,L025,1//4,9049//768,17,base_1;frontier_addition;inactive,3//1,9625//768,0//1,9625//768,1,complete-enumeration:32
202,L050,1//2,8473//768,17,base_1;frontier_addition;inactive,3//1,9625//768,0//1,9625//768,1,complete-enumeration:32
202,L100,1//1,7321//768,17,base_1;frontier_addition;inactive,3//1,9625//768,0//1,9625//768,1,complete-enumeration:32
202,L200,2//1,5989//768,16,frontier_addition;inactive,1//1,7525//768,0//1,7525//768,1,complete-enumeration:32
202,L400,4//1,4453//768,16,frontier_addition;inactive,1//1,7525//768,0//1,7525//768,1,complete-enumeration:32
203,L0,0//1,53717//3072,25;27;29;31,base_1;closure_carrier;frontier_addition;inactive|base_1;base_2;closure_carrier;frontier_addition;inactive|base_1;base_3;closure_carrier;frontier_addition;inactive|base_1;base_2;base_3;closure_carrier;frontier_addition;inactive,6//1;8//1;10//1,9275//768,5539//1024,53717//3072,4,complete-enumeration:32
203,L025,1//4,49109//3072,25,base_1;closure_carrier;frontier_addition;inactive,6//1,9275//768,5539//1024,53717//3072,1,complete-enumeration:32
203,L050,1//2,44501//3072,25,base_1;closure_carrier;frontier_addition;inactive,6//1,9275//768,5539//1024,53717//3072,1,complete-enumeration:32
203,L100,1//1,35285//3072,25,base_1;closure_carrier;frontier_addition;inactive,6//1,9275//768,5539//1024,53717//3072,1,complete-enumeration:32
203,L200,2//1,5989//768,16,frontier_addition;inactive,1//1,7525//768,0//1,7525//768,1,complete-enumeration:32
203,L400,4//1,4453//768,16,frontier_addition;inactive,1//1,7525//768,0//1,7525//768,1,complete-enumeration:32
204,L0,0//1,33177//2048,25;27;29;31,base_1;closure_carrier;frontier_addition;inactive|base_1;base_2;closure_carrier;frontier_addition;inactive|base_1;base_3;closure_carrier;frontier_addition;inactive|base_1;base_2;base_3;closure_carrier;frontier_addition;inactive,7//1;11//1;15//1,2975//256,9377//2048,33177//2048,4,complete-enumeration:32
204,L025,1//4,29593//2048,25,base_1;closure_carrier;frontier_addition;inactive,7//1,2975//256,9377//2048,33177//2048,1,complete-enumeration:32
204,L050,1//2,26009//2048,25,base_1;closure_carrier;frontier_addition;inactive,7//1,2975//256,9377//2048,33177//2048,1,complete-enumeration:32
204,L100,1//1,1925659//196608,24,closure_carrier;frontier_addition;inactive,3//1,4025//384,151561//65536,2515483//196608,1,complete-enumeration:32
204,L200,2//1,3257//384,16,frontier_addition;inactive,1//1,4025//384,0//1,4025//384,1,complete-enumeration:32
204,L400,4//1,2489//384,16,frontier_addition;inactive,1//1,4025//384,0//1,4025//384,1,complete-enumeration:32
205,L0,0//1,1096649//49152,29;31,base_1;base_3;closure_carrier;frontier_addition;inactive|base_1;base_2;base_3;closure_carrier;frontier_addition;inactive,12//1;16//1,875//48,66883//16384,1096649//49152,2,complete-enumeration:32
205,L025,1//4,949193//49152,29,base_1;base_3;closure_carrier;frontier_addition;inactive,12//1,875//48,66883//16384,1096649//49152,1,complete-enumeration:32
205,L050,1//2,801737//49152,29,base_1;base_3;closure_carrier;frontier_addition;inactive,12//1,875//48,66883//16384,1096649//49152,1,complete-enumeration:32
205,L100,1//1,90991//8192,24,closure_carrier;frontier_addition;inactive,4//1,1225//128,45359//8192,123759//8192,1,complete-enumeration:32
205,L200,2//1,5639//768,16,frontier_addition;inactive,1//1,7175//768,0//1,7175//768,1,complete-enumeration:32
205,L400,4//1,4103//768,16,frontier_addition;inactive,1//1,7175//768,0//1,7175//768,1,complete-enumeration:32
206,L0,0//1,1575//128,17;19;21;23;25;27;29;31,base_1;frontier_addition;inactive|base_1;base_2;frontier_addition;inactive|base_1;base_3;frontier_addition;inactive|base_1;base_2;base_3;frontier_addition;inactive|base_1;closure_carrier;frontier_addition;inactive|base_1;base_2;closure_carrier;frontier_addition;inactive|base_1;base_3;closure_carrier;frontier_addition;inactive|base_1;base_2;base_3;closure_carrier;frontier_addition;inactive,3//1;5//1;7//1;9//1,1575//128,0//1,1575//128,8,complete-enumeration:32
206,L025,1//4,1479//128,17,base_1;frontier_addition;inactive,3//1,1575//128,0//1,1575//128,1,complete-enumeration:32
206,L050,1//2,1383//128,17,base_1;frontier_addition;inactive,3//1,1575//128,0//1,1575//128,1,complete-enumeration:32
206,L100,1//1,3641//384,16,frontier_addition;inactive,1//1,4025//384,0//1,4025//384,1,complete-enumeration:32
206,L200,2//1,3257//384,16,frontier_addition;inactive,1//1,4025//384,0//1,4025//384,1,complete-enumeration:32
206,L400,4//1,2489//384,16,frontier_addition;inactive,1//1,4025//384,0//1,4025//384,1,complete-enumeration:32
207,L0,0//1,4375//384,17;19;21;23;25;27;29;31,base_1;frontier_addition;inactive|base_1;base_2;frontier_addition;inactive|base_1;base_3;frontier_addition;inactive|base_1;base_2;base_3;frontier_addition;inactive|base_1;closure_carrier;frontier_addition;inactive|base_1;base_2;closure_carrier;frontier_addition;inactive|base_1;base_3;closure_carrier;frontier_addition;inactive|base_1;base_2;base_3;closure_carrier;frontier_addition;inactive,5//1;7//1;9//1;11//1;13//1;15//1,4375//384,0//1,4375//384,8,complete-enumeration:32
207,L025,1//4,3895//384,17,base_1;frontier_addition;inactive,5//1,4375//384,0//1,4375//384,1,complete-enumeration:32
207,L050,1//2,2497//256,16,frontier_addition;inactive,1//1,2625//256,0//1,2625//256,1,complete-enumeration:32
207,L100,1//1,2369//256,16,frontier_addition;inactive,1//1,2625//256,0//1,2625//256,1,complete-enumeration:32
207,L200,2//1,2113//256,16,frontier_addition;inactive,1//1,2625//256,0//1,2625//256,1,complete-enumeration:32
207,L400,4//1,1601//256,16,frontier_addition;inactive,1//1,2625//256,0//1,2625//256,1,complete-enumeration:32
208,L0,0//1,1599//128,25;27;29;31,base_1;closure_carrier;frontier_addition;inactive|base_1;base_2;closure_carrier;frontier_addition;inactive|base_1;base_3;closure_carrier;frontier_addition;inactive|base_1;base_2;base_3;closure_carrier;frontier_addition;inactive,7//1;11//1;15//1,2975//256,223//256,1599//128,4,complete-enumeration:32
208,L025,1//4,1375//128,25,base_1;closure_carrier;frontier_addition;inactive,7//1,2975//256,223//256,1599//128,1,complete-enumeration:32
208,L050,1//2,7141//768,16,frontier_addition;inactive,1//1,7525//768,0//1,7525//768,1,complete-enumeration:32
208,L100,1//1,6757//768,16,frontier_addition;inactive,1//1,7525//768,0//1,7525//768,1,complete-enumeration:32
208,L200,2//1,5989//768,16,frontier_addition;inactive,1//1,7525//768,0//1,7525//768,1,complete-enumeration:32
208,L400,4//1,4453//768,16,frontier_addition;inactive,1//1,7525//768,0//1,7525//768,1,complete-enumeration:32
209,L0,0//1,9275//768,17;19;21;23;25;27;29;31,base_1;frontier_addition;inactive|base_1;base_2;frontier_addition;inactive|base_1;base_3;frontier_addition;inactive|base_1;base_2;base_3;frontier_addition;inactive|base_1;closure_carrier;frontier_addition;inactive|base_1;base_2;closure_carrier;frontier_addition;inactive|base_1;base_3;closure_carrier;frontier_addition;inactive|base_1;base_2;base_3;closure_carrier;frontier_addition;inactive,5//1;7//1;9//1;11//1;13//1;15//1,9275//768,0//1,9275//768,8,complete-enumeration:32
209,L025,1//4,8315//768,17,base_1;frontier_addition;inactive,5//1,9275//768,0//1,9275//768,1,complete-enumeration:32
209,L050,1//2,7355//768,17,base_1;frontier_addition;inactive,5//1,9275//768,0//1,9275//768,1,complete-enumeration:32
209,L100,1//1,1733//192,16,frontier_addition;inactive,1//1,1925//192,0//1,1925//192,1,complete-enumeration:32
209,L200,2//1,1541//192,16,frontier_addition;inactive,1//1,1925//192,0//1,1925//192,1,complete-enumeration:32
209,L400,4//1,1157//192,16,frontier_addition;inactive,1//1,1925//192,0//1,1925//192,1,complete-enumeration:32
210,L0,0//1,112199//6144,25;27;29;31,base_1;closure_carrier;frontier_addition;inactive|base_1;base_2;closure_carrier;frontier_addition;inactive|base_1;base_3;closure_carrier;frontier_addition;inactive|base_1;base_2;base_3;closure_carrier;frontier_addition;inactive,6//1;8//1;10//1,2275//192,13133//2048,112199//6144,4,complete-enumeration:32
210,L025,1//4,102983//6144,25,base_1;closure_carrier;frontier_addition;inactive,6//1,2275//192,13133//2048,112199//6144,1,complete-enumeration:32
210,L050,1//2,93767//6144,25,base_1;closure_carrier;frontier_addition;inactive,6//1,2275//192,13133//2048,112199//6144,1,complete-enumeration:32
210,L100,1//1,75335//6144,25,base_1;closure_carrier;frontier_addition;inactive,6//1,2275//192,13133//2048,112199//6144,1,complete-enumeration:32
210,L200,2//1,2113//256,16,frontier_addition;inactive,1//1,2625//256,0//1,2625//256,1,complete-enumeration:32
210,L400,4//1,1601//256,16,frontier_addition;inactive,1//1,2625//256,0//1,2625//256,1,complete-enumeration:32
211,L0,0//1,149//8,29;31,base_1;base_3;closure_carrier;frontier_addition;inactive|base_1;base_2;base_3;closure_carrier;frontier_addition;inactive,8//1;10//1,4725//256,43//256,149//8,2,complete-enumeration:32
211,L025,1//4,4405//256,21,base_1;base_3;frontier_addition;inactive,5//1,4725//256,0//1,4725//256,1,complete-enumeration:32
211,L050,1//2,4085//256,21,base_1;base_3;frontier_addition;inactive,5//1,4725//256,0//1,4725//256,1,complete-enumeration:32
211,L100,1//1,3445//256,21,base_1;base_3;frontier_addition;inactive,5//1,4725//256,0//1,4725//256,1,complete-enumeration:32
211,L200,2//1,2165//256,21,base_1;base_3;frontier_addition;inactive,5//1,4725//256,0//1,4725//256,1,complete-enumeration:32
211,L400,4//1,491//96,16,frontier_addition;inactive,1//1,875//96,0//1,875//96,1,complete-enumeration:32
212,L0,0//1,875//48,19;23;27;31,base_1;base_2;frontier_addition;inactive|base_1;base_2;base_3;frontier_addition;inactive|base_1;base_2;closure_carrier;frontier_addition;inactive|base_1;base_2;base_3;closure_carrier;frontier_addition;inactive,9//1;12//1;13//1;16//1,875//48,0//1,875//48,4,complete-enumeration:32
212,L025,1//4,767//48,19,base_1;base_2;frontier_addition;inactive,9//1,875//48,0//1,875//48,1,complete-enumeration:32
212,L050,1//2,659//48,19,base_1;base_2;frontier_addition;inactive,9//1,875//48,0//1,875//48,1,complete-enumeration:32
212,L100,1//1,115//12,17,base_1;frontier_addition;inactive,5//1,175//12,0//1,175//12,1,complete-enumeration:32
212,L200,2//1,969//128,16,frontier_addition;inactive,1//1,1225//128,0//1,1225//128,1,complete-enumeration:32
212,L400,4//1,713//128,16,frontier_addition;inactive,1//1,1225//128,0//1,1225//128,1,complete-enumeration:32
213,L0,0//1,4725//256,22;23;30;31,base_2;base_3;frontier_addition;inactive|base_1;base_2;base_3;frontier_addition;inactive|base_2;base_3;closure_carrier;frontier_addition;inactive|base_1;base_2;base_3;closure_carrier;frontier_addition;inactive,9//1;11//1;13//1;15//1,4725//256,0//1,4725//256,4,complete-enumeration:32
213,L025,1//4,4149//256,22,base_2;base_3;frontier_addition;inactive,9//1,4725//256,0//1,4725//256,1,complete-enumeration:32
213,L050,1//2,3573//256,22,base_2;base_3;frontier_addition;inactive,9//1,4725//256,0//1,4725//256,1,complete-enumeration:32
213,L100,1//1,115//12,20,base_3;frontier_addition;inactive,5//1,175//12,0//1,175//12,1,complete-enumeration:32
213,L200,2//1,2557//384,16,frontier_addition;inactive,1//1,3325//384,0//1,3325//384,1,complete-enumeration:32
213,L400,4//1,1789//384,16,frontier_addition;inactive,1//1,3325//384,0//1,3325//384,1,complete-enumeration:32
214,L0,0//1,13825//768,19;23;27;31,base_1;base_2;frontier_addition;inactive|base_1;base_2;base_3;frontier_addition;inactive|base_1;base_2;closure_carrier;frontier_addition;inactive|base_1;base_2;base_3;closure_carrier;frontier_addition;inactive,5//1;7//1;8//1;10//1,13825//768,0//1,13825//768,4,complete-enumeration:32
214,L025,1//4,12865//768,19,base_1;base_2;frontier_addition;inactive,5//1,13825//768,0//1,13825//768,1,complete-enumeration:32
214,L050,1//2,11905//768,19,base_1;base_2;frontier_addition;inactive,5//1,13825//768,0//1,13825//768,1,complete-enumeration:32
214,L100,1//1,9985//768,19,base_1;base_2;frontier_addition;inactive,5//1,13825//768,0//1,13825//768,1,complete-enumeration:32
214,L200,2//1,2139//256,17,base_1;frontier_addition;inactive,3//1,3675//256,0//1,3675//256,1,complete-enumeration:32
214,L400,4//1,1251//256,16,frontier_addition;inactive,1//1,2275//256,0//1,2275//256,1,complete-enumeration:32
215,L0,0//1,2275//192,17;19;21;23;25;27;29;31,base_1;frontier_addition;inactive|base_1;base_2;frontier_addition;inactive|base_1;base_3;frontier_addition;inactive|base_1;base_2;base_3;frontier_addition;inactive|base_1;closure_carrier;frontier_addition;inactive|base_1;base_2;closure_carrier;frontier_addition;inactive|base_1;base_3;closure_carrier;frontier_addition;inactive|base_1;base_2;base_3;closure_carrier;frontier_addition;inactive,3//1;5//1;7//1;9//1,2275//192,0//1,2275//192,8,complete-enumeration:32
215,L025,1//4,2131//192,17,base_1;frontier_addition;inactive,3//1,2275//192,0//1,2275//192,1,complete-enumeration:32
215,L050,1//2,1987//192,17,base_1;frontier_addition;inactive,3//1,2275//192,0//1,2275//192,1,complete-enumeration:32
215,L100,1//1,1699//192,17,base_1;frontier_addition;inactive,3//1,2275//192,0//1,2275//192,1,complete-enumeration:32
215,L200,2//1,5989//768,16,frontier_addition;inactive,1//1,7525//768,0//1,7525//768,1,complete-enumeration:32
215,L400,4//1,4453//768,16,frontier_addition;inactive,1//1,7525//768,0//1,7525//768,1,complete-enumeration:32
216,L0,0//1,9275//768,17;19;21;23;25;27;29;31,base_1;frontier_addition;inactive|base_1;base_2;frontier_addition;inactive|base_1;base_3;frontier_addition;inactive|base_1;base_2;base_3;frontier_addition;inactive|base_1;closure_carrier;frontier_addition;inactive|base_1;base_2;closure_carrier;frontier_addition;inactive|base_1;base_3;closure_carrier;frontier_addition;inactive|base_1;base_2;base_3;closure_carrier;frontier_addition;inactive,5//1;7//1;9//1;11//1;13//1;15//1,9275//768,0//1,9275//768,8,complete-enumeration:32
216,L025,1//4,8315//768,17,base_1;frontier_addition;inactive,5//1,9275//768,0//1,9275//768,1,complete-enumeration:32
216,L050,1//2,2497//256,16,frontier_addition;inactive,1//1,2625//256,0//1,2625//256,1,complete-enumeration:32
216,L100,1//1,2369//256,16,frontier_addition;inactive,1//1,2625//256,0//1,2625//256,1,complete-enumeration:32
216,L200,2//1,2113//256,16,frontier_addition;inactive,1//1,2625//256,0//1,2625//256,1,complete-enumeration:32
216,L400,4//1,1601//256,16,frontier_addition;inactive,1//1,2625//256,0//1,2625//256,1,complete-enumeration:32
217,L0,0//1,9275//768,17;19;21;23;25;27;29;31,base_1;frontier_addition;inactive|base_1;base_2;frontier_addition;inactive|base_1;base_3;frontier_addition;inactive|base_1;base_2;base_3;frontier_addition;inactive|base_1;closure_carrier;frontier_addition;inactive|base_1;base_2;closure_carrier;frontier_addition;inactive|base_1;base_3;closure_carrier;frontier_addition;inactive|base_1;base_2;base_3;closure_carrier;frontier_addition;inactive,3//1;5//1;7//1;9//1,9275//768,0//1,9275//768,8,complete-enumeration:32
217,L025,1//4,8699//768,17,base_1;frontier_addition;inactive,3//1,9275//768,0//1,9275//768,1,complete-enumeration:32
217,L050,1//2,8123//768,17,base_1;frontier_addition;inactive,3//1,9275//768,0//1,9275//768,1,complete-enumeration:32
217,L100,1//1,2369//256,16,frontier_addition;inactive,1//1,2625//256,0//1,2625//256,1,complete-enumeration:32
217,L200,2//1,2113//256,16,frontier_addition;inactive,1//1,2625//256,0//1,2625//256,1,complete-enumeration:32
217,L400,4//1,1601//256,16,frontier_addition;inactive,1//1,2625//256,0//1,2625//256,1,complete-enumeration:32
218,L0,0//1,113599//6144,25;27;29;31,base_1;closure_carrier;frontier_addition;inactive|base_1;base_2;closure_carrier;frontier_addition;inactive|base_1;base_3;closure_carrier;frontier_addition;inactive|base_1;base_2;base_3;closure_carrier;frontier_addition;inactive,8//1;12//1;16//1,9275//768,13133//2048,113599//6144,4,complete-enumeration:32
218,L025,1//4,101311//6144,25,base_1;closure_carrier;frontier_addition;inactive,8//1,9275//768,13133//2048,113599//6144,1,complete-enumeration:32
218,L050,1//2,89023//6144,25,base_1;closure_carrier;frontier_addition;inactive,8//1,9275//768,13133//2048,113599//6144,1,complete-enumeration:32
218,L100,1//1,266837//24576,24,closure_carrier;frontier_addition;inactive,4//1,7525//768,41447//8192,365141//24576,1,complete-enumeration:32
218,L200,2//1,5989//768,16,frontier_addition;inactive,1//1,7525//768,0//1,7525//768,1,complete-enumeration:32
218,L400,4//1,4453//768,16,frontier_addition;inactive,1//1,7525//768,0//1,7525//768,1,complete-enumeration:32
219,L0,0//1,7175//384,21;23;29;31,base_1;base_3;frontier_addition;inactive|base_1;base_2;base_3;frontier_addition;inactive|base_1;base_3;closure_carrier;frontier_addition;inactive|base_1;base_2;base_3;closure_carrier;frontier_addition;inactive,9//1;12//1;13//1;16//1,7175//384,0//1,7175//384,4,complete-enumeration:32
219,L025,1//4,6311//384,21,base_1;base_3;frontier_addition;inactive,9//1,7175//384,0//1,7175//384,1,complete-enumeration:32
219,L050,1//2,5447//384,21,base_1;base_3;frontier_addition;inactive,9//1,7175//384,0//1,7175//384,1,complete-enumeration:32
219,L100,1//1,7885//768,20,base_3;frontier_addition;inactive,5//1,11725//768,0//1,11725//768,1,complete-enumeration:32
219,L200,2//1,1763//256,16,frontier_addition;inactive,1//1,2275//256,0//1,2275//256,1,complete-enumeration:32
219,L400,4//1,1251//256,16,frontier_addition;inactive,1//1,2275//256,0//1,2275//256,1,complete-enumeration:32
220,L0,0//1,80977//4096,30;31,base_2;base_3;closure_carrier;frontier_addition;inactive|base_1;base_2;base_3;closure_carrier;frontier_addition;inactive,12//1;16//1,2275//128,8177//4096,80977//4096,2,complete-enumeration:32
220,L025,1//4,68689//4096,30,base_2;base_3;closure_carrier;frontier_addition;inactive,12//1,2275//128,8177//4096,80977//4096,1,complete-enumeration:32
220,L050,1//2,56401//4096,30,base_2;base_3;closure_carrier;frontier_addition;inactive,12//1,2275//128,8177//4096,80977//4096,1,complete-enumeration:32
220,L100,1//1,3505//384,18;20,base_2;frontier_addition;inactive|base_3;frontier_addition;inactive,5//1,5425//384,0//1,5425//384,2,complete-enumeration:32
220,L200,2//1,5639//768,16,frontier_addition;inactive,1//1,7175//768,0//1,7175//768,1,complete-enumeration:32
220,L400,4//1,4103//768,16,frontier_addition;inactive,1//1,7175//768,0//1,7175//768,1,complete-enumeration:32
221,L0,0//1,14525//768,22;23;30;31,base_2;base_3;frontier_addition;inactive|base_1;base_2;base_3;frontier_addition;inactive|base_2;base_3;closure_carrier;frontier_addition;inactive|base_1;base_2;base_3;closure_carrier;frontier_addition;inactive,5//1;7//1;9//1,14525//768,0//1,14525//768,4,complete-enumeration:32
221,L025,1//4,13565//768,22,base_2;base_3;frontier_addition;inactive,5//1,14525//768,0//1,14525//768,1,complete-enumeration:32
221,L050,1//2,12605//768,22,base_2;base_3;frontier_addition;inactive,5//1,14525//768,0//1,14525//768,1,complete-enumeration:32
221,L100,1//1,10685//768,22,base_2;base_3;frontier_addition;inactive,5//1,14525//768,0//1,14525//768,1,complete-enumeration:32
221,L200,2//1,7117//768,20,base_3;frontier_addition;inactive,3//1,11725//768,0//1,11725//768,1,complete-enumeration:32
221,L400,4//1,4103//768,16,frontier_addition;inactive,1//1,7175//768,0//1,7175//768,1,complete-enumeration:32
222,L0,0//1,9275//768,17;19;21;23;25;27;29;31,base_1;frontier_addition;inactive|base_1;base_2;frontier_addition;inactive|base_1;base_3;frontier_addition;inactive|base_1;base_2;base_3;frontier_addition;inactive|base_1;closure_carrier;frontier_addition;inactive|base_1;base_2;closure_carrier;frontier_addition;inactive|base_1;base_3;closure_carrier;frontier_addition;inactive|base_1;base_2;base_3;closure_carrier;frontier_addition;inactive,5//1;7//1;9//1;11//1;13//1;15//1,9275//768,0//1,9275//768,8,complete-enumeration:32
222,L025,1//4,8315//768,17,base_1;frontier_addition;inactive,5//1,9275//768,0//1,9275//768,1,complete-enumeration:32
222,L050,1//2,7841//768,16,frontier_addition;inactive,1//1,8225//768,0//1,8225//768,1,complete-enumeration:32
222,L100,1//1,7457//768,16,frontier_addition;inactive,1//1,8225//768,0//1,8225//768,1,complete-enumeration:32
222,L200,2//1,6689//768,16,frontier_addition;inactive,1//1,8225//768,0//1,8225//768,1,complete-enumeration:32
222,L400,4//1,5153//768,16,frontier_addition;inactive,1//1,8225//768,0//1,8225//768,1,complete-enumeration:32
223,L0,0//1,1575//128,17;19;21;23;25;27;29;31,base_1;frontier_addition;inactive|base_1;base_2;frontier_addition;inactive|base_1;base_3;frontier_addition;inactive|base_1;base_2;base_3;frontier_addition;inactive|base_1;closure_carrier;frontier_addition;inactive|base_1;base_2;closure_carrier;frontier_addition;inactive|base_1;base_3;closure_carrier;frontier_addition;inactive|base_1;base_2;base_3;closure_carrier;frontier_addition;inactive,3//1;5//1;6//1;7//1;8//1;10//1,1575//128,0//1,1575//128,8,complete-enumeration:32
223,L025,1//4,1479//128,17,base_1;frontier_addition;inactive,3//1,1575//128,0//1,1575//128,1,complete-enumeration:32
223,L050,1//2,1383//128,17,base_1;frontier_addition;inactive,3//1,1575//128,0//1,1575//128,1,complete-enumeration:32
223,L100,1//1,1191//128,17,base_1;frontier_addition;inactive,3//1,1575//128,0//1,1575//128,1,complete-enumeration:32
223,L200,2//1,5989//768,16,frontier_addition;inactive,1//1,7525//768,0//1,7525//768,1,complete-enumeration:32
223,L400,4//1,4453//768,16,frontier_addition;inactive,1//1,7525//768,0//1,7525//768,1,complete-enumeration:32
224,L0,0//1,13825//768,22;23;30;31,base_2;base_3;frontier_addition;inactive|base_1;base_2;base_3;frontier_addition;inactive|base_2;base_3;closure_carrier;frontier_addition;inactive|base_1;base_2;base_3;closure_carrier;frontier_addition;inactive,9//1;11//1;13//1;15//1,13825//768,0//1,13825//768,4,complete-enumeration:32
224,L025,1//4,12097//768,22,base_2;base_3;frontier_addition;inactive,9//1,13825//768,0//1,13825//768,1,complete-enumeration:32
224,L050,1//2,10369//768,22,base_2;base_3;frontier_addition;inactive,9//1,13825//768,0//1,13825//768,1,complete-enumeration:32
224,L100,1//1,3505//384,18;20,base_2;frontier_addition;inactive|base_3;frontier_addition;inactive,5//1,5425//384,0//1,5425//384,2,complete-enumeration:32
224,L200,2//1,4939//768,16,frontier_addition;inactive,1//1,6475//768,0//1,6475//768,1,complete-enumeration:32
224,L400,4//1,3403//768,16,frontier_addition;inactive,1//1,6475//768,0//1,6475//768,1,complete-enumeration:32
225,L0,0//1,100931//6144,25;27;29;31,base_1;closure_carrier;frontier_addition;inactive|base_1;base_2;closure_carrier;frontier_addition;inactive|base_1;base_3;closure_carrier;frontier_addition;inactive|base_1;base_2;base_3;closure_carrier;frontier_addition;inactive,7//1;11//1;15//1,2275//192,9377//2048,100931//6144,4,complete-enumeration:32
225,L025,1//4,90179//6144,25,base_1;closure_carrier;frontier_addition;inactive,7//1,2275//192,9377//2048,100931//6144,1,complete-enumeration:32
225,L050,1//2,79427//6144,25,base_1;closure_carrier;frontier_addition;inactive,7//1,2275//192,9377//2048,100931//6144,1,complete-enumeration:32
225,L100,1//1,237775//24576,24,closure_carrier;frontier_addition;inactive,3//1,1925//192,21701//8192,311503//24576,1,complete-enumeration:32
225,L200,2//1,1541//192,16,frontier_addition;inactive,1//1,1925//192,0//1,1925//192,1,complete-enumeration:32
225,L400,4//1,1157//192,16,frontier_addition;inactive,1//1,1925//192,0//1,1925//192,1,complete-enumeration:32
226,L0,0//1,99531//8192,25;27;29;31,base_1;closure_carrier;frontier_addition;inactive|base_1;base_2;closure_carrier;frontier_addition;inactive|base_1;base_3;closure_carrier;frontier_addition;inactive|base_1;base_2;base_3;closure_carrier;frontier_addition;inactive,6//1;8//1;10//1,9275//768,1793//24576,99531//8192,4,complete-enumeration:32
226,L025,1//4,8699//768,17,base_1;frontier_addition;inactive,3//1,9275//768,0//1,9275//768,1,complete-enumeration:32
226,L050,1//2,8123//768,17,base_1;frontier_addition;inactive,3//1,9275//768,0//1,9275//768,1,complete-enumeration:32
226,L100,1//1,6971//768,17,base_1;frontier_addition;inactive,3//1,9275//768,0//1,9275//768,1,complete-enumeration:32
226,L200,2//1,1541//192,16,frontier_addition;inactive,1//1,1925//192,0//1,1925//192,1,complete-enumeration:32
226,L400,4//1,1157//192,16,frontier_addition;inactive,1//1,1925//192,0//1,1925//192,1,complete-enumeration:32
227,L0,0//1,13825//768,19;23;27;31,base_1;base_2;frontier_addition;inactive|base_1;base_2;base_3;frontier_addition;inactive|base_1;base_2;closure_carrier;frontier_addition;inactive|base_1;base_2;base_3;closure_carrier;frontier_addition;inactive,9//1;12//1;13//1;16//1,13825//768,0//1,13825//768,4,complete-enumeration:32
227,L025,1//4,12097//768,19,base_1;base_2;frontier_addition;inactive,9//1,13825//768,0//1,13825//768,1,complete-enumeration:32
227,L050,1//2,10369//768,19,base_1;base_2;frontier_addition;inactive,9//1,13825//768,0//1,13825//768,1,complete-enumeration:32
227,L100,1//1,2395//256,18,base_2;frontier_addition;inactive,5//1,3675//256,0//1,3675//256,1,complete-enumeration:32
227,L200,2//1,1763//256,16,frontier_addition;inactive,1//1,2275//256,0//1,2275//256,1,complete-enumeration:32
227,L400,4//1,1251//256,16,frontier_addition;inactive,1//1,2275//256,0//1,2275//256,1,complete-enumeration:32
228,L0,0//1,83777//4096,29;31,base_1;base_3;closure_carrier;frontier_addition;inactive|base_1;base_2;base_3;closure_carrier;frontier_addition;inactive,7//1;9//1,4725//256,8177//4096,83777//4096,2,complete-enumeration:32
228,L025,1//4,76609//4096,29,base_1;base_3;closure_carrier;frontier_addition;inactive,7//1,4725//256,8177//4096,83777//4096,1,complete-enumeration:32
228,L050,1//2,69441//4096,29,base_1;base_3;closure_carrier;frontier_addition;inactive,7//1,4725//256,8177//4096,83777//4096,1,complete-enumeration:32
228,L100,1//1,3445//256,21,base_1;base_3;frontier_addition;inactive,5//1,4725//256,0//1,4725//256,1,complete-enumeration:32
228,L200,2//1,7117//768,20,base_3;frontier_addition;inactive,3//1,11725//768,0//1,11725//768,1,complete-enumeration:32
228,L400,4//1,713//128,16,frontier_addition;inactive,1//1,1225//128,0//1,1225//128,1,complete-enumeration:32
229,L0,0//1,68409//4096,25;27;29;31,base_1;closure_carrier;frontier_addition;inactive|base_1;base_2;closure_carrier;frontier_addition;inactive|base_1;base_3;closure_carrier;frontier_addition;inactive|base_1;base_2;base_3;closure_carrier;frontier_addition;inactive,8//1;12//1;16//1,2975//256,20809//4096,68409//4096,4,complete-enumeration:32
229,L025,1//4,60217//4096,25,base_1;closure_carrier;frontier_addition;inactive,8//1,2975//256,20809//4096,68409//4096,1,complete-enumeration:32
229,L050,1//2,52025//4096,25,base_1;closure_carrier;frontier_addition;inactive,8//1,2975//256,20809//4096,68409//4096,1,complete-enumeration:32
229,L100,1//1,1733//192,16,frontier_addition;inactive,1//1,1925//192,0//1,1925//192,1,complete-enumeration:32
229,L200,2//1,1541//192,16,frontier_addition;inactive,1//1,1925//192,0//1,1925//192,1,complete-enumeration:32
229,L400,4//1,1157//192,16,frontier_addition;inactive,1//1,1925//192,0//1,1925//192,1,complete-enumeration:32
230,L0,0//1,4725//256,22;23;30;31,base_2;base_3;frontier_addition;inactive|base_1;base_2;base_3;frontier_addition;inactive|base_2;base_3;closure_carrier;frontier_addition;inactive|base_1;base_2;base_3;closure_carrier;frontier_addition;inactive,5//1;7//1;9//1,4725//256,0//1,4725//256,4,complete-enumeration:32
230,L025,1//4,4405//256,22,base_2;base_3;frontier_addition;inactive,5//1,4725//256,0//1,4725//256,1,complete-enumeration:32
230,L050,1//2,4085//256,22,base_2;base_3;frontier_addition;inactive,5//1,4725//256,0//1,4725//256,1,complete-enumeration:32
230,L100,1//1,3445//256,22,base_2;base_3;frontier_addition;inactive,5//1,4725//256,0//1,4725//256,1,complete-enumeration:32
230,L200,2//1,1157//128,18,base_2;frontier_addition;inactive,3//1,1925//128,0//1,1925//128,1,complete-enumeration:32
230,L400,4//1,1789//384,16,frontier_addition;inactive,1//1,3325//384,0//1,3325//384,1,complete-enumeration:32
231,L0,0//1,248531//12288,30;31,base_2;base_3;closure_carrier;frontier_addition;inactive|base_1;base_2;base_3;closure_carrier;frontier_addition;inactive,7//1;9//1,875//48,8177//4096,248531//12288,2,complete-enumeration:32
231,L025,1//4,227027//12288,30,base_2;base_3;closure_carrier;frontier_addition;inactive,7//1,875//48,8177//4096,248531//12288,1,complete-enumeration:32
231,L050,1//2,205523//12288,30,base_2;base_3;closure_carrier;frontier_addition;inactive,7//1,875//48,8177//4096,248531//12288,1,complete-enumeration:32
231,L100,1//1,635//48,22,base_2;base_3;frontier_addition;inactive,5//1,875//48,0//1,875//48,1,complete-enumeration:32
231,L200,2//1,6767//768,18,base_2;frontier_addition;inactive,3//1,11375//768,0//1,11375//768,1,complete-enumeration:32
231,L400,4//1,1251//256,16,frontier_addition;inactive,1//1,2275//256,0//1,2275//256,1,complete-enumeration:32
232,L0,0//1,7247//384,30;31,base_2;base_3;closure_carrier;frontier_addition;inactive|base_1;base_2;base_3;closure_carrier;frontier_addition;inactive,11//1;15//1,13825//768,223//256,7247//384,2,complete-enumeration:32
232,L025,1//4,6191//384,30,base_2;base_3;closure_carrier;frontier_addition;inactive,11//1,13825//768,223//256,7247//384,1,complete-enumeration:32
232,L050,1//2,10369//768,22,base_2;base_3;frontier_addition;inactive,9//1,13825//768,0//1,13825//768,1,complete-enumeration:32
232,L100,1//1,115//12,20,base_3;frontier_addition;inactive,5//1,175//12,0//1,175//12,1,complete-enumeration:32
232,L200,2//1,1763//256,16,frontier_addition;inactive,1//1,2275//256,0//1,2275//256,1,complete-enumeration:32
232,L400,4//1,1251//256,16,frontier_addition;inactive,1//1,2275//256,0//1,2275//256,1,complete-enumeration:32
233,L0,0//1,13825//768,19;23;27;31,base_1;base_2;frontier_addition;inactive|base_1;base_2;base_3;frontier_addition;inactive|base_1;base_2;closure_carrier;frontier_addition;inactive|base_1;base_2;base_3;closure_carrier;frontier_addition;inactive,5//1;7//1;9//1,13825//768,0//1,13825//768,4,complete-enumeration:32
233,L025,1//4,12865//768,19,base_1;base_2;frontier_addition;inactive,5//1,13825//768,0//1,13825//768,1,complete-enumeration:32
233,L050,1//2,11905//768,19,base_1;base_2;frontier_addition;inactive,5//1,13825//768,0//1,13825//768,1,complete-enumeration:32
233,L100,1//1,9985//768,19,base_1;base_2;frontier_addition;inactive,5//1,13825//768,0//1,13825//768,1,complete-enumeration:32
233,L200,2//1,6767//768,17,base_1;frontier_addition;inactive,3//1,11375//768,0//1,11375//768,1,complete-enumeration:32
233,L400,4//1,491//96,16,frontier_addition;inactive,1//1,875//96,0//1,875//96,1,complete-enumeration:32
234,L0,0//1,81927//4096,29;31,base_1;base_3;closure_carrier;frontier_addition;inactive|base_1;base_2;base_3;closure_carrier;frontier_addition;inactive,12//1;16//1,4725//256,6327//4096,81927//4096,2,complete-enumeration:32
234,L025,1//4,69639//4096,29,base_1;base_3;closure_carrier;frontier_addition;inactive,12//1,4725//256,6327//4096,81927//4096,1,complete-enumeration:32
234,L050,1//2,57351//4096,29,base_1;base_3;closure_carrier;frontier_addition;inactive,12//1,4725//256,6327//4096,81927//4096,1,complete-enumeration:32
234,L100,1//1,1285//128,20,base_3;frontier_addition;inactive,5//1,1925//128,0//1,1925//128,1,complete-enumeration:32
234,L200,2//1,5639//768,16,frontier_addition;inactive,1//1,7175//768,0//1,7175//768,1,complete-enumeration:32
234,L400,4//1,4103//768,16,frontier_addition;inactive,1//1,7175//768,0//1,7175//768,1,complete-enumeration:32
235,L0,0//1,14575//768,27;31,base_1;base_2;closure_carrier;frontier_addition;inactive|base_1;base_2;base_3;closure_carrier;frontier_addition;inactive,12//1;16//1,13825//768,125//128,14575//768,2,complete-enumeration:32
235,L025,1//4,12271//768,27,base_1;base_2;closure_carrier;frontier_addition;inactive,12//1,13825//768,125//128,14575//768,1,complete-enumeration:32
235,L050,1//2,10369//768,19,base_1;base_2;frontier_addition;inactive,9//1,13825//768,0//1,13825//768,1,complete-enumeration:32
235,L100,1//1,7535//768,17,base_1;frontier_addition;inactive,5//1,11375//768,0//1,11375//768,1,complete-enumeration:32
235,L200,2//1,5639//768,16,frontier_addition;inactive,1//1,7175//768,0//1,7175//768,1,complete-enumeration:32
235,L400,4//1,4103//768,16,frontier_addition;inactive,1//1,7175//768,0//1,7175//768,1,complete-enumeration:32
236,L0,0//1,13825//768,22;23;30;31,base_2;base_3;frontier_addition;inactive|base_1;base_2;base_3;frontier_addition;inactive|base_2;base_3;closure_carrier;frontier_addition;inactive|base_1;base_2;base_3;closure_carrier;frontier_addition;inactive,9//1;11//1;13//1;15//1,13825//768,0//1,13825//768,4,complete-enumeration:32
236,L025,1//4,12097//768,22,base_2;base_3;frontier_addition;inactive,9//1,13825//768,0//1,13825//768,1,complete-enumeration:32
236,L050,1//2,10369//768,22,base_2;base_3;frontier_addition;inactive,9//1,13825//768,0//1,13825//768,1,complete-enumeration:32
236,L100,1//1,7535//768,20,base_3;frontier_addition;inactive,5//1,11375//768,0//1,11375//768,1,complete-enumeration:32
236,L200,2//1,683//96,16,frontier_addition;inactive,1//1,875//96,0//1,875//96,1,complete-enumeration:32
236,L400,4//1,491//96,16,frontier_addition;inactive,1//1,875//96,0//1,875//96,1,complete-enumeration:32
237,L0,0//1,758227//49152,25;27;29;31,base_1;closure_carrier;frontier_addition;inactive|base_1;base_2;closure_carrier;frontier_addition;inactive|base_1;base_3;closure_carrier;frontier_addition;inactive|base_1;base_2;base_3;closure_carrier;frontier_addition;inactive,5//1;7//1;9//1,2275//192,58609//16384,758227//49152,4,complete-enumeration:32
237,L025,1//4,696787//49152,25,base_1;closure_carrier;frontier_addition;inactive,5//1,2275//192,58609//16384,758227//49152,1,complete-enumeration:32
237,L050,1//2,635347//49152,25,base_1;closure_carrier;frontier_addition;inactive,5//1,2275//192,58609//16384,758227//49152,1,complete-enumeration:32
237,L100,1//1,512467//49152,25,base_1;closure_carrier;frontier_addition;inactive,5//1,2275//192,58609//16384,758227//49152,1,complete-enumeration:32
237,L200,2//1,2113//256,16,frontier_addition;inactive,1//1,2625//256,0//1,2625//256,1,complete-enumeration:32
237,L400,4//1,1601//256,16,frontier_addition;inactive,1//1,2625//256,0//1,2625//256,1,complete-enumeration:32
238,L0,0//1,9275//768,17;19;21;23;25;27;29;31,base_1;frontier_addition;inactive|base_1;base_2;frontier_addition;inactive|base_1;base_3;frontier_addition;inactive|base_1;base_2;base_3;frontier_addition;inactive|base_1;closure_carrier;frontier_addition;inactive|base_1;base_2;closure_carrier;frontier_addition;inactive|base_1;base_3;closure_carrier;frontier_addition;inactive|base_1;base_2;base_3;closure_carrier;frontier_addition;inactive,3//1;5//1;6//1;7//1;8//1;10//1,9275//768,0//1,9275//768,8,complete-enumeration:32
238,L025,1//4,8699//768,17,base_1;frontier_addition;inactive,3//1,9275//768,0//1,9275//768,1,complete-enumeration:32
238,L050,1//2,8123//768,17,base_1;frontier_addition;inactive,3//1,9275//768,0//1,9275//768,1,complete-enumeration:32
238,L100,1//1,3641//384,16,frontier_addition;inactive,1//1,4025//384,0//1,4025//384,1,complete-enumeration:32
238,L200,2//1,3257//384,16,frontier_addition;inactive,1//1,4025//384,0//1,4025//384,1,complete-enumeration:32
238,L400,4//1,2489//384,16,frontier_addition;inactive,1//1,4025//384,0//1,4025//384,1,complete-enumeration:32
239,L0,0//1,2447//128,30;31,base_2;base_3;closure_carrier;frontier_addition;inactive|base_1;base_2;base_3;closure_carrier;frontier_addition;inactive,12//1;16//1,4725//256,169//256,2447//128,2,complete-enumeration:32
239,L025,1//4,4149//256,22,base_2;base_3;frontier_addition;inactive,9//1,4725//256,0//1,4725//256,1,complete-enumeration:32
239,L050,1//2,3573//256,22,base_2;base_3;frontier_addition;inactive,9//1,4725//256,0//1,4725//256,1,complete-enumeration:32
239,L100,1//1,7535//768,18,base_2;frontier_addition;inactive,5//1,11375//768,0//1,11375//768,1,complete-enumeration:32
239,L200,2//1,683//96,16,frontier_addition;inactive,1//1,875//96,0//1,875//96,1,complete-enumeration:32
239,L400,4//1,491//96,16,frontier_addition;inactive,1//1,875//96,0//1,875//96,1,complete-enumeration:32
240,L0,0//1,13825//768,22;23;30;31,base_2;base_3;frontier_addition;inactive|base_1;base_2;base_3;frontier_addition;inactive|base_2;base_3;closure_carrier;frontier_addition;inactive|base_1;base_2;base_3;closure_carrier;frontier_addition;inactive,5//1;7//1;8//1;10//1,13825//768,0//1,13825//768,4,complete-enumeration:32
240,L025,1//4,12865//768,22,base_2;base_3;frontier_addition;inactive,5//1,13825//768,0//1,13825//768,1,complete-enumeration:32
240,L050,1//2,11905//768,22,base_2;base_3;frontier_addition;inactive,5//1,13825//768,0//1,13825//768,1,complete-enumeration:32
240,L100,1//1,9985//768,22,base_2;base_3;frontier_addition;inactive,5//1,13825//768,0//1,13825//768,1,complete-enumeration:32
240,L200,2//1,6767//768,18,base_2;frontier_addition;inactive,3//1,11375//768,0//1,11375//768,1,complete-enumeration:32
240,L400,4//1,3403//768,16,frontier_addition;inactive,1//1,6475//768,0//1,6475//768,1,complete-enumeration:32
241,L0,0//1,9275//768,17;19;21;23;25;27;29;31,base_1;frontier_addition;inactive|base_1;base_2;frontier_addition;inactive|base_1;base_3;frontier_addition;inactive|base_1;base_2;base_3;frontier_addition;inactive|base_1;closure_carrier;frontier_addition;inactive|base_1;base_2;closure_carrier;frontier_addition;inactive|base_1;base_3;closure_carrier;frontier_addition;inactive|base_1;base_2;base_3;closure_carrier;frontier_addition;inactive,3//1;5//1;7//1;9//1,9275//768,0//1,9275//768,8,complete-enumeration:32
241,L025,1//4,8699//768,17,base_1;frontier_addition;inactive,3//1,9275//768,0//1,9275//768,1,complete-enumeration:32
241,L050,1//2,8123//768,17,base_1;frontier_addition;inactive,3//1,9275//768,0//1,9275//768,1,complete-enumeration:32
241,L100,1//1,7457//768,16,frontier_addition;inactive,1//1,8225//768,0//1,8225//768,1,complete-enumeration:32
241,L200,2//1,6689//768,16,frontier_addition;inactive,1//1,8225//768,0//1,8225//768,1,complete-enumeration:32
241,L400,4//1,5153//768,16,frontier_addition;inactive,1//1,8225//768,0//1,8225//768,1,complete-enumeration:32
242,L0,0//1,63793//3072,30;31,base_2;base_3;closure_carrier;frontier_addition;inactive|base_1;base_2;base_3;closure_carrier;frontier_addition;inactive,7//1;9//1,7175//384,2131//1024,63793//3072,2,complete-enumeration:32
242,L025,1//4,58417//3072,30,base_2;base_3;closure_carrier;frontier_addition;inactive,7//1,7175//384,2131//1024,63793//3072,1,complete-enumeration:32
242,L050,1//2,53041//3072,30,base_2;base_3;closure_carrier;frontier_addition;inactive,7//1,7175//384,2131//1024,63793//3072,1,complete-enumeration:32
242,L100,1//1,42289//3072,30,base_2;base_3;closure_carrier;frontier_addition;inactive,7//1,7175//384,2131//1024,63793//3072,1,complete-enumeration:32
242,L200,2//1,7117//768,20,base_3;frontier_addition;inactive,3//1,11725//768,0//1,11725//768,1,complete-enumeration:32
242,L400,4//1,4103//768,16,frontier_addition;inactive,1//1,7175//768,0//1,7175//768,1,complete-enumeration:32
243,L0,0//1,769589//49152,25;27;29;31,base_1;closure_carrier;frontier_addition;inactive|base_1;base_2;closure_carrier;frontier_addition;inactive|base_1;base_3;closure_carrier;frontier_addition;inactive|base_1;base_2;base_3;closure_carrier;frontier_addition;inactive,6//1;8//1;10//1,9275//768,58663//16384,769589//49152,4,complete-enumeration:32
243,L025,1//4,695861//49152,25,base_1;closure_carrier;frontier_addition;inactive,6//1,9275//768,58663//16384,769589//49152,1,complete-enumeration:32
243,L050,1//2,622133//49152,25,base_1;closure_carrier;frontier_addition;inactive,6//1,9275//768,58663//16384,769589//49152,1,complete-enumeration:32
243,L100,1//1,474677//49152,25,base_1;closure_carrier;frontier_addition;inactive,6//1,9275//768,58663//16384,769589//49152,1,complete-enumeration:32
243,L200,2//1,5989//768,16,frontier_addition;inactive,1//1,7525//768,0//1,7525//768,1,complete-enumeration:32
243,L400,4//1,4453//768,16,frontier_addition;inactive,1//1,7525//768,0//1,7525//768,1,complete-enumeration:32
244,L0,0//1,55777//4096,25;27;29;31,base_1;closure_carrier;frontier_addition;inactive|base_1;base_2;closure_carrier;frontier_addition;inactive|base_1;base_3;closure_carrier;frontier_addition;inactive|base_1;base_2;base_3;closure_carrier;frontier_addition;inactive,5//1;7//1;9//1,2975//256,8177//4096,55777//4096,4,complete-enumeration:32
244,L025,1//4,50657//4096,25,base_1;closure_carrier;frontier_addition;inactive,5//1,2975//256,8177//4096,55777//4096,1,complete-enumeration:32
244,L050,1//2,45537//4096,25,base_1;closure_carrier;frontier_addition;inactive,5//1,2975//256,8177//4096,55777//4096,1,complete-enumeration:32
244,L100,1//1,143//16,1,base_1;inactive,2//1,175//16,0//1,175//16,1,complete-enumeration:32
244,L200,2//1,5989//768,16,frontier_addition;inactive,1//1,7525//768,0//1,7525//768,1,complete-enumeration:32
244,L400,4//1,4453//768,16,frontier_addition;inactive,1//1,7525//768,0//1,7525//768,1,complete-enumeration:32
245,L0,0//1,262481//12288,29;31,base_1;base_3;closure_carrier;frontier_addition;inactive|base_1;base_2;base_3;closure_carrier;frontier_addition;inactive,8//1;10//1,14525//768,10027//4096,262481//12288,2,complete-enumeration:32
245,L025,1//4,237905//12288,29,base_1;base_3;closure_carrier;frontier_addition;inactive,8//1,14525//768,10027//4096,262481//12288,1,complete-enumeration:32
245,L050,1//2,213329//12288,29,base_1;base_3;closure_carrier;frontier_addition;inactive,8//1,14525//768,10027//4096,262481//12288,1,complete-enumeration:32
245,L100,1//1,10685//768,21,base_1;base_3;frontier_addition;inactive,5//1,14525//768,0//1,14525//768,1,complete-enumeration:32
245,L200,2//1,7117//768,17,base_1;frontier_addition;inactive,3//1,11725//768,0//1,11725//768,1,complete-enumeration:32
245,L400,4//1,713//128,16,frontier_addition;inactive,1//1,1225//128,0//1,1225//128,1,complete-enumeration:32
246,L0,0//1,4593//256,30;31,base_2;base_3;closure_carrier;frontier_addition;inactive|base_1;base_2;base_3;closure_carrier;frontier_addition;inactive,11//1;15//1,2275//128,43//256,4593//256,2,complete-enumeration:32
246,L025,1//4,1987//128,22,base_2;base_3;frontier_addition;inactive,9//1,2275//128,0//1,2275//128,1,complete-enumeration:32
246,L050,1//2,1699//128,22,base_2;base_3;frontier_addition;inactive,9//1,2275//128,0//1,2275//128,1,complete-enumeration:32
246,L100,1//1,115//12,20,base_3;frontier_addition;inactive,5//1,175//12,0//1,175//12,1,complete-enumeration:32
246,L200,2//1,2557//384,16,frontier_addition;inactive,1//1,3325//384,0//1,3325//384,1,complete-enumeration:32
246,L400,4//1,1789//384,16,frontier_addition;inactive,1//1,3325//384,0//1,3325//384,1,complete-enumeration:32
247,L0,0//1,9275//768,17;19;21;23;25;27;29;31,base_1;frontier_addition;inactive|base_1;base_2;frontier_addition;inactive|base_1;base_3;frontier_addition;inactive|base_1;base_2;base_3;frontier_addition;inactive|base_1;closure_carrier;frontier_addition;inactive|base_1;base_2;closure_carrier;frontier_addition;inactive|base_1;base_3;closure_carrier;frontier_addition;inactive|base_1;base_2;base_3;closure_carrier;frontier_addition;inactive,3//1;5//1;7//1;9//1,9275//768,0//1,9275//768,8,complete-enumeration:32
247,L025,1//4,8699//768,17,base_1;frontier_addition;inactive,3//1,9275//768,0//1,9275//768,1,complete-enumeration:32
247,L050,1//2,8123//768,17,base_1;frontier_addition;inactive,3//1,9275//768,0//1,9275//768,1,complete-enumeration:32
247,L100,1//1,3641//384,16,frontier_addition;inactive,1//1,4025//384,0//1,4025//384,1,complete-enumeration:32
247,L200,2//1,3257//384,16,frontier_addition;inactive,1//1,4025//384,0//1,4025//384,1,complete-enumeration:32
247,L400,4//1,2489//384,16,frontier_addition;inactive,1//1,4025//384,0//1,4025//384,1,complete-enumeration:32
248,L0,0//1,13825//768,19;23;27;31,base_1;base_2;frontier_addition;inactive|base_1;base_2;base_3;frontier_addition;inactive|base_1;base_2;closure_carrier;frontier_addition;inactive|base_1;base_2;base_3;closure_carrier;frontier_addition;inactive,5//1;7//1;8//1;10//1,13825//768,0//1,13825//768,4,complete-enumeration:32
248,L025,1//4,12865//768,19,base_1;base_2;frontier_addition;inactive,5//1,13825//768,0//1,13825//768,1,complete-enumeration:32
248,L050,1//2,11905//768,19,base_1;base_2;frontier_addition;inactive,5//1,13825//768,0//1,13825//768,1,complete-enumeration:32
248,L100,1//1,9985//768,19,base_1;base_2;frontier_addition;inactive,5//1,13825//768,0//1,13825//768,1,complete-enumeration:32
248,L200,2//1,103//12,17,base_1;frontier_addition;inactive,3//1,175//12,0//1,175//12,1,complete-enumeration:32
248,L400,4//1,1251//256,16,frontier_addition;inactive,1//1,2275//256,0//1,2275//256,1,complete-enumeration:32
249,L0,0//1,100931//6144,25;27;29;31,base_1;closure_carrier;frontier_addition;inactive|base_1;base_2;closure_carrier;frontier_addition;inactive|base_1;base_3;closure_carrier;frontier_addition;inactive|base_1;base_2;base_3;closure_carrier;frontier_addition;inactive,5//1;7//1;9//1,2275//192,9377//2048,100931//6144,4,complete-enumeration:32
249,L025,1//4,93251//6144,25,base_1;closure_carrier;frontier_addition;inactive,5//1,2275//192,9377//2048,100931//6144,1,complete-enumeration:32
249,L050,1//2,85571//6144,25,base_1;closure_carrier;frontier_addition;inactive,5//1,2275//192,9377//2048,100931//6144,1,complete-enumeration:32
249,L100,1//1,70211//6144,25,base_1;closure_carrier;frontier_addition;inactive,5//1,2275//192,9377//2048,100931//6144,1,complete-enumeration:32
249,L200,2//1,1541//192,16,frontier_addition;inactive,1//1,1925//192,0//1,1925//192,1,complete-enumeration:32
249,L400,4//1,1157//192,16,frontier_addition;inactive,1//1,1925//192,0//1,1925//192,1,complete-enumeration:32
250,L0,0//1,208703//12288,25;27;29;31,base_1;closure_carrier;frontier_addition;inactive|base_1;base_2;closure_carrier;frontier_addition;inactive|base_1;base_3;closure_carrier;frontier_addition;inactive|base_1;base_2;base_3;closure_carrier;frontier_addition;inactive,7//1;11//1;15//1,9275//768,20101//4096,208703//12288,4,complete-enumeration:32
250,L025,1//4,187199//12288,25,base_1;closure_carrier;frontier_addition;inactive,7//1,9275//768,20101//4096,208703//12288,1,complete-enumeration:32
250,L050,1//2,165695//12288,25,base_1;closure_carrier;frontier_addition;inactive,7//1,9275//768,20101//4096,208703//12288,1,complete-enumeration:32
250,L100,1//1,537595//49152,24,closure_carrier;frontier_addition;inactive,3//1,4025//384,56617//16384,685051//49152,1,complete-enumeration:32
250,L200,2//1,3257//384,16,frontier_addition;inactive,1//1,4025//384,0//1,4025//384,1,complete-enumeration:32
250,L400,4//1,2489//384,16,frontier_addition;inactive,1//1,4025//384,0//1,4025//384,1,complete-enumeration:32
251,L0,0//1,4725//256,21;23;29;31,base_1;base_3;frontier_addition;inactive|base_1;base_2;base_3;frontier_addition;inactive|base_1;base_3;closure_carrier;frontier_addition;inactive|base_1;base_2;base_3;closure_carrier;frontier_addition;inactive,5//1;7//1;8//1;10//1,4725//256,0//1,4725//256,4,complete-enumeration:32
251,L025,1//4,4405//256,21,base_1;base_3;frontier_addition;inactive,5//1,4725//256,0//1,4725//256,1,complete-enumeration:32
251,L050,1//2,4085//256,21,base_1;base_3;frontier_addition;inactive,5//1,4725//256,0//1,4725//256,1,complete-enumeration:32
251,L100,1//1,3445//256,21,base_1;base_3;frontier_addition;inactive,5//1,4725//256,0//1,4725//256,1,complete-enumeration:32
251,L200,2//1,1157//128,20,base_3;frontier_addition;inactive,3//1,1925//128,0//1,1925//128,1,complete-enumeration:32
251,L400,4//1,1251//256,16,frontier_addition;inactive,1//1,2275//256,0//1,2275//256,1,complete-enumeration:32
252,L0,0//1,71917//3072,27;31,base_1;base_2;closure_carrier;frontier_addition;inactive|base_1;base_2;base_3;closure_carrier;frontier_addition;inactive,8//1;10//1,13825//768,5539//1024,71917//3072,2,complete-enumeration:32
252,L025,1//4,65773//3072,27,base_1;base_2;closure_carrier;frontier_addition;inactive,8//1,13825//768,5539//1024,71917//3072,1,complete-enumeration:32
252,L050,1//2,59629//3072,27,base_1;base_2;closure_carrier;frontier_addition;inactive,8//1,13825//768,5539//1024,71917//3072,1,complete-enumeration:32
252,L100,1//1,47341//3072,27,base_1;base_2;closure_carrier;frontier_addition;inactive,8//1,13825//768,5539//1024,71917//3072,1,complete-enumeration:32
252,L200,2//1,239449//24576,24,closure_carrier;frontier_addition;inactive,4//1,7175//768,68819//8192,436057//24576,1,complete-enumeration:32
252,L400,4//1,1251//256,16,frontier_addition;inactive,1//1,2275//256,0//1,2275//256,1,complete-enumeration:32
253,L0,0//1,1575//128,17;19;21;23;25;27;29;31,base_1;frontier_addition;inactive|base_1;base_2;frontier_addition;inactive|base_1;base_3;frontier_addition;inactive|base_1;base_2;base_3;frontier_addition;inactive|base_1;closure_carrier;frontier_addition;inactive|base_1;base_2;closure_carrier;frontier_addition;inactive|base_1;base_3;closure_carrier;frontier_addition;inactive|base_1;base_2;base_3;closure_carrier;frontier_addition;inactive,5//1;8//1;9//1;12//1;13//1;16//1,1575//128,0//1,1575//128,8,complete-enumeration:32
253,L025,1//4,1415//128,17,base_1;frontier_addition;inactive,5//1,1575//128,0//1,1575//128,1,complete-enumeration:32
253,L050,1//2,1255//128,17,base_1;frontier_addition;inactive,5//1,1575//128,0//1,1575//128,1,complete-enumeration:32
253,L100,1//1,1733//192,16,frontier_addition;inactive,1//1,1925//192,0//1,1925//192,1,complete-enumeration:32
253,L200,2//1,1541//192,16,frontier_addition;inactive,1//1,1925//192,0//1,1925//192,1,complete-enumeration:32
253,L400,4//1,1157//192,16,frontier_addition;inactive,1//1,1925//192,0//1,1925//192,1,complete-enumeration:32
254,L0,0//1,178481//12288,25;27;29;31,base_1;closure_carrier;frontier_addition;inactive|base_1;base_2;closure_carrier;frontier_addition;inactive|base_1;base_3;closure_carrier;frontier_addition;inactive|base_1;base_2;base_3;closure_carrier;frontier_addition;inactive,7//1;11//1;15//1,9275//768,10027//4096,178481//12288,4,complete-enumeration:32
254,L025,1//4,156977//12288,25,base_1;closure_carrier;frontier_addition;inactive,7//1,9275//768,10027//4096,178481//12288,1,complete-enumeration:32
254,L050,1//2,135473//12288,25,base_1;closure_carrier;frontier_addition;inactive,7//1,9275//768,10027//4096,178481//12288,1,complete-enumeration:32
254,L100,1//1,1733//192,16,frontier_addition;inactive,1//1,1925//192,0//1,1925//192,1,complete-enumeration:32
254,L200,2//1,1541//192,16,frontier_addition;inactive,1//1,1925//192,0//1,1925//192,1,complete-enumeration:32
254,L400,4//1,1157//192,16,frontier_addition;inactive,1//1,1925//192,0//1,1925//192,1,complete-enumeration:32
255,L0,0//1,10097//512,25;27;29;31,base_1;closure_carrier;frontier_addition;inactive|base_1;base_2;closure_carrier;frontier_addition;inactive|base_1;base_3;closure_carrier;frontier_addition;inactive|base_1;base_2;base_3;closure_carrier;frontier_addition;inactive,7//1;11//1;15//1,1575//128,3797//512,10097//512,4,complete-enumeration:32
255,L025,1//4,9201//512,25,base_1;closure_carrier;frontier_addition;inactive,7//1,1575//128,3797//512,10097//512,1,complete-enumeration:32
255,L050,1//2,8305//512,25,base_1;closure_carrier;frontier_addition;inactive,7//1,1575//128,3797//512,10097//512,1,complete-enumeration:32
255,L100,1//1,166765//12288,24,closure_carrier;frontier_addition;inactive,3//1,4025//384,24943//4096,203629//12288,1,complete-enumeration:32
255,L200,2//1,129901//12288,24,closure_carrier;frontier_addition;inactive,3//1,4025//384,24943//4096,203629//12288,1,complete-enumeration:32
255,L400,4//1,2489//384,16,frontier_addition;inactive,1//1,4025//384,0//1,4025//384,1,complete-enumeration:32
256,L0,0//1,1237//64,27;31,base_1;base_2;closure_carrier;frontier_addition;inactive|base_1;base_2;base_3;closure_carrier;frontier_addition;inactive,7//1;9//1,4725//256,223//256,1237//64,2,complete-enumeration:32
256,L025,1//4,1125//64,27,base_1;base_2;closure_carrier;frontier_addition;inactive,7//1,4725//256,223//256,1237//64,1,complete-enumeration:32
256,L050,1//2,4085//256,19,base_1;base_2;frontier_addition;inactive,5//1,4725//256,0//1,4725//256,1,complete-enumeration:32
256,L100,1//1,3445//256,19,base_1;base_2;frontier_addition;inactive,5//1,4725//256,0//1,4725//256,1,complete-enumeration:32
256,L200,2//1,1157//128,18,base_2;frontier_addition;inactive,3//1,1925//128,0//1,1925//128,1,complete-enumeration:32
256,L400,4//1,713//128,16,frontier_addition;inactive,1//1,1225//128,0//1,1225//128,1,complete-enumeration:32
257,L0,0//1,1575//128,17;19;21;23;25;27;29;31,base_1;frontier_addition;inactive|base_1;base_2;frontier_addition;inactive|base_1;base_3;frontier_addition;inactive|base_1;base_2;base_3;frontier_addition;inactive|base_1;closure_carrier;frontier_addition;inactive|base_1;base_2;closure_carrier;frontier_addition;inactive|base_1;base_3;closure_carrier;frontier_addition;inactive|base_1;base_2;base_3;closure_carrier;frontier_addition;inactive,3//1;5//1;6//1;7//1;8//1;10//1,1575//128,0//1,1575//128,8,complete-enumeration:32
257,L025,1//4,1479//128,17,base_1;frontier_addition;inactive,3//1,1575//128,0//1,1575//128,1,complete-enumeration:32
257,L050,1//2,1383//128,17,base_1;frontier_addition;inactive,3//1,1575//128,0//1,1575//128,1,complete-enumeration:32
257,L100,1//1,7457//768,16,frontier_addition;inactive,1//1,8225//768,0//1,8225//768,1,complete-enumeration:32
257,L200,2//1,6689//768,16,frontier_addition;inactive,1//1,8225//768,0//1,8225//768,1,complete-enumeration:32
257,L400,4//1,5153//768,16,frontier_addition;inactive,1//1,8225//768,0//1,8225//768,1,complete-enumeration:32
258,L0,0//1,1575//128,17;19;21;23;25;27;29;31,base_1;frontier_addition;inactive|base_1;base_2;frontier_addition;inactive|base_1;base_3;frontier_addition;inactive|base_1;base_2;base_3;frontier_addition;inactive|base_1;closure_carrier;frontier_addition;inactive|base_1;base_2;closure_carrier;frontier_addition;inactive|base_1;base_3;closure_carrier;frontier_addition;inactive|base_1;base_2;base_3;closure_carrier;frontier_addition;inactive,3//1;5//1;6//1;7//1;8//1;10//1,1575//128,0//1,1575//128,8,complete-enumeration:32
258,L025,1//4,1479//128,17,base_1;frontier_addition;inactive,3//1,1575//128,0//1,1575//128,1,complete-enumeration:32
258,L050,1//2,1383//128,17,base_1;frontier_addition;inactive,3//1,1575//128,0//1,1575//128,1,complete-enumeration:32
258,L100,1//1,3607//384,1,base_1;inactive,2//1,4375//384,0//1,4375//384,1,complete-enumeration:32
258,L200,2//1,5989//768,16,frontier_addition;inactive,1//1,7525//768,0//1,7525//768,1,complete-enumeration:32
258,L400,4//1,4453//768,16,frontier_addition;inactive,1//1,7525//768,0//1,7525//768,1,complete-enumeration:32
259,L0,0//1,9275//768,17;19;21;23;25;27;29;31,base_1;frontier_addition;inactive|base_1;base_2;frontier_addition;inactive|base_1;base_3;frontier_addition;inactive|base_1;base_2;base_3;frontier_addition;inactive|base_1;closure_carrier;frontier_addition;inactive|base_1;base_2;closure_carrier;frontier_addition;inactive|base_1;base_3;closure_carrier;frontier_addition;inactive|base_1;base_2;base_3;closure_carrier;frontier_addition;inactive,3//1;5//1;6//1;7//1;8//1;10//1,9275//768,0//1,9275//768,8,complete-enumeration:32
259,L025,1//4,8699//768,17,base_1;frontier_addition;inactive,3//1,9275//768,0//1,9275//768,1,complete-enumeration:32
259,L050,1//2,8123//768,17,base_1;frontier_addition;inactive,3//1,9275//768,0//1,9275//768,1,complete-enumeration:32
259,L100,1//1,2369//256,16,frontier_addition;inactive,1//1,2625//256,0//1,2625//256,1,complete-enumeration:32
259,L200,2//1,2113//256,16,frontier_addition;inactive,1//1,2625//256,0//1,2625//256,1,complete-enumeration:32
259,L400,4//1,1601//256,16,frontier_addition;inactive,1//1,2625//256,0//1,2625//256,1,complete-enumeration:32
260,L0,0//1,875//48,22;23;30;31,base_2;base_3;frontier_addition;inactive|base_1;base_2;base_3;frontier_addition;inactive|base_2;base_3;closure_carrier;frontier_addition;inactive|base_1;base_2;base_3;closure_carrier;frontier_addition;inactive,9//1;12//1;13//1;16//1,875//48,0//1,875//48,4,complete-enumeration:32
260,L025,1//4,767//48,22,base_2;base_3;frontier_addition;inactive,9//1,875//48,0//1,875//48,1,complete-enumeration:32
260,L050,1//2,659//48,22,base_2;base_3;frontier_addition;inactive,9//1,875//48,0//1,875//48,1,complete-enumeration:32
260,L100,1//1,1285//128,20,base_3;frontier_addition;inactive,5//1,1925//128,0//1,1925//128,1,complete-enumeration:32
260,L200,2//1,1763//256,16,frontier_addition;inactive,1//1,2275//256,0//1,2275//256,1,complete-enumeration:32
260,L400,4//1,1251//256,16,frontier_addition;inactive,1//1,2275//256,0//1,2275//256,1,complete-enumeration:32
261,L0,0//1,449447//24576,29;31,base_1;base_3;closure_carrier;frontier_addition;inactive|base_1;base_2;base_3;closure_carrier;frontier_addition;inactive,7//1;9//1,875//48,1447//24576,449447//24576,2,complete-enumeration:32
261,L025,1//4,815//48,21,base_1;base_3;frontier_addition;inactive,5//1,875//48,0//1,875//48,1,complete-enumeration:32
261,L050,1//2,755//48,21,base_1;base_3;frontier_addition;inactive,5//1,875//48,0//1,875//48,1,complete-enumeration:32
261,L100,1//1,635//48,21,base_1;base_3;frontier_addition;inactive,5//1,875//48,0//1,875//48,1,complete-enumeration:32
261,L200,2//1,103//12,17;20,base_1;frontier_addition;inactive|base_3;frontier_addition;inactive,3//1,175//12,0//1,175//12,2,complete-enumeration:32
261,L400,4//1,491//96,16,frontier_addition;inactive,1//1,875//96,0//1,875//96,1,complete-enumeration:32
262,L0,0//1,13825//768,22;23;30;31,base_2;base_3;frontier_addition;inactive|base_1;base_2;base_3;frontier_addition;inactive|base_2;base_3;closure_carrier;frontier_addition;inactive|base_1;base_2;base_3;closure_carrier;frontier_addition;inactive,5//1;7//1;8//1;10//1,13825//768,0//1,13825//768,4,complete-enumeration:32
262,L025,1//4,12865//768,22,base_2;base_3;frontier_addition;inactive,5//1,13825//768,0//1,13825//768,1,complete-enumeration:32
262,L050,1//2,11905//768,22,base_2;base_3;frontier_addition;inactive,5//1,13825//768,0//1,13825//768,1,complete-enumeration:32
262,L100,1//1,9985//768,22,base_2;base_3;frontier_addition;inactive,5//1,13825//768,0//1,13825//768,1,complete-enumeration:32
262,L200,2//1,6767//768,18;20,base_2;frontier_addition;inactive|base_3;frontier_addition;inactive,3//1,11375//768,0//1,11375//768,2,complete-enumeration:32
262,L400,4//1,713//128,16,frontier_addition;inactive,1//1,1225//128,0//1,1225//128,1,complete-enumeration:32
263,L0,0//1,13717//1024,25;27;29;31,base_1;closure_carrier;frontier_addition;inactive|base_1;base_2;closure_carrier;frontier_addition;inactive|base_1;base_3;closure_carrier;frontier_addition;inactive|base_1;base_2;base_3;closure_carrier;frontier_addition;inactive,8//1;12//1;16//1,1575//128,1117//1024,13717//1024,4,complete-enumeration:32
263,L025,1//4,11669//1024,25,base_1;closure_carrier;frontier_addition;inactive,8//1,1575//128,1117//1024,13717//1024,1,complete-enumeration:32
263,L050,1//2,63637//6144,24,closure_carrier;frontier_addition;inactive,4//1,1925//192,4775//2048,75925//6144,1,complete-enumeration:32
263,L100,1//1,1733//192,16,frontier_addition;inactive,1//1,1925//192,0//1,1925//192,1,complete-enumeration:32
263,L200,2//1,1541//192,16,frontier_addition;inactive,1//1,1925//192,0//1,1925//192,1,complete-enumeration:32
263,L400,4//1,1157//192,16,frontier_addition;inactive,1//1,1925//192,0//1,1925//192,1,complete-enumeration:32
264,L0,0//1,9377//768,25;27;29;31,base_1;closure_carrier;frontier_addition;inactive|base_1;base_2;closure_carrier;frontier_addition;inactive|base_1;base_3;closure_carrier;frontier_addition;inactive|base_1;base_2;base_3;closure_carrier;frontier_addition;inactive,7//1;11//1;15//1,9275//768,17//128,9377//768,4,complete-enumeration:32
264,L025,1//4,8315//768,17,base_1;frontier_addition;inactive,5//1,9275//768,0//1,9275//768,1,complete-enumeration:32
264,L050,1//2,7355//768,17,base_1;frontier_addition;inactive,5//1,9275//768,0//1,9275//768,1,complete-enumeration:32
264,L100,1//1,1733//192,16,frontier_addition;inactive,1//1,1925//192,0//1,1925//192,1,complete-enumeration:32
264,L200,2//1,1541//192,16,frontier_addition;inactive,1//1,1925//192,0//1,1925//192,1,complete-enumeration:32
264,L400,4//1,1157//192,16,frontier_addition;inactive,1//1,1925//192,0//1,1925//192,1,complete-enumeration:32
265,L0,0//1,13577//768,30;31,base_2;base_3;closure_carrier;frontier_addition;inactive|base_1;base_2;base_3;closure_carrier;frontier_addition;inactive,8//1;10//1,13475//768,17//128,13577//768,2,complete-enumeration:32
265,L025,1//4,12515//768,22,base_2;base_3;frontier_addition;inactive,5//1,13475//768,0//1,13475//768,1,complete-enumeration:32
265,L050,1//2,11555//768,22,base_2;base_3;frontier_addition;inactive,5//1,13475//768,0//1,13475//768,1,complete-enumeration:32
265,L100,1//1,9635//768,22,base_2;base_3;frontier_addition;inactive,5//1,13475//768,0//1,13475//768,1,complete-enumeration:32
265,L200,2//1,3121//384,18;20,base_2;frontier_addition;inactive|base_3;frontier_addition;inactive,3//1,5425//384,0//1,5425//384,2,complete-enumeration:32
265,L400,4//1,1789//384,16,frontier_addition;inactive,1//1,3325//384,0//1,3325//384,1,complete-enumeration:32
266,L0,0//1,13825//768,21;23;29;31,base_1;base_3;frontier_addition;inactive|base_1;base_2;base_3;frontier_addition;inactive|base_1;base_3;closure_carrier;frontier_addition;inactive|base_1;base_2;base_3;closure_carrier;frontier_addition;inactive,5//1;7//1;9//1,13825//768,0//1,13825//768,4,complete-enumeration:32
266,L025,1//4,12865//768,21,base_1;base_3;frontier_addition;inactive,5//1,13825//768,0//1,13825//768,1,complete-enumeration:32
266,L050,1//2,11905//768,21,base_1;base_3;frontier_addition;inactive,5//1,13825//768,0//1,13825//768,1,complete-enumeration:32
266,L100,1//1,9985//768,21,base_1;base_3;frontier_addition;inactive,5//1,13825//768,0//1,13825//768,1,complete-enumeration:32
266,L200,2//1,2139//256,20,base_3;frontier_addition;inactive,3//1,3675//256,0//1,3675//256,1,complete-enumeration:32
266,L400,4//1,1789//384,16,frontier_addition;inactive,1//1,3325//384,0//1,3325//384,1,complete-enumeration:32
267,L0,0//1,7175//384,22;23;30;31,base_2;base_3;frontier_addition;inactive|base_1;base_2;base_3;frontier_addition;inactive|base_2;base_3;closure_carrier;frontier_addition;inactive|base_1;base_2;base_3;closure_carrier;frontier_addition;inactive,9//1;11//1;13//1;15//1,7175//384,0//1,7175//384,4,complete-enumeration:32
267,L025,1//4,6311//384,22,base_2;base_3;frontier_addition;inactive,9//1,7175//384,0//1,7175//384,1,complete-enumeration:32
267,L050,1//2,5447//384,22,base_2;base_3;frontier_addition;inactive,9//1,7175//384,0//1,7175//384,1,complete-enumeration:32
267,L100,1//1,7535//768,20,base_3;frontier_addition;inactive,5//1,11375//768,0//1,11375//768,1,complete-enumeration:32
267,L200,2//1,1763//256,16,frontier_addition;inactive,1//1,2275//256,0//1,2275//256,1,complete-enumeration:32
267,L400,4//1,1251//256,16,frontier_addition;inactive,1//1,2275//256,0//1,2275//256,1,complete-enumeration:32
268,L0,0//1,626177//49152,25;27;29;31,base_1;closure_carrier;frontier_addition;inactive|base_1;base_2;closure_carrier;frontier_addition;inactive|base_1;base_3;closure_carrier;frontier_addition;inactive|base_1;base_2;base_3;closure_carrier;frontier_addition;inactive,7//1;11//1;15//1,9275//768,10859//16384,626177//49152,4,complete-enumeration:32
268,L025,1//4,540161//49152,25,base_1;closure_carrier;frontier_addition;inactive,7//1,9275//768,10859//16384,626177//49152,1,complete-enumeration:32
268,L050,1//2,951709//98304,24,closure_carrier;frontier_addition;inactive,3//1,1925//192,37855//32768,1099165//98304,1,complete-enumeration:32
268,L100,1//1,1733//192,16,frontier_addition;inactive,1//1,1925//192,0//1,1925//192,1,complete-enumeration:32
268,L200,2//1,1541//192,16,frontier_addition;inactive,1//1,1925//192,0//1,1925//192,1,complete-enumeration:32
268,L400,4//1,1157//192,16,frontier_addition;inactive,1//1,1925//192,0//1,1925//192,1,complete-enumeration:32
269,L0,0//1,875//48,21;23;29;31,base_1;base_3;frontier_addition;inactive|base_1;base_2;base_3;frontier_addition;inactive|base_1;base_3;closure_carrier;frontier_addition;inactive|base_1;base_2;base_3;closure_carrier;frontier_addition;inactive,9//1;12//1;13//1;16//1,875//48,0//1,875//48,4,complete-enumeration:32
269,L025,1//4,767//48,21,base_1;base_3;frontier_addition;inactive,9//1,875//48,0//1,875//48,1,complete-enumeration:32
269,L050,1//2,659//48,21,base_1;base_3;frontier_addition;inactive,9//1,875//48,0//1,875//48,1,complete-enumeration:32
269,L100,1//1,115//12,17;20,base_1;frontier_addition;inactive|base_3;frontier_addition;inactive,5//1,175//12,0//1,175//12,2,complete-enumeration:32
269,L200,2//1,683//96,16,frontier_addition;inactive,1//1,875//96,0//1,875//96,1,complete-enumeration:32
269,L400,4//1,491//96,16,frontier_addition;inactive,1//1,875//96,0//1,875//96,1,complete-enumeration:32
270,L0,0//1,252913//12288,29;31,base_1;base_3;closure_carrier;frontier_addition;inactive|base_1;base_2;base_3;closure_carrier;frontier_addition;inactive,12//1;16//1,7175//384,7771//4096,252913//12288,2,complete-enumeration:32
270,L025,1//4,216049//12288,29,base_1;base_3;closure_carrier;frontier_addition;inactive,12//1,7175//384,7771//4096,252913//12288,1,complete-enumeration:32
270,L050,1//2,61207//4096,28,base_3;closure_carrier;frontier_addition;inactive,8//1,1925//128,15991//4096,77591//4096,1,complete-enumeration:32
270,L100,1//1,608609//49152,24,closure_carrier;frontier_addition;inactive,4//1,7175//768,115339//16384,805217//49152,1,complete-enumeration:32
270,L200,2//1,412001//49152,24,closure_carrier;frontier_addition;inactive,4//1,7175//768,115339//16384,805217//49152,1,complete-enumeration:32
270,L400,4//1,4103//768,16,frontier_addition;inactive,1//1,7175//768,0//1,7175//768,1,complete-enumeration:32
271,L0,0//1,80121//4096,30;31,base_2;base_3;closure_carrier;frontier_addition;inactive|base_1;base_2;base_3;closure_carrier;frontier_addition;inactive,12//1;16//1,4725//256,4521//4096,80121//4096,2,complete-enumeration:32
271,L025,1//4,67833//4096,30,base_2;base_3;closure_carrier;frontier_addition;inactive,12//1,4725//256,4521//4096,80121//4096,1,complete-enumeration:32
271,L050,1//2,916951//65536,26,base_2;closure_carrier;frontier_addition;inactive,8//1,1925//128,193495//65536,1179095//65536,1,complete-enumeration:32
271,L100,1//1,188885//16384,24,closure_carrier;frontier_addition;inactive,4//1,1225//128,97621//16384,254421//16384,1,complete-enumeration:32
271,L200,2//1,123349//16384,24,closure_carrier;frontier_addition;inactive,4//1,1225//128,97621//16384,254421//16384,1,complete-enumeration:32
271,L400,4//1,4103//768,16,frontier_addition;inactive,1//1,7175//768,0//1,7175//768,1,complete-enumeration:32
272,L0,0//1,2975//256,17;19;21;23;25;27;29;31,base_1;frontier_addition;inactive|base_1;base_2;frontier_addition;inactive|base_1;base_3;frontier_addition;inactive|base_1;base_2;base_3;frontier_addition;inactive|base_1;closure_carrier;frontier_addition;inactive|base_1;base_2;closure_carrier;frontier_addition;inactive|base_1;base_3;closure_carrier;frontier_addition;inactive|base_1;base_2;base_3;closure_carrier;frontier_addition;inactive,5//1;8//1;9//1;12//1;13//1;16//1,2975//256,0//1,2975//256,8,complete-enumeration:32
272,L025,1//4,2655//256,17,base_1;frontier_addition;inactive,5//1,2975//256,0//1,2975//256,1,complete-enumeration:32
272,L050,1//2,1829//192,16,frontier_addition;inactive,1//1,1925//192,0//1,1925//192,1,complete-enumeration:32
272,L100,1//1,1733//192,16,frontier_addition;inactive,1//1,1925//192,0//1,1925//192,1,complete-enumeration:32
272,L200,2//1,1541//192,16,frontier_addition;inactive,1//1,1925//192,0//1,1925//192,1,complete-enumeration:32
272,L400,4//1,1157//192,16,frontier_addition;inactive,1//1,1925//192,0//1,1925//192,1,complete-enumeration:32
273,L0,0//1,1751//96,30;31,base_2;base_3;closure_carrier;frontier_addition;inactive|base_1;base_2;base_3;closure_carrier;frontier_addition;inactive,8//1;10//1,13825//768,61//256,1751//96,2,complete-enumeration:32
273,L025,1//4,12865//768,22,base_2;base_3;frontier_addition;inactive,5//1,13825//768,0//1,13825//768,1,complete-enumeration:32
273,L050,1//2,11905//768,22,base_2;base_3;frontier_addition;inactive,5//1,13825//768,0//1,13825//768,1,complete-enumeration:32
273,L100,1//1,9985//768,22,base_2;base_3;frontier_addition;inactive,5//1,13825//768,0//1,13825//768,1,complete-enumeration:32
273,L200,2//1,2139//256,20,base_3;frontier_addition;inactive,3//1,3675//256,0//1,3675//256,1,complete-enumeration:32
273,L400,4//1,4103//768,16,frontier_addition;inactive,1//1,7175//768,0//1,7175//768,1,complete-enumeration:32
274,L0,0//1,4375//384,17;19;21;23;25;27;29;31,base_1;frontier_addition;inactive|base_1;base_2;frontier_addition;inactive|base_1;base_3;frontier_addition;inactive|base_1;base_2;base_3;frontier_addition;inactive|base_1;closure_carrier;frontier_addition;inactive|base_1;base_2;closure_carrier;frontier_addition;inactive|base_1;base_3;closure_carrier;frontier_addition;inactive|base_1;base_2;base_3;closure_carrier;frontier_addition;inactive,5//1;8//1;9//1;12//1;13//1;16//1,4375//384,0//1,4375//384,8,complete-enumeration:32
274,L025,1//4,3895//384,17,base_1;frontier_addition;inactive,5//1,4375//384,0//1,4375//384,1,complete-enumeration:32
274,L050,1//2,1829//192,16,frontier_addition;inactive,1//1,1925//192,0//1,1925//192,1,complete-enumeration:32
274,L100,1//1,1733//192,16,frontier_addition;inactive,1//1,1925//192,0//1,1925//192,1,complete-enumeration:32
274,L200,2//1,1541//192,16,frontier_addition;inactive,1//1,1925//192,0//1,1925//192,1,complete-enumeration:32
274,L400,4//1,1157//192,16,frontier_addition;inactive,1//1,1925//192,0//1,1925//192,1,complete-enumeration:32
275,L0,0//1,875//48,22;23;30;31,base_2;base_3;frontier_addition;inactive|base_1;base_2;base_3;frontier_addition;inactive|base_2;base_3;closure_carrier;frontier_addition;inactive|base_1;base_2;base_3;closure_carrier;frontier_addition;inactive,9//1;11//1;13//1;15//1,875//48,0//1,875//48,4,complete-enumeration:32
275,L025,1//4,767//48,22,base_2;base_3;frontier_addition;inactive,9//1,875//48,0//1,875//48,1,complete-enumeration:32
275,L050,1//2,659//48,22,base_2;base_3;frontier_addition;inactive,9//1,875//48,0//1,875//48,1,complete-enumeration:32
275,L100,1//1,115//12,18;20,base_2;frontier_addition;inactive|base_3;frontier_addition;inactive,5//1,175//12,0//1,175//12,2,complete-enumeration:32
275,L200,2//1,683//96,16,frontier_addition;inactive,1//1,875//96,0//1,875//96,1,complete-enumeration:32
275,L400,4//1,491//96,16,frontier_addition;inactive,1//1,875//96,0//1,875//96,1,complete-enumeration:32
276,L0,0//1,466247//24576,30;31,base_2;base_3;closure_carrier;frontier_addition;inactive|base_1;base_2;base_3;closure_carrier;frontier_addition;inactive,11//1;15//1,14525//768,1447//24576,466247//24576,2,complete-enumeration:32
276,L025,1//4,12797//768,22,base_2;base_3;frontier_addition;inactive,9//1,14525//768,0//1,14525//768,1,complete-enumeration:32
276,L050,1//2,11069//768,22,base_2;base_3;frontier_addition;inactive,9//1,14525//768,0//1,14525//768,1,complete-enumeration:32
276,L100,1//1,1285//128,18;20,base_2;frontier_addition;inactive|base_3;frontier_addition;inactive,5//1,1925//128,0//1,1925//128,2,complete-enumeration:32
276,L200,2//1,5639//768,16,frontier_addition;inactive,1//1,7175//768,0//1,7175//768,1,complete-enumeration:32
276,L400,4//1,4103//768,16,frontier_addition;inactive,1//1,7175//768,0//1,7175//768,1,complete-enumeration:32
277,L0,0//1,288091//24576,25;27;29;31,base_1;closure_carrier;frontier_addition;inactive|base_1;base_2;closure_carrier;frontier_addition;inactive|base_1;base_3;closure_carrier;frontier_addition;inactive|base_1;base_2;base_3;closure_carrier;frontier_addition;inactive,8//1;12//1;16//1,2975//256,2491//24576,288091//24576,4,complete-enumeration:32
277,L025,1//4,2655//256,17,base_1;frontier_addition;inactive,5//1,2975//256,0//1,2975//256,1,complete-enumeration:32
277,L050,1//2,1829//192,16,frontier_addition;inactive,1//1,1925//192,0//1,1925//192,1,complete-enumeration:32
277,L100,1//1,1733//192,16,frontier_addition;inactive,1//1,1925//192,0//1,1925//192,1,complete-enumeration:32
277,L200,2//1,1541//192,16,frontier_addition;inactive,1//1,1925//192,0//1,1925//192,1,complete-enumeration:32
277,L400,4//1,1157//192,16,frontier_addition;inactive,1//1,1925//192,0//1,1925//192,1,complete-enumeration:32
278,L0,0//1,4725//256,22;23;30;31,base_2;base_3;frontier_addition;inactive|base_1;base_2;base_3;frontier_addition;inactive|base_2;base_3;closure_carrier;frontier_addition;inactive|base_1;base_2;base_3;closure_carrier;frontier_addition;inactive,5//1;7//1;8//1;10//1,4725//256,0//1,4725//256,4,complete-enumeration:32
278,L025,1//4,4405//256,22,base_2;base_3;frontier_addition;inactive,5//1,4725//256,0//1,4725//256,1,complete-enumeration:32
278,L050,1//2,4085//256,22,base_2;base_3;frontier_addition;inactive,5//1,4725//256,0//1,4725//256,1,complete-enumeration:32
278,L100,1//1,3445//256,22,base_2;base_3;frontier_addition;inactive,5//1,4725//256,0//1,4725//256,1,complete-enumeration:32
278,L200,2//1,6767//768,18,base_2;frontier_addition;inactive,3//1,11375//768,0//1,11375//768,1,complete-enumeration:32
278,L400,4//1,491//96,16,frontier_addition;inactive,1//1,875//96,0//1,875//96,1,complete-enumeration:32
279,L0,0//1,450491//24576,29;31,base_1;base_3;closure_carrier;frontier_addition;inactive|base_1;base_2;base_3;closure_carrier;frontier_addition;inactive,8//1;10//1,875//48,2491//24576,450491//24576,2,complete-enumeration:32
279,L025,1//4,815//48,21,base_1;base_3;frontier_addition;inactive,5//1,875//48,0//1,875//48,1,complete-enumeration:32
279,L050,1//2,755//48,21,base_1;base_3;frontier_addition;inactive,5//1,875//48,0//1,875//48,1,complete-enumeration:32
279,L100,1//1,635//48,21,base_1;base_3;frontier_addition;inactive,5//1,875//48,0//1,875//48,1,complete-enumeration:32
279,L200,2//1,103//12,17,base_1;frontier_addition;inactive,3//1,175//12,0//1,175//12,1,complete-enumeration:32
279,L400,4//1,491//96,16,frontier_addition;inactive,1//1,875//96,0//1,875//96,1,complete-enumeration:32
280,L0,0//1,42713//2048,30;31,base_2;base_3;closure_carrier;frontier_addition;inactive|base_1;base_2;base_3;closure_carrier;frontier_addition;inactive,8//1;10//1,4725//256,4913//2048,42713//2048,2,complete-enumeration:32
280,L025,1//4,38617//2048,30,base_2;base_3;closure_carrier;frontier_addition;inactive,8//1,4725//256,4913//2048,42713//2048,1,complete-enumeration:32
280,L050,1//2,34521//2048,30,base_2;base_3;closure_carrier;frontier_addition;inactive,8//1,4725//256,4913//2048,42713//2048,1,complete-enumeration:32
280,L100,1//1,3445//256,22,base_2;base_3;frontier_addition;inactive,5//1,4725//256,0//1,4725//256,1,complete-enumeration:32
280,L200,2//1,7117//768,18,base_2;frontier_addition;inactive,3//1,11725//768,0//1,11725//768,1,complete-enumeration:32
280,L400,4//1,4453//768,16,frontier_addition;inactive,1//1,7525//768,0//1,7525//768,1,complete-enumeration:32
281,L0,0//1,875//48,21;23;29;31,base_1;base_3;frontier_addition;inactive|base_1;base_2;base_3;frontier_addition;inactive|base_1;base_3;closure_carrier;frontier_addition;inactive|base_1;base_2;base_3;closure_carrier;frontier_addition;inactive,5//1;7//1;8//1;10//1,875//48,0//1,875//48,4,complete-enumeration:32
281,L025,1//4,815//48,21,base_1;base_3;frontier_addition;inactive,5//1,875//48,0//1,875//48,1,complete-enumeration:32
281,L050,1//2,755//48,21,base_1;base_3;frontier_addition;inactive,5//1,875//48,0//1,875//48,1,complete-enumeration:32
281,L100,1//1,635//48,21,base_1;base_3;frontier_addition;inactive,5//1,875//48,0//1,875//48,1,complete-enumeration:32
281,L200,2//1,6767//768,20,base_3;frontier_addition;inactive,3//1,11375//768,0//1,11375//768,1,complete-enumeration:32
281,L400,4//1,1251//256,16,frontier_addition;inactive,1//1,2275//256,0//1,2275//256,1,complete-enumeration:32
282,L0,0//1,193573//12288,25;27;29;31,base_1;closure_carrier;frontier_addition;inactive|base_1;base_2;closure_carrier;frontier_addition;inactive|base_1;base_3;closure_carrier;frontier_addition;inactive|base_1;base_2;base_3;closure_carrier;frontier_addition;inactive,5//1;7//1;9//1,2275//192,15991//4096,193573//12288,4,complete-enumeration:32
282,L025,1//4,178213//12288,25,base_1;closure_carrier;frontier_addition;inactive,5//1,2275//192,15991//4096,193573//12288,1,complete-enumeration:32
282,L050,1//2,165071//12288,24,closure_carrier;frontier_addition;inactive,3//1,1925//192,20101//4096,183503//12288,1,complete-enumeration:32
282,L100,1//1,146639//12288,24,closure_carrier;frontier_addition;inactive,3//1,1925//192,20101//4096,183503//12288,1,complete-enumeration:32
282,L200,2//1,109775//12288,24,closure_carrier;frontier_addition;inactive,3//1,1925//192,20101//4096,183503//12288,1,complete-enumeration:32
282,L400,4//1,1157//192,16,frontier_addition;inactive,1//1,1925//192,0//1,1925//192,1,complete-enumeration:32
283,L0,0//1,13475//768,22;23;30;31,base_2;base_3;frontier_addition;inactive|base_1;base_2;base_3;frontier_addition;inactive|base_2;base_3;closure_carrier;frontier_addition;inactive|base_1;base_2;base_3;closure_carrier;frontier_addition;inactive,5//1;7//1;9//1,13475//768,0//1,13475//768,4,complete-enumeration:32
283,L025,1//4,12515//768,22,base_2;base_3;frontier_addition;inactive,5//1,13475//768,0//1,13475//768,1,complete-enumeration:32
283,L050,1//2,11555//768,22,base_2;base_3;frontier_addition;inactive,5//1,13475//768,0//1,13475//768,1,complete-enumeration:32
283,L100,1//1,9635//768,22,base_2;base_3;frontier_addition;inactive,5//1,13475//768,0//1,13475//768,1,complete-enumeration:32
283,L200,2//1,3121//384,18,base_2;frontier_addition;inactive,3//1,5425//384,0//1,5425//384,1,complete-enumeration:32
283,L400,4//1,1789//384,16,frontier_addition;inactive,1//1,3325//384,0//1,3325//384,1,complete-enumeration:32
284,L0,0//1,299149//16384,29;31,base_1;base_3;closure_carrier;frontier_addition;inactive|base_1;base_2;base_3;closure_carrier;frontier_addition;inactive,11//1;15//1,875//48,1447//49152,299149//16384,2,complete-enumeration:32
284,L025,1//4,767//48,21,base_1;base_3;frontier_addition;inactive,9//1,875//48,0//1,875//48,1,complete-enumeration:32
284,L050,1//2,659//48,21,base_1;base_3;frontier_addition;inactive,9//1,875//48,0//1,875//48,1,complete-enumeration:32
284,L100,1//1,7535//768,20,base_3;frontier_addition;inactive,5//1,11375//768,0//1,11375//768,1,complete-enumeration:32
284,L200,2//1,683//96,16,frontier_addition;inactive,1//1,875//96,0//1,875//96,1,complete-enumeration:32
284,L400,4//1,491//96,16,frontier_addition;inactive,1//1,875//96,0//1,875//96,1,complete-enumeration:32
285,L0,0//1,875//48,22;23;30;31,base_2;base_3;frontier_addition;inactive|base_1;base_2;base_3;frontier_addition;inactive|base_2;base_3;closure_carrier;frontier_addition;inactive|base_1;base_2;base_3;closure_carrier;frontier_addition;inactive,5//1;7//1;9//1,875//48,0//1,875//48,4,complete-enumeration:32
285,L025,1//4,815//48,22,base_2;base_3;frontier_addition;inactive,5//1,875//48,0//1,875//48,1,complete-enumeration:32
285,L050,1//2,755//48,22,base_2;base_3;frontier_addition;inactive,5//1,875//48,0//1,875//48,1,complete-enumeration:32
285,L100,1//1,635//48,22,base_2;base_3;frontier_addition;inactive,5//1,875//48,0//1,875//48,1,complete-enumeration:32
285,L200,2//1,6767//768,18,base_2;frontier_addition;inactive,3//1,11375//768,0//1,11375//768,1,complete-enumeration:32
285,L400,4//1,491//96,16,frontier_addition;inactive,1//1,875//96,0//1,875//96,1,complete-enumeration:32
286,L0,0//1,53135//4096,25;27;29;31,base_1;closure_carrier;frontier_addition;inactive|base_1;base_2;closure_carrier;frontier_addition;inactive|base_1;base_3;closure_carrier;frontier_addition;inactive|base_1;base_2;base_3;closure_carrier;frontier_addition;inactive,7//1;11//1;15//1,1575//128,2735//4096,53135//4096,4,complete-enumeration:32
286,L025,1//4,45967//4096,25,base_1;closure_carrier;frontier_addition;inactive,7//1,1575//128,2735//4096,53135//4096,1,complete-enumeration:32
286,L050,1//2,495601//49152,24,closure_carrier;frontier_addition;inactive,3//1,4025//384,18043//16384,569329//49152,1,complete-enumeration:32
286,L100,1//1,3641//384,16,frontier_addition;inactive,1//1,4025//384,0//1,4025//384,1,complete-enumeration:32
286,L200,2//1,3257//384,16,frontier_addition;inactive,1//1,4025//384,0//1,4025//384,1,complete-enumeration:32
286,L400,4//1,2489//384,16,frontier_addition;inactive,1//1,4025//384,0//1,4025//384,1,complete-enumeration:32
287,L0,0//1,2975//256,17;19;21;23;25;27;29;31,base_1;frontier_addition;inactive|base_1;base_2;frontier_addition;inactive|base_1;base_3;frontier_addition;inactive|base_1;base_2;base_3;frontier_addition;inactive|base_1;closure_carrier;frontier_addition;inactive|base_1;base_2;closure_carrier;frontier_addition;inactive|base_1;base_3;closure_carrier;frontier_addition;inactive|base_1;base_2;base_3;closure_carrier;frontier_addition;inactive,3//1;5//1;7//1;9//1,2975//256,0//1,2975//256,8,complete-enumeration:32
287,L025,1//4,2783//256,17,base_1;frontier_addition;inactive,3//1,2975//256,0//1,2975//256,1,complete-enumeration:32
287,L050,1//2,2591//256,17,base_1;frontier_addition;inactive,3//1,2975//256,0//1,2975//256,1,complete-enumeration:32
287,L100,1//1,1733//192,16,frontier_addition;inactive,1//1,1925//192,0//1,1925//192,1,complete-enumeration:32
287,L200,2//1,1541//192,16,frontier_addition;inactive,1//1,1925//192,0//1,1925//192,1,complete-enumeration:32
287,L400,4//1,1157//192,16,frontier_addition;inactive,1//1,1925//192,0//1,1925//192,1,complete-enumeration:32
288,L0,0//1,3719707//196608,29;31,base_1;base_3;closure_carrier;frontier_addition;inactive|base_1;base_2;base_3;closure_carrier;frontier_addition;inactive,11//1;15//1,875//48,135707//196608,3719707//196608,2,complete-enumeration:32
288,L025,1//4,3179035//196608,29,base_1;base_3;closure_carrier;frontier_addition;inactive,11//1,875//48,135707//196608,3719707//196608,1,complete-enumeration:32
288,L050,1//2,659//48,21,base_1;base_3;frontier_addition;inactive,9//1,875//48,0//1,875//48,1,complete-enumeration:32
288,L100,1//1,2321237//196608,24,closure_carrier;frontier_addition;inactive,3//1,7175//768,358087//65536,2911061//196608,1,complete-enumeration:32
288,L200,2//1,1731413//196608,24,closure_carrier;frontier_addition;inactive,3//1,7175//768,358087//65536,2911061//196608,1,complete-enumeration:32
288,L400,4//1,4103//768,16,frontier_addition;inactive,1//1,7175//768,0//1,7175//768,1,complete-enumeration:32
289,L0,0//1,30113//2048,25;27;29;31,base_1;closure_carrier;frontier_addition;inactive|base_1;base_2;closure_carrier;frontier_addition;inactive|base_1;base_3;closure_carrier;frontier_addition;inactive|base_1;base_2;base_3;closure_carrier;frontier_addition;inactive,8//1;12//1;16//1,1575//128,4913//2048,30113//2048,4,complete-enumeration:32
289,L025,1//4,209415//16384,24,closure_carrier;frontier_addition;inactive,4//1,2625//256,57799//16384,225799//16384,1,complete-enumeration:32
289,L050,1//2,193031//16384,24,closure_carrier;frontier_addition;inactive,4//1,2625//256,57799//16384,225799//16384,1,complete-enumeration:32
289,L100,1//1,160263//16384,24,closure_carrier;frontier_addition;inactive,4//1,2625//256,57799//16384,225799//16384,1,complete-enumeration:32
289,L200,2//1,2113//256,16,frontier_addition;inactive,1//1,2625//256,0//1,2625//256,1,complete-enumeration:32
289,L400,4//1,1601//256,16,frontier_addition;inactive,1//1,2625//256,0//1,2625//256,1,complete-enumeration:32
290,L0,0//1,4813//256,30;31,base_2;base_3;closure_carrier;frontier_addition;inactive|base_1;base_2;base_3;closure_carrier;frontier_addition;inactive,12//1;16//1,4725//256,11//32,4813//256,2,complete-enumeration:32
290,L025,1//4,4149//256,22,base_2;base_3;frontier_addition;inactive,9//1,4725//256,0//1,4725//256,1,complete-enumeration:32
290,L050,1//2,3573//256,22,base_2;base_3;frontier_addition;inactive,9//1,4725//256,0//1,4725//256,1,complete-enumeration:32
290,L100,1//1,7535//768,18,base_2;frontier_addition;inactive,5//1,11375//768,0//1,11375//768,1,complete-enumeration:32
290,L200,2//1,5639//768,16,frontier_addition;inactive,1//1,7175//768,0//1,7175//768,1,complete-enumeration:32
290,L400,4//1,4103//768,16,frontier_addition;inactive,1//1,7175//768,0//1,7175//768,1,complete-enumeration:32
291,L0,0//1,168913//12288,25;27;29;31,base_1;closure_carrier;frontier_addition;inactive|base_1;base_2;closure_carrier;frontier_addition;inactive|base_1;base_3;closure_carrier;frontier_addition;inactive|base_1;base_2;base_3;closure_carrier;frontier_addition;inactive,7//1;11//1;15//1,2275//192,7771//4096,168913//12288,4,complete-enumeration:32
291,L025,1//4,149627//12288,24,closure_carrier;frontier_addition;inactive,3//1,1925//192,11881//4096,158843//12288,1,complete-enumeration:32
291,L050,1//2,140411//12288,24,closure_carrier;frontier_addition;inactive,3//1,1925//192,11881//4096,158843//12288,1,complete-enumeration:32
291,L100,1//1,121979//12288,24,closure_carrier;frontier_addition;inactive,3//1,1925//192,11881//4096,158843//12288,1,complete-enumeration:32
291,L200,2//1,1541//192,16,frontier_addition;inactive,1//1,1925//192,0//1,1925//192,1,complete-enumeration:32
291,L400,4//1,1157//192,16,frontier_addition;inactive,1//1,1925//192,0//1,1925//192,1,complete-enumeration:32
292,L0,0//1,4725//256,22;23;30;31,base_2;base_3;frontier_addition;inactive|base_1;base_2;base_3;frontier_addition;inactive|base_2;base_3;closure_carrier;frontier_addition;inactive|base_1;base_2;base_3;closure_carrier;frontier_addition;inactive,5//1;7//1;9//1,4725//256,0//1,4725//256,4,complete-enumeration:32
292,L025,1//4,4405//256,22,base_2;base_3;frontier_addition;inactive,5//1,4725//256,0//1,4725//256,1,complete-enumeration:32
292,L050,1//2,4085//256,22,base_2;base_3;frontier_addition;inactive,5//1,4725//256,0//1,4725//256,1,complete-enumeration:32
292,L100,1//1,3445//256,22,base_2;base_3;frontier_addition;inactive,5//1,4725//256,0//1,4725//256,1,complete-enumeration:32
292,L200,2//1,1157//128,18,base_2;frontier_addition;inactive,3//1,1925//128,0//1,1925//128,1,complete-enumeration:32
292,L400,4//1,713//128,16,frontier_addition;inactive,1//1,1225//128,0//1,1225//128,1,complete-enumeration:32
293,L0,0//1,1575//128,17;19;21;23;25;27;29;31,base_1;frontier_addition;inactive|base_1;base_2;frontier_addition;inactive|base_1;base_3;frontier_addition;inactive|base_1;base_2;base_3;frontier_addition;inactive|base_1;closure_carrier;frontier_addition;inactive|base_1;base_2;closure_carrier;frontier_addition;inactive|base_1;base_3;closure_carrier;frontier_addition;inactive|base_1;base_2;base_3;closure_carrier;frontier_addition;inactive,3//1;5//1;7//1;9//1,1575//128,0//1,1575//128,8,complete-enumeration:32
293,L025,1//4,1479//128,17,base_1;frontier_addition;inactive,3//1,1575//128,0//1,1575//128,1,complete-enumeration:32
293,L050,1//2,1383//128,17,base_1;frontier_addition;inactive,3//1,1575//128,0//1,1575//128,1,complete-enumeration:32
293,L100,1//1,7457//768,16,frontier_addition;inactive,1//1,8225//768,0//1,8225//768,1,complete-enumeration:32
293,L200,2//1,6689//768,16,frontier_addition;inactive,1//1,8225//768,0//1,8225//768,1,complete-enumeration:32
293,L400,4//1,5153//768,16,frontier_addition;inactive,1//1,8225//768,0//1,8225//768,1,complete-enumeration:32
294,L0,0//1,875//48,22;23;30;31,base_2;base_3;frontier_addition;inactive|base_1;base_2;base_3;frontier_addition;inactive|base_2;base_3;closure_carrier;frontier_addition;inactive|base_1;base_2;base_3;closure_carrier;frontier_addition;inactive,5//1;7//1;8//1;10//1,875//48,0//1,875//48,4,complete-enumeration:32
294,L025,1//4,815//48,22,base_2;base_3;frontier_addition;inactive,5//1,875//48,0//1,875//48,1,complete-enumeration:32
294,L050,1//2,755//48,22,base_2;base_3;frontier_addition;inactive,5//1,875//48,0//1,875//48,1,complete-enumeration:32
294,L100,1//1,635//48,22,base_2;base_3;frontier_addition;inactive,5//1,875//48,0//1,875//48,1,complete-enumeration:32
294,L200,2//1,6767//768,20,base_3;frontier_addition;inactive,3//1,11375//768,0//1,11375//768,1,complete-enumeration:32
294,L400,4//1,4103//768,16,frontier_addition;inactive,1//1,7175//768,0//1,7175//768,1,complete-enumeration:32
295,L0,0//1,3009//256,25;27;29;31,base_1;closure_carrier;frontier_addition;inactive|base_1;base_2;closure_carrier;frontier_addition;inactive|base_1;base_3;closure_carrier;frontier_addition;inactive|base_1;base_2;base_3;closure_carrier;frontier_addition;inactive,6//1;8//1;10//1,2975//256,17//128,3009//256,4,complete-enumeration:32
295,L025,1//4,2783//256,17,base_1;frontier_addition;inactive,3//1,2975//256,0//1,2975//256,1,complete-enumeration:32
295,L050,1//2,2591//256,17,base_1;frontier_addition;inactive,3//1,2975//256,0//1,2975//256,1,complete-enumeration:32
295,L100,1//1,143//16,1,base_1;inactive,2//1,175//16,0//1,175//16,1,complete-enumeration:32
295,L200,2//1,5639//768,16,frontier_addition;inactive,1//1,7175//768,0//1,7175//768,1,complete-enumeration:32
295,L400,4//1,4103//768,16,frontier_addition;inactive,1//1,7175//768,0//1,7175//768,1,complete-enumeration:32
296,L0,0//1,1923//128,25;27;29;31,base_1;closure_carrier;frontier_addition;inactive|base_1;base_2;closure_carrier;frontier_addition;inactive|base_1;base_3;closure_carrier;frontier_addition;inactive|base_1;base_2;base_3;closure_carrier;frontier_addition;inactive,6//1;8//1;10//1,2975//256,871//256,1923//128,4,complete-enumeration:32
296,L025,1//4,1731//128,25,base_1;closure_carrier;frontier_addition;inactive,6//1,2975//256,871//256,1923//128,1,complete-enumeration:32
296,L050,1//2,101653//8192,24,closure_carrier;frontier_addition;inactive,4//1,2625//256,34037//8192,118037//8192,1,complete-enumeration:32
296,L100,1//1,85269//8192,24,closure_carrier;frontier_addition;inactive,4//1,2625//256,34037//8192,118037//8192,1,complete-enumeration:32
296,L200,2//1,2113//256,16,frontier_addition;inactive,1//1,2625//256,0//1,2625//256,1,complete-enumeration:32
296,L400,4//1,1601//256,16,frontier_addition;inactive,1//1,2625//256,0//1,2625//256,1,complete-enumeration:32
297,L0,0//1,151267//12288,25;27;29;31,base_1;closure_carrier;frontier_addition;inactive|base_1;base_2;closure_carrier;frontier_addition;inactive|base_1;base_3;closure_carrier;frontier_addition;inactive|base_1;base_2;base_3;closure_carrier;frontier_addition;inactive,7//1;11//1;15//1,9275//768,2867//12288,151267//12288,4,complete-enumeration:32
297,L025,1//4,8315//768,17,base_1;frontier_addition;inactive,5//1,9275//768,0//1,9275//768,1,complete-enumeration:32
297,L050,1//2,59207//6144,24,closure_carrier;frontier_addition;inactive,3//1,7525//768,2741//2048,68423//6144,1,complete-enumeration:32
297,L100,1//1,6757//768,16,frontier_addition;inactive,1//1,7525//768,0//1,7525//768,1,complete-enumeration:32
297,L200,2//1,5989//768,16,frontier_addition;inactive,1//1,7525//768,0//1,7525//768,1,complete-enumeration:32
297,L400,4//1,4453//768,16,frontier_addition;inactive,1//1,7525//768,0//1,7525//768,1,complete-enumeration:32
298,L0,0//1,2975//256,17;19;21;23;25;27;29;31,base_1;frontier_addition;inactive|base_1;base_2;frontier_addition;inactive|base_1;base_3;frontier_addition;inactive|base_1;base_2;base_3;frontier_addition;inactive|base_1;closure_carrier;frontier_addition;inactive|base_1;base_2;closure_carrier;frontier_addition;inactive|base_1;base_3;closure_carrier;frontier_addition;inactive|base_1;base_2;base_3;closure_carrier;frontier_addition;inactive,5//1;7//1;9//1;11//1;13//1;15//1,2975//256,0//1,2975//256,8,complete-enumeration:32
298,L025,1//4,2655//256,17,base_1;frontier_addition;inactive,5//1,2975//256,0//1,2975//256,1,complete-enumeration:32
298,L050,1//2,2335//256,17,base_1;frontier_addition;inactive,5//1,2975//256,0//1,2975//256,1,complete-enumeration:32
298,L100,1//1,1097//128,16,frontier_addition;inactive,1//1,1225//128,0//1,1225//128,1,complete-enumeration:32
298,L200,2//1,969//128,16,frontier_addition;inactive,1//1,1225//128,0//1,1225//128,1,complete-enumeration:32
298,L400,4//1,713//128,16,frontier_addition;inactive,1//1,1225//128,0//1,1225//128,1,complete-enumeration:32
299,L0,0//1,7175//384,19;23;27;31,base_1;base_2;frontier_addition;inactive|base_1;base_2;base_3;frontier_addition;inactive|base_1;base_2;closure_carrier;frontier_addition;inactive|base_1;base_2;base_3;closure_carrier;frontier_addition;inactive,9//1;11//1;13//1;15//1,7175//384,0//1,7175//384,4,complete-enumeration:32
299,L025,1//4,6311//384,19,base_1;base_2;frontier_addition;inactive,9//1,7175//384,0//1,7175//384,1,complete-enumeration:32
299,L050,1//2,5447//384,19,base_1;base_2;frontier_addition;inactive,9//1,7175//384,0//1,7175//384,1,complete-enumeration:32
299,L100,1//1,1285//128,18,base_2;frontier_addition;inactive,5//1,1925//128,0//1,1925//128,1,complete-enumeration:32
299,L200,2//1,969//128,16,frontier_addition;inactive,1//1,1225//128,0//1,1225//128,1,complete-enumeration:32
299,L400,4//1,713//128,16,frontier_addition;inactive,1//1,1225//128,0//1,1225//128,1,complete-enumeration:32
300,L0,0//1,4375//384,17;19;21;23;25;27;29;31,base_1;frontier_addition;inactive|base_1;base_2;frontier_addition;inactive|base_1;base_3;frontier_addition;inactive|base_1;base_2;base_3;frontier_addition;inactive|base_1;closure_carrier;frontier_addition;inactive|base_1;base_2;closure_carrier;frontier_addition;inactive|base_1;base_3;closure_carrier;frontier_addition;inactive|base_1;base_2;base_3;closure_carrier;frontier_addition;inactive,5//1;7//1;9//1;11//1;13//1;15//1,4375//384,0//1,4375//384,8,complete-enumeration:32
300,L025,1//4,3895//384,17,base_1;frontier_addition;inactive,5//1,4375//384,0//1,4375//384,1,complete-enumeration:32
300,L050,1//2,143//16,1,base_1;inactive,4//1,175//16,0//1,175//16,1,complete-enumeration:32
300,L100,1//1,6407//768,16,frontier_addition;inactive,1//1,7175//768,0//1,7175//768,1,complete-enumeration:32
300,L200,2//1,5639//768,16,frontier_addition;inactive,1//1,7175//768,0//1,7175//768,1,complete-enumeration:32
300,L400,4//1,4103//768,16,frontier_addition;inactive,1//1,7175//768,0//1,7175//768,1,complete-enumeration:32
301,L0,0//1,59351//3072,27;31,base_1;base_2;closure_carrier;frontier_addition;inactive|base_1;base_2;base_3;closure_carrier;frontier_addition;inactive,8//1;10//1,875//48,1117//1024,59351//3072,2,complete-enumeration:32
301,L025,1//4,53207//3072,27,base_1;base_2;closure_carrier;frontier_addition;inactive,8//1,875//48,1117//1024,59351//3072,1,complete-enumeration:32
301,L050,1//2,755//48,19,base_1;base_2;frontier_addition;inactive,5//1,875//48,0//1,875//48,1,complete-enumeration:32
301,L100,1//1,635//48,19,base_1;base_2;frontier_addition;inactive,5//1,875//48,0//1,875//48,1,complete-enumeration:32
301,L200,2//1,6767//768,17,base_1;frontier_addition;inactive,3//1,11375//768,0//1,11375//768,1,complete-enumeration:32
301,L400,4//1,4103//768,16,frontier_addition;inactive,1//1,7175//768,0//1,7175//768,1,complete-enumeration:32
302,L0,0//1,39287//3072,25;27;29;31,base_1;closure_carrier;frontier_addition;inactive|base_1;base_2;closure_carrier;frontier_addition;inactive|base_1;base_3;closure_carrier;frontier_addition;inactive|base_1;base_2;base_3;closure_carrier;frontier_addition;inactive,7//1;11//1;15//1,4375//384,1429//1024,39287//3072,4,complete-enumeration:32
302,L025,1//4,188851//16384,24,closure_carrier;frontier_addition;inactive,3//1,2625//256,33139//16384,201139//16384,1,complete-enumeration:32
302,L050,1//2,176563//16384,24,closure_carrier;frontier_addition;inactive,3//1,2625//256,33139//16384,201139//16384,1,complete-enumeration:32
302,L100,1//1,151987//16384,24,closure_carrier;frontier_addition;inactive,3//1,2625//256,33139//16384,201139//16384,1,complete-enumeration:32
302,L200,2//1,2113//256,16,frontier_addition;inactive,1//1,2625//256,0//1,2625//256,1,complete-enumeration:32
302,L400,4//1,1601//256,16,frontier_addition;inactive,1//1,2625//256,0//1,2625//256,1,complete-enumeration:32
303,L0,0//1,4725//256,19;23;27;31,base_1;base_2;frontier_addition;inactive|base_1;base_2;base_3;frontier_addition;inactive|base_1;base_2;closure_carrier;frontier_addition;inactive|base_1;base_2;base_3;closure_carrier;frontier_addition;inactive,5//1;7//1;9//1,4725//256,0//1,4725//256,4,complete-enumeration:32
303,L025,1//4,4405//256,19,base_1;base_2;frontier_addition;inactive,5//1,4725//256,0//1,4725//256,1,complete-enumeration:32
303,L050,1//2,4085//256,19,base_1;base_2;frontier_addition;inactive,5//1,4725//256,0//1,4725//256,1,complete-enumeration:32
303,L100,1//1,3445//256,19,base_1;base_2;frontier_addition;inactive,5//1,4725//256,0//1,4725//256,1,complete-enumeration:32
303,L200,2//1,6767//768,17,base_1;frontier_addition;inactive,3//1,11375//768,0//1,11375//768,1,complete-enumeration:32
303,L400,4//1,4103//768,16,frontier_addition;inactive,1//1,7175//768,0//1,7175//768,1,complete-enumeration:32
304,L0,0//1,2275//192,17;19;21;23;25;27;29;31,base_1;frontier_addition;inactive|base_1;base_2;frontier_addition;inactive|base_1;base_3;frontier_addition;inactive|base_1;base_2;base_3;frontier_addition;inactive|base_1;closure_carrier;frontier_addition;inactive|base_1;base_2;closure_carrier;frontier_addition;inactive|base_1;base_3;closure_carrier;frontier_addition;inactive|base_1;base_2;base_3;closure_carrier;frontier_addition;inactive,5//1;8//1;9//1;12//1;13//1;16//1,2275//192,0//1,2275//192,8,complete-enumeration:32
304,L025,1//4,2035//192,17,base_1;frontier_addition;inactive,5//1,2275//192,0//1,2275//192,1,complete-enumeration:32
304,L050,1//2,3833//384,16,frontier_addition;inactive,1//1,4025//384,0//1,4025//384,1,complete-enumeration:32
304,L100,1//1,3641//384,16,frontier_addition;inactive,1//1,4025//384,0//1,4025//384,1,complete-enumeration:32
304,L200,2//1,3257//384,16,frontier_addition;inactive,1//1,4025//384,0//1,4025//384,1,complete-enumeration:32
304,L400,4//1,2489//384,16,frontier_addition;inactive,1//1,4025//384,0//1,4025//384,1,complete-enumeration:32
305,L0,0//1,4375//384,17;19;21;23;25;27;29;31,base_1;frontier_addition;inactive|base_1;base_2;frontier_addition;inactive|base_1;base_3;frontier_addition;inactive|base_1;base_2;base_3;frontier_addition;inactive|base_1;closure_carrier;frontier_addition;inactive|base_1;base_2;closure_carrier;frontier_addition;inactive|base_1;base_3;closure_carrier;frontier_addition;inactive|base_1;base_2;base_3;closure_carrier;frontier_addition;inactive,5//1;7//1;9//1;11//1;13//1;15//1,4375//384,0//1,4375//384,8,complete-enumeration:32
305,L025,1//4,3895//384,17,base_1;frontier_addition;inactive,5//1,4375//384,0//1,4375//384,1,complete-enumeration:32
305,L050,1//2,7141//768,16,frontier_addition;inactive,1//1,7525//768,0//1,7525//768,1,complete-enumeration:32
305,L100,1//1,6757//768,16,frontier_addition;inactive,1//1,7525//768,0//1,7525//768,1,complete-enumeration:32
305,L200,2//1,5989//768,16,frontier_addition;inactive,1//1,7525//768,0//1,7525//768,1,complete-enumeration:32
305,L400,4//1,4453//768,16,frontier_addition;inactive,1//1,7525//768,0//1,7525//768,1,complete-enumeration:32
306,L0,0//1,4725//256,22;23;30;31,base_2;base_3;frontier_addition;inactive|base_1;base_2;base_3;frontier_addition;inactive|base_2;base_3;closure_carrier;frontier_addition;inactive|base_1;base_2;base_3;closure_carrier;frontier_addition;inactive,9//1;12//1;13//1;16//1,4725//256,0//1,4725//256,4,complete-enumeration:32
306,L025,1//4,4149//256,22,base_2;base_3;frontier_addition;inactive,9//1,4725//256,0//1,4725//256,1,complete-enumeration:32
306,L050,1//2,3573//256,22,base_2;base_3;frontier_addition;inactive,9//1,4725//256,0//1,4725//256,1,complete-enumeration:32
306,L100,1//1,1285//128,18,base_2;frontier_addition;inactive,5//1,1925//128,0//1,1925//128,1,complete-enumeration:32
306,L200,2//1,5639//768,16,frontier_addition;inactive,1//1,7175//768,0//1,7175//768,1,complete-enumeration:32
306,L400,4//1,4103//768,16,frontier_addition;inactive,1//1,7175//768,0//1,7175//768,1,complete-enumeration:32
307,L0,0//1,201259//16384,25;27;29;31,base_1;closure_carrier;frontier_addition;inactive|base_1;base_2;closure_carrier;frontier_addition;inactive|base_1;base_3;closure_carrier;frontier_addition;inactive|base_1;base_2;base_3;closure_carrier;frontier_addition;inactive,5//1;7//1;9//1,2975//256,10859//16384,201259//16384,4,complete-enumeration:32
307,L025,1//4,180779//16384,25,base_1;closure_carrier;frontier_addition;inactive,5//1,2975//256,10859//16384,201259//16384,1,complete-enumeration:32
307,L050,1//2,7807//768,1,base_1;inactive,2//1,8575//768,0//1,8575//768,1,complete-enumeration:32
307,L100,1//1,7039//768,1,base_1;inactive,2//1,8575//768,0//1,8575//768,1,complete-enumeration:32
307,L200,2//1,1541//192,16,frontier_addition;inactive,1//1,1925//192,0//1,1925//192,1,complete-enumeration:32
307,L400,4//1,1157//192,16,frontier_addition;inactive,1//1,1925//192,0//1,1925//192,1,complete-enumeration:32
308,L0,0//1,14183//768,30;31,base_2;base_3;closure_carrier;frontier_addition;inactive|base_1;base_2;base_3;closure_carrier;frontier_addition;inactive,7//1;9//1,875//48,61//256,14183//768,2,complete-enumeration:32
308,L025,1//4,815//48,22,base_2;base_3;frontier_addition;inactive,5//1,875//48,0//1,875//48,1,complete-enumeration:32
308,L050,1//2,755//48,22,base_2;base_3;frontier_addition;inactive,5//1,875//48,0//1,875//48,1,complete-enumeration:32
308,L100,1//1,635//48,22,base_2;base_3;frontier_addition;inactive,5//1,875//48,0//1,875//48,1,complete-enumeration:32
308,L200,2//1,6767//768,20,base_3;frontier_addition;inactive,3//1,11375//768,0//1,11375//768,1,complete-enumeration:32
308,L400,4//1,491//96,16,frontier_addition;inactive,1//1,875//96,0//1,875//96,1,complete-enumeration:32
309,L0,0//1,928577//49152,29;31,base_1;base_3;closure_carrier;frontier_addition;inactive|base_1;base_2;base_3;closure_carrier;frontier_addition;inactive,7//1;9//1,875//48,10859//16384,928577//49152,2,complete-enumeration:32
309,L025,1//4,842561//49152,29,base_1;base_3;closure_carrier;frontier_addition;inactive,7//1,875//48,10859//16384,928577//49152,1,complete-enumeration:32
309,L050,1//2,755//48,21,base_1;base_3;frontier_addition;inactive,5//1,875//48,0//1,875//48,1,complete-enumeration:32
309,L100,1//1,635//48,21,base_1;base_3;frontier_addition;inactive,5//1,875//48,0//1,875//48,1,complete-enumeration:32
309,L200,2//1,6767//768,20,base_3;frontier_addition;inactive,3//1,11375//768,0//1,11375//768,1,complete-enumeration:32
309,L400,4//1,491//96,16,frontier_addition;inactive,1//1,875//96,0//1,875//96,1,complete-enumeration:32
310,L0,0//1,298247//24576,25;27;29;31,base_1;closure_carrier;frontier_addition;inactive|base_1;base_2;closure_carrier;frontier_addition;inactive|base_1;base_3;closure_carrier;frontier_addition;inactive|base_1;base_2;base_3;closure_carrier;frontier_addition;inactive,5//1;7//1;9//1,9275//768,1447//24576,298247//24576,4,complete-enumeration:32
310,L025,1//4,8699//768,17,base_1;frontier_addition;inactive,3//1,9275//768,0//1,9275//768,1,complete-enumeration:32
310,L050,1//2,8123//768,17,base_1;frontier_addition;inactive,3//1,9275//768,0//1,9275//768,1,complete-enumeration:32
310,L100,1//1,3607//384,1,base_1;inactive,2//1,4375//384,0//1,4375//384,1,complete-enumeration:32
310,L200,2//1,2113//256,16,frontier_addition;inactive,1//1,2625//256,0//1,2625//256,1,complete-enumeration:32
310,L400,4//1,1601//256,16,frontier_addition;inactive,1//1,2625//256,0//1,2625//256,1,complete-enumeration:32
311,L0,0//1,7175//384,22;23;30;31,base_2;base_3;frontier_addition;inactive|base_1;base_2;base_3;frontier_addition;inactive|base_2;base_3;closure_carrier;frontier_addition;inactive|base_1;base_2;base_3;closure_carrier;frontier_addition;inactive,5//1;7//1;8//1;10//1,7175//384,0//1,7175//384,4,complete-enumeration:32
311,L025,1//4,6695//384,22,base_2;base_3;frontier_addition;inactive,5//1,7175//384,0//1,7175//384,1,complete-enumeration:32
311,L050,1//2,6215//384,22,base_2;base_3;frontier_addition;inactive,5//1,7175//384,0//1,7175//384,1,complete-enumeration:32
311,L100,1//1,5255//384,22,base_2;base_3;frontier_addition;inactive,5//1,7175//384,0//1,7175//384,1,complete-enumeration:32
311,L200,2//1,7117//768,18,base_2;frontier_addition;inactive,3//1,11725//768,0//1,11725//768,1,complete-enumeration:32
311,L400,4//1,1251//256,16,frontier_addition;inactive,1//1,2275//256,0//1,2275//256,1,complete-enumeration:32
312,L0,0//1,4375//384,17;19;21;23;25;27;29;31,base_1;frontier_addition;inactive|base_1;base_2;frontier_addition;inactive|base_1;base_3;frontier_addition;inactive|base_1;base_2;base_3;frontier_addition;inactive|base_1;closure_carrier;frontier_addition;inactive|base_1;base_2;closure_carrier;frontier_addition;inactive|base_1;base_3;closure_carrier;frontier_addition;inactive|base_1;base_2;base_3;closure_carrier;frontier_addition;inactive,3//1;5//1;7//1;9//1,4375//384,0//1,4375//384,8,complete-enumeration:32
312,L025,1//4,4087//384,17,base_1;frontier_addition;inactive,3//1,4375//384,0//1,4375//384,1,complete-enumeration:32
312,L050,1//2,3799//384,17,base_1;frontier_addition;inactive,3//1,4375//384,0//1,4375//384,1,complete-enumeration:32
312,L100,1//1,1097//128,16,frontier_addition;inactive,1//1,1225//128,0//1,1225//128,1,complete-enumeration:32
312,L200,2//1,969//128,16,frontier_addition;inactive,1//1,1225//128,0//1,1225//128,1,complete-enumeration:32
312,L400,4//1,713//128,16,frontier_addition;inactive,1//1,1225//128,0//1,1225//128,1,complete-enumeration:32
313,L0,0//1,2975//256,17;19;21;23;25;27;29;31,base_1;frontier_addition;inactive|base_1;base_2;frontier_addition;inactive|base_1;base_3;frontier_addition;inactive|base_1;base_2;base_3;frontier_addition;inactive|base_1;closure_carrier;frontier_addition;inactive|base_1;base_2;closure_carrier;frontier_addition;inactive|base_1;base_3;closure_carrier;frontier_addition;inactive|base_1;base_2;base_3;closure_carrier;frontier_addition;inactive,5//1;7//1;9//1;11//1;13//1;15//1,2975//256,0//1,2975//256,8,complete-enumeration:32
313,L025,1//4,2655//256,17,base_1;frontier_addition;inactive,5//1,2975//256,0//1,2975//256,1,complete-enumeration:32
313,L050,1//2,7039//768,1,base_1;inactive,4//1,8575//768,0//1,8575//768,1,complete-enumeration:32
313,L100,1//1,1097//128,16,frontier_addition;inactive,1//1,1225//128,0//1,1225//128,1,complete-enumeration:32
313,L200,2//1,969//128,16,frontier_addition;inactive,1//1,1225//128,0//1,1225//128,1,complete-enumeration:32
313,L400,4//1,713//128,16,frontier_addition;inactive,1//1,1225//128,0//1,1225//128,1,complete-enumeration:32
314,L0,0//1,244513//12288,29;31,base_1;base_3;closure_carrier;frontier_addition;inactive|base_1;base_2;base_3;closure_carrier;frontier_addition;inactive,8//1;10//1,13825//768,7771//4096,244513//12288,2,complete-enumeration:32
314,L025,1//4,219937//12288,29,base_1;base_3;closure_carrier;frontier_addition;inactive,8//1,13825//768,7771//4096,244513//12288,1,complete-enumeration:32
314,L050,1//2,195361//12288,29,base_1;base_3;closure_carrier;frontier_addition;inactive,8//1,13825//768,7771//4096,244513//12288,1,complete-enumeration:32
314,L100,1//1,9985//768,21,base_1;base_3;frontier_addition;inactive,5//1,13825//768,0//1,13825//768,1,complete-enumeration:32
314,L200,2//1,6767//768,20,base_3;frontier_addition;inactive,3//1,11375//768,0//1,11375//768,1,complete-enumeration:32
314,L400,4//1,491//96,16,frontier_addition;inactive,1//1,875//96,0//1,875//96,1,complete-enumeration:32
315,L0,0//1,2275//192,17;19;21;23;25;27;29;31,base_1;frontier_addition;inactive|base_1;base_2;frontier_addition;inactive|base_1;base_3;frontier_addition;inactive|base_1;base_2;base_3;frontier_addition;inactive|base_1;closure_carrier;frontier_addition;inactive|base_1;base_2;closure_carrier;frontier_addition;inactive|base_1;base_3;closure_carrier;frontier_addition;inactive|base_1;base_2;base_3;closure_carrier;frontier_addition;inactive,5//1;8//1;9//1;12//1;13//1;16//1,2275//192,0//1,2275//192,8,complete-enumeration:32
315,L025,1//4,2035//192,17,base_1;frontier_addition;inactive,5//1,2275//192,0//1,2275//192,1,complete-enumeration:32
315,L050,1//2,1829//192,16,frontier_addition;inactive,1//1,1925//192,0//1,1925//192,1,complete-enumeration:32
315,L100,1//1,1733//192,16,frontier_addition;inactive,1//1,1925//192,0//1,1925//192,1,complete-enumeration:32
315,L200,2//1,1541//192,16,frontier_addition;inactive,1//1,1925//192,0//1,1925//192,1,complete-enumeration:32
315,L400,4//1,1157//192,16,frontier_addition;inactive,1//1,1925//192,0//1,1925//192,1,complete-enumeration:32
316,L0,0//1,2275//192,17;19;21;23;25;27;29;31,base_1;frontier_addition;inactive|base_1;base_2;frontier_addition;inactive|base_1;base_3;frontier_addition;inactive|base_1;base_2;base_3;frontier_addition;inactive|base_1;closure_carrier;frontier_addition;inactive|base_1;base_2;closure_carrier;frontier_addition;inactive|base_1;base_3;closure_carrier;frontier_addition;inactive|base_1;base_2;base_3;closure_carrier;frontier_addition;inactive,3//1;5//1;6//1;7//1;8//1;10//1,2275//192,0//1,2275//192,8,complete-enumeration:32
316,L025,1//4,2131//192,17,base_1;frontier_addition;inactive,3//1,2275//192,0//1,2275//192,1,complete-enumeration:32
316,L050,1//2,1987//192,17,base_1;frontier_addition;inactive,3//1,2275//192,0//1,2275//192,1,complete-enumeration:32
316,L100,1//1,3641//384,16,frontier_addition;inactive,1//1,4025//384,0//1,4025//384,1,complete-enumeration:32
316,L200,2//1,3257//384,16,frontier_addition;inactive,1//1,4025//384,0//1,4025//384,1,complete-enumeration:32
316,L400,4//1,2489//384,16,frontier_addition;inactive,1//1,4025//384,0//1,4025//384,1,complete-enumeration:32
317,L0,0//1,7609//384,27;31,base_1;base_2;closure_carrier;frontier_addition;inactive|base_1;base_2;base_3;closure_carrier;frontier_addition;inactive,8//1;10//1,875//48,203//128,7609//384,2,complete-enumeration:32
317,L025,1//4,6841//384,27,base_1;base_2;closure_carrier;frontier_addition;inactive,8//1,875//48,203//128,7609//384,1,complete-enumeration:32
317,L050,1//2,6073//384,27,base_1;base_2;closure_carrier;frontier_addition;inactive,8//1,875//48,203//128,7609//384,1,complete-enumeration:32
317,L100,1//1,635//48,19,base_1;base_2;frontier_addition;inactive,5//1,875//48,0//1,875//48,1,complete-enumeration:32
317,L200,2//1,103//12,17;18,base_1;frontier_addition;inactive|base_2;frontier_addition;inactive,3//1,175//12,0//1,175//12,2,complete-enumeration:32
317,L400,4//1,4103//768,16,frontier_addition;inactive,1//1,7175//768,0//1,7175//768,1,complete-enumeration:32
318,L0,0//1,897625//49152,29;31,base_1;base_3;closure_carrier;frontier_addition;inactive|base_1;base_2;base_3;closure_carrier;frontier_addition;inactive,7//1;9//1,13825//768,4275//16384,897625//49152,2,complete-enumeration:32
318,L025,1//4,12865//768,21,base_1;base_3;frontier_addition;inactive,5//1,13825//768,0//1,13825//768,1,complete-enumeration:32
318,L050,1//2,11905//768,21,base_1;base_3;frontier_addition;inactive,5//1,13825//768,0//1,13825//768,1,complete-enumeration:32
318,L100,1//1,9985//768,21,base_1;base_3;frontier_addition;inactive,5//1,13825//768,0//1,13825//768,1,complete-enumeration:32
318,L200,2//1,2139//256,17,base_1;frontier_addition;inactive,3//1,3675//256,0//1,3675//256,1,complete-enumeration:32
318,L400,4//1,3403//768,16,frontier_addition;inactive,1//1,6475//768,0//1,6475//768,1,complete-enumeration:32
319,L0,0//1,3009//256,25;27;29;31,base_1;closure_carrier;frontier_addition;inactive|base_1;base_2;closure_carrier;frontier_addition;inactive|base_1;base_3;closure_carrier;frontier_addition;inactive|base_1;base_2;base_3;closure_carrier;frontier_addition;inactive,8//1;12//1;16//1,2975//256,17//128,3009//256,4,complete-enumeration:32
319,L025,1//4,2655//256,17,base_1;frontier_addition;inactive,5//1,2975//256,0//1,2975//256,1,complete-enumeration:32
319,L050,1//2,3833//384,16,frontier_addition;inactive,1//1,4025//384,0//1,4025//384,1,complete-enumeration:32
319,L100,1//1,3641//384,16,frontier_addition;inactive,1//1,4025//384,0//1,4025//384,1,complete-enumeration:32
319,L200,2//1,3257//384,16,frontier_addition;inactive,1//1,4025//384,0//1,4025//384,1,complete-enumeration:32
319,L400,4//1,2489//384,16,frontier_addition;inactive,1//1,4025//384,0//1,4025//384,1,complete-enumeration:32
320,L0,0//1,2975//256,17;19;21;23;25;27;29;31,base_1;frontier_addition;inactive|base_1;base_2;frontier_addition;inactive|base_1;base_3;frontier_addition;inactive|base_1;base_2;base_3;frontier_addition;inactive|base_1;closure_carrier;frontier_addition;inactive|base_1;base_2;closure_carrier;frontier_addition;inactive|base_1;base_3;closure_carrier;frontier_addition;inactive|base_1;base_2;base_3;closure_carrier;frontier_addition;inactive,3//1;5//1;7//1;9//1,2975//256,0//1,2975//256,8,complete-enumeration:32
320,L025,1//4,2783//256,17,base_1;frontier_addition;inactive,3//1,2975//256,0//1,2975//256,1,complete-enumeration:32
320,L050,1//2,2591//256,17,base_1;frontier_addition;inactive,3//1,2975//256,0//1,2975//256,1,complete-enumeration:32
320,L100,1//1,1733//192,16,frontier_addition;inactive,1//1,1925//192,0//1,1925//192,1,complete-enumeration:32
320,L200,2//1,1541//192,16,frontier_addition;inactive,1//1,1925//192,0//1,1925//192,1,complete-enumeration:32
320,L400,4//1,1157//192,16,frontier_addition;inactive,1//1,1925//192,0//1,1925//192,1,complete-enumeration:32
321,L0,0//1,24753//2048,25;27;29;31,base_1;closure_carrier;frontier_addition;inactive|base_1;base_2;closure_carrier;frontier_addition;inactive|base_1;base_3;closure_carrier;frontier_addition;inactive|base_1;base_2;base_3;closure_carrier;frontier_addition;inactive,5//1;7//1;9//1,2975//256,953//2048,24753//2048,4,complete-enumeration:32
321,L025,1//4,2783//256,17,base_1;frontier_addition;inactive,3//1,2975//256,0//1,2975//256,1,complete-enumeration:32
321,L050,1//2,2591//256,17,base_1;frontier_addition;inactive,3//1,2975//256,0//1,2975//256,1,complete-enumeration:32
321,L100,1//1,143//16,1,base_1;inactive,2//1,175//16,0//1,175//16,1,complete-enumeration:32
321,L200,2//1,5989//768,16,frontier_addition;inactive,1//1,7525//768,0//1,7525//768,1,complete-enumeration:32
321,L400,4//1,4453//768,16,frontier_addition;inactive,1//1,7525//768,0//1,7525//768,1,complete-enumeration:32
322,L0,0//1,882233//49152,30;31,base_2;base_3;closure_carrier;frontier_addition;inactive|base_1;base_2;base_3;closure_carrier;frontier_addition;inactive,11//1;15//1,2275//128,8633//49152,882233//49152,2,complete-enumeration:32
322,L025,1//4,1987//128,22,base_2;base_3;frontier_addition;inactive,9//1,2275//128,0//1,2275//128,1,complete-enumeration:32
322,L050,1//2,1699//128,22,base_2;base_3;frontier_addition;inactive,9//1,2275//128,0//1,2275//128,1,complete-enumeration:32
322,L100,1//1,88831//8192,24,closure_carrier;frontier_addition;inactive,3//1,2275//256,40607//8192,113407//8192,1,complete-enumeration:32
322,L200,2//1,64255//8192,24,closure_carrier;frontier_addition;inactive,3//1,2275//256,40607//8192,113407//8192,1,complete-enumeration:32
322,L400,4//1,1251//256,16,frontier_addition;inactive,1//1,2275//256,0//1,2275//256,1,complete-enumeration:32
323,L0,0//1,297491//24576,25;27;29;31,base_1;closure_carrier;frontier_addition;inactive|base_1;base_2;closure_carrier;frontier_addition;inactive|base_1;base_3;closure_carrier;frontier_addition;inactive|base_1;base_2;base_3;closure_carrier;frontier_addition;inactive,8//1;12//1;16//1,2275//192,2097//8192,297491//24576,4,complete-enumeration:32
323,L025,1//4,2035//192,17,base_1;frontier_addition;inactive,5//1,2275//192,0//1,2275//192,1,complete-enumeration:32
323,L050,1//2,2497//256,16,frontier_addition;inactive,1//1,2625//256,0//1,2625//256,1,complete-enumeration:32
323,L100,1//1,2369//256,16,frontier_addition;inactive,1//1,2625//256,0//1,2625//256,1,complete-enumeration:32
323,L200,2//1,2113//256,16,frontier_addition;inactive,1//1,2625//256,0//1,2625//256,1,complete-enumeration:32
323,L400,4//1,1601//256,16,frontier_addition;inactive,1//1,2625//256,0//1,2625//256,1,complete-enumeration:32
324,L0,0//1,2975//256,17;19;21;23;25;27;29;31,base_1;frontier_addition;inactive|base_1;base_2;frontier_addition;inactive|base_1;base_3;frontier_addition;inactive|base_1;base_2;base_3;frontier_addition;inactive|base_1;closure_carrier;frontier_addition;inactive|base_1;base_2;closure_carrier;frontier_addition;inactive|base_1;base_3;closure_carrier;frontier_addition;inactive|base_1;base_2;base_3;closure_carrier;frontier_addition;inactive,5//1;7//1;9//1;11//1;13//1;15//1,2975//256,0//1,2975//256,8,complete-enumeration:32
324,L025,1//4,2655//256,17,base_1;frontier_addition;inactive,5//1,2975//256,0//1,2975//256,1,complete-enumeration:32
324,L050,1//2,1829//192,16,frontier_addition;inactive,1//1,1925//192,0//1,1925//192,1,complete-enumeration:32
324,L100,1//1,1733//192,16,frontier_addition;inactive,1//1,1925//192,0//1,1925//192,1,complete-enumeration:32
324,L200,2//1,1541//192,16,frontier_addition;inactive,1//1,1925//192,0//1,1925//192,1,complete-enumeration:32
324,L400,4//1,1157//192,16,frontier_addition;inactive,1//1,1925//192,0//1,1925//192,1,complete-enumeration:32
325,L0,0//1,237563//12288,27;31,base_1;base_2;closure_carrier;frontier_addition;inactive|base_1;base_2;base_3;closure_carrier;frontier_addition;inactive,7//1;9//1,875//48,4521//4096,237563//12288,2,complete-enumeration:32
325,L025,1//4,216059//12288,27,base_1;base_2;closure_carrier;frontier_addition;inactive,7//1,875//48,4521//4096,237563//12288,1,complete-enumeration:32
325,L050,1//2,194555//12288,27,base_1;base_2;closure_carrier;frontier_addition;inactive,7//1,875//48,4521//4096,237563//12288,1,complete-enumeration:32
325,L100,1//1,635//48,19,base_1;base_2;frontier_addition;inactive,5//1,875//48,0//1,875//48,1,complete-enumeration:32
325,L200,2//1,77031//8192,24,closure_carrier;frontier_addition;inactive,3//1,1225//128,47783//8192,126183//8192,1,complete-enumeration:32
325,L400,4//1,491//96,16,frontier_addition;inactive,1//1,875//96,0//1,875//96,1,complete-enumeration:32
326,L0,0//1,2275//192,17;19;21;23;25;27;29;31,base_1;frontier_addition;inactive|base_1;base_2;frontier_addition;inactive|base_1;base_3;frontier_addition;inactive|base_1;base_2;base_3;frontier_addition;inactive|base_1;closure_carrier;frontier_addition;inactive|base_1;base_2;closure_carrier;frontier_addition;inactive|base_1;base_3;closure_carrier;frontier_addition;inactive|base_1;base_2;base_3;closure_carrier;frontier_addition;inactive,3//1;5//1;6//1;7//1;8//1;10//1,2275//192,0//1,2275//192,8,complete-enumeration:32
326,L025,1//4,2131//192,17,base_1;frontier_addition;inactive,3//1,2275//192,0//1,2275//192,1,complete-enumeration:32
326,L050,1//2,1987//192,17,base_1;frontier_addition;inactive,3//1,2275//192,0//1,2275//192,1,complete-enumeration:32
326,L100,1//1,143//16,1,base_1;inactive,2//1,175//16,0//1,175//16,1,complete-enumeration:32
326,L200,2//1,969//128,16,frontier_addition;inactive,1//1,1225//128,0//1,1225//128,1,complete-enumeration:32
326,L400,4//1,713//128,16,frontier_addition;inactive,1//1,1225//128,0//1,1225//128,1,complete-enumeration:32
327,L0,0//1,2975//256,17;19;21;23;25;27;29;31,base_1;frontier_addition;inactive|base_1;base_2;frontier_addition;inactive|base_1;base_3;frontier_addition;inactive|base_1;base_2;base_3;frontier_addition;inactive|base_1;closure_carrier;frontier_addition;inactive|base_1;base_2;closure_carrier;frontier_addition;inactive|base_1;base_3;closure_carrier;frontier_addition;inactive|base_1;base_2;base_3;closure_carrier;frontier_addition;inactive,5//1;7//1;9//1;11//1;13//1;15//1,2975//256,0//1,2975//256,8,complete-enumeration:32
327,L025,1//4,2655//256,17,base_1;frontier_addition;inactive,5//1,2975//256,0//1,2975//256,1,complete-enumeration:32
327,L050,1//2,1829//192,16,frontier_addition;inactive,1//1,1925//192,0//1,1925//192,1,complete-enumeration:32
327,L100,1//1,1733//192,16,frontier_addition;inactive,1//1,1925//192,0//1,1925//192,1,complete-enumeration:32
327,L200,2//1,1541//192,16,frontier_addition;inactive,1//1,1925//192,0//1,1925//192,1,complete-enumeration:32
327,L400,4//1,1157//192,16,frontier_addition;inactive,1//1,1925//192,0//1,1925//192,1,complete-enumeration:32
328,L0,0//1,14525//768,22;23;30;31,base_2;base_3;frontier_addition;inactive|base_1;base_2;base_3;frontier_addition;inactive|base_2;base_3;closure_carrier;frontier_addition;inactive|base_1;base_2;base_3;closure_carrier;frontier_addition;inactive,9//1;11//1;13//1;15//1,14525//768,0//1,14525//768,4,complete-enumeration:32
328,L025,1//4,12797//768,22,base_2;base_3;frontier_addition;inactive,9//1,14525//768,0//1,14525//768,1,complete-enumeration:32
328,L050,1//2,11069//768,22,base_2;base_3;frontier_addition;inactive,9//1,14525//768,0//1,14525//768,1,complete-enumeration:32
328,L100,1//1,7885//768,18,base_2;frontier_addition;inactive,5//1,11725//768,0//1,11725//768,1,complete-enumeration:32
328,L200,2//1,1763//256,16,frontier_addition;inactive,1//1,2275//256,0//1,2275//256,1,complete-enumeration:32
328,L400,4//1,1251//256,16,frontier_addition;inactive,1//1,2275//256,0//1,2275//256,1,complete-enumeration:32
329,L0,0//1,875//48,22;23;30;31,base_2;base_3;frontier_addition;inactive|base_1;base_2;base_3;frontier_addition;inactive|base_2;base_3;closure_carrier;frontier_addition;inactive|base_1;base_2;base_3;closure_carrier;frontier_addition;inactive,9//1;12//1;13//1;16//1,875//48,0//1,875//48,4,complete-enumeration:32
329,L025,1//4,767//48,22,base_2;base_3;frontier_addition;inactive,9//1,875//48,0//1,875//48,1,complete-enumeration:32
329,L050,1//2,659//48,22,base_2;base_3;frontier_addition;inactive,9//1,875//48,0//1,875//48,1,complete-enumeration:32
329,L100,1//1,2395//256,18;20,base_2;frontier_addition;inactive|base_3;frontier_addition;inactive,5//1,3675//256,0//1,3675//256,2,complete-enumeration:32
329,L200,2//1,683//96,16,frontier_addition;inactive,1//1,875//96,0//1,875//96,1,complete-enumeration:32
329,L400,4//1,491//96,16,frontier_addition;inactive,1//1,875//96,0//1,875//96,1,complete-enumeration:32
330,L0,0//1,2275//128,21;23;29;31,base_1;base_3;frontier_addition;inactive|base_1;base_2;base_3;frontier_addition;inactive|base_1;base_3;closure_carrier;frontier_addition;inactive|base_1;base_2;base_3;closure_carrier;frontier_addition;inactive,9//1;12//1;13//1;16//1,2275//128,0//1,2275//128,4,complete-enumeration:32
330,L025,1//4,1987//128,21,base_1;base_3;frontier_addition;inactive,9//1,2275//128,0//1,2275//128,1,complete-enumeration:32
330,L050,1//2,1699//128,21,base_1;base_3;frontier_addition;inactive,9//1,2275//128,0//1,2275//128,1,complete-enumeration:32
330,L100,1//1,2395//256,17,base_1;frontier_addition;inactive,5//1,3675//256,0//1,3675//256,1,complete-enumeration:32
330,L200,2//1,2557//384,16,frontier_addition;inactive,1//1,3325//384,0//1,3325//384,1,complete-enumeration:32
330,L400,4//1,1789//384,16,frontier_addition;inactive,1//1,3325//384,0//1,3325//384,1,complete-enumeration:32
331,L0,0//1,10493//768,25;27;29;31,base_1;closure_carrier;frontier_addition;inactive|base_1;base_2;closure_carrier;frontier_addition;inactive|base_1;base_3;closure_carrier;frontier_addition;inactive|base_1;base_2;base_3;closure_carrier;frontier_addition;inactive,7//1;11//1;15//1,9275//768,203//128,10493//768,4,complete-enumeration:32
331,L025,1//4,9149//768,25,base_1;closure_carrier;frontier_addition;inactive,7//1,9275//768,203//128,10493//768,1,complete-enumeration:32
331,L050,1//2,361251//32768,24,closure_carrier;frontier_addition;inactive,3//1,1225//128,96803//32768,410403//32768,1,complete-enumeration:32
331,L100,1//1,312099//32768,24,closure_carrier;frontier_addition;inactive,3//1,1225//128,96803//32768,410403//32768,1,complete-enumeration:32
331,L200,2//1,969//128,16,frontier_addition;inactive,1//1,1225//128,0//1,1225//128,1,complete-enumeration:32
331,L400,4//1,713//128,16,frontier_addition;inactive,1//1,1225//128,0//1,1225//128,1,complete-enumeration:32
332,L0,0//1,12515//1024,25;27;29;31,base_1;closure_carrier;frontier_addition;inactive|base_1;base_2;closure_carrier;frontier_addition;inactive|base_1;base_3;closure_carrier;frontier_addition;inactive|base_1;base_2;base_3;closure_carrier;frontier_addition;inactive,8//1;12//1;16//1,2275//192,1145//3072,12515//1024,4,complete-enumeration:32
332,L025,1//4,2035//192,17,base_1;frontier_addition;inactive,5//1,2275//192,0//1,2275//192,1,complete-enumeration:32
332,L050,1//2,2497//256,16,frontier_addition;inactive,1//1,2625//256,0//1,2625//256,1,complete-enumeration:32
332,L100,1//1,2369//256,16,frontier_addition;inactive,1//1,2625//256,0//1,2625//256,1,complete-enumeration:32
332,L200,2//1,2113//256,16,frontier_addition;inactive,1//1,2625//256,0//1,2625//256,1,complete-enumeration:32
332,L400,4//1,1601//256,16,frontier_addition;inactive,1//1,2625//256,0//1,2625//256,1,complete-enumeration:32
333,L0,0//1,2275//192,17;19;21;23;25;27;29;31,base_1;frontier_addition;inactive|base_1;base_2;frontier_addition;inactive|base_1;base_3;frontier_addition;inactive|base_1;base_2;base_3;frontier_addition;inactive|base_1;closure_carrier;frontier_addition;inactive|base_1;base_2;closure_carrier;frontier_addition;inactive|base_1;base_3;closure_carrier;frontier_addition;inactive|base_1;base_2;base_3;closure_carrier;frontier_addition;inactive,3//1;5//1;7//1;9//1,2275//192,0//1,2275//192,8,complete-enumeration:32
333,L025,1//4,2131//192,17,base_1;frontier_addition;inactive,3//1,2275//192,0//1,2275//192,1,complete-enumeration:32
333,L050,1//2,1987//192,17,base_1;frontier_addition;inactive,3//1,2275//192,0//1,2275//192,1,complete-enumeration:32
333,L100,1//1,2369//256,16,frontier_addition;inactive,1//1,2625//256,0//1,2625//256,1,complete-enumeration:32
333,L200,2//1,2113//256,16,frontier_addition;inactive,1//1,2625//256,0//1,2625//256,1,complete-enumeration:32
333,L400,4//1,1601//256,16,frontier_addition;inactive,1//1,2625//256,0//1,2625//256,1,complete-enumeration:32
334,L0,0//1,2275//192,17;19;21;23;25;27;29;31,base_1;frontier_addition;inactive|base_1;base_2;frontier_addition;inactive|base_1;base_3;frontier_addition;inactive|base_1;base_2;base_3;frontier_addition;inactive|base_1;closure_carrier;frontier_addition;inactive|base_1;base_2;closure_carrier;frontier_addition;inactive|base_1;base_3;closure_carrier;frontier_addition;inactive|base_1;base_2;base_3;closure_carrier;frontier_addition;inactive,3//1;5//1;6//1;7//1;8//1;10//1,2275//192,0//1,2275//192,8,complete-enumeration:32
334,L025,1//4,2131//192,17,base_1;frontier_addition;inactive,3//1,2275//192,0//1,2275//192,1,complete-enumeration:32
334,L050,1//2,1987//192,17,base_1;frontier_addition;inactive,3//1,2275//192,0//1,2275//192,1,complete-enumeration:32
334,L100,1//1,1733//192,16,frontier_addition;inactive,1//1,1925//192,0//1,1925//192,1,complete-enumeration:32
334,L200,2//1,1541//192,16,frontier_addition;inactive,1//1,1925//192,0//1,1925//192,1,complete-enumeration:32
334,L400,4//1,1157//192,16,frontier_addition;inactive,1//1,1925//192,0//1,1925//192,1,complete-enumeration:32
335,L0,0//1,4725//256,21;23;29;31,base_1;base_3;frontier_addition;inactive|base_1;base_2;base_3;frontier_addition;inactive|base_1;base_3;closure_carrier;frontier_addition;inactive|base_1;base_2;base_3;closure_carrier;frontier_addition;inactive,5//1;7//1;9//1,4725//256,0//1,4725//256,4,complete-enumeration:32
335,L025,1//4,4405//256,21,base_1;base_3;frontier_addition;inactive,5//1,4725//256,0//1,4725//256,1,complete-enumeration:32
335,L050,1//2,4085//256,21,base_1;base_3;frontier_addition;inactive,5//1,4725//256,0//1,4725//256,1,complete-enumeration:32
335,L100,1//1,3445//256,21,base_1;base_3;frontier_addition;inactive,5//1,4725//256,0//1,4725//256,1,complete-enumeration:32
335,L200,2//1,6767//768,20,base_3;frontier_addition;inactive,3//1,11375//768,0//1,11375//768,1,complete-enumeration:32
335,L400,4//1,713//128,16,frontier_addition;inactive,1//1,1225//128,0//1,1225//128,1,complete-enumeration:32
336,L0,0//1,875//48,19;23;27;31,base_1;base_2;frontier_addition;inactive|base_1;base_2;base_3;frontier_addition;inactive|base_1;base_2;closure_carrier;frontier_addition;inactive|base_1;base_2;base_3;closure_carrier;frontier_addition;inactive,5//1;7//1;8//1;10//1,875//48,0//1,875//48,4,complete-enumeration:32
336,L025,1//4,815//48,19,base_1;base_2;frontier_addition;inactive,5//1,875//48,0//1,875//48,1,complete-enumeration:32
336,L050,1//2,755//48,19,base_1;base_2;frontier_addition;inactive,5//1,875//48,0//1,875//48,1,complete-enumeration:32
336,L100,1//1,635//48,19,base_1;base_2;frontier_addition;inactive,5//1,875//48,0//1,875//48,1,complete-enumeration:32
336,L200,2//1,6767//768,17,base_1;frontier_addition;inactive,3//1,11375//768,0//1,11375//768,1,complete-enumeration:32
336,L400,4//1,713//128,16,frontier_addition;inactive,1//1,1225//128,0//1,1225//128,1,complete-enumeration:32
337,L0,0//1,13825//768,21;23;29;31,base_1;base_3;frontier_addition;inactive|base_1;base_2;base_3;frontier_addition;inactive|base_1;base_3;closure_carrier;frontier_addition;inactive|base_1;base_2;base_3;closure_carrier;frontier_addition;inactive,9//1;11//1;13//1;15//1,13825//768,0//1,13825//768,4,complete-enumeration:32
337,L025,1//4,12097//768,21,base_1;base_3;frontier_addition;inactive,9//1,13825//768,0//1,13825//768,1,complete-enumeration:32
337,L050,1//2,10369//768,21,base_1;base_3;frontier_addition;inactive,9//1,13825//768,0//1,13825//768,1,complete-enumeration:32
337,L100,1//1,2395//256,17;20,base_1;frontier_addition;inactive|base_3;frontier_addition;inactive,5//1,3675//256,0//1,3675//256,2,complete-enumeration:32
337,L200,2//1,1763//256,16,frontier_addition;inactive,1//1,2275//256,0//1,2275//256,1,complete-enumeration:32
337,L400,4//1,1251//256,16,frontier_addition;inactive,1//1,2275//256,0//1,2275//256,1,complete-enumeration:32
338,L0,0//1,2975//256,17;19;21;23;25;27;29;31,base_1;frontier_addition;inactive|base_1;base_2;frontier_addition;inactive|base_1;base_3;frontier_addition;inactive|base_1;base_2;base_3;frontier_addition;inactive|base_1;closure_carrier;frontier_addition;inactive|base_1;base_2;closure_carrier;frontier_addition;inactive|base_1;base_3;closure_carrier;frontier_addition;inactive|base_1;base_2;base_3;closure_carrier;frontier_addition;inactive,3//1;5//1;6//1;7//1;8//1;10//1,2975//256,0//1,2975//256,8,complete-enumeration:32
338,L025,1//4,2783//256,17,base_1;frontier_addition;inactive,3//1,2975//256,0//1,2975//256,1,complete-enumeration:32
338,L050,1//2,2591//256,17,base_1;frontier_addition;inactive,3//1,2975//256,0//1,2975//256,1,complete-enumeration:32
338,L100,1//1,3641//384,16,frontier_addition;inactive,1//1,4025//384,0//1,4025//384,1,complete-enumeration:32
338,L200,2//1,3257//384,16,frontier_addition;inactive,1//1,4025//384,0//1,4025//384,1,complete-enumeration:32
338,L400,4//1,2489//384,16,frontier_addition;inactive,1//1,4025//384,0//1,4025//384,1,complete-enumeration:32
339,L0,0//1,76727//6144,25;27;29;31,base_1;closure_carrier;frontier_addition;inactive|base_1;base_2;closure_carrier;frontier_addition;inactive|base_1;base_3;closure_carrier;frontier_addition;inactive|base_1;base_2;base_3;closure_carrier;frontier_addition;inactive,6//1;8//1;10//1,2275//192,1309//2048,76727//6144,4,complete-enumeration:32
339,L025,1//4,2131//192,17,base_1;frontier_addition;inactive,3//1,2275//192,0//1,2275//192,1,complete-enumeration:32
339,L050,1//2,1987//192,17,base_1;frontier_addition;inactive,3//1,2275//192,0//1,2275//192,1,complete-enumeration:32
339,L100,1//1,7039//768,1,base_1;inactive,2//1,8575//768,0//1,8575//768,1,complete-enumeration:32
339,L200,2//1,5989//768,16,frontier_addition;inactive,1//1,7525//768,0//1,7525//768,1,complete-enumeration:32
339,L400,4//1,4453//768,16,frontier_addition;inactive,1//1,7525//768,0//1,7525//768,1,complete-enumeration:32
340,L0,0//1,30113//2048,25;27;29;31,base_1;closure_carrier;frontier_addition;inactive|base_1;base_2;closure_carrier;frontier_addition;inactive|base_1;base_3;closure_carrier;frontier_addition;inactive|base_1;base_2;base_3;closure_carrier;frontier_addition;inactive,5//1;7//1;9//1,1575//128,4913//2048,30113//2048,4,complete-enumeration:32
340,L025,1//4,27553//2048,25,base_1;closure_carrier;frontier_addition;inactive,5//1,1575//128,4913//2048,30113//2048,1,complete-enumeration:32
340,L050,1//2,151067//12288,9,base_1;closure_carrier;inactive,4//1,4375//384,11881//4096,175643//12288,1,complete-enumeration:32
340,L100,1//1,519871//49152,24,closure_carrier;frontier_addition;inactive,3//1,7525//768,61909//16384,667327//49152,1,complete-enumeration:32
340,L200,2//1,5989//768,16,frontier_addition;inactive,1//1,7525//768,0//1,7525//768,1,complete-enumeration:32
340,L400,4//1,4453//768,16,frontier_addition;inactive,1//1,7525//768,0//1,7525//768,1,complete-enumeration:32
341,L0,0//1,572647//49152,25;27;29;31,base_1;closure_carrier;frontier_addition;inactive|base_1;base_2;closure_carrier;frontier_addition;inactive|base_1;base_3;closure_carrier;frontier_addition;inactive|base_1;base_2;base_3;closure_carrier;frontier_addition;inactive,5//1;7//1;9//1,2975//256,1447//49152,572647//49152,4,complete-enumeration:32
341,L025,1//4,2783//256,17,base_1;frontier_addition;inactive,3//1,2975//256,0//1,2975//256,1,complete-enumeration:32
341,L050,1//2,7807//768,1,base_1;inactive,2//1,8575//768,0//1,8575//768,1,complete-enumeration:32
341,L100,1//1,2369//256,16,frontier_addition;inactive,1//1,2625//256,0//1,2625//256,1,complete-enumeration:32
341,L200,2//1,2113//256,16,frontier_addition;inactive,1//1,2625//256,0//1,2625//256,1,complete-enumeration:32
341,L400,4//1,1601//256,16,frontier_addition;inactive,1//1,2625//256,0//1,2625//256,1,complete-enumeration:32
342,L0,0//1,13825//768,21;23;29;31,base_1;base_3;frontier_addition;inactive|base_1;base_2;base_3;frontier_addition;inactive|base_1;base_3;closure_carrier;frontier_addition;inactive|base_1;base_2;base_3;closure_carrier;frontier_addition;inactive,5//1;7//1;9//1,13825//768,0//1,13825//768,4,complete-enumeration:32
342,L025,1//4,12865//768,21,base_1;base_3;frontier_addition;inactive,5//1,13825//768,0//1,13825//768,1,complete-enumeration:32
342,L050,1//2,11905//768,21,base_1;base_3;frontier_addition;inactive,5//1,13825//768,0//1,13825//768,1,complete-enumeration:32
342,L100,1//1,9985//768,21,base_1;base_3;frontier_addition;inactive,5//1,13825//768,0//1,13825//768,1,complete-enumeration:32
342,L200,2//1,103//12,17,base_1;frontier_addition;inactive,3//1,175//12,0//1,175//12,1,complete-enumeration:32
342,L400,4//1,1251//256,16,frontier_addition;inactive,1//1,2275//256,0//1,2275//256,1,complete-enumeration:32
343,L0,0//1,2975//256,17;19;21;23;25;27;29;31,base_1;frontier_addition;inactive|base_1;base_2;frontier_addition;inactive|base_1;base_3;frontier_addition;inactive|base_1;base_2;base_3;frontier_addition;inactive|base_1;closure_carrier;frontier_addition;inactive|base_1;base_2;closure_carrier;frontier_addition;inactive|base_1;base_3;closure_carrier;frontier_addition;inactive|base_1;base_2;base_3;closure_carrier;frontier_addition;inactive,5//1;8//1;9//1;12//1;13//1;16//1,2975//256,0//1,2975//256,8,complete-enumeration:32
343,L025,1//4,2655//256,17,base_1;frontier_addition;inactive,5//1,2975//256,0//1,2975//256,1,complete-enumeration:32
343,L050,1//2,2497//256,16,frontier_addition;inactive,1//1,2625//256,0//1,2625//256,1,complete-enumeration:32
343,L100,1//1,2369//256,16,frontier_addition;inactive,1//1,2625//256,0//1,2625//256,1,complete-enumeration:32
343,L200,2//1,2113//256,16,frontier_addition;inactive,1//1,2625//256,0//1,2625//256,1,complete-enumeration:32
343,L400,4//1,1601//256,16,frontier_addition;inactive,1//1,2625//256,0//1,2625//256,1,complete-enumeration:32
344,L0,0//1,2341//192,25;27;29;31,base_1;closure_carrier;frontier_addition;inactive|base_1;base_2;closure_carrier;frontier_addition;inactive|base_1;base_3;closure_carrier;frontier_addition;inactive|base_1;base_2;base_3;closure_carrier;frontier_addition;inactive,8//1;12//1;16//1,2275//192,11//32,2341//192,4,complete-enumeration:32
344,L025,1//4,2035//192,17,base_1;frontier_addition;inactive,5//1,2275//192,0//1,2275//192,1,complete-enumeration:32
344,L050,1//2,1795//192,17,base_1;frontier_addition;inactive,5//1,2275//192,0//1,2275//192,1,complete-enumeration:32
344,L100,1//1,6757//768,16,frontier_addition;inactive,1//1,7525//768,0//1,7525//768,1,complete-enumeration:32
344,L200,2//1,5989//768,16,frontier_addition;inactive,1//1,7525//768,0//1,7525//768,1,complete-enumeration:32
344,L400,4//1,4453//768,16,frontier_addition;inactive,1//1,7525//768,0//1,7525//768,1,complete-enumeration:32
345,L0,0//1,13825//768,19;23;27;31,base_1;base_2;frontier_addition;inactive|base_1;base_2;base_3;frontier_addition;inactive|base_1;base_2;closure_carrier;frontier_addition;inactive|base_1;base_2;base_3;closure_carrier;frontier_addition;inactive,9//1;12//1;13//1;16//1,13825//768,0//1,13825//768,4,complete-enumeration:32
345,L025,1//4,12097//768,19,base_1;base_2;frontier_addition;inactive,9//1,13825//768,0//1,13825//768,1,complete-enumeration:32
345,L050,1//2,10369//768,19,base_1;base_2;frontier_addition;inactive,9//1,13825//768,0//1,13825//768,1,complete-enumeration:32
345,L100,1//1,115//12,17,base_1;frontier_addition;inactive,5//1,175//12,0//1,175//12,1,complete-enumeration:32
345,L200,2//1,5639//768,16,frontier_addition;inactive,1//1,7175//768,0//1,7175//768,1,complete-enumeration:32
345,L400,4//1,4103//768,16,frontier_addition;inactive,1//1,7175//768,0//1,7175//768,1,complete-enumeration:32
346,L0,0//1,875//48,19;23;27;31,base_1;base_2;frontier_addition;inactive|base_1;base_2;base_3;frontier_addition;inactive|base_1;base_2;closure_carrier;frontier_addition;inactive|base_1;base_2;base_3;closure_carrier;frontier_addition;inactive,9//1;12//1;13//1;16//1,875//48,0//1,875//48,4,complete-enumeration:32
346,L025,1//4,767//48,19,base_1;base_2;frontier_addition;inactive,9//1,875//48,0//1,875//48,1,complete-enumeration:32
346,L050,1//2,659//48,19,base_1;base_2;frontier_addition;inactive,9//1,875//48,0//1,875//48,1,complete-enumeration:32
346,L100,1//1,115//12,18,base_2;frontier_addition;inactive,5//1,175//12,0//1,175//12,1,complete-enumeration:32
346,L200,2//1,683//96,16,frontier_addition;inactive,1//1,875//96,0//1,875//96,1,complete-enumeration:32
346,L400,4//1,491//96,16,frontier_addition;inactive,1//1,875//96,0//1,875//96,1,complete-enumeration:32
347,L0,0//1,9275//768,17;19;21;23;25;27;29;31,base_1;frontier_addition;inactive|base_1;base_2;frontier_addition;inactive|base_1;base_3;frontier_addition;inactive|base_1;base_2;base_3;frontier_addition;inactive|base_1;closure_carrier;frontier_addition;inactive|base_1;base_2;closure_carrier;frontier_addition;inactive|base_1;base_3;closure_carrier;frontier_addition;inactive|base_1;base_2;base_3;closure_carrier;frontier_addition;inactive,5//1;8//1;9//1;12//1;13//1;16//1,9275//768,0//1,9275//768,8,complete-enumeration:32
347,L025,1//4,8315//768,17,base_1;frontier_addition;inactive,5//1,9275//768,0//1,9275//768,1,complete-enumeration:32
347,L050,1//2,7355//768,17,base_1;frontier_addition;inactive,5//1,9275//768,0//1,9275//768,1,complete-enumeration:32
347,L100,1//1,6757//768,16,frontier_addition;inactive,1//1,7525//768,0//1,7525//768,1,complete-enumeration:32
347,L200,2//1,5989//768,16,frontier_addition;inactive,1//1,7525//768,0//1,7525//768,1,complete-enumeration:32
347,L400,4//1,4453//768,16,frontier_addition;inactive,1//1,7525//768,0//1,7525//768,1,complete-enumeration:32
348,L0,0//1,7175//384,21;23;29;31,base_1;base_3;frontier_addition;inactive|base_1;base_2;base_3;frontier_addition;inactive|base_1;base_3;closure_carrier;frontier_addition;inactive|base_1;base_2;base_3;closure_carrier;frontier_addition;inactive,5//1;7//1;8//1;10//1,7175//384,0//1,7175//384,4,complete-enumeration:32
348,L025,1//4,6695//384,21,base_1;base_3;frontier_addition;inactive,5//1,7175//384,0//1,7175//384,1,complete-enumeration:32
348,L050,1//2,6215//384,21,base_1;base_3;frontier_addition;inactive,5//1,7175//384,0//1,7175//384,1,complete-enumeration:32
348,L100,1//1,5255//384,21,base_1;base_3;frontier_addition;inactive,5//1,7175//384,0//1,7175//384,1,complete-enumeration:32
348,L200,2//1,6767//768,17;20,base_1;frontier_addition;inactive|base_3;frontier_addition;inactive,3//1,11375//768,0//1,11375//768,2,complete-enumeration:32
348,L400,4//1,4103//768,16,frontier_addition;inactive,1//1,7175//768,0//1,7175//768,1,complete-enumeration:32
349,L0,0//1,1575//128,17;19;21;23;25;27;29;31,base_1;frontier_addition;inactive|base_1;base_2;frontier_addition;inactive|base_1;base_3;frontier_addition;inactive|base_1;base_2;base_3;frontier_addition;inactive|base_1;closure_carrier;frontier_addition;inactive|base_1;base_2;closure_carrier;frontier_addition;inactive|base_1;base_3;closure_carrier;frontier_addition;inactive|base_1;base_2;base_3;closure_carrier;frontier_addition;inactive,5//1;8//1;9//1;12//1;13//1;16//1,1575//128,0//1,1575//128,8,complete-enumeration:32
349,L025,1//4,1415//128,17,base_1;frontier_addition;inactive,5//1,1575//128,0//1,1575//128,1,complete-enumeration:32
349,L050,1//2,1255//128,17,base_1;frontier_addition;inactive,5//1,1575//128,0//1,1575//128,1,complete-enumeration:32
349,L100,1//1,1733//192,16,frontier_addition;inactive,1//1,1925//192,0//1,1925//192,1,complete-enumeration:32
349,L200,2//1,1541//192,16,frontier_addition;inactive,1//1,1925//192,0//1,1925//192,1,complete-enumeration:32
349,L400,4//1,1157//192,16,frontier_addition;inactive,1//1,1925//192,0//1,1925//192,1,complete-enumeration:32
350,L0,0//1,87539//6144,25;27;29;31,base_1;closure_carrier;frontier_addition;inactive|base_1;base_2;closure_carrier;frontier_addition;inactive|base_1;base_3;closure_carrier;frontier_addition;inactive|base_1;base_2;base_3;closure_carrier;frontier_addition;inactive,6//1;8//1;10//1,2275//192,4913//2048,87539//6144,4,complete-enumeration:32
350,L025,1//4,78323//6144,25,base_1;closure_carrier;frontier_addition;inactive,6//1,2275//192,4913//2048,87539//6144,1,complete-enumeration:32
350,L050,1//2,188921//16384,24,closure_carrier;frontier_addition;inactive,4//1,2625//256,53689//16384,221689//16384,1,complete-enumeration:32
350,L100,1//1,156153//16384,24,closure_carrier;frontier_addition;inactive,4//1,2625//256,53689//16384,221689//16384,1,complete-enumeration:32
350,L200,2//1,2113//256,16,frontier_addition;inactive,1//1,2625//256,0//1,2625//256,1,complete-enumeration:32
350,L400,4//1,1601//256,16,frontier_addition;inactive,1//1,2625//256,0//1,2625//256,1,complete-enumeration:32
351,L0,0//1,4601//384,25;27;29;31,base_1;closure_carrier;frontier_addition;inactive|base_1;base_2;closure_carrier;frontier_addition;inactive|base_1;base_3;closure_carrier;frontier_addition;inactive|base_1;base_2;base_3;closure_carrier;frontier_addition;inactive,6//1;8//1;10//1,2275//192,17//128,4601//384,4,complete-enumeration:32
351,L025,1//4,2131//192,17,base_1;frontier_addition;inactive,3//1,2275//192,0//1,2275//192,1,complete-enumeration:32
351,L050,1//2,1987//192,17,base_1;frontier_addition;inactive,3//1,2275//192,0//1,2275//192,1,complete-enumeration:32
351,L100,1//1,2369//256,16,frontier_addition;inactive,1//1,2625//256,0//1,2625//256,1,complete-enumeration:32
351,L200,2//1,2113//256,16,frontier_addition;inactive,1//1,2625//256,0//1,2625//256,1,complete-enumeration:32
351,L400,4//1,1601//256,16,frontier_addition;inactive,1//1,2625//256,0//1,2625//256,1,complete-enumeration:32
352,L0,0//1,5159//384,25;27;29;31,base_1;closure_carrier;frontier_addition;inactive|base_1;base_2;closure_carrier;frontier_addition;inactive|base_1;base_3;closure_carrier;frontier_addition;inactive|base_1;base_2;base_3;closure_carrier;frontier_addition;inactive,6//1;8//1;10//1,2275//192,203//128,5159//384,4,complete-enumeration:32
352,L025,1//4,4583//384,25,base_1;closure_carrier;frontier_addition;inactive,6//1,2275//192,203//128,5159//384,1,complete-enumeration:32
352,L050,1//2,172357//16384,9,base_1;closure_carrier;inactive,5//1,175//16,34117//16384,213317//16384,1,complete-enumeration:32
352,L100,1//1,143//16,1,base_1;inactive,2//1,175//16,0//1,175//16,1,complete-enumeration:32
352,L200,2//1,5639//768,16,frontier_addition;inactive,1//1,7175//768,0//1,7175//768,1,complete-enumeration:32
352,L400,4//1,4103//768,16,frontier_addition;inactive,1//1,7175//768,0//1,7175//768,1,complete-enumeration:32
353,L0,0//1,2275//128,21;23;29;31,base_1;base_3;frontier_addition;inactive|base_1;base_2;base_3;frontier_addition;inactive|base_1;base_3;closure_carrier;frontier_addition;inactive|base_1;base_2;base_3;closure_carrier;frontier_addition;inactive,9//1;11//1;13//1;15//1,2275//128,0//1,2275//128,4,complete-enumeration:32
353,L025,1//4,1987//128,21,base_1;base_3;frontier_addition;inactive,9//1,2275//128,0//1,2275//128,1,complete-enumeration:32
353,L050,1//2,1699//128,21,base_1;base_3;frontier_addition;inactive,9//1,2275//128,0//1,2275//128,1,complete-enumeration:32
353,L100,1//1,2395//256,20,base_3;frontier_addition;inactive,5//1,3675//256,0//1,3675//256,1,complete-enumeration:32
353,L200,2//1,1763//256,16,frontier_addition;inactive,1//1,2275//256,0//1,2275//256,1,complete-enumeration:32
353,L400,4//1,1251//256,16,frontier_addition;inactive,1//1,2275//256,0//1,2275//256,1,complete-enumeration:32
354,L0,0//1,41313//2048,30;31,base_2;base_3;closure_carrier;frontier_addition;inactive|base_1;base_2;base_3;closure_carrier;frontier_addition;inactive,11//1;15//1,2275//128,4913//2048,41313//2048,2,complete-enumeration:32
354,L025,1//4,35681//2048,30,base_2;base_3;closure_carrier;frontier_addition;inactive,11//1,2275//128,4913//2048,41313//2048,1,complete-enumeration:32
354,L050,1//2,374495//24576,26,base_2;closure_carrier;frontier_addition;inactive,7//1,175//12,34037//8192,460511//24576,1,complete-enumeration:32
354,L100,1//1,657761//49152,24,closure_carrier;frontier_addition;inactive,3//1,7175//768,115339//16384,805217//49152,1,complete-enumeration:32
354,L200,2//1,510305//49152,24,closure_carrier;frontier_addition;inactive,3//1,7175//768,115339//16384,805217//49152,1,complete-enumeration:32
354,L400,4//1,34507//6144,8,closure_carrier;inactive,2//1,1225//384,21353//2048,83659//6144,1,complete-enumeration:32
355,L0,0//1,2275//192,17;19;21;23;25;27;29;31,base_1;frontier_addition;inactive|base_1;base_2;frontier_addition;inactive|base_1;base_3;frontier_addition;inactive|base_1;base_2;base_3;frontier_addition;inactive|base_1;closure_carrier;frontier_addition;inactive|base_1;base_2;closure_carrier;frontier_addition;inactive|base_1;base_3;closure_carrier;frontier_addition;inactive|base_1;base_2;base_3;closure_carrier;frontier_addition;inactive,3//1;5//1;7//1;9//1,2275//192,0//1,2275//192,8,complete-enumeration:32
355,L025,1//4,2131//192,17,base_1;frontier_addition;inactive,3//1,2275//192,0//1,2275//192,1,complete-enumeration:32
355,L050,1//2,1987//192,17,base_1;frontier_addition;inactive,3//1,2275//192,0//1,2275//192,1,complete-enumeration:32
355,L100,1//1,2369//256,16,frontier_addition;inactive,1//1,2625//256,0//1,2625//256,1,complete-enumeration:32
355,L200,2//1,2113//256,16,frontier_addition;inactive,1//1,2625//256,0//1,2625//256,1,complete-enumeration:32
355,L400,4//1,1601//256,16,frontier_addition;inactive,1//1,2625//256,0//1,2625//256,1,complete-enumeration:32
356,L0,0//1,581653//49152,25;27;29;31,base_1;closure_carrier;frontier_addition;inactive|base_1;base_2;closure_carrier;frontier_addition;inactive|base_1;base_3;closure_carrier;frontier_addition;inactive|base_1;base_2;base_3;closure_carrier;frontier_addition;inactive,5//1;7//1;9//1,2975//256,10453//49152,581653//49152,4,complete-enumeration:32
356,L025,1//4,2783//256,17,base_1;frontier_addition;inactive,3//1,2975//256,0//1,2975//256,1,complete-enumeration:32
356,L050,1//2,2591//256,17,base_1;frontier_addition;inactive,3//1,2975//256,0//1,2975//256,1,complete-enumeration:32
356,L100,1//1,143//16,1,base_1;inactive,2//1,175//16,0//1,175//16,1,complete-enumeration:32
356,L200,2//1,969//128,16,frontier_addition;inactive,1//1,1225//128,0//1,1225//128,1,complete-enumeration:32
356,L400,4//1,713//128,16,frontier_addition;inactive,1//1,1225//128,0//1,1225//128,1,complete-enumeration:32
357,L0,0//1,299149//16384,29;31,base_1;base_3;closure_carrier;frontier_addition;inactive|base_1;base_2;base_3;closure_carrier;frontier_addition;inactive,12//1;16//1,875//48,1447//49152,299149//16384,2,complete-enumeration:32
357,L025,1//4,767//48,21,base_1;base_3;frontier_addition;inactive,9//1,875//48,0//1,875//48,1,complete-enumeration:32
357,L050,1//2,659//48,21,base_1;base_3;frontier_addition;inactive,9//1,875//48,0//1,875//48,1,complete-enumeration:32
357,L100,1//1,115//12,17,base_1;frontier_addition;inactive,5//1,175//12,0//1,175//12,1,complete-enumeration:32
357,L200,2//1,2557//384,16,frontier_addition;inactive,1//1,3325//384,0//1,3325//384,1,complete-enumeration:32
357,L400,4//1,1789//384,16,frontier_addition;inactive,1//1,3325//384,0//1,3325//384,1,complete-enumeration:32
358,L0,0//1,9275//768,17;19;21;23;25;27;29;31,base_1;frontier_addition;inactive|base_1;base_2;frontier_addition;inactive|base_1;base_3;frontier_addition;inactive|base_1;base_2;base_3;frontier_addition;inactive|base_1;closure_carrier;frontier_addition;inactive|base_1;base_2;closure_carrier;frontier_addition;inactive|base_1;base_3;closure_carrier;frontier_addition;inactive|base_1;base_2;base_3;closure_carrier;frontier_addition;inactive,3//1;5//1;6//1;7//1;8//1;10//1,9275//768,0//1,9275//768,8,complete-enumeration:32
358,L025,1//4,8699//768,17,base_1;frontier_addition;inactive,3//1,9275//768,0//1,9275//768,1,complete-enumeration:32
358,L050,1//2,8123//768,17,base_1;frontier_addition;inactive,3//1,9275//768,0//1,9275//768,1,complete-enumeration:32
358,L100,1//1,6971//768,17,base_1;frontier_addition;inactive,3//1,9275//768,0//1,9275//768,1,complete-enumeration:32
358,L200,2//1,1541//192,16,frontier_addition;inactive,1//1,1925//192,0//1,1925//192,1,complete-enumeration:32
358,L400,4//1,1157//192,16,frontier_addition;inactive,1//1,1925//192,0//1,1925//192,1,complete-enumeration:32
359,L0,0//1,9275//768,17;19;21;23;25;27;29;31,base_1;frontier_addition;inactive|base_1;base_2;frontier_addition;inactive|base_1;base_3;frontier_addition;inactive|base_1;base_2;base_3;frontier_addition;inactive|base_1;closure_carrier;frontier_addition;inactive|base_1;base_2;closure_carrier;frontier_addition;inactive|base_1;base_3;closure_carrier;frontier_addition;inactive|base_1;base_2;base_3;closure_carrier;frontier_addition;inactive,3//1;5//1;7//1;9//1,9275//768,0//1,9275//768,8,complete-enumeration:32
359,L025,1//4,8699//768,17,base_1;frontier_addition;inactive,3//1,9275//768,0//1,9275//768,1,complete-enumeration:32
359,L050,1//2,8123//768,17,base_1;frontier_addition;inactive,3//1,9275//768,0//1,9275//768,1,complete-enumeration:32
359,L100,1//1,7039//768,1,base_1;inactive,2//1,8575//768,0//1,8575//768,1,complete-enumeration:32
359,L200,2//1,1541//192,16,frontier_addition;inactive,1//1,1925//192,0//1,1925//192,1,complete-enumeration:32
359,L400,4//1,1157//192,16,frontier_addition;inactive,1//1,1925//192,0//1,1925//192,1,complete-enumeration:32
360,L0,0//1,607597//49152,25;27;29;31,base_1;closure_carrier;frontier_addition;inactive|base_1;base_2;closure_carrier;frontier_addition;inactive|base_1;base_3;closure_carrier;frontier_addition;inactive|base_1;base_2;base_3;closure_carrier;frontier_addition;inactive,6//1;8//1;10//1,9275//768,13997//49152,607597//49152,4,complete-enumeration:32
360,L025,1//4,8699//768,17,base_1;frontier_addition;inactive,3//1,9275//768,0//1,9275//768,1,complete-enumeration:32
360,L050,1//2,8123//768,17,base_1;frontier_addition;inactive,3//1,9275//768,0//1,9275//768,1,complete-enumeration:32
360,L100,1//1,2369//256,16,frontier_addition;inactive,1//1,2625//256,0//1,2625//256,1,complete-enumeration:32
360,L200,2//1,2113//256,16,frontier_addition;inactive,1//1,2625//256,0//1,2625//256,1,complete-enumeration:32
360,L400,4//1,1601//256,16,frontier_addition;inactive,1//1,2625//256,0//1,2625//256,1,complete-enumeration:32
361,L0,0//1,8575//768,17;19;21;23;25;27;29;31,base_1;frontier_addition;inactive|base_1;base_2;frontier_addition;inactive|base_1;base_3;frontier_addition;inactive|base_1;base_2;base_3;frontier_addition;inactive|base_1;closure_carrier;frontier_addition;inactive|base_1;base_2;closure_carrier;frontier_addition;inactive|base_1;base_3;closure_carrier;frontier_addition;inactive|base_1;base_2;base_3;closure_carrier;frontier_addition;inactive,3//1;5//1;7//1;9//1,8575//768,0//1,8575//768,8,complete-enumeration:32
361,L025,1//4,7999//768,17,base_1;frontier_addition;inactive,3//1,8575//768,0//1,8575//768,1,complete-enumeration:32
361,L050,1//2,7423//768,17,base_1;frontier_addition;inactive,3//1,8575//768,0//1,8575//768,1,complete-enumeration:32
361,L100,1//1,1733//192,16,frontier_addition;inactive,1//1,1925//192,0//1,1925//192,1,complete-enumeration:32
361,L200,2//1,1541//192,16,frontier_addition;inactive,1//1,1925//192,0//1,1925//192,1,complete-enumeration:32
361,L400,4//1,1157//192,16,frontier_addition;inactive,1//1,1925//192,0//1,1925//192,1,complete-enumeration:32
362,L0,0//1,61693//3072,27;31,base_1;base_2;closure_carrier;frontier_addition;inactive|base_1;base_2;base_3;closure_carrier;frontier_addition;inactive,7//1;9//1,13825//768,2131//1024,61693//3072,2,complete-enumeration:32
362,L025,1//4,56317//3072,27,base_1;base_2;closure_carrier;frontier_addition;inactive,7//1,13825//768,2131//1024,61693//3072,1,complete-enumeration:32
362,L050,1//2,50941//3072,27,base_1;base_2;closure_carrier;frontier_addition;inactive,7//1,13825//768,2131//1024,61693//3072,1,complete-enumeration:32
362,L100,1//1,27517//2048,25;26,base_1;closure_carrier;frontier_addition;inactive|base_2;closure_carrier;frontier_addition;inactive,5//1,3675//256,8357//2048,37757//2048,2,complete-enumeration:32
362,L200,2//1,40853//4096,24,closure_carrier;frontier_addition;inactive,3//1,2275//256,29029//4096,65429//4096,1,complete-enumeration:32
362,L400,4//1,31369//6144,8,closure_carrier;inactive,2//1,1925//768,21707//2048,80521//6144,1,complete-enumeration:32
363,L0,0//1,230003//12288,29;31,base_1;base_3;closure_carrier;frontier_addition;inactive|base_1;base_2;base_3;closure_carrier;frontier_addition;inactive,12//1;16//1,7175//384,403//12288,230003//12288,2,complete-enumeration:32
363,L025,1//4,6311//384,21,base_1;base_3;frontier_addition;inactive,9//1,7175//384,0//1,7175//384,1,complete-enumeration:32
363,L050,1//2,5447//384,21,base_1;base_3;frontier_addition;inactive,9//1,7175//384,0//1,7175//384,1,complete-enumeration:32
363,L100,1//1,7885//768,17,base_1;frontier_addition;inactive,5//1,11725//768,0//1,11725//768,1,complete-enumeration:32
363,L200,2//1,969//128,16,frontier_addition;inactive,1//1,1225//128,0//1,1225//128,1,complete-enumeration:32
363,L400,4//1,713//128,16,frontier_addition;inactive,1//1,1225//128,0//1,1225//128,1,complete-enumeration:32
364,L0,0//1,42713//2048,29;31,base_1;base_3;closure_carrier;frontier_addition;inactive|base_1;base_2;base_3;closure_carrier;frontier_addition;inactive,7//1;9//1,4725//256,4913//2048,42713//2048,2,complete-enumeration:32
364,L025,1//4,39129//2048,29,base_1;base_3;closure_carrier;frontier_addition;inactive,7//1,4725//256,4913//2048,42713//2048,1,complete-enumeration:32
364,L050,1//2,35545//2048,29,base_1;base_3;closure_carrier;frontier_addition;inactive,7//1,4725//256,4913//2048,42713//2048,1,complete-enumeration:32
364,L100,1//1,234609//16384,28,base_3;closure_carrier;frontier_addition;inactive,5//1,1925//128,70129//16384,316529//16384,1,complete-enumeration:32
364,L200,2//1,177945//16384,24,closure_carrier;frontier_addition;inactive,3//1,1225//128,119449//16384,276249//16384,1,complete-enumeration:32
364,L400,4//1,139723//24576,8,closure_carrier;inactive,2//1,1925//768,91577//8192,336331//24576,1,complete-enumeration:32
365,L0,0//1,55371//4096,25;27;29;31,base_1;closure_carrier;frontier_addition;inactive|base_1;base_2;closure_carrier;frontier_addition;inactive|base_1;base_3;closure_carrier;frontier_addition;inactive|base_1;base_2;base_3;closure_carrier;frontier_addition;inactive,8//1;12//1;16//1,2975//256,7771//4096,55371//4096,4,complete-enumeration:32
365,L025,1//4,189995//16384,24,closure_carrier;frontier_addition;inactive,4//1,1225//128,49579//16384,206379//16384,1,complete-enumeration:32
365,L050,1//2,173611//16384,24,closure_carrier;frontier_addition;inactive,4//1,1225//128,49579//16384,206379//16384,1,complete-enumeration:32
365,L100,1//1,140843//16384,24,closure_carrier;frontier_addition;inactive,4//1,1225//128,49579//16384,206379//16384,1,complete-enumeration:32
365,L200,2//1,969//128,16,frontier_addition;inactive,1//1,1225//128,0//1,1225//128,1,complete-enumeration:32
365,L400,4//1,713//128,16,frontier_addition;inactive,1//1,1225//128,0//1,1225//128,1,complete-enumeration:32
366,L0,0//1,7175//384,19;23;27;31,base_1;base_2;frontier_addition;inactive|base_1;base_2;base_3;frontier_addition;inactive|base_1;base_2;closure_carrier;frontier_addition;inactive|base_1;base_2;base_3;closure_carrier;frontier_addition;inactive,9//1;11//1;13//1;15//1,7175//384,0//1,7175//384,4,complete-enumeration:32
366,L025,1//4,6311//384,19,base_1;base_2;frontier_addition;inactive,9//1,7175//384,0//1,7175//384,1,complete-enumeration:32
366,L050,1//2,5447//384,19,base_1;base_2;frontier_addition;inactive,9//1,7175//384,0//1,7175//384,1,complete-enumeration:32
366,L100,1//1,7535//768,17;18,base_1;frontier_addition;inactive|base_2;frontier_addition;inactive,5//1,11375//768,0//1,11375//768,2,complete-enumeration:32
366,L200,2//1,969//128,16,frontier_addition;inactive,1//1,1225//128,0//1,1225//128,1,complete-enumeration:32
366,L400,4//1,713//128,16,frontier_addition;inactive,1//1,1225//128,0//1,1225//128,1,complete-enumeration:32
367,L0,0//1,126739//6144,29;31,base_1;base_3;closure_carrier;frontier_addition;inactive|base_1;base_2;base_3;closure_carrier;frontier_addition;inactive,7//1;9//1,875//48,4913//2048,126739//6144,2,complete-enumeration:32
367,L025,1//4,115987//6144,29,base_1;base_3;closure_carrier;frontier_addition;inactive,7//1,875//48,4913//2048,126739//6144,1,complete-enumeration:32
367,L050,1//2,105235//6144,29,base_1;base_3;closure_carrier;frontier_addition;inactive,7//1,875//48,4913//2048,126739//6144,1,complete-enumeration:32
367,L100,1//1,116277//8192,25,base_1;closure_carrier;frontier_addition;inactive,5//1,1925//128,34037//8192,157237//8192,1,complete-enumeration:32
367,L200,2//1,532705//49152,24,closure_carrier;frontier_addition;inactive,3//1,7525//768,115339//16384,827617//49152,1,complete-enumeration:32
367,L400,4//1,273281//49152,8,closure_carrier;inactive,2//1,1925//768,181099//16384,666497//49152,1,complete-enumeration:32
368,L0,0//1,2275//192,17;19;21;23;25;27;29;31,base_1;frontier_addition;inactive|base_1;base_2;frontier_addition;inactive|base_1;base_3;frontier_addition;inactive|base_1;base_2;base_3;frontier_addition;inactive|base_1;closure_carrier;frontier_addition;inactive|base_1;base_2;closure_carrier;frontier_addition;inactive|base_1;base_3;closure_carrier;frontier_addition;inactive|base_1;base_2;base_3;closure_carrier;frontier_addition;inactive,5//1;7//1;9//1;11//1;13//1;15//1,2275//192,0//1,2275//192,8,complete-enumeration:32
368,L025,1//4,2035//192,17,base_1;frontier_addition;inactive,5//1,2275//192,0//1,2275//192,1,complete-enumeration:32
368,L050,1//2,2497//256,16,frontier_addition;inactive,1//1,2625//256,0//1,2625//256,1,complete-enumeration:32
368,L100,1//1,2369//256,16,frontier_addition;inactive,1//1,2625//256,0//1,2625//256,1,complete-enumeration:32
368,L200,2//1,2113//256,16,frontier_addition;inactive,1//1,2625//256,0//1,2625//256,1,complete-enumeration:32
368,L400,4//1,1601//256,16,frontier_addition;inactive,1//1,2625//256,0//1,2625//256,1,complete-enumeration:32
369,L0,0//1,243031//12288,29;31,base_1;base_3;closure_carrier;frontier_addition;inactive|base_1;base_2;base_3;closure_carrier;frontier_addition;inactive,11//1;15//1,7175//384,4477//4096,243031//12288,2,complete-enumeration:32
369,L025,1//4,209239//12288,29,base_1;base_3;closure_carrier;frontier_addition;inactive,11//1,7175//384,4477//4096,243031//12288,1,complete-enumeration:32
369,L050,1//2,175447//12288,29,base_1;base_3;closure_carrier;frontier_addition;inactive,11//1,7175//384,4477//4096,243031//12288,1,complete-enumeration:32
369,L100,1//1,7885//768,17,base_1;frontier_addition;inactive,5//1,11725//768,0//1,11725//768,1,complete-enumeration:32
369,L200,2//1,969//128,16,frontier_addition;inactive,1//1,1225//128,0//1,1225//128,1,complete-enumeration:32
369,L400,4//1,713//128,16,frontier_addition;inactive,1//1,1225//128,0//1,1225//128,1,complete-enumeration:32
370,L0,0//1,875//48,19;23;27;31,base_1;base_2;frontier_addition;inactive|base_1;base_2;base_3;frontier_addition;inactive|base_1;base_2;closure_carrier;frontier_addition;inactive|base_1;base_2;base_3;closure_carrier;frontier_addition;inactive,9//1;12//1;13//1;16//1,875//48,0//1,875//48,4,complete-enumeration:32
370,L025,1//4,767//48,19,base_1;base_2;frontier_addition;inactive,9//1,875//48,0//1,875//48,1,complete-enumeration:32
370,L050,1//2,659//48,19,base_1;base_2;frontier_addition;inactive,9//1,875//48,0//1,875//48,1,complete-enumeration:32
370,L100,1//1,7535//768,17,base_1;frontier_addition;inactive,5//1,11375//768,0//1,11375//768,1,complete-enumeration:32
370,L200,2//1,683//96,16,frontier_addition;inactive,1//1,875//96,0//1,875//96,1,complete-enumeration:32
370,L400,4//1,491//96,16,frontier_addition;inactive,1//1,875//96,0//1,875//96,1,complete-enumeration:32
371,L0,0//1,1575//128,17;19;21;23;25;27;29;31,base_1;frontier_addition;inactive|base_1;base_2;frontier_addition;inactive|base_1;base_3;frontier_addition;inactive|base_1;base_2;base_3;frontier_addition;inactive|base_1;closure_carrier;frontier_addition;inactive|base_1;base_2;closure_carrier;frontier_addition;inactive|base_1;base_3;closure_carrier;frontier_addition;inactive|base_1;base_2;base_3;closure_carrier;frontier_addition;inactive,5//1;8//1;9//1;12//1;13//1;16//1,1575//128,0//1,1575//128,8,complete-enumeration:32
371,L025,1//4,1415//128,17,base_1;frontier_addition;inactive,5//1,1575//128,0//1,1575//128,1,complete-enumeration:32
371,L050,1//2,3833//384,16,frontier_addition;inactive,1//1,4025//384,0//1,4025//384,1,complete-enumeration:32
371,L100,1//1,3641//384,16,frontier_addition;inactive,1//1,4025//384,0//1,4025//384,1,complete-enumeration:32
371,L200,2//1,3257//384,16,frontier_addition;inactive,1//1,4025//384,0//1,4025//384,1,complete-enumeration:32
371,L400,4//1,2489//384,16,frontier_addition;inactive,1//1,4025//384,0//1,4025//384,1,complete-enumeration:32
372,L0,0//1,2275//192,17;19;21;23;25;27;29;31,base_1;frontier_addition;inactive|base_1;base_2;frontier_addition;inactive|base_1;base_3;frontier_addition;inactive|base_1;base_2;base_3;frontier_addition;inactive|base_1;closure_carrier;frontier_addition;inactive|base_1;base_2;closure_carrier;frontier_addition;inactive|base_1;base_3;closure_carrier;frontier_addition;inactive|base_1;base_2;base_3;closure_carrier;frontier_addition;inactive,5//1;7//1;9//1;11//1;13//1;15//1,2275//192,0//1,2275//192,8,complete-enumeration:32
372,L025,1//4,2035//192,17,base_1;frontier_addition;inactive,5//1,2275//192,0//1,2275//192,1,complete-enumeration:32
372,L050,1//2,1829//192,16,frontier_addition;inactive,1//1,1925//192,0//1,1925//192,1,complete-enumeration:32
372,L100,1//1,1733//192,16,frontier_addition;inactive,1//1,1925//192,0//1,1925//192,1,complete-enumeration:32
372,L200,2//1,1541//192,16,frontier_addition;inactive,1//1,1925//192,0//1,1925//192,1,complete-enumeration:32
372,L400,4//1,1157//192,16,frontier_addition;inactive,1//1,1925//192,0//1,1925//192,1,complete-enumeration:32
373,L0,0//1,4725//256,19;23;27;31,base_1;base_2;frontier_addition;inactive|base_1;base_2;base_3;frontier_addition;inactive|base_1;base_2;closure_carrier;frontier_addition;inactive|base_1;base_2;base_3;closure_carrier;frontier_addition;inactive,9//1;11//1;13//1;15//1,4725//256,0//1,4725//256,4,complete-enumeration:32
373,L025,1//4,4149//256,19,base_1;base_2;frontier_addition;inactive,9//1,4725//256,0//1,4725//256,1,complete-enumeration:32
373,L050,1//2,3573//256,19,base_1;base_2;frontier_addition;inactive,9//1,4725//256,0//1,4725//256,1,complete-enumeration:32
373,L100,1//1,7535//768,17,base_1;frontier_addition;inactive,5//1,11375//768,0//1,11375//768,1,complete-enumeration:32
373,L200,2//1,5639//768,16,frontier_addition;inactive,1//1,7175//768,0//1,7175//768,1,complete-enumeration:32
373,L400,4//1,4103//768,16,frontier_addition;inactive,1//1,7175//768,0//1,7175//768,1,complete-enumeration:32
374,L0,0//1,9275//768,17;19;21;23;25;27;29;31,base_1;frontier_addition;inactive|base_1;base_2;frontier_addition;inactive|base_1;base_3;frontier_addition;inactive|base_1;base_2;base_3;frontier_addition;inactive|base_1;closure_carrier;frontier_addition;inactive|base_1;base_2;closure_carrier;frontier_addition;inactive|base_1;base_3;closure_carrier;frontier_addition;inactive|base_1;base_2;base_3;closure_carrier;frontier_addition;inactive,3//1;5//1;7//1;9//1,9275//768,0//1,9275//768,8,complete-enumeration:32
374,L025,1//4,8699//768,17,base_1;frontier_addition;inactive,3//1,9275//768,0//1,9275//768,1,complete-enumeration:32
374,L050,1//2,8123//768,17,base_1;frontier_addition;inactive,3//1,9275//768,0//1,9275//768,1,complete-enumeration:32
374,L100,1//1,3607//384,1,base_1;inactive,2//1,4375//384,0//1,4375//384,1,complete-enumeration:32
374,L200,2//1,5989//768,16,frontier_addition;inactive,1//1,7525//768,0//1,7525//768,1,complete-enumeration:32
374,L400,4//1,4453//768,16,frontier_addition;inactive,1//1,7525//768,0//1,7525//768,1,complete-enumeration:32
375,L0,0//1,13825//768,22;23;30;31,base_2;base_3;frontier_addition;inactive|base_1;base_2;base_3;frontier_addition;inactive|base_2;base_3;closure_carrier;frontier_addition;inactive|base_1;base_2;base_3;closure_carrier;frontier_addition;inactive,5//1;7//1;8//1;10//1,13825//768,0//1,13825//768,4,complete-enumeration:32
375,L025,1//4,12865//768,22,base_2;base_3;frontier_addition;inactive,5//1,13825//768,0//1,13825//768,1,complete-enumeration:32
375,L050,1//2,11905//768,22,base_2;base_3;frontier_addition;inactive,5//1,13825//768,0//1,13825//768,1,complete-enumeration:32
375,L100,1//1,9985//768,22,base_2;base_3;frontier_addition;inactive,5//1,13825//768,0//1,13825//768,1,complete-enumeration:32
375,L200,2//1,103//12,18;20,base_2;frontier_addition;inactive|base_3;frontier_addition;inactive,3//1,175//12,0//1,175//12,2,complete-enumeration:32
375,L400,4//1,491//96,16,frontier_addition;inactive,1//1,875//96,0//1,875//96,1,complete-enumeration:32
376,L0,0//1,875//48,21;23;29;31,base_1;base_3;frontier_addition;inactive|base_1;base_2;base_3;frontier_addition;inactive|base_1;base_3;closure_carrier;frontier_addition;inactive|base_1;base_2;base_3;closure_carrier;frontier_addition;inactive,9//1;12//1;13//1;16//1,875//48,0//1,875//48,4,complete-enumeration:32
376,L025,1//4,767//48,21,base_1;base_3;frontier_addition;inactive,9//1,875//48,0//1,875//48,1,complete-enumeration:32
376,L050,1//2,659//48,21,base_1;base_3;frontier_addition;inactive,9//1,875//48,0//1,875//48,1,complete-enumeration:32
376,L100,1//1,115//12,20,base_3;frontier_addition;inactive,5//1,175//12,0//1,175//12,1,complete-enumeration:32
376,L200,2//1,1763//256,16,frontier_addition;inactive,1//1,2275//256,0//1,2275//256,1,complete-enumeration:32
376,L400,4//1,1251//256,16,frontier_addition;inactive,1//1,2275//256,0//1,2275//256,1,complete-enumeration:32
377,L0,0//1,13825//768,21;23;29;31,base_1;base_3;frontier_addition;inactive|base_1;base_2;base_3;frontier_addition;inactive|base_1;base_3;closure_carrier;frontier_addition;inactive|base_1;base_2;base_3;closure_carrier;frontier_addition;inactive,5//1;7//1;9//1,13825//768,0//1,13825//768,4,complete-enumeration:32
377,L025,1//4,12865//768,21,base_1;base_3;frontier_addition;inactive,5//1,13825//768,0//1,13825//768,1,complete-enumeration:32
377,L050,1//2,11905//768,21,base_1;base_3;frontier_addition;inactive,5//1,13825//768,0//1,13825//768,1,complete-enumeration:32
377,L100,1//1,9985//768,21,base_1;base_3;frontier_addition;inactive,5//1,13825//768,0//1,13825//768,1,complete-enumeration:32
377,L200,2//1,6767//768,17,base_1;frontier_addition;inactive,3//1,11375//768,0//1,11375//768,1,complete-enumeration:32
377,L400,4//1,1789//384,16,frontier_addition;inactive,1//1,3325//384,0//1,3325//384,1,complete-enumeration:32
378,L0,0//1,604849//49152,25;27;29;31,base_1;closure_carrier;frontier_addition;inactive|base_1;base_2;closure_carrier;frontier_addition;inactive|base_1;base_3;closure_carrier;frontier_addition;inactive|base_1;base_2;base_3;closure_carrier;frontier_addition;inactive,6//1;8//1;10//1,2275//192,7483//16384,604849//49152,4,complete-enumeration:32
378,L025,1//4,2131//192,17,base_1;frontier_addition;inactive,3//1,2275//192,0//1,2275//192,1,complete-enumeration:32
378,L050,1//2,1987//192,17,base_1;frontier_addition;inactive,3//1,2275//192,0//1,2275//192,1,complete-enumeration:32
378,L100,1//1,143//16,1,base_1;inactive,2//1,175//16,0//1,175//16,1,complete-enumeration:32
378,L200,2//1,5989//768,16,frontier_addition;inactive,1//1,7525//768,0//1,7525//768,1,complete-enumeration:32
378,L400,4//1,4453//768,16,frontier_addition;inactive,1//1,7525//768,0//1,7525//768,1,complete-enumeration:32
379,L0,0//1,9683//512,27;31,base_1;base_2;closure_carrier;frontier_addition;inactive|base_1;base_2;base_3;closure_carrier;frontier_addition;inactive,11//1;15//1,4725//256,233//512,9683//512,2,complete-enumeration:32
379,L025,1//4,4149//256,19,base_1;base_2;frontier_addition;inactive,9//1,4725//256,0//1,4725//256,1,complete-enumeration:32
379,L050,1//2,3573//256,19,base_1;base_2;frontier_addition;inactive,9//1,4725//256,0//1,4725//256,1,complete-enumeration:32
379,L100,1//1,7535//768,18,base_2;frontier_addition;inactive,5//1,11375//768,0//1,11375//768,1,complete-enumeration:32
379,L200,2//1,4939//768,16,frontier_addition;inactive,1//1,6475//768,0//1,6475//768,1,complete-enumeration:32
379,L400,4//1,3403//768,16,frontier_addition;inactive,1//1,6475//768,0//1,6475//768,1,complete-enumeration:32
380,L0,0//1,256843//12288,27;31,base_1;base_2;closure_carrier;frontier_addition;inactive|base_1;base_2;base_3;closure_carrier;frontier_addition;inactive,11//1;15//1,13825//768,11881//4096,256843//12288,2,complete-enumeration:32
380,L025,1//4,223051//12288,27,base_1;base_2;closure_carrier;frontier_addition;inactive,11//1,13825//768,11881//4096,256843//12288,1,complete-enumeration:32
380,L050,1//2,64565//4096,25;26,base_1;closure_carrier;frontier_addition;inactive|base_2;closure_carrier;frontier_addition;inactive,7//1,3675//256,20101//4096,78901//4096,2,complete-enumeration:32
380,L100,1//1,683551//49152,24,closure_carrier;frontier_addition;inactive,3//1,875//96,127669//16384,831007//49152,1,complete-enumeration:32
380,L200,2//1,536095//49152,24,closure_carrier;frontier_addition;inactive,3//1,875//96,127669//16384,831007//49152,1,complete-enumeration:32
380,L400,4//1,4559//768,8,closure_carrier;inactive,2//1,1925//768,1463//128,10703//768,1,complete-enumeration:32
381,L0,0//1,4725//256,19;23;27;31,base_1;base_2;frontier_addition;inactive|base_1;base_2;base_3;frontier_addition;inactive|base_1;base_2;closure_carrier;frontier_addition;inactive|base_1;base_2;base_3;closure_carrier;frontier_addition;inactive,5//1;7//1;8//1;10//1,4725//256,0//1,4725//256,4,complete-enumeration:32
381,L025,1//4,4405//256,19,base_1;base_2;frontier_addition;inactive,5//1,4725//256,0//1,4725//256,1,complete-enumeration:32
381,L050,1//2,4085//256,19,base_1;base_2;frontier_addition;inactive,5//1,4725//256,0//1,4725//256,1,complete-enumeration:32
381,L100,1//1,3445//256,19,base_1;base_2;frontier_addition;inactive,5//1,4725//256,0//1,4725//256,1,complete-enumeration:32
381,L200,2//1,6767//768,17;18,base_1;frontier_addition;inactive|base_2;frontier_addition;inactive,3//1,11375//768,0//1,11375//768,2,complete-enumeration:32
381,L400,4//1,491//96,16,frontier_addition;inactive,1//1,875//96,0//1,875//96,1,complete-enumeration:32
382,L0,0//1,939029//49152,27;31,base_1;base_2;closure_carrier;frontier_addition;inactive|base_1;base_2;base_3;closure_carrier;frontier_addition;inactive,12//1;16//1,875//48,14343//16384,939029//49152,2,complete-enumeration:32
382,L025,1//4,791573//49152,27,base_1;base_2;closure_carrier;frontier_addition;inactive,12//1,875//48,14343//16384,939029//49152,1,complete-enumeration:32
382,L050,1//2,659//48,19,base_1;base_2;frontier_addition;inactive,9//1,875//48,0//1,875//48,1,complete-enumeration:32
382,L100,1//1,1285//128,18,base_2;frontier_addition;inactive,5//1,1925//128,0//1,1925//128,1,complete-enumeration:32
382,L200,2//1,5639//768,16,frontier_addition;inactive,1//1,7175//768,0//1,7175//768,1,complete-enumeration:32
382,L400,4//1,4103//768,16,frontier_addition;inactive,1//1,7175//768,0//1,7175//768,1,complete-enumeration:32
383,L0,0//1,9377//768,25;27;29;31,base_1;closure_carrier;frontier_addition;inactive|base_1;base_2;closure_carrier;frontier_addition;inactive|base_1;base_3;closure_carrier;frontier_addition;inactive|base_1;base_2;base_3;closure_carrier;frontier_addition;inactive,7//1;11//1;15//1,9275//768,17//128,9377//768,4,complete-enumeration:32
383,L025,1//4,8315//768,17,base_1;frontier_addition;inactive,5//1,9275//768,0//1,9275//768,1,complete-enumeration:32
383,L050,1//2,2497//256,16,frontier_addition;inactive,1//1,2625//256,0//1,2625//256,1,complete-enumeration:32
383,L100,1//1,2369//256,16,frontier_addition;inactive,1//1,2625//256,0//1,2625//256,1,complete-enumeration:32
383,L200,2//1,2113//256,16,frontier_addition;inactive,1//1,2625//256,0//1,2625//256,1,complete-enumeration:32
383,L400,4//1,1601//256,16,frontier_addition;inactive,1//1,2625//256,0//1,2625//256,1,complete-enumeration:32
384,L0,0//1,83371//4096,27;31,base_1;base_2;closure_carrier;frontier_addition;inactive|base_1;base_2;base_3;closure_carrier;frontier_addition;inactive,12//1;16//1,4725//256,7771//4096,83371//4096,2,complete-enumeration:32
384,L025,1//4,71083//4096,27,base_1;base_2;closure_carrier;frontier_addition;inactive,12//1,4725//256,7771//4096,83371//4096,1,complete-enumeration:32
384,L050,1//2,366677//24576,26,base_2;closure_carrier;frontier_addition;inactive,8//1,11725//768,29927//8192,464981//24576,1,complete-enumeration:32
384,L100,1//1,202493//16384,24,closure_carrier;frontier_addition;inactive,4//1,1225//128,111229//16384,268029//16384,1,complete-enumeration:32
384,L200,2//1,136957//16384,24,closure_carrier;frontier_addition;inactive,4//1,1225//128,111229//16384,268029//16384,1,complete-enumeration:32
384,L400,4//1,491//96,16,frontier_addition;inactive,1//1,875//96,0//1,875//96,1,complete-enumeration:32
385,L0,0//1,4601//384,17;19;21;23;25;27;29;31,base_1;frontier_addition;inactive|base_1;base_2;frontier_addition;inactive|base_1;base_3;frontier_addition;inactive|base_1;base_2;base_3;frontier_addition;inactive|base_1;closure_carrier;frontier_addition;inactive|base_1;base_2;closure_carrier;frontier_addition;inactive|base_1;base_3;closure_carrier;frontier_addition;inactive|base_1;base_2;base_3;closure_carrier;frontier_addition;inactive,3//1;5//1;7//1;9//1,2275//192,17//128,4601//384,8,complete-enumeration:32
385,L025,1//4,4313//384,17,base_1;frontier_addition;inactive,3//1,2275//192,17//128,4601//384,1,complete-enumeration:32
385,L050,1//2,4025//384,17,base_1;frontier_addition;inactive,3//1,2275//192,17//128,4601//384,1,complete-enumeration:32
385,L100,1//1,2349//256,1,base_1;inactive,2//1,175//16,61//256,2861//256,1,complete-enumeration:32
385,L200,2//1,5989//768,16,frontier_addition;inactive,1//1,7525//768,0//1,7525//768,1,complete-enumeration:32
385,L400,4//1,4453//768,16,frontier_addition;inactive,1//1,7525//768,0//1,7525//768,1,complete-enumeration:32
386,L0,0//1,2275//192,17;19;21;23;25;27;29;31,base_1;frontier_addition;inactive|base_1;base_2;frontier_addition;inactive|base_1;base_3;frontier_addition;inactive|base_1;base_2;base_3;frontier_addition;inactive|base_1;closure_carrier;frontier_addition;inactive|base_1;base_2;closure_carrier;frontier_addition;inactive|base_1;base_3;closure_carrier;frontier_addition;inactive|base_1;base_2;base_3;closure_carrier;frontier_addition;inactive,5//1;7//1;9//1;11//1;13//1;15//1,2275//192,0//1,2275//192,8,complete-enumeration:32
386,L025,1//4,2035//192,17,base_1;frontier_addition;inactive,5//1,2275//192,0//1,2275//192,1,complete-enumeration:32
386,L050,1//2,2497//256,16,frontier_addition;inactive,1//1,2625//256,0//1,2625//256,1,complete-enumeration:32
386,L100,1//1,2369//256,16,frontier_addition;inactive,1//1,2625//256,0//1,2625//256,1,complete-enumeration:32
386,L200,2//1,2113//256,16,frontier_addition;inactive,1//1,2625//256,0//1,2625//256,1,complete-enumeration:32
386,L400,4//1,1601//256,16,frontier_addition;inactive,1//1,2625//256,0//1,2625//256,1,complete-enumeration:32
387,L0,0//1,449447//24576,21;23;29;31,base_1;base_3;frontier_addition;inactive|base_1;base_2;base_3;frontier_addition;inactive|base_1;base_3;closure_carrier;frontier_addition;inactive|base_1;base_2;base_3;closure_carrier;frontier_addition;inactive,9//1;11//1;13//1;15//1,875//48,1447//24576,449447//24576,4,complete-enumeration:32
387,L025,1//4,394151//24576,21,base_1;base_3;frontier_addition;inactive,9//1,875//48,1447//24576,449447//24576,1,complete-enumeration:32
387,L050,1//2,338855//24576,21,base_1;base_3;frontier_addition;inactive,9//1,875//48,1447//24576,449447//24576,1,complete-enumeration:32
387,L100,1//1,31439//3072,20,base_3;frontier_addition;inactive,5//1,11375//768,433//1024,46799//3072,1,complete-enumeration:32
387,L200,2//1,683//96,16,frontier_addition;inactive,1//1,875//96,0//1,875//96,1,complete-enumeration:32
387,L400,4//1,491//96,16,frontier_addition;inactive,1//1,875//96,0//1,875//96,1,complete-enumeration:32
388,L0,0//1,1575//128,17;19;21;23;25;27;29;31,base_1;frontier_addition;inactive|base_1;base_2;frontier_addition;inactive|base_1;base_3;frontier_addition;inactive|base_1;base_2;base_3;frontier_addition;inactive|base_1;closure_carrier;frontier_addition;inactive|base_1;base_2;closure_carrier;frontier_addition;inactive|base_1;base_3;closure_carrier;frontier_addition;inactive|base_1;base_2;base_3;closure_carrier;frontier_addition;inactive,3//1;5//1;6//1;7//1;8//1;10//1,1575//128,0//1,1575//128,8,complete-enumeration:32
388,L025,1//4,1479//128,17,base_1;frontier_addition;inactive,3//1,1575//128,0//1,1575//128,1,complete-enumeration:32
388,L050,1//2,1383//128,17,base_1;frontier_addition;inactive,3//1,1575//128,0//1,1575//128,1,complete-enumeration:32
388,L100,1//1,2463//256,1,base_1;inactive,2//1,2975//256,0//1,2975//256,1,complete-enumeration:32
388,L200,2//1,1541//192,16,frontier_addition;inactive,1//1,1925//192,0//1,1925//192,1,complete-enumeration:32
388,L400,4//1,1157//192,16,frontier_addition;inactive,1//1,1925//192,0//1,1925//192,1,complete-enumeration:32
389,L0,0//1,9275//768,17;19;21;23;25;27;29;31,base_1;frontier_addition;inactive|base_1;base_2;frontier_addition;inactive|base_1;base_3;frontier_addition;inactive|base_1;base_2;base_3;frontier_addition;inactive|base_1;closure_carrier;frontier_addition;inactive|base_1;base_2;closure_carrier;frontier_addition;inactive|base_1;base_3;closure_carrier;frontier_addition;inactive|base_1;base_2;base_3;closure_carrier;frontier_addition;inactive,3//1;5//1;6//1;7//1;8//1;10//1,9275//768,0//1,9275//768,8,complete-enumeration:32
389,L025,1//4,8699//768,17,base_1;frontier_addition;inactive,3//1,9275//768,0//1,9275//768,1,complete-enumeration:32
389,L050,1//2,8123//768,17,base_1;frontier_addition;inactive,3//1,9275//768,0//1,9275//768,1,complete-enumeration:32
389,L100,1//1,2369//256,16,frontier_addition;inactive,1//1,2625//256,0//1,2625//256,1,complete-enumeration:32
389,L200,2//1,2113//256,16,frontier_addition;inactive,1//1,2625//256,0//1,2625//256,1,complete-enumeration:32
389,L400,4//1,1601//256,16,frontier_addition;inactive,1//1,2625//256,0//1,2625//256,1,complete-enumeration:32
390,L0,0//1,59481//4096,17;19;21;23;25;27;29;31,base_1;frontier_addition;inactive|base_1;base_2;frontier_addition;inactive|base_1;base_3;frontier_addition;inactive|base_1;base_2;base_3;frontier_addition;inactive|base_1;closure_carrier;frontier_addition;inactive|base_1;base_2;closure_carrier;frontier_addition;inactive|base_1;base_3;closure_carrier;frontier_addition;inactive|base_1;base_2;base_3;closure_carrier;frontier_addition;inactive,5//1;7//1;9//1;11//1;13//1;15//1,2975//256,11881//4096,59481//4096,8,complete-enumeration:32
390,L025,1//4,54361//4096,17,base_1;frontier_addition;inactive,5//1,2975//256,11881//4096,59481//4096,1,complete-enumeration:32
390,L050,1//2,101639//8192,24,closure_carrier;frontier_addition;inactive,3//1,2625//256,29927//8192,113927//8192,1,complete-enumeration:32
390,L100,1//1,89351//8192,24,closure_carrier;frontier_addition;inactive,3//1,2625//256,29927//8192,113927//8192,1,complete-enumeration:32
390,L200,2//1,2113//256,16,frontier_addition;inactive,1//1,2625//256,0//1,2625//256,1,complete-enumeration:32
390,L400,4//1,1601//256,16,frontier_addition;inactive,1//1,2625//256,0//1,2625//256,1,complete-enumeration:32
391,L0,0//1,4725//256,21;23;29;31,base_1;base_3;frontier_addition;inactive|base_1;base_2;base_3;frontier_addition;inactive|base_1;base_3;closure_carrier;frontier_addition;inactive|base_1;base_2;base_3;closure_carrier;frontier_addition;inactive,9//1;12//1;13//1;16//1,4725//256,0//1,4725//256,4,complete-enumeration:32
391,L025,1//4,4149//256,21,base_1;base_3;frontier_addition;inactive,9//1,4725//256,0//1,4725//256,1,complete-enumeration:32
391,L050,1//2,3573//256,21,base_1;base_3;frontier_addition;inactive,9//1,4725//256,0//1,4725//256,1,complete-enumeration:32
391,L100,1//1,129323//12288,17,base_1;frontier_addition;inactive,5//1,11375//768,2921//4096,190763//12288,1,complete-enumeration:32
391,L200,2//1,683//96,16,frontier_addition;inactive,1//1,875//96,0//1,875//96,1,complete-enumeration:32
391,L400,4//1,491//96,16,frontier_addition;inactive,1//1,875//96,0//1,875//96,1,complete-enumeration:32
392,L0,0//1,2275//128,22;23;30;31,base_2;base_3;frontier_addition;inactive|base_1;base_2;base_3;frontier_addition;inactive|base_2;base_3;closure_carrier;frontier_addition;inactive|base_1;base_2;base_3;closure_carrier;frontier_addition;inactive,5//1;7//1;9//1,2275//128,0//1,2275//128,4,complete-enumeration:32
392,L025,1//4,2115//128,22,base_2;base_3;frontier_addition;inactive,5//1,2275//128,0//1,2275//128,1,complete-enumeration:32
392,L050,1//2,1955//128,22,base_2;base_3;frontier_addition;inactive,5//1,2275//128,0//1,2275//128,1,complete-enumeration:32
392,L100,1//1,1635//128,22,base_2;base_3;frontier_addition;inactive,5//1,2275//128,0//1,2275//128,1,complete-enumeration:32
392,L200,2//1,2139//256,18,base_2;frontier_addition;inactive,3//1,3675//256,0//1,3675//256,1,complete-enumeration:32
392,L400,4//1,491//96,16,frontier_addition;inactive,1//1,875//96,0//1,875//96,1,complete-enumeration:32
393,L0,0//1,2275//192,17;19;21;23;25;27;29;31,base_1;frontier_addition;inactive|base_1;base_2;frontier_addition;inactive|base_1;base_3;frontier_addition;inactive|base_1;base_2;base_3;frontier_addition;inactive|base_1;closure_carrier;frontier_addition;inactive|base_1;base_2;closure_carrier;frontier_addition;inactive|base_1;base_3;closure_carrier;frontier_addition;inactive|base_1;base_2;base_3;closure_carrier;frontier_addition;inactive,3//1;5//1;7//1;9//1,2275//192,0//1,2275//192,8,complete-enumeration:32
393,L025,1//4,2131//192,17,base_1;frontier_addition;inactive,3//1,2275//192,0//1,2275//192,1,complete-enumeration:32
393,L050,1//2,1987//192,17,base_1;frontier_addition;inactive,3//1,2275//192,0//1,2275//192,1,complete-enumeration:32
393,L100,1//1,7039//768,1,base_1;inactive,2//1,8575//768,0//1,8575//768,1,complete-enumeration:32
393,L200,2//1,1541//192,16,frontier_addition;inactive,1//1,1925//192,0//1,1925//192,1,complete-enumeration:32
393,L400,4//1,1157//192,16,frontier_addition;inactive,1//1,1925//192,0//1,1925//192,1,complete-enumeration:32
394,L0,0//1,9275//768,17;19;21;23;25;27;29;31,base_1;frontier_addition;inactive|base_1;base_2;frontier_addition;inactive|base_1;base_3;frontier_addition;inactive|base_1;base_2;base_3;frontier_addition;inactive|base_1;closure_carrier;frontier_addition;inactive|base_1;base_2;closure_carrier;frontier_addition;inactive|base_1;base_3;closure_carrier;frontier_addition;inactive|base_1;base_2;base_3;closure_carrier;frontier_addition;inactive,5//1;7//1;9//1;11//1;13//1;15//1,9275//768,0//1,9275//768,8,complete-enumeration:32
394,L025,1//4,8315//768,17,base_1;frontier_addition;inactive,5//1,9275//768,0//1,9275//768,1,complete-enumeration:32
394,L050,1//2,2497//256,16,frontier_addition;inactive,1//1,2625//256,0//1,2625//256,1,complete-enumeration:32
394,L100,1//1,2369//256,16,frontier_addition;inactive,1//1,2625//256,0//1,2625//256,1,complete-enumeration:32
394,L200,2//1,2113//256,16,frontier_addition;inactive,1//1,2625//256,0//1,2625//256,1,complete-enumeration:32
394,L400,4//1,1601//256,16,frontier_addition;inactive,1//1,2625//256,0//1,2625//256,1,complete-enumeration:32
395,L0,0//1,244513//12288,19;23;27;31,base_1;base_2;frontier_addition;inactive|base_1;base_2;base_3;frontier_addition;inactive|base_1;base_2;closure_carrier;frontier_addition;inactive|base_1;base_2;base_3;closure_carrier;frontier_addition;inactive,9//1;12//1;13//1;16//1,13825//768,7771//4096,244513//12288,4,complete-enumeration:32
395,L025,1//4,216865//12288,19,base_1;base_2;frontier_addition;inactive,9//1,13825//768,7771//4096,244513//12288,1,complete-enumeration:32
395,L050,1//2,779647//49152,18,base_2;frontier_addition;inactive,5//1,175//12,61909//16384,902527//49152,1,complete-enumeration:32
395,L100,1//1,656767//49152,18,base_2;frontier_addition;inactive,5//1,175//12,61909//16384,902527//49152,1,complete-enumeration:32
395,L200,2//1,411007//49152,18,base_2;frontier_addition;inactive,5//1,175//12,61909//16384,902527//49152,1,complete-enumeration:32
395,L400,4//1,491//96,16,frontier_addition;inactive,1//1,875//96,0//1,875//96,1,complete-enumeration:32
396,L0,0//1,4813//256,22;23;30;31,base_2;base_3;frontier_addition;inactive|base_1;base_2;base_3;frontier_addition;inactive|base_2;base_3;closure_carrier;frontier_addition;inactive|base_1;base_2;base_3;closure_carrier;frontier_addition;inactive,9//1;12//1;13//1;16//1,4725//256,11//32,4813//256,4,complete-enumeration:32
396,L025,1//4,4237//256,22,base_2;base_3;frontier_addition;inactive,9//1,4725//256,11//32,4813//256,1,complete-enumeration:32
396,L050,1//2,3661//256,22,base_2;base_3;frontier_addition;inactive,9//1,4725//256,11//32,4813//256,1,complete-enumeration:32
396,L100,1//1,11037//1024,18,base_2;frontier_addition;inactive,5//1,1925//128,757//1024,16157//1024,1,complete-enumeration:32
396,L200,2//1,5989//768,16,frontier_addition;inactive,1//1,7525//768,0//1,7525//768,1,complete-enumeration:32
396,L400,4//1,4453//768,16,frontier_addition;inactive,1//1,7525//768,0//1,7525//768,1,complete-enumeration:32
397,L0,0//1,13825//768,21;23;29;31,base_1;base_3;frontier_addition;inactive|base_1;base_2;base_3;frontier_addition;inactive|base_1;base_3;closure_carrier;frontier_addition;inactive|base_1;base_2;base_3;closure_carrier;frontier_addition;inactive,5//1;7//1;8//1;10//1,13825//768,0//1,13825//768,4,complete-enumeration:32
397,L025,1//4,12865//768,21,base_1;base_3;frontier_addition;inactive,5//1,13825//768,0//1,13825//768,1,complete-enumeration:32
397,L050,1//2,11905//768,21,base_1;base_3;frontier_addition;inactive,5//1,13825//768,0//1,13825//768,1,complete-enumeration:32
397,L100,1//1,9985//768,21,base_1;base_3;frontier_addition;inactive,5//1,13825//768,0//1,13825//768,1,complete-enumeration:32
397,L200,2//1,103//12,20,base_3;frontier_addition;inactive,3//1,175//12,0//1,175//12,1,complete-enumeration:32
397,L400,4//1,1251//256,16,frontier_addition;inactive,1//1,2275//256,0//1,2275//256,1,complete-enumeration:32
398,L0,0//1,759//64,17;19;21;23;25;27;29;31,base_1;frontier_addition;inactive|base_1;base_2;frontier_addition;inactive|base_1;base_3;frontier_addition;inactive|base_1;base_2;base_3;frontier_addition;inactive|base_1;closure_carrier;frontier_addition;inactive|base_1;base_2;closure_carrier;frontier_addition;inactive|base_1;base_3;closure_carrier;frontier_addition;inactive|base_1;base_2;base_3;closure_carrier;frontier_addition;inactive,3//1;5//1;6//1;7//1;8//1;10//1,2975//256,61//256,759//64,8,complete-enumeration:32
398,L025,1//4,711//64,17,base_1;frontier_addition;inactive,3//1,2975//256,61//256,759//64,1,complete-enumeration:32
398,L050,1//2,663//64,17,base_1;frontier_addition;inactive,3//1,2975//256,61//256,759//64,1,complete-enumeration:32
398,L100,1//1,9477//1024,1,base_1;inactive,2//1,175//16,325//1024,11525//1024,1,complete-enumeration:32
398,L200,2//1,5989//768,16,frontier_addition;inactive,1//1,7525//768,0//1,7525//768,1,complete-enumeration:32
398,L400,4//1,4453//768,16,frontier_addition;inactive,1//1,7525//768,0//1,7525//768,1,complete-enumeration:32
399,L0,0//1,875//48,22;23;30;31,base_2;base_3;frontier_addition;inactive|base_1;base_2;base_3;frontier_addition;inactive|base_2;base_3;closure_carrier;frontier_addition;inactive|base_1;base_2;base_3;closure_carrier;frontier_addition;inactive,9//1;12//1;13//1;16//1,875//48,0//1,875//48,4,complete-enumeration:32
399,L025,1//4,767//48,22,base_2;base_3;frontier_addition;inactive,9//1,875//48,0//1,875//48,1,complete-enumeration:32
399,L050,1//2,659//48,22,base_2;base_3;frontier_addition;inactive,9//1,875//48,0//1,875//48,1,complete-enumeration:32
399,L100,1//1,1285//128,20,base_3;frontier_addition;inactive,5//1,1925//128,0//1,1925//128,1,complete-enumeration:32
399,L200,2//1,969//128,16,frontier_addition;inactive,1//1,1225//128,0//1,1225//128,1,complete-enumeration:32
399,L400,4//1,713//128,16,frontier_addition;inactive,1//1,1225//128,0//1,1225//128,1,complete-enumeration:32
400,L0,0//1,156605//12288,17;19;21;23;25;27;29;31,base_1;frontier_addition;inactive|base_1;base_2;frontier_addition;inactive|base_1;base_3;frontier_addition;inactive|base_1;base_2;base_3;frontier_addition;inactive|base_1;closure_carrier;frontier_addition;inactive|base_1;base_2;closure_carrier;frontier_addition;inactive|base_1;base_3;closure_carrier;frontier_addition;inactive|base_1;base_2;base_3;closure_carrier;frontier_addition;inactive,5//1;8//1;9//1;12//1;13//1;16//1,9275//768,2735//4096,156605//12288,8,complete-enumeration:32
400,L025,1//4,141245//12288,17,base_1;frontier_addition;inactive,5//1,9275//768,2735//4096,156605//12288,1,complete-enumeration:32
400,L050,1//2,125885//12288,17,base_1;frontier_addition;inactive,5//1,9275//768,2735//4096,156605//12288,1,complete-enumeration:32
400,L100,1//1,3641//384,16,frontier_addition;inactive,1//1,4025//384,0//1,4025//384,1,complete-enumeration:32
400,L200,2//1,3257//384,16,frontier_addition;inactive,1//1,4025//384,0//1,4025//384,1,complete-enumeration:32
400,L400,4//1,2489//384,16,frontier_addition;inactive,1//1,4025//384,0//1,4025//384,1,complete-enumeration:32
401,L0,0//1,2975//256,17;19;21;23;25;27;29;31,base_1;frontier_addition;inactive|base_1;base_2;frontier_addition;inactive|base_1;base_3;frontier_addition;inactive|base_1;base_2;base_3;frontier_addition;inactive|base_1;closure_carrier;frontier_addition;inactive|base_1;base_2;closure_carrier;frontier_addition;inactive|base_1;base_3;closure_carrier;frontier_addition;inactive|base_1;base_2;base_3;closure_carrier;frontier_addition;inactive,5//1;8//1;9//1;12//1;13//1;16//1,2975//256,0//1,2975//256,8,complete-enumeration:32
401,L025,1//4,2655//256,17,base_1;frontier_addition;inactive,5//1,2975//256,0//1,2975//256,1,complete-enumeration:32
401,L050,1//2,2335//256,17,base_1;frontier_addition;inactive,5//1,2975//256,0//1,2975//256,1,complete-enumeration:32
401,L100,1//1,6407//768,16,frontier_addition;inactive,1//1,7175//768,0//1,7175//768,1,complete-enumeration:32
401,L200,2//1,5639//768,16,frontier_addition;inactive,1//1,7175//768,0//1,7175//768,1,complete-enumeration:32
401,L400,4//1,4103//768,16,frontier_addition;inactive,1//1,7175//768,0//1,7175//768,1,complete-enumeration:32
402,L0,0//1,13475//768,19;23;27;31,base_1;base_2;frontier_addition;inactive|base_1;base_2;base_3;frontier_addition;inactive|base_1;base_2;closure_carrier;frontier_addition;inactive|base_1;base_2;base_3;closure_carrier;frontier_addition;inactive,5//1;7//1;9//1,13475//768,0//1,13475//768,4,complete-enumeration:32
402,L025,1//4,12515//768,19,base_1;base_2;frontier_addition;inactive,5//1,13475//768,0//1,13475//768,1,complete-enumeration:32
402,L050,1//2,11555//768,19,base_1;base_2;frontier_addition;inactive,5//1,13475//768,0//1,13475//768,1,complete-enumeration:32
402,L100,1//1,9635//768,19,base_1;base_2;frontier_addition;inactive,5//1,13475//768,0//1,13475//768,1,complete-enumeration:32
402,L200,2//1,2139//256,17,base_1;frontier_addition;inactive,3//1,3675//256,0//1,3675//256,1,complete-enumeration:32
402,L400,4//1,4103//768,16,frontier_addition;inactive,1//1,7175//768,0//1,7175//768,1,complete-enumeration:32
403,L0,0//1,293219//24576,17;19;21;23;25;27;29;31,base_1;frontier_addition;inactive|base_1;base_2;frontier_addition;inactive|base_1;base_3;frontier_addition;inactive|base_1;base_2;base_3;frontier_addition;inactive|base_1;closure_carrier;frontier_addition;inactive|base_1;base_2;closure_carrier;frontier_addition;inactive|base_1;base_3;closure_carrier;frontier_addition;inactive|base_1;base_2;base_3;closure_carrier;frontier_addition;inactive,3//1;5//1;6//1;7//1;8//1;10//1,2275//192,673//8192,293219//24576,8,complete-enumeration:32
403,L025,1//4,274787//24576,17,base_1;frontier_addition;inactive,3//1,2275//192,673//8192,293219//24576,1,complete-enumeration:32
403,L050,1//2,256355//24576,17,base_1;frontier_addition;inactive,3//1,2275//192,673//8192,293219//24576,1,complete-enumeration:32
403,L100,1//1,1733//192,16,frontier_addition;inactive,1//1,1925//192,0//1,1925//192,1,complete-enumeration:32
403,L200,2//1,1541//192,16,frontier_addition;inactive,1//1,1925//192,0//1,1925//192,1,complete-enumeration:32
403,L400,4//1,1157//192,16,frontier_addition;inactive,1//1,1925//192,0//1,1925//192,1,complete-enumeration:32
404,L0,0//1,2275//128,19;23;27;31,base_1;base_2;frontier_addition;inactive|base_1;base_2;base_3;frontier_addition;inactive|base_1;base_2;closure_carrier;frontier_addition;inactive|base_1;base_2;base_3;closure_carrier;frontier_addition;inactive,5//1;7//1;8//1;10//1,2275//128,0//1,2275//128,4,complete-enumeration:32
404,L025,1//4,2115//128,19,base_1;base_2;frontier_addition;inactive,5//1,2275//128,0//1,2275//128,1,complete-enumeration:32
404,L050,1//2,1955//128,19,base_1;base_2;frontier_addition;inactive,5//1,2275//128,0//1,2275//128,1,complete-enumeration:32
404,L100,1//1,1635//128,19,base_1;base_2;frontier_addition;inactive,5//1,2275//128,0//1,2275//128,1,complete-enumeration:32
404,L200,2//1,103//12,18,base_2;frontier_addition;inactive,3//1,175//12,0//1,175//12,1,complete-enumeration:32
404,L400,4//1,1251//256,16,frontier_addition;inactive,1//1,2275//256,0//1,2275//256,1,complete-enumeration:32
405,L0,0//1,2275//192,17;19;21;23;25;27;29;31,base_1;frontier_addition;inactive|base_1;base_2;frontier_addition;inactive|base_1;base_3;frontier_addition;inactive|base_1;base_2;base_3;frontier_addition;inactive|base_1;closure_carrier;frontier_addition;inactive|base_1;base_2;closure_carrier;frontier_addition;inactive|base_1;base_3;closure_carrier;frontier_addition;inactive|base_1;base_2;base_3;closure_carrier;frontier_addition;inactive,3//1;5//1;6//1;7//1;8//1;10//1,2275//192,0//1,2275//192,8,complete-enumeration:32
405,L025,1//4,2131//192,17,base_1;frontier_addition;inactive,3//1,2275//192,0//1,2275//192,1,complete-enumeration:32
405,L050,1//2,1987//192,17,base_1;frontier_addition;inactive,3//1,2275//192,0//1,2275//192,1,complete-enumeration:32
405,L100,1//1,2369//256,16,frontier_addition;inactive,1//1,2625//256,0//1,2625//256,1,complete-enumeration:32
405,L200,2//1,2113//256,16,frontier_addition;inactive,1//1,2625//256,0//1,2625//256,1,complete-enumeration:32
405,L400,4//1,1601//256,16,frontier_addition;inactive,1//1,2625//256,0//1,2625//256,1,complete-enumeration:32
406,L0,0//1,9275//768,17;19;21;23;25;27;29;31,base_1;frontier_addition;inactive|base_1;base_2;frontier_addition;inactive|base_1;base_3;frontier_addition;inactive|base_1;base_2;base_3;frontier_addition;inactive|base_1;closure_carrier;frontier_addition;inactive|base_1;base_2;closure_carrier;frontier_addition;inactive|base_1;base_3;closure_carrier;frontier_addition;inactive|base_1;base_2;base_3;closure_carrier;frontier_addition;inactive,3//1;5//1;6//1;7//1;8//1;10//1,9275//768,0//1,9275//768,8,complete-enumeration:32
406,L025,1//4,8699//768,17,base_1;frontier_addition;inactive,3//1,9275//768,0//1,9275//768,1,complete-enumeration:32
406,L050,1//2,8123//768,17,base_1;frontier_addition;inactive,3//1,9275//768,0//1,9275//768,1,complete-enumeration:32
406,L100,1//1,3607//384,1,base_1;inactive,2//1,4375//384,0//1,4375//384,1,complete-enumeration:32
406,L200,2//1,1541//192,16,frontier_addition;inactive,1//1,1925//192,0//1,1925//192,1,complete-enumeration:32
406,L400,4//1,1157//192,16,frontier_addition;inactive,1//1,1925//192,0//1,1925//192,1,complete-enumeration:32
407,L0,0//1,4725//256,19;23;27;31,base_1;base_2;frontier_addition;inactive|base_1;base_2;base_3;frontier_addition;inactive|base_1;base_2;closure_carrier;frontier_addition;inactive|base_1;base_2;base_3;closure_carrier;frontier_addition;inactive,9//1;12//1;13//1;16//1,4725//256,0//1,4725//256,4,complete-enumeration:32
407,L025,1//4,4149//256,19,base_1;base_2;frontier_addition;inactive,9//1,4725//256,0//1,4725//256,1,complete-enumeration:32
407,L050,1//2,3573//256,19,base_1;base_2;frontier_addition;inactive,9//1,4725//256,0//1,4725//256,1,complete-enumeration:32
407,L100,1//1,115//12,17;18,base_1;frontier_addition;inactive|base_2;frontier_addition;inactive,5//1,175//12,0//1,175//12,2,complete-enumeration:32
407,L200,2//1,5639//768,16,frontier_addition;inactive,1//1,7175//768,0//1,7175//768,1,complete-enumeration:32
407,L400,4//1,4103//768,16,frontier_addition;inactive,1//1,7175//768,0//1,7175//768,1,complete-enumeration:32
408,L0,0//1,259643//12288,21;23;29;31,base_1;base_3;frontier_addition;inactive|base_1;base_2;base_3;frontier_addition;inactive|base_1;base_3;closure_carrier;frontier_addition;inactive|base_1;base_2;base_3;closure_carrier;frontier_addition;inactive,9//1;12//1;13//1;16//1,875//48,11881//4096,259643//12288,4,complete-enumeration:32
408,L025,1//4,231995//12288,21,base_1;base_3;frontier_addition;inactive,9//1,875//48,11881//4096,259643//12288,1,complete-enumeration:32
408,L050,1//2,140867//8192,17,base_1;frontier_addition;inactive,5//1,1925//128,38147//8192,161347//8192,1,complete-enumeration:32
408,L100,1//1,120387//8192,17,base_1;frontier_addition;inactive,5//1,1925//128,38147//8192,161347//8192,1,complete-enumeration:32
408,L200,2//1,79427//8192,17,base_1;frontier_addition;inactive,5//1,1925//128,38147//8192,161347//8192,1,complete-enumeration:32
408,L400,4//1,491//96,16,frontier_addition;inactive,1//1,875//96,0//1,875//96,1,complete-enumeration:32
409,L0,0//1,88939//6144,17;19;21;23;25;27;29;31,base_1;frontier_addition;inactive|base_1;base_2;frontier_addition;inactive|base_1;base_3;frontier_addition;inactive|base_1;base_2;base_3;frontier_addition;inactive|base_1;closure_carrier;frontier_addition;inactive|base_1;base_2;closure_carrier;frontier_addition;inactive|base_1;base_3;closure_carrier;frontier_addition;inactive|base_1;base_2;base_3;closure_carrier;frontier_addition;inactive,3//1;5//1;7//1;9//1,9275//768,4913//2048,88939//6144,8,complete-enumeration:32
409,L025,1//4,84331//6144,17,base_1;frontier_addition;inactive,3//1,9275//768,4913//2048,88939//6144,1,complete-enumeration:32
409,L050,1//2,79723//6144,17,base_1;frontier_addition;inactive,3//1,9275//768,4913//2048,88939//6144,1,complete-enumeration:32
409,L100,1//1,196011//16384,1,base_1;inactive,2//1,175//16,49579//16384,228779//16384,1,complete-enumeration:32
409,L200,2//1,163243//16384,1,base_1;inactive,2//1,175//16,49579//16384,228779//16384,1,complete-enumeration:32
409,L400,4//1,97707//16384,1,base_1;inactive,2//1,175//16,49579//16384,228779//16384,1,complete-enumeration:32
410,L0,0//1,9275//768,17;19;21;23;25;27;29;31,base_1;frontier_addition;inactive|base_1;base_2;frontier_addition;inactive|base_1;base_3;frontier_addition;inactive|base_1;base_2;base_3;frontier_addition;inactive|base_1;closure_carrier;frontier_addition;inactive|base_1;base_2;closure_carrier;frontier_addition;inactive|base_1;base_3;closure_carrier;frontier_addition;inactive|base_1;base_2;base_3;closure_carrier;frontier_addition;inactive,5//1;7//1;9//1;11//1;13//1;15//1,9275//768,0//1,9275//768,8,complete-enumeration:32
410,L025,1//4,8315//768,17,base_1;frontier_addition;inactive,5//1,9275//768,0//1,9275//768,1,complete-enumeration:32
410,L050,1//2,7355//768,17,base_1;frontier_addition;inactive,5//1,9275//768,0//1,9275//768,1,complete-enumeration:32
410,L100,1//1,1733//192,16,frontier_addition;inactive,1//1,1925//192,0//1,1925//192,1,complete-enumeration:32
410,L200,2//1,1541//192,16,frontier_addition;inactive,1//1,1925//192,0//1,1925//192,1,complete-enumeration:32
410,L400,4//1,1157//192,16,frontier_addition;inactive,1//1,1925//192,0//1,1925//192,1,complete-enumeration:32
411,L0,0//1,2275//128,19;23;27;31,base_1;base_2;frontier_addition;inactive|base_1;base_2;base_3;frontier_addition;inactive|base_1;base_2;closure_carrier;frontier_addition;inactive|base_1;base_2;base_3;closure_carrier;frontier_addition;inactive,5//1;7//1;8//1;10//1,2275//128,0//1,2275//128,4,complete-enumeration:32
411,L025,1//4,2115//128,19,base_1;base_2;frontier_addition;inactive,5//1,2275//128,0//1,2275//128,1,complete-enumeration:32
411,L050,1//2,1955//128,19,base_1;base_2;frontier_addition;inactive,5//1,2275//128,0//1,2275//128,1,complete-enumeration:32
411,L100,1//1,1635//128,19,base_1;base_2;frontier_addition;inactive,5//1,2275//128,0//1,2275//128,1,complete-enumeration:32
411,L200,2//1,103//12,17,base_1;frontier_addition;inactive,3//1,175//12,0//1,175//12,1,complete-enumeration:32
411,L400,4//1,1251//256,16,frontier_addition;inactive,1//1,2275//256,0//1,2275//256,1,complete-enumeration:32
412,L0,0//1,74689//4096,21;23;29;31,base_1;base_3;frontier_addition;inactive|base_1;base_2;base_3;frontier_addition;inactive|base_1;base_3;closure_carrier;frontier_addition;inactive|base_1;base_2;base_3;closure_carrier;frontier_addition;inactive,5//1;7//1;8//1;10//1,13825//768,2867//12288,74689//4096,4,complete-enumeration:32
412,L025,1//4,69569//4096,21,base_1;base_3;frontier_addition;inactive,5//1,13825//768,2867//12288,74689//4096,1,complete-enumeration:32
412,L050,1//2,64449//4096,21,base_1;base_3;frontier_addition;inactive,5//1,13825//768,2867//12288,74689//4096,1,complete-enumeration:32
412,L100,1//1,21575753//1572864,17,base_1;frontier_addition;inactive,3//1,11375//768,2998345//1572864,26294345//1572864,1,complete-enumeration:32
412,L200,2//1,16857161//1572864,17,base_1;frontier_addition;inactive,3//1,11375//768,2998345//1572864,26294345//1572864,1,complete-enumeration:32
412,L400,4//1,411571//65536,1,base_1;inactive,2//1,1225//128,308659//65536,935859//65536,1,complete-enumeration:32
413,L0,0//1,2975//256,17;19;21;23;25;27;29;31,base_1;frontier_addition;inactive|base_1;base_2;frontier_addition;inactive|base_1;base_3;frontier_addition;inactive|base_1;base_2;base_3;frontier_addition;inactive|base_1;closure_carrier;frontier_addition;inactive|base_1;base_2;closure_carrier;frontier_addition;inactive|base_1;base_3;closure_carrier;frontier_addition;inactive|base_1;base_2;base_3;closure_carrier;frontier_addition;inactive,5//1;8//1;9//1;12//1;13//1;16//1,2975//256,0//1,2975//256,8,complete-enumeration:32
413,L025,1//4,2655//256,17,base_1;frontier_addition;inactive,5//1,2975//256,0//1,2975//256,1,complete-enumeration:32
413,L050,1//2,2497//256,16,frontier_addition;inactive,1//1,2625//256,0//1,2625//256,1,complete-enumeration:32
413,L100,1//1,2369//256,16,frontier_addition;inactive,1//1,2625//256,0//1,2625//256,1,complete-enumeration:32
413,L200,2//1,2113//256,16,frontier_addition;inactive,1//1,2625//256,0//1,2625//256,1,complete-enumeration:32
413,L400,4//1,1601//256,16,frontier_addition;inactive,1//1,2625//256,0//1,2625//256,1,complete-enumeration:32
414,L0,0//1,875//48,21;23;29;31,base_1;base_3;frontier_addition;inactive|base_1;base_2;base_3;frontier_addition;inactive|base_1;base_3;closure_carrier;frontier_addition;inactive|base_1;base_2;base_3;closure_carrier;frontier_addition;inactive,9//1;11//1;13//1;15//1,875//48,0//1,875//48,4,complete-enumeration:32
414,L025,1//4,767//48,21,base_1;base_3;frontier_addition;inactive,9//1,875//48,0//1,875//48,1,complete-enumeration:32
414,L050,1//2,659//48,21,base_1;base_3;frontier_addition;inactive,9//1,875//48,0//1,875//48,1,complete-enumeration:32
414,L100,1//1,1285//128,17,base_1;frontier_addition;inactive,5//1,1925//128,0//1,1925//128,1,complete-enumeration:32
414,L200,2//1,5989//768,16,frontier_addition;inactive,1//1,7525//768,0//1,7525//768,1,complete-enumeration:32
414,L400,4//1,4453//768,16,frontier_addition;inactive,1//1,7525//768,0//1,7525//768,1,complete-enumeration:32
415,L0,0//1,7175//384,22;23;30;31,base_2;base_3;frontier_addition;inactive|base_1;base_2;base_3;frontier_addition;inactive|base_2;base_3;closure_carrier;frontier_addition;inactive|base_1;base_2;base_3;closure_carrier;frontier_addition;inactive,5//1;7//1;8//1;10//1,7175//384,0//1,7175//384,4,complete-enumeration:32
415,L025,1//4,6695//384,22,base_2;base_3;frontier_addition;inactive,5//1,7175//384,0//1,7175//384,1,complete-enumeration:32
415,L050,1//2,6215//384,22,base_2;base_3;frontier_addition;inactive,5//1,7175//384,0//1,7175//384,1,complete-enumeration:32
415,L100,1//1,5255//384,22,base_2;base_3;frontier_addition;inactive,5//1,7175//384,0//1,7175//384,1,complete-enumeration:32
415,L200,2//1,1157//128,20,base_3;frontier_addition;inactive,3//1,1925//128,0//1,1925//128,1,complete-enumeration:32
415,L400,4//1,4103//768,16,frontier_addition;inactive,1//1,7175//768,0//1,7175//768,1,complete-enumeration:32
416,L0,0//1,1751//96,19;23;27;31,base_1;base_2;frontier_addition;inactive|base_1;base_2;base_3;frontier_addition;inactive|base_1;base_2;closure_carrier;frontier_addition;inactive|base_1;base_2;base_3;closure_carrier;frontier_addition;inactive,5//1;7//1;9//1,13825//768,61//256,1751//96,4,complete-enumeration:32
416,L025,1//4,1631//96,19,base_1;base_2;frontier_addition;inactive,5//1,13825//768,61//256,1751//96,1,complete-enumeration:32
416,L050,1//2,1511//96,19,base_1;base_2;frontier_addition;inactive,5//1,13825//768,61//256,1751//96,1,complete-enumeration:32
416,L100,1//1,1271//96,19,base_1;base_2;frontier_addition;inactive,5//1,13825//768,61//256,1751//96,1,complete-enumeration:32
416,L200,2//1,28315//3072,17,base_1;frontier_addition;inactive,3//1,175//12,649//1024,46747//3072,1,complete-enumeration:32
416,L400,4//1,491//96,16,frontier_addition;inactive,1//1,875//96,0//1,875//96,1,complete-enumeration:32
417,L0,0//1,7175//384,19;23;27;31,base_1;base_2;frontier_addition;inactive|base_1;base_2;base_3;frontier_addition;inactive|base_1;base_2;closure_carrier;frontier_addition;inactive|base_1;base_2;base_3;closure_carrier;frontier_addition;inactive,5//1;7//1;8//1;10//1,7175//384,0//1,7175//384,4,complete-enumeration:32
417,L025,1//4,6695//384,19,base_1;base_2;frontier_addition;inactive,5//1,7175//384,0//1,7175//384,1,complete-enumeration:32
417,L050,1//2,6215//384,19,base_1;base_2;frontier_addition;inactive,5//1,7175//384,0//1,7175//384,1,complete-enumeration:32
417,L100,1//1,5255//384,19,base_1;base_2;frontier_addition;inactive,5//1,7175//384,0//1,7175//384,1,complete-enumeration:32
417,L200,2//1,6767//768,18,base_2;frontier_addition;inactive,3//1,11375//768,0//1,11375//768,1,complete-enumeration:32
417,L400,4//1,491//96,16,frontier_addition;inactive,1//1,875//96,0//1,875//96,1,complete-enumeration:32
418,L0,0//1,927829//49152,23;30;31,base_1;base_2;base_3;frontier_addition;inactive|base_2;base_3;closure_carrier;frontier_addition;inactive|base_1;base_2;base_3;closure_carrier;frontier_addition;inactive,7//1;9//1,13825//768,14343//16384,927829//49152,3,complete-enumeration:32
418,L025,1//4,841813//49152,23;30,base_1;base_2;base_3;frontier_addition;inactive|base_2;base_3;closure_carrier;frontier_addition;inactive,7//1,13825//768,14343//16384,927829//49152,2,complete-enumeration:32
418,L050,1//2,11905//768,22,base_2;base_3;frontier_addition;inactive,5//1,13825//768,0//1,13825//768,1,complete-enumeration:32
418,L100,1//1,9985//768,22,base_2;base_3;frontier_addition;inactive,5//1,13825//768,0//1,13825//768,1,complete-enumeration:32
418,L200,2//1,103//12,20,base_3;frontier_addition;inactive,3//1,175//12,0//1,175//12,1,complete-enumeration:32
418,L400,4//1,491//96,16,frontier_addition;inactive,1//1,875//96,0//1,875//96,1,complete-enumeration:32
419,L0,0//1,38753//2048,23;30;31,base_1;base_2;base_3;frontier_addition;inactive|base_2;base_3;closure_carrier;frontier_addition;inactive|base_1;base_2;base_3;closure_carrier;frontier_addition;inactive,7//1;9//1,4725//256,953//2048,38753//2048,3,complete-enumeration:32
419,L025,1//4,4405//256,22,base_2;base_3;frontier_addition;inactive,5//1,4725//256,0//1,4725//256,1,complete-enumeration:32
419,L050,1//2,4085//256,22,base_2;base_3;frontier_addition;inactive,5//1,4725//256,0//1,4725//256,1,complete-enumeration:32
419,L100,1//1,3445//256,22,base_2;base_3;frontier_addition;inactive,5//1,4725//256,0//1,4725//256,1,complete-enumeration:32
419,L200,2//1,1157//128,20,base_3;frontier_addition;inactive,3//1,1925//128,0//1,1925//128,1,complete-enumeration:32
419,L400,4//1,713//128,16,frontier_addition;inactive,1//1,1225//128,0//1,1225//128,1,complete-enumeration:32
420,L0,0//1,184043//12288,17;19;21;23;25;27;29;31,base_1;frontier_addition;inactive|base_1;base_2;frontier_addition;inactive|base_1;base_3;frontier_addition;inactive|base_1;base_2;base_3;frontier_addition;inactive|base_1;closure_carrier;frontier_addition;inactive|base_1;base_2;closure_carrier;frontier_addition;inactive|base_1;base_3;closure_carrier;frontier_addition;inactive|base_1;base_2;base_3;closure_carrier;frontier_addition;inactive,3//1;5//1;6//1;7//1;8//1;10//1,9275//768,11881//4096,184043//12288,8,complete-enumeration:32
420,L025,1//4,174827//12288,17,base_1;frontier_addition;inactive,3//1,9275//768,11881//4096,184043//12288,1,complete-enumeration:32
420,L050,1//2,165611//12288,17,base_1;frontier_addition;inactive,3//1,9275//768,11881//4096,184043//12288,1,complete-enumeration:32
420,L100,1//1,204231//16384,1,base_1;inactive,2//1,175//16,57799//16384,236999//16384,1,complete-enumeration:32
420,L200,2//1,171463//16384,1,base_1;inactive,2//1,175//16,57799//16384,236999//16384,1,complete-enumeration:32
420,L400,4//1,105927//16384,1,base_1;inactive,2//1,175//16,57799//16384,236999//16384,1,complete-enumeration:32
421,L0,0//1,309883//16384,21;23;29;31,base_1;base_3;frontier_addition;inactive|base_1;base_2;base_3;frontier_addition;inactive|base_1;base_3;closure_carrier;frontier_addition;inactive|base_1;base_2;base_3;closure_carrier;frontier_addition;inactive,9//1;11//1;13//1;15//1,4725//256,7483//16384,309883//16384,4,complete-enumeration:32
421,L025,1//4,273019//16384,21,base_1;base_3;frontier_addition;inactive,9//1,4725//256,7483//16384,309883//16384,1,complete-enumeration:32
421,L050,1//2,236155//16384,21,base_1;base_3;frontier_addition;inactive,9//1,4725//256,7483//16384,309883//16384,1,complete-enumeration:32
421,L100,1//1,68383//6144,20,base_3;frontier_addition;inactive,5//1,11375//768,2701//2048,99103//6144,1,complete-enumeration:32
421,L200,2//1,1763//256,16,frontier_addition;inactive,1//1,2275//256,0//1,2275//256,1,complete-enumeration:32
421,L400,4//1,1251//256,16,frontier_addition;inactive,1//1,2275//256,0//1,2275//256,1,complete-enumeration:32
422,L0,0//1,917653//49152,23;30;31,base_1;base_2;base_3;frontier_addition;inactive|base_2;base_3;closure_carrier;frontier_addition;inactive|base_1;base_2;base_3;closure_carrier;frontier_addition;inactive,7//1;8//1;10//1,4725//256,10453//49152,917653//49152,3,complete-enumeration:32
422,L025,1//4,4405//256,22,base_2;base_3;frontier_addition;inactive,5//1,4725//256,0//1,4725//256,1,complete-enumeration:32
422,L050,1//2,4085//256,22,base_2;base_3;frontier_addition;inactive,5//1,4725//256,0//1,4725//256,1,complete-enumeration:32
422,L100,1//1,3445//256,22,base_2;base_3;frontier_addition;inactive,5//1,4725//256,0//1,4725//256,1,complete-enumeration:32
422,L200,2//1,128075//12288,1,base_1;inactive,2//1,7175//768,20809//4096,177227//12288,1,complete-enumeration:32
422,L400,4//1,78923//12288,1,base_1;inactive,2//1,7175//768,20809//4096,177227//12288,1,complete-enumeration:32
423,L0,0//1,46801//4096,17;19;21;23;25;27;29;31,base_1;frontier_addition;inactive|base_1;base_2;frontier_addition;inactive|base_1;base_3;frontier_addition;inactive|base_1;base_2;base_3;frontier_addition;inactive|base_1;closure_carrier;frontier_addition;inactive|base_1;base_2;closure_carrier;frontier_addition;inactive|base_1;base_3;closure_carrier;frontier_addition;inactive|base_1;base_2;base_3;closure_carrier;frontier_addition;inactive,5//1;8//1;9//1;12//1;13//1;16//1,4375//384,403//12288,46801//4096,8,complete-enumeration:32
423,L025,1//4,41681//4096,17,base_1;frontier_addition;inactive,5//1,4375//384,403//12288,46801//4096,1,complete-enumeration:32
423,L050,1//2,7141//768,16,frontier_addition;inactive,1//1,7525//768,0//1,7525//768,1,complete-enumeration:32
423,L100,1//1,6757//768,16,frontier_addition;inactive,1//1,7525//768,0//1,7525//768,1,complete-enumeration:32
423,L200,2//1,5989//768,16,frontier_addition;inactive,1//1,7525//768,0//1,7525//768,1,complete-enumeration:32
423,L400,4//1,4453//768,16,frontier_addition;inactive,1//1,7525//768,0//1,7525//768,1,complete-enumeration:32
424,L0,0//1,16613//768,19;23;27;31,base_1;base_2;frontier_addition;inactive|base_1;base_2;base_3;frontier_addition;inactive|base_1;base_2;closure_carrier;frontier_addition;inactive|base_1;base_2;base_3;closure_carrier;frontier_addition;inactive,5//1;7//1;8//1;10//1,875//48,871//256,16613//768,4,complete-enumeration:32
424,L025,1//4,15653//768,19,base_1;base_2;frontier_addition;inactive,5//1,875//48,871//256,16613//768,1,complete-enumeration:32
424,L050,1//2,14693//768,19,base_1;base_2;frontier_addition;inactive,5//1,875//48,871//256,16613//768,1,complete-enumeration:32
424,L100,1//1,52201//3072,17,base_1;frontier_addition;inactive,3//1,175//12,5539//1024,61417//3072,1,complete-enumeration:32
424,L200,2//1,42985//3072,17,base_1;frontier_addition;inactive,3//1,175//12,5539//1024,61417//3072,1,complete-enumeration:32
424,L400,4//1,154527//16384,1,base_1;inactive,2//1,2275//256,139999//16384,285599//16384,1,complete-enumeration:32
425,L0,0//1,2975//256,17;19;21;23;25;27;29;31,base_1;frontier_addition;inactive|base_1;base_2;frontier_addition;inactive|base_1;base_3;frontier_addition;inactive|base_1;base_2;base_3;frontier_addition;inactive|base_1;closure_carrier;frontier_addition;inactive|base_1;base_2;closure_carrier;frontier_addition;inactive|base_1;base_3;closure_carrier;frontier_addition;inactive|base_1;base_2;base_3;closure_carrier;frontier_addition;inactive,3//1;5//1;7//1;9//1,2975//256,0//1,2975//256,8,complete-enumeration:32
425,L025,1//4,2783//256,17,base_1;frontier_addition;inactive,3//1,2975//256,0//1,2975//256,1,complete-enumeration:32
425,L050,1//2,2591//256,17,base_1;frontier_addition;inactive,3//1,2975//256,0//1,2975//256,1,complete-enumeration:32
425,L100,1//1,1733//192,16,frontier_addition;inactive,1//1,1925//192,0//1,1925//192,1,complete-enumeration:32
425,L200,2//1,1541//192,16,frontier_addition;inactive,1//1,1925//192,0//1,1925//192,1,complete-enumeration:32
425,L400,4//1,1157//192,16,frontier_addition;inactive,1//1,1925//192,0//1,1925//192,1,complete-enumeration:32
426,L0,0//1,17849//1536,17;19;21;23;25;27;29;31,base_1;frontier_addition;inactive|base_1;base_2;frontier_addition;inactive|base_1;base_3;frontier_addition;inactive|base_1;base_2;base_3;frontier_addition;inactive|base_1;closure_carrier;frontier_addition;inactive|base_1;base_2;closure_carrier;frontier_addition;inactive|base_1;base_3;closure_carrier;frontier_addition;inactive|base_1;base_2;base_3;closure_carrier;frontier_addition;inactive,3//1;5//1;7//1;9//1,8575//768,233//512,17849//1536,8,complete-enumeration:32
426,L025,1//4,16697//1536,17,base_1;frontier_addition;inactive,3//1,8575//768,233//512,17849//1536,1,complete-enumeration:32
426,L050,1//2,63085//6144,1,base_1;inactive,2//1,8225//768,1143//2048,69229//6144,1,complete-enumeration:32
426,L100,1//1,56941//6144,1,base_1;inactive,2//1,8225//768,1143//2048,69229//6144,1,complete-enumeration:32
426,L200,2//1,969//128,16,frontier_addition;inactive,1//1,1225//128,0//1,1225//128,1,complete-enumeration:32
426,L400,4//1,713//128,16,frontier_addition;inactive,1//1,1225//128,0//1,1225//128,1,complete-enumeration:32
427,L0,0//1,61693//3072,22;23;30;31,base_2;base_3;frontier_addition;inactive|base_1;base_2;base_3;frontier_addition;inactive|base_2;base_3;closure_carrier;frontier_addition;inactive|base_1;base_2;base_3;closure_carrier;frontier_addition;inactive,9//1;11//1;13//1;15//1,13825//768,2131//1024,61693//3072,4,complete-enumeration:32
427,L025,1//4,54781//3072,22,base_2;base_3;frontier_addition;inactive,9//1,13825//768,2131//1024,61693//3072,1,complete-enumeration:32
427,L050,1//2,396679//24576,20,base_3;frontier_addition;inactive,5//1,11375//768,31373//8192,458119//24576,1,complete-enumeration:32
427,L100,1//1,335239//24576,20,base_3;frontier_addition;inactive,5//1,11375//768,31373//8192,458119//24576,1,complete-enumeration:32
427,L200,2//1,250153//24576,24,closure_carrier;frontier_addition;inactive,3//1,7175//768,56003//8192,397609//24576,1,complete-enumeration:32
427,L400,4//1,4103//768,16,frontier_addition;inactive,1//1,7175//768,0//1,7175//768,1,complete-enumeration:32
428,L0,0//1,8677//768,17;19;21;23;25;27;29;31,base_1;frontier_addition;inactive|base_1;base_2;frontier_addition;inactive|base_1;base_3;frontier_addition;inactive|base_1;base_2;base_3;frontier_addition;inactive|base_1;closure_carrier;frontier_addition;inactive|base_1;base_2;closure_carrier;frontier_addition;inactive|base_1;base_3;closure_carrier;frontier_addition;inactive|base_1;base_2;base_3;closure_carrier;frontier_addition;inactive,5//1;7//1;9//1;11//1;13//1;15//1,8575//768,17//128,8677//768,8,complete-enumeration:32
428,L025,1//4,7717//768,17,base_1;frontier_addition;inactive,5//1,8575//768,17//128,8677//768,1,complete-enumeration:32
428,L050,1//2,1829//192,16,frontier_addition;inactive,1//1,1925//192,0//1,1925//192,1,complete-enumeration:32
428,L100,1//1,1733//192,16,frontier_addition;inactive,1//1,1925//192,0//1,1925//192,1,complete-enumeration:32
428,L200,2//1,1541//192,16,frontier_addition;inactive,1//1,1925//192,0//1,1925//192,1,complete-enumeration:32
428,L400,4//1,1157//192,16,frontier_addition;inactive,1//1,1925//192,0//1,1925//192,1,complete-enumeration:32
429,L0,0//1,2275//192,17;19;21;23;25;27;29;31,base_1;frontier_addition;inactive|base_1;base_2;frontier_addition;inactive|base_1;base_3;frontier_addition;inactive|base_1;base_2;base_3;frontier_addition;inactive|base_1;closure_carrier;frontier_addition;inactive|base_1;base_2;closure_carrier;frontier_addition;inactive|base_1;base_3;closure_carrier;frontier_addition;inactive|base_1;base_2;base_3;closure_carrier;frontier_addition;inactive,3//1;5//1;6//1;7//1;8//1;10//1,2275//192,0//1,2275//192,8,complete-enumeration:32
429,L025,1//4,2131//192,17,base_1;frontier_addition;inactive,3//1,2275//192,0//1,2275//192,1,complete-enumeration:32
429,L050,1//2,1987//192,17,base_1;frontier_addition;inactive,3//1,2275//192,0//1,2275//192,1,complete-enumeration:32
429,L100,1//1,3641//384,16,frontier_addition;inactive,1//1,4025//384,0//1,4025//384,1,complete-enumeration:32
429,L200,2//1,3257//384,16,frontier_addition;inactive,1//1,4025//384,0//1,4025//384,1,complete-enumeration:32
429,L400,4//1,2489//384,16,frontier_addition;inactive,1//1,4025//384,0//1,4025//384,1,complete-enumeration:32
430,L0,0//1,5421//256,21;23;29;31,base_1;base_3;frontier_addition;inactive|base_1;base_2;base_3;frontier_addition;inactive|base_1;base_3;closure_carrier;frontier_addition;inactive|base_1;base_2;base_3;closure_carrier;frontier_addition;inactive,5//1;7//1;8//1;10//1,2275//128,871//256,5421//256,4,complete-enumeration:32
430,L025,1//4,5101//256,21,base_1;base_3;frontier_addition;inactive,5//1,2275//128,871//256,5421//256,1,complete-enumeration:32
430,L050,1//2,4781//256,21,base_1;base_3;frontier_addition;inactive,5//1,2275//128,871//256,5421//256,1,complete-enumeration:32
430,L100,1//1,50801//3072,17,base_1;frontier_addition;inactive,3//1,5425//384,5539//1024,60017//3072,1,complete-enumeration:32
430,L200,2//1,41585//3072,17,base_1;frontier_addition;inactive,3//1,5425//384,5539//1024,60017//3072,1,complete-enumeration:32
430,L400,4//1,55777//6144,1,base_1;inactive,2//1,3325//384,17243//2048,104929//6144,1,complete-enumeration:32
431,L0,0//1,2975//256,17;19;21;23;25;27;29;31,base_1;frontier_addition;inactive|base_1;base_2;frontier_addition;inactive|base_1;base_3;frontier_addition;inactive|base_1;base_2;base_3;frontier_addition;inactive|base_1;closure_carrier;frontier_addition;inactive|base_1;base_2;closure_carrier;frontier_addition;inactive|base_1;base_3;closure_carrier;frontier_addition;inactive|base_1;base_2;base_3;closure_carrier;frontier_addition;inactive,3//1;5//1;7//1;9//1,2975//256,0//1,2975//256,8,complete-enumeration:32
431,L025,1//4,2783//256,17,base_1;frontier_addition;inactive,3//1,2975//256,0//1,2975//256,1,complete-enumeration:32
431,L050,1//2,2591//256,17,base_1;frontier_addition;inactive,3//1,2975//256,0//1,2975//256,1,complete-enumeration:32
431,L100,1//1,143//16,1,base_1;inactive,2//1,175//16,0//1,175//16,1,complete-enumeration:32
431,L200,2//1,5989//768,16,frontier_addition;inactive,1//1,7525//768,0//1,7525//768,1,complete-enumeration:32
431,L400,4//1,4453//768,16,frontier_addition;inactive,1//1,7525//768,0//1,7525//768,1,complete-enumeration:32
432,L0,0//1,13825//768,19;23;27;31,base_1;base_2;frontier_addition;inactive|base_1;base_2;base_3;frontier_addition;inactive|base_1;base_2;closure_carrier;frontier_addition;inactive|base_1;base_2;base_3;closure_carrier;frontier_addition;inactive,9//1;12//1;13//1;16//1,13825//768,0//1,13825//768,4,complete-enumeration:32
432,L025,1//4,12097//768,19,base_1;base_2;frontier_addition;inactive,9//1,13825//768,0//1,13825//768,1,complete-enumeration:32
432,L050,1//2,10369//768,19,base_1;base_2;frontier_addition;inactive,9//1,13825//768,0//1,13825//768,1,complete-enumeration:32
432,L100,1//1,7535//768,18,base_2;frontier_addition;inactive,5//1,11375//768,0//1,11375//768,1,complete-enumeration:32
432,L200,2//1,5639//768,16,frontier_addition;inactive,1//1,7175//768,0//1,7175//768,1,complete-enumeration:32
432,L400,4//1,4103//768,16,frontier_addition;inactive,1//1,7175//768,0//1,7175//768,1,complete-enumeration:32
433,L0,0//1,7609//384,23;30;31,base_1;base_2;base_3;frontier_addition;inactive|base_2;base_3;closure_carrier;frontier_addition;inactive|base_1;base_2;base_3;closure_carrier;frontier_addition;inactive,7//1;9//1,875//48,203//128,7609//384,3,complete-enumeration:32
433,L025,1//4,6937//384,23;30,base_1;base_2;base_3;frontier_addition;inactive|base_2;base_3;closure_carrier;frontier_addition;inactive,7//1,875//48,203//128,7609//384,2,complete-enumeration:32
433,L050,1//2,6265//384,23;30,base_1;base_2;base_3;frontier_addition;inactive|base_2;base_3;closure_carrier;frontier_addition;inactive,7//1,875//48,203//128,7609//384,2,complete-enumeration:32
433,L100,1//1,113909//8192,1,base_1;inactive,2//1,1225//128,51893//8192,130293//8192,1,complete-enumeration:32
433,L200,2//1,97525//8192,1,base_1;inactive,2//1,1225//128,51893//8192,130293//8192,1,complete-enumeration:32
433,L400,4//1,64757//8192,1,base_1;inactive,2//1,1225//128,51893//8192,130293//8192,1,complete-enumeration:32
434,L0,0//1,9275//768,17;19;21;23;25;27;29;31,base_1;frontier_addition;inactive|base_1;base_2;frontier_addition;inactive|base_1;base_3;frontier_addition;inactive|base_1;base_2;base_3;frontier_addition;inactive|base_1;closure_carrier;frontier_addition;inactive|base_1;base_2;closure_carrier;frontier_addition;inactive|base_1;base_3;closure_carrier;frontier_addition;inactive|base_1;base_2;base_3;closure_carrier;frontier_addition;inactive,3//1;5//1;7//1;9//1,9275//768,0//1,9275//768,8,complete-enumeration:32
434,L025,1//4,8699//768,17,base_1;frontier_addition;inactive,3//1,9275//768,0//1,9275//768,1,complete-enumeration:32
434,L050,1//2,8123//768,17,base_1;frontier_addition;inactive,3//1,9275//768,0//1,9275//768,1,complete-enumeration:32
434,L100,1//1,7457//768,16,frontier_addition;inactive,1//1,8225//768,0//1,8225//768,1,complete-enumeration:32
434,L200,2//1,6689//768,16,frontier_addition;inactive,1//1,8225//768,0//1,8225//768,1,complete-enumeration:32
434,L400,4//1,5153//768,16,frontier_addition;inactive,1//1,8225//768,0//1,8225//768,1,complete-enumeration:32
435,L0,0//1,2275//128,22;23;30;31,base_2;base_3;frontier_addition;inactive|base_1;base_2;base_3;frontier_addition;inactive|base_2;base_3;closure_carrier;frontier_addition;inactive|base_1;base_2;base_3;closure_carrier;frontier_addition;inactive,5//1;7//1;8//1;10//1,2275//128,0//1,2275//128,4,complete-enumeration:32
435,L025,1//4,2115//128,22,base_2;base_3;frontier_addition;inactive,5//1,2275//128,0//1,2275//128,1,complete-enumeration:32
435,L050,1//2,1955//128,22,base_2;base_3;frontier_addition;inactive,5//1,2275//128,0//1,2275//128,1,complete-enumeration:32
435,L100,1//1,1635//128,22,base_2;base_3;frontier_addition;inactive,5//1,2275//128,0//1,2275//128,1,complete-enumeration:32
435,L200,2//1,2139//256,18,base_2;frontier_addition;inactive,3//1,3675//256,0//1,3675//256,1,complete-enumeration:32
435,L400,4//1,1789//384,16,frontier_addition;inactive,1//1,3325//384,0//1,3325//384,1,complete-enumeration:32
436,L0,0//1,449447//24576,23;30;31,base_1;base_2;base_3;frontier_addition;inactive|base_2;base_3;closure_carrier;frontier_addition;inactive|base_1;base_2;base_3;closure_carrier;frontier_addition;inactive,7//1;8//1;10//1,875//48,1447//24576,449447//24576,3,complete-enumeration:32
436,L025,1//4,815//48,22,base_2;base_3;frontier_addition;inactive,5//1,875//48,0//1,875//48,1,complete-enumeration:32
436,L050,1//2,755//48,22,base_2;base_3;frontier_addition;inactive,5//1,875//48,0//1,875//48,1,complete-enumeration:32
436,L100,1//1,635//48,22,base_2;base_3;frontier_addition;inactive,5//1,875//48,0//1,875//48,1,complete-enumeration:32
436,L200,2//1,1157//128,20,base_3;frontier_addition;inactive,3//1,1925//128,0//1,1925//128,1,complete-enumeration:32
436,L400,4//1,713//128,16,frontier_addition;inactive,1//1,1225//128,0//1,1225//128,1,complete-enumeration:32
437,L0,0//1,4375//384,17;19;21;23;25;27;29;31,base_1;frontier_addition;inactive|base_1;base_2;frontier_addition;inactive|base_1;base_3;frontier_addition;inactive|base_1;base_2;base_3;frontier_addition;inactive|base_1;closure_carrier;frontier_addition;inactive|base_1;base_2;closure_carrier;frontier_addition;inactive|base_1;base_3;closure_carrier;frontier_addition;inactive|base_1;base_2;base_3;closure_carrier;frontier_addition;inactive,3//1;5//1;7//1;9//1,4375//384,0//1,4375//384,8,complete-enumeration:32
437,L025,1//4,4087//384,17,base_1;frontier_addition;inactive,3//1,4375//384,0//1,4375//384,1,complete-enumeration:32
437,L050,1//2,159//16,1,base_1;inactive,2//1,175//16,0//1,175//16,1,complete-enumeration:32
437,L100,1//1,143//16,1,base_1;inactive,2//1,175//16,0//1,175//16,1,complete-enumeration:32
437,L200,2//1,5989//768,16,frontier_addition;inactive,1//1,7525//768,0//1,7525//768,1,complete-enumeration:32
437,L400,4//1,4453//768,16,frontier_addition;inactive,1//1,7525//768,0//1,7525//768,1,complete-enumeration:32
438,L0,0//1,1751//96,22;23;30;31,base_2;base_3;frontier_addition;inactive|base_1;base_2;base_3;frontier_addition;inactive|base_2;base_3;closure_carrier;frontier_addition;inactive|base_1;base_2;base_3;closure_carrier;frontier_addition;inactive,9//1;12//1;13//1;16//1,13825//768,61//256,1751//96,4,complete-enumeration:32
438,L025,1//4,1535//96,22,base_2;base_3;frontier_addition;inactive,9//1,13825//768,61//256,1751//96,1,complete-enumeration:32
438,L050,1//2,1319//96,22,base_2;base_3;frontier_addition;inactive,9//1,13825//768,61//256,1751//96,1,complete-enumeration:32
438,L100,1//1,16003//1536,18,base_2;frontier_addition;inactive,5//1,11375//768,311//512,23683//1536,1,complete-enumeration:32
438,L200,2//1,1763//256,16,frontier_addition;inactive,1//1,2275//256,0//1,2275//256,1,complete-enumeration:32
438,L400,4//1,1251//256,16,frontier_addition;inactive,1//1,2275//256,0//1,2275//256,1,complete-enumeration:32
439,L0,0//1,156605//12288,17;19;21;23;25;27;29;31,base_1;frontier_addition;inactive|base_1;base_2;frontier_addition;inactive|base_1;base_3;frontier_addition;inactive|base_1;base_2;base_3;frontier_addition;inactive|base_1;closure_carrier;frontier_addition;inactive|base_1;base_2;closure_carrier;frontier_addition;inactive|base_1;base_3;closure_carrier;frontier_addition;inactive|base_1;base_2;base_3;closure_carrier;frontier_addition;inactive,5//1;8//1;9//1;12//1;13//1;16//1,9275//768,2735//4096,156605//12288,8,complete-enumeration:32
439,L025,1//4,141245//12288,17,base_1;frontier_addition;inactive,5//1,9275//768,2735//4096,156605//12288,1,complete-enumeration:32
439,L050,1//2,125885//12288,17,base_1;frontier_addition;inactive,5//1,9275//768,2735//4096,156605//12288,1,complete-enumeration:32
439,L100,1//1,7457//768,16,frontier_addition;inactive,1//1,8225//768,0//1,8225//768,1,complete-enumeration:32
439,L200,2//1,6689//768,16,frontier_addition;inactive,1//1,8225//768,0//1,8225//768,1,complete-enumeration:32
439,L400,4//1,5153//768,16,frontier_addition;inactive,1//1,8225//768,0//1,8225//768,1,complete-enumeration:32
440,L0,0//1,13825//768,19;23;27;31,base_1;base_2;frontier_addition;inactive|base_1;base_2;base_3;frontier_addition;inactive|base_1;base_2;closure_carrier;frontier_addition;inactive|base_1;base_2;base_3;closure_carrier;frontier_addition;inactive,9//1;12//1;13//1;16//1,13825//768,0//1,13825//768,4,complete-enumeration:32
440,L025,1//4,12097//768,19,base_1;base_2;frontier_addition;inactive,9//1,13825//768,0//1,13825//768,1,complete-enumeration:32
440,L050,1//2,10369//768,19,base_1;base_2;frontier_addition;inactive,9//1,13825//768,0//1,13825//768,1,complete-enumeration:32
440,L100,1//1,7535//768,17,base_1;frontier_addition;inactive,5//1,11375//768,0//1,11375//768,1,complete-enumeration:32
440,L200,2//1,2557//384,16,frontier_addition;inactive,1//1,3325//384,0//1,3325//384,1,complete-enumeration:32
440,L400,4//1,1789//384,16,frontier_addition;inactive,1//1,3325//384,0//1,3325//384,1,complete-enumeration:32
441,L0,0//1,579833//49152,17;19;21;23;25;27;29;31,base_1;frontier_addition;inactive|base_1;base_2;frontier_addition;inactive|base_1;base_3;frontier_addition;inactive|base_1;base_2;base_3;frontier_addition;inactive|base_1;closure_carrier;frontier_addition;inactive|base_1;base_2;closure_carrier;frontier_addition;inactive|base_1;base_3;closure_carrier;frontier_addition;inactive|base_1;base_2;base_3;closure_carrier;frontier_addition;inactive,3//1;5//1;7//1;9//1,2975//256,8633//49152,579833//49152,8,complete-enumeration:32
441,L025,1//4,542969//49152,17,base_1;frontier_addition;inactive,3//1,2975//256,8633//49152,579833//49152,1,complete-enumeration:32
441,L050,1//2,506105//49152,17,base_1;frontier_addition;inactive,3//1,2975//256,8633//49152,579833//49152,1,complete-enumeration:32
441,L100,1//1,113065//12288,1,base_1;inactive,2//1,4025//384,2947//4096,137641//12288,1,complete-enumeration:32
441,L200,2//1,1541//192,16,frontier_addition;inactive,1//1,1925//192,0//1,1925//192,1,complete-enumeration:32
441,L400,4//1,1157//192,16,frontier_addition;inactive,1//1,1925//192,0//1,1925//192,1,complete-enumeration:32
442,L0,0//1,592853//49152,17;19;21;23;25;27;29;31,base_1;frontier_addition;inactive|base_1;base_2;frontier_addition;inactive|base_1;base_3;frontier_addition;inactive|base_1;base_2;base_3;frontier_addition;inactive|base_1;closure_carrier;frontier_addition;inactive|base_1;base_2;closure_carrier;frontier_addition;inactive|base_1;base_3;closure_carrier;frontier_addition;inactive|base_1;base_2;base_3;closure_carrier;frontier_addition;inactive,5//1;8//1;9//1;12//1;13//1;16//1,2275//192,10453//49152,592853//49152,8,complete-enumeration:32
442,L025,1//4,531413//49152,17,base_1;frontier_addition;inactive,5//1,2275//192,10453//49152,592853//49152,1,complete-enumeration:32
442,L050,1//2,7841//768,16,frontier_addition;inactive,1//1,8225//768,0//1,8225//768,1,complete-enumeration:32
442,L100,1//1,7457//768,16,frontier_addition;inactive,1//1,8225//768,0//1,8225//768,1,complete-enumeration:32
442,L200,2//1,6689//768,16,frontier_addition;inactive,1//1,8225//768,0//1,8225//768,1,complete-enumeration:32
442,L400,4//1,5153//768,16,frontier_addition;inactive,1//1,8225//768,0//1,8225//768,1,complete-enumeration:32
443,L0,0//1,14525//768,21;23;29;31,base_1;base_3;frontier_addition;inactive|base_1;base_2;base_3;frontier_addition;inactive|base_1;base_3;closure_carrier;frontier_addition;inactive|base_1;base_2;base_3;closure_carrier;frontier_addition;inactive,9//1;11//1;13//1;15//1,14525//768,0//1,14525//768,4,complete-enumeration:32
443,L025,1//4,12797//768,21,base_1;base_3;frontier_addition;inactive,9//1,14525//768,0//1,14525//768,1,complete-enumeration:32
443,L050,1//2,11069//768,21,base_1;base_3;frontier_addition;inactive,9//1,14525//768,0//1,14525//768,1,complete-enumeration:32
443,L100,1//1,7885//768,20,base_3;frontier_addition;inactive,5//1,11725//768,0//1,11725//768,1,complete-enumeration:32
443,L200,2//1,969//128,16,frontier_addition;inactive,1//1,1225//128,0//1,1225//128,1,complete-enumeration:32
443,L400,4//1,713//128,16,frontier_addition;inactive,1//1,1225//128,0//1,1225//128,1,complete-enumeration:32
444,L0,0//1,9283//768,17;19;21;23;25;27;29;31,base_1;frontier_addition;inactive|base_1;base_2;frontier_addition;inactive|base_1;base_3;frontier_addition;inactive|base_1;base_2;base_3;frontier_addition;inactive|base_1;closure_carrier;frontier_addition;inactive|base_1;base_2;closure_carrier;frontier_addition;inactive|base_1;base_3;closure_carrier;frontier_addition;inactive|base_1;base_2;base_3;closure_carrier;frontier_addition;inactive,5//1;7//1;9//1;11//1;13//1;15//1,2275//192,61//256,9283//768,8,complete-enumeration:32
444,L025,1//4,8323//768,17,base_1;frontier_addition;inactive,5//1,2275//192,61//256,9283//768,1,complete-enumeration:32
444,L050,1//2,3833//384,16,frontier_addition;inactive,1//1,4025//384,0//1,4025//384,1,complete-enumeration:32
444,L100,1//1,3641//384,16,frontier_addition;inactive,1//1,4025//384,0//1,4025//384,1,complete-enumeration:32
444,L200,2//1,3257//384,16,frontier_addition;inactive,1//1,4025//384,0//1,4025//384,1,complete-enumeration:32
444,L400,4//1,2489//384,16,frontier_addition;inactive,1//1,4025//384,0//1,4025//384,1,complete-enumeration:32
445,L0,0//1,2275//192,17;19;21;23;25;27;29;31,base_1;frontier_addition;inactive|base_1;base_2;frontier_addition;inactive|base_1;base_3;frontier_addition;inactive|base_1;base_2;base_3;frontier_addition;inactive|base_1;closure_carrier;frontier_addition;inactive|base_1;base_2;closure_carrier;frontier_addition;inactive|base_1;base_3;closure_carrier;frontier_addition;inactive|base_1;base_2;base_3;closure_carrier;frontier_addition;inactive,5//1;8//1;9//1;12//1;13//1;16//1,2275//192,0//1,2275//192,8,complete-enumeration:32
445,L025,1//4,2035//192,17,base_1;frontier_addition;inactive,5//1,2275//192,0//1,2275//192,1,complete-enumeration:32
445,L050,1//2,1829//192,16,frontier_addition;inactive,1//1,1925//192,0//1,1925//192,1,complete-enumeration:32
445,L100,1//1,1733//192,16,frontier_addition;inactive,1//1,1925//192,0//1,1925//192,1,complete-enumeration:32
445,L200,2//1,1541//192,16,frontier_addition;inactive,1//1,1925//192,0//1,1925//192,1,complete-enumeration:32
445,L400,4//1,1157//192,16,frontier_addition;inactive,1//1,1925//192,0//1,1925//192,1,complete-enumeration:32
446,L0,0//1,168913//12288,17;19;21;23;25;27;29;31,base_1;frontier_addition;inactive|base_1;base_2;frontier_addition;inactive|base_1;base_3;frontier_addition;inactive|base_1;base_2;base_3;frontier_addition;inactive|base_1;closure_carrier;frontier_addition;inactive|base_1;base_2;closure_carrier;frontier_addition;inactive|base_1;base_3;closure_carrier;frontier_addition;inactive|base_1;base_2;base_3;closure_carrier;frontier_addition;inactive,5//1;8//1;9//1;12//1;13//1;16//1,2275//192,7771//4096,168913//12288,8,complete-enumeration:32
446,L025,1//4,153553//12288,17,base_1;frontier_addition;inactive,5//1,2275//192,7771//4096,168913//12288,1,complete-enumeration:32
446,L050,1//2,138193//12288,17,base_1;frontier_addition;inactive,5//1,2275//192,7771//4096,168913//12288,1,complete-enumeration:32
446,L100,1//1,7457//768,16,frontier_addition;inactive,1//1,8225//768,0//1,8225//768,1,complete-enumeration:32
446,L200,2//1,6689//768,16,frontier_addition;inactive,1//1,8225//768,0//1,8225//768,1,complete-enumeration:32
446,L400,4//1,5153//768,16,frontier_addition;inactive,1//1,8225//768,0//1,8225//768,1,complete-enumeration:32
447,L0,0//1,9275//768,17;19;21;23;25;27;29;31,base_1;frontier_addition;inactive|base_1;base_2;frontier_addition;inactive|base_1;base_3;frontier_addition;inactive|base_1;base_2;base_3;frontier_addition;inactive|base_1;closure_carrier;frontier_addition;inactive|base_1;base_2;closure_carrier;frontier_addition;inactive|base_1;base_3;closure_carrier;frontier_addition;inactive|base_1;base_2;base_3;closure_carrier;frontier_addition;inactive,5//1;7//1;9//1;11//1;13//1;15//1,9275//768,0//1,9275//768,8,complete-enumeration:32
447,L025,1//4,8315//768,17,base_1;frontier_addition;inactive,5//1,9275//768,0//1,9275//768,1,complete-enumeration:32
447,L050,1//2,2497//256,16,frontier_addition;inactive,1//1,2625//256,0//1,2625//256,1,complete-enumeration:32
447,L100,1//1,2369//256,16,frontier_addition;inactive,1//1,2625//256,0//1,2625//256,1,complete-enumeration:32
447,L200,2//1,2113//256,16,frontier_addition;inactive,1//1,2625//256,0//1,2625//256,1,complete-enumeration:32
447,L400,4//1,1601//256,16,frontier_addition;inactive,1//1,2625//256,0//1,2625//256,1,complete-enumeration:32
448,L0,0//1,2275//128,19;23;27;31,base_1;base_2;frontier_addition;inactive|base_1;base_2;base_3;frontier_addition;inactive|base_1;base_2;closure_carrier;frontier_addition;inactive|base_1;base_2;base_3;closure_carrier;frontier_addition;inactive,5//1;7//1;8//1;10//1,2275//128,0//1,2275//128,4,complete-enumeration:32
448,L025,1//4,2115//128,19,base_1;base_2;frontier_addition;inactive,5//1,2275//128,0//1,2275//128,1,complete-enumeration:32
448,L050,1//2,1955//128,19,base_1;base_2;frontier_addition;inactive,5//1,2275//128,0//1,2275//128,1,complete-enumeration:32
448,L100,1//1,1635//128,19,base_1;base_2;frontier_addition;inactive,5//1,2275//128,0//1,2275//128,1,complete-enumeration:32
448,L200,2//1,103//12,18,base_2;frontier_addition;inactive,3//1,175//12,0//1,175//12,1,complete-enumeration:32
448,L400,4//1,491//96,16,frontier_addition;inactive,1//1,875//96,0//1,875//96,1,complete-enumeration:32
449,L0,0//1,7175//384,21;23;29;31,base_1;base_3;frontier_addition;inactive|base_1;base_2;base_3;frontier_addition;inactive|base_1;base_3;closure_carrier;frontier_addition;inactive|base_1;base_2;base_3;closure_carrier;frontier_addition;inactive,5//1;7//1;8//1;10//1,7175//384,0//1,7175//384,4,complete-enumeration:32
449,L025,1//4,6695//384,21,base_1;base_3;frontier_addition;inactive,5//1,7175//384,0//1,7175//384,1,complete-enumeration:32
449,L050,1//2,6215//384,21,base_1;base_3;frontier_addition;inactive,5//1,7175//384,0//1,7175//384,1,complete-enumeration:32
449,L100,1//1,5255//384,21,base_1;base_3;frontier_addition;inactive,5//1,7175//384,0//1,7175//384,1,complete-enumeration:32
449,L200,2//1,28205//3072,17,base_1;frontier_addition;inactive,3//1,11375//768,379//1024,46637//3072,1,complete-enumeration:32
449,L400,4//1,4103//768,16,frontier_addition;inactive,1//1,7175//768,0//1,7175//768,1,complete-enumeration:32
450,L0,0//1,297811//16384,19;23;27;31,base_1;base_2;frontier_addition;inactive|base_1;base_2;base_3;frontier_addition;inactive|base_1;base_2;closure_carrier;frontier_addition;inactive|base_1;base_2;base_3;closure_carrier;frontier_addition;inactive,5//1;7//1;9//1,13825//768,8633//49152,297811//16384,4,complete-enumeration:32
450,L025,1//4,277331//16384,19,base_1;base_2;frontier_addition;inactive,5//1,13825//768,8633//49152,297811//16384,1,complete-enumeration:32
450,L050,1//2,256851//16384,19,base_1;base_2;frontier_addition;inactive,5//1,13825//768,8633//49152,297811//16384,1,complete-enumeration:32
450,L100,1//1,2623379//196608,17,base_1;frontier_addition;inactive,3//1,5425//384,145201//65536,3213203//196608,1,complete-enumeration:32
450,L200,2//1,2033555//196608,17,base_1;frontier_addition;inactive,3//1,5425//384,145201//65536,3213203//196608,1,complete-enumeration:32
450,L400,4//1,72089//12288,1,base_1;inactive,2//1,3325//384,21331//4096,170393//12288,1,complete-enumeration:32
451,L0,0//1,199//16,17;19;21;23;25;27;29;31,base_1;frontier_addition;inactive|base_1;base_2;frontier_addition;inactive|base_1;base_3;frontier_addition;inactive|base_1;base_2;base_3;frontier_addition;inactive|base_1;closure_carrier;frontier_addition;inactive|base_1;base_2;closure_carrier;frontier_addition;inactive|base_1;base_3;closure_carrier;frontier_addition;inactive|base_1;base_2;base_3;closure_carrier;frontier_addition;inactive,3//1;5//1;6//1;7//1;8//1;10//1,1575//128,17//128,199//16,8,complete-enumeration:32
451,L025,1//4,187//16,17,base_1;frontier_addition;inactive,3//1,1575//128,17//128,199//16,1,complete-enumeration:32
451,L050,1//2,175//16,17,base_1;frontier_addition;inactive,3//1,1575//128,17//128,199//16,1,complete-enumeration:32
451,L100,1//1,151//16,17,base_1;frontier_addition;inactive,3//1,1575//128,17//128,199//16,1,complete-enumeration:32
451,L200,2//1,2113//256,16,frontier_addition;inactive,1//1,2625//256,0//1,2625//256,1,complete-enumeration:32
451,L400,4//1,1601//256,16,frontier_addition;inactive,1//1,2625//256,0//1,2625//256,1,complete-enumeration:32
452,L0,0//1,2275//192,17;19;21;23;25;27;29;31,base_1;frontier_addition;inactive|base_1;base_2;frontier_addition;inactive|base_1;base_3;frontier_addition;inactive|base_1;base_2;base_3;frontier_addition;inactive|base_1;closure_carrier;frontier_addition;inactive|base_1;base_2;closure_carrier;frontier_addition;inactive|base_1;base_3;closure_carrier;frontier_addition;inactive|base_1;base_2;base_3;closure_carrier;frontier_addition;inactive,5//1;7//1;9//1;11//1;13//1;15//1,2275//192,0//1,2275//192,8,complete-enumeration:32
452,L025,1//4,2035//192,17,base_1;frontier_addition;inactive,5//1,2275//192,0//1,2275//192,1,complete-enumeration:32
452,L050,1//2,3607//384,1,base_1;inactive,4//1,4375//384,0//1,4375//384,1,complete-enumeration:32
452,L100,1//1,6757//768,16,frontier_addition;inactive,1//1,7525//768,0//1,7525//768,1,complete-enumeration:32
452,L200,2//1,5989//768,16,frontier_addition;inactive,1//1,7525//768,0//1,7525//768,1,complete-enumeration:32
452,L400,4//1,4453//768,16,frontier_addition;inactive,1//1,7525//768,0//1,7525//768,1,complete-enumeration:32
453,L0,0//1,13329//1024,17;19;21;23;25;27;29;31,base_1;frontier_addition;inactive|base_1;base_2;frontier_addition;inactive|base_1;base_3;frontier_addition;inactive|base_1;base_2;base_3;frontier_addition;inactive|base_1;closure_carrier;frontier_addition;inactive|base_1;base_2;closure_carrier;frontier_addition;inactive|base_1;base_3;closure_carrier;frontier_addition;inactive|base_1;base_2;base_3;closure_carrier;frontier_addition;inactive,5//1;7//1;9//1;11//1;13//1;15//1,2975//256,1429//1024,13329//1024,8,complete-enumeration:32
453,L025,1//4,12049//1024,17,base_1;frontier_addition;inactive,5//1,2975//256,1429//1024,13329//1024,1,complete-enumeration:32
453,L050,1//2,130337//12288,1,base_1;inactive,4//1,8225//768,7771//4096,154913//12288,1,complete-enumeration:32
453,L100,1//1,149007//16384,24,closure_carrier;frontier_addition;inactive,3//1,1225//128,41359//16384,198159//16384,1,complete-enumeration:32
453,L200,2//1,969//128,16,frontier_addition;inactive,1//1,1225//128,0//1,1225//128,1,complete-enumeration:32
453,L400,4//1,713//128,16,frontier_addition;inactive,1//1,1225//128,0//1,1225//128,1,complete-enumeration:32
454,L0,0//1,243383//12288,23;30;31,base_1;base_2;base_3;frontier_addition;inactive|base_2;base_3;closure_carrier;frontier_addition;inactive|base_1;base_2;base_3;closure_carrier;frontier_addition;inactive,7//1;9//1,14525//768,3661//4096,243383//12288,3,complete-enumeration:32
454,L025,1//4,221879//12288,23;30,base_1;base_2;base_3;frontier_addition;inactive|base_2;base_3;closure_carrier;frontier_addition;inactive,7//1,14525//768,3661//4096,243383//12288,2,complete-enumeration:32
454,L050,1//2,12605//768,22,base_2;base_3;frontier_addition;inactive,5//1,14525//768,0//1,14525//768,1,complete-enumeration:32
454,L100,1//1,10685//768,22,base_2;base_3;frontier_addition;inactive,5//1,14525//768,0//1,14525//768,1,complete-enumeration:32
454,L200,2//1,282727//24576,1,base_1;inactive,2//1,7175//768,50477//8192,381031//24576,1,complete-enumeration:32
454,L400,4//1,184423//24576,1,base_1;inactive,2//1,7175//768,50477//8192,381031//24576,1,complete-enumeration:32
455,L0,0//1,9275//768,17;19;21;23;25;27;29;31,base_1;frontier_addition;inactive|base_1;base_2;frontier_addition;inactive|base_1;base_3;frontier_addition;inactive|base_1;base_2;base_3;frontier_addition;inactive|base_1;closure_carrier;frontier_addition;inactive|base_1;base_2;closure_carrier;frontier_addition;inactive|base_1;base_3;closure_carrier;frontier_addition;inactive|base_1;base_2;base_3;closure_carrier;frontier_addition;inactive,5//1;8//1;9//1;12//1;13//1;16//1,9275//768,0//1,9275//768,8,complete-enumeration:32
455,L025,1//4,8315//768,17,base_1;frontier_addition;inactive,5//1,9275//768,0//1,9275//768,1,complete-enumeration:32
455,L050,1//2,7355//768,17,base_1;frontier_addition;inactive,5//1,9275//768,0//1,9275//768,1,complete-enumeration:32
455,L100,1//1,1733//192,16,frontier_addition;inactive,1//1,1925//192,0//1,1925//192,1,complete-enumeration:32
455,L200,2//1,1541//192,16,frontier_addition;inactive,1//1,1925//192,0//1,1925//192,1,complete-enumeration:32
455,L400,4//1,1157//192,16,frontier_addition;inactive,1//1,1925//192,0//1,1925//192,1,complete-enumeration:32
456,L0,0//1,14525//768,22;23;30;31,base_2;base_3;frontier_addition;inactive|base_1;base_2;base_3;frontier_addition;inactive|base_2;base_3;closure_carrier;frontier_addition;inactive|base_1;base_2;base_3;closure_carrier;frontier_addition;inactive,5//1;7//1;9//1,14525//768,0//1,14525//768,4,complete-enumeration:32
456,L025,1//4,13565//768,22,base_2;base_3;frontier_addition;inactive,5//1,14525//768,0//1,14525//768,1,complete-enumeration:32
456,L050,1//2,12605//768,22,base_2;base_3;frontier_addition;inactive,5//1,14525//768,0//1,14525//768,1,complete-enumeration:32
456,L100,1//1,10685//768,22,base_2;base_3;frontier_addition;inactive,5//1,14525//768,0//1,14525//768,1,complete-enumeration:32
456,L200,2//1,7117//768,20,base_3;frontier_addition;inactive,3//1,11725//768,0//1,11725//768,1,complete-enumeration:32
456,L400,4//1,713//128,16,frontier_addition;inactive,1//1,1225//128,0//1,1225//128,1,complete-enumeration:32
457,L0,0//1,2975//256,17;19;21;23;25;27;29;31,base_1;frontier_addition;inactive|base_1;base_2;frontier_addition;inactive|base_1;base_3;frontier_addition;inactive|base_1;base_2;base_3;frontier_addition;inactive|base_1;closure_carrier;frontier_addition;inactive|base_1;base_2;closure_carrier;frontier_addition;inactive|base_1;base_3;closure_carrier;frontier_addition;inactive|base_1;base_2;base_3;closure_carrier;frontier_addition;inactive,5//1;8//1;9//1;12//1;13//1;16//1,2975//256,0//1,2975//256,8,complete-enumeration:32
457,L025,1//4,2655//256,17,base_1;frontier_addition;inactive,5//1,2975//256,0//1,2975//256,1,complete-enumeration:32
457,L050,1//2,7141//768,16,frontier_addition;inactive,1//1,7525//768,0//1,7525//768,1,complete-enumeration:32
457,L100,1//1,6757//768,16,frontier_addition;inactive,1//1,7525//768,0//1,7525//768,1,complete-enumeration:32
457,L200,2//1,5989//768,16,frontier_addition;inactive,1//1,7525//768,0//1,7525//768,1,complete-enumeration:32
457,L400,4//1,4453//768,16,frontier_addition;inactive,1//1,7525//768,0//1,7525//768,1,complete-enumeration:32
458,L0,0//1,4725//256,22;23;30;31,base_2;base_3;frontier_addition;inactive|base_1;base_2;base_3;frontier_addition;inactive|base_2;base_3;closure_carrier;frontier_addition;inactive|base_1;base_2;base_3;closure_carrier;frontier_addition;inactive,5//1;7//1;9//1,4725//256,0//1,4725//256,4,complete-enumeration:32
458,L025,1//4,4405//256,22,base_2;base_3;frontier_addition;inactive,5//1,4725//256,0//1,4725//256,1,complete-enumeration:32
458,L050,1//2,4085//256,22,base_2;base_3;frontier_addition;inactive,5//1,4725//256,0//1,4725//256,1,complete-enumeration:32
458,L100,1//1,3445//256,22,base_2;base_3;frontier_addition;inactive,5//1,4725//256,0//1,4725//256,1,complete-enumeration:32
458,L200,2//1,1157//128,18,base_2;frontier_addition;inactive,3//1,1925//128,0//1,1925//128,1,complete-enumeration:32
458,L400,4//1,4453//768,16,frontier_addition;inactive,1//1,7525//768,0//1,7525//768,1,complete-enumeration:32
459,L0,0//1,2275//192,17;19;21;23;25;27;29;31,base_1;frontier_addition;inactive|base_1;base_2;frontier_addition;inactive|base_1;base_3;frontier_addition;inactive|base_1;base_2;base_3;frontier_addition;inactive|base_1;closure_carrier;frontier_addition;inactive|base_1;base_2;closure_carrier;frontier_addition;inactive|base_1;base_3;closure_carrier;frontier_addition;inactive|base_1;base_2;base_3;closure_carrier;frontier_addition;inactive,3//1;5//1;7//1;9//1,2275//192,0//1,2275//192,8,complete-enumeration:32
459,L025,1//4,2131//192,17,base_1;frontier_addition;inactive,3//1,2275//192,0//1,2275//192,1,complete-enumeration:32
459,L050,1//2,1987//192,17,base_1;frontier_addition;inactive,3//1,2275//192,0//1,2275//192,1,complete-enumeration:32
459,L100,1//1,2369//256,16,frontier_addition;inactive,1//1,2625//256,0//1,2625//256,1,complete-enumeration:32
459,L200,2//1,2113//256,16,frontier_addition;inactive,1//1,2625//256,0//1,2625//256,1,complete-enumeration:32
459,L400,4//1,1601//256,16,frontier_addition;inactive,1//1,2625//256,0//1,2625//256,1,complete-enumeration:32
460,L0,0//1,11713//768,17;19;21;23;25;27;29;31,base_1;frontier_addition;inactive|base_1;base_2;frontier_addition;inactive|base_1;base_3;frontier_addition;inactive|base_1;base_2;base_3;frontier_addition;inactive|base_1;closure_carrier;frontier_addition;inactive|base_1;base_2;closure_carrier;frontier_addition;inactive|base_1;base_3;closure_carrier;frontier_addition;inactive|base_1;base_2;base_3;closure_carrier;frontier_addition;inactive,3//1;5//1;7//1;9//1,2275//192,871//256,11713//768,8,complete-enumeration:32
460,L025,1//4,11137//768,17,base_1;frontier_addition;inactive,3//1,2275//192,871//256,11713//768,1,complete-enumeration:32
460,L050,1//2,685375//49152,1,base_1;inactive,2//1,8575//768,61909//16384,734527//49152,1,complete-enumeration:32
460,L100,1//1,636223//49152,1,base_1;inactive,2//1,8575//768,61909//16384,734527//49152,1,complete-enumeration:32
460,L200,2//1,537919//49152,1,base_1;inactive,2//1,8575//768,61909//16384,734527//49152,1,complete-enumeration:32
460,L400,4//1,341311//49152,1,base_1;inactive,2//1,8575//768,61909//16384,734527//49152,1,complete-enumeration:32
461,L0,0//1,2275//128,22;23;30;31,base_2;base_3;frontier_addition;inactive|base_1;base_2;base_3;frontier_addition;inactive|base_2;base_3;closure_carrier;frontier_addition;inactive|base_1;base_2;base_3;closure_carrier;frontier_addition;inactive,5//1;7//1;8//1;10//1,2275//128,0//1,2275//128,4,complete-enumeration:32
461,L025,1//4,2115//128,22,base_2;base_3;frontier_addition;inactive,5//1,2275//128,0//1,2275//128,1,complete-enumeration:32
461,L050,1//2,1955//128,22,base_2;base_3;frontier_addition;inactive,5//1,2275//128,0//1,2275//128,1,complete-enumeration:32
461,L100,1//1,1635//128,22,base_2;base_3;frontier_addition;inactive,5//1,2275//128,0//1,2275//128,1,complete-enumeration:32
461,L200,2//1,2139//256,20,base_3;frontier_addition;inactive,3//1,3675//256,0//1,3675//256,1,complete-enumeration:32
461,L400,4//1,1251//256,16,frontier_addition;inactive,1//1,2275//256,0//1,2275//256,1,complete-enumeration:32
462,L0,0//1,2275//192,17;19;21;23;25;27;29;31,base_1;frontier_addition;inactive|base_1;base_2;frontier_addition;inactive|base_1;base_3;frontier_addition;inactive|base_1;base_2;base_3;frontier_addition;inactive|base_1;closure_carrier;frontier_addition;inactive|base_1;base_2;closure_carrier;frontier_addition;inactive|base_1;base_3;closure_carrier;frontier_addition;inactive|base_1;base_2;base_3;closure_carrier;frontier_addition;inactive,3//1;5//1;6//1;7//1;8//1;10//1,2275//192,0//1,2275//192,8,complete-enumeration:32
462,L025,1//4,2131//192,17,base_1;frontier_addition;inactive,3//1,2275//192,0//1,2275//192,1,complete-enumeration:32
462,L050,1//2,3991//384,1,base_1;inactive,2//1,4375//384,0//1,4375//384,1,complete-enumeration:32
462,L100,1//1,3607//384,1,base_1;inactive,2//1,4375//384,0//1,4375//384,1,complete-enumeration:32
462,L200,2//1,969//128,16,frontier_addition;inactive,1//1,1225//128,0//1,1225//128,1,complete-enumeration:32
462,L400,4//1,713//128,16,frontier_addition;inactive,1//1,1225//128,0//1,1225//128,1,complete-enumeration:32
463,L0,0//1,60287//3072,21;23;29;31,base_1;base_3;frontier_addition;inactive|base_1;base_2;base_3;frontier_addition;inactive|base_1;base_3;closure_carrier;frontier_addition;inactive|base_1;base_2;base_3;closure_carrier;frontier_addition;inactive,5//1;7//1;9//1,875//48,1429//1024,60287//3072,4,complete-enumeration:32
463,L025,1//4,56447//3072,21,base_1;base_3;frontier_addition;inactive,5//1,875//48,1429//1024,60287//3072,1,complete-enumeration:32
463,L050,1//2,52607//3072,21,base_1;base_3;frontier_addition;inactive,5//1,875//48,1429//1024,60287//3072,1,complete-enumeration:32
463,L100,1//1,243847//16384,17,base_1;frontier_addition;inactive,3//1,3675//256,57799//16384,292999//16384,1,complete-enumeration:32
463,L200,2//1,194695//16384,17,base_1;frontier_addition;inactive,3//1,3675//256,57799//16384,292999//16384,1,complete-enumeration:32
463,L400,4//1,121647//16384,1,base_1;inactive,2//1,2275//256,107119//16384,252719//16384,1,complete-enumeration:32
464,L0,0//1,4375//384,17;19;21;23;25;27;29;31,base_1;frontier_addition;inactive|base_1;base_2;frontier_addition;inactive|base_1;base_3;frontier_addition;inactive|base_1;base_2;base_3;frontier_addition;inactive|base_1;closure_carrier;frontier_addition;inactive|base_1;base_2;closure_carrier;frontier_addition;inactive|base_1;base_3;closure_carrier;frontier_addition;inactive|base_1;base_2;base_3;closure_carrier;frontier_addition;inactive,3//1;5//1;7//1;9//1,4375//384,0//1,4375//384,8,complete-enumeration:32
464,L025,1//4,4087//384,17,base_1;frontier_addition;inactive,3//1,4375//384,0//1,4375//384,1,complete-enumeration:32
464,L050,1//2,159//16,1,base_1;inactive,2//1,175//16,0//1,175//16,1,complete-enumeration:32
464,L100,1//1,143//16,1,base_1;inactive,2//1,175//16,0//1,175//16,1,complete-enumeration:32
464,L200,2//1,5989//768,16,frontier_addition;inactive,1//1,7525//768,0//1,7525//768,1,complete-enumeration:32
464,L400,4//1,4453//768,16,frontier_addition;inactive,1//1,7525//768,0//1,7525//768,1,complete-enumeration:32
465,L0,0//1,14183//768,19;23;27;31,base_1;base_2;frontier_addition;inactive|base_1;base_2;base_3;frontier_addition;inactive|base_1;base_2;closure_carrier;frontier_addition;inactive|base_1;base_2;base_3;closure_carrier;frontier_addition;inactive,9//1;11//1;13//1;15//1,875//48,61//256,14183//768,4,complete-enumeration:32
465,L025,1//4,12455//768,19,base_1;base_2;frontier_addition;inactive,9//1,875//48,61//256,14183//768,1,complete-enumeration:32
465,L050,1//2,10727//768,19,base_1;base_2;frontier_addition;inactive,9//1,875//48,61//256,14183//768,1,complete-enumeration:32
465,L100,1//1,5451//512,17,base_1;frontier_addition;inactive,5//1,1925//128,311//512,8011//512,1,complete-enumeration:32
465,L200,2//1,683//96,16,frontier_addition;inactive,1//1,875//96,0//1,875//96,1,complete-enumeration:32
465,L400,4//1,491//96,16,frontier_addition;inactive,1//1,875//96,0//1,875//96,1,complete-enumeration:32
466,L0,0//1,2275//128,19;23;27;31,base_1;base_2;frontier_addition;inactive|base_1;base_2;base_3;frontier_addition;inactive|base_1;base_2;closure_carrier;frontier_addition;inactive|base_1;base_2;base_3;closure_carrier;frontier_addition;inactive,9//1;12//1;13//1;16//1,2275//128,0//1,2275//128,4,complete-enumeration:32
466,L025,1//4,1987//128,19,base_1;base_2;frontier_addition;inactive,9//1,2275//128,0//1,2275//128,1,complete-enumeration:32
466,L050,1//2,1699//128,19,base_1;base_2;frontier_addition;inactive,9//1,2275//128,0//1,2275//128,1,complete-enumeration:32
466,L100,1//1,2395//256,17,base_1;frontier_addition;inactive,5//1,3675//256,0//1,3675//256,1,complete-enumeration:32
466,L200,2//1,5639//768,16,frontier_addition;inactive,1//1,7175//768,0//1,7175//768,1,complete-enumeration:32
466,L400,4//1,4103//768,16,frontier_addition;inactive,1//1,7175//768,0//1,7175//768,1,complete-enumeration:32
467,L0,0//1,9377//768,17;19;21;23;25;27;29;31,base_1;frontier_addition;inactive|base_1;base_2;frontier_addition;inactive|base_1;base_3;frontier_addition;inactive|base_1;base_2;base_3;frontier_addition;inactive|base_1;closure_carrier;frontier_addition;inactive|base_1;base_2;closure_carrier;frontier_addition;inactive|base_1;base_3;closure_carrier;frontier_addition;inactive|base_1;base_2;base_3;closure_carrier;frontier_addition;inactive,5//1;8//1;9//1;12//1;13//1;16//1,9275//768,17//128,9377//768,8,complete-enumeration:32
467,L025,1//4,8417//768,17,base_1;frontier_addition;inactive,5//1,9275//768,17//128,9377//768,1,complete-enumeration:32
467,L050,1//2,7457//768,17,base_1;frontier_addition;inactive,5//1,9275//768,17//128,9377//768,1,complete-enumeration:32
467,L100,1//1,1733//192,16,frontier_addition;inactive,1//1,1925//192,0//1,1925//192,1,complete-enumeration:32
467,L200,2//1,1541//192,16,frontier_addition;inactive,1//1,1925//192,0//1,1925//192,1,complete-enumeration:32
467,L400,4//1,1157//192,16,frontier_addition;inactive,1//1,1925//192,0//1,1925//192,1,complete-enumeration:32
468,L0,0//1,13825//768,21;23;29;31,base_1;base_3;frontier_addition;inactive|base_1;base_2;base_3;frontier_addition;inactive|base_1;base_3;closure_carrier;frontier_addition;inactive|base_1;base_2;base_3;closure_carrier;frontier_addition;inactive,5//1;7//1;9//1,13825//768,0//1,13825//768,4,complete-enumeration:32
468,L025,1//4,12865//768,21,base_1;base_3;frontier_addition;inactive,5//1,13825//768,0//1,13825//768,1,complete-enumeration:32
468,L050,1//2,11905//768,21,base_1;base_3;frontier_addition;inactive,5//1,13825//768,0//1,13825//768,1,complete-enumeration:32
468,L100,1//1,9985//768,21,base_1;base_3;frontier_addition;inactive,5//1,13825//768,0//1,13825//768,1,complete-enumeration:32
468,L200,2//1,6767//768,17;20,base_1;frontier_addition;inactive|base_3;frontier_addition;inactive,3//1,11375//768,0//1,11375//768,2,complete-enumeration:32
468,L400,4//1,713//128,16,frontier_addition;inactive,1//1,1225//128,0//1,1225//128,1,complete-enumeration:32
469,L0,0//1,875//48,19;23;27;31,base_1;base_2;frontier_addition;inactive|base_1;base_2;base_3;frontier_addition;inactive|base_1;base_2;closure_carrier;frontier_addition;inactive|base_1;base_2;base_3;closure_carrier;frontier_addition;inactive,9//1;12//1;13//1;16//1,875//48,0//1,875//48,4,complete-enumeration:32
469,L025,1//4,767//48,19,base_1;base_2;frontier_addition;inactive,9//1,875//48,0//1,875//48,1,complete-enumeration:32
469,L050,1//2,659//48,19,base_1;base_2;frontier_addition;inactive,9//1,875//48,0//1,875//48,1,complete-enumeration:32
469,L100,1//1,1285//128,18,base_2;frontier_addition;inactive,5//1,1925//128,0//1,1925//128,1,complete-enumeration:32
469,L200,2//1,5639//768,16,frontier_addition;inactive,1//1,7175//768,0//1,7175//768,1,complete-enumeration:32
469,L400,4//1,4103//768,16,frontier_addition;inactive,1//1,7175//768,0//1,7175//768,1,complete-enumeration:32
470,L0,0//1,97549//8192,17;19;21;23;25;27;29;31,base_1;frontier_addition;inactive|base_1;base_2;frontier_addition;inactive|base_1;base_3;frontier_addition;inactive|base_1;base_2;base_3;frontier_addition;inactive|base_1;closure_carrier;frontier_addition;inactive|base_1;base_2;closure_carrier;frontier_addition;inactive|base_1;base_3;closure_carrier;frontier_addition;inactive|base_1;base_2;base_3;closure_carrier;frontier_addition;inactive,3//1;5//1;7//1;9//1,2275//192,1447//24576,97549//8192,8,complete-enumeration:32
470,L025,1//4,91405//8192,17,base_1;frontier_addition;inactive,3//1,2275//192,1447//24576,97549//8192,1,complete-enumeration:32
470,L050,1//2,85261//8192,17,base_1;frontier_addition;inactive,3//1,2275//192,1447//24576,97549//8192,1,complete-enumeration:32
470,L100,1//1,28483//3072,1,base_1;inactive,2//1,8575//768,109//1024,34627//3072,1,complete-enumeration:32
470,L200,2//1,2113//256,16,frontier_addition;inactive,1//1,2625//256,0//1,2625//256,1,complete-enumeration:32
470,L400,4//1,1601//256,16,frontier_addition;inactive,1//1,2625//256,0//1,2625//256,1,complete-enumeration:32
471,L0,0//1,875//48,19;23;27;31,base_1;base_2;frontier_addition;inactive|base_1;base_2;base_3;frontier_addition;inactive|base_1;base_2;closure_carrier;frontier_addition;inactive|base_1;base_2;base_3;closure_carrier;frontier_addition;inactive,9//1;11//1;13//1;15//1,875//48,0//1,875//48,4,complete-enumeration:32
471,L025,1//4,767//48,19,base_1;base_2;frontier_addition;inactive,9//1,875//48,0//1,875//48,1,complete-enumeration:32
471,L050,1//2,659//48,19,base_1;base_2;frontier_addition;inactive,9//1,875//48,0//1,875//48,1,complete-enumeration:32
471,L100,1//1,115//12,17;18,base_1;frontier_addition;inactive|base_2;frontier_addition;inactive,5//1,175//12,0//1,175//12,2,complete-enumeration:32
471,L200,2//1,683//96,16,frontier_addition;inactive,1//1,875//96,0//1,875//96,1,complete-enumeration:32
471,L400,4//1,491//96,16,frontier_addition;inactive,1//1,875//96,0//1,875//96,1,complete-enumeration:32
472,L0,0//1,145667//12288,17;19;21;23;25;27;29;31,base_1;frontier_addition;inactive|base_1;base_2;frontier_addition;inactive|base_1;base_3;frontier_addition;inactive|base_1;base_2;base_3;frontier_addition;inactive|base_1;closure_carrier;frontier_addition;inactive|base_1;base_2;closure_carrier;frontier_addition;inactive|base_1;base_3;closure_carrier;frontier_addition;inactive|base_1;base_2;base_3;closure_carrier;frontier_addition;inactive,3//1;5//1;7//1;9//1,2975//256,2867//12288,145667//12288,8,complete-enumeration:32
472,L025,1//4,136451//12288,17,base_1;frontier_addition;inactive,3//1,2975//256,2867//12288,145667//12288,1,complete-enumeration:32
472,L050,1//2,685373//65536,1,base_1;inactive,2//1,175//16,34109//65536,750909//65536,1,complete-enumeration:32
472,L100,1//1,619837//65536,1,base_1;inactive,2//1,175//16,34109//65536,750909//65536,1,complete-enumeration:32
472,L200,2//1,2113//256,16,frontier_addition;inactive,1//1,2625//256,0//1,2625//256,1,complete-enumeration:32
472,L400,4//1,1601//256,16,frontier_addition;inactive,1//1,2625//256,0//1,2625//256,1,complete-enumeration:32
473,L0,0//1,2975//256,17;19;21;23;25;27;29;31,base_1;frontier_addition;inactive|base_1;base_2;frontier_addition;inactive|base_1;base_3;frontier_addition;inactive|base_1;base_2;base_3;frontier_addition;inactive|base_1;closure_carrier;frontier_addition;inactive|base_1;base_2;closure_carrier;frontier_addition;inactive|base_1;base_3;closure_carrier;frontier_addition;inactive|base_1;base_2;base_3;closure_carrier;frontier_addition;inactive,5//1;7//1;9//1;11//1;13//1;15//1,2975//256,0//1,2975//256,8,complete-enumeration:32
473,L025,1//4,2655//256,17,base_1;frontier_addition;inactive,5//1,2975//256,0//1,2975//256,1,complete-enumeration:32
473,L050,1//2,2497//256,16,frontier_addition;inactive,1//1,2625//256,0//1,2625//256,1,complete-enumeration:32
473,L100,1//1,2369//256,16,frontier_addition;inactive,1//1,2625//256,0//1,2625//256,1,complete-enumeration:32
473,L200,2//1,2113//256,16,frontier_addition;inactive,1//1,2625//256,0//1,2625//256,1,complete-enumeration:32
473,L400,4//1,1601//256,16,frontier_addition;inactive,1//1,2625//256,0//1,2625//256,1,complete-enumeration:32
474,L0,0//1,13825//768,22;23;30;31,base_2;base_3;frontier_addition;inactive|base_1;base_2;base_3;frontier_addition;inactive|base_2;base_3;closure_carrier;frontier_addition;inactive|base_1;base_2;base_3;closure_carrier;frontier_addition;inactive,9//1;11//1;13//1;15//1,13825//768,0//1,13825//768,4,complete-enumeration:32
474,L025,1//4,12097//768,22,base_2;base_3;frontier_addition;inactive,9//1,13825//768,0//1,13825//768,1,complete-enumeration:32
474,L050,1//2,10369//768,22,base_2;base_3;frontier_addition;inactive,9//1,13825//768,0//1,13825//768,1,complete-enumeration:32
474,L100,1//1,115//12,20,base_3;frontier_addition;inactive,5//1,175//12,0//1,175//12,1,complete-enumeration:32
474,L200,2//1,5639//768,16,frontier_addition;inactive,1//1,7175//768,0//1,7175//768,1,complete-enumeration:32
474,L400,4//1,4103//768,16,frontier_addition;inactive,1//1,7175//768,0//1,7175//768,1,complete-enumeration:32
475,L0,0//1,2275//128,19;23;27;31,base_1;base_2;frontier_addition;inactive|base_1;base_2;base_3;frontier_addition;inactive|base_1;base_2;closure_carrier;frontier_addition;inactive|base_1;base_2;base_3;closure_carrier;frontier_addition;inactive,9//1;11//1;13//1;15//1,2275//128,0//1,2275//128,4,complete-enumeration:32
475,L025,1//4,1987//128,19,base_1;base_2;frontier_addition;inactive,9//1,2275//128,0//1,2275//128,1,complete-enumeration:32
475,L050,1//2,1699//128,19,base_1;base_2;frontier_addition;inactive,9//1,2275//128,0//1,2275//128,1,complete-enumeration:32
475,L100,1//1,3505//384,18,base_2;frontier_addition;inactive,5//1,5425//384,0//1,5425//384,1,complete-enumeration:32
475,L200,2//1,4939//768,16,frontier_addition;inactive,1//1,6475//768,0//1,6475//768,1,complete-enumeration:32
475,L400,4//1,3403//768,16,frontier_addition;inactive,1//1,6475//768,0//1,6475//768,1,complete-enumeration:32
476,L0,0//1,2275//192,17;19;21;23;25;27;29;31,base_1;frontier_addition;inactive|base_1;base_2;frontier_addition;inactive|base_1;base_3;frontier_addition;inactive|base_1;base_2;base_3;frontier_addition;inactive|base_1;closure_carrier;frontier_addition;inactive|base_1;base_2;closure_carrier;frontier_addition;inactive|base_1;base_3;closure_carrier;frontier_addition;inactive|base_1;base_2;base_3;closure_carrier;frontier_addition;inactive,5//1;8//1;9//1;12//1;13//1;16//1,2275//192,0//1,2275//192,8,complete-enumeration:32
476,L025,1//4,2035//192,17,base_1;frontier_addition;inactive,5//1,2275//192,0//1,2275//192,1,complete-enumeration:32
476,L050,1//2,3607//384,1,base_1;inactive,4//1,4375//384,0//1,4375//384,1,complete-enumeration:32
476,L100,1//1,1097//128,16,frontier_addition;inactive,1//1,1225//128,0//1,1225//128,1,complete-enumeration:32
476,L200,2//1,969//128,16,frontier_addition;inactive,1//1,1225//128,0//1,1225//128,1,complete-enumeration:32
476,L400,4//1,713//128,16,frontier_addition;inactive,1//1,1225//128,0//1,1225//128,1,complete-enumeration:32
477,L0,0//1,626177//49152,17;19;21;23;25;27;29;31,base_1;frontier_addition;inactive|base_1;base_2;frontier_addition;inactive|base_1;base_3;frontier_addition;inactive|base_1;base_2;base_3;frontier_addition;inactive|base_1;closure_carrier;frontier_addition;inactive|base_1;base_2;closure_carrier;frontier_addition;inactive|base_1;base_3;closure_carrier;frontier_addition;inactive|base_1;base_2;base_3;closure_carrier;frontier_addition;inactive,5//1;7//1;9//1;11//1;13//1;15//1,9275//768,10859//16384,626177//49152,8,complete-enumeration:32
477,L025,1//4,564737//49152,17,base_1;frontier_addition;inactive,5//1,9275//768,10859//16384,626177//49152,1,complete-enumeration:32
477,L050,1//2,503297//49152,17,base_1;frontier_addition;inactive,5//1,9275//768,10859//16384,626177//49152,1,complete-enumeration:32
477,L100,1//1,2369//256,16,frontier_addition;inactive,1//1,2625//256,0//1,2625//256,1,complete-enumeration:32
477,L200,2//1,2113//256,16,frontier_addition;inactive,1//1,2625//256,0//1,2625//256,1,complete-enumeration:32
477,L400,4//1,1601//256,16,frontier_addition;inactive,1//1,2625//256,0//1,2625//256,1,complete-enumeration:32
478,L0,0//1,80077//4096,22;23;30;31,base_2;base_3;frontier_addition;inactive|base_1;base_2;base_3;frontier_addition;inactive|base_2;base_3;closure_carrier;frontier_addition;inactive|base_1;base_2;base_3;closure_carrier;frontier_addition;inactive,9//1;12//1;13//1;16//1,4725//256,4477//4096,80077//4096,4,complete-enumeration:32
478,L025,1//4,70861//4096,22,base_2;base_3;frontier_addition;inactive,9//1,4725//256,4477//4096,80077//4096,1,complete-enumeration:32
478,L050,1//2,61645//4096,22,base_2;base_3;frontier_addition;inactive,9//1,4725//256,4477//4096,80077//4096,1,complete-enumeration:32
478,L100,1//1,196263//16384,18,base_2;frontier_addition;inactive,5//1,1925//128,31783//16384,278183//16384,1,complete-enumeration:32
478,L200,2//1,5639//768,16,frontier_addition;inactive,1//1,7175//768,0//1,7175//768,1,complete-enumeration:32
478,L400,4//1,4103//768,16,frontier_addition;inactive,1//1,7175//768,0//1,7175//768,1,complete-enumeration:32
479,L0,0//1,118727//6144,19;23;27;31,base_1;base_2;frontier_addition;inactive|base_1;base_2;base_3;frontier_addition;inactive|base_1;base_2;closure_carrier;frontier_addition;inactive|base_1;base_2;base_3;closure_carrier;frontier_addition;inactive,9//1;12//1;13//1;16//1,7175//384,1309//2048,118727//6144,4,complete-enumeration:32
479,L025,1//4,104903//6144,19,base_1;base_2;frontier_addition;inactive,9//1,7175//384,1309//2048,118727//6144,1,complete-enumeration:32
479,L050,1//2,11828483//786432,18,base_2;frontier_addition;inactive,5//1,11375//768,715521//262144,13794563//786432,1,complete-enumeration:32
479,L100,1//1,9862403//786432,18,base_2;frontier_addition;inactive,5//1,11375//768,715521//262144,13794563//786432,1,complete-enumeration:32
479,L200,2//1,5930243//786432,18,base_2;frontier_addition;inactive,5//1,11375//768,715521//262144,13794563//786432,1,complete-enumeration:32
479,L400,4//1,1251//256,16,frontier_addition;inactive,1//1,2275//256,0//1,2275//256,1,complete-enumeration:32
480,L0,0//1,1224969//65536,21;23;29;31,base_1;base_3;frontier_addition;inactive|base_1;base_2;base_3;frontier_addition;inactive|base_1;base_3;closure_carrier;frontier_addition;inactive|base_1;base_2;base_3;closure_carrier;frontier_addition;inactive,9//1;11//1;13//1;15//1,13825//768,135707//196608,1224969//65536,4,complete-enumeration:32
480,L025,1//4,1077513//65536,21,base_1;base_3;frontier_addition;inactive,9//1,13825//768,135707//196608,1224969//65536,1,complete-enumeration:32
480,L050,1//2,236523//16384,20,base_3;frontier_addition;inactive,5//1,3675//256,42283//16384,277483//16384,1,complete-enumeration:32
480,L100,1//1,195563//16384,20,base_3;frontier_addition;inactive,5//1,3675//256,42283//16384,277483//16384,1,complete-enumeration:32
480,L200,2//1,53293//6144,24,closure_carrier;frontier_addition;inactive,3//1,7175//768,10919//2048,90157//6144,1,complete-enumeration:32
480,L400,4//1,4103//768,16,frontier_addition;inactive,1//1,7175//768,0//1,7175//768,1,complete-enumeration:32
481,L0,0//1,36145//3072,17;19;21;23;25;27;29;31,base_1;frontier_addition;inactive|base_1;base_2;frontier_addition;inactive|base_1;base_3;frontier_addition;inactive|base_1;base_2;base_3;frontier_addition;inactive|base_1;closure_carrier;frontier_addition;inactive|base_1;base_2;closure_carrier;frontier_addition;inactive|base_1;base_3;closure_carrier;frontier_addition;inactive|base_1;base_2;base_3;closure_carrier;frontier_addition;inactive,5//1;7//1;9//1;11//1;13//1;15//1,4375//384,1145//3072,36145//3072,8,complete-enumeration:32
481,L025,1//4,32305//3072,17,base_1;frontier_addition;inactive,5//1,4375//384,1145//3072,36145//3072,1,complete-enumeration:32
481,L050,1//2,2497//256,16,frontier_addition;inactive,1//1,2625//256,0//1,2625//256,1,complete-enumeration:32
481,L100,1//1,2369//256,16,frontier_addition;inactive,1//1,2625//256,0//1,2625//256,1,complete-enumeration:32
481,L200,2//1,2113//256,16,frontier_addition;inactive,1//1,2625//256,0//1,2625//256,1,complete-enumeration:32
481,L400,4//1,1601//256,16,frontier_addition;inactive,1//1,2625//256,0//1,2625//256,1,complete-enumeration:32
482,L0,0//1,926741//49152,19;23;27;31,base_1;base_2;frontier_addition;inactive|base_1;base_2;base_3;frontier_addition;inactive|base_1;base_2;closure_carrier;frontier_addition;inactive|base_1;base_2;base_3;closure_carrier;frontier_addition;inactive,9//1;12//1;13//1;16//1,875//48,10247//16384,926741//49152,4,complete-enumeration:32
482,L025,1//4,816149//49152,19,base_1;base_2;frontier_addition;inactive,9//1,875//48,10247//16384,926741//49152,1,complete-enumeration:32
482,L050,1//2,2903297//196608,17,base_1;frontier_addition;inactive,5//1,11375//768,160939//65536,3394817//196608,1,complete-enumeration:32
482,L100,1//1,2411777//196608,17,base_1;frontier_addition;inactive,5//1,11375//768,160939//65536,3394817//196608,1,complete-enumeration:32
482,L200,2//1,1428737//196608,17,base_1;frontier_addition;inactive,5//1,11375//768,160939//65536,3394817//196608,1,complete-enumeration:32
482,L400,4//1,1251//256,16,frontier_addition;inactive,1//1,2275//256,0//1,2275//256,1,complete-enumeration:32
483,L0,0//1,252913//12288,21;23;29;31,base_1;base_3;frontier_addition;inactive|base_1;base_2;base_3;frontier_addition;inactive|base_1;base_3;closure_carrier;frontier_addition;inactive|base_1;base_2;base_3;closure_carrier;frontier_addition;inactive,9//1;11//1;13//1;15//1,7175//384,7771//4096,252913//12288,4,complete-enumeration:32
483,L025,1//4,225265//12288,21,base_1;base_3;frontier_addition;inactive,9//1,7175//384,7771//4096,252913//12288,1,complete-enumeration:32
483,L050,1//2,813247//49152,17,base_1;frontier_addition;inactive,5//1,11725//768,61909//16384,936127//49152,1,complete-enumeration:32
483,L100,1//1,690367//49152,17,base_1;frontier_addition;inactive,5//1,11725//768,61909//16384,936127//49152,1,complete-enumeration:32
483,L200,2//1,520375//49152,24,closure_carrier;frontier_addition;inactive,3//1,7525//768,111229//16384,815287//49152,1,complete-enumeration:32
483,L400,4//1,271021//49152,8,closure_carrier;inactive,2//1,2275//768,172879//16384,664237//49152,1,complete-enumeration:32
484,L0,0//1,309883//16384,19;23;27;31,base_1;base_2;frontier_addition;inactive|base_1;base_2;base_3;frontier_addition;inactive|base_1;base_2;closure_carrier;frontier_addition;inactive|base_1;base_2;base_3;closure_carrier;frontier_addition;inactive,5//1;7//1;8//1;10//1,4725//256,7483//16384,309883//16384,4,complete-enumeration:32
484,L025,1//4,289403//16384,19,base_1;base_2;frontier_addition;inactive,5//1,4725//256,7483//16384,309883//16384,1,complete-enumeration:32
484,L050,1//2,268923//16384,19,base_1;base_2;frontier_addition;inactive,5//1,4725//256,7483//16384,309883//16384,1,complete-enumeration:32
484,L100,1//1,227963//16384,19,base_1;base_2;frontier_addition;inactive,5//1,4725//256,7483//16384,309883//16384,1,complete-enumeration:32
484,L200,2//1,64487//6144,17,base_1;frontier_addition;inactive,3//1,11725//768,2517//2048,101351//6144,1,complete-enumeration:32
484,L400,4//1,1251//256,16,frontier_addition;inactive,1//1,2275//256,0//1,2275//256,1,complete-enumeration:32
485,L0,0//1,4375//384,17;19;21;23;25;27;29;31,base_1;frontier_addition;inactive|base_1;base_2;frontier_addition;inactive|base_1;base_3;frontier_addition;inactive|base_1;base_2;base_3;frontier_addition;inactive|base_1;closure_carrier;frontier_addition;inactive|base_1;base_2;closure_carrier;frontier_addition;inactive|base_1;base_3;closure_carrier;frontier_addition;inactive|base_1;base_2;base_3;closure_carrier;frontier_addition;inactive,3//1;5//1;6//1;7//1;8//1;10//1,4375//384,0//1,4375//384,8,complete-enumeration:32
485,L025,1//4,4087//384,17,base_1;frontier_addition;inactive,3//1,4375//384,0//1,4375//384,1,complete-enumeration:32
485,L050,1//2,3799//384,17,base_1;frontier_addition;inactive,3//1,4375//384,0//1,4375//384,1,complete-enumeration:32
485,L100,1//1,1097//128,16,frontier_addition;inactive,1//1,1225//128,0//1,1225//128,1,complete-enumeration:32
485,L200,2//1,969//128,16,frontier_addition;inactive,1//1,1225//128,0//1,1225//128,1,complete-enumeration:32
485,L400,4//1,713//128,16,frontier_addition;inactive,1//1,1225//128,0//1,1225//128,1,complete-enumeration:32
486,L0,0//1,2275//128,21;23;29;31,base_1;base_3;frontier_addition;inactive|base_1;base_2;base_3;frontier_addition;inactive|base_1;base_3;closure_carrier;frontier_addition;inactive|base_1;base_2;base_3;closure_carrier;frontier_addition;inactive,9//1;11//1;13//1;15//1,2275//128,0//1,2275//128,4,complete-enumeration:32
486,L025,1//4,1987//128,21,base_1;base_3;frontier_addition;inactive,9//1,2275//128,0//1,2275//128,1,complete-enumeration:32
486,L050,1//2,1699//128,21,base_1;base_3;frontier_addition;inactive,9//1,2275//128,0//1,2275//128,1,complete-enumeration:32
486,L100,1//1,3505//384,17,base_1;frontier_addition;inactive,5//1,5425//384,0//1,5425//384,1,complete-enumeration:32
486,L200,2//1,683//96,16,frontier_addition;inactive,1//1,875//96,0//1,875//96,1,complete-enumeration:32
486,L400,4//1,491//96,16,frontier_addition;inactive,1//1,875//96,0//1,875//96,1,complete-enumeration:32
487,L0,0//1,875//48,22;23;30;31,base_2;base_3;frontier_addition;inactive|base_1;base_2;base_3;frontier_addition;inactive|base_2;base_3;closure_carrier;frontier_addition;inactive|base_1;base_2;base_3;closure_carrier;frontier_addition;inactive,5//1;7//1;9//1,875//48,0//1,875//48,4,complete-enumeration:32
487,L025,1//4,815//48,22,base_2;base_3;frontier_addition;inactive,5//1,875//48,0//1,875//48,1,complete-enumeration:32
487,L050,1//2,755//48,22,base_2;base_3;frontier_addition;inactive,5//1,875//48,0//1,875//48,1,complete-enumeration:32
487,L100,1//1,635//48,22,base_2;base_3;frontier_addition;inactive,5//1,875//48,0//1,875//48,1,complete-enumeration:32
487,L200,2//1,6767//768,18;20,base_2;frontier_addition;inactive|base_3;frontier_addition;inactive,3//1,11375//768,0//1,11375//768,2,complete-enumeration:32
487,L400,4//1,491//96,16,frontier_addition;inactive,1//1,875//96,0//1,875//96,1,complete-enumeration:32
488,L0,0//1,7175//384,19;23;27;31,base_1;base_2;frontier_addition;inactive|base_1;base_2;base_3;frontier_addition;inactive|base_1;base_2;closure_carrier;frontier_addition;inactive|base_1;base_2;base_3;closure_carrier;frontier_addition;inactive,9//1;12//1;13//1;16//1,7175//384,0//1,7175//384,4,complete-enumeration:32
488,L025,1//4,6311//384,19,base_1;base_2;frontier_addition;inactive,9//1,7175//384,0//1,7175//384,1,complete-enumeration:32
488,L050,1//2,5447//384,19,base_1;base_2;frontier_addition;inactive,9//1,7175//384,0//1,7175//384,1,complete-enumeration:32
488,L100,1//1,7535//768,17,base_1;frontier_addition;inactive,5//1,11375//768,0//1,11375//768,1,complete-enumeration:32
488,L200,2//1,969//128,16,frontier_addition;inactive,1//1,1225//128,0//1,1225//128,1,complete-enumeration:32
488,L400,4//1,713//128,16,frontier_addition;inactive,1//1,1225//128,0//1,1225//128,1,complete-enumeration:32
489,L0,0//1,1575//128,17;19;21;23;25;27;29;31,base_1;frontier_addition;inactive|base_1;base_2;frontier_addition;inactive|base_1;base_3;frontier_addition;inactive|base_1;base_2;base_3;frontier_addition;inactive|base_1;closure_carrier;frontier_addition;inactive|base_1;base_2;closure_carrier;frontier_addition;inactive|base_1;base_3;closure_carrier;frontier_addition;inactive|base_1;base_2;base_3;closure_carrier;frontier_addition;inactive,5//1;7//1;9//1;11//1;13//1;15//1,1575//128,0//1,1575//128,8,complete-enumeration:32
489,L025,1//4,1415//128,17,base_1;frontier_addition;inactive,5//1,1575//128,0//1,1575//128,1,complete-enumeration:32
489,L050,1//2,7841//768,16,frontier_addition;inactive,1//1,8225//768,0//1,8225//768,1,complete-enumeration:32
489,L100,1//1,7457//768,16,frontier_addition;inactive,1//1,8225//768,0//1,8225//768,1,complete-enumeration:32
489,L200,2//1,6689//768,16,frontier_addition;inactive,1//1,8225//768,0//1,8225//768,1,complete-enumeration:32
489,L400,4//1,5153//768,16,frontier_addition;inactive,1//1,8225//768,0//1,8225//768,1,complete-enumeration:32
490,L0,0//1,24753//2048,17;19;21;23;25;27;29;31,base_1;frontier_addition;inactive|base_1;base_2;frontier_addition;inactive|base_1;base_3;frontier_addition;inactive|base_1;base_2;base_3;frontier_addition;inactive|base_1;closure_carrier;frontier_addition;inactive|base_1;base_2;closure_carrier;frontier_addition;inactive|base_1;base_3;closure_carrier;frontier_addition;inactive|base_1;base_2;base_3;closure_carrier;frontier_addition;inactive,5//1;7//1;9//1;11//1;13//1;15//1,2975//256,953//2048,24753//2048,8,complete-enumeration:32
490,L025,1//4,22193//2048,17,base_1;frontier_addition;inactive,5//1,2975//256,953//2048,24753//2048,1,complete-enumeration:32
490,L050,1//2,19633//2048,17,base_1;frontier_addition;inactive,5//1,2975//256,953//2048,24753//2048,1,complete-enumeration:32
490,L100,1//1,6757//768,16,frontier_addition;inactive,1//1,7525//768,0//1,7525//768,1,complete-enumeration:32
490,L200,2//1,5989//768,16,frontier_addition;inactive,1//1,7525//768,0//1,7525//768,1,complete-enumeration:32
490,L400,4//1,4453//768,16,frontier_addition;inactive,1//1,7525//768,0//1,7525//768,1,complete-enumeration:32
491,L0,0//1,181243//12288,17;19;21;23;25;27;29;31,base_1;frontier_addition;inactive|base_1;base_2;frontier_addition;inactive|base_1;base_3;frontier_addition;inactive|base_1;base_2;base_3;frontier_addition;inactive|base_1;closure_carrier;frontier_addition;inactive|base_1;base_2;closure_carrier;frontier_addition;inactive|base_1;base_3;closure_carrier;frontier_addition;inactive|base_1;base_2;base_3;closure_carrier;frontier_addition;inactive,5//1;8//1;9//1;12//1;13//1;16//1,2275//192,11881//4096,181243//12288,8,complete-enumeration:32
491,L025,1//4,165883//12288,17,base_1;frontier_addition;inactive,5//1,2275//192,11881//4096,181243//12288,1,complete-enumeration:32
491,L050,1//2,611563//49152,1,base_1;inactive,4//1,8575//768,53689//16384,709867//49152,1,complete-enumeration:32
491,L100,1//1,513259//49152,1,base_1;inactive,4//1,8575//768,53689//16384,709867//49152,1,complete-enumeration:32
491,L200,2//1,5989//768,16,frontier_addition;inactive,1//1,7525//768,0//1,7525//768,1,complete-enumeration:32
491,L400,4//1,4453//768,16,frontier_addition;inactive,1//1,7525//768,0//1,7525//768,1,complete-enumeration:32
492,L0,0//1,4725//256,22;23;30;31,base_2;base_3;frontier_addition;inactive|base_1;base_2;base_3;frontier_addition;inactive|base_2;base_3;closure_carrier;frontier_addition;inactive|base_1;base_2;base_3;closure_carrier;frontier_addition;inactive,5//1;7//1;9//1,4725//256,0//1,4725//256,4,complete-enumeration:32
492,L025,1//4,4405//256,22,base_2;base_3;frontier_addition;inactive,5//1,4725//256,0//1,4725//256,1,complete-enumeration:32
492,L050,1//2,4085//256,22,base_2;base_3;frontier_addition;inactive,5//1,4725//256,0//1,4725//256,1,complete-enumeration:32
492,L100,1//1,3445//256,22,base_2;base_3;frontier_addition;inactive,5//1,4725//256,0//1,4725//256,1,complete-enumeration:32
492,L200,2//1,1157//128,20,base_3;frontier_addition;inactive,3//1,1925//128,0//1,1925//128,1,complete-enumeration:32
492,L400,4//1,1251//256,16,frontier_addition;inactive,1//1,2275//256,0//1,2275//256,1,complete-enumeration:32
493,L0,0//1,2975//256,17;19;21;23;25;27;29;31,base_1;frontier_addition;inactive|base_1;base_2;frontier_addition;inactive|base_1;base_3;frontier_addition;inactive|base_1;base_2;base_3;frontier_addition;inactive|base_1;closure_carrier;frontier_addition;inactive|base_1;base_2;closure_carrier;frontier_addition;inactive|base_1;base_3;closure_carrier;frontier_addition;inactive|base_1;base_2;base_3;closure_carrier;frontier_addition;inactive,5//1;8//1;9//1;12//1;13//1;16//1,2975//256,0//1,2975//256,8,complete-enumeration:32
493,L025,1//4,2655//256,17,base_1;frontier_addition;inactive,5//1,2975//256,0//1,2975//256,1,complete-enumeration:32
493,L050,1//2,7141//768,16,frontier_addition;inactive,1//1,7525//768,0//1,7525//768,1,complete-enumeration:32
493,L100,1//1,6757//768,16,frontier_addition;inactive,1//1,7525//768,0//1,7525//768,1,complete-enumeration:32
493,L200,2//1,5989//768,16,frontier_addition;inactive,1//1,7525//768,0//1,7525//768,1,complete-enumeration:32
493,L400,4//1,4453//768,16,frontier_addition;inactive,1//1,7525//768,0//1,7525//768,1,complete-enumeration:32
494,L0,0//1,9275//768,17;19;21;23;25;27;29;31,base_1;frontier_addition;inactive|base_1;base_2;frontier_addition;inactive|base_1;base_3;frontier_addition;inactive|base_1;base_2;base_3;frontier_addition;inactive|base_1;closure_carrier;frontier_addition;inactive|base_1;base_2;closure_carrier;frontier_addition;inactive|base_1;base_3;closure_carrier;frontier_addition;inactive|base_1;base_2;base_3;closure_carrier;frontier_addition;inactive,3//1;5//1;6//1;7//1;8//1;10//1,9275//768,0//1,9275//768,8,complete-enumeration:32
494,L025,1//4,8699//768,17,base_1;frontier_addition;inactive,3//1,9275//768,0//1,9275//768,1,complete-enumeration:32
494,L050,1//2,8123//768,17,base_1;frontier_addition;inactive,3//1,9275//768,0//1,9275//768,1,complete-enumeration:32
494,L100,1//1,3641//384,16,frontier_addition;inactive,1//1,4025//384,0//1,4025//384,1,complete-enumeration:32
494,L200,2//1,3257//384,16,frontier_addition;inactive,1//1,4025//384,0//1,4025//384,1,complete-enumeration:32
494,L400,4//1,2489//384,16,frontier_addition;inactive,1//1,4025//384,0//1,4025//384,1,complete-enumeration:32
495,L0,0//1,77059//6144,17;19;21;23;25;27;29;31,base_1;frontier_addition;inactive|base_1;base_2;frontier_addition;inactive|base_1;base_3;frontier_addition;inactive|base_1;base_2;base_3;frontier_addition;inactive|base_1;closure_carrier;frontier_addition;inactive|base_1;base_2;closure_carrier;frontier_addition;inactive|base_1;base_3;closure_carrier;frontier_addition;inactive|base_1;base_2;base_3;closure_carrier;frontier_addition;inactive,3//1;5//1;6//1;7//1;8//1;10//1,9275//768,953//2048,77059//6144,8,complete-enumeration:32
495,L025,1//4,72451//6144,17,base_1;frontier_addition;inactive,3//1,9275//768,953//2048,77059//6144,1,complete-enumeration:32
495,L050,1//2,67843//6144,17,base_1;frontier_addition;inactive,3//1,9275//768,953//2048,77059//6144,1,complete-enumeration:32
495,L100,1//1,58627//6144,17,base_1;frontier_addition;inactive,3//1,9275//768,953//2048,77059//6144,1,complete-enumeration:32
495,L200,2//1,2113//256,16,frontier_addition;inactive,1//1,2625//256,0//1,2625//256,1,complete-enumeration:32
495,L400,4//1,1601//256,16,frontier_addition;inactive,1//1,2625//256,0//1,2625//256,1,complete-enumeration:32
496,L0,0//1,13577//768,19;23;27;31,base_1;base_2;frontier_addition;inactive|base_1;base_2;base_3;frontier_addition;inactive|base_1;base_2;closure_carrier;frontier_addition;inactive|base_1;base_2;base_3;closure_carrier;frontier_addition;inactive,5//1;7//1;9//1,13475//768,17//128,13577//768,4,complete-enumeration:32
496,L025,1//4,12617//768,19,base_1;base_2;frontier_addition;inactive,5//1,13475//768,17//128,13577//768,1,complete-enumeration:32
496,L050,1//2,11657//768,19,base_1;base_2;frontier_addition;inactive,5//1,13475//768,17//128,13577//768,1,complete-enumeration:32
496,L100,1//1,9737//768,19,base_1;base_2;frontier_addition;inactive,5//1,13475//768,17//128,13577//768,1,complete-enumeration:32
496,L200,2//1,4535//512,17,base_1;frontier_addition;inactive,3//1,3675//256,257//512,7607//512,1,complete-enumeration:32
496,L400,4//1,4103//768,16,frontier_addition;inactive,1//1,7175//768,0//1,7175//768,1,complete-enumeration:32
497,L0,0//1,9275//768,17;19;21;23;25;27;29;31,base_1;frontier_addition;inactive|base_1;base_2;frontier_addition;inactive|base_1;base_3;frontier_addition;inactive|base_1;base_2;base_3;frontier_addition;inactive|base_1;closure_carrier;frontier_addition;inactive|base_1;base_2;closure_carrier;frontier_addition;inactive|base_1;base_3;closure_carrier;frontier_addition;inactive|base_1;base_2;base_3;closure_carrier;frontier_addition;inactive,5//1;7//1;9//1;11//1;13//1;15//1,9275//768,0//1,9275//768,8,complete-enumeration:32
497,L025,1//4,8315//768,17,base_1;frontier_addition;inactive,5//1,9275//768,0//1,9275//768,1,complete-enumeration:32
497,L050,1//2,7355//768,17,base_1;frontier_addition;inactive,5//1,9275//768,0//1,9275//768,1,complete-enumeration:32
497,L100,1//1,1733//192,16,frontier_addition;inactive,1//1,1925//192,0//1,1925//192,1,complete-enumeration:32
497,L200,2//1,1541//192,16,frontier_addition;inactive,1//1,1925//192,0//1,1925//192,1,complete-enumeration:32
497,L400,4//1,1157//192,16,frontier_addition;inactive,1//1,1925//192,0//1,1925//192,1,complete-enumeration:32
498,L0,0//1,7175//384,22;23;30;31,base_2;base_3;frontier_addition;inactive|base_1;base_2;base_3;frontier_addition;inactive|base_2;base_3;closure_carrier;frontier_addition;inactive|base_1;base_2;base_3;closure_carrier;frontier_addition;inactive,9//1;12//1;13//1;16//1,7175//384,0//1,7175//384,4,complete-enumeration:32
498,L025,1//4,6311//384,22,base_2;base_3;frontier_addition;inactive,9//1,7175//384,0//1,7175//384,1,complete-enumeration:32
498,L050,1//2,5447//384,22,base_2;base_3;frontier_addition;inactive,9//1,7175//384,0//1,7175//384,1,complete-enumeration:32
498,L100,1//1,7535//768,20,base_3;frontier_addition;inactive,5//1,11375//768,0//1,11375//768,1,complete-enumeration:32
498,L200,2//1,1763//256,16,frontier_addition;inactive,1//1,2275//256,0//1,2275//256,1,complete-enumeration:32
498,L400,4//1,1251//256,16,frontier_addition;inactive,1//1,2275//256,0//1,2275//256,1,complete-enumeration:32
499,L0,0//1,13475//768,22;23;30;31,base_2;base_3;frontier_addition;inactive|base_1;base_2;base_3;frontier_addition;inactive|base_2;base_3;closure_carrier;frontier_addition;inactive|base_1;base_2;base_3;closure_carrier;frontier_addition;inactive,5//1;7//1;9//1,13475//768,0//1,13475//768,4,complete-enumeration:32
499,L025,1//4,12515//768,22,base_2;base_3;frontier_addition;inactive,5//1,13475//768,0//1,13475//768,1,complete-enumeration:32
499,L050,1//2,11555//768,22,base_2;base_3;frontier_addition;inactive,5//1,13475//768,0//1,13475//768,1,complete-enumeration:32
499,L100,1//1,9635//768,22,base_2;base_3;frontier_addition;inactive,5//1,13475//768,0//1,13475//768,1,complete-enumeration:32
499,L200,2//1,3121//384,20,base_3;frontier_addition;inactive,3//1,5425//384,0//1,5425//384,1,complete-enumeration:32
499,L400,4//1,491//96,16,frontier_addition;inactive,1//1,875//96,0//1,875//96,1,complete-enumeration:32
500,L0,0//1,9377//768,17;19;21;23;25;27;29;31,base_1;frontier_addition;inactive|base_1;base_2;frontier_addition;inactive|base_1;base_3;frontier_addition;inactive|base_1;base_2;base_3;frontier_addition;inactive|base_1;closure_carrier;frontier_addition;inactive|base_1;base_2;closure_carrier;frontier_addition;inactive|base_1;base_3;closure_carrier;frontier_addition;inactive|base_1;base_2;base_3;closure_carrier;frontier_addition;inactive,5//1;8//1;9//1;12//1;13//1;16//1,9275//768,17//128,9377//768,8,complete-enumeration:32
500,L025,1//4,8417//768,17,base_1;frontier_addition;inactive,5//1,9275//768,17//128,9377//768,1,complete-enumeration:32
500,L050,1//2,7457//768,17,base_1;frontier_addition;inactive,5//1,9275//768,17//128,9377//768,1,complete-enumeration:32
500,L100,1//1,1733//192,16,frontier_addition;inactive,1//1,1925//192,0//1,1925//192,1,complete-enumeration:32
500,L200,2//1,1541//192,16,frontier_addition;inactive,1//1,1925//192,0//1,1925//192,1,complete-enumeration:32
500,L400,4//1,1157//192,16,frontier_addition;inactive,1//1,1925//192,0//1,1925//192,1,complete-enumeration:32
501,L0,0//1,875//48,19;23;27;31,base_1;base_2;frontier_addition;inactive|base_1;base_2;base_3;frontier_addition;inactive|base_1;base_2;closure_carrier;frontier_addition;inactive|base_1;base_2;base_3;closure_carrier;frontier_addition;inactive,5//1;7//1;8//1;10//1,875//48,0//1,875//48,4,complete-enumeration:32
501,L025,1//4,815//48,19,base_1;base_2;frontier_addition;inactive,5//1,875//48,0//1,875//48,1,complete-enumeration:32
501,L050,1//2,755//48,19,base_1;base_2;frontier_addition;inactive,5//1,875//48,0//1,875//48,1,complete-enumeration:32
501,L100,1//1,635//48,19,base_1;base_2;frontier_addition;inactive,5//1,875//48,0//1,875//48,1,complete-enumeration:32
501,L200,2//1,6767//768,18,base_2;frontier_addition;inactive,3//1,11375//768,0//1,11375//768,1,complete-enumeration:32
501,L400,4//1,1251//256,16,frontier_addition;inactive,1//1,2275//256,0//1,2275//256,1,complete-enumeration:32
502,L0,0//1,2975//256,17;19;21;23;25;27;29;31,base_1;frontier_addition;inactive|base_1;base_2;frontier_addition;inactive|base_1;base_3;frontier_addition;inactive|base_1;base_2;base_3;frontier_addition;inactive|base_1;closure_carrier;frontier_addition;inactive|base_1;base_2;closure_carrier;frontier_addition;inactive|base_1;base_3;closure_carrier;frontier_addition;inactive|base_1;base_2;base_3;closure_carrier;frontier_addition;inactive,5//1;7//1;9//1;11//1;13//1;15//1,2975//256,0//1,2975//256,8,complete-enumeration:32
502,L025,1//4,2655//256,17,base_1;frontier_addition;inactive,5//1,2975//256,0//1,2975//256,1,complete-enumeration:32
502,L050,1//2,2497//256,16,frontier_addition;inactive,1//1,2625//256,0//1,2625//256,1,complete-enumeration:32
502,L100,1//1,2369//256,16,frontier_addition;inactive,1//1,2625//256,0//1,2625//256,1,complete-enumeration:32
502,L200,2//1,2113//256,16,frontier_addition;inactive,1//1,2625//256,0//1,2625//256,1,complete-enumeration:32
502,L400,4//1,1601//256,16,frontier_addition;inactive,1//1,2625//256,0//1,2625//256,1,complete-enumeration:32
503,L0,0//1,9275//768,17;19;21;23;25;27;29;31,base_1;frontier_addition;inactive|base_1;base_2;frontier_addition;inactive|base_1;base_3;frontier_addition;inactive|base_1;base_2;base_3;frontier_addition;inactive|base_1;closure_carrier;frontier_addition;inactive|base_1;base_2;closure_carrier;frontier_addition;inactive|base_1;base_3;closure_carrier;frontier_addition;inactive|base_1;base_2;base_3;closure_carrier;frontier_addition;inactive,3//1;5//1;6//1;7//1;8//1;10//1,9275//768,0//1,9275//768,8,complete-enumeration:32
503,L025,1//4,8699//768,17,base_1;frontier_addition;inactive,3//1,9275//768,0//1,9275//768,1,complete-enumeration:32
503,L050,1//2,8123//768,17,base_1;frontier_addition;inactive,3//1,9275//768,0//1,9275//768,1,complete-enumeration:32
503,L100,1//1,3641//384,16,frontier_addition;inactive,1//1,4025//384,0//1,4025//384,1,complete-enumeration:32
503,L200,2//1,3257//384,16,frontier_addition;inactive,1//1,4025//384,0//1,4025//384,1,complete-enumeration:32
503,L400,4//1,2489//384,16,frontier_addition;inactive,1//1,4025//384,0//1,4025//384,1,complete-enumeration:32
504,L0,0//1,624245//49152,17;19;21;23;25;27;29;31,base_1;frontier_addition;inactive|base_1;base_2;frontier_addition;inactive|base_1;base_3;frontier_addition;inactive|base_1;base_2;base_3;frontier_addition;inactive|base_1;closure_carrier;frontier_addition;inactive|base_1;base_2;closure_carrier;frontier_addition;inactive|base_1;base_3;closure_carrier;frontier_addition;inactive|base_1;base_2;base_3;closure_carrier;frontier_addition;inactive,3//1;5//1;6//1;7//1;8//1;10//1,9275//768,10215//16384,624245//49152,8,complete-enumeration:32
504,L025,1//4,587381//49152,17,base_1;frontier_addition;inactive,3//1,9275//768,10215//16384,624245//49152,1,complete-enumeration:32
504,L050,1//2,550517//49152,17,base_1;frontier_addition;inactive,3//1,9275//768,10215//16384,624245//49152,1,complete-enumeration:32
504,L100,1//1,333175//32768,1,base_1;inactive,2//1,175//16,40311//32768,398711//32768,1,complete-enumeration:32
504,L200,2//1,6689//768,16,frontier_addition;inactive,1//1,8225//768,0//1,8225//768,1,complete-enumeration:32
504,L400,4//1,5153//768,16,frontier_addition;inactive,1//1,8225//768,0//1,8225//768,1,complete-enumeration:32
505,L0,0//1,2275//192,17;19;21;23;25;27;29;31,base_1;frontier_addition;inactive|base_1;base_2;frontier_addition;inactive|base_1;base_3;frontier_addition;inactive|base_1;base_2;base_3;frontier_addition;inactive|base_1;closure_carrier;frontier_addition;inactive|base_1;base_2;closure_carrier;frontier_addition;inactive|base_1;base_3;closure_carrier;frontier_addition;inactive|base_1;base_2;base_3;closure_carrier;frontier_addition;inactive,3//1;5//1;7//1;9//1,2275//192,0//1,2275//192,8,complete-enumeration:32
505,L025,1//4,2131//192,17,base_1;frontier_addition;inactive,3//1,2275//192,0//1,2275//192,1,complete-enumeration:32
505,L050,1//2,1987//192,17,base_1;frontier_addition;inactive,3//1,2275//192,0//1,2275//192,1,complete-enumeration:32
505,L100,1//1,143//16,1,base_1;inactive,2//1,175//16,0//1,175//16,1,complete-enumeration:32
505,L200,2//1,5989//768,16,frontier_addition;inactive,1//1,7525//768,0//1,7525//768,1,complete-enumeration:32
505,L400,4//1,4453//768,16,frontier_addition;inactive,1//1,7525//768,0//1,7525//768,1,complete-enumeration:32
506,L0,0//1,928577//49152,22;23;30;31,base_2;base_3;frontier_addition;inactive|base_1;base_2;base_3;frontier_addition;inactive|base_2;base_3;closure_carrier;frontier_addition;inactive|base_1;base_2;base_3;closure_carrier;frontier_addition;inactive,9//1;11//1;13//1;15//1,875//48,10859//16384,928577//49152,4,complete-enumeration:32
506,L025,1//4,817985//49152,22,base_2;base_3;frontier_addition;inactive,9//1,875//48,10859//16384,928577//49152,1,complete-enumeration:32
506,L050,1//2,707393//49152,22,base_2;base_3;frontier_addition;inactive,9//1,875//48,10859//16384,928577//49152,1,complete-enumeration:32
506,L100,1//1,179729//16384,20,base_3;frontier_addition;inactive,5//1,3675//256,26449//16384,261649//16384,1,complete-enumeration:32
506,L200,2//1,2557//384,16,frontier_addition;inactive,1//1,3325//384,0//1,3325//384,1,complete-enumeration:32
506,L400,4//1,1789//384,16,frontier_addition;inactive,1//1,3325//384,0//1,3325//384,1,complete-enumeration:32
507,L0,0//1,9275//768,17;19;21;23;25;27;29;31,base_1;frontier_addition;inactive|base_1;base_2;frontier_addition;inactive|base_1;base_3;frontier_addition;inactive|base_1;base_2;base_3;frontier_addition;inactive|base_1;closure_carrier;frontier_addition;inactive|base_1;base_2;closure_carrier;frontier_addition;inactive|base_1;base_3;closure_carrier;frontier_addition;inactive|base_1;base_2;base_3;closure_carrier;frontier_addition;inactive,3//1;5//1;7//1;9//1,9275//768,0//1,9275//768,8,complete-enumeration:32
507,L025,1//4,8699//768,17,base_1;frontier_addition;inactive,3//1,9275//768,0//1,9275//768,1,complete-enumeration:32
507,L050,1//2,8123//768,17,base_1;frontier_addition;inactive,3//1,9275//768,0//1,9275//768,1,complete-enumeration:32
507,L100,1//1,2369//256,16,frontier_addition;inactive,1//1,2625//256,0//1,2625//256,1,complete-enumeration:32
507,L200,2//1,2113//256,16,frontier_addition;inactive,1//1,2625//256,0//1,2625//256,1,complete-enumeration:32
507,L400,4//1,1601//256,16,frontier_addition;inactive,1//1,2625//256,0//1,2625//256,1,complete-enumeration:32
508,L0,0//1,259643//12288,19;23;27;31,base_1;base_2;frontier_addition;inactive|base_1;base_2;base_3;frontier_addition;inactive|base_1;base_2;closure_carrier;frontier_addition;inactive|base_1;base_2;base_3;closure_carrier;frontier_addition;inactive,9//1;11//1;13//1;15//1,875//48,11881//4096,259643//12288,4,complete-enumeration:32
508,L025,1//4,231995//12288,19,base_1;base_2;frontier_addition;inactive,9//1,875//48,11881//4096,259643//12288,1,complete-enumeration:32
508,L050,1//2,840167//49152,18,base_2;frontier_addition;inactive,5//1,11375//768,78349//16384,963047//49152,1,complete-enumeration:32
508,L100,1//1,717287//49152,18,base_2;frontier_addition;inactive,5//1,11375//768,78349//16384,963047//49152,1,complete-enumeration:32
508,L200,2//1,547295//49152,24,closure_carrier;frontier_addition;inactive,3//1,7175//768,127669//16384,842207//49152,1,complete-enumeration:32
508,L400,4//1,297941//49152,8,closure_carrier;inactive,2//1,1925//768,189319//16384,691157//49152,1,complete-enumeration:32
509,L0,0//1,62281//4096,17;19;21;23;25;27;29;31,base_1;frontier_addition;inactive|base_1;base_2;frontier_addition;inactive|base_1;base_3;frontier_addition;inactive|base_1;base_2;base_3;frontier_addition;inactive|base_1;closure_carrier;frontier_addition;inactive|base_1;base_2;closure_carrier;frontier_addition;inactive|base_1;base_3;closure_carrier;frontier_addition;inactive|base_1;base_2;base_3;closure_carrier;frontier_addition;inactive,3//1;5//1;6//1;7//1;8//1;10//1,1575//128,11881//4096,62281//4096,8,complete-enumeration:32
509,L025,1//4,59209//4096,17,base_1;frontier_addition;inactive,3//1,1575//128,11881//4096,62281//4096,1,complete-enumeration:32
509,L050,1//2,56137//4096,17,base_1;frontier_addition;inactive,3//1,1575//128,11881//4096,62281//4096,1,complete-enumeration:32
509,L100,1//1,623893//49152,1,base_1;inactive,2//1,8575//768,57799//16384,722197//49152,1,complete-enumeration:32
509,L200,2//1,525589//49152,1,base_1;inactive,2//1,8575//768,57799//16384,722197//49152,1,complete-enumeration:32
509,L400,4//1,328981//49152,1,base_1;inactive,2//1,8575//768,57799//16384,722197//49152,1,complete-enumeration:32
510,L0,0//1,1575//128,17;19;21;23;25;27;29;31,base_1;frontier_addition;inactive|base_1;base_2;frontier_addition;inactive|base_1;base_3;frontier_addition;inactive|base_1;base_2;base_3;frontier_addition;inactive|base_1;closure_carrier;frontier_addition;inactive|base_1;base_2;closure_carrier;frontier_addition;inactive|base_1;base_3;closure_carrier;frontier_addition;inactive|base_1;base_2;base_3;closure_carrier;frontier_addition;inactive,5//1;8//1;9//1;12//1;13//1;16//1,1575//128,0//1,1575//128,8,complete-enumeration:32
510,L025,1//4,1415//128,17,base_1;frontier_addition;inactive,5//1,1575//128,0//1,1575//128,1,complete-enumeration:32
510,L050,1//2,7841//768,16,frontier_addition;inactive,1//1,8225//768,0//1,8225//768,1,complete-enumeration:32
510,L100,1//1,7457//768,16,frontier_addition;inactive,1//1,8225//768,0//1,8225//768,1,complete-enumeration:32
510,L200,2//1,6689//768,16,frontier_addition;inactive,1//1,8225//768,0//1,8225//768,1,complete-enumeration:32
510,L400,4//1,5153//768,16,frontier_addition;inactive,1//1,8225//768,0//1,8225//768,1,complete-enumeration:32
511,L0,0//1,7175//384,21;23;29;31,base_1;base_3;frontier_addition;inactive|base_1;base_2;base_3;frontier_addition;inactive|base_1;base_3;closure_carrier;frontier_addition;inactive|base_1;base_2;base_3;closure_carrier;frontier_addition;inactive,9//1;11//1;13//1;15//1,7175//384,0//1,7175//384,4,complete-enumeration:32
511,L025,1//4,6311//384,21,base_1;base_3;frontier_addition;inactive,9//1,7175//384,0//1,7175//384,1,complete-enumeration:32
511,L050,1//2,5447//384,21,base_1;base_3;frontier_addition;inactive,9//1,7175//384,0//1,7175//384,1,complete-enumeration:32
511,L100,1//1,7885//768,20,base_3;frontier_addition;inactive,5//1,11725//768,0//1,11725//768,1,complete-enumeration:32
511,L200,2//1,5639//768,16,frontier_addition;inactive,1//1,7175//768,0//1,7175//768,1,complete-enumeration:32
511,L400,4//1,4103//768,16,frontier_addition;inactive,1//1,7175//768,0//1,7175//768,1,complete-enumeration:32
512,L0,0//1,875//48,22;23;30;31,base_2;base_3;frontier_addition;inactive|base_1;base_2;base_3;frontier_addition;inactive|base_2;base_3;closure_carrier;frontier_addition;inactive|base_1;base_2;base_3;closure_carrier;frontier_addition;inactive,9//1;11//1;13//1;15//1,875//48,0//1,875//48,4,complete-enumeration:32
512,L025,1//4,767//48,22,base_2;base_3;frontier_addition;inactive,9//1,875//48,0//1,875//48,1,complete-enumeration:32
512,L050,1//2,659//48,22,base_2;base_3;frontier_addition;inactive,9//1,875//48,0//1,875//48,1,complete-enumeration:32
512,L100,1//1,7535//768,18,base_2;frontier_addition;inactive,5//1,11375//768,0//1,11375//768,1,complete-enumeration:32
512,L200,2//1,4939//768,16,frontier_addition;inactive,1//1,6475//768,0//1,6475//768,1,complete-enumeration:32
512,L400,4//1,3403//768,16,frontier_addition;inactive,1//1,6475//768,0//1,6475//768,1,complete-enumeration:32
513,L0,0//1,759//64,25;27;29;31,base_1;closure_carrier;frontier_addition;inactive|base_1;base_2;closure_carrier;frontier_addition;inactive|base_1;base_3;closure_carrier;frontier_addition;inactive|base_1;base_2;base_3;closure_carrier;frontier_addition;inactive,5//1;7//1;9//1,2975//256,61//256,759//64,4,complete-enumeration:32
513,L025,1//4,2783//256,17,base_1;frontier_addition;inactive,3//1,2975//256,0//1,2975//256,1,complete-enumeration:32
513,L050,1//2,2591//256,17,base_1;frontier_addition;inactive,3//1,2975//256,0//1,2975//256,1,complete-enumeration:32
513,L100,1//1,6689//768,1,base_1;inactive,2//1,8225//768,0//1,8225//768,1,complete-enumeration:32
513,L200,2//1,969//128,16,frontier_addition;inactive,1//1,1225//128,0//1,1225//128,1,complete-enumeration:32
513,L400,4//1,713//128,16,frontier_addition;inactive,1//1,1225//128,0//1,1225//128,1,complete-enumeration:32
514,L0,0//1,7051//384,30;31,base_2;base_3;closure_carrier;frontier_addition;inactive|base_1;base_2;base_3;closure_carrier;frontier_addition;inactive,7//1;9//1,875//48,17//128,7051//384,2,complete-enumeration:32
514,L025,1//4,815//48,22,base_2;base_3;frontier_addition;inactive,5//1,875//48,0//1,875//48,1,complete-enumeration:32
514,L050,1//2,755//48,22,base_2;base_3;frontier_addition;inactive,5//1,875//48,0//1,875//48,1,complete-enumeration:32
514,L100,1//1,635//48,22,base_2;base_3;frontier_addition;inactive,5//1,875//48,0//1,875//48,1,complete-enumeration:32
514,L200,2//1,6767//768,18,base_2;frontier_addition;inactive,3//1,11375//768,0//1,11375//768,1,complete-enumeration:32
514,L400,4//1,491//96,16,frontier_addition;inactive,1//1,875//96,0//1,875//96,1,complete-enumeration:32
515,L0,0//1,1575//128,17;19;21;23;25;27;29;31,base_1;frontier_addition;inactive|base_1;base_2;frontier_addition;inactive|base_1;base_3;frontier_addition;inactive|base_1;base_2;base_3;frontier_addition;inactive|base_1;closure_carrier;frontier_addition;inactive|base_1;base_2;closure_carrier;frontier_addition;inactive|base_1;base_3;closure_carrier;frontier_addition;inactive|base_1;base_2;base_3;closure_carrier;frontier_addition;inactive,5//1;8//1;9//1;12//1;13//1;16//1,1575//128,0//1,1575//128,8,complete-enumeration:32
515,L025,1//4,1415//128,17,base_1;frontier_addition;inactive,5//1,1575//128,0//1,1575//128,1,complete-enumeration:32
515,L050,1//2,3833//384,16,frontier_addition;inactive,1//1,4025//384,0//1,4025//384,1,complete-enumeration:32
515,L100,1//1,3641//384,16,frontier_addition;inactive,1//1,4025//384,0//1,4025//384,1,complete-enumeration:32
515,L200,2//1,3257//384,16,frontier_addition;inactive,1//1,4025//384,0//1,4025//384,1,complete-enumeration:32
515,L400,4//1,2489//384,16,frontier_addition;inactive,1//1,4025//384,0//1,4025//384,1,complete-enumeration:32
516,L0,0//1,13825//768,19;23;27;31,base_1;base_2;frontier_addition;inactive|base_1;base_2;base_3;frontier_addition;inactive|base_1;base_2;closure_carrier;frontier_addition;inactive|base_1;base_2;base_3;closure_carrier;frontier_addition;inactive,9//1;11//1;13//1;15//1,13825//768,0//1,13825//768,4,complete-enumeration:32
516,L025,1//4,12097//768,19,base_1;base_2;frontier_addition;inactive,9//1,13825//768,0//1,13825//768,1,complete-enumeration:32
516,L050,1//2,10369//768,19,base_1;base_2;frontier_addition;inactive,9//1,13825//768,0//1,13825//768,1,complete-enumeration:32
516,L100,1//1,115//12,17,base_1;frontier_addition;inactive,5//1,175//12,0//1,175//12,1,complete-enumeration:32
516,L200,2//1,1763//256,16,frontier_addition;inactive,1//1,2275//256,0//1,2275//256,1,complete-enumeration:32
516,L400,4//1,1251//256,16,frontier_addition;inactive,1//1,2275//256,0//1,2275//256,1,complete-enumeration:32
517,L0,0//1,193573//12288,25;27;29;31,base_1;closure_carrier;frontier_addition;inactive|base_1;base_2;closure_carrier;frontier_addition;inactive|base_1;base_3;closure_carrier;frontier_addition;inactive|base_1;base_2;base_3;closure_carrier;frontier_addition;inactive,8//1;12//1;16//1,2275//192,15991//4096,193573//12288,4,complete-enumeration:32
517,L025,1//4,679825//49152,24,closure_carrier;frontier_addition;inactive,4//1,7525//768,82459//16384,728977//49152,1,complete-enumeration:32
517,L050,1//2,630673//49152,24,closure_carrier;frontier_addition;inactive,4//1,7525//768,82459//16384,728977//49152,1,complete-enumeration:32
517,L100,1//1,532369//49152,24,closure_carrier;frontier_addition;inactive,4//1,7525//768,82459//16384,728977//49152,1,complete-enumeration:32
517,L200,2//1,5989//768,16,frontier_addition;inactive,1//1,7525//768,0//1,7525//768,1,complete-enumeration:32
517,L400,4//1,4453//768,16,frontier_addition;inactive,1//1,7525//768,0//1,7525//768,1,complete-enumeration:32
518,L0,0//1,2375707//196608,25;27;29;31,base_1;closure_carrier;frontier_addition;inactive|base_1;base_2;closure_carrier;frontier_addition;inactive|base_1;base_3;closure_carrier;frontier_addition;inactive|base_1;base_2;base_3;closure_carrier;frontier_addition;inactive,6//1;8//1;10//1,4375//384,135707//196608,2375707//196608,4,complete-enumeration:32
518,L025,1//4,4087//384,17,base_1;frontier_addition;inactive,3//1,4375//384,0//1,4375//384,1,complete-enumeration:32
518,L050,1//2,159//16,1,base_1;inactive,2//1,175//16,0//1,175//16,1,complete-enumeration:32
518,L100,1//1,143//16,1,base_1;inactive,2//1,175//16,0//1,175//16,1,complete-enumeration:32
518,L200,2//1,969//128,16,frontier_addition;inactive,1//1,1225//128,0//1,1225//128,1,complete-enumeration:32
518,L400,4//1,713//128,16,frontier_addition;inactive,1//1,1225//128,0//1,1225//128,1,complete-enumeration:32
519,L0,0//1,875//48,21;23;29;31,base_1;base_3;frontier_addition;inactive|base_1;base_2;base_3;frontier_addition;inactive|base_1;base_3;closure_carrier;frontier_addition;inactive|base_1;base_2;base_3;closure_carrier;frontier_addition;inactive,5//1;7//1;8//1;10//1,875//48,0//1,875//48,4,complete-enumeration:32
519,L025,1//4,815//48,21,base_1;base_3;frontier_addition;inactive,5//1,875//48,0//1,875//48,1,complete-enumeration:32
519,L050,1//2,755//48,21,base_1;base_3;frontier_addition;inactive,5//1,875//48,0//1,875//48,1,complete-enumeration:32
519,L100,1//1,635//48,21,base_1;base_3;frontier_addition;inactive,5//1,875//48,0//1,875//48,1,complete-enumeration:32
519,L200,2//1,103//12,20,base_3;frontier_addition;inactive,3//1,175//12,0//1,175//12,1,complete-enumeration:32
519,L400,4//1,1251//256,16,frontier_addition;inactive,1//1,2275//256,0//1,2275//256,1,complete-enumeration:32
520,L0,0//1,9275//768,17;19;21;23;25;27;29;31,base_1;frontier_addition;inactive|base_1;base_2;frontier_addition;inactive|base_1;base_3;frontier_addition;inactive|base_1;base_2;base_3;frontier_addition;inactive|base_1;closure_carrier;frontier_addition;inactive|base_1;base_2;closure_carrier;frontier_addition;inactive|base_1;base_3;closure_carrier;frontier_addition;inactive|base_1;base_2;base_3;closure_carrier;frontier_addition;inactive,5//1;7//1;9//1;11//1;13//1;15//1,9275//768,0//1,9275//768,8,complete-enumeration:32
520,L025,1//4,8315//768,17,base_1;frontier_addition;inactive,5//1,9275//768,0//1,9275//768,1,complete-enumeration:32
520,L050,1//2,2497//256,16,frontier_addition;inactive,1//1,2625//256,0//1,2625//256,1,complete-enumeration:32
520,L100,1//1,2369//256,16,frontier_addition;inactive,1//1,2625//256,0//1,2625//256,1,complete-enumeration:32
520,L200,2//1,2113//256,16,frontier_addition;inactive,1//1,2625//256,0//1,2625//256,1,complete-enumeration:32
520,L400,4//1,1601//256,16,frontier_addition;inactive,1//1,2625//256,0//1,2625//256,1,complete-enumeration:32
521,L0,0//1,2975//256,17;19;21;23;25;27;29;31,base_1;frontier_addition;inactive|base_1;base_2;frontier_addition;inactive|base_1;base_3;frontier_addition;inactive|base_1;base_2;base_3;frontier_addition;inactive|base_1;closure_carrier;frontier_addition;inactive|base_1;base_2;closure_carrier;frontier_addition;inactive|base_1;base_3;closure_carrier;frontier_addition;inactive|base_1;base_2;base_3;closure_carrier;frontier_addition;inactive,5//1;7//1;9//1;11//1;13//1;15//1,2975//256,0//1,2975//256,8,complete-enumeration:32
521,L025,1//4,8033//768,16,frontier_addition;inactive,1//1,8225//768,0//1,8225//768,1,complete-enumeration:32
521,L050,1//2,7841//768,16,frontier_addition;inactive,1//1,8225//768,0//1,8225//768,1,complete-enumeration:32
521,L100,1//1,7457//768,16,frontier_addition;inactive,1//1,8225//768,0//1,8225//768,1,complete-enumeration:32
521,L200,2//1,6689//768,16,frontier_addition;inactive,1//1,8225//768,0//1,8225//768,1,complete-enumeration:32
521,L400,4//1,5153//768,16,frontier_addition;inactive,1//1,8225//768,0//1,8225//768,1,complete-enumeration:32
522,L0,0//1,8575//768,17;19;21;23;25;27;29;31,base_1;frontier_addition;inactive|base_1;base_2;frontier_addition;inactive|base_1;base_3;frontier_addition;inactive|base_1;base_2;base_3;frontier_addition;inactive|base_1;closure_carrier;frontier_addition;inactive|base_1;base_2;closure_carrier;frontier_addition;inactive|base_1;base_3;closure_carrier;frontier_addition;inactive|base_1;base_2;base_3;closure_carrier;frontier_addition;inactive,3//1;5//1;6//1;7//1;8//1;10//1,8575//768,0//1,8575//768,8,complete-enumeration:32
522,L025,1//4,7999//768,17,base_1;frontier_addition;inactive,3//1,8575//768,0//1,8575//768,1,complete-enumeration:32
522,L050,1//2,7423//768,17,base_1;frontier_addition;inactive,3//1,8575//768,0//1,8575//768,1,complete-enumeration:32
522,L100,1//1,6757//768,16,frontier_addition;inactive,1//1,7525//768,0//1,7525//768,1,complete-enumeration:32
522,L200,2//1,5989//768,16,frontier_addition;inactive,1//1,7525//768,0//1,7525//768,1,complete-enumeration:32
522,L400,4//1,4453//768,16,frontier_addition;inactive,1//1,7525//768,0//1,7525//768,1,complete-enumeration:32
523,L0,0//1,16613//768,27;31,base_1;base_2;closure_carrier;frontier_addition;inactive|base_1;base_2;base_3;closure_carrier;frontier_addition;inactive,8//1;10//1,875//48,871//256,16613//768,2,complete-enumeration:32
523,L025,1//4,15077//768,27,base_1;base_2;closure_carrier;frontier_addition;inactive,8//1,875//48,871//256,16613//768,1,complete-enumeration:32
523,L050,1//2,13541//768,27,base_1;base_2;closure_carrier;frontier_addition;inactive,8//1,875//48,871//256,16613//768,1,complete-enumeration:32
523,L100,1//1,692795//49152,25,base_1;closure_carrier;frontier_addition;inactive,6//1,11375//768,86569//16384,987707//49152,1,complete-enumeration:32
523,L200,2//1,58577//6144,24,closure_carrier;frontier_addition;inactive,4//1,875//96,17243//2048,107729//6144,1,complete-enumeration:32
523,L400,4//1,1251//256,16,frontier_addition;inactive,1//1,2275//256,0//1,2275//256,1,complete-enumeration:32
524,L0,0//1,4725//256,21;23;29;31,base_1;base_3;frontier_addition;inactive|base_1;base_2;base_3;frontier_addition;inactive|base_1;base_3;closure_carrier;frontier_addition;inactive|base_1;base_2;base_3;closure_carrier;frontier_addition;inactive,9//1;12//1;13//1;16//1,4725//256,0//1,4725//256,4,complete-enumeration:32
524,L025,1//4,4149//256,21,base_1;base_3;frontier_addition;inactive,9//1,4725//256,0//1,4725//256,1,complete-enumeration:32
524,L050,1//2,3573//256,21,base_1;base_3;frontier_addition;inactive,9//1,4725//256,0//1,4725//256,1,complete-enumeration:32
524,L100,1//1,115//12,17;20,base_1;frontier_addition;inactive|base_3;frontier_addition;inactive,5//1,175//12,0//1,175//12,2,complete-enumeration:32
524,L200,2//1,683//96,16,frontier_addition;inactive,1//1,875//96,0//1,875//96,1,complete-enumeration:32
524,L400,4//1,491//96,16,frontier_addition;inactive,1//1,875//96,0//1,875//96,1,complete-enumeration:32
525,L0,0//1,638449//49152,25;27;29;31,base_1;closure_carrier;frontier_addition;inactive|base_1;base_2;closure_carrier;frontier_addition;inactive|base_1;base_3;closure_carrier;frontier_addition;inactive|base_1;base_2;base_3;closure_carrier;frontier_addition;inactive,5//1;7//1;9//1,9625//768,7483//16384,638449//49152,4,complete-enumeration:32
525,L025,1//4,9049//768,17,base_1;frontier_addition;inactive,3//1,9625//768,0//1,9625//768,1,complete-enumeration:32
525,L050,1//2,8473//768,17,base_1;frontier_addition;inactive,3//1,9625//768,0//1,9625//768,1,complete-enumeration:32
525,L100,1//1,2463//256,1,base_1;inactive,2//1,2975//256,0//1,2975//256,1,complete-enumeration:32
525,L200,2//1,2113//256,16,frontier_addition;inactive,1//1,2625//256,0//1,2625//256,1,complete-enumeration:32
525,L400,4//1,1601//256,16,frontier_addition;inactive,1//1,2625//256,0//1,2625//256,1,complete-enumeration:32
526,L0,0//1,2975//256,17;19;21;23;25;27;29;31,base_1;frontier_addition;inactive|base_1;base_2;frontier_addition;inactive|base_1;base_3;frontier_addition;inactive|base_1;base_2;base_3;frontier_addition;inactive|base_1;closure_carrier;frontier_addition;inactive|base_1;base_2;closure_carrier;frontier_addition;inactive|base_1;base_3;closure_carrier;frontier_addition;inactive|base_1;base_2;base_3;closure_carrier;frontier_addition;inactive,5//1;7//1;9//1;11//1;13//1;15//1,2975//256,0//1,2975//256,8,complete-enumeration:32
526,L025,1//4,2655//256,17,base_1;frontier_addition;inactive,5//1,2975//256,0//1,2975//256,1,complete-enumeration:32
526,L050,1//2,2497//256,16,frontier_addition;inactive,1//1,2625//256,0//1,2625//256,1,complete-enumeration:32
526,L100,1//1,2369//256,16,frontier_addition;inactive,1//1,2625//256,0//1,2625//256,1,complete-enumeration:32
526,L200,2//1,2113//256,16,frontier_addition;inactive,1//1,2625//256,0//1,2625//256,1,complete-enumeration:32
526,L400,4//1,1601//256,16,frontier_addition;inactive,1//1,2625//256,0//1,2625//256,1,complete-enumeration:32
527,L0,0//1,1751//96,29;31,base_1;base_3;closure_carrier;frontier_addition;inactive|base_1;base_2;base_3;closure_carrier;frontier_addition;inactive,12//1;16//1,13825//768,61//256,1751//96,2,complete-enumeration:32
527,L025,1//4,12097//768,21,base_1;base_3;frontier_addition;inactive,9//1,13825//768,0//1,13825//768,1,complete-enumeration:32
527,L050,1//2,10369//768,21,base_1;base_3;frontier_addition;inactive,9//1,13825//768,0//1,13825//768,1,complete-enumeration:32
527,L100,1//1,115//12,17,base_1;frontier_addition;inactive,5//1,175//12,0//1,175//12,1,complete-enumeration:32
527,L200,2//1,683//96,16,frontier_addition;inactive,1//1,875//96,0//1,875//96,1,complete-enumeration:32
527,L400,4//1,491//96,16,frontier_addition;inactive,1//1,875//96,0//1,875//96,1,complete-enumeration:32
528,L0,0//1,130939//6144,29;31,base_1;base_3;closure_carrier;frontier_addition;inactive|base_1;base_2;base_3;closure_carrier;frontier_addition;inactive,7//1;9//1,14525//768,4913//2048,130939//6144,2,complete-enumeration:32
528,L025,1//4,120187//6144,29,base_1;base_3;closure_carrier;frontier_addition;inactive,7//1,14525//768,4913//2048,130939//6144,1,complete-enumeration:32
528,L050,1//2,109435//6144,29,base_1;base_3;closure_carrier;frontier_addition;inactive,7//1,14525//768,4913//2048,130939//6144,1,complete-enumeration:32
528,L100,1//1,90149//6144,25;28,base_1;closure_carrier;frontier_addition;inactive|base_3;closure_carrier;frontier_addition;inactive,5//1,11725//768,9023//2048,120869//6144,2,complete-enumeration:32
528,L200,2//1,17225//1536,24,closure_carrier;frontier_addition;inactive,3//1,7525//768,3797//512,26441//1536,1,complete-enumeration:32
528,L400,4//1,286741//49152,8,closure_carrier;inactive,2//1,875//384,189319//16384,679957//49152,1,complete-enumeration:32
529,L0,0//1,177313//12288,25;27;29;31,base_1;closure_carrier;frontier_addition;inactive|base_1;base_2;closure_carrier;frontier_addition;inactive|base_1;base_3;closure_carrier;frontier_addition;inactive|base_1;base_2;base_3;closure_carrier;frontier_addition;inactive,6//1;8//1;10//1,9625//768,7771//4096,177313//12288,4,complete-enumeration:32
529,L025,1//4,158881//12288,25,base_1;closure_carrier;frontier_addition;inactive,6//1,9625//768,7771//4096,177313//12288,1,complete-enumeration:32
529,L050,1//2,565633//49152,24,closure_carrier;frontier_addition;inactive,4//1,4025//384,49579//16384,663937//49152,1,complete-enumeration:32
529,L100,1//1,7321//768,17,base_1;frontier_addition;inactive,3//1,9625//768,0//1,9625//768,1,complete-enumeration:32
529,L200,2//1,3257//384,16,frontier_addition;inactive,1//1,4025//384,0//1,4025//384,1,complete-enumeration:32
529,L400,4//1,2489//384,16,frontier_addition;inactive,1//1,4025//384,0//1,4025//384,1,complete-enumeration:32
530,L0,0//1,75535//4096,30;31,base_2;base_3;closure_carrier;frontier_addition;inactive|base_1;base_2;base_3;closure_carrier;frontier_addition;inactive,7//1;9//1,2275//128,2735//4096,75535//4096,2,complete-enumeration:32
530,L025,1//4,68367//4096,30,base_2;base_3;closure_carrier;frontier_addition;inactive,7//1,2275//128,2735//4096,75535//4096,1,complete-enumeration:32
530,L050,1//2,1955//128,22,base_2;base_3;frontier_addition;inactive,5//1,2275//128,0//1,2275//128,1,complete-enumeration:32
530,L100,1//1,1635//128,22,base_2;base_3;frontier_addition;inactive,5//1,2275//128,0//1,2275//128,1,complete-enumeration:32
530,L200,2//1,2139//256,18;20,base_2;frontier_addition;inactive|base_3;frontier_addition;inactive,3//1,3675//256,0//1,3675//256,2,complete-enumeration:32
530,L400,4//1,491//96,16,frontier_addition;inactive,1//1,875//96,0//1,875//96,1,complete-enumeration:32
531,L0,0//1,80571//4096,30;31,base_2;base_3;closure_carrier;frontier_addition;inactive|base_1;base_2;base_3;closure_carrier;frontier_addition;inactive,12//1;16//1,2275//128,7771//4096,80571//4096,2,complete-enumeration:32
531,L025,1//4,68283//4096,30,base_2;base_3;closure_carrier;frontier_addition;inactive,12//1,2275//128,7771//4096,80571//4096,1,complete-enumeration:32
531,L050,1//2,231573//16384,28,base_3;closure_carrier;frontier_addition;inactive,8//1,3675//256,61909//16384,297109//16384,1,complete-enumeration:32
531,L100,1//1,583949//49152,24,closure_carrier;frontier_addition;inactive,4//1,7175//768,107119//16384,780557//49152,1,complete-enumeration:32
531,L200,2//1,387341//49152,24,closure_carrier;frontier_addition;inactive,4//1,7175//768,107119//16384,780557//49152,1,complete-enumeration:32
531,L400,4//1,4103//768,16,frontier_addition;inactive,1//1,7175//768,0//1,7175//768,1,complete-enumeration:32
532,L0,0//1,4375//384,17;19;21;23;25;27;29;31,base_1;frontier_addition;inactive|base_1;base_2;frontier_addition;inactive|base_1;base_3;frontier_addition;inactive|base_1;base_2;base_3;frontier_addition;inactive|base_1;closure_carrier;frontier_addition;inactive|base_1;base_2;closure_carrier;frontier_addition;inactive|base_1;base_3;closure_carrier;frontier_addition;inactive|base_1;base_2;base_3;closure_carrier;frontier_addition;inactive,3//1;5//1;7//1;9//1,4375//384,0//1,4375//384,8,complete-enumeration:32
532,L025,1//4,4087//384,17,base_1;frontier_addition;inactive,3//1,4375//384,0//1,4375//384,1,complete-enumeration:32
532,L050,1//2,3799//384,17,base_1;frontier_addition;inactive,3//1,4375//384,0//1,4375//384,1,complete-enumeration:32
532,L100,1//1,1097//128,16,frontier_addition;inactive,1//1,1225//128,0//1,1225//128,1,complete-enumeration:32
532,L200,2//1,969//128,16,frontier_addition;inactive,1//1,1225//128,0//1,1225//128,1,complete-enumeration:32
532,L400,4//1,713//128,16,frontier_addition;inactive,1//1,1225//128,0//1,1225//128,1,complete-enumeration:32
533,L0,0//1,875//48,21;23;29;31,base_1;base_3;frontier_addition;inactive|base_1;base_2;base_3;frontier_addition;inactive|base_1;base_3;closure_carrier;frontier_addition;inactive|base_1;base_2;base_3;closure_carrier;frontier_addition;inactive,5//1;7//1;9//1,875//48,0//1,875//48,4,complete-enumeration:32
533,L025,1//4,815//48,21,base_1;base_3;frontier_addition;inactive,5//1,875//48,0//1,875//48,1,complete-enumeration:32
533,L050,1//2,755//48,21,base_1;base_3;frontier_addition;inactive,5//1,875//48,0//1,875//48,1,complete-enumeration:32
533,L100,1//1,635//48,21,base_1;base_3;frontier_addition;inactive,5//1,875//48,0//1,875//48,1,complete-enumeration:32
533,L200,2//1,1157//128,20,base_3;frontier_addition;inactive,3//1,1925//128,0//1,1925//128,1,complete-enumeration:32
533,L400,4//1,713//128,16,frontier_addition;inactive,1//1,1225//128,0//1,1225//128,1,complete-enumeration:32
534,L0,0//1,2275//128,19;23;27;31,base_1;base_2;frontier_addition;inactive|base_1;base_2;base_3;frontier_addition;inactive|base_1;base_2;closure_carrier;frontier_addition;inactive|base_1;base_2;base_3;closure_carrier;frontier_addition;inactive,5//1;7//1;8//1;10//1,2275//128,0//1,2275//128,4,complete-enumeration:32
534,L025,1//4,2115//128,19,base_1;base_2;frontier_addition;inactive,5//1,2275//128,0//1,2275//128,1,complete-enumeration:32
534,L050,1//2,1955//128,19,base_1;base_2;frontier_addition;inactive,5//1,2275//128,0//1,2275//128,1,complete-enumeration:32
534,L100,1//1,1635//128,19,base_1;base_2;frontier_addition;inactive,5//1,2275//128,0//1,2275//128,1,complete-enumeration:32
534,L200,2//1,103//12,18,base_2;frontier_addition;inactive,3//1,175//12,0//1,175//12,1,complete-enumeration:32
534,L400,4//1,1789//384,16,frontier_addition;inactive,1//1,3325//384,0//1,3325//384,1,complete-enumeration:32
535,L0,0//1,156583//12288,25;27;29;31,base_1;closure_carrier;frontier_addition;inactive|base_1;base_2;closure_carrier;frontier_addition;inactive|base_1;base_3;closure_carrier;frontier_addition;inactive|base_1;base_2;base_3;closure_carrier;frontier_addition;inactive,8//1;12//1;16//1,2275//192,3661//4096,156583//12288,4,complete-enumeration:32
535,L025,1//4,273485//24576,24,closure_carrier;frontier_addition;inactive,4//1,4025//384,13487//8192,298061//24576,1,complete-enumeration:32
535,L050,1//2,248909//24576,24,closure_carrier;frontier_addition;inactive,4//1,4025//384,13487//8192,298061//24576,1,complete-enumeration:32
535,L100,1//1,3641//384,16,frontier_addition;inactive,1//1,4025//384,0//1,4025//384,1,complete-enumeration:32
535,L200,2//1,3257//384,16,frontier_addition;inactive,1//1,4025//384,0//1,4025//384,1,complete-enumeration:32
535,L400,4//1,2489//384,16,frontier_addition;inactive,1//1,4025//384,0//1,4025//384,1,complete-enumeration:32
536,L0,0//1,454291//24576,30;31,base_2;base_3;closure_carrier;frontier_addition;inactive|base_1;base_2;base_3;closure_carrier;frontier_addition;inactive,11//1;15//1,875//48,2097//8192,454291//24576,2,complete-enumeration:32
536,L025,1//4,767//48,22,base_2;base_3;frontier_addition;inactive,9//1,875//48,0//1,875//48,1,complete-enumeration:32
536,L050,1//2,659//48,22,base_2;base_3;frontier_addition;inactive,9//1,875//48,0//1,875//48,1,complete-enumeration:32
536,L100,1//1,1285//128,20,base_3;frontier_addition;inactive,5//1,1925//128,0//1,1925//128,1,complete-enumeration:32
536,L200,2//1,2557//384,16,frontier_addition;inactive,1//1,3325//384,0//1,3325//384,1,complete-enumeration:32
536,L400,4//1,1789//384,16,frontier_addition;inactive,1//1,3325//384,0//1,3325//384,1,complete-enumeration:32
537,L0,0//1,438247//24576,29;31,base_1;base_3;closure_carrier;frontier_addition;inactive|base_1;base_2;base_3;closure_carrier;frontier_addition;inactive,11//1;15//1,2275//128,1447//24576,438247//24576,2,complete-enumeration:32
537,L025,1//4,1987//128,21,base_1;base_3;frontier_addition;inactive,9//1,2275//128,0//1,2275//128,1,complete-enumeration:32
537,L050,1//2,1699//128,21,base_1;base_3;frontier_addition;inactive,9//1,2275//128,0//1,2275//128,1,complete-enumeration:32
537,L100,1//1,115//12,17,base_1;frontier_addition;inactive,5//1,175//12,0//1,175//12,1,complete-enumeration:32
537,L200,2//1,683//96,16,frontier_addition;inactive,1//1,875//96,0//1,875//96,1,complete-enumeration:32
537,L400,4//1,491//96,16,frontier_addition;inactive,1//1,875//96,0//1,875//96,1,complete-enumeration:32
538,L0,0//1,581653//49152,25;27;29;31,base_1;closure_carrier;frontier_addition;inactive|base_1;base_2;closure_carrier;frontier_addition;inactive|base_1;base_3;closure_carrier;frontier_addition;inactive|base_1;base_2;base_3;closure_carrier;frontier_addition;inactive,8//1;12//1;16//1,2975//256,10453//49152,581653//49152,4,complete-enumeration:32
538,L025,1//4,2655//256,17,base_1;frontier_addition;inactive,5//1,2975//256,0//1,2975//256,1,complete-enumeration:32
538,L050,1//2,7039//768,1,base_1;inactive,4//1,8575//768,0//1,8575//768,1,complete-enumeration:32
538,L100,1//1,1097//128,16,frontier_addition;inactive,1//1,1225//128,0//1,1225//128,1,complete-enumeration:32
538,L200,2//1,969//128,16,frontier_addition;inactive,1//1,1225//128,0//1,1225//128,1,complete-enumeration:32
538,L400,4//1,713//128,16,frontier_addition;inactive,1//1,1225//128,0//1,1225//128,1,complete-enumeration:32
539,L0,0//1,221267//12288,29;31,base_1;base_3;closure_carrier;frontier_addition;inactive|base_1;base_2;base_3;closure_carrier;frontier_addition;inactive,8//1;10//1,2275//128,2867//12288,221267//12288,2,complete-enumeration:32
539,L025,1//4,2115//128,21,base_1;base_3;frontier_addition;inactive,5//1,2275//128,0//1,2275//128,1,complete-enumeration:32
539,L050,1//2,1955//128,21,base_1;base_3;frontier_addition;inactive,5//1,2275//128,0//1,2275//128,1,complete-enumeration:32
539,L100,1//1,1635//128,21,base_1;base_3;frontier_addition;inactive,5//1,2275//128,0//1,2275//128,1,complete-enumeration:32
539,L200,2//1,2139//256,20,base_3;frontier_addition;inactive,3//1,3675//256,0//1,3675//256,1,complete-enumeration:32
539,L400,4//1,1251//256,16,frontier_addition;inactive,1//1,2275//256,0//1,2275//256,1,complete-enumeration:32
540,L0,0//1,13825//768,19;23;27;31,base_1;base_2;frontier_addition;inactive|base_1;base_2;base_3;frontier_addition;inactive|base_1;base_2;closure_carrier;frontier_addition;inactive|base_1;base_2;base_3;closure_carrier;frontier_addition;inactive,5//1;7//1;8//1;10//1,13825//768,0//1,13825//768,4,complete-enumeration:32
540,L025,1//4,12865//768,19,base_1;base_2;frontier_addition;inactive,5//1,13825//768,0//1,13825//768,1,complete-enumeration:32
540,L050,1//2,11905//768,19,base_1;base_2;frontier_addition;inactive,5//1,13825//768,0//1,13825//768,1,complete-enumeration:32
540,L100,1//1,9985//768,19,base_1;base_2;frontier_addition;inactive,5//1,13825//768,0//1,13825//768,1,complete-enumeration:32
540,L200,2//1,2139//256,17,base_1;frontier_addition;inactive,3//1,3675//256,0//1,3675//256,1,complete-enumeration:32
540,L400,4//1,1251//256,16,frontier_addition;inactive,1//1,2275//256,0//1,2275//256,1,complete-enumeration:32
541,L0,0//1,573//32,30;31,base_2;base_3;closure_carrier;frontier_addition;inactive|base_1;base_2;base_3;closure_carrier;frontier_addition;inactive,8//1;10//1,2275//128,17//128,573//32,2,complete-enumeration:32
541,L025,1//4,2115//128,22,base_2;base_3;frontier_addition;inactive,5//1,2275//128,0//1,2275//128,1,complete-enumeration:32
541,L050,1//2,1955//128,22,base_2;base_3;frontier_addition;inactive,5//1,2275//128,0//1,2275//128,1,complete-enumeration:32
541,L100,1//1,1635//128,22,base_2;base_3;frontier_addition;inactive,5//1,2275//128,0//1,2275//128,1,complete-enumeration:32
541,L200,2//1,2139//256,18;20,base_2;frontier_addition;inactive|base_3;frontier_addition;inactive,3//1,3675//256,0//1,3675//256,2,complete-enumeration:32
541,L400,4//1,1251//256,16,frontier_addition;inactive,1//1,2275//256,0//1,2275//256,1,complete-enumeration:32
542,L0,0//1,2975//256,17;19;21;23;25;27;29;31,base_1;frontier_addition;inactive|base_1;base_2;frontier_addition;inactive|base_1;base_3;frontier_addition;inactive|base_1;base_2;base_3;frontier_addition;inactive|base_1;closure_carrier;frontier_addition;inactive|base_1;base_2;closure_carrier;frontier_addition;inactive|base_1;base_3;closure_carrier;frontier_addition;inactive|base_1;base_2;base_3;closure_carrier;frontier_addition;inactive,5//1;8//1;9//1;12//1;13//1;16//1,2975//256,0//1,2975//256,8,complete-enumeration:32
542,L025,1//4,2655//256,17,base_1;frontier_addition;inactive,5//1,2975//256,0//1,2975//256,1,complete-enumeration:32
542,L050,1//2,1829//192,16,frontier_addition;inactive,1//1,1925//192,0//1,1925//192,1,complete-enumeration:32
542,L100,1//1,1733//192,16,frontier_addition;inactive,1//1,1925//192,0//1,1925//192,1,complete-enumeration:32
542,L200,2//1,1541//192,16,frontier_addition;inactive,1//1,1925//192,0//1,1925//192,1,complete-enumeration:32
542,L400,4//1,1157//192,16,frontier_addition;inactive,1//1,1925//192,0//1,1925//192,1,complete-enumeration:32
543,L0,0//1,2275//128,19;23;27;31,base_1;base_2;frontier_addition;inactive|base_1;base_2;base_3;frontier_addition;inactive|base_1;base_2;closure_carrier;frontier_addition;inactive|base_1;base_2;base_3;closure_carrier;frontier_addition;inactive,9//1;12//1;13//1;16//1,2275//128,0//1,2275//128,4,complete-enumeration:32
543,L025,1//4,1987//128,19,base_1;base_2;frontier_addition;inactive,9//1,2275//128,0//1,2275//128,1,complete-enumeration:32
543,L050,1//2,1699//128,19,base_1;base_2;frontier_addition;inactive,9//1,2275//128,0//1,2275//128,1,complete-enumeration:32
543,L100,1//1,115//12,18,base_2;frontier_addition;inactive,5//1,175//12,0//1,175//12,1,complete-enumeration:32
543,L200,2//1,1763//256,16,frontier_addition;inactive,1//1,2275//256,0//1,2275//256,1,complete-enumeration:32
543,L400,4//1,1251//256,16,frontier_addition;inactive,1//1,2275//256,0//1,2275//256,1,complete-enumeration:32
544,L0,0//1,14031//1024,25;27;29;31,base_1;closure_carrier;frontier_addition;inactive|base_1;base_2;closure_carrier;frontier_addition;inactive|base_1;base_3;closure_carrier;frontier_addition;inactive|base_1;base_2;base_3;closure_carrier;frontier_addition;inactive,8//1;12//1;16//1,2975//256,2131//1024,14031//1024,4,complete-enumeration:32
544,L025,1//4,48215//4096,24,closure_carrier;frontier_addition;inactive,4//1,1225//128,13111//4096,52311//4096,1,complete-enumeration:32
544,L050,1//2,44119//4096,24,closure_carrier;frontier_addition;inactive,4//1,1225//128,13111//4096,52311//4096,1,complete-enumeration:32
544,L100,1//1,35927//4096,24,closure_carrier;frontier_addition;inactive,4//1,1225//128,13111//4096,52311//4096,1,complete-enumeration:32
544,L200,2//1,969//128,16,frontier_addition;inactive,1//1,1225//128,0//1,1225//128,1,complete-enumeration:32
544,L400,4//1,713//128,16,frontier_addition;inactive,1//1,1225//128,0//1,1225//128,1,complete-enumeration:32
545,L0,0//1,2275//192,17;19;21;23;25;27;29;31,base_1;frontier_addition;inactive|base_1;base_2;frontier_addition;inactive|base_1;base_3;frontier_addition;inactive|base_1;base_2;base_3;frontier_addition;inactive|base_1;closure_carrier;frontier_addition;inactive|base_1;base_2;closure_carrier;frontier_addition;inactive|base_1;base_3;closure_carrier;frontier_addition;inactive|base_1;base_2;base_3;closure_carrier;frontier_addition;inactive,3//1;5//1;7//1;9//1,2275//192,0//1,2275//192,8,complete-enumeration:32
545,L025,1//4,2131//192,17,base_1;frontier_addition;inactive,3//1,2275//192,0//1,2275//192,1,complete-enumeration:32
545,L050,1//2,1987//192,17,base_1;frontier_addition;inactive,3//1,2275//192,0//1,2275//192,1,complete-enumeration:32
545,L100,1//1,7039//768,1,base_1;inactive,2//1,8575//768,0//1,8575//768,1,complete-enumeration:32
545,L200,2//1,5989//768,16,frontier_addition;inactive,1//1,7525//768,0//1,7525//768,1,complete-enumeration:32
545,L400,4//1,4453//768,16,frontier_addition;inactive,1//1,7525//768,0//1,7525//768,1,complete-enumeration:32
546,L0,0//1,229405//12288,30;31,base_2;base_3;closure_carrier;frontier_addition;inactive|base_1;base_2;base_3;closure_carrier;frontier_addition;inactive,8//1;10//1,13825//768,2735//4096,229405//12288,2,complete-enumeration:32
546,L025,1//4,12865//768,22,base_2;base_3;frontier_addition;inactive,5//1,13825//768,0//1,13825//768,1,complete-enumeration:32
546,L050,1//2,11905//768,22,base_2;base_3;frontier_addition;inactive,5//1,13825//768,0//1,13825//768,1,complete-enumeration:32
546,L100,1//1,9985//768,22,base_2;base_3;frontier_addition;inactive,5//1,13825//768,0//1,13825//768,1,complete-enumeration:32
546,L200,2//1,103//12,18,base_2;frontier_addition;inactive,3//1,175//12,0//1,175//12,1,complete-enumeration:32
546,L400,4//1,1251//256,16,frontier_addition;inactive,1//1,2275//256,0//1,2275//256,1,complete-enumeration:32
547,L0,0//1,2275//192,17;19;21;23;25;27;29;31,base_1;frontier_addition;inactive|base_1;base_2;frontier_addition;inactive|base_1;base_3;frontier_addition;inactive|base_1;base_2;base_3;frontier_addition;inactive|base_1;closure_carrier;frontier_addition;inactive|base_1;base_2;closure_carrier;frontier_addition;inactive|base_1;base_3;closure_carrier;frontier_addition;inactive|base_1;base_2;base_3;closure_carrier;frontier_addition;inactive,3//1;5//1;6//1;7//1;8//1;10//1,2275//192,0//1,2275//192,8,complete-enumeration:32
547,L025,1//4,2131//192,17,base_1;frontier_addition;inactive,3//1,2275//192,0//1,2275//192,1,complete-enumeration:32
547,L050,1//2,1987//192,17,base_1;frontier_addition;inactive,3//1,2275//192,0//1,2275//192,1,complete-enumeration:32
547,L100,1//1,1733//192,16,frontier_addition;inactive,1//1,1925//192,0//1,1925//192,1,complete-enumeration:32
547,L200,2//1,1541//192,16,frontier_addition;inactive,1//1,1925//192,0//1,1925//192,1,complete-enumeration:32
547,L400,4//1,1157//192,16,frontier_addition;inactive,1//1,1925//192,0//1,1925//192,1,complete-enumeration:32
548,L0,0//1,4725//256,19;23;27;31,base_1;base_2;frontier_addition;inactive|base_1;base_2;base_3;frontier_addition;inactive|base_1;base_2;closure_carrier;frontier_addition;inactive|base_1;base_2;base_3;closure_carrier;frontier_addition;inactive,5//1;7//1;8//1;10//1,4725//256,0//1,4725//256,4,complete-enumeration:32
548,L025,1//4,4405//256,19,base_1;base_2;frontier_addition;inactive,5//1,4725//256,0//1,4725//256,1,complete-enumeration:32
548,L050,1//2,4085//256,19,base_1;base_2;frontier_addition;inactive,5//1,4725//256,0//1,4725//256,1,complete-enumeration:32
548,L100,1//1,3445//256,19,base_1;base_2;frontier_addition;inactive,5//1,4725//256,0//1,4725//256,1,complete-enumeration:32
548,L200,2//1,103//12,17;18,base_1;frontier_addition;inactive|base_2;frontier_addition;inactive,3//1,175//12,0//1,175//12,2,complete-enumeration:32
548,L400,4//1,4103//768,16,frontier_addition;inactive,1//1,7175//768,0//1,7175//768,1,complete-enumeration:32
549,L0,0//1,306675//16384,27;31,base_1;base_2;closure_carrier;frontier_addition;inactive|base_1;base_2;base_3;closure_carrier;frontier_addition;inactive,12//1;16//1,4725//256,4275//16384,306675//16384,2,complete-enumeration:32
549,L025,1//4,4149//256,19,base_1;base_2;frontier_addition;inactive,9//1,4725//256,0//1,4725//256,1,complete-enumeration:32
549,L050,1//2,3573//256,19,base_1;base_2;frontier_addition;inactive,9//1,4725//256,0//1,4725//256,1,complete-enumeration:32
549,L100,1//1,7535//768,17,base_1;frontier_addition;inactive,5//1,11375//768,0//1,11375//768,1,complete-enumeration:32
549,L200,2//1,2557//384,16,frontier_addition;inactive,1//1,3325//384,0//1,3325//384,1,complete-enumeration:32
549,L400,4//1,1789//384,16,frontier_addition;inactive,1//1,3325//384,0//1,3325//384,1,complete-enumeration:32
550,L0,0//1,9275//768,17;19;21;23;25;27;29;31,base_1;frontier_addition;inactive|base_1;base_2;frontier_addition;inactive|base_1;base_3;frontier_addition;inactive|base_1;base_2;base_3;frontier_addition;inactive|base_1;closure_carrier;frontier_addition;inactive|base_1;base_2;closure_carrier;frontier_addition;inactive|base_1;base_3;closure_carrier;frontier_addition;inactive|base_1;base_2;base_3;closure_carrier;frontier_addition;inactive,5//1;7//1;9//1;11//1;13//1;15//1,9275//768,0//1,9275//768,8,complete-enumeration:32
550,L025,1//4,8315//768,17,base_1;frontier_addition;inactive,5//1,9275//768,0//1,9275//768,1,complete-enumeration:32
550,L050,1//2,7355//768,17,base_1;frontier_addition;inactive,5//1,9275//768,0//1,9275//768,1,complete-enumeration:32
550,L100,1//1,1097//128,16,frontier_addition;inactive,1//1,1225//128,0//1,1225//128,1,complete-enumeration:32
550,L200,2//1,969//128,16,frontier_addition;inactive,1//1,1225//128,0//1,1225//128,1,complete-enumeration:32
550,L400,4//1,713//128,16,frontier_addition;inactive,1//1,1225//128,0//1,1225//128,1,complete-enumeration:32
551,L0,0//1,9445//768,25;27;29;31,base_1;closure_carrier;frontier_addition;inactive|base_1;base_2;closure_carrier;frontier_addition;inactive|base_1;base_3;closure_carrier;frontier_addition;inactive|base_1;base_2;base_3;closure_carrier;frontier_addition;inactive,8//1;12//1;16//1,2275//192,115//256,9445//768,4,complete-enumeration:32
551,L025,1//4,2035//192,17,base_1;frontier_addition;inactive,5//1,2275//192,0//1,2275//192,1,complete-enumeration:32
551,L050,1//2,1829//192,16,frontier_addition;inactive,1//1,1925//192,0//1,1925//192,1,complete-enumeration:32
551,L100,1//1,1733//192,16,frontier_addition;inactive,1//1,1925//192,0//1,1925//192,1,complete-enumeration:32
551,L200,2//1,1541//192,16,frontier_addition;inactive,1//1,1925//192,0//1,1925//192,1,complete-enumeration:32
551,L400,4//1,1157//192,16,frontier_addition;inactive,1//1,1925//192,0//1,1925//192,1,complete-enumeration:32
552,L0,0//1,84681//4096,29;31,base_1;base_3;closure_carrier;frontier_addition;inactive|base_1;base_2;base_3;closure_carrier;frontier_addition;inactive,11//1;15//1,2275//128,11881//4096,84681//4096,2,complete-enumeration:32
552,L025,1//4,73417//4096,29,base_1;base_3;closure_carrier;frontier_addition;inactive,11//1,2275//128,11881//4096,84681//4096,1,complete-enumeration:32
552,L050,1//2,256205//16384,25,base_1;closure_carrier;frontier_addition;inactive,7//1,3675//256,78349//16384,313549//16384,1,complete-enumeration:32
552,L100,1//1,682421//49152,24,closure_carrier;frontier_addition;inactive,3//1,7175//768,123559//16384,829877//49152,1,complete-enumeration:32
552,L200,2//1,534965//49152,24,closure_carrier;frontier_addition;inactive,3//1,7175//768,123559//16384,829877//49152,1,complete-enumeration:32
552,L400,4//1,285611//49152,8,closure_carrier;inactive,2//1,1925//768,185209//16384,678827//49152,1,complete-enumeration:32
553,L0,0//1,197883//16384,25;27;29;31,base_1;closure_carrier;frontier_addition;inactive|base_1;base_2;closure_carrier;frontier_addition;inactive|base_1;base_3;closure_carrier;frontier_addition;inactive|base_1;base_2;base_3;closure_carrier;frontier_addition;inactive,5//1;7//1;9//1,2975//256,7483//16384,197883//16384,4,complete-enumeration:32
553,L025,1//4,2783//256,17,base_1;frontier_addition;inactive,3//1,2975//256,0//1,2975//256,1,complete-enumeration:32
553,L050,1//2,2591//256,17,base_1;frontier_addition;inactive,3//1,2975//256,0//1,2975//256,1,complete-enumeration:32
553,L100,1//1,143//16,1,base_1;inactive,2//1,175//16,0//1,175//16,1,complete-enumeration:32
553,L200,2//1,5989//768,16,frontier_addition;inactive,1//1,7525//768,0//1,7525//768,1,complete-enumeration:32
553,L400,4//1,4453//768,16,frontier_addition;inactive,1//1,7525//768,0//1,7525//768,1,complete-enumeration:32
554,L0,0//1,875//48,22;23;30;31,base_2;base_3;frontier_addition;inactive|base_1;base_2;base_3;frontier_addition;inactive|base_2;base_3;closure_carrier;frontier_addition;inactive|base_1;base_2;base_3;closure_carrier;frontier_addition;inactive,5//1;7//1;9//1,875//48,0//1,875//48,4,complete-enumeration:32
554,L025,1//4,815//48,22,base_2;base_3;frontier_addition;inactive,5//1,875//48,0//1,875//48,1,complete-enumeration:32
554,L050,1//2,755//48,22,base_2;base_3;frontier_addition;inactive,5//1,875//48,0//1,875//48,1,complete-enumeration:32
554,L100,1//1,635//48,22,base_2;base_3;frontier_addition;inactive,5//1,875//48,0//1,875//48,1,complete-enumeration:32
554,L200,2//1,103//12,18,base_2;frontier_addition;inactive,3//1,175//12,0//1,175//12,1,complete-enumeration:32
554,L400,4//1,1251//256,16,frontier_addition;inactive,1//1,2275//256,0//1,2275//256,1,complete-enumeration:32
555,L0,0//1,2275//192,17;19;21;23;25;27;29;31,base_1;frontier_addition;inactive|base_1;base_2;frontier_addition;inactive|base_1;base_3;frontier_addition;inactive|base_1;base_2;base_3;frontier_addition;inactive|base_1;closure_carrier;frontier_addition;inactive|base_1;base_2;closure_carrier;frontier_addition;inactive|base_1;base_3;closure_carrier;frontier_addition;inactive|base_1;base_2;base_3;closure_carrier;frontier_addition;inactive,5//1;7//1;9//1;11//1;13//1;15//1,2275//192,0//1,2275//192,8,complete-enumeration:32
555,L025,1//4,2035//192,17,base_1;frontier_addition;inactive,5//1,2275//192,0//1,2275//192,1,complete-enumeration:32
555,L050,1//2,1829//192,16,frontier_addition;inactive,1//1,1925//192,0//1,1925//192,1,complete-enumeration:32
555,L100,1//1,1733//192,16,frontier_addition;inactive,1//1,1925//192,0//1,1925//192,1,complete-enumeration:32
555,L200,2//1,1541//192,16,frontier_addition;inactive,1//1,1925//192,0//1,1925//192,1,complete-enumeration:32
555,L400,4//1,1157//192,16,frontier_addition;inactive,1//1,1925//192,0//1,1925//192,1,complete-enumeration:32
556,L0,0//1,1575//128,17;19;21;23;25;27;29;31,base_1;frontier_addition;inactive|base_1;base_2;frontier_addition;inactive|base_1;base_3;frontier_addition;inactive|base_1;base_2;base_3;frontier_addition;inactive|base_1;closure_carrier;frontier_addition;inactive|base_1;base_2;closure_carrier;frontier_addition;inactive|base_1;base_3;closure_carrier;frontier_addition;inactive|base_1;base_2;base_3;closure_carrier;frontier_addition;inactive,3//1;5//1;7//1;9//1,1575//128,0//1,1575//128,8,complete-enumeration:32
556,L025,1//4,1479//128,17,base_1;frontier_addition;inactive,3//1,1575//128,0//1,1575//128,1,complete-enumeration:32
556,L050,1//2,1383//128,17,base_1;frontier_addition;inactive,3//1,1575//128,0//1,1575//128,1,complete-enumeration:32
556,L100,1//1,3607//384,1,base_1;inactive,2//1,4375//384,0//1,4375//384,1,complete-enumeration:32
556,L200,2//1,1541//192,16,frontier_addition;inactive,1//1,1925//192,0//1,1925//192,1,complete-enumeration:32
556,L400,4//1,1157//192,16,frontier_addition;inactive,1//1,1925//192,0//1,1925//192,1,complete-enumeration:32
557,L0,0//1,60287//3072,30;31,base_2;base_3;closure_carrier;frontier_addition;inactive|base_1;base_2;base_3;closure_carrier;frontier_addition;inactive,12//1;16//1,875//48,1429//1024,60287//3072,2,complete-enumeration:32
557,L025,1//4,51071//3072,30,base_2;base_3;closure_carrier;frontier_addition;inactive,12//1,875//48,1429//1024,60287//3072,1,complete-enumeration:32
557,L050,1//2,116249//8192,28,base_3;closure_carrier;frontier_addition;inactive,8//1,1925//128,25817//8192,149017//8192,1,complete-enumeration:32
557,L100,1//1,571619//49152,24,closure_carrier;frontier_addition;inactive,4//1,7175//768,103009//16384,768227//49152,1,complete-enumeration:32
557,L200,2//1,375011//49152,24,closure_carrier;frontier_addition;inactive,4//1,7175//768,103009//16384,768227//49152,1,complete-enumeration:32
557,L400,4//1,4103//768,16,frontier_addition;inactive,1//1,7175//768,0//1,7175//768,1,complete-enumeration:32
558,L0,0//1,4375//384,17;19;21;23;25;27;29;31,base_1;frontier_addition;inactive|base_1;base_2;frontier_addition;inactive|base_1;base_3;frontier_addition;inactive|base_1;base_2;base_3;frontier_addition;inactive|base_1;closure_carrier;frontier_addition;inactive|base_1;base_2;closure_carrier;frontier_addition;inactive|base_1;base_3;closure_carrier;frontier_addition;inactive|base_1;base_2;base_3;closure_carrier;frontier_addition;inactive,5//1;7//1;9//1;11//1;13//1;15//1,4375//384,0//1,4375//384,8,complete-enumeration:32
558,L025,1//4,3895//384,17,base_1;frontier_addition;inactive,5//1,4375//384,0//1,4375//384,1,complete-enumeration:32
558,L050,1//2,7141//768,16,frontier_addition;inactive,1//1,7525//768,0//1,7525//768,1,complete-enumeration:32
558,L100,1//1,6757//768,16,frontier_addition;inactive,1//1,7525//768,0//1,7525//768,1,complete-enumeration:32
558,L200,2//1,5989//768,16,frontier_addition;inactive,1//1,7525//768,0//1,7525//768,1,complete-enumeration:32
558,L400,4//1,4453//768,16,frontier_addition;inactive,1//1,7525//768,0//1,7525//768,1,complete-enumeration:32
559,L0,0//1,4375//384,17;19;21;23;25;27;29;31,base_1;frontier_addition;inactive|base_1;base_2;frontier_addition;inactive|base_1;base_3;frontier_addition;inactive|base_1;base_2;base_3;frontier_addition;inactive|base_1;closure_carrier;frontier_addition;inactive|base_1;base_2;closure_carrier;frontier_addition;inactive|base_1;base_3;closure_carrier;frontier_addition;inactive|base_1;base_2;base_3;closure_carrier;frontier_addition;inactive,3//1;5//1;6//1;7//1;8//1;10//1,4375//384,0//1,4375//384,8,complete-enumeration:32
559,L025,1//4,4087//384,17,base_1;frontier_addition;inactive,3//1,4375//384,0//1,4375//384,1,complete-enumeration:32
559,L050,1//2,3799//384,17,base_1;frontier_addition;inactive,3//1,4375//384,0//1,4375//384,1,complete-enumeration:32
559,L100,1//1,2369//256,16,frontier_addition;inactive,1//1,2625//256,0//1,2625//256,1,complete-enumeration:32
559,L200,2//1,2113//256,16,frontier_addition;inactive,1//1,2625//256,0//1,2625//256,1,complete-enumeration:32
559,L400,4//1,1601//256,16,frontier_addition;inactive,1//1,2625//256,0//1,2625//256,1,complete-enumeration:32
560,L0,0//1,13475//768,22;23;30;31,base_2;base_3;frontier_addition;inactive|base_1;base_2;base_3;frontier_addition;inactive|base_2;base_3;closure_carrier;frontier_addition;inactive|base_1;base_2;base_3;closure_carrier;frontier_addition;inactive,9//1;12//1;13//1;16//1,13475//768,0//1,13475//768,4,complete-enumeration:32
560,L025,1//4,11747//768,22,base_2;base_3;frontier_addition;inactive,9//1,13475//768,0//1,13475//768,1,complete-enumeration:32
560,L050,1//2,10019//768,22,base_2;base_3;frontier_addition;inactive,9//1,13475//768,0//1,13475//768,1,complete-enumeration:32
560,L100,1//1,6835//768,18;20,base_2;frontier_addition;inactive|base_3;frontier_addition;inactive,5//1,10675//768,0//1,10675//768,2,complete-enumeration:32
560,L200,2//1,683//96,16,frontier_addition;inactive,1//1,875//96,0//1,875//96,1,complete-enumeration:32
560,L400,4//1,491//96,16,frontier_addition;inactive,1//1,875//96,0//1,875//96,1,complete-enumeration:32
561,L0,0//1,4601//384,25;27;29;31,base_1;closure_carrier;frontier_addition;inactive|base_1;base_2;closure_carrier;frontier_addition;inactive|base_1;base_3;closure_carrier;frontier_addition;inactive|base_1;base_2;base_3;closure_carrier;frontier_addition;inactive,8//1;12//1;16//1,2275//192,17//128,4601//384,4,complete-enumeration:32
561,L025,1//4,2035//192,17,base_1;frontier_addition;inactive,5//1,2275//192,0//1,2275//192,1,complete-enumeration:32
561,L050,1//2,2497//256,16,frontier_addition;inactive,1//1,2625//256,0//1,2625//256,1,complete-enumeration:32
561,L100,1//1,2369//256,16,frontier_addition;inactive,1//1,2625//256,0//1,2625//256,1,complete-enumeration:32
561,L200,2//1,2113//256,16,frontier_addition;inactive,1//1,2625//256,0//1,2625//256,1,complete-enumeration:32
561,L400,4//1,1601//256,16,frontier_addition;inactive,1//1,2625//256,0//1,2625//256,1,complete-enumeration:32
562,L0,0//1,2275//192,17;19;21;23;25;27;29;31,base_1;frontier_addition;inactive|base_1;base_2;frontier_addition;inactive|base_1;base_3;frontier_addition;inactive|base_1;base_2;base_3;frontier_addition;inactive|base_1;closure_carrier;frontier_addition;inactive|base_1;base_2;closure_carrier;frontier_addition;inactive|base_1;base_3;closure_carrier;frontier_addition;inactive|base_1;base_2;base_3;closure_carrier;frontier_addition;inactive,3//1;5//1;7//1;9//1,2275//192,0//1,2275//192,8,complete-enumeration:32
562,L025,1//4,2131//192,17,base_1;frontier_addition;inactive,3//1,2275//192,0//1,2275//192,1,complete-enumeration:32
562,L050,1//2,1987//192,17,base_1;frontier_addition;inactive,3//1,2275//192,0//1,2275//192,1,complete-enumeration:32
562,L100,1//1,143//16,1,base_1;inactive,2//1,175//16,0//1,175//16,1,complete-enumeration:32
562,L200,2//1,5989//768,16,frontier_addition;inactive,1//1,7525//768,0//1,7525//768,1,complete-enumeration:32
562,L400,4//1,4453//768,16,frontier_addition;inactive,1//1,7525//768,0//1,7525//768,1,complete-enumeration:32
563,L0,0//1,613141//49152,25;27;29;31,base_1;closure_carrier;frontier_addition;inactive|base_1;base_2;closure_carrier;frontier_addition;inactive|base_1;base_3;closure_carrier;frontier_addition;inactive|base_1;base_2;base_3;closure_carrier;frontier_addition;inactive,5//1;7//1;9//1,2275//192,10247//16384,613141//49152,4,complete-enumeration:32
563,L025,1//4,551701//49152,25,base_1;closure_carrier;frontier_addition;inactive,5//1,2275//192,10247//16384,613141//49152,1,complete-enumeration:32
563,L050,1//2,1987//192,17,base_1;frontier_addition;inactive,3//1,2275//192,0//1,2275//192,1,complete-enumeration:32
563,L100,1//1,1733//192,16,frontier_addition;inactive,1//1,1925//192,0//1,1925//192,1,complete-enumeration:32
563,L200,2//1,1541//192,16,frontier_addition;inactive,1//1,1925//192,0//1,1925//192,1,complete-enumeration:32
563,L400,4//1,1157//192,16,frontier_addition;inactive,1//1,1925//192,0//1,1925//192,1,complete-enumeration:32
564,L0,0//1,2975//256,17;19;21;23;25;27;29;31,base_1;frontier_addition;inactive|base_1;base_2;frontier_addition;inactive|base_1;base_3;frontier_addition;inactive|base_1;base_2;base_3;frontier_addition;inactive|base_1;closure_carrier;frontier_addition;inactive|base_1;base_2;closure_carrier;frontier_addition;inactive|base_1;base_3;closure_carrier;frontier_addition;inactive|base_1;base_2;base_3;closure_carrier;frontier_addition;inactive,5//1;7//1;9//1;11//1;13//1;15//1,2975//256,0//1,2975//256,8,complete-enumeration:32
564,L025,1//4,2655//256,17,base_1;frontier_addition;inactive,5//1,2975//256,0//1,2975//256,1,complete-enumeration:32
564,L050,1//2,3833//384,16,frontier_addition;inactive,1//1,4025//384,0//1,4025//384,1,complete-enumeration:32
564,L100,1//1,3641//384,16,frontier_addition;inactive,1//1,4025//384,0//1,4025//384,1,complete-enumeration:32
564,L200,2//1,3257//384,16,frontier_addition;inactive,1//1,4025//384,0//1,4025//384,1,complete-enumeration:32
564,L400,4//1,2489//384,16,frontier_addition;inactive,1//1,4025//384,0//1,4025//384,1,complete-enumeration:32
565,L0,0//1,2275//192,17;19;21;23;25;27;29;31,base_1;frontier_addition;inactive|base_1;base_2;frontier_addition;inactive|base_1;base_3;frontier_addition;inactive|base_1;base_2;base_3;frontier_addition;inactive|base_1;closure_carrier;frontier_addition;inactive|base_1;base_2;closure_carrier;frontier_addition;inactive|base_1;base_3;closure_carrier;frontier_addition;inactive|base_1;base_2;base_3;closure_carrier;frontier_addition;inactive,3//1;5//1;7//1;9//1,2275//192,0//1,2275//192,8,complete-enumeration:32
565,L025,1//4,2131//192,17,base_1;frontier_addition;inactive,3//1,2275//192,0//1,2275//192,1,complete-enumeration:32
565,L050,1//2,1987//192,17,base_1;frontier_addition;inactive,3//1,2275//192,0//1,2275//192,1,complete-enumeration:32
565,L100,1//1,7039//768,1,base_1;inactive,2//1,8575//768,0//1,8575//768,1,complete-enumeration:32
565,L200,2//1,5989//768,16,frontier_addition;inactive,1//1,7525//768,0//1,7525//768,1,complete-enumeration:32
565,L400,4//1,4453//768,16,frontier_addition;inactive,1//1,7525//768,0//1,7525//768,1,complete-enumeration:32
566,L0,0//1,875//48,22;23;30;31,base_2;base_3;frontier_addition;inactive|base_1;base_2;base_3;frontier_addition;inactive|base_2;base_3;closure_carrier;frontier_addition;inactive|base_1;base_2;base_3;closure_carrier;frontier_addition;inactive,5//1;7//1;9//1,875//48,0//1,875//48,4,complete-enumeration:32
566,L025,1//4,815//48,22,base_2;base_3;frontier_addition;inactive,5//1,875//48,0//1,875//48,1,complete-enumeration:32
566,L050,1//2,755//48,22,base_2;base_3;frontier_addition;inactive,5//1,875//48,0//1,875//48,1,complete-enumeration:32
566,L100,1//1,635//48,22,base_2;base_3;frontier_addition;inactive,5//1,875//48,0//1,875//48,1,complete-enumeration:32
566,L200,2//1,103//12,20,base_3;frontier_addition;inactive,3//1,175//12,0//1,175//12,1,complete-enumeration:32
566,L400,4//1,491//96,16,frontier_addition;inactive,1//1,875//96,0//1,875//96,1,complete-enumeration:32
567,L0,0//1,28713//2048,25;27;29;31,base_1;closure_carrier;frontier_addition;inactive|base_1;base_2;closure_carrier;frontier_addition;inactive|base_1;base_3;closure_carrier;frontier_addition;inactive|base_1;base_2;base_3;closure_carrier;frontier_addition;inactive,7//1;11//1;15//1,2975//256,4913//2048,28713//2048,4,complete-enumeration:32
567,L025,1//4,4781//384,24,closure_carrier;frontier_addition;inactive,3//1,7525//768,871//256,5069//384,1,complete-enumeration:32
567,L050,1//2,4493//384,24,closure_carrier;frontier_addition;inactive,3//1,7525//768,871//256,5069//384,1,complete-enumeration:32
567,L100,1//1,3917//384,24,closure_carrier;frontier_addition;inactive,3//1,7525//768,871//256,5069//384,1,complete-enumeration:32
567,L200,2//1,5989//768,16,frontier_addition;inactive,1//1,7525//768,0//1,7525//768,1,complete-enumeration:32
567,L400,4//1,4453//768,16,frontier_addition;inactive,1//1,7525//768,0//1,7525//768,1,complete-enumeration:32
568,L0,0//1,875//48,19;23;27;31,base_1;base_2;frontier_addition;inactive|base_1;base_2;base_3;frontier_addition;inactive|base_1;base_2;closure_carrier;frontier_addition;inactive|base_1;base_2;base_3;closure_carrier;frontier_addition;inactive,5//1;7//1;8//1;10//1,875//48,0//1,875//48,4,complete-enumeration:32
568,L025,1//4,815//48,19,base_1;base_2;frontier_addition;inactive,5//1,875//48,0//1,875//48,1,complete-enumeration:32
568,L050,1//2,755//48,19,base_1;base_2;frontier_addition;inactive,5//1,875//48,0//1,875//48,1,complete-enumeration:32
568,L100,1//1,635//48,19,base_1;base_2;frontier_addition;inactive,5//1,875//48,0//1,875//48,1,complete-enumeration:32
568,L200,2//1,6767//768,18,base_2;frontier_addition;inactive,3//1,11375//768,0//1,11375//768,1,complete-enumeration:32
568,L400,4//1,491//96,16,frontier_addition;inactive,1//1,875//96,0//1,875//96,1,complete-enumeration:32
569,L0,0//1,449447//24576,29;31,base_1;base_3;closure_carrier;frontier_addition;inactive|base_1;base_2;base_3;closure_carrier;frontier_addition;inactive,7//1;9//1,875//48,1447//24576,449447//24576,2,complete-enumeration:32
569,L025,1//4,815//48,21,base_1;base_3;frontier_addition;inactive,5//1,875//48,0//1,875//48,1,complete-enumeration:32
569,L050,1//2,755//48,21,base_1;base_3;frontier_addition;inactive,5//1,875//48,0//1,875//48,1,complete-enumeration:32
569,L100,1//1,635//48,21,base_1;base_3;frontier_addition;inactive,5//1,875//48,0//1,875//48,1,complete-enumeration:32
569,L200,2//1,6767//768,20,base_3;frontier_addition;inactive,3//1,11375//768,0//1,11375//768,1,complete-enumeration:32
569,L400,4//1,491//96,16,frontier_addition;inactive,1//1,875//96,0//1,875//96,1,complete-enumeration:32
570,L0,0//1,2275//192,17;19;21;23;25;27;29;31,base_1;frontier_addition;inactive|base_1;base_2;frontier_addition;inactive|base_1;base_3;frontier_addition;inactive|base_1;base_2;base_3;frontier_addition;inactive|base_1;closure_carrier;frontier_addition;inactive|base_1;base_2;closure_carrier;frontier_addition;inactive|base_1;base_3;closure_carrier;frontier_addition;inactive|base_1;base_2;base_3;closure_carrier;frontier_addition;inactive,3//1;5//1;7//1;9//1,2275//192,0//1,2275//192,8,complete-enumeration:32
570,L025,1//4,2131//192,17,base_1;frontier_addition;inactive,3//1,2275//192,0//1,2275//192,1,complete-enumeration:32
570,L050,1//2,1987//192,17,base_1;frontier_addition;inactive,3//1,2275//192,0//1,2275//192,1,complete-enumeration:32
570,L100,1//1,143//16,1,base_1;inactive,2//1,175//16,0//1,175//16,1,complete-enumeration:32
570,L200,2//1,969//128,16,frontier_addition;inactive,1//1,1225//128,0//1,1225//128,1,complete-enumeration:32
570,L400,4//1,713//128,16,frontier_addition;inactive,1//1,1225//128,0//1,1225//128,1,complete-enumeration:32
571,L0,0//1,2275//192,17;19;21;23;25;27;29;31,base_1;frontier_addition;inactive|base_1;base_2;frontier_addition;inactive|base_1;base_3;frontier_addition;inactive|base_1;base_2;base_3;frontier_addition;inactive|base_1;closure_carrier;frontier_addition;inactive|base_1;base_2;closure_carrier;frontier_addition;inactive|base_1;base_3;closure_carrier;frontier_addition;inactive|base_1;base_2;base_3;closure_carrier;frontier_addition;inactive,3//1;5//1;7//1;9//1,2275//192,0//1,2275//192,8,complete-enumeration:32
571,L025,1//4,2131//192,17,base_1;frontier_addition;inactive,3//1,2275//192,0//1,2275//192,1,complete-enumeration:32
571,L050,1//2,3991//384,1,base_1;inactive,2//1,4375//384,0//1,4375//384,1,complete-enumeration:32
571,L100,1//1,3607//384,1,base_1;inactive,2//1,4375//384,0//1,4375//384,1,complete-enumeration:32
571,L200,2//1,1541//192,16,frontier_addition;inactive,1//1,1925//192,0//1,1925//192,1,complete-enumeration:32
571,L400,4//1,1157//192,16,frontier_addition;inactive,1//1,1925//192,0//1,1925//192,1,complete-enumeration:32
572,L0,0//1,2275//192,17;19;21;23;25;27;29;31,base_1;frontier_addition;inactive|base_1;base_2;frontier_addition;inactive|base_1;base_3;frontier_addition;inactive|base_1;base_2;base_3;frontier_addition;inactive|base_1;closure_carrier;frontier_addition;inactive|base_1;base_2;closure_carrier;frontier_addition;inactive|base_1;base_3;closure_carrier;frontier_addition;inactive|base_1;base_2;base_3;closure_carrier;frontier_addition;inactive,3//1;5//1;6//1;7//1;8//1;10//1,2275//192,0//1,2275//192,8,complete-enumeration:32
572,L025,1//4,2131//192,17,base_1;frontier_addition;inactive,3//1,2275//192,0//1,2275//192,1,complete-enumeration:32
572,L050,1//2,1987//192,17,base_1;frontier_addition;inactive,3//1,2275//192,0//1,2275//192,1,complete-enumeration:32
572,L100,1//1,1733//192,16,frontier_addition;inactive,1//1,1925//192,0//1,1925//192,1,complete-enumeration:32
572,L200,2//1,1541//192,16,frontier_addition;inactive,1//1,1925//192,0//1,1925//192,1,complete-enumeration:32
572,L400,4//1,1157//192,16,frontier_addition;inactive,1//1,1925//192,0//1,1925//192,1,complete-enumeration:32
573,L0,0//1,469769//24576,27;31,base_1;base_2;closure_carrier;frontier_addition;inactive|base_1;base_2;base_3;closure_carrier;frontier_addition;inactive,11//1;15//1,13825//768,9123//8192,469769//24576,2,complete-enumeration:32
573,L025,1//4,402185//24576,27,base_1;base_2;closure_carrier;frontier_addition;inactive,11//1,13825//768,9123//8192,469769//24576,1,complete-enumeration:32
573,L050,1//2,2759557//196608,26,base_2;closure_carrier;frontier_addition;inactive,7//1,175//12,193495//65536,3447685//196608,1,complete-enumeration:32
573,L100,1//1,593407//49152,24,closure_carrier;frontier_addition;inactive,3//1,875//96,97621//16384,740863//49152,1,complete-enumeration:32
573,L200,2//1,445951//49152,24,closure_carrier;frontier_addition;inactive,3//1,875//96,97621//16384,740863//49152,1,complete-enumeration:32
573,L400,4//1,491//96,16,frontier_addition;inactive,1//1,875//96,0//1,875//96,1,complete-enumeration:32
574,L0,0//1,125339//6144,30;31,base_2;base_3;closure_carrier;frontier_addition;inactive|base_1;base_2;base_3;closure_carrier;frontier_addition;inactive,7//1;9//1,13825//768,4913//2048,125339//6144,2,complete-enumeration:32
574,L025,1//4,114587//6144,30,base_2;base_3;closure_carrier;frontier_addition;inactive,7//1,13825//768,4913//2048,125339//6144,1,complete-enumeration:32
574,L050,1//2,103835//6144,30,base_2;base_3;closure_carrier;frontier_addition;inactive,7//1,13825//768,4913//2048,125339//6144,1,complete-enumeration:32
574,L100,1//1,681427//49152,26,base_2;closure_carrier;frontier_addition;inactive,5//1,175//12,70129//16384,927187//49152,1,complete-enumeration:32
574,L200,2//1,511435//49152,24,closure_carrier;frontier_addition;inactive,3//1,875//96,119449//16384,806347//49152,1,complete-enumeration:32
574,L400,4//1,66779//12288,8,closure_carrier;inactive,2//1,1925//768,44761//4096,165083//12288,1,complete-enumeration:32
575,L0,0//1,9275//768,17;19;21;23;25;27;29;31,base_1;frontier_addition;inactive|base_1;base_2;frontier_addition;inactive|base_1;base_3;frontier_addition;inactive|base_1;base_2;base_3;frontier_addition;inactive|base_1;closure_carrier;frontier_addition;inactive|base_1;base_2;closure_carrier;frontier_addition;inactive|base_1;base_3;closure_carrier;frontier_addition;inactive|base_1;base_2;base_3;closure_carrier;frontier_addition;inactive,5//1;8//1;9//1;12//1;13//1;16//1,9275//768,0//1,9275//768,8,complete-enumeration:32
575,L025,1//4,8315//768,17,base_1;frontier_addition;inactive,5//1,9275//768,0//1,9275//768,1,complete-enumeration:32
575,L050,1//2,7355//768,17,base_1;frontier_addition;inactive,5//1,9275//768,0//1,9275//768,1,complete-enumeration:32
575,L100,1//1,6407//768,16,frontier_addition;inactive,1//1,7175//768,0//1,7175//768,1,complete-enumeration:32
575,L200,2//1,5639//768,16,frontier_addition;inactive,1//1,7175//768,0//1,7175//768,1,complete-enumeration:32
575,L400,4//1,4103//768,16,frontier_addition;inactive,1//1,7175//768,0//1,7175//768,1,complete-enumeration:32
576,L0,0//1,636629//49152,25;27;29;31,base_1;closure_carrier;frontier_addition;inactive|base_1;base_2;closure_carrier;frontier_addition;inactive|base_1;base_3;closure_carrier;frontier_addition;inactive|base_1;base_2;base_3;closure_carrier;frontier_addition;inactive,6//1;8//1;10//1,9275//768,14343//16384,636629//49152,4,complete-enumeration:32
576,L025,1//4,562901//49152,25,base_1;closure_carrier;frontier_addition;inactive,6//1,9275//768,14343//16384,636629//49152,1,complete-enumeration:32
576,L050,1//2,2719//256,1,base_1;inactive,2//1,2975//256,0//1,2975//256,1,complete-enumeration:32
576,L100,1//1,2463//256,1,base_1;inactive,2//1,2975//256,0//1,2975//256,1,complete-enumeration:32
576,L200,2//1,1951//256,1,base_1;inactive,2//1,2975//256,0//1,2975//256,1,complete-enumeration:32
576,L400,4//1,713//128,16,frontier_addition;inactive,1//1,1225//128,0//1,1225//128,1,complete-enumeration:32
577,L0,0//1,921197//49152,27;31,base_1;base_2;closure_carrier;frontier_addition;inactive|base_1;base_2;base_3;closure_carrier;frontier_addition;inactive,11//1;15//1,4725//256,13997//49152,921197//49152,2,complete-enumeration:32
577,L025,1//4,4149//256,19,base_1;base_2;frontier_addition;inactive,9//1,4725//256,0//1,4725//256,1,complete-enumeration:32
577,L050,1//2,3573//256,19,base_1;base_2;frontier_addition;inactive,9//1,4725//256,0//1,4725//256,1,complete-enumeration:32
577,L100,1//1,7535//768,17;18,base_1;frontier_addition;inactive|base_2;frontier_addition;inactive,5//1,11375//768,0//1,11375//768,2,complete-enumeration:32
577,L200,2//1,2557//384,16,frontier_addition;inactive,1//1,3325//384,0//1,3325//384,1,complete-enumeration:32
577,L400,4//1,1789//384,16,frontier_addition;inactive,1//1,3325//384,0//1,3325//384,1,complete-enumeration:32
578,L0,0//1,13825//768,21;23;29;31,base_1;base_3;frontier_addition;inactive|base_1;base_2;base_3;frontier_addition;inactive|base_1;base_3;closure_carrier;frontier_addition;inactive|base_1;base_2;base_3;closure_carrier;frontier_addition;inactive,9//1;11//1;13//1;15//1,13825//768,0//1,13825//768,4,complete-enumeration:32
578,L025,1//4,12097//768,21,base_1;base_3;frontier_addition;inactive,9//1,13825//768,0//1,13825//768,1,complete-enumeration:32
578,L050,1//2,10369//768,21,base_1;base_3;frontier_addition;inactive,9//1,13825//768,0//1,13825//768,1,complete-enumeration:32
578,L100,1//1,2395//256,17;20,base_1;frontier_addition;inactive|base_3;frontier_addition;inactive,5//1,3675//256,0//1,3675//256,2,complete-enumeration:32
578,L200,2//1,5639//768,16,frontier_addition;inactive,1//1,7175//768,0//1,7175//768,1,complete-enumeration:32
578,L400,4//1,4103//768,16,frontier_addition;inactive,1//1,7175//768,0//1,7175//768,1,complete-enumeration:32
579,L0,0//1,875//48,22;23;30;31,base_2;base_3;frontier_addition;inactive|base_1;base_2;base_3;frontier_addition;inactive|base_2;base_3;closure_carrier;frontier_addition;inactive|base_1;base_2;base_3;closure_carrier;frontier_addition;inactive,9//1;11//1;13//1;15//1,875//48,0//1,875//48,4,complete-enumeration:32
579,L025,1//4,767//48,22,base_2;base_3;frontier_addition;inactive,9//1,875//48,0//1,875//48,1,complete-enumeration:32
579,L050,1//2,659//48,22,base_2;base_3;frontier_addition;inactive,9//1,875//48,0//1,875//48,1,complete-enumeration:32
579,L100,1//1,115//12,20,base_3;frontier_addition;inactive,5//1,175//12,0//1,175//12,1,complete-enumeration:32
579,L200,2//1,683//96,16,frontier_addition;inactive,1//1,875//96,0//1,875//96,1,complete-enumeration:32
579,L400,4//1,491//96,16,frontier_addition;inactive,1//1,875//96,0//1,875//96,1,complete-enumeration:32
580,L0,0//1,54877//4096,25;27;29;31,base_1;closure_carrier;frontier_addition;inactive|base_1;base_2;closure_carrier;frontier_addition;inactive|base_1;base_3;closure_carrier;frontier_addition;inactive|base_1;base_2;base_3;closure_carrier;frontier_addition;inactive,8//1;12//1;16//1,1575//128,4477//4096,54877//4096,4,complete-enumeration:32
580,L025,1//4,46685//4096,25,base_1;closure_carrier;frontier_addition;inactive,8//1,1575//128,4477//4096,54877//4096,1,complete-enumeration:32
580,L050,1//2,161465//16384,24,closure_carrier;frontier_addition;inactive,4//1,2625//256,26233//16384,194233//16384,1,complete-enumeration:32
580,L100,1//1,2369//256,16,frontier_addition;inactive,1//1,2625//256,0//1,2625//256,1,complete-enumeration:32
580,L200,2//1,2113//256,16,frontier_addition;inactive,1//1,2625//256,0//1,2625//256,1,complete-enumeration:32
580,L400,4//1,1601//256,16,frontier_addition;inactive,1//1,2625//256,0//1,2625//256,1,complete-enumeration:32
581,L0,0//1,13825//768,19;23;27;31,base_1;base_2;frontier_addition;inactive|base_1;base_2;base_3;frontier_addition;inactive|base_1;base_2;closure_carrier;frontier_addition;inactive|base_1;base_2;base_3;closure_carrier;frontier_addition;inactive,9//1;12//1;13//1;16//1,13825//768,0//1,13825//768,4,complete-enumeration:32
581,L025,1//4,12097//768,19,base_1;base_2;frontier_addition;inactive,9//1,13825//768,0//1,13825//768,1,complete-enumeration:32
581,L050,1//2,10369//768,19,base_1;base_2;frontier_addition;inactive,9//1,13825//768,0//1,13825//768,1,complete-enumeration:32
581,L100,1//1,115//12,18,base_2;frontier_addition;inactive,5//1,175//12,0//1,175//12,1,complete-enumeration:32
581,L200,2//1,969//128,16,frontier_addition;inactive,1//1,1225//128,0//1,1225//128,1,complete-enumeration:32
581,L400,4//1,713//128,16,frontier_addition;inactive,1//1,1225//128,0//1,1225//128,1,complete-enumeration:32
582,L0,0//1,4725//256,22;23;30;31,base_2;base_3;frontier_addition;inactive|base_1;base_2;base_3;frontier_addition;inactive|base_2;base_3;closure_carrier;frontier_addition;inactive|base_1;base_2;base_3;closure_carrier;frontier_addition;inactive,5//1;7//1;9//1,4725//256,0//1,4725//256,4,complete-enumeration:32
582,L025,1//4,4405//256,22,base_2;base_3;frontier_addition;inactive,5//1,4725//256,0//1,4725//256,1,complete-enumeration:32
582,L050,1//2,4085//256,22,base_2;base_3;frontier_addition;inactive,5//1,4725//256,0//1,4725//256,1,complete-enumeration:32
582,L100,1//1,3445//256,22,base_2;base_3;frontier_addition;inactive,5//1,4725//256,0//1,4725//256,1,complete-enumeration:32
582,L200,2//1,6767//768,20,base_3;frontier_addition;inactive,3//1,11375//768,0//1,11375//768,1,complete-enumeration:32
582,L400,4//1,1789//384,16,frontier_addition;inactive,1//1,3325//384,0//1,3325//384,1,complete-enumeration:32
583,L0,0//1,3211//256,25;27;29;31,base_1;closure_carrier;frontier_addition;inactive|base_1;base_2;closure_carrier;frontier_addition;inactive|base_1;base_3;closure_carrier;frontier_addition;inactive|base_1;base_2;base_3;closure_carrier;frontier_addition;inactive,6//1;8//1;10//1,1575//128,61//256,3211//256,4,complete-enumeration:32
583,L025,1//4,1479//128,17,base_1;frontier_addition;inactive,3//1,1575//128,0//1,1575//128,1,complete-enumeration:32
583,L050,1//2,1383//128,17,base_1;frontier_addition;inactive,3//1,1575//128,0//1,1575//128,1,complete-enumeration:32
583,L100,1//1,7457//768,16,frontier_addition;inactive,1//1,8225//768,0//1,8225//768,1,complete-enumeration:32
583,L200,2//1,6689//768,16,frontier_addition;inactive,1//1,8225//768,0//1,8225//768,1,complete-enumeration:32
583,L400,4//1,5153//768,16,frontier_addition;inactive,1//1,8225//768,0//1,8225//768,1,complete-enumeration:32
584,L0,0//1,49489//4096,25;27;29;31,base_1;closure_carrier;frontier_addition;inactive|base_1;base_2;closure_carrier;frontier_addition;inactive|base_1;base_3;closure_carrier;frontier_addition;inactive|base_1;base_2;base_3;closure_carrier;frontier_addition;inactive,5//1;7//1;9//1,2275//192,2867//12288,49489//4096,4,complete-enumeration:32
584,L025,1//4,2131//192,17,base_1;frontier_addition;inactive,3//1,2275//192,0//1,2275//192,1,complete-enumeration:32
584,L050,1//2,1987//192,17,base_1;frontier_addition;inactive,3//1,2275//192,0//1,2275//192,1,complete-enumeration:32
584,L100,1//1,2369//256,16,frontier_addition;inactive,1//1,2625//256,0//1,2625//256,1,complete-enumeration:32
584,L200,2//1,2113//256,16,frontier_addition;inactive,1//1,2625//256,0//1,2625//256,1,complete-enumeration:32
584,L400,4//1,1601//256,16,frontier_addition;inactive,1//1,2625//256,0//1,2625//256,1,complete-enumeration:32
585,L0,0//1,88939//6144,25;27;29;31,base_1;closure_carrier;frontier_addition;inactive|base_1;base_2;closure_carrier;frontier_addition;inactive|base_1;base_3;closure_carrier;frontier_addition;inactive|base_1;base_2;base_3;closure_carrier;frontier_addition;inactive,5//1;7//1;9//1,9275//768,4913//2048,88939//6144,4,complete-enumeration:32
585,L025,1//4,81259//6144,25,base_1;closure_carrier;frontier_addition;inactive,5//1,9275//768,4913//2048,88939//6144,1,complete-enumeration:32
585,L050,1//2,592469//49152,24,closure_carrier;frontier_addition;inactive,3//1,1925//192,57799//16384,666197//49152,1,complete-enumeration:32
585,L100,1//1,518741//49152,24,closure_carrier;frontier_addition;inactive,3//1,1925//192,57799//16384,666197//49152,1,complete-enumeration:32
585,L200,2//1,1541//192,16,frontier_addition;inactive,1//1,1925//192,0//1,1925//192,1,complete-enumeration:32
585,L400,4//1,1157//192,16,frontier_addition;inactive,1//1,1925//192,0//1,1925//192,1,complete-enumeration:32
586,L0,0//1,198349//16384,25;27;29;31,base_1;closure_carrier;frontier_addition;inactive|base_1;base_2;closure_carrier;frontier_addition;inactive|base_1;base_3;closure_carrier;frontier_addition;inactive|base_1;base_2;base_3;closure_carrier;frontier_addition;inactive,5//1;7//1;9//1,9275//768,1447//49152,198349//16384,4,complete-enumeration:32
586,L025,1//4,8699//768,17,base_1;frontier_addition;inactive,3//1,9275//768,0//1,9275//768,1,complete-enumeration:32
586,L050,1//2,8123//768,17,base_1;frontier_addition;inactive,3//1,9275//768,0//1,9275//768,1,complete-enumeration:32
586,L100,1//1,2369//256,16,frontier_addition;inactive,1//1,2625//256,0//1,2625//256,1,complete-enumeration:32
586,L200,2//1,2113//256,16,frontier_addition;inactive,1//1,2625//256,0//1,2625//256,1,complete-enumeration:32
586,L400,4//1,1601//256,16,frontier_addition;inactive,1//1,2625//256,0//1,2625//256,1,complete-enumeration:32
587,L0,0//1,875//48,21;23;29;31,base_1;base_3;frontier_addition;inactive|base_1;base_2;base_3;frontier_addition;inactive|base_1;base_3;closure_carrier;frontier_addition;inactive|base_1;base_2;base_3;closure_carrier;frontier_addition;inactive,5//1;7//1;8//1;10//1,875//48,0//1,875//48,4,complete-enumeration:32
587,L025,1//4,815//48,21,base_1;base_3;frontier_addition;inactive,5//1,875//48,0//1,875//48,1,complete-enumeration:32
587,L050,1//2,755//48,21,base_1;base_3;frontier_addition;inactive,5//1,875//48,0//1,875//48,1,complete-enumeration:32
587,L100,1//1,635//48,21,base_1;base_3;frontier_addition;inactive,5//1,875//48,0//1,875//48,1,complete-enumeration:32
587,L200,2//1,6767//768,17;20,base_1;frontier_addition;inactive|base_3;frontier_addition;inactive,3//1,11375//768,0//1,11375//768,2,complete-enumeration:32
587,L400,4//1,1251//256,16,frontier_addition;inactive,1//1,2275//256,0//1,2275//256,1,complete-enumeration:32
588,L0,0//1,14183//768,29;31,base_1;base_3;closure_carrier;frontier_addition;inactive|base_1;base_2;base_3;closure_carrier;frontier_addition;inactive,12//1;16//1,875//48,61//256,14183//768,2,complete-enumeration:32
588,L025,1//4,767//48,21,base_1;base_3;frontier_addition;inactive,9//1,875//48,0//1,875//48,1,complete-enumeration:32
588,L050,1//2,659//48,21,base_1;base_3;frontier_addition;inactive,9//1,875//48,0//1,875//48,1,complete-enumeration:32
588,L100,1//1,115//12,20,base_3;frontier_addition;inactive,5//1,175//12,0//1,175//12,1,complete-enumeration:32
588,L200,2//1,2557//384,16,frontier_addition;inactive,1//1,3325//384,0//1,3325//384,1,complete-enumeration:32
588,L400,4//1,1789//384,16,frontier_addition;inactive,1//1,3325//384,0//1,3325//384,1,complete-enumeration:32
589,L0,0//1,13825//768,21;23;29;31,base_1;base_3;frontier_addition;inactive|base_1;base_2;base_3;frontier_addition;inactive|base_1;base_3;closure_carrier;frontier_addition;inactive|base_1;base_2;base_3;closure_carrier;frontier_addition;inactive,5//1;7//1;9//1,13825//768,0//1,13825//768,4,complete-enumeration:32
589,L025,1//4,12865//768,21,base_1;base_3;frontier_addition;inactive,5//1,13825//768,0//1,13825//768,1,complete-enumeration:32
589,L050,1//2,11905//768,21,base_1;base_3;frontier_addition;inactive,5//1,13825//768,0//1,13825//768,1,complete-enumeration:32
589,L100,1//1,9985//768,21,base_1;base_3;frontier_addition;inactive,5//1,13825//768,0//1,13825//768,1,complete-enumeration:32
589,L200,2//1,2139//256,20,base_3;frontier_addition;inactive,3//1,3675//256,0//1,3675//256,1,complete-enumeration:32
589,L400,4//1,3403//768,16,frontier_addition;inactive,1//1,6475//768,0//1,6475//768,1,complete-enumeration:32
590,L0,0//1,13825//768,22;23;30;31,base_2;base_3;frontier_addition;inactive|base_1;base_2;base_3;frontier_addition;inactive|base_2;base_3;closure_carrier;frontier_addition;inactive|base_1;base_2;base_3;closure_carrier;frontier_addition;inactive,5//1;7//1;9//1,13825//768,0//1,13825//768,4,complete-enumeration:32
590,L025,1//4,12865//768,22,base_2;base_3;frontier_addition;inactive,5//1,13825//768,0//1,13825//768,1,complete-enumeration:32
590,L050,1//2,11905//768,22,base_2;base_3;frontier_addition;inactive,5//1,13825//768,0//1,13825//768,1,complete-enumeration:32
590,L100,1//1,9985//768,22,base_2;base_3;frontier_addition;inactive,5//1,13825//768,0//1,13825//768,1,complete-enumeration:32
590,L200,2//1,6767//768,18,base_2;frontier_addition;inactive,3//1,11375//768,0//1,11375//768,1,complete-enumeration:32
590,L400,4//1,1251//256,16,frontier_addition;inactive,1//1,2275//256,0//1,2275//256,1,complete-enumeration:32
591,L0,0//1,271973//12288,30;31,base_2;base_3;closure_carrier;frontier_addition;inactive|base_1;base_2;base_3;closure_carrier;frontier_addition;inactive,11//1;15//1,875//48,15991//4096,271973//12288,2,complete-enumeration:32
591,L025,1//4,238181//12288,30,base_2;base_3;closure_carrier;frontier_addition;inactive,11//1,875//48,15991//4096,271973//12288,1,complete-enumeration:32
591,L050,1//2,276755//16384,26,base_2;closure_carrier;frontier_addition;inactive,7//1,3675//256,98899//16384,334099//16384,1,complete-enumeration:32
591,L100,1//1,744071//49152,24,closure_carrier;frontier_addition;inactive,3//1,7175//768,144109//16384,891527//49152,1,complete-enumeration:32
591,L200,2//1,596615//49152,24,closure_carrier;frontier_addition;inactive,3//1,7175//768,144109//16384,891527//49152,1,complete-enumeration:32
591,L400,4//1,181183//24576,8,closure_carrier;inactive,2//1,1225//384,99797//8192,377791//24576,1,complete-enumeration:32
592,L0,0//1,15043//768,30;31,base_2;base_3;closure_carrier;frontier_addition;inactive|base_1;base_2;base_3;closure_carrier;frontier_addition;inactive,11//1;15//1,13825//768,203//128,15043//768,2,complete-enumeration:32
592,L025,1//4,12931//768,30,base_2;base_3;closure_carrier;frontier_addition;inactive,11//1,13825//768,203//128,15043//768,1,complete-enumeration:32
592,L050,1//2,359773//24576,26,base_2;closure_carrier;frontier_addition;inactive,7//1,11375//768,27263//8192,445789//24576,1,complete-enumeration:32
592,L100,1//1,311551//24576,24,closure_carrier;frontier_addition;inactive,3//1,7175//768,51893//8192,385279//24576,1,complete-enumeration:32
592,L200,2//1,237823//24576,24,closure_carrier;frontier_addition;inactive,3//1,7175//768,51893//8192,385279//24576,1,complete-enumeration:32
592,L400,4//1,491//96,16,frontier_addition;inactive,1//1,875//96,0//1,875//96,1,complete-enumeration:32
593,L0,0//1,3009//256,25;27;29;31,base_1;closure_carrier;frontier_addition;inactive|base_1;base_2;closure_carrier;frontier_addition;inactive|base_1;base_3;closure_carrier;frontier_addition;inactive|base_1;base_2;base_3;closure_carrier;frontier_addition;inactive,7//1;11//1;15//1,2975//256,17//128,3009//256,4,complete-enumeration:32
593,L025,1//4,2655//256,17,base_1;frontier_addition;inactive,5//1,2975//256,0//1,2975//256,1,complete-enumeration:32
593,L050,1//2,1829//192,16,frontier_addition;inactive,1//1,1925//192,0//1,1925//192,1,complete-enumeration:32
593,L100,1//1,1733//192,16,frontier_addition;inactive,1//1,1925//192,0//1,1925//192,1,complete-enumeration:32
593,L200,2//1,1541//192,16,frontier_addition;inactive,1//1,1925//192,0//1,1925//192,1,complete-enumeration:32
593,L400,4//1,1157//192,16,frontier_addition;inactive,1//1,1925//192,0//1,1925//192,1,complete-enumeration:32
594,L0,0//1,156605//12288,25;27;29;31,base_1;closure_carrier;frontier_addition;inactive|base_1;base_2;closure_carrier;frontier_addition;inactive|base_1;base_3;closure_carrier;frontier_addition;inactive|base_1;base_2;base_3;closure_carrier;frontier_addition;inactive,6//1;8//1;10//1,9275//768,2735//4096,156605//12288,4,complete-enumeration:32
594,L025,1//4,8699//768,17,base_1;frontier_addition;inactive,3//1,9275//768,0//1,9275//768,1,complete-enumeration:32
594,L050,1//2,8123//768,17,base_1;frontier_addition;inactive,3//1,9275//768,0//1,9275//768,1,complete-enumeration:32
594,L100,1//1,3641//384,16,frontier_addition;inactive,1//1,4025//384,0//1,4025//384,1,complete-enumeration:32
594,L200,2//1,3257//384,16,frontier_addition;inactive,1//1,4025//384,0//1,4025//384,1,complete-enumeration:32
594,L400,4//1,2489//384,16,frontier_addition;inactive,1//1,4025//384,0//1,4025//384,1,complete-enumeration:32
595,L0,0//1,2275//128,21;23;29;31,base_1;base_3;frontier_addition;inactive|base_1;base_2;base_3;frontier_addition;inactive|base_1;base_3;closure_carrier;frontier_addition;inactive|base_1;base_2;base_3;closure_carrier;frontier_addition;inactive,9//1;11//1;13//1;15//1,2275//128,0//1,2275//128,4,complete-enumeration:32
595,L025,1//4,1987//128,21,base_1;base_3;frontier_addition;inactive,9//1,2275//128,0//1,2275//128,1,complete-enumeration:32
595,L050,1//2,1699//128,21,base_1;base_3;frontier_addition;inactive,9//1,2275//128,0//1,2275//128,1,complete-enumeration:32
595,L100,1//1,2395//256,17;20,base_1;frontier_addition;inactive|base_3;frontier_addition;inactive,5//1,3675//256,0//1,3675//256,2,complete-enumeration:32
595,L200,2//1,683//96,16,frontier_addition;inactive,1//1,875//96,0//1,875//96,1,complete-enumeration:32
595,L400,4//1,491//96,16,frontier_addition;inactive,1//1,875//96,0//1,875//96,1,complete-enumeration:32
596,L0,0//1,2275//128,21;23;29;31,base_1;base_3;frontier_addition;inactive|base_1;base_2;base_3;frontier_addition;inactive|base_1;base_3;closure_carrier;frontier_addition;inactive|base_1;base_2;base_3;closure_carrier;frontier_addition;inactive,9//1;11//1;13//1;15//1,2275//128,0//1,2275//128,4,complete-enumeration:32
596,L025,1//4,1987//128,21,base_1;base_3;frontier_addition;inactive,9//1,2275//128,0//1,2275//128,1,complete-enumeration:32
596,L050,1//2,1699//128,21,base_1;base_3;frontier_addition;inactive,9//1,2275//128,0//1,2275//128,1,complete-enumeration:32
596,L100,1//1,115//12,17,base_1;frontier_addition;inactive,5//1,175//12,0//1,175//12,1,complete-enumeration:32
596,L200,2//1,683//96,16,frontier_addition;inactive,1//1,875//96,0//1,875//96,1,complete-enumeration:32
596,L400,4//1,491//96,16,frontier_addition;inactive,1//1,875//96,0//1,875//96,1,complete-enumeration:32
597,L0,0//1,276419//24576,25;27;29;31,base_1;closure_carrier;frontier_addition;inactive|base_1;base_2;closure_carrier;frontier_addition;inactive|base_1;base_3;closure_carrier;frontier_addition;inactive|base_1;base_2;base_3;closure_carrier;frontier_addition;inactive,7//1;11//1;15//1,8575//768,673//8192,276419//24576,4,complete-enumeration:32
597,L025,1//4,7615//768,17,base_1;frontier_addition;inactive,5//1,8575//768,0//1,8575//768,1,complete-enumeration:32
597,L050,1//2,7141//768,16,frontier_addition;inactive,1//1,7525//768,0//1,7525//768,1,complete-enumeration:32
597,L100,1//1,6757//768,16,frontier_addition;inactive,1//1,7525//768,0//1,7525//768,1,complete-enumeration:32
597,L200,2//1,5989//768,16,frontier_addition;inactive,1//1,7525//768,0//1,7525//768,1,complete-enumeration:32
597,L400,4//1,4453//768,16,frontier_addition;inactive,1//1,7525//768,0//1,7525//768,1,complete-enumeration:32
598,L0,0//1,2275//192,17;19;21;23;25;27;29;31,base_1;frontier_addition;inactive|base_1;base_2;frontier_addition;inactive|base_1;base_3;frontier_addition;inactive|base_1;base_2;base_3;frontier_addition;inactive|base_1;closure_carrier;frontier_addition;inactive|base_1;base_2;closure_carrier;frontier_addition;inactive|base_1;base_3;closure_carrier;frontier_addition;inactive|base_1;base_2;base_3;closure_carrier;frontier_addition;inactive,5//1;8//1;9//1;12//1;13//1;16//1,2275//192,0//1,2275//192,8,complete-enumeration:32
598,L025,1//4,2035//192,17,base_1;frontier_addition;inactive,5//1,2275//192,0//1,2275//192,1,complete-enumeration:32
598,L050,1//2,2497//256,16,frontier_addition;inactive,1//1,2625//256,0//1,2625//256,1,complete-enumeration:32
598,L100,1//1,2369//256,16,frontier_addition;inactive,1//1,2625//256,0//1,2625//256,1,complete-enumeration:32
598,L200,2//1,2113//256,16,frontier_addition;inactive,1//1,2625//256,0//1,2625//256,1,complete-enumeration:32
598,L400,4//1,1601//256,16,frontier_addition;inactive,1//1,2625//256,0//1,2625//256,1,complete-enumeration:32
599,L0,0//1,2275//128,22;23;30;31,base_2;base_3;frontier_addition;inactive|base_1;base_2;base_3;frontier_addition;inactive|base_2;base_3;closure_carrier;frontier_addition;inactive|base_1;base_2;base_3;closure_carrier;frontier_addition;inactive,5//1;7//1;9//1,2275//128,0//1,2275//128,4,complete-enumeration:32
599,L025,1//4,2115//128,22,base_2;base_3;frontier_addition;inactive,5//1,2275//128,0//1,2275//128,1,complete-enumeration:32
599,L050,1//2,1955//128,22,base_2;base_3;frontier_addition;inactive,5//1,2275//128,0//1,2275//128,1,complete-enumeration:32
599,L100,1//1,1635//128,22,base_2;base_3;frontier_addition;inactive,5//1,2275//128,0//1,2275//128,1,complete-enumeration:32
599,L200,2//1,3121//384,18,base_2;frontier_addition;inactive,3//1,5425//384,0//1,5425//384,1,complete-enumeration:32
599,L400,4//1,1789//384,16,frontier_addition;inactive,1//1,3325//384,0//1,3325//384,1,complete-enumeration:32
600,L0,0//1,211815//16384,25;27;29;31,base_1;closure_carrier;frontier_addition;inactive|base_1;base_2;closure_carrier;frontier_addition;inactive|base_1;base_3;closure_carrier;frontier_addition;inactive|base_1;base_2;base_3;closure_carrier;frontier_addition;inactive,7//1;11//1;15//1,1575//128,10215//16384,211815//16384,4,complete-enumeration:32
600,L025,1//4,183143//16384,25,base_1;closure_carrier;frontier_addition;inactive,7//1,1575//128,10215//16384,211815//16384,1,complete-enumeration:32
600,L050,1//2,332709//32768,24,closure_carrier;frontier_addition;inactive,3//1,1225//128,68261//32768,381861//32768,1,complete-enumeration:32
600,L100,1//1,283557//32768,24,closure_carrier;frontier_addition;inactive,3//1,1225//128,68261//32768,381861//32768,1,complete-enumeration:32
600,L200,2//1,969//128,16,frontier_addition;inactive,1//1,1225//128,0//1,1225//128,1,complete-enumeration:32
600,L400,4//1,713//128,16,frontier_addition;inactive,1//1,1225//128,0//1,1225//128,1,complete-enumeration:32
601,L0,0//1,1575//128,17;19;21;23;25;27;29;31,base_1;frontier_addition;inactive|base_1;base_2;frontier_addition;inactive|base_1;base_3;frontier_addition;inactive|base_1;base_2;base_3;frontier_addition;inactive|base_1;closure_carrier;frontier_addition;inactive|base_1;base_2;closure_carrier;frontier_addition;inactive|base_1;base_3;closure_carrier;frontier_addition;inactive|base_1;base_2;base_3;closure_carrier;frontier_addition;inactive,5//1;8//1;9//1;12//1;13//1;16//1,1575//128,0//1,1575//128,8,complete-enumeration:32
601,L025,1//4,1415//128,17,base_1;frontier_addition;inactive,5//1,1575//128,0//1,1575//128,1,complete-enumeration:32
601,L050,1//2,7841//768,16,frontier_addition;inactive,1//1,8225//768,0//1,8225//768,1,complete-enumeration:32
601,L100,1//1,7457//768,16,frontier_addition;inactive,1//1,8225//768,0//1,8225//768,1,complete-enumeration:32
601,L200,2//1,6689//768,16,frontier_addition;inactive,1//1,8225//768,0//1,8225//768,1,complete-enumeration:32
601,L400,4//1,5153//768,16,frontier_addition;inactive,1//1,8225//768,0//1,8225//768,1,complete-enumeration:32
602,L0,0//1,4759//256,27;31,base_1;base_2;closure_carrier;frontier_addition;inactive|base_1;base_2;base_3;closure_carrier;frontier_addition;inactive,11//1;15//1,4725//256,17//128,4759//256,2,complete-enumeration:32
602,L025,1//4,4149//256,19,base_1;base_2;frontier_addition;inactive,9//1,4725//256,0//1,4725//256,1,complete-enumeration:32
602,L050,1//2,3573//256,19,base_1;base_2;frontier_addition;inactive,9//1,4725//256,0//1,4725//256,1,complete-enumeration:32
602,L100,1//1,7535//768,18,base_2;frontier_addition;inactive,5//1,11375//768,0//1,11375//768,1,complete-enumeration:32
602,L200,2//1,683//96,16,frontier_addition;inactive,1//1,875//96,0//1,875//96,1,complete-enumeration:32
602,L400,4//1,491//96,16,frontier_addition;inactive,1//1,875//96,0//1,875//96,1,complete-enumeration:32
603,L0,0//1,7175//384,21;23;29;31,base_1;base_3;frontier_addition;inactive|base_1;base_2;base_3;frontier_addition;inactive|base_1;base_3;closure_carrier;frontier_addition;inactive|base_1;base_2;base_3;closure_carrier;frontier_addition;inactive,5//1;7//1;8//1;10//1,7175//384,0//1,7175//384,4,complete-enumeration:32
603,L025,1//4,6695//384,21,base_1;base_3;frontier_addition;inactive,5//1,7175//384,0//1,7175//384,1,complete-enumeration:32
603,L050,1//2,6215//384,21,base_1;base_3;frontier_addition;inactive,5//1,7175//384,0//1,7175//384,1,complete-enumeration:32
603,L100,1//1,5255//384,21,base_1;base_3;frontier_addition;inactive,5//1,7175//384,0//1,7175//384,1,complete-enumeration:32
603,L200,2//1,6767//768,17;20,base_1;frontier_addition;inactive|base_3;frontier_addition;inactive,3//1,11375//768,0//1,11375//768,2,complete-enumeration:32
603,L400,4//1,4103//768,16,frontier_addition;inactive,1//1,7175//768,0//1,7175//768,1,complete-enumeration:32
604,L0,0//1,4725//256,22;23;30;31,base_2;base_3;frontier_addition;inactive|base_1;base_2;base_3;frontier_addition;inactive|base_2;base_3;closure_carrier;frontier_addition;inactive|base_1;base_2;base_3;closure_carrier;frontier_addition;inactive,5//1;7//1;8//1;10//1,4725//256,0//1,4725//256,4,complete-enumeration:32
604,L025,1//4,4405//256,22,base_2;base_3;frontier_addition;inactive,5//1,4725//256,0//1,4725//256,1,complete-enumeration:32
604,L050,1//2,4085//256,22,base_2;base_3;frontier_addition;inactive,5//1,4725//256,0//1,4725//256,1,complete-enumeration:32
604,L100,1//1,3445//256,22,base_2;base_3;frontier_addition;inactive,5//1,4725//256,0//1,4725//256,1,complete-enumeration:32
604,L200,2//1,6767//768,18,base_2;frontier_addition;inactive,3//1,11375//768,0//1,11375//768,1,complete-enumeration:32
604,L400,4//1,4103//768,16,frontier_addition;inactive,1//1,7175//768,0//1,7175//768,1,complete-enumeration:32
605,L0,0//1,151873//8192,27;31,base_1;base_2;closure_carrier;frontier_addition;inactive|base_1;base_2;base_3;closure_carrier;frontier_addition;inactive,8//1;10//1,4725//256,673//8192,151873//8192,2,complete-enumeration:32
605,L025,1//4,4405//256,19,base_1;base_2;frontier_addition;inactive,5//1,4725//256,0//1,4725//256,1,complete-enumeration:32
605,L050,1//2,4085//256,19,base_1;base_2;frontier_addition;inactive,5//1,4725//256,0//1,4725//256,1,complete-enumeration:32
605,L100,1//1,3445//256,19,base_1;base_2;frontier_addition;inactive,5//1,4725//256,0//1,4725//256,1,complete-enumeration:32
605,L200,2//1,6767//768,17,base_1;frontier_addition;inactive,3//1,11375//768,0//1,11375//768,1,complete-enumeration:32
605,L400,4//1,491//96,16,frontier_addition;inactive,1//1,875//96,0//1,875//96,1,complete-enumeration:32
606,L0,0//1,9625//768,17;19;21;23;25;27;29;31,base_1;frontier_addition;inactive|base_1;base_2;frontier_addition;inactive|base_1;base_3;frontier_addition;inactive|base_1;base_2;base_3;frontier_addition;inactive|base_1;closure_carrier;frontier_addition;inactive|base_1;base_2;closure_carrier;frontier_addition;inactive|base_1;base_3;closure_carrier;frontier_addition;inactive|base_1;base_2;base_3;closure_carrier;frontier_addition;inactive,3//1;5//1;6//1;7//1;8//1;10//1,9625//768,0//1,9625//768,8,complete-enumeration:32
606,L025,1//4,9049//768,17,base_1;frontier_addition;inactive,3//1,9625//768,0//1,9625//768,1,complete-enumeration:32
606,L050,1//2,8473//768,17,base_1;frontier_addition;inactive,3//1,9625//768,0//1,9625//768,1,complete-enumeration:32
606,L100,1//1,7321//768,17,base_1;frontier_addition;inactive,3//1,9625//768,0//1,9625//768,1,complete-enumeration:32
606,L200,2//1,2113//256,16,frontier_addition;inactive,1//1,2625//256,0//1,2625//256,1,complete-enumeration:32
606,L400,4//1,1601//256,16,frontier_addition;inactive,1//1,2625//256,0//1,2625//256,1,complete-enumeration:32
607,L0,0//1,4725//256,19;23;27;31,base_1;base_2;frontier_addition;inactive|base_1;base_2;base_3;frontier_addition;inactive|base_1;base_2;closure_carrier;frontier_addition;inactive|base_1;base_2;base_3;closure_carrier;frontier_addition;inactive,5//1;7//1;8//1;10//1,4725//256,0//1,4725//256,4,complete-enumeration:32
607,L025,1//4,4405//256,19,base_1;base_2;frontier_addition;inactive,5//1,4725//256,0//1,4725//256,1,complete-enumeration:32
607,L050,1//2,4085//256,19,base_1;base_2;frontier_addition;inactive,5//1,4725//256,0//1,4725//256,1,complete-enumeration:32
607,L100,1//1,3445//256,19,base_1;base_2;frontier_addition;inactive,5//1,4725//256,0//1,4725//256,1,complete-enumeration:32
607,L200,2//1,1157//128,18,base_2;frontier_addition;inactive,3//1,1925//128,0//1,1925//128,1,complete-enumeration:32
607,L400,4//1,491//96,16,frontier_addition;inactive,1//1,875//96,0//1,875//96,1,complete-enumeration:32
608,L0,0//1,1269769//65536,27;31,base_1;base_2;closure_carrier;frontier_addition;inactive|base_1;base_2;base_3;closure_carrier;frontier_addition;inactive,12//1;16//1,7175//384,135707//196608,1269769//65536,2,complete-enumeration:32
608,L025,1//4,6311//384,19,base_1;base_2;frontier_addition;inactive,9//1,7175//384,0//1,7175//384,1,complete-enumeration:32
608,L050,1//2,5447//384,19,base_1;base_2;frontier_addition;inactive,9//1,7175//384,0//1,7175//384,1,complete-enumeration:32
608,L100,1//1,2855//256,24,closure_carrier;frontier_addition;inactive,4//1,1225//128,1429//256,3879//256,1,complete-enumeration:32
608,L200,2//1,969//128,16,frontier_addition;inactive,1//1,1225//128,0//1,1225//128,1,complete-enumeration:32
608,L400,4//1,713//128,16,frontier_addition;inactive,1//1,1225//128,0//1,1225//128,1,complete-enumeration:32
609,L0,0//1,907249//49152,29;31,base_1;base_3;closure_carrier;frontier_addition;inactive|base_1;base_2;base_3;closure_carrier;frontier_addition;inactive,12//1;16//1,13825//768,7483//16384,907249//49152,2,complete-enumeration:32
609,L025,1//4,12097//768,21,base_1;base_3;frontier_addition;inactive,9//1,13825//768,0//1,13825//768,1,complete-enumeration:32
609,L050,1//2,10369//768,21,base_1;base_3;frontier_addition;inactive,9//1,13825//768,0//1,13825//768,1,complete-enumeration:32
609,L100,1//1,2395//256,17;20,base_1;frontier_addition;inactive|base_3;frontier_addition;inactive,5//1,3675//256,0//1,3675//256,2,complete-enumeration:32
609,L200,2//1,683//96,16,frontier_addition;inactive,1//1,875//96,0//1,875//96,1,complete-enumeration:32
609,L400,4//1,491//96,16,frontier_addition;inactive,1//1,875//96,0//1,875//96,1,complete-enumeration:32
610,L0,0//1,4601//384,25;27;29;31,base_1;closure_carrier;frontier_addition;inactive|base_1;base_2;closure_carrier;frontier_addition;inactive|base_1;base_3;closure_carrier;frontier_addition;inactive|base_1;base_2;base_3;closure_carrier;frontier_addition;inactive,7//1;11//1;15//1,2275//192,17//128,4601//384,4,complete-enumeration:32
610,L025,1//4,2035//192,17,base_1;frontier_addition;inactive,5//1,2275//192,0//1,2275//192,1,complete-enumeration:32
610,L050,1//2,2497//256,16,frontier_addition;inactive,1//1,2625//256,0//1,2625//256,1,complete-enumeration:32
610,L100,1//1,2369//256,16,frontier_addition;inactive,1//1,2625//256,0//1,2625//256,1,complete-enumeration:32
610,L200,2//1,2113//256,16,frontier_addition;inactive,1//1,2625//256,0//1,2625//256,1,complete-enumeration:32
610,L400,4//1,1601//256,16,frontier_addition;inactive,1//1,2625//256,0//1,2625//256,1,complete-enumeration:32
611,L0,0//1,4601//384,25;27;29;31,base_1;closure_carrier;frontier_addition;inactive|base_1;base_2;closure_carrier;frontier_addition;inactive|base_1;base_3;closure_carrier;frontier_addition;inactive|base_1;base_2;base_3;closure_carrier;frontier_addition;inactive,6//1;8//1;10//1,2275//192,17//128,4601//384,4,complete-enumeration:32
611,L025,1//4,2131//192,17,base_1;frontier_addition;inactive,3//1,2275//192,0//1,2275//192,1,complete-enumeration:32
611,L050,1//2,1987//192,17,base_1;frontier_addition;inactive,3//1,2275//192,0//1,2275//192,1,complete-enumeration:32
611,L100,1//1,143//16,1,base_1;inactive,2//1,175//16,0//1,175//16,1,complete-enumeration:32
611,L200,2//1,5989//768,16,frontier_addition;inactive,1//1,7525//768,0//1,7525//768,1,complete-enumeration:32
611,L400,4//1,4453//768,16,frontier_addition;inactive,1//1,7525//768,0//1,7525//768,1,complete-enumeration:32
612,L0,0//1,55371//4096,25;27;29;31,base_1;closure_carrier;frontier_addition;inactive|base_1;base_2;closure_carrier;frontier_addition;inactive|base_1;base_3;closure_carrier;frontier_addition;inactive|base_1;base_2;base_3;closure_carrier;frontier_addition;inactive,5//1;7//1;9//1,2975//256,7771//4096,55371//4096,4,complete-enumeration:32
612,L025,1//4,50251//4096,25,base_1;closure_carrier;frontier_addition;inactive,5//1,2975//256,7771//4096,55371//4096,1,complete-enumeration:32
612,L050,1//2,137611//12288,24,closure_carrier;frontier_addition;inactive,3//1,7525//768,11881//4096,156043//12288,1,complete-enumeration:32
612,L100,1//1,119179//12288,24,closure_carrier;frontier_addition;inactive,3//1,7525//768,11881//4096,156043//12288,1,complete-enumeration:32
612,L200,2//1,5989//768,16,frontier_addition;inactive,1//1,7525//768,0//1,7525//768,1,complete-enumeration:32
612,L400,4//1,4453//768,16,frontier_addition;inactive,1//1,7525//768,0//1,7525//768,1,complete-enumeration:32
613,L0,0//1,875//48,19;23;27;31,base_1;base_2;frontier_addition;inactive|base_1;base_2;base_3;frontier_addition;inactive|base_1;base_2;closure_carrier;frontier_addition;inactive|base_1;base_2;base_3;closure_carrier;frontier_addition;inactive,9//1;11//1;13//1;15//1,875//48,0//1,875//48,4,complete-enumeration:32
613,L025,1//4,767//48,19,base_1;base_2;frontier_addition;inactive,9//1,875//48,0//1,875//48,1,complete-enumeration:32
613,L050,1//2,659//48,19,base_1;base_2;frontier_addition;inactive,9//1,875//48,0//1,875//48,1,complete-enumeration:32
613,L100,1//1,1285//128,18,base_2;frontier_addition;inactive,5//1,1925//128,0//1,1925//128,1,complete-enumeration:32
613,L200,2//1,5639//768,16,frontier_addition;inactive,1//1,7175//768,0//1,7175//768,1,complete-enumeration:32
613,L400,4//1,4103//768,16,frontier_addition;inactive,1//1,7175//768,0//1,7175//768,1,complete-enumeration:32
614,L0,0//1,1575//128,17;19;21;23;25;27;29;31,base_1;frontier_addition;inactive|base_1;base_2;frontier_addition;inactive|base_1;base_3;frontier_addition;inactive|base_1;base_2;base_3;frontier_addition;inactive|base_1;closure_carrier;frontier_addition;inactive|base_1;base_2;closure_carrier;frontier_addition;inactive|base_1;base_3;closure_carrier;frontier_addition;inactive|base_1;base_2;base_3;closure_carrier;frontier_addition;inactive,5//1;8//1;9//1;12//1;13//1;16//1,1575//128,0//1,1575//128,8,complete-enumeration:32
614,L025,1//4,1415//128,17,base_1;frontier_addition;inactive,5//1,1575//128,0//1,1575//128,1,complete-enumeration:32
614,L050,1//2,1255//128,17,base_1;frontier_addition;inactive,5//1,1575//128,0//1,1575//128,1,complete-enumeration:32
614,L100,1//1,2369//256,16,frontier_addition;inactive,1//1,2625//256,0//1,2625//256,1,complete-enumeration:32
614,L200,2//1,2113//256,16,frontier_addition;inactive,1//1,2625//256,0//1,2625//256,1,complete-enumeration:32
614,L400,4//1,1601//256,16,frontier_addition;inactive,1//1,2625//256,0//1,2625//256,1,complete-enumeration:32
615,L0,0//1,9683//512,30;31,base_2;base_3;closure_carrier;frontier_addition;inactive|base_1;base_2;base_3;closure_carrier;frontier_addition;inactive,7//1;9//1,4725//256,233//512,9683//512,2,complete-enumeration:32
615,L025,1//4,4405//256,22,base_2;base_3;frontier_addition;inactive,5//1,4725//256,0//1,4725//256,1,complete-enumeration:32
615,L050,1//2,4085//256,22,base_2;base_3;frontier_addition;inactive,5//1,4725//256,0//1,4725//256,1,complete-enumeration:32
615,L100,1//1,3445//256,22,base_2;base_3;frontier_addition;inactive,5//1,4725//256,0//1,4725//256,1,complete-enumeration:32
615,L200,2//1,103//12,18;20,base_2;frontier_addition;inactive|base_3;frontier_addition;inactive,3//1,175//12,0//1,175//12,2,complete-enumeration:32
615,L400,4//1,4103//768,16,frontier_addition;inactive,1//1,7175//768,0//1,7175//768,1,complete-enumeration:32
616,L0,0//1,9275//768,17;19;21;23;25;27;29;31,base_1;frontier_addition;inactive|base_1;base_2;frontier_addition;inactive|base_1;base_3;frontier_addition;inactive|base_1;base_2;base_3;frontier_addition;inactive|base_1;closure_carrier;frontier_addition;inactive|base_1;base_2;closure_carrier;frontier_addition;inactive|base_1;base_3;closure_carrier;frontier_addition;inactive|base_1;base_2;base_3;closure_carrier;frontier_addition;inactive,3//1;5//1;7//1;9//1,9275//768,0//1,9275//768,8,complete-enumeration:32
616,L025,1//4,8699//768,17,base_1;frontier_addition;inactive,3//1,9275//768,0//1,9275//768,1,complete-enumeration:32
616,L050,1//2,8123//768,17,base_1;frontier_addition;inactive,3//1,9275//768,0//1,9275//768,1,complete-enumeration:32
616,L100,1//1,3607//384,1,base_1;inactive,2//1,4375//384,0//1,4375//384,1,complete-enumeration:32
616,L200,2//1,2113//256,16,frontier_addition;inactive,1//1,2625//256,0//1,2625//256,1,complete-enumeration:32
616,L400,4//1,1601//256,16,frontier_addition;inactive,1//1,2625//256,0//1,2625//256,1,complete-enumeration:32
617,L0,0//1,4725//256,19;23;27;31,base_1;base_2;frontier_addition;inactive|base_1;base_2;base_3;frontier_addition;inactive|base_1;base_2;closure_carrier;frontier_addition;inactive|base_1;base_2;base_3;closure_carrier;frontier_addition;inactive,9//1;12//1;13//1;16//1,4725//256,0//1,4725//256,4,complete-enumeration:32
617,L025,1//4,4149//256,19,base_1;base_2;frontier_addition;inactive,9//1,4725//256,0//1,4725//256,1,complete-enumeration:32
617,L050,1//2,3573//256,19,base_1;base_2;frontier_addition;inactive,9//1,4725//256,0//1,4725//256,1,complete-enumeration:32
617,L100,1//1,7535//768,17;18,base_1;frontier_addition;inactive|base_2;frontier_addition;inactive,5//1,11375//768,0//1,11375//768,2,complete-enumeration:32
617,L200,2//1,969//128,16,frontier_addition;inactive,1//1,1225//128,0//1,1225//128,1,complete-enumeration:32
617,L400,4//1,713//128,16,frontier_addition;inactive,1//1,1225//128,0//1,1225//128,1,complete-enumeration:32
618,L0,0//1,4725//256,22;23;30;31,base_2;base_3;frontier_addition;inactive|base_1;base_2;base_3;frontier_addition;inactive|base_2;base_3;closure_carrier;frontier_addition;inactive|base_1;base_2;base_3;closure_carrier;frontier_addition;inactive,9//1;12//1;13//1;16//1,4725//256,0//1,4725//256,4,complete-enumeration:32
618,L025,1//4,4149//256,22,base_2;base_3;frontier_addition;inactive,9//1,4725//256,0//1,4725//256,1,complete-enumeration:32
618,L050,1//2,3573//256,22,base_2;base_3;frontier_addition;inactive,9//1,4725//256,0//1,4725//256,1,complete-enumeration:32
618,L100,1//1,1285//128,18,base_2;frontier_addition;inactive,5//1,1925//128,0//1,1925//128,1,complete-enumeration:32
618,L200,2//1,969//128,16,frontier_addition;inactive,1//1,1225//128,0//1,1225//128,1,complete-enumeration:32
618,L400,4//1,713//128,16,frontier_addition;inactive,1//1,1225//128,0//1,1225//128,1,complete-enumeration:32
619,L0,0//1,9275//768,17;19;21;23;25;27;29;31,base_1;frontier_addition;inactive|base_1;base_2;frontier_addition;inactive|base_1;base_3;frontier_addition;inactive|base_1;base_2;base_3;frontier_addition;inactive|base_1;closure_carrier;frontier_addition;inactive|base_1;base_2;closure_carrier;frontier_addition;inactive|base_1;base_3;closure_carrier;frontier_addition;inactive|base_1;base_2;base_3;closure_carrier;frontier_addition;inactive,3//1;5//1;6//1;7//1;8//1;10//1,9275//768,0//1,9275//768,8,complete-enumeration:32
619,L025,1//4,8699//768,17,base_1;frontier_addition;inactive,3//1,9275//768,0//1,9275//768,1,complete-enumeration:32
619,L050,1//2,8123//768,17,base_1;frontier_addition;inactive,3//1,9275//768,0//1,9275//768,1,complete-enumeration:32
619,L100,1//1,7039//768,1,base_1;inactive,2//1,8575//768,0//1,8575//768,1,complete-enumeration:32
619,L200,2//1,5989//768,16,frontier_addition;inactive,1//1,7525//768,0//1,7525//768,1,complete-enumeration:32
619,L400,4//1,4453//768,16,frontier_addition;inactive,1//1,7525//768,0//1,7525//768,1,complete-enumeration:32
620,L0,0//1,2275//128,22;23;30;31,base_2;base_3;frontier_addition;inactive|base_1;base_2;base_3;frontier_addition;inactive|base_2;base_3;closure_carrier;frontier_addition;inactive|base_1;base_2;base_3;closure_carrier;frontier_addition;inactive,9//1;12//1;13//1;16//1,2275//128,0//1,2275//128,4,complete-enumeration:32
620,L025,1//4,1987//128,22,base_2;base_3;frontier_addition;inactive,9//1,2275//128,0//1,2275//128,1,complete-enumeration:32
620,L050,1//2,1699//128,22,base_2;base_3;frontier_addition;inactive,9//1,2275//128,0//1,2275//128,1,complete-enumeration:32
620,L100,1//1,3505//384,18,base_2;frontier_addition;inactive,5//1,5425//384,0//1,5425//384,1,complete-enumeration:32
620,L200,2//1,4939//768,16,frontier_addition;inactive,1//1,6475//768,0//1,6475//768,1,complete-enumeration:32
620,L400,4//1,3403//768,16,frontier_addition;inactive,1//1,6475//768,0//1,6475//768,1,complete-enumeration:32
621,L0,0//1,247313//12288,27;31,base_1;base_2;closure_carrier;frontier_addition;inactive|base_1;base_2;base_3;closure_carrier;frontier_addition;inactive,8//1;10//1,875//48,7771//4096,247313//12288,2,complete-enumeration:32
621,L025,1//4,222737//12288,27,base_1;base_2;closure_carrier;frontier_addition;inactive,8//1,875//48,7771//4096,247313//12288,1,complete-enumeration:32
621,L050,1//2,198161//12288,27,base_1;base_2;closure_carrier;frontier_addition;inactive,8//1,875//48,7771//4096,247313//12288,1,complete-enumeration:32
621,L100,1//1,635//48,19,base_1;base_2;frontier_addition;inactive,5//1,875//48,0//1,875//48,1,complete-enumeration:32
621,L200,2//1,103//12,18,base_2;frontier_addition;inactive,3//1,175//12,0//1,175//12,1,complete-enumeration:32
621,L400,4//1,1789//384,16,frontier_addition;inactive,1//1,3325//384,0//1,3325//384,1,complete-enumeration:32
622,L0,0//1,2975//256,17;19;21;23;25;27;29;31,base_1;frontier_addition;inactive|base_1;base_2;frontier_addition;inactive|base_1;base_3;frontier_addition;inactive|base_1;base_2;base_3;frontier_addition;inactive|base_1;closure_carrier;frontier_addition;inactive|base_1;base_2;closure_carrier;frontier_addition;inactive|base_1;base_3;closure_carrier;frontier_addition;inactive|base_1;base_2;base_3;closure_carrier;frontier_addition;inactive,3//1;5//1;6//1;7//1;8//1;10//1,2975//256,0//1,2975//256,8,complete-enumeration:32
622,L025,1//4,2783//256,17,base_1;frontier_addition;inactive,3//1,2975//256,0//1,2975//256,1,complete-enumeration:32
622,L050,1//2,2591//256,17,base_1;frontier_addition;inactive,3//1,2975//256,0//1,2975//256,1,complete-enumeration:32
622,L100,1//1,2369//256,16,frontier_addition;inactive,1//1,2625//256,0//1,2625//256,1,complete-enumeration:32
622,L200,2//1,2113//256,16,frontier_addition;inactive,1//1,2625//256,0//1,2625//256,1,complete-enumeration:32
622,L400,4//1,1601//256,16,frontier_addition;inactive,1//1,2625//256,0//1,2625//256,1,complete-enumeration:32
623,L0,0//1,1239//64,27;31,base_1;base_2;closure_carrier;frontier_addition;inactive|base_1;base_2;base_3;closure_carrier;frontier_addition;inactive,8//1;10//1,2275//128,203//128,1239//64,2,complete-enumeration:32
623,L025,1//4,1111//64,27,base_1;base_2;closure_carrier;frontier_addition;inactive,8//1,2275//128,203//128,1239//64,1,complete-enumeration:32
623,L050,1//2,983//64,27,base_1;base_2;closure_carrier;frontier_addition;inactive,8//1,2275//128,203//128,1239//64,1,complete-enumeration:32
623,L100,1//1,1635//128,19,base_1;base_2;frontier_addition;inactive,5//1,2275//128,0//1,2275//128,1,complete-enumeration:32
623,L200,2//1,2139//256,17,base_1;frontier_addition;inactive,3//1,3675//256,0//1,3675//256,1,complete-enumeration:32
623,L400,4//1,1251//256,16,frontier_addition;inactive,1//1,2275//256,0//1,2275//256,1,complete-enumeration:32
624,L0,0//1,585197//49152,25;27;29;31,base_1;closure_carrier;frontier_addition;inactive|base_1;base_2;closure_carrier;frontier_addition;inactive|base_1;base_3;closure_carrier;frontier_addition;inactive|base_1;base_2;base_3;closure_carrier;frontier_addition;inactive,7//1;11//1;15//1,2975//256,13997//49152,585197//49152,4,complete-enumeration:32
624,L025,1//4,2655//256,17,base_1;frontier_addition;inactive,5//1,2975//256,0//1,2975//256,1,complete-enumeration:32
624,L050,1//2,2497//256,16,frontier_addition;inactive,1//1,2625//256,0//1,2625//256,1,complete-enumeration:32
624,L100,1//1,2369//256,16,frontier_addition;inactive,1//1,2625//256,0//1,2625//256,1,complete-enumeration:32
624,L200,2//1,2113//256,16,frontier_addition;inactive,1//1,2625//256,0//1,2625//256,1,complete-enumeration:32
624,L400,4//1,1601//256,16,frontier_addition;inactive,1//1,2625//256,0//1,2625//256,1,complete-enumeration:32
625,L0,0//1,2275//192,17;19;21;23;25;27;29;31,base_1;frontier_addition;inactive|base_1;base_2;frontier_addition;inactive|base_1;base_3;frontier_addition;inactive|base_1;base_2;base_3;frontier_addition;inactive|base_1;closure_carrier;frontier_addition;inactive|base_1;base_2;closure_carrier;frontier_addition;inactive|base_1;base_3;closure_carrier;frontier_addition;inactive|base_1;base_2;base_3;closure_carrier;frontier_addition;inactive,3//1;5//1;6//1;7//1;8//1;10//1,2275//192,0//1,2275//192,8,complete-enumeration:32
625,L025,1//4,2131//192,17,base_1;frontier_addition;inactive,3//1,2275//192,0//1,2275//192,1,complete-enumeration:32
625,L050,1//2,1987//192,17,base_1;frontier_addition;inactive,3//1,2275//192,0//1,2275//192,1,complete-enumeration:32
625,L100,1//1,7039//768,1,base_1;inactive,2//1,8575//768,0//1,8575//768,1,complete-enumeration:32
625,L200,2//1,5989//768,16,frontier_addition;inactive,1//1,7525//768,0//1,7525//768,1,complete-enumeration:32
625,L400,4//1,4453//768,16,frontier_addition;inactive,1//1,7525//768,0//1,7525//768,1,complete-enumeration:32
626,L0,0//1,875//48,19;23;27;31,base_1;base_2;frontier_addition;inactive|base_1;base_2;base_3;frontier_addition;inactive|base_1;base_2;closure_carrier;frontier_addition;inactive|base_1;base_2;base_3;closure_carrier;frontier_addition;inactive,5//1;7//1;9//1,875//48,0//1,875//48,4,complete-enumeration:32
626,L025,1//4,815//48,19,base_1;base_2;frontier_addition;inactive,5//1,875//48,0//1,875//48,1,complete-enumeration:32
626,L050,1//2,755//48,19,base_1;base_2;frontier_addition;inactive,5//1,875//48,0//1,875//48,1,complete-enumeration:32
626,L100,1//1,635//48,19,base_1;base_2;frontier_addition;inactive,5//1,875//48,0//1,875//48,1,complete-enumeration:32
626,L200,2//1,6767//768,17,base_1;frontier_addition;inactive,3//1,11375//768,0//1,11375//768,1,complete-enumeration:32
626,L400,4//1,3403//768,16,frontier_addition;inactive,1//1,6475//768,0//1,6475//768,1,complete-enumeration:32
627,L0,0//1,7175//384,22;23;30;31,base_2;base_3;frontier_addition;inactive|base_1;base_2;base_3;frontier_addition;inactive|base_2;base_3;closure_carrier;frontier_addition;inactive|base_1;base_2;base_3;closure_carrier;frontier_addition;inactive,5//1;7//1;9//1,7175//384,0//1,7175//384,4,complete-enumeration:32
627,L025,1//4,6695//384,22,base_2;base_3;frontier_addition;inactive,5//1,7175//384,0//1,7175//384,1,complete-enumeration:32
627,L050,1//2,6215//384,22,base_2;base_3;frontier_addition;inactive,5//1,7175//384,0//1,7175//384,1,complete-enumeration:32
627,L100,1//1,5255//384,22,base_2;base_3;frontier_addition;inactive,5//1,7175//384,0//1,7175//384,1,complete-enumeration:32
627,L200,2//1,7117//768,20,base_3;frontier_addition;inactive,3//1,11725//768,0//1,11725//768,1,complete-enumeration:32
627,L400,4//1,4453//768,16,frontier_addition;inactive,1//1,7525//768,0//1,7525//768,1,complete-enumeration:32
628,L0,0//1,201259//16384,25;27;29;31,base_1;closure_carrier;frontier_addition;inactive|base_1;base_2;closure_carrier;frontier_addition;inactive|base_1;base_3;closure_carrier;frontier_addition;inactive|base_1;base_2;base_3;closure_carrier;frontier_addition;inactive,8//1;12//1;16//1,2975//256,10859//16384,201259//16384,4,complete-enumeration:32
628,L025,1//4,2655//256,17,base_1;frontier_addition;inactive,5//1,2975//256,0//1,2975//256,1,complete-enumeration:32
628,L050,1//2,7141//768,16,frontier_addition;inactive,1//1,7525//768,0//1,7525//768,1,complete-enumeration:32
628,L100,1//1,6757//768,16,frontier_addition;inactive,1//1,7525//768,0//1,7525//768,1,complete-enumeration:32
628,L200,2//1,5989//768,16,frontier_addition;inactive,1//1,7525//768,0//1,7525//768,1,complete-enumeration:32
628,L400,4//1,4453//768,16,frontier_addition;inactive,1//1,7525//768,0//1,7525//768,1,complete-enumeration:32
629,L0,0//1,9275//768,17;19;21;23;25;27;29;31,base_1;frontier_addition;inactive|base_1;base_2;frontier_addition;inactive|base_1;base_3;frontier_addition;inactive|base_1;base_2;base_3;frontier_addition;inactive|base_1;closure_carrier;frontier_addition;inactive|base_1;base_2;closure_carrier;frontier_addition;inactive|base_1;base_3;closure_carrier;frontier_addition;inactive|base_1;base_2;base_3;closure_carrier;frontier_addition;inactive,5//1;8//1;9//1;12//1;13//1;16//1,9275//768,0//1,9275//768,8,complete-enumeration:32
629,L025,1//4,8315//768,17,base_1;frontier_addition;inactive,5//1,9275//768,0//1,9275//768,1,complete-enumeration:32
629,L050,1//2,2497//256,16,frontier_addition;inactive,1//1,2625//256,0//1,2625//256,1,complete-enumeration:32
629,L100,1//1,2369//256,16,frontier_addition;inactive,1//1,2625//256,0//1,2625//256,1,complete-enumeration:32
629,L200,2//1,2113//256,16,frontier_addition;inactive,1//1,2625//256,0//1,2625//256,1,complete-enumeration:32
629,L400,4//1,1601//256,16,frontier_addition;inactive,1//1,2625//256,0//1,2625//256,1,complete-enumeration:32
630,L0,0//1,181243//12288,25;27;29;31,base_1;closure_carrier;frontier_addition;inactive|base_1;base_2;closure_carrier;frontier_addition;inactive|base_1;base_3;closure_carrier;frontier_addition;inactive|base_1;base_2;base_3;closure_carrier;frontier_addition;inactive,7//1;11//1;15//1,2275//192,11881//4096,181243//12288,4,complete-enumeration:32
630,L025,1//4,159739//12288,25,base_1;closure_carrier;frontier_addition;inactive,7//1,2275//192,11881//4096,181243//12288,1,complete-enumeration:32
630,L050,1//2,100149//8192,24,closure_carrier;frontier_addition;inactive,3//1,1225//128,34037//8192,112437//8192,1,complete-enumeration:32
630,L100,1//1,87861//8192,24,closure_carrier;frontier_addition;inactive,3//1,1225//128,34037//8192,112437//8192,1,complete-enumeration:32
630,L200,2//1,63285//8192,24,closure_carrier;frontier_addition;inactive,3//1,1225//128,34037//8192,112437//8192,1,complete-enumeration:32
630,L400,4//1,713//128,16,frontier_addition;inactive,1//1,1225//128,0//1,1225//128,1,complete-enumeration:32
631,L0,0//1,2975//256,17;19;21;23;25;27;29;31,base_1;frontier_addition;inactive|base_1;base_2;frontier_addition;inactive|base_1;base_3;frontier_addition;inactive|base_1;base_2;base_3;frontier_addition;inactive|base_1;closure_carrier;frontier_addition;inactive|base_1;base_2;closure_carrier;frontier_addition;inactive|base_1;base_3;closure_carrier;frontier_addition;inactive|base_1;base_2;base_3;closure_carrier;frontier_addition;inactive,5//1;8//1;9//1;12//1;13//1;16//1,2975//256,0//1,2975//256,8,complete-enumeration:32
631,L025,1//4,2655//256,17,base_1;frontier_addition;inactive,5//1,2975//256,0//1,2975//256,1,complete-enumeration:32
631,L050,1//2,7141//768,16,frontier_addition;inactive,1//1,7525//768,0//1,7525//768,1,complete-enumeration:32
631,L100,1//1,6757//768,16,frontier_addition;inactive,1//1,7525//768,0//1,7525//768,1,complete-enumeration:32
631,L200,2//1,5989//768,16,frontier_addition;inactive,1//1,7525//768,0//1,7525//768,1,complete-enumeration:32
631,L400,4//1,4453//768,16,frontier_addition;inactive,1//1,7525//768,0//1,7525//768,1,complete-enumeration:32
632,L0,0//1,55371//4096,25;27;29;31,base_1;closure_carrier;frontier_addition;inactive|base_1;base_2;closure_carrier;frontier_addition;inactive|base_1;base_3;closure_carrier;frontier_addition;inactive|base_1;base_2;base_3;closure_carrier;frontier_addition;inactive,6//1;8//1;10//1,2975//256,7771//4096,55371//4096,4,complete-enumeration:32
632,L025,1//4,49227//4096,25,base_1;closure_carrier;frontier_addition;inactive,6//1,2975//256,7771//4096,55371//4096,1,complete-enumeration:32
632,L050,1//2,530903//49152,24,closure_carrier;frontier_addition;inactive,4//1,1925//192,45469//16384,629207//49152,1,complete-enumeration:32
632,L100,1//1,1733//192,16,frontier_addition;inactive,1//1,1925//192,0//1,1925//192,1,complete-enumeration:32
632,L200,2//1,1541//192,16,frontier_addition;inactive,1//1,1925//192,0//1,1925//192,1,complete-enumeration:32
632,L400,4//1,1157//192,16,frontier_addition;inactive,1//1,1925//192,0//1,1925//192,1,complete-enumeration:32
633,L0,0//1,61693//3072,30;31,base_2;base_3;closure_carrier;frontier_addition;inactive|base_1;base_2;base_3;closure_carrier;frontier_addition;inactive,7//1;9//1,13825//768,2131//1024,61693//3072,2,complete-enumeration:32
633,L025,1//4,56317//3072,30,base_2;base_3;closure_carrier;frontier_addition;inactive,7//1,13825//768,2131//1024,61693//3072,1,complete-enumeration:32
633,L050,1//2,50941//3072,30,base_2;base_3;closure_carrier;frontier_addition;inactive,7//1,13825//768,2131//1024,61693//3072,1,complete-enumeration:32
633,L100,1//1,27517//2048,28,base_3;closure_carrier;frontier_addition;inactive,5//1,3675//256,8357//2048,37757//2048,1,complete-enumeration:32
633,L200,2//1,250153//24576,24,closure_carrier;frontier_addition;inactive,3//1,7175//768,56003//8192,397609//24576,1,complete-enumeration:32
633,L400,4//1,22591//4096,8,closure_carrier;inactive,2//1,875//256,41359//4096,55359//4096,1,complete-enumeration:32
634,L0,0//1,7175//384,22;23;30;31,base_2;base_3;frontier_addition;inactive|base_1;base_2;base_3;frontier_addition;inactive|base_2;base_3;closure_carrier;frontier_addition;inactive|base_1;base_2;base_3;closure_carrier;frontier_addition;inactive,9//1;12//1;13//1;16//1,7175//384,0//1,7175//384,4,complete-enumeration:32
634,L025,1//4,6311//384,22,base_2;base_3;frontier_addition;inactive,9//1,7175//384,0//1,7175//384,1,complete-enumeration:32
634,L050,1//2,5447//384,22,base_2;base_3;frontier_addition;inactive,9//1,7175//384,0//1,7175//384,1,complete-enumeration:32
634,L100,1//1,7535//768,18;20,base_2;frontier_addition;inactive|base_3;frontier_addition;inactive,5//1,11375//768,0//1,11375//768,2,complete-enumeration:32
634,L200,2//1,5639//768,16,frontier_addition;inactive,1//1,7175//768,0//1,7175//768,1,complete-enumeration:32
634,L400,4//1,4103//768,16,frontier_addition;inactive,1//1,7175//768,0//1,7175//768,1,complete-enumeration:32
635,L0,0//1,13825//768,22;23;30;31,base_2;base_3;frontier_addition;inactive|base_1;base_2;base_3;frontier_addition;inactive|base_2;base_3;closure_carrier;frontier_addition;inactive|base_1;base_2;base_3;closure_carrier;frontier_addition;inactive,9//1;11//1;13//1;15//1,13825//768,0//1,13825//768,4,complete-enumeration:32
635,L025,1//4,12097//768,22,base_2;base_3;frontier_addition;inactive,9//1,13825//768,0//1,13825//768,1,complete-enumeration:32
635,L050,1//2,10369//768,22,base_2;base_3;frontier_addition;inactive,9//1,13825//768,0//1,13825//768,1,complete-enumeration:32
635,L100,1//1,115//12,18;20,base_2;frontier_addition;inactive|base_3;frontier_addition;inactive,5//1,175//12,0//1,175//12,2,complete-enumeration:32
635,L200,2//1,683//96,16,frontier_addition;inactive,1//1,875//96,0//1,875//96,1,complete-enumeration:32
635,L400,4//1,491//96,16,frontier_addition;inactive,1//1,875//96,0//1,875//96,1,complete-enumeration:32
636,L0,0//1,2975//256,17;19;21;23;25;27;29;31,base_1;frontier_addition;inactive|base_1;base_2;frontier_addition;inactive|base_1;base_3;frontier_addition;inactive|base_1;base_2;base_3;frontier_addition;inactive|base_1;closure_carrier;frontier_addition;inactive|base_1;base_2;closure_carrier;frontier_addition;inactive|base_1;base_3;closure_carrier;frontier_addition;inactive|base_1;base_2;base_3;closure_carrier;frontier_addition;inactive,3//1;5//1;6//1;7//1;8//1;10//1,2975//256,0//1,2975//256,8,complete-enumeration:32
636,L025,1//4,2783//256,17,base_1;frontier_addition;inactive,3//1,2975//256,0//1,2975//256,1,complete-enumeration:32
636,L050,1//2,2591//256,17,base_1;frontier_addition;inactive,3//1,2975//256,0//1,2975//256,1,complete-enumeration:32
636,L100,1//1,143//16,1,base_1;inactive,2//1,175//16,0//1,175//16,1,complete-enumeration:32
636,L200,2//1,969//128,16,frontier_addition;inactive,1//1,1225//128,0//1,1225//128,1,complete-enumeration:32
636,L400,4//1,713//128,16,frontier_addition;inactive,1//1,1225//128,0//1,1225//128,1,complete-enumeration:32
637,L0,0//1,2275//192,17;19;21;23;25;27;29;31,base_1;frontier_addition;inactive|base_1;base_2;frontier_addition;inactive|base_1;base_3;frontier_addition;inactive|base_1;base_2;base_3;frontier_addition;inactive|base_1;closure_carrier;frontier_addition;inactive|base_1;base_2;closure_carrier;frontier_addition;inactive|base_1;base_3;closure_carrier;frontier_addition;inactive|base_1;base_2;base_3;closure_carrier;frontier_addition;inactive,5//1;7//1;9//1;11//1;13//1;15//1,2275//192,0//1,2275//192,8,complete-enumeration:32
637,L025,1//4,2035//192,17,base_1;frontier_addition;inactive,5//1,2275//192,0//1,2275//192,1,complete-enumeration:32
637,L050,1//2,1829//192,16,frontier_addition;inactive,1//1,1925//192,0//1,1925//192,1,complete-enumeration:32
637,L100,1//1,1733//192,16,frontier_addition;inactive,1//1,1925//192,0//1,1925//192,1,complete-enumeration:32
637,L200,2//1,1541//192,16,frontier_addition;inactive,1//1,1925//192,0//1,1925//192,1,complete-enumeration:32
637,L400,4//1,1157//192,16,frontier_addition;inactive,1//1,1925//192,0//1,1925//192,1,complete-enumeration:32
638,L0,0//1,313351//16384,27;31,base_1;base_2;closure_carrier;frontier_addition;inactive|base_1;base_2;base_3;closure_carrier;frontier_addition;inactive,12//1;16//1,14525//768,10453//49152,313351//16384,2,complete-enumeration:32
638,L025,1//4,12797//768,19,base_1;base_2;frontier_addition;inactive,9//1,14525//768,0//1,14525//768,1,complete-enumeration:32
638,L050,1//2,11069//768,19,base_1;base_2;frontier_addition;inactive,9//1,14525//768,0//1,14525//768,1,complete-enumeration:32
638,L100,1//1,133675//12288,24,closure_carrier;frontier_addition;inactive,4//1,7525//768,20809//4096,182827//12288,1,complete-enumeration:32
638,L200,2//1,5639//768,16,frontier_addition;inactive,1//1,7175//768,0//1,7175//768,1,complete-enumeration:32
638,L400,4//1,4103//768,16,frontier_addition;inactive,1//1,7175//768,0//1,7175//768,1,complete-enumeration:32
639,L0,0//1,613631//49152,25;27;29;31,base_1;closure_carrier;frontier_addition;inactive|base_1;base_2;closure_carrier;frontier_addition;inactive|base_1;base_3;closure_carrier;frontier_addition;inactive|base_1;base_2;base_3;closure_carrier;frontier_addition;inactive,7//1;11//1;15//1,4375//384,17877//16384,613631//49152,4,complete-enumeration:32
639,L025,1//4,11163//1024,24,closure_carrier;frontier_addition;inactive,3//1,1225//128,2131//1024,11931//1024,1,complete-enumeration:32
639,L050,1//2,10395//1024,24,closure_carrier;frontier_addition;inactive,3//1,1225//128,2131//1024,11931//1024,1,complete-enumeration:32
639,L100,1//1,8859//1024,24,closure_carrier;frontier_addition;inactive,3//1,1225//128,2131//1024,11931//1024,1,complete-enumeration:32
639,L200,2//1,969//128,16,frontier_addition;inactive,1//1,1225//128,0//1,1225//128,1,complete-enumeration:32
639,L400,4//1,713//128,16,frontier_addition;inactive,1//1,1225//128,0//1,1225//128,1,complete-enumeration:32
640,L0,0//1,875//48,19;23;27;31,base_1;base_2;frontier_addition;inactive|base_1;base_2;base_3;frontier_addition;inactive|base_1;base_2;closure_carrier;frontier_addition;inactive|base_1;base_2;base_3;closure_carrier;frontier_addition;inactive,9//1;11//1;13//1;15//1,875//48,0//1,875//48,4,complete-enumeration:32
640,L025,1//4,767//48,19,base_1;base_2;frontier_addition;inactive,9//1,875//48,0//1,875//48,1,complete-enumeration:32
640,L050,1//2,659//48,19,base_1;base_2;frontier_addition;inactive,9//1,875//48,0//1,875//48,1,complete-enumeration:32
640,L100,1//1,7535//768,17,base_1;frontier_addition;inactive,5//1,11375//768,0//1,11375//768,1,complete-enumeration:32
640,L200,2//1,5639//768,16,frontier_addition;inactive,1//1,7175//768,0//1,7175//768,1,complete-enumeration:32
640,L400,4//1,4103//768,16,frontier_addition;inactive,1//1,7175//768,0//1,7175//768,1,complete-enumeration:32
641,L0,0//1,67701//4096,25;27;29;31,base_1;closure_carrier;frontier_addition;inactive|base_1;base_2;closure_carrier;frontier_addition;inactive|base_1;base_3;closure_carrier;frontier_addition;inactive|base_1;base_2;base_3;closure_carrier;frontier_addition;inactive,5//1;7//1;9//1,2975//256,20101//4096,67701//4096,4,complete-enumeration:32
641,L025,1//4,62581//4096,25,base_1;closure_carrier;frontier_addition;inactive,5//1,2975//256,20101//4096,67701//4096,1,complete-enumeration:32
641,L050,1//2,57461//4096,25,base_1;closure_carrier;frontier_addition;inactive,5//1,2975//256,20101//4096,67701//4096,1,complete-enumeration:32
641,L100,1//1,47221//4096,25,base_1;closure_carrier;frontier_addition;inactive,5//1,2975//256,20101//4096,67701//4096,1,complete-enumeration:32
641,L200,2//1,1541//192,16,frontier_addition;inactive,1//1,1925//192,0//1,1925//192,1,complete-enumeration:32
641,L400,4//1,1157//192,16,frontier_addition;inactive,1//1,1925//192,0//1,1925//192,1,complete-enumeration:32
642,L0,0//1,2275//192,17;19;21;23;25;27;29;31,base_1;frontier_addition;inactive|base_1;base_2;frontier_addition;inactive|base_1;base_3;frontier_addition;inactive|base_1;base_2;base_3;frontier_addition;inactive|base_1;closure_carrier;frontier_addition;inactive|base_1;base_2;closure_carrier;frontier_addition;inactive|base_1;base_3;closure_carrier;frontier_addition;inactive|base_1;base_2;base_3;closure_carrier;frontier_addition;inactive,3//1;5//1;7//1;9//1,2275//192,0//1,2275//192,8,complete-enumeration:32
642,L025,1//4,2131//192,17,base_1;frontier_addition;inactive,3//1,2275//192,0//1,2275//192,1,complete-enumeration:32
642,L050,1//2,1987//192,17,base_1;frontier_addition;inactive,3//1,2275//192,0//1,2275//192,1,complete-enumeration:32
642,L100,1//1,1733//192,16,frontier_addition;inactive,1//1,1925//192,0//1,1925//192,1,complete-enumeration:32
642,L200,2//1,1541//192,16,frontier_addition;inactive,1//1,1925//192,0//1,1925//192,1,complete-enumeration:32
642,L400,4//1,1157//192,16,frontier_addition;inactive,1//1,1925//192,0//1,1925//192,1,complete-enumeration:32
643,L0,0//1,875//48,21;23;29;31,base_1;base_3;frontier_addition;inactive|base_1;base_2;base_3;frontier_addition;inactive|base_1;base_3;closure_carrier;frontier_addition;inactive|base_1;base_2;base_3;closure_carrier;frontier_addition;inactive,9//1;12//1;13//1;16//1,875//48,0//1,875//48,4,complete-enumeration:32
643,L025,1//4,767//48,21,base_1;base_3;frontier_addition;inactive,9//1,875//48,0//1,875//48,1,complete-enumeration:32
643,L050,1//2,659//48,21,base_1;base_3;frontier_addition;inactive,9//1,875//48,0//1,875//48,1,complete-enumeration:32
643,L100,1//1,115//12,20,base_3;frontier_addition;inactive,5//1,175//12,0//1,175//12,1,complete-enumeration:32
643,L200,2//1,4939//768,16,frontier_addition;inactive,1//1,6475//768,0//1,6475//768,1,complete-enumeration:32
643,L400,4//1,3403//768,16,frontier_addition;inactive,1//1,6475//768,0//1,6475//768,1,complete-enumeration:32
644,L0,0//1,47177//2048,27;31,base_1;base_2;closure_carrier;frontier_addition;inactive|base_1;base_2;base_3;closure_carrier;frontier_addition;inactive,7//1;9//1,4725//256,9377//2048,47177//2048,2,complete-enumeration:32
644,L025,1//4,43593//2048,27,base_1;base_2;closure_carrier;frontier_addition;inactive,7//1,4725//256,9377//2048,47177//2048,1,complete-enumeration:32
644,L050,1//2,40009//2048,27,base_1;base_2;closure_carrier;frontier_addition;inactive,7//1,4725//256,9377//2048,47177//2048,1,complete-enumeration:32
644,L100,1//1,32841//2048,27,base_1;base_2;closure_carrier;frontier_addition;inactive,7//1,4725//256,9377//2048,47177//2048,1,complete-enumeration:32
644,L200,2//1,30845//3072,24,closure_carrier;frontier_addition;inactive,3//1,7175//768,6859//1024,49277//3072,1,complete-enumeration:32
644,L400,4//1,491//96,16,frontier_addition;inactive,1//1,875//96,0//1,875//96,1,complete-enumeration:32
645,L0,0//1,2275//128,19;23;27;31,base_1;base_2;frontier_addition;inactive|base_1;base_2;base_3;frontier_addition;inactive|base_1;base_2;closure_carrier;frontier_addition;inactive|base_1;base_2;base_3;closure_carrier;frontier_addition;inactive,5//1;7//1;8//1;10//1,2275//128,0//1,2275//128,4,complete-enumeration:32
645,L025,1//4,2115//128,19,base_1;base_2;frontier_addition;inactive,5//1,2275//128,0//1,2275//128,1,complete-enumeration:32
645,L050,1//2,1955//128,19,base_1;base_2;frontier_addition;inactive,5//1,2275//128,0//1,2275//128,1,complete-enumeration:32
645,L100,1//1,1635//128,19,base_1;base_2;frontier_addition;inactive,5//1,2275//128,0//1,2275//128,1,complete-enumeration:32
645,L200,2//1,3121//384,17;18,base_1;frontier_addition;inactive|base_2;frontier_addition;inactive,3//1,5425//384,0//1,5425//384,2,complete-enumeration:32
645,L400,4//1,1789//384,16,frontier_addition;inactive,1//1,3325//384,0//1,3325//384,1,complete-enumeration:32
646,L0,0//1,2275//192,17;19;21;23;25;27;29;31,base_1;frontier_addition;inactive|base_1;base_2;frontier_addition;inactive|base_1;base_3;frontier_addition;inactive|base_1;base_2;base_3;frontier_addition;inactive|base_1;closure_carrier;frontier_addition;inactive|base_1;base_2;closure_carrier;frontier_addition;inactive|base_1;base_3;closure_carrier;frontier_addition;inactive|base_1;base_2;base_3;closure_carrier;frontier_addition;inactive,5//1;8//1;9//1;12//1;13//1;16//1,2275//192,0//1,2275//192,8,complete-enumeration:32
646,L025,1//4,2035//192,17,base_1;frontier_addition;inactive,5//1,2275//192,0//1,2275//192,1,complete-enumeration:32
646,L050,1//2,2497//256,16,frontier_addition;inactive,1//1,2625//256,0//1,2625//256,1,complete-enumeration:32
646,L100,1//1,2369//256,16,frontier_addition;inactive,1//1,2625//256,0//1,2625//256,1,complete-enumeration:32
646,L200,2//1,2113//256,16,frontier_addition;inactive,1//1,2625//256,0//1,2625//256,1,complete-enumeration:32
646,L400,4//1,1601//256,16,frontier_addition;inactive,1//1,2625//256,0//1,2625//256,1,complete-enumeration:32
647,L0,0//1,138731//6144,30;31,base_2;base_3;closure_carrier;frontier_addition;inactive|base_1;base_2;base_3;closure_carrier;frontier_addition;inactive,7//1;9//1,13825//768,9377//2048,138731//6144,2,complete-enumeration:32
647,L025,1//4,127979//6144,30,base_2;base_3;closure_carrier;frontier_addition;inactive,7//1,13825//768,9377//2048,138731//6144,1,complete-enumeration:32
647,L050,1//2,117227//6144,30,base_2;base_3;closure_carrier;frontier_addition;inactive,7//1,13825//768,9377//2048,138731//6144,1,complete-enumeration:32
647,L100,1//1,95723//6144,30,base_2;base_3;closure_carrier;frontier_addition;inactive,7//1,13825//768,9377//2048,138731//6144,1,complete-enumeration:32
647,L200,2//1,1693543//196608,24,closure_carrier;frontier_addition;inactive,3//1,875//96,360397//65536,2873191//196608,1,complete-enumeration:32
647,L400,4//1,491//96,16,frontier_addition;inactive,1//1,875//96,0//1,875//96,1,complete-enumeration:32
648,L0,0//1,66283//3072,27;31,base_1;base_2;closure_carrier;frontier_addition;inactive|base_1;base_2;base_3;closure_carrier;frontier_addition;inactive,8//1;10//1,13825//768,3661//1024,66283//3072,2,complete-enumeration:32
648,L025,1//4,60139//3072,27,base_1;base_2;closure_carrier;frontier_addition;inactive,8//1,13825//768,3661//1024,66283//3072,1,complete-enumeration:32
648,L050,1//2,53995//3072,27,base_1;base_2;closure_carrier;frontier_addition;inactive,8//1,13825//768,3661//1024,66283//3072,1,complete-enumeration:32
648,L100,1//1,41707//3072,27,base_1;base_2;closure_carrier;frontier_addition;inactive,8//1,13825//768,3661//1024,66283//3072,1,complete-enumeration:32
648,L200,2//1,103//12,17,base_1;frontier_addition;inactive,3//1,175//12,0//1,175//12,1,complete-enumeration:32
648,L400,4//1,1789//384,16,frontier_addition;inactive,1//1,3325//384,0//1,3325//384,1,complete-enumeration:32
649,L0,0//1,42351//2048,27;31,base_1;base_2;closure_carrier;frontier_addition;inactive|base_1;base_2;base_3;closure_carrier;frontier_addition;inactive,11//1;15//1,4725//256,4551//2048,42351//2048,2,complete-enumeration:32
649,L025,1//4,36719//2048,27,base_1;base_2;closure_carrier;frontier_addition;inactive,11//1,4725//256,4551//2048,42351//2048,1,complete-enumeration:32
649,L050,1//2,31087//2048,27,base_1;base_2;closure_carrier;frontier_addition;inactive,11//1,4725//256,4551//2048,42351//2048,1,complete-enumeration:32
649,L100,1//1,1285//128,17,base_1;frontier_addition;inactive,5//1,1925//128,0//1,1925//128,1,complete-enumeration:32
649,L200,2//1,5639//768,16,frontier_addition;inactive,1//1,7175//768,0//1,7175//768,1,complete-enumeration:32
649,L400,4//1,4103//768,16,frontier_addition;inactive,1//1,7175//768,0//1,7175//768,1,complete-enumeration:32
650,L0,0//1,149663//8192,30;31,base_2;base_3;closure_carrier;frontier_addition;inactive|base_1;base_2;base_3;closure_carrier;frontier_addition;inactive,11//1;15//1,875//48,989//24576,149663//8192,2,complete-enumeration:32
650,L025,1//4,767//48,22,base_2;base_3;frontier_addition;inactive,9//1,875//48,0//1,875//48,1,complete-enumeration:32
650,L050,1//2,659//48,22,base_2;base_3;frontier_addition;inactive,9//1,875//48,0//1,875//48,1,complete-enumeration:32
650,L100,1//1,115//12,20,base_3;frontier_addition;inactive,5//1,175//12,0//1,175//12,1,complete-enumeration:32
650,L200,2//1,2557//384,16,frontier_addition;inactive,1//1,3325//384,0//1,3325//384,1,complete-enumeration:32
650,L400,4//1,1789//384,16,frontier_addition;inactive,1//1,3325//384,0//1,3325//384,1,complete-enumeration:32
651,L0,0//1,4725//256,22;23;30;31,base_2;base_3;frontier_addition;inactive|base_1;base_2;base_3;frontier_addition;inactive|base_2;base_3;closure_carrier;frontier_addition;inactive|base_1;base_2;base_3;closure_carrier;frontier_addition;inactive,5//1;7//1;8//1;10//1,4725//256,0//1,4725//256,4,complete-enumeration:32
651,L025,1//4,4405//256,22,base_2;base_3;frontier_addition;inactive,5//1,4725//256,0//1,4725//256,1,complete-enumeration:32
651,L050,1//2,4085//256,22,base_2;base_3;frontier_addition;inactive,5//1,4725//256,0//1,4725//256,1,complete-enumeration:32
651,L100,1//1,3445//256,22,base_2;base_3;frontier_addition;inactive,5//1,4725//256,0//1,4725//256,1,complete-enumeration:32
651,L200,2//1,103//12,18;20,base_2;frontier_addition;inactive|base_3;frontier_addition;inactive,3//1,175//12,0//1,175//12,2,complete-enumeration:32
651,L400,4//1,4103//768,16,frontier_addition;inactive,1//1,7175//768,0//1,7175//768,1,complete-enumeration:32
652,L0,0//1,4725//256,22;23;30;31,base_2;base_3;frontier_addition;inactive|base_1;base_2;base_3;frontier_addition;inactive|base_2;base_3;closure_carrier;frontier_addition;inactive|base_1;base_2;base_3;closure_carrier;frontier_addition;inactive,9//1;11//1;13//1;15//1,4725//256,0//1,4725//256,4,complete-enumeration:32
652,L025,1//4,4149//256,22,base_2;base_3;frontier_addition;inactive,9//1,4725//256,0//1,4725//256,1,complete-enumeration:32
652,L050,1//2,3573//256,22,base_2;base_3;frontier_addition;inactive,9//1,4725//256,0//1,4725//256,1,complete-enumeration:32
652,L100,1//1,7535//768,20,base_3;frontier_addition;inactive,5//1,11375//768,0//1,11375//768,1,complete-enumeration:32
652,L200,2//1,2557//384,16,frontier_addition;inactive,1//1,3325//384,0//1,3325//384,1,complete-enumeration:32
652,L400,4//1,1789//384,16,frontier_addition;inactive,1//1,3325//384,0//1,3325//384,1,complete-enumeration:32
653,L0,0//1,13825//768,22;23;30;31,base_2;base_3;frontier_addition;inactive|base_1;base_2;base_3;frontier_addition;inactive|base_2;base_3;closure_carrier;frontier_addition;inactive|base_1;base_2;base_3;closure_carrier;frontier_addition;inactive,9//1;12//1;13//1;16//1,13825//768,0//1,13825//768,4,complete-enumeration:32
653,L025,1//4,12097//768,22,base_2;base_3;frontier_addition;inactive,9//1,13825//768,0//1,13825//768,1,complete-enumeration:32
653,L050,1//2,10369//768,22,base_2;base_3;frontier_addition;inactive,9//1,13825//768,0//1,13825//768,1,complete-enumeration:32
653,L100,1//1,7535//768,20,base_3;frontier_addition;inactive,5//1,11375//768,0//1,11375//768,1,complete-enumeration:32
653,L200,2//1,5639//768,16,frontier_addition;inactive,1//1,7175//768,0//1,7175//768,1,complete-enumeration:32
653,L400,4//1,4103//768,16,frontier_addition;inactive,1//1,7175//768,0//1,7175//768,1,complete-enumeration:32
654,L0,0//1,9275//768,17;19;21;23;25;27;29;31,base_1;frontier_addition;inactive|base_1;base_2;frontier_addition;inactive|base_1;base_3;frontier_addition;inactive|base_1;base_2;base_3;frontier_addition;inactive|base_1;closure_carrier;frontier_addition;inactive|base_1;base_2;closure_carrier;frontier_addition;inactive|base_1;base_3;closure_carrier;frontier_addition;inactive|base_1;base_2;base_3;closure_carrier;frontier_addition;inactive,5//1;8//1;9//1;12//1;13//1;16//1,9275//768,0//1,9275//768,8,complete-enumeration:32
654,L025,1//4,8315//768,17,base_1;frontier_addition;inactive,5//1,9275//768,0//1,9275//768,1,complete-enumeration:32
654,L050,1//2,3833//384,16,frontier_addition;inactive,1//1,4025//384,0//1,4025//384,1,complete-enumeration:32
654,L100,1//1,3641//384,16,frontier_addition;inactive,1//1,4025//384,0//1,4025//384,1,complete-enumeration:32
654,L200,2//1,3257//384,16,frontier_addition;inactive,1//1,4025//384,0//1,4025//384,1,complete-enumeration:32
654,L400,4//1,2489//384,16,frontier_addition;inactive,1//1,4025//384,0//1,4025//384,1,complete-enumeration:32
655,L0,0//1,71811//4096,25;27;29;31,base_1;closure_carrier;frontier_addition;inactive|base_1;base_2;closure_carrier;frontier_addition;inactive|base_1;base_3;closure_carrier;frontier_addition;inactive|base_1;base_2;base_3;closure_carrier;frontier_addition;inactive,5//1;7//1;9//1,2975//256,24211//4096,71811//4096,4,complete-enumeration:32
655,L025,1//4,66691//4096,25,base_1;closure_carrier;frontier_addition;inactive,5//1,2975//256,24211//4096,71811//4096,1,complete-enumeration:32
655,L050,1//2,61571//4096,25,base_1;closure_carrier;frontier_addition;inactive,5//1,2975//256,24211//4096,71811//4096,1,complete-enumeration:32
655,L100,1//1,51331//4096,25,base_1;closure_carrier;frontier_addition;inactive,5//1,2975//256,24211//4096,71811//4096,1,complete-enumeration:32
655,L200,2//1,51503//6144,24,closure_carrier;frontier_addition;inactive,3//1,7525//768,9389//2048,88367//6144,1,complete-enumeration:32
655,L400,4//1,4453//768,16,frontier_addition;inactive,1//1,7525//768,0//1,7525//768,1,complete-enumeration:32
656,L0,0//1,13475//768,22;23;30;31,base_2;base_3;frontier_addition;inactive|base_1;base_2;base_3;frontier_addition;inactive|base_2;base_3;closure_carrier;frontier_addition;inactive|base_1;base_2;base_3;closure_carrier;frontier_addition;inactive,9//1;11//1;13//1;15//1,13475//768,0//1,13475//768,4,complete-enumeration:32
656,L025,1//4,11747//768,22,base_2;base_3;frontier_addition;inactive,9//1,13475//768,0//1,13475//768,1,complete-enumeration:32
656,L050,1//2,10019//768,22,base_2;base_3;frontier_addition;inactive,9//1,13475//768,0//1,13475//768,1,complete-enumeration:32
656,L100,1//1,2395//256,18,base_2;frontier_addition;inactive,5//1,3675//256,0//1,3675//256,1,complete-enumeration:32
656,L200,2//1,5639//768,16,frontier_addition;inactive,1//1,7175//768,0//1,7175//768,1,complete-enumeration:32
656,L400,4//1,4103//768,16,frontier_addition;inactive,1//1,7175//768,0//1,7175//768,1,complete-enumeration:32
657,L0,0//1,875//48,21;23;29;31,base_1;base_3;frontier_addition;inactive|base_1;base_2;base_3;frontier_addition;inactive|base_1;base_3;closure_carrier;frontier_addition;inactive|base_1;base_2;base_3;closure_carrier;frontier_addition;inactive,9//1;12//1;13//1;16//1,875//48,0//1,875//48,4,complete-enumeration:32
657,L025,1//4,767//48,21,base_1;base_3;frontier_addition;inactive,9//1,875//48,0//1,875//48,1,complete-enumeration:32
657,L050,1//2,659//48,21,base_1;base_3;frontier_addition;inactive,9//1,875//48,0//1,875//48,1,complete-enumeration:32
657,L100,1//1,7535//768,20,base_3;frontier_addition;inactive,5//1,11375//768,0//1,11375//768,1,complete-enumeration:32
657,L200,2//1,1763//256,16,frontier_addition;inactive,1//1,2275//256,0//1,2275//256,1,complete-enumeration:32
657,L400,4//1,1251//256,16,frontier_addition;inactive,1//1,2275//256,0//1,2275//256,1,complete-enumeration:32
658,L0,0//1,289903//12288,29;31,base_1;base_3;closure_carrier;frontier_addition;inactive|base_1;base_2;base_3;closure_carrier;frontier_addition;inactive,12//1;16//1,7175//384,20101//4096,289903//12288,2,complete-enumeration:32
658,L025,1//4,253039//12288,29,base_1;base_3;closure_carrier;frontier_addition;inactive,12//1,7175//384,20101//4096,289903//12288,1,complete-enumeration:32
658,L050,1//2,216175//12288,29,base_1;base_3;closure_carrier;frontier_addition;inactive,12//1,7175//384,20101//4096,289903//12288,1,complete-enumeration:32
658,L100,1//1,665767//49152,24,closure_carrier;frontier_addition;inactive,4//1,7525//768,126925//16384,862375//49152,1,complete-enumeration:32
658,L200,2//1,469159//49152,24,closure_carrier;frontier_addition;inactive,4//1,7525//768,126925//16384,862375//49152,1,complete-enumeration:32
658,L400,4//1,713//128,16,frontier_addition;inactive,1//1,1225//128,0//1,1225//128,1,complete-enumeration:32
659,L0,0//1,2975//256,17;19;21;23;25;27;29;31,base_1;frontier_addition;inactive|base_1;base_2;frontier_addition;inactive|base_1;base_3;frontier_addition;inactive|base_1;base_2;base_3;frontier_addition;inactive|base_1;closure_carrier;frontier_addition;inactive|base_1;base_2;closure_carrier;frontier_addition;inactive|base_1;base_3;closure_carrier;frontier_addition;inactive|base_1;base_2;base_3;closure_carrier;frontier_addition;inactive,5//1;7//1;9//1;11//1;13//1;15//1,2975//256,0//1,2975//256,8,complete-enumeration:32
659,L025,1//4,2655//256,17,base_1;frontier_addition;inactive,5//1,2975//256,0//1,2975//256,1,complete-enumeration:32
659,L050,1//2,1829//192,16,frontier_addition;inactive,1//1,1925//192,0//1,1925//192,1,complete-enumeration:32
659,L100,1//1,1733//192,16,frontier_addition;inactive,1//1,1925//192,0//1,1925//192,1,complete-enumeration:32
659,L200,2//1,1541//192,16,frontier_addition;inactive,1//1,1925//192,0//1,1925//192,1,complete-enumeration:32
659,L400,4//1,1157//192,16,frontier_addition;inactive,1//1,1925//192,0//1,1925//192,1,complete-enumeration:32
660,L0,0//1,106031//8192,25;27;29;31,base_1;closure_carrier;frontier_addition;inactive|base_1;base_2;closure_carrier;frontier_addition;inactive|base_1;base_3;closure_carrier;frontier_addition;inactive|base_1;base_2;base_3;closure_carrier;frontier_addition;inactive,6//1;8//1;10//1,2975//256,10831//8192,106031//8192,4,complete-enumeration:32
660,L025,1//4,93743//8192,25,base_1;closure_carrier;frontier_addition;inactive,6//1,2975//256,10831//8192,106031//8192,1,complete-enumeration:32
660,L050,1//2,2591//256,17,base_1;frontier_addition;inactive,3//1,2975//256,0//1,2975//256,1,complete-enumeration:32
660,L100,1//1,2369//256,16,frontier_addition;inactive,1//1,2625//256,0//1,2625//256,1,complete-enumeration:32
660,L200,2//1,2113//256,16,frontier_addition;inactive,1//1,2625//256,0//1,2625//256,1,complete-enumeration:32
660,L400,4//1,1601//256,16,frontier_addition;inactive,1//1,2625//256,0//1,2625//256,1,complete-enumeration:32
661,L0,0//1,2275//128,22;23;30;31,base_2;base_3;frontier_addition;inactive|base_1;base_2;base_3;frontier_addition;inactive|base_2;base_3;closure_carrier;frontier_addition;inactive|base_1;base_2;base_3;closure_carrier;frontier_addition;inactive,5//1;7//1;9//1,2275//128,0//1,2275//128,4,complete-enumeration:32
661,L025,1//4,2115//128,22,base_2;base_3;frontier_addition;inactive,5//1,2275//128,0//1,2275//128,1,complete-enumeration:32
661,L050,1//2,1955//128,22,base_2;base_3;frontier_addition;inactive,5//1,2275//128,0//1,2275//128,1,complete-enumeration:32
661,L100,1//1,1635//128,22,base_2;base_3;frontier_addition;inactive,5//1,2275//128,0//1,2275//128,1,complete-enumeration:32
661,L200,2//1,2139//256,18;20,base_2;frontier_addition;inactive|base_3;frontier_addition;inactive,3//1,3675//256,0//1,3675//256,2,complete-enumeration:32
661,L400,4//1,1789//384,16,frontier_addition;inactive,1//1,3325//384,0//1,3325//384,1,complete-enumeration:32
662,L0,0//1,2975//256,17;19;21;23;25;27;29;31,base_1;frontier_addition;inactive|base_1;base_2;frontier_addition;inactive|base_1;base_3;frontier_addition;inactive|base_1;base_2;base_3;frontier_addition;inactive|base_1;closure_carrier;frontier_addition;inactive|base_1;base_2;closure_carrier;frontier_addition;inactive|base_1;base_3;closure_carrier;frontier_addition;inactive|base_1;base_2;base_3;closure_carrier;frontier_addition;inactive,5//1;8//1;9//1;12//1;13//1;16//1,2975//256,0//1,2975//256,8,complete-enumeration:32
662,L025,1//4,2655//256,17,base_1;frontier_addition;inactive,5//1,2975//256,0//1,2975//256,1,complete-enumeration:32
662,L050,1//2,7141//768,16,frontier_addition;inactive,1//1,7525//768,0//1,7525//768,1,complete-enumeration:32
662,L100,1//1,6757//768,16,frontier_addition;inactive,1//1,7525//768,0//1,7525//768,1,complete-enumeration:32
662,L200,2//1,5989//768,16,frontier_addition;inactive,1//1,7525//768,0//1,7525//768,1,complete-enumeration:32
662,L400,4//1,4453//768,16,frontier_addition;inactive,1//1,7525//768,0//1,7525//768,1,complete-enumeration:32
663,L0,0//1,758389//49152,25;27;29;31,base_1;closure_carrier;frontier_addition;inactive|base_1;base_2;closure_carrier;frontier_addition;inactive|base_1;base_3;closure_carrier;frontier_addition;inactive|base_1;base_2;base_3;closure_carrier;frontier_addition;inactive,5//1;7//1;9//1,2275//192,58663//16384,758389//49152,4,complete-enumeration:32
663,L025,1//4,696949//49152,25,base_1;closure_carrier;frontier_addition;inactive,5//1,2275//192,58663//16384,758389//49152,1,complete-enumeration:32
663,L050,1//2,635509//49152,25,base_1;closure_carrier;frontier_addition;inactive,5//1,2275//192,58663//16384,758389//49152,1,complete-enumeration:32
663,L100,1//1,512629//49152,25,base_1;closure_carrier;frontier_addition;inactive,5//1,2275//192,58663//16384,758389//49152,1,complete-enumeration:32
663,L200,2//1,5639//768,16,frontier_addition;inactive,1//1,7175//768,0//1,7175//768,1,complete-enumeration:32
663,L400,4//1,4103//768,16,frontier_addition;inactive,1//1,7175//768,0//1,7175//768,1,complete-enumeration:32
664,L0,0//1,4725//256,21;23;29;31,base_1;base_3;frontier_addition;inactive|base_1;base_2;base_3;frontier_addition;inactive|base_1;base_3;closure_carrier;frontier_addition;inactive|base_1;base_2;base_3;closure_carrier;frontier_addition;inactive,9//1;11//1;13//1;15//1,4725//256,0//1,4725//256,4,complete-enumeration:32
664,L025,1//4,4149//256,21,base_1;base_3;frontier_addition;inactive,9//1,4725//256,0//1,4725//256,1,complete-enumeration:32
664,L050,1//2,3573//256,21,base_1;base_3;frontier_addition;inactive,9//1,4725//256,0//1,4725//256,1,complete-enumeration:32
664,L100,1//1,1285//128,17,base_1;frontier_addition;inactive,5//1,1925//128,0//1,1925//128,1,complete-enumeration:32
664,L200,2//1,683//96,16,frontier_addition;inactive,1//1,875//96,0//1,875//96,1,complete-enumeration:32
664,L400,4//1,491//96,16,frontier_addition;inactive,1//1,875//96,0//1,875//96,1,complete-enumeration:32
665,L0,0//1,2975//256,17;19;21;23;25;27;29;31,base_1;frontier_addition;inactive|base_1;base_2;frontier_addition;inactive|base_1;base_3;frontier_addition;inactive|base_1;base_2;base_3;frontier_addition;inactive|base_1;closure_carrier;frontier_addition;inactive|base_1;base_2;closure_carrier;frontier_addition;inactive|base_1;base_3;closure_carrier;frontier_addition;inactive|base_1;base_2;base_3;closure_carrier;frontier_addition;inactive,3//1;5//1;7//1;9//1,2975//256,0//1,2975//256,8,complete-enumeration:32
665,L025,1//4,2783//256,17,base_1;frontier_addition;inactive,3//1,2975//256,0//1,2975//256,1,complete-enumeration:32
665,L050,1//2,2591//256,17,base_1;frontier_addition;inactive,3//1,2975//256,0//1,2975//256,1,complete-enumeration:32
665,L100,1//1,1733//192,16,frontier_addition;inactive,1//1,1925//192,0//1,1925//192,1,complete-enumeration:32
665,L200,2//1,1541//192,16,frontier_addition;inactive,1//1,1925//192,0//1,1925//192,1,complete-enumeration:32
665,L400,4//1,1157//192,16,frontier_addition;inactive,1//1,1925//192,0//1,1925//192,1,complete-enumeration:32
666,L0,0//1,2275//192,17;19;21;23;25;27;29;31,base_1;frontier_addition;inactive|base_1;base_2;frontier_addition;inactive|base_1;base_3;frontier_addition;inactive|base_1;base_2;base_3;frontier_addition;inactive|base_1;closure_carrier;frontier_addition;inactive|base_1;base_2;closure_carrier;frontier_addition;inactive|base_1;base_3;closure_carrier;frontier_addition;inactive|base_1;base_2;base_3;closure_carrier;frontier_addition;inactive,3//1;5//1;6//1;7//1;8//1;10//1,2275//192,0//1,2275//192,8,complete-enumeration:32
666,L025,1//4,2131//192,17,base_1;frontier_addition;inactive,3//1,2275//192,0//1,2275//192,1,complete-enumeration:32
666,L050,1//2,1987//192,17,base_1;frontier_addition;inactive,3//1,2275//192,0//1,2275//192,1,complete-enumeration:32
666,L100,1//1,2369//256,16,frontier_addition;inactive,1//1,2625//256,0//1,2625//256,1,complete-enumeration:32
666,L200,2//1,2113//256,16,frontier_addition;inactive,1//1,2625//256,0//1,2625//256,1,complete-enumeration:32
666,L400,4//1,1601//256,16,frontier_addition;inactive,1//1,2625//256,0//1,2625//256,1,complete-enumeration:32
667,L0,0//1,20713//1024,27;31,base_1;base_2;closure_carrier;frontier_addition;inactive|base_1;base_2;base_3;closure_carrier;frontier_addition;inactive,12//1;16//1,4725//256,1813//1024,20713//1024,2,complete-enumeration:32
667,L025,1//4,17641//1024,27,base_1;base_2;closure_carrier;frontier_addition;inactive,12//1,4725//256,1813//1024,20713//1024,1,complete-enumeration:32
667,L050,1//2,14569//1024,27,base_1;base_2;closure_carrier;frontier_addition;inactive,12//1,4725//256,1813//1024,20713//1024,1,complete-enumeration:32
667,L100,1//1,7535//768,17,base_1;frontier_addition;inactive,5//1,11375//768,0//1,11375//768,1,complete-enumeration:32
667,L200,2//1,5989//768,16,frontier_addition;inactive,1//1,7525//768,0//1,7525//768,1,complete-enumeration:32
667,L400,4//1,4453//768,16,frontier_addition;inactive,1//1,7525//768,0//1,7525//768,1,complete-enumeration:32
668,L0,0//1,297005//24576,25;27;29;31,base_1;closure_carrier;frontier_addition;inactive|base_1;base_2;closure_carrier;frontier_addition;inactive|base_1;base_3;closure_carrier;frontier_addition;inactive|base_1;base_2;base_3;closure_carrier;frontier_addition;inactive,6//1;8//1;10//1,9275//768,205//24576,297005//24576,4,complete-enumeration:32
668,L025,1//4,8699//768,17,base_1;frontier_addition;inactive,3//1,9275//768,0//1,9275//768,1,complete-enumeration:32
668,L050,1//2,8123//768,17,base_1;frontier_addition;inactive,3//1,9275//768,0//1,9275//768,1,complete-enumeration:32
668,L100,1//1,6971//768,17,base_1;frontier_addition;inactive,3//1,9275//768,0//1,9275//768,1,complete-enumeration:32
668,L200,2//1,5989//768,16,frontier_addition;inactive,1//1,7525//768,0//1,7525//768,1,complete-enumeration:32
668,L400,4//1,4453//768,16,frontier_addition;inactive,1//1,7525//768,0//1,7525//768,1,complete-enumeration:32
669,L0,0//1,164581//12288,25;27;29;31,base_1;closure_carrier;frontier_addition;inactive|base_1;base_2;closure_carrier;frontier_addition;inactive|base_1;base_3;closure_carrier;frontier_addition;inactive|base_1;base_2;base_3;closure_carrier;frontier_addition;inactive,7//1;11//1;15//1,2275//192,6327//4096,164581//12288,4,complete-enumeration:32
669,L025,1//4,143077//12288,25,base_1;closure_carrier;frontier_addition;inactive,7//1,2275//192,6327//4096,164581//12288,1,complete-enumeration:32
669,L050,1//2,121573//12288,25,base_1;closure_carrier;frontier_addition;inactive,7//1,2275//192,6327//4096,164581//12288,1,complete-enumeration:32
669,L100,1//1,2369//256,16,frontier_addition;inactive,1//1,2625//256,0//1,2625//256,1,complete-enumeration:32
669,L200,2//1,2113//256,16,frontier_addition;inactive,1//1,2625//256,0//1,2625//256,1,complete-enumeration:32
669,L400,4//1,1601//256,16,frontier_addition;inactive,1//1,2625//256,0//1,2625//256,1,complete-enumeration:32
670,L0,0//1,312943//16384,27;31,base_1;base_2;closure_carrier;frontier_addition;inactive|base_1;base_2;base_3;closure_carrier;frontier_addition;inactive,12//1;16//1,2275//128,21743//16384,312943//16384,2,complete-enumeration:32
670,L025,1//4,263791//16384,27,base_1;base_2;closure_carrier;frontier_addition;inactive,12//1,2275//128,21743//16384,312943//16384,1,complete-enumeration:32
670,L050,1//2,1699//128,19,base_1;base_2;frontier_addition;inactive,9//1,2275//128,0//1,2275//128,1,complete-enumeration:32
670,L100,1//1,115//12,18,base_2;frontier_addition;inactive,5//1,175//12,0//1,175//12,1,complete-enumeration:32
670,L200,2//1,1763//256,16,frontier_addition;inactive,1//1,2275//256,0//1,2275//256,1,complete-enumeration:32
670,L400,4//1,1251//256,16,frontier_addition;inactive,1//1,2275//256,0//1,2275//256,1,complete-enumeration:32
671,L0,0//1,208277//16384,25;27;29;31,base_1;closure_carrier;frontier_addition;inactive|base_1;base_2;closure_carrier;frontier_addition;inactive|base_1;base_3;closure_carrier;frontier_addition;inactive|base_1;base_2;base_3;closure_carrier;frontier_addition;inactive,6//1;8//1;10//1,2975//256,17877//16384,208277//16384,4,complete-enumeration:32
671,L025,1//4,183701//16384,25,base_1;closure_carrier;frontier_addition;inactive,6//1,2975//256,17877//16384,208277//16384,1,complete-enumeration:32
671,L050,1//2,7807//768,1,base_1;inactive,2//1,8575//768,0//1,8575//768,1,complete-enumeration:32
671,L100,1//1,7039//768,1,base_1;inactive,2//1,8575//768,0//1,8575//768,1,complete-enumeration:32
671,L200,2//1,5989//768,16,frontier_addition;inactive,1//1,7525//768,0//1,7525//768,1,complete-enumeration:32
671,L400,4//1,4453//768,16,frontier_addition;inactive,1//1,7525//768,0//1,7525//768,1,complete-enumeration:32
672,L0,0//1,1599//128,25;27;29;31,base_1;closure_carrier;frontier_addition;inactive|base_1;base_2;closure_carrier;frontier_addition;inactive|base_1;base_3;closure_carrier;frontier_addition;inactive|base_1;base_2;base_3;closure_carrier;frontier_addition;inactive,8//1;12//1;16//1,2975//256,223//256,1599//128,4,complete-enumeration:32
672,L025,1//4,1343//128,25,base_1;closure_carrier;frontier_addition;inactive,8//1,2975//256,223//256,1599//128,1,complete-enumeration:32
672,L050,1//2,1829//192,16,frontier_addition;inactive,1//1,1925//192,0//1,1925//192,1,complete-enumeration:32
672,L100,1//1,1733//192,16,frontier_addition;inactive,1//1,1925//192,0//1,1925//192,1,complete-enumeration:32
672,L200,2//1,1541//192,16,frontier_addition;inactive,1//1,1925//192,0//1,1925//192,1,complete-enumeration:32
672,L400,4//1,1157//192,16,frontier_addition;inactive,1//1,1925//192,0//1,1925//192,1,complete-enumeration:32
673,L0,0//1,42539//3072,25;27;29;31,base_1;closure_carrier;frontier_addition;inactive|base_1;base_2;closure_carrier;frontier_addition;inactive|base_1;base_3;closure_carrier;frontier_addition;inactive|base_1;base_2;base_3;closure_carrier;frontier_addition;inactive,8//1;12//1;16//1,9275//768,1813//1024,42539//3072,4,complete-enumeration:32
673,L025,1//4,36395//3072,25,base_1;closure_carrier;frontier_addition;inactive,8//1,9275//768,1813//1024,42539//3072,1,complete-enumeration:32
673,L050,1//2,30251//3072,25,base_1;closure_carrier;frontier_addition;inactive,8//1,9275//768,1813//1024,42539//3072,1,complete-enumeration:32
673,L100,1//1,2369//256,16,frontier_addition;inactive,1//1,2625//256,0//1,2625//256,1,complete-enumeration:32
673,L200,2//1,2113//256,16,frontier_addition;inactive,1//1,2625//256,0//1,2625//256,1,complete-enumeration:32
673,L400,4//1,1601//256,16,frontier_addition;inactive,1//1,2625//256,0//1,2625//256,1,complete-enumeration:32
674,L0,0//1,2975//256,17;19;21;23;25;27;29;31,base_1;frontier_addition;inactive|base_1;base_2;frontier_addition;inactive|base_1;base_3;frontier_addition;inactive|base_1;base_2;base_3;frontier_addition;inactive|base_1;closure_carrier;frontier_addition;inactive|base_1;base_2;closure_carrier;frontier_addition;inactive|base_1;base_3;closure_carrier;frontier_addition;inactive|base_1;base_2;base_3;closure_carrier;frontier_addition;inactive,3//1;5//1;7//1;9//1,2975//256,0//1,2975//256,8,complete-enumeration:32
674,L025,1//4,2783//256,17,base_1;frontier_addition;inactive,3//1,2975//256,0//1,2975//256,1,complete-enumeration:32
674,L050,1//2,2591//256,17,base_1;frontier_addition;inactive,3//1,2975//256,0//1,2975//256,1,complete-enumeration:32
674,L100,1//1,6689//768,1,base_1;inactive,2//1,8225//768,0//1,8225//768,1,complete-enumeration:32
674,L200,2//1,969//128,16,frontier_addition;inactive,1//1,1225//128,0//1,1225//128,1,complete-enumeration:32
674,L400,4//1,713//128,16,frontier_addition;inactive,1//1,1225//128,0//1,1225//128,1,complete-enumeration:32
675,L0,0//1,42539//3072,25;27;29;31,base_1;closure_carrier;frontier_addition;inactive|base_1;base_2;closure_carrier;frontier_addition;inactive|base_1;base_3;closure_carrier;frontier_addition;inactive|base_1;base_2;base_3;closure_carrier;frontier_addition;inactive,7//1;11//1;15//1,9275//768,1813//1024,42539//3072,4,complete-enumeration:32
675,L025,1//4,37163//3072,25,base_1;closure_carrier;frontier_addition;inactive,7//1,9275//768,1813//1024,42539//3072,1,complete-enumeration:32
675,L050,1//2,31787//3072,25,base_1;closure_carrier;frontier_addition;inactive,7//1,9275//768,1813//1024,42539//3072,1,complete-enumeration:32
675,L100,1//1,1097//128,16,frontier_addition;inactive,1//1,1225//128,0//1,1225//128,1,complete-enumeration:32
675,L200,2//1,969//128,16,frontier_addition;inactive,1//1,1225//128,0//1,1225//128,1,complete-enumeration:32
675,L400,4//1,713//128,16,frontier_addition;inactive,1//1,1225//128,0//1,1225//128,1,complete-enumeration:32
676,L0,0//1,4725//256,22;23;30;31,base_2;base_3;frontier_addition;inactive|base_1;base_2;base_3;frontier_addition;inactive|base_2;base_3;closure_carrier;frontier_addition;inactive|base_1;base_2;base_3;closure_carrier;frontier_addition;inactive,9//1;11//1;13//1;15//1,4725//256,0//1,4725//256,4,complete-enumeration:32
676,L025,1//4,4149//256,22,base_2;base_3;frontier_addition;inactive,9//1,4725//256,0//1,4725//256,1,complete-enumeration:32
676,L050,1//2,3573//256,22,base_2;base_3;frontier_addition;inactive,9//1,4725//256,0//1,4725//256,1,complete-enumeration:32
676,L100,1//1,7535//768,18;20,base_2;frontier_addition;inactive|base_3;frontier_addition;inactive,5//1,11375//768,0//1,11375//768,2,complete-enumeration:32
676,L200,2//1,1763//256,16,frontier_addition;inactive,1//1,2275//256,0//1,2275//256,1,complete-enumeration:32
676,L400,4//1,1251//256,16,frontier_addition;inactive,1//1,2275//256,0//1,2275//256,1,complete-enumeration:32
677,L0,0//1,575173//49152,25;27;29;31,base_1;closure_carrier;frontier_addition;inactive|base_1;base_2;closure_carrier;frontier_addition;inactive|base_1;base_3;closure_carrier;frontier_addition;inactive|base_1;base_2;base_3;closure_carrier;frontier_addition;inactive,7//1;11//1;15//1,2975//256,3973//49152,575173//49152,4,complete-enumeration:32
677,L025,1//4,2655//256,17,base_1;frontier_addition;inactive,5//1,2975//256,0//1,2975//256,1,complete-enumeration:32
677,L050,1//2,7039//768,1,base_1;inactive,4//1,8575//768,0//1,8575//768,1,complete-enumeration:32
677,L100,1//1,1097//128,16,frontier_addition;inactive,1//1,1225//128,0//1,1225//128,1,complete-enumeration:32
677,L200,2//1,969//128,16,frontier_addition;inactive,1//1,1225//128,0//1,1225//128,1,complete-enumeration:32
677,L400,4//1,713//128,16,frontier_addition;inactive,1//1,1225//128,0//1,1225//128,1,complete-enumeration:32
678,L0,0//1,2975//256,17;19;21;23;25;27;29;31,base_1;frontier_addition;inactive|base_1;base_2;frontier_addition;inactive|base_1;base_3;frontier_addition;inactive|base_1;base_2;base_3;frontier_addition;inactive|base_1;closure_carrier;frontier_addition;inactive|base_1;base_2;closure_carrier;frontier_addition;inactive|base_1;base_3;closure_carrier;frontier_addition;inactive|base_1;base_2;base_3;closure_carrier;frontier_addition;inactive,5//1;7//1;9//1;11//1;13//1;15//1,2975//256,0//1,2975//256,8,complete-enumeration:32
678,L025,1//4,2655//256,17,base_1;frontier_addition;inactive,5//1,2975//256,0//1,2975//256,1,complete-enumeration:32
678,L050,1//2,2497//256,16,frontier_addition;inactive,1//1,2625//256,0//1,2625//256,1,complete-enumeration:32
678,L100,1//1,2369//256,16,frontier_addition;inactive,1//1,2625//256,0//1,2625//256,1,complete-enumeration:32
678,L200,2//1,2113//256,16,frontier_addition;inactive,1//1,2625//256,0//1,2625//256,1,complete-enumeration:32
678,L400,4//1,1601//256,16,frontier_addition;inactive,1//1,2625//256,0//1,2625//256,1,complete-enumeration:32
679,L0,0//1,101269//6144,25;27;29;31,base_1;closure_carrier;frontier_addition;inactive|base_1;base_2;closure_carrier;frontier_addition;inactive|base_1;base_3;closure_carrier;frontier_addition;inactive|base_1;base_2;base_3;closure_carrier;frontier_addition;inactive,8//1;12//1;16//1,9275//768,9023//2048,101269//6144,4,complete-enumeration:32
679,L025,1//4,88981//6144,25,base_1;closure_carrier;frontier_addition;inactive,8//1,9275//768,9023//2048,101269//6144,1,complete-enumeration:32
679,L050,1//2,76693//6144,25,base_1;closure_carrier;frontier_addition;inactive,8//1,9275//768,9023//2048,101269//6144,1,complete-enumeration:32
679,L100,1//1,5205//512,24,closure_carrier;frontier_addition;inactive,4//1,2625//256,2003//512,7253//512,1,complete-enumeration:32
679,L200,2//1,2113//256,16,frontier_addition;inactive,1//1,2625//256,0//1,2625//256,1,complete-enumeration:32
679,L400,4//1,1601//256,16,frontier_addition;inactive,1//1,2625//256,0//1,2625//256,1,complete-enumeration:32
680,L0,0//1,950029//49152,29;31,base_1;base_3;closure_carrier;frontier_addition;inactive|base_1;base_2;base_3;closure_carrier;frontier_addition;inactive,7//1;9//1,13825//768,21743//16384,950029//49152,2,complete-enumeration:32
680,L025,1//4,864013//49152,29,base_1;base_3;closure_carrier;frontier_addition;inactive,7//1,13825//768,21743//16384,950029//49152,1,complete-enumeration:32
680,L050,1//2,777997//49152,29,base_1;base_3;closure_carrier;frontier_addition;inactive,7//1,13825//768,21743//16384,950029//49152,1,complete-enumeration:32
680,L100,1//1,9985//768,21,base_1;base_3;frontier_addition;inactive,5//1,13825//768,0//1,13825//768,1,complete-enumeration:32
680,L200,2//1,103//12,20,base_3;frontier_addition;inactive,3//1,175//12,0//1,175//12,1,complete-enumeration:32
680,L400,4//1,491//96,16,frontier_addition;inactive,1//1,875//96,0//1,875//96,1,complete-enumeration:32
681,L0,0//1,71917//3072,27;31,base_1;base_2;closure_carrier;frontier_addition;inactive|base_1;base_2;base_3;closure_carrier;frontier_addition;inactive,7//1;9//1,13825//768,5539//1024,71917//3072,2,complete-enumeration:32
681,L025,1//4,66541//3072,27,base_1;base_2;closure_carrier;frontier_addition;inactive,7//1,13825//768,5539//1024,71917//3072,1,complete-enumeration:32
681,L050,1//2,61165//3072,27,base_1;base_2;closure_carrier;frontier_addition;inactive,7//1,13825//768,5539//1024,71917//3072,1,complete-enumeration:32
681,L100,1//1,50413//3072,27,base_1;base_2;closure_carrier;frontier_addition;inactive,7//1,13825//768,5539//1024,71917//3072,1,complete-enumeration:32
681,L200,2//1,274957//24576,24,closure_carrier;frontier_addition;inactive,3//1,7175//768,64271//8192,422413//24576,1,complete-enumeration:32
681,L400,4//1,155315//24576,8,closure_carrier;inactive,2//1,2275//768,93041//8192,351923//24576,1,complete-enumeration:32
682,L0,0//1,602233//49152,25;27;29;31,base_1;closure_carrier;frontier_addition;inactive|base_1;base_2;closure_carrier;frontier_addition;inactive|base_1;base_3;closure_carrier;frontier_addition;inactive|base_1;base_2;base_3;closure_carrier;frontier_addition;inactive,8//1;12//1;16//1,9275//768,8633//49152,602233//49152,4,complete-enumeration:32
682,L025,1//4,8315//768,17,base_1;frontier_addition;inactive,5//1,9275//768,0//1,9275//768,1,complete-enumeration:32
682,L050,1//2,7355//768,17,base_1;frontier_addition;inactive,5//1,9275//768,0//1,9275//768,1,complete-enumeration:32
682,L100,1//1,6757//768,16,frontier_addition;inactive,1//1,7525//768,0//1,7525//768,1,complete-enumeration:32
682,L200,2//1,5989//768,16,frontier_addition;inactive,1//1,7525//768,0//1,7525//768,1,complete-enumeration:32
682,L400,4//1,4453//768,16,frontier_addition;inactive,1//1,7525//768,0//1,7525//768,1,complete-enumeration:32
683,L0,0//1,14413//768,27;31,base_1;base_2;closure_carrier;frontier_addition;inactive|base_1;base_2;base_3;closure_carrier;frontier_addition;inactive,11//1;15//1,13825//768,49//64,14413//768,2,complete-enumeration:32
683,L025,1//4,12301//768,27,base_1;base_2;closure_carrier;frontier_addition;inactive,11//1,13825//768,49//64,14413//768,1,complete-enumeration:32
683,L050,1//2,10369//768,19,base_1;base_2;frontier_addition;inactive,9//1,13825//768,0//1,13825//768,1,complete-enumeration:32
683,L100,1//1,7535//768,18,base_2;frontier_addition;inactive,5//1,11375//768,0//1,11375//768,1,complete-enumeration:32
683,L200,2//1,683//96,16,frontier_addition;inactive,1//1,875//96,0//1,875//96,1,complete-enumeration:32
683,L400,4//1,491//96,16,frontier_addition;inactive,1//1,875//96,0//1,875//96,1,complete-enumeration:32
684,L0,0//1,875//48,21;23;29;31,base_1;base_3;frontier_addition;inactive|base_1;base_2;base_3;frontier_addition;inactive|base_1;base_3;closure_carrier;frontier_addition;inactive|base_1;base_2;base_3;closure_carrier;frontier_addition;inactive,9//1;11//1;13//1;15//1,875//48,0//1,875//48,4,complete-enumeration:32
684,L025,1//4,767//48,21,base_1;base_3;frontier_addition;inactive,9//1,875//48,0//1,875//48,1,complete-enumeration:32
684,L050,1//2,659//48,21,base_1;base_3;frontier_addition;inactive,9//1,875//48,0//1,875//48,1,complete-enumeration:32
684,L100,1//1,7535//768,20,base_3;frontier_addition;inactive,5//1,11375//768,0//1,11375//768,1,complete-enumeration:32
684,L200,2//1,683//96,16,frontier_addition;inactive,1//1,875//96,0//1,875//96,1,complete-enumeration:32
684,L400,4//1,491//96,16,frontier_addition;inactive,1//1,875//96,0//1,875//96,1,complete-enumeration:32
685,L0,0//1,9581//768,25;27;29;31,base_1;closure_carrier;frontier_addition;inactive|base_1;base_2;closure_carrier;frontier_addition;inactive|base_1;base_3;closure_carrier;frontier_addition;inactive|base_1;base_2;base_3;closure_carrier;frontier_addition;inactive,6//1;8//1;10//1,4375//384,277//256,9581//768,4,complete-enumeration:32
685,L025,1//4,8429//768,25,base_1;closure_carrier;frontier_addition;inactive,6//1,4375//384,277//256,9581//768,1,complete-enumeration:32
685,L050,1//2,3833//384,16,frontier_addition;inactive,1//1,4025//384,0//1,4025//384,1,complete-enumeration:32
685,L100,1//1,3641//384,16,frontier_addition;inactive,1//1,4025//384,0//1,4025//384,1,complete-enumeration:32
685,L200,2//1,3257//384,16,frontier_addition;inactive,1//1,4025//384,0//1,4025//384,1,complete-enumeration:32
685,L400,4//1,2489//384,16,frontier_addition;inactive,1//1,4025//384,0//1,4025//384,1,complete-enumeration:32
686,L0,0//1,265697//12288,29;31,base_1;base_3;closure_carrier;frontier_addition;inactive|base_1;base_2;base_3;closure_carrier;frontier_addition;inactive,11//1;15//1,13475//768,16699//4096,265697//12288,2,complete-enumeration:32
686,L025,1//4,231905//12288,29,base_1;base_3;closure_carrier;frontier_addition;inactive,11//1,13475//768,16699//4096,265697//12288,1,complete-enumeration:32
686,L050,1//2,198113//12288,29,base_1;base_3;closure_carrier;frontier_addition;inactive,11//1,13475//768,16699//4096,265697//12288,1,complete-enumeration:32
686,L100,1//1,22681//2048,24,closure_carrier;frontier_addition;inactive,3//1,2275//256,10625//2048,28825//2048,1,complete-enumeration:32
686,L200,2//1,16537//2048,24,closure_carrier;frontier_addition;inactive,3//1,2275//256,10625//2048,28825//2048,1,complete-enumeration:32
686,L400,4//1,1251//256,16,frontier_addition;inactive,1//1,2275//256,0//1,2275//256,1,complete-enumeration:32
687,L0,0//1,222163//12288,25;27;29;31,base_1;closure_carrier;frontier_addition;inactive|base_1;base_2;closure_carrier;frontier_addition;inactive|base_1;base_3;closure_carrier;frontier_addition;inactive|base_1;base_2;base_3;closure_carrier;frontier_addition;inactive,6//1;8//1;10//1,8575//768,28321//4096,222163//12288,4,complete-enumeration:32
687,L025,1//4,203731//12288,25,base_1;closure_carrier;frontier_addition;inactive,6//1,8575//768,28321//4096,222163//12288,1,complete-enumeration:32
687,L050,1//2,185299//12288,25,base_1;closure_carrier;frontier_addition;inactive,6//1,8575//768,28321//4096,222163//12288,1,complete-enumeration:32
687,L100,1//1,148435//12288,25,base_1;closure_carrier;frontier_addition;inactive,6//1,8575//768,28321//4096,222163//12288,1,complete-enumeration:32
687,L200,2//1,969//128,16,frontier_addition;inactive,1//1,1225//128,0//1,1225//128,1,complete-enumeration:32
687,L400,4//1,713//128,16,frontier_addition;inactive,1//1,1225//128,0//1,1225//128,1,complete-enumeration:32
688,L0,0//1,2275//128,21;23;29;31,base_1;base_3;frontier_addition;inactive|base_1;base_2;base_3;frontier_addition;inactive|base_1;base_3;closure_carrier;frontier_addition;inactive|base_1;base_2;base_3;closure_carrier;frontier_addition;inactive,9//1;12//1;13//1;16//1,2275//128,0//1,2275//128,4,complete-enumeration:32
688,L025,1//4,1987//128,21,base_1;base_3;frontier_addition;inactive,9//1,2275//128,0//1,2275//128,1,complete-enumeration:32
688,L050,1//2,1699//128,21,base_1;base_3;frontier_addition;inactive,9//1,2275//128,0//1,2275//128,1,complete-enumeration:32
688,L100,1//1,2395//256,20,base_3;frontier_addition;inactive,5//1,3675//256,0//1,3675//256,1,complete-enumeration:32
688,L200,2//1,1763//256,16,frontier_addition;inactive,1//1,2275//256,0//1,2275//256,1,complete-enumeration:32
688,L400,4//1,1251//256,16,frontier_addition;inactive,1//1,2275//256,0//1,2275//256,1,complete-enumeration:32
689,L0,0//1,875//48,22;23;30;31,base_2;base_3;frontier_addition;inactive|base_1;base_2;base_3;frontier_addition;inactive|base_2;base_3;closure_carrier;frontier_addition;inactive|base_1;base_2;base_3;closure_carrier;frontier_addition;inactive,5//1;7//1;9//1,875//48,0//1,875//48,4,complete-enumeration:32
689,L025,1//4,815//48,22,base_2;base_3;frontier_addition;inactive,5//1,875//48,0//1,875//48,1,complete-enumeration:32
689,L050,1//2,755//48,22,base_2;base_3;frontier_addition;inactive,5//1,875//48,0//1,875//48,1,complete-enumeration:32
689,L100,1//1,635//48,22,base_2;base_3;frontier_addition;inactive,5//1,875//48,0//1,875//48,1,complete-enumeration:32
689,L200,2//1,6767//768,18;20,base_2;frontier_addition;inactive|base_3;frontier_addition;inactive,3//1,11375//768,0//1,11375//768,2,complete-enumeration:32
689,L400,4//1,713//128,16,frontier_addition;inactive,1//1,1225//128,0//1,1225//128,1,complete-enumeration:32
690,L0,0//1,2275//192,17;19;21;23;25;27;29;31,base_1;frontier_addition;inactive|base_1;base_2;frontier_addition;inactive|base_1;base_3;frontier_addition;inactive|base_1;base_2;base_3;frontier_addition;inactive|base_1;closure_carrier;frontier_addition;inactive|base_1;base_2;closure_carrier;frontier_addition;inactive|base_1;base_3;closure_carrier;frontier_addition;inactive|base_1;base_2;base_3;closure_carrier;frontier_addition;inactive,3//1;5//1;6//1;7//1;8//1;10//1,2275//192,0//1,2275//192,8,complete-enumeration:32
690,L025,1//4,2131//192,17,base_1;frontier_addition;inactive,3//1,2275//192,0//1,2275//192,1,complete-enumeration:32
690,L050,1//2,3991//384,1,base_1;inactive,2//1,4375//384,0//1,4375//384,1,complete-enumeration:32
690,L100,1//1,3607//384,1,base_1;inactive,2//1,4375//384,0//1,4375//384,1,complete-enumeration:32
690,L200,2//1,969//128,16,frontier_addition;inactive,1//1,1225//128,0//1,1225//128,1,complete-enumeration:32
690,L400,4//1,713//128,16,frontier_addition;inactive,1//1,1225//128,0//1,1225//128,1,complete-enumeration:32
691,L0,0//1,7175//384,22;23;30;31,base_2;base_3;frontier_addition;inactive|base_1;base_2;base_3;frontier_addition;inactive|base_2;base_3;closure_carrier;frontier_addition;inactive|base_1;base_2;base_3;closure_carrier;frontier_addition;inactive,9//1;11//1;13//1;15//1,7175//384,0//1,7175//384,4,complete-enumeration:32
691,L025,1//4,6311//384,22,base_2;base_3;frontier_addition;inactive,9//1,7175//384,0//1,7175//384,1,complete-enumeration:32
691,L050,1//2,5447//384,22,base_2;base_3;frontier_addition;inactive,9//1,7175//384,0//1,7175//384,1,complete-enumeration:32
691,L100,1//1,1285//128,20,base_3;frontier_addition;inactive,5//1,1925//128,0//1,1925//128,1,complete-enumeration:32
691,L200,2//1,5639//768,16,frontier_addition;inactive,1//1,7175//768,0//1,7175//768,1,complete-enumeration:32
691,L400,4//1,4103//768,16,frontier_addition;inactive,1//1,7175//768,0//1,7175//768,1,complete-enumeration:32
692,L0,0//1,14507//768,29;31,base_1;base_3;closure_carrier;frontier_addition;inactive|base_1;base_2;base_3;closure_carrier;frontier_addition;inactive,12//1;16//1,875//48,169//256,14507//768,2,complete-enumeration:32
692,L025,1//4,767//48,21,base_1;base_3;frontier_addition;inactive,9//1,875//48,0//1,875//48,1,complete-enumeration:32
692,L050,1//2,659//48,21,base_1;base_3;frontier_addition;inactive,9//1,875//48,0//1,875//48,1,complete-enumeration:32
692,L100,1//1,115//12,20,base_3;frontier_addition;inactive,5//1,175//12,0//1,175//12,1,complete-enumeration:32
692,L200,2//1,969//128,16,frontier_addition;inactive,1//1,1225//128,0//1,1225//128,1,complete-enumeration:32
692,L400,4//1,713//128,16,frontier_addition;inactive,1//1,1225//128,0//1,1225//128,1,complete-enumeration:32
693,L0,0//1,1575//128,17;19;21;23;25;27;29;31,base_1;frontier_addition;inactive|base_1;base_2;frontier_addition;inactive|base_1;base_3;frontier_addition;inactive|base_1;base_2;base_3;frontier_addition;inactive|base_1;closure_carrier;frontier_addition;inactive|base_1;base_2;closure_carrier;frontier_addition;inactive|base_1;base_3;closure_carrier;frontier_addition;inactive|base_1;base_2;base_3;closure_carrier;frontier_addition;inactive,5//1;7//1;9//1;11//1;13//1;15//1,1575//128,0//1,1575//128,8,complete-enumeration:32
693,L025,1//4,1415//128,17,base_1;frontier_addition;inactive,5//1,1575//128,0//1,1575//128,1,complete-enumeration:32
693,L050,1//2,1255//128,17,base_1;frontier_addition;inactive,5//1,1575//128,0//1,1575//128,1,complete-enumeration:32
693,L100,1//1,6757//768,16,frontier_addition;inactive,1//1,7525//768,0//1,7525//768,1,complete-enumeration:32
693,L200,2//1,5989//768,16,frontier_addition;inactive,1//1,7525//768,0//1,7525//768,1,complete-enumeration:32
693,L400,4//1,4453//768,16,frontier_addition;inactive,1//1,7525//768,0//1,7525//768,1,complete-enumeration:32
694,L0,0//1,92299//4096,27;31,base_1;base_2;closure_carrier;frontier_addition;inactive|base_1;base_2;base_3;closure_carrier;frontier_addition;inactive,11//1;15//1,4725//256,16699//4096,92299//4096,2,complete-enumeration:32
694,L025,1//4,81035//4096,27,base_1;base_2;closure_carrier;frontier_addition;inactive,11//1,4725//256,16699//4096,92299//4096,1,complete-enumeration:32
694,L050,1//2,69771//4096,27,base_1;base_2;closure_carrier;frontier_addition;inactive,11//1,4725//256,16699//4096,92299//4096,1,complete-enumeration:32
694,L100,1//1,159191//12288,24,closure_carrier;frontier_addition;inactive,3//1,7175//768,27085//4096,196055//12288,1,complete-enumeration:32
694,L200,2//1,122327//12288,24,closure_carrier;frontier_addition;inactive,3//1,7175//768,27085//4096,196055//12288,1,complete-enumeration:32
694,L400,4//1,1251//256,16,frontier_addition;inactive,1//1,2275//256,0//1,2275//256,1,complete-enumeration:32
695,L0,0//1,277573//12288,30;31,base_2;base_3;closure_carrier;frontier_addition;inactive|base_1;base_2;base_3;closure_carrier;frontier_addition;inactive,11//1;15//1,7175//384,15991//4096,277573//12288,2,complete-enumeration:32
695,L025,1//4,243781//12288,30,base_2;base_3;closure_carrier;frontier_addition;inactive,11//1,7175//384,15991//4096,277573//12288,1,complete-enumeration:32
695,L050,1//2,209989//12288,30,base_2;base_3;closure_carrier;frontier_addition;inactive,11//1,7175//384,15991//4096,277573//12288,1,complete-enumeration:32
695,L100,1//1,325247//24576,24,closure_carrier;frontier_addition;inactive,3//1,875//96,58325//8192,398975//24576,1,complete-enumeration:32
695,L200,2//1,251519//24576,24,closure_carrier;frontier_addition;inactive,3//1,875//96,58325//8192,398975//24576,1,complete-enumeration:32
695,L400,4//1,63421//12288,8,closure_carrier;inactive,2//1,875//384,44575//4096,161725//12288,1,complete-enumeration:32
696,L0,0//1,97011//4096,30;31,base_2;base_3;closure_carrier;frontier_addition;inactive|base_1;base_2;base_3;closure_carrier;frontier_addition;inactive,8//1;10//1,2275//128,24211//4096,97011//4096,2,complete-enumeration:32
696,L025,1//4,88819//4096,30,base_2;base_3;closure_carrier;frontier_addition;inactive,8//1,2275//128,24211//4096,97011//4096,1,complete-enumeration:32
696,L050,1//2,80627//4096,30,base_2;base_3;closure_carrier;frontier_addition;inactive,8//1,2275//128,24211//4096,97011//4096,1,complete-enumeration:32
696,L100,1//1,64243//4096,30,base_2;base_3;closure_carrier;frontier_addition;inactive,8//1,2275//128,24211//4096,97011//4096,1,complete-enumeration:32
696,L200,2//1,483749//49152,24,closure_carrier;frontier_addition;inactive,4//1,7175//768,139255//16384,876965//49152,1,complete-enumeration:32
696,L400,4//1,4103//768,16,frontier_addition;inactive,1//1,7175//768,0//1,7175//768,1,complete-enumeration:32
697,L0,0//1,212633//12288,25;27;29;31,base_1;closure_carrier;frontier_addition;inactive|base_1;base_2;closure_carrier;frontier_addition;inactive|base_1;base_3;closure_carrier;frontier_addition;inactive|base_1;base_2;base_3;closure_carrier;frontier_addition;inactive,7//1;11//1;15//1,4375//384,24211//4096,212633//12288,4,complete-enumeration:32
697,L025,1//4,191129//12288,25,base_1;closure_carrier;frontier_addition;inactive,7//1,4375//384,24211//4096,212633//12288,1,complete-enumeration:32
697,L050,1//2,169625//12288,25,base_1;closure_carrier;frontier_addition;inactive,7//1,4375//384,24211//4096,212633//12288,1,complete-enumeration:32
697,L100,1//1,22845//2048,24,closure_carrier;frontier_addition;inactive,3//1,1225//128,9389//2048,28989//2048,1,complete-enumeration:32
697,L200,2//1,16701//2048,24,closure_carrier;frontier_addition;inactive,3//1,1225//128,9389//2048,28989//2048,1,complete-enumeration:32
697,L400,4//1,713//128,16,frontier_addition;inactive,1//1,1225//128,0//1,1225//128,1,complete-enumeration:32
698,L0,0//1,32823//2048,25;27;29;31,base_1;closure_carrier;frontier_addition;inactive|base_1;base_2;closure_carrier;frontier_addition;inactive|base_1;base_3;closure_carrier;frontier_addition;inactive|base_1;base_2;base_3;closure_carrier;frontier_addition;inactive,6//1;8//1;10//1,2975//256,9023//2048,32823//2048,4,complete-enumeration:32
698,L025,1//4,29751//2048,25,base_1;closure_carrier;frontier_addition;inactive,6//1,2975//256,9023//2048,32823//2048,1,complete-enumeration:32
698,L050,1//2,26679//2048,25,base_1;closure_carrier;frontier_addition;inactive,6//1,2975//256,9023//2048,32823//2048,1,complete-enumeration:32
698,L100,1//1,124355//12288,24,closure_carrier;frontier_addition;inactive,4//1,8225//768,13969//4096,173507//12288,1,complete-enumeration:32
698,L200,2//1,6689//768,16,frontier_addition;inactive,1//1,8225//768,0//1,8225//768,1,complete-enumeration:32
698,L400,4//1,5153//768,16,frontier_addition;inactive,1//1,8225//768,0//1,8225//768,1,complete-enumeration:32
699,L0,0//1,41839//3072,25;27;29;31,base_1;closure_carrier;frontier_addition;inactive|base_1;base_2;closure_carrier;frontier_addition;inactive|base_1;base_3;closure_carrier;frontier_addition;inactive|base_1;base_2;base_3;closure_carrier;frontier_addition;inactive,6//1;8//1;10//1,2275//192,1813//1024,41839//3072,4,complete-enumeration:32
699,L025,1//4,37231//3072,25,base_1;closure_carrier;frontier_addition;inactive,6//1,2275//192,1813//1024,41839//3072,1,complete-enumeration:32
699,L050,1//2,32623//3072,25,base_1;closure_carrier;frontier_addition;inactive,6//1,2275//192,1813//1024,41839//3072,1,complete-enumeration:32
699,L100,1//1,1699//192,17,base_1;frontier_addition;inactive,3//1,2275//192,0//1,2275//192,1,complete-enumeration:32
699,L200,2//1,969//128,16,frontier_addition;inactive,1//1,1225//128,0//1,1225//128,1,complete-enumeration:32
699,L400,4//1,713//128,16,frontier_addition;inactive,1//1,1225//128,0//1,1225//128,1,complete-enumeration:32
700,L0,0//1,1545//128,25;27;29;31,base_1;closure_carrier;frontier_addition;inactive|base_1;base_2;closure_carrier;frontier_addition;inactive|base_1;base_3;closure_carrier;frontier_addition;inactive|base_1;base_2;base_3;closure_carrier;frontier_addition;inactive,6//1;8//1;10//1,2975//256,115//256,1545//128,4,complete-enumeration:32
700,L025,1//4,2783//256,17,base_1;frontier_addition;inactive,3//1,2975//256,0//1,2975//256,1,complete-enumeration:32
700,L050,1//2,2591//256,17,base_1;frontier_addition;inactive,3//1,2975//256,0//1,2975//256,1,complete-enumeration:32
700,L100,1//1,2369//256,16,frontier_addition;inactive,1//1,2625//256,0//1,2625//256,1,complete-enumeration:32
700,L200,2//1,2113//256,16,frontier_addition;inactive,1//1,2625//256,0//1,2625//256,1,complete-enumeration:32
700,L400,4//1,1601//256,16,frontier_addition;inactive,1//1,2625//256,0//1,2625//256,1,complete-enumeration:32
701,L0,0//1,24439//1024,30;31,base_2;base_3;closure_carrier;frontier_addition;inactive|base_1;base_2;base_3;closure_carrier;frontier_addition;inactive,8//1;10//1,4725//256,5539//1024,24439//1024,2,complete-enumeration:32
701,L025,1//4,22391//1024,30,base_2;base_3;closure_carrier;frontier_addition;inactive,8//1,4725//256,5539//1024,24439//1024,1,complete-enumeration:32
701,L050,1//2,20343//1024,30,base_2;base_3;closure_carrier;frontier_addition;inactive,8//1,4725//256,5539//1024,24439//1024,1,complete-enumeration:32
701,L100,1//1,16247//1024,30,base_2;base_3;closure_carrier;frontier_addition;inactive,8//1,4725//256,5539//1024,24439//1024,1,complete-enumeration:32
701,L200,2//1,29849//3072,24,closure_carrier;frontier_addition;inactive,4//1,7175//768,8575//1024,54425//3072,1,complete-enumeration:32
701,L400,4//1,4103//768,16,frontier_addition;inactive,1//1,7175//768,0//1,7175//768,1,complete-enumeration:32
702,L0,0//1,2975//256,17;19;21;23;25;27;29;31,base_1;frontier_addition;inactive|base_1;base_2;frontier_addition;inactive|base_1;base_3;frontier_addition;inactive|base_1;base_2;base_3;frontier_addition;inactive|base_1;closure_carrier;frontier_addition;inactive|base_1;base_2;closure_carrier;frontier_addition;inactive|base_1;base_3;closure_carrier;frontier_addition;inactive|base_1;base_2;base_3;closure_carrier;frontier_addition;inactive,3//1;5//1;7//1;9//1,2975//256,0//1,2975//256,8,complete-enumeration:32
702,L025,1//4,2783//256,17,base_1;frontier_addition;inactive,3//1,2975//256,0//1,2975//256,1,complete-enumeration:32
702,L050,1//2,7807//768,1,base_1;inactive,2//1,8575//768,0//1,8575//768,1,complete-enumeration:32
702,L100,1//1,2369//256,16,frontier_addition;inactive,1//1,2625//256,0//1,2625//256,1,complete-enumeration:32
702,L200,2//1,2113//256,16,frontier_addition;inactive,1//1,2625//256,0//1,2625//256,1,complete-enumeration:32
702,L400,4//1,1601//256,16,frontier_addition;inactive,1//1,2625//256,0//1,2625//256,1,complete-enumeration:32
703,L0,0//1,720287//49152,25;27;29;31,base_1;closure_carrier;frontier_addition;inactive|base_1;base_2;closure_carrier;frontier_addition;inactive|base_1;base_3;closure_carrier;frontier_addition;inactive|base_1;base_2;base_3;closure_carrier;frontier_addition;inactive,6//1;8//1;10//1,9275//768,42229//16384,720287//49152,4,complete-enumeration:32
703,L025,1//4,646559//49152,25,base_1;closure_carrier;frontier_addition;inactive,6//1,9275//768,42229//16384,720287//49152,1,complete-enumeration:32
703,L050,1//2,572831//49152,25,base_1;closure_carrier;frontier_addition;inactive,6//1,9275//768,42229//16384,720287//49152,1,complete-enumeration:32
703,L100,1//1,6971//768,17,base_1;frontier_addition;inactive,3//1,9275//768,0//1,9275//768,1,complete-enumeration:32
703,L200,2//1,1541//192,16,frontier_addition;inactive,1//1,1925//192,0//1,1925//192,1,complete-enumeration:32
703,L400,4//1,1157//192,16,frontier_addition;inactive,1//1,1925//192,0//1,1925//192,1,complete-enumeration:32
704,L0,0//1,9769//768,25;27;29;31,base_1;closure_carrier;frontier_addition;inactive|base_1;base_2;closure_carrier;frontier_addition;inactive|base_1;base_3;closure_carrier;frontier_addition;inactive|base_1;base_2;base_3;closure_carrier;frontier_addition;inactive,5//1;7//1;9//1,2275//192,223//256,9769//768,4,complete-enumeration:32
704,L025,1//4,8809//768,25,base_1;closure_carrier;frontier_addition;inactive,5//1,2275//192,223//256,9769//768,1,complete-enumeration:32
704,L050,1//2,1987//192,17,base_1;frontier_addition;inactive,3//1,2275//192,0//1,2275//192,1,complete-enumeration:32
704,L100,1//1,143//16,1,base_1;inactive,2//1,175//16,0//1,175//16,1,complete-enumeration:32
704,L200,2//1,5639//768,16,frontier_addition;inactive,1//1,7175//768,0//1,7175//768,1,complete-enumeration:32
704,L400,4//1,4103//768,16,frontier_addition;inactive,1//1,7175//768,0//1,7175//768,1,complete-enumeration:32
705,L0,0//1,87481//4096,30;31,base_2;base_3;closure_carrier;frontier_addition;inactive|base_1;base_2;base_3;closure_carrier;frontier_addition;inactive,12//1;16//1,4725//256,11881//4096,87481//4096,2,complete-enumeration:32
705,L025,1//4,75193//4096,30,base_2;base_3;closure_carrier;frontier_addition;inactive,12//1,4725//256,11881//4096,87481//4096,1,complete-enumeration:32
705,L050,1//2,62905//4096,30,base_2;base_3;closure_carrier;frontier_addition;inactive,12//1,4725//256,11881//4096,87481//4096,1,complete-enumeration:32
705,L100,1//1,300947//24576,24,closure_carrier;frontier_addition;inactive,4//1,7525//768,52817//8192,399251//24576,1,complete-enumeration:32
705,L200,2//1,202643//24576,24,closure_carrier;frontier_addition;inactive,4//1,7525//768,52817//8192,399251//24576,1,complete-enumeration:32
705,L400,4//1,1251//256,16,frontier_addition;inactive,1//1,2275//256,0//1,2275//256,1,complete-enumeration:32
706,L0,0//1,1575//128,17;19;21;23;25;27;29;31,base_1;frontier_addition;inactive|base_1;base_2;frontier_addition;inactive|base_1;base_3;frontier_addition;inactive|base_1;base_2;base_3;frontier_addition;inactive|base_1;closure_carrier;frontier_addition;inactive|base_1;base_2;closure_carrier;frontier_addition;inactive|base_1;base_3;closure_carrier;frontier_addition;inactive|base_1;base_2;base_3;closure_carrier;frontier_addition;inactive,3//1;5//1;6//1;7//1;8//1;10//1,1575//128,0//1,1575//128,8,complete-enumeration:32
706,L025,1//4,1479//128,17,base_1;frontier_addition;inactive,3//1,1575//128,0//1,1575//128,1,complete-enumeration:32
706,L050,1//2,1383//128,17,base_1;frontier_addition;inactive,3//1,1575//128,0//1,1575//128,1,complete-enumeration:32
706,L100,1//1,1191//128,17,base_1;frontier_addition;inactive,3//1,1575//128,0//1,1575//128,1,complete-enumeration:32
706,L200,2//1,2113//256,16,frontier_addition;inactive,1//1,2625//256,0//1,2625//256,1,complete-enumeration:32
706,L400,4//1,1601//256,16,frontier_addition;inactive,1//1,2625//256,0//1,2625//256,1,complete-enumeration:32
707,L0,0//1,2975//256,17;19;21;23;25;27;29;31,base_1;frontier_addition;inactive|base_1;base_2;frontier_addition;inactive|base_1;base_3;frontier_addition;inactive|base_1;base_2;base_3;frontier_addition;inactive|base_1;closure_carrier;frontier_addition;inactive|base_1;base_2;closure_carrier;frontier_addition;inactive|base_1;base_3;closure_carrier;frontier_addition;inactive|base_1;base_2;base_3;closure_carrier;frontier_addition;inactive,3//1;5//1;6//1;7//1;8//1;10//1,2975//256,0//1,2975//256,8,complete-enumeration:32
707,L025,1//4,2783//256,17,base_1;frontier_addition;inactive,3//1,2975//256,0//1,2975//256,1,complete-enumeration:32
707,L050,1//2,2591//256,17,base_1;frontier_addition;inactive,3//1,2975//256,0//1,2975//256,1,complete-enumeration:32
707,L100,1//1,143//16,1,base_1;inactive,2//1,175//16,0//1,175//16,1,complete-enumeration:32
707,L200,2//1,5989//768,16,frontier_addition;inactive,1//1,7525//768,0//1,7525//768,1,complete-enumeration:32
707,L400,4//1,4453//768,16,frontier_addition;inactive,1//1,7525//768,0//1,7525//768,1,complete-enumeration:32
708,L0,0//1,2975//256,17;19;21;23;25;27;29;31,base_1;frontier_addition;inactive|base_1;base_2;frontier_addition;inactive|base_1;base_3;frontier_addition;inactive|base_1;base_2;base_3;frontier_addition;inactive|base_1;closure_carrier;frontier_addition;inactive|base_1;base_2;closure_carrier;frontier_addition;inactive|base_1;base_3;closure_carrier;frontier_addition;inactive|base_1;base_2;base_3;closure_carrier;frontier_addition;inactive,3//1;5//1;6//1;7//1;8//1;10//1,2975//256,0//1,2975//256,8,complete-enumeration:32
708,L025,1//4,2783//256,17,base_1;frontier_addition;inactive,3//1,2975//256,0//1,2975//256,1,complete-enumeration:32
708,L050,1//2,2591//256,17,base_1;frontier_addition;inactive,3//1,2975//256,0//1,2975//256,1,complete-enumeration:32
708,L100,1//1,2369//256,16,frontier_addition;inactive,1//1,2625//256,0//1,2625//256,1,complete-enumeration:32
708,L200,2//1,2113//256,16,frontier_addition;inactive,1//1,2625//256,0//1,2625//256,1,complete-enumeration:32
708,L400,4//1,1601//256,16,frontier_addition;inactive,1//1,2625//256,0//1,2625//256,1,complete-enumeration:32
709,L0,0//1,2275//128,19;23;27;31,base_1;base_2;frontier_addition;inactive|base_1;base_2;base_3;frontier_addition;inactive|base_1;base_2;closure_carrier;frontier_addition;inactive|base_1;base_2;base_3;closure_carrier;frontier_addition;inactive,5//1;7//1;9//1,2275//128,0//1,2275//128,4,complete-enumeration:32
709,L025,1//4,2115//128,19,base_1;base_2;frontier_addition;inactive,5//1,2275//128,0//1,2275//128,1,complete-enumeration:32
709,L050,1//2,1955//128,19,base_1;base_2;frontier_addition;inactive,5//1,2275//128,0//1,2275//128,1,complete-enumeration:32
709,L100,1//1,1635//128,19,base_1;base_2;frontier_addition;inactive,5//1,2275//128,0//1,2275//128,1,complete-enumeration:32
709,L200,2//1,103//12,17,base_1;frontier_addition;inactive,3//1,175//12,0//1,175//12,1,complete-enumeration:32
709,L400,4//1,1251//256,16,frontier_addition;inactive,1//1,2275//256,0//1,2275//256,1,complete-enumeration:32
710,L0,0//1,2275//192,17;19;21;23;25;27;29;31,base_1;frontier_addition;inactive|base_1;base_2;frontier_addition;inactive|base_1;base_3;frontier_addition;inactive|base_1;base_2;base_3;frontier_addition;inactive|base_1;closure_carrier;frontier_addition;inactive|base_1;base_2;closure_carrier;frontier_addition;inactive|base_1;base_3;closure_carrier;frontier_addition;inactive|base_1;base_2;base_3;closure_carrier;frontier_addition;inactive,5//1;7//1;9//1;11//1;13//1;15//1,2275//192,0//1,2275//192,8,complete-enumeration:32
710,L025,1//4,2035//192,17,base_1;frontier_addition;inactive,5//1,2275//192,0//1,2275//192,1,complete-enumeration:32
710,L050,1//2,1795//192,17,base_1;frontier_addition;inactive,5//1,2275//192,0//1,2275//192,1,complete-enumeration:32
710,L100,1//1,6757//768,16,frontier_addition;inactive,1//1,7525//768,0//1,7525//768,1,complete-enumeration:32
710,L200,2//1,5989//768,16,frontier_addition;inactive,1//1,7525//768,0//1,7525//768,1,complete-enumeration:32
710,L400,4//1,4453//768,16,frontier_addition;inactive,1//1,7525//768,0//1,7525//768,1,complete-enumeration:32
711,L0,0//1,2975//256,17;19;21;23;25;27;29;31,base_1;frontier_addition;inactive|base_1;base_2;frontier_addition;inactive|base_1;base_3;frontier_addition;inactive|base_1;base_2;base_3;frontier_addition;inactive|base_1;closure_carrier;frontier_addition;inactive|base_1;base_2;closure_carrier;frontier_addition;inactive|base_1;base_3;closure_carrier;frontier_addition;inactive|base_1;base_2;base_3;closure_carrier;frontier_addition;inactive,5//1;8//1;9//1;12//1;13//1;16//1,2975//256,0//1,2975//256,8,complete-enumeration:32
711,L025,1//4,2655//256,17,base_1;frontier_addition;inactive,5//1,2975//256,0//1,2975//256,1,complete-enumeration:32
711,L050,1//2,7141//768,16,frontier_addition;inactive,1//1,7525//768,0//1,7525//768,1,complete-enumeration:32
711,L100,1//1,6757//768,16,frontier_addition;inactive,1//1,7525//768,0//1,7525//768,1,complete-enumeration:32
711,L200,2//1,5989//768,16,frontier_addition;inactive,1//1,7525//768,0//1,7525//768,1,complete-enumeration:32
711,L400,4//1,4453//768,16,frontier_addition;inactive,1//1,7525//768,0//1,7525//768,1,complete-enumeration:32
712,L0,0//1,14065//768,30;31,base_2;base_3;closure_carrier;frontier_addition;inactive|base_1;base_2;base_3;closure_carrier;frontier_addition;inactive,7//1;9//1,13825//768,5//16,14065//768,2,complete-enumeration:32
712,L025,1//4,12865//768,22,base_2;base_3;frontier_addition;inactive,5//1,13825//768,0//1,13825//768,1,complete-enumeration:32
712,L050,1//2,11905//768,22,base_2;base_3;frontier_addition;inactive,5//1,13825//768,0//1,13825//768,1,complete-enumeration:32
712,L100,1//1,9985//768,22,base_2;base_3;frontier_addition;inactive,5//1,13825//768,0//1,13825//768,1,complete-enumeration:32
712,L200,2//1,103//12,18;20,base_2;frontier_addition;inactive|base_3;frontier_addition;inactive,3//1,175//12,0//1,175//12,2,complete-enumeration:32
712,L400,4//1,491//96,16,frontier_addition;inactive,1//1,875//96,0//1,875//96,1,complete-enumeration:32
713,L0,0//1,745091//49152,25;27;29;31,base_1;closure_carrier;frontier_addition;inactive|base_1;base_2;closure_carrier;frontier_addition;inactive|base_1;base_3;closure_carrier;frontier_addition;inactive|base_1;base_2;base_3;closure_carrier;frontier_addition;inactive,5//1;7//1;9//1,9275//768,50497//16384,745091//49152,4,complete-enumeration:32
713,L025,1//4,683651//49152,25,base_1;closure_carrier;frontier_addition;inactive,5//1,9275//768,50497//16384,745091//49152,1,complete-enumeration:32
713,L050,1//2,622211//49152,25,base_1;closure_carrier;frontier_addition;inactive,5//1,9275//768,50497//16384,745091//49152,1,complete-enumeration:32
713,L100,1//1,499331//49152,25,base_1;closure_carrier;frontier_addition;inactive,5//1,9275//768,50497//16384,745091//49152,1,complete-enumeration:32
713,L200,2//1,1541//192,16,frontier_addition;inactive,1//1,1925//192,0//1,1925//192,1,complete-enumeration:32
713,L400,4//1,1157//192,16,frontier_addition;inactive,1//1,1925//192,0//1,1925//192,1,complete-enumeration:32
714,L0,0//1,1575//128,17;19;21;23;25;27;29;31,base_1;frontier_addition;inactive|base_1;base_2;frontier_addition;inactive|base_1;base_3;frontier_addition;inactive|base_1;base_2;base_3;frontier_addition;inactive|base_1;closure_carrier;frontier_addition;inactive|base_1;base_2;closure_carrier;frontier_addition;inactive|base_1;base_3;closure_carrier;frontier_addition;inactive|base_1;base_2;base_3;closure_carrier;frontier_addition;inactive,5//1;8//1;9//1;12//1;13//1;16//1,1575//128,0//1,1575//128,8,complete-enumeration:32
714,L025,1//4,1415//128,17,base_1;frontier_addition;inactive,5//1,1575//128,0//1,1575//128,1,complete-enumeration:32
714,L050,1//2,1255//128,17,base_1;frontier_addition;inactive,5//1,1575//128,0//1,1575//128,1,complete-enumeration:32
714,L100,1//1,2369//256,16,frontier_addition;inactive,1//1,2625//256,0//1,2625//256,1,complete-enumeration:32
714,L200,2//1,2113//256,16,frontier_addition;inactive,1//1,2625//256,0//1,2625//256,1,complete-enumeration:32
714,L400,4//1,1601//256,16,frontier_addition;inactive,1//1,2625//256,0//1,2625//256,1,complete-enumeration:32
715,L0,0//1,9275//768,17;19;21;23;25;27;29;31,base_1;frontier_addition;inactive|base_1;base_2;frontier_addition;inactive|base_1;base_3;frontier_addition;inactive|base_1;base_2;base_3;frontier_addition;inactive|base_1;closure_carrier;frontier_addition;inactive|base_1;base_2;closure_carrier;frontier_addition;inactive|base_1;base_3;closure_carrier;frontier_addition;inactive|base_1;base_2;base_3;closure_carrier;frontier_addition;inactive,5//1;8//1;9//1;12//1;13//1;16//1,9275//768,0//1,9275//768,8,complete-enumeration:32
715,L025,1//4,8315//768,17,base_1;frontier_addition;inactive,5//1,9275//768,0//1,9275//768,1,complete-enumeration:32
715,L050,1//2,7355//768,17,base_1;frontier_addition;inactive,5//1,9275//768,0//1,9275//768,1,complete-enumeration:32
715,L100,1//1,1733//192,16,frontier_addition;inactive,1//1,1925//192,0//1,1925//192,1,complete-enumeration:32
715,L200,2//1,1541//192,16,frontier_addition;inactive,1//1,1925//192,0//1,1925//192,1,complete-enumeration:32
715,L400,4//1,1157//192,16,frontier_addition;inactive,1//1,1925//192,0//1,1925//192,1,complete-enumeration:32
716,L0,0//1,233//12,27;31,base_1;base_2;closure_carrier;frontier_addition;inactive|base_1;base_2;base_3;closure_carrier;frontier_addition;inactive,7//1;9//1,875//48,19//16,233//12,2,complete-enumeration:32
716,L025,1//4,53//3,27,base_1;base_2;closure_carrier;frontier_addition;inactive,7//1,875//48,19//16,233//12,1,complete-enumeration:32
716,L050,1//2,191//12,27,base_1;base_2;closure_carrier;frontier_addition;inactive,7//1,875//48,19//16,233//12,1,complete-enumeration:32
716,L100,1//1,635//48,19,base_1;base_2;frontier_addition;inactive,5//1,875//48,0//1,875//48,1,complete-enumeration:32
716,L200,2//1,6767//768,17,base_1;frontier_addition;inactive,3//1,11375//768,0//1,11375//768,1,complete-enumeration:32
716,L400,4//1,1251//256,16,frontier_addition;inactive,1//1,2275//256,0//1,2275//256,1,complete-enumeration:32
717,L0,0//1,2975//256,17;19;21;23;25;27;29;31,base_1;frontier_addition;inactive|base_1;base_2;frontier_addition;inactive|base_1;base_3;frontier_addition;inactive|base_1;base_2;base_3;frontier_addition;inactive|base_1;closure_carrier;frontier_addition;inactive|base_1;base_2;closure_carrier;frontier_addition;inactive|base_1;base_3;closure_carrier;frontier_addition;inactive|base_1;base_2;base_3;closure_carrier;frontier_addition;inactive,3//1;5//1;6//1;7//1;8//1;10//1,2975//256,0//1,2975//256,8,complete-enumeration:32
717,L025,1//4,2783//256,17,base_1;frontier_addition;inactive,3//1,2975//256,0//1,2975//256,1,complete-enumeration:32
717,L050,1//2,2591//256,17,base_1;frontier_addition;inactive,3//1,2975//256,0//1,2975//256,1,complete-enumeration:32
717,L100,1//1,143//16,1,base_1;inactive,2//1,175//16,0//1,175//16,1,complete-enumeration:32
717,L200,2//1,5989//768,16,frontier_addition;inactive,1//1,7525//768,0//1,7525//768,1,complete-enumeration:32
717,L400,4//1,4453//768,16,frontier_addition;inactive,1//1,7525//768,0//1,7525//768,1,complete-enumeration:32
718,L0,0//1,252049//16384,25;27;29;31,base_1;closure_carrier;frontier_addition;inactive|base_1;base_2;closure_carrier;frontier_addition;inactive|base_1;base_3;closure_carrier;frontier_addition;inactive|base_1;base_2;base_3;closure_carrier;frontier_addition;inactive,7//1;11//1;15//1,1575//128,50449//16384,252049//16384,4,complete-enumeration:32
718,L025,1//4,223377//16384,25,base_1;closure_carrier;frontier_addition;inactive,7//1,1575//128,50449//16384,252049//16384,1,complete-enumeration:32
718,L050,1//2,194705//16384,25,base_1;closure_carrier;frontier_addition;inactive,7//1,1575//128,50449//16384,252049//16384,1,complete-enumeration:32
718,L100,1//1,3641//384,16,frontier_addition;inactive,1//1,4025//384,0//1,4025//384,1,complete-enumeration:32
718,L200,2//1,3257//384,16,frontier_addition;inactive,1//1,4025//384,0//1,4025//384,1,complete-enumeration:32
718,L400,4//1,2489//384,16,frontier_addition;inactive,1//1,4025//384,0//1,4025//384,1,complete-enumeration:32
719,L0,0//1,5053//384,25;27;29;31,base_1;closure_carrier;frontier_addition;inactive|base_1;base_2;closure_carrier;frontier_addition;inactive|base_1;base_3;closure_carrier;frontier_addition;inactive|base_1;base_2;base_3;closure_carrier;frontier_addition;inactive,7//1;11//1;15//1,9275//768,277//256,5053//384,4,complete-enumeration:32
719,L025,1//4,4381//384,25,base_1;closure_carrier;frontier_addition;inactive,7//1,9275//768,277//256,5053//384,1,complete-enumeration:32
719,L050,1//2,3833//384,16,frontier_addition;inactive,1//1,4025//384,0//1,4025//384,1,complete-enumeration:32
719,L100,1//1,3641//384,16,frontier_addition;inactive,1//1,4025//384,0//1,4025//384,1,complete-enumeration:32
719,L200,2//1,3257//384,16,frontier_addition;inactive,1//1,4025//384,0//1,4025//384,1,complete-enumeration:32
719,L400,4//1,2489//384,16,frontier_addition;inactive,1//1,4025//384,0//1,4025//384,1,complete-enumeration:32
720,L0,0//1,13825//768,21;23;29;31,base_1;base_3;frontier_addition;inactive|base_1;base_2;base_3;frontier_addition;inactive|base_1;base_3;closure_carrier;frontier_addition;inactive|base_1;base_2;base_3;closure_carrier;frontier_addition;inactive,5//1;7//1;8//1;10//1,13825//768,0//1,13825//768,4,complete-enumeration:32
720,L025,1//4,12865//768,21,base_1;base_3;frontier_addition;inactive,5//1,13825//768,0//1,13825//768,1,complete-enumeration:32
720,L050,1//2,11905//768,21,base_1;base_3;frontier_addition;inactive,5//1,13825//768,0//1,13825//768,1,complete-enumeration:32
720,L100,1//1,9985//768,21,base_1;base_3;frontier_addition;inactive,5//1,13825//768,0//1,13825//768,1,complete-enumeration:32
720,L200,2//1,103//12,17;20,base_1;frontier_addition;inactive|base_3;frontier_addition;inactive,3//1,175//12,0//1,175//12,2,complete-enumeration:32
720,L400,4//1,713//128,16,frontier_addition;inactive,1//1,1225//128,0//1,1225//128,1,complete-enumeration:32
721,L0,0//1,39391//1536,29;31,base_1;base_3;closure_carrier;frontier_addition;inactive|base_1;base_2;base_3;closure_carrier;frontier_addition;inactive,7//1;9//1,875//48,3797//512,39391//1536,2,complete-enumeration:32
721,L025,1//4,36703//1536,29,base_1;base_3;closure_carrier;frontier_addition;inactive,7//1,875//48,3797//512,39391//1536,1,complete-enumeration:32
721,L050,1//2,34015//1536,29,base_1;base_3;closure_carrier;frontier_addition;inactive,7//1,875//48,3797//512,39391//1536,1,complete-enumeration:32
721,L100,1//1,28639//1536,29,base_1;base_3;closure_carrier;frontier_addition;inactive,7//1,875//48,3797//512,39391//1536,1,complete-enumeration:32
721,L200,2//1,627431//49152,24,closure_carrier;frontier_addition;inactive,3//1,7175//768,154381//16384,922343//49152,1,complete-enumeration:32
721,L400,4//1,378077//49152,8,closure_carrier;inactive,2//1,1925//768,216031//16384,771293//49152,1,complete-enumeration:32
722,L0,0//1,96409//4096,27;31,base_1;base_2;closure_carrier;frontier_addition;inactive|base_1;base_2;base_3;closure_carrier;frontier_addition;inactive,12//1;16//1,4725//256,20809//4096,96409//4096,2,complete-enumeration:32
722,L025,1//4,84121//4096,27,base_1;base_2;closure_carrier;frontier_addition;inactive,12//1,4725//256,20809//4096,96409//4096,1,complete-enumeration:32
722,L050,1//2,71833//4096,27,base_1;base_2;closure_carrier;frontier_addition;inactive,12//1,4725//256,20809//4096,96409//4096,1,complete-enumeration:32
722,L100,1//1,573865//49152,24,closure_carrier;frontier_addition;inactive,4//1,875//96,107491//16384,770473//49152,1,complete-enumeration:32
722,L200,2//1,377257//49152,24,closure_carrier;frontier_addition;inactive,4//1,875//96,107491//16384,770473//49152,1,complete-enumeration:32
722,L400,4//1,1251//256,16,frontier_addition;inactive,1//1,2275//256,0//1,2275//256,1,complete-enumeration:32
723,L0,0//1,2975//256,17;19;21;23;25;27;29;31,base_1;frontier_addition;inactive|base_1;base_2;frontier_addition;inactive|base_1;base_3;frontier_addition;inactive|base_1;base_2;base_3;frontier_addition;inactive|base_1;closure_carrier;frontier_addition;inactive|base_1;base_2;closure_carrier;frontier_addition;inactive|base_1;base_3;closure_carrier;frontier_addition;inactive|base_1;base_2;base_3;closure_carrier;frontier_addition;inactive,3//1;5//1;6//1;7//1;8//1;10//1,2975//256,0//1,2975//256,8,complete-enumeration:32
723,L025,1//4,2783//256,17,base_1;frontier_addition;inactive,3//1,2975//256,0//1,2975//256,1,complete-enumeration:32
723,L050,1//2,2591//256,17,base_1;frontier_addition;inactive,3//1,2975//256,0//1,2975//256,1,complete-enumeration:32
723,L100,1//1,6757//768,16,frontier_addition;inactive,1//1,7525//768,0//1,7525//768,1,complete-enumeration:32
723,L200,2//1,5989//768,16,frontier_addition;inactive,1//1,7525//768,0//1,7525//768,1,complete-enumeration:32
723,L400,4//1,4453//768,16,frontier_addition;inactive,1//1,7525//768,0//1,7525//768,1,complete-enumeration:32
724,L0,0//1,3225//256,25;27;29;31,base_1;closure_carrier;frontier_addition;inactive|base_1;base_2;closure_carrier;frontier_addition;inactive|base_1;base_3;closure_carrier;frontier_addition;inactive|base_1;base_2;base_3;closure_carrier;frontier_addition;inactive,5//1;7//1;9//1,2975//256,125//128,3225//256,4,complete-enumeration:32
724,L025,1//4,2905//256,25,base_1;closure_carrier;frontier_addition;inactive,5//1,2975//256,125//128,3225//256,1,complete-enumeration:32
724,L050,1//2,2591//256,17,base_1;frontier_addition;inactive,3//1,2975//256,0//1,2975//256,1,complete-enumeration:32
724,L100,1//1,1733//192,16,frontier_addition;inactive,1//1,1925//192,0//1,1925//192,1,complete-enumeration:32
724,L200,2//1,1541//192,16,frontier_addition;inactive,1//1,1925//192,0//1,1925//192,1,complete-enumeration:32
724,L400,4//1,1157//192,16,frontier_addition;inactive,1//1,1925//192,0//1,1925//192,1,complete-enumeration:32
725,L0,0//1,118703//6144,27;31,base_1;base_2;closure_carrier;frontier_addition;inactive|base_1;base_2;base_3;closure_carrier;frontier_addition;inactive,7//1;9//1,13825//768,2701//2048,118703//6144,2,complete-enumeration:32
725,L025,1//4,107951//6144,27,base_1;base_2;closure_carrier;frontier_addition;inactive,7//1,13825//768,2701//2048,118703//6144,1,complete-enumeration:32
725,L050,1//2,97199//6144,27,base_1;base_2;closure_carrier;frontier_addition;inactive,7//1,13825//768,2701//2048,118703//6144,1,complete-enumeration:32
725,L100,1//1,9985//768,19,base_1;base_2;frontier_addition;inactive,5//1,13825//768,0//1,13825//768,1,complete-enumeration:32
725,L200,2//1,6767//768,17,base_1;frontier_addition;inactive,3//1,11375//768,0//1,11375//768,1,complete-enumeration:32
725,L400,4//1,491//96,16,frontier_addition;inactive,1//1,875//96,0//1,875//96,1,complete-enumeration:32
726,L0,0//1,13825//768,22;23;30;31,base_2;base_3;frontier_addition;inactive|base_1;base_2;base_3;frontier_addition;inactive|base_2;base_3;closure_carrier;frontier_addition;inactive|base_1;base_2;base_3;closure_carrier;frontier_addition;inactive,9//1;12//1;13//1;16//1,13825//768,0//1,13825//768,4,complete-enumeration:32
726,L025,1//4,12097//768,22,base_2;base_3;frontier_addition;inactive,9//1,13825//768,0//1,13825//768,1,complete-enumeration:32
726,L050,1//2,10369//768,22,base_2;base_3;frontier_addition;inactive,9//1,13825//768,0//1,13825//768,1,complete-enumeration:32
726,L100,1//1,7535//768,18,base_2;frontier_addition;inactive,5//1,11375//768,0//1,11375//768,1,complete-enumeration:32
726,L200,2//1,5989//768,16,frontier_addition;inactive,1//1,7525//768,0//1,7525//768,1,complete-enumeration:32
726,L400,4//1,4453//768,16,frontier_addition;inactive,1//1,7525//768,0//1,7525//768,1,complete-enumeration:32
727,L0,0//1,875//48,19;23;27;31,base_1;base_2;frontier_addition;inactive|base_1;base_2;base_3;frontier_addition;inactive|base_1;base_2;closure_carrier;frontier_addition;inactive|base_1;base_2;base_3;closure_carrier;frontier_addition;inactive,5//1;7//1;9//1,875//48,0//1,875//48,4,complete-enumeration:32
727,L025,1//4,815//48,19,base_1;base_2;frontier_addition;inactive,5//1,875//48,0//1,875//48,1,complete-enumeration:32
727,L050,1//2,755//48,19,base_1;base_2;frontier_addition;inactive,5//1,875//48,0//1,875//48,1,complete-enumeration:32
727,L100,1//1,635//48,19,base_1;base_2;frontier_addition;inactive,5//1,875//48,0//1,875//48,1,complete-enumeration:32
727,L200,2//1,103//12,17,base_1;frontier_addition;inactive,3//1,175//12,0//1,175//12,1,complete-enumeration:32
727,L400,4//1,1251//256,16,frontier_addition;inactive,1//1,2275//256,0//1,2275//256,1,complete-enumeration:32
728,L0,0//1,302233//12288,29;31,base_1;base_3;closure_carrier;frontier_addition;inactive|base_1;base_2;base_3;closure_carrier;frontier_addition;inactive,11//1;15//1,7175//384,24211//4096,302233//12288,2,complete-enumeration:32
728,L025,1//4,268441//12288,29,base_1;base_3;closure_carrier;frontier_addition;inactive,11//1,7175//384,24211//4096,302233//12288,1,complete-enumeration:32
728,L050,1//2,234649//12288,29,base_1;base_3;closure_carrier;frontier_addition;inactive,11//1,7175//384,24211//4096,302233//12288,1,complete-enumeration:32
728,L100,1//1,63267//4096,24,closure_carrier;frontier_addition;inactive,3//1,1225//128,36355//4096,75555//4096,1,complete-enumeration:32
728,L200,2//1,50979//4096,24,closure_carrier;frontier_addition;inactive,3//1,1225//128,36355//4096,75555//4096,1,complete-enumeration:32
728,L400,4//1,23279//3072,8,closure_carrier;inactive,2//1,1225//384,12685//1024,47855//3072,1,complete-enumeration:32
729,L0,0//1,8575//768,17;19;21;23;25;27;29;31,base_1;frontier_addition;inactive|base_1;base_2;frontier_addition;inactive|base_1;base_3;frontier_addition;inactive|base_1;base_2;base_3;frontier_addition;inactive|base_1;closure_carrier;frontier_addition;inactive|base_1;base_2;closure_carrier;frontier_addition;inactive|base_1;base_3;closure_carrier;frontier_addition;inactive|base_1;base_2;base_3;closure_carrier;frontier_addition;inactive,3//1;5//1;7//1;9//1,8575//768,0//1,8575//768,8,complete-enumeration:32
729,L025,1//4,7999//768,17,base_1;frontier_addition;inactive,3//1,8575//768,0//1,8575//768,1,complete-enumeration:32
729,L050,1//2,7457//768,1,base_1;inactive,2//1,8225//768,0//1,8225//768,1,complete-enumeration:32
729,L100,1//1,6757//768,16,frontier_addition;inactive,1//1,7525//768,0//1,7525//768,1,complete-enumeration:32
729,L200,2//1,5989//768,16,frontier_addition;inactive,1//1,7525//768,0//1,7525//768,1,complete-enumeration:32
729,L400,4//1,4453//768,16,frontier_addition;inactive,1//1,7525//768,0//1,7525//768,1,complete-enumeration:32
730,L0,0//1,2975//256,17;19;21;23;25;27;29;31,base_1;frontier_addition;inactive|base_1;base_2;frontier_addition;inactive|base_1;base_3;frontier_addition;inactive|base_1;base_2;base_3;frontier_addition;inactive|base_1;closure_carrier;frontier_addition;inactive|base_1;base_2;closure_carrier;frontier_addition;inactive|base_1;base_3;closure_carrier;frontier_addition;inactive|base_1;base_2;base_3;closure_carrier;frontier_addition;inactive,3//1;5//1;7//1;9//1,2975//256,0//1,2975//256,8,complete-enumeration:32
730,L025,1//4,2783//256,17,base_1;frontier_addition;inactive,3//1,2975//256,0//1,2975//256,1,complete-enumeration:32
730,L050,1//2,2591//256,17,base_1;frontier_addition;inactive,3//1,2975//256,0//1,2975//256,1,complete-enumeration:32
730,L100,1//1,143//16,1,base_1;inactive,2//1,175//16,0//1,175//16,1,complete-enumeration:32
730,L200,2//1,5989//768,16,frontier_addition;inactive,1//1,7525//768,0//1,7525//768,1,complete-enumeration:32
730,L400,4//1,4453//768,16,frontier_addition;inactive,1//1,7525//768,0//1,7525//768,1,complete-enumeration:32
731,L0,0//1,950029//49152,29;31,base_1;base_3;closure_carrier;frontier_addition;inactive|base_1;base_2;base_3;closure_carrier;frontier_addition;inactive,8//1;10//1,13825//768,21743//16384,950029//49152,2,complete-enumeration:32
731,L025,1//4,851725//49152,29,base_1;base_3;closure_carrier;frontier_addition;inactive,8//1,13825//768,21743//16384,950029//49152,1,complete-enumeration:32
731,L050,1//2,11905//768,21,base_1;base_3;frontier_addition;inactive,5//1,13825//768,0//1,13825//768,1,complete-enumeration:32
731,L100,1//1,9985//768,21,base_1;base_3;frontier_addition;inactive,5//1,13825//768,0//1,13825//768,1,complete-enumeration:32
731,L200,2//1,6767//768,17,base_1;frontier_addition;inactive,3//1,11375//768,0//1,11375//768,1,complete-enumeration:32
731,L400,4//1,713//128,16,frontier_addition;inactive,1//1,1225//128,0//1,1225//128,1,complete-enumeration:32
732,L0,0//1,1751//96,27;31,base_1;base_2;closure_carrier;frontier_addition;inactive|base_1;base_2;base_3;closure_carrier;frontier_addition;inactive,11//1;15//1,13825//768,61//256,1751//96,2,complete-enumeration:32
732,L025,1//4,12097//768,19,base_1;base_2;frontier_addition;inactive,9//1,13825//768,0//1,13825//768,1,complete-enumeration:32
732,L050,1//2,10369//768,19,base_1;base_2;frontier_addition;inactive,9//1,13825//768,0//1,13825//768,1,complete-enumeration:32
732,L100,1//1,7535//768,18,base_2;frontier_addition;inactive,5//1,11375//768,0//1,11375//768,1,complete-enumeration:32
732,L200,2//1,1763//256,16,frontier_addition;inactive,1//1,2275//256,0//1,2275//256,1,complete-enumeration:32
732,L400,4//1,1251//256,16,frontier_addition;inactive,1//1,2275//256,0//1,2275//256,1,complete-enumeration:32
733,L0,0//1,49483//3072,25;27;29;31,base_1;closure_carrier;frontier_addition;inactive|base_1;base_2;closure_carrier;frontier_addition;inactive|base_1;base_3;closure_carrier;frontier_addition;inactive|base_1;base_2;base_3;closure_carrier;frontier_addition;inactive,8//1;12//1;16//1,9625//768,3661//1024,49483//3072,4,complete-enumeration:32
733,L025,1//4,43339//3072,25,base_1;closure_carrier;frontier_addition;inactive,8//1,9625//768,3661//1024,49483//3072,1,complete-enumeration:32
733,L050,1//2,37195//3072,25,base_1;closure_carrier;frontier_addition;inactive,8//1,9625//768,3661//1024,49483//3072,1,complete-enumeration:32
733,L100,1//1,1733//192,16,frontier_addition;inactive,1//1,1925//192,0//1,1925//192,1,complete-enumeration:32
733,L200,2//1,1541//192,16,frontier_addition;inactive,1//1,1925//192,0//1,1925//192,1,complete-enumeration:32
733,L400,4//1,1157//192,16,frontier_addition;inactive,1//1,1925//192,0//1,1925//192,1,complete-enumeration:32
734,L0,0//1,4725//256,19;23;27;31,base_1;base_2;frontier_addition;inactive|base_1;base_2;base_3;frontier_addition;inactive|base_1;base_2;closure_carrier;frontier_addition;inactive|base_1;base_2;base_3;closure_carrier;frontier_addition;inactive,5//1;7//1;9//1,4725//256,0//1,4725//256,4,complete-enumeration:32
734,L025,1//4,4405//256,19,base_1;base_2;frontier_addition;inactive,5//1,4725//256,0//1,4725//256,1,complete-enumeration:32
734,L050,1//2,4085//256,19,base_1;base_2;frontier_addition;inactive,5//1,4725//256,0//1,4725//256,1,complete-enumeration:32
734,L100,1//1,3445//256,19,base_1;base_2;frontier_addition;inactive,5//1,4725//256,0//1,4725//256,1,complete-enumeration:32
734,L200,2//1,103//12,18,base_2;frontier_addition;inactive,3//1,175//12,0//1,175//12,1,complete-enumeration:32
734,L400,4//1,713//128,16,frontier_addition;inactive,1//1,1225//128,0//1,1225//128,1,complete-enumeration:32
735,L0,0//1,7247//384,29;31,base_1;base_3;closure_carrier;frontier_addition;inactive|base_1;base_2;base_3;closure_carrier;frontier_addition;inactive,7//1;9//1,13825//768,223//256,7247//384,2,complete-enumeration:32
735,L025,1//4,6575//384,29,base_1;base_3;closure_carrier;frontier_addition;inactive,7//1,13825//768,223//256,7247//384,1,complete-enumeration:32
735,L050,1//2,11905//768,21,base_1;base_3;frontier_addition;inactive,5//1,13825//768,0//1,13825//768,1,complete-enumeration:32
735,L100,1//1,9985//768,21,base_1;base_3;frontier_addition;inactive,5//1,13825//768,0//1,13825//768,1,complete-enumeration:32
735,L200,2//1,103//12,20,base_3;frontier_addition;inactive,3//1,175//12,0//1,175//12,1,complete-enumeration:32
735,L400,4//1,491//96,16,frontier_addition;inactive,1//1,875//96,0//1,875//96,1,complete-enumeration:32
736,L0,0//1,14831//768,29;31,base_1;base_3;closure_carrier;frontier_addition;inactive|base_1;base_2;base_3;closure_carrier;frontier_addition;inactive,8//1;10//1,875//48,277//256,14831//768,2,complete-enumeration:32
736,L025,1//4,13295//768,29,base_1;base_3;closure_carrier;frontier_addition;inactive,8//1,875//48,277//256,14831//768,1,complete-enumeration:32
736,L050,1//2,755//48,21,base_1;base_3;frontier_addition;inactive,5//1,875//48,0//1,875//48,1,complete-enumeration:32
736,L100,1//1,635//48,21,base_1;base_3;frontier_addition;inactive,5//1,875//48,0//1,875//48,1,complete-enumeration:32
736,L200,2//1,6767//768,17,base_1;frontier_addition;inactive,3//1,11375//768,0//1,11375//768,1,complete-enumeration:32
736,L400,4//1,1251//256,16,frontier_addition;inactive,1//1,2275//256,0//1,2275//256,1,complete-enumeration:32
737,L0,0//1,160181//8192,29;31,base_1;base_3;closure_carrier;frontier_addition;inactive|base_1;base_2;base_3;closure_carrier;frontier_addition;inactive,11//1;15//1,4725//256,8981//8192,160181//8192,2,complete-enumeration:32
737,L025,1//4,137653//8192,29,base_1;base_3;closure_carrier;frontier_addition;inactive,11//1,4725//256,8981//8192,160181//8192,1,complete-enumeration:32
737,L050,1//2,115125//8192,29,base_1;base_3;closure_carrier;frontier_addition;inactive,11//1,4725//256,8981//8192,160181//8192,1,complete-enumeration:32
737,L100,1//1,7535//768,20,base_3;frontier_addition;inactive,5//1,11375//768,0//1,11375//768,1,complete-enumeration:32
737,L200,2//1,969//128,16,frontier_addition;inactive,1//1,1225//128,0//1,1225//128,1,complete-enumeration:32
737,L400,4//1,713//128,16,frontier_addition;inactive,1//1,1225//128,0//1,1225//128,1,complete-enumeration:32
738,L0,0//1,4725//256,22;23;30;31,base_2;base_3;frontier_addition;inactive|base_1;base_2;base_3;frontier_addition;inactive|base_2;base_3;closure_carrier;frontier_addition;inactive|base_1;base_2;base_3;closure_carrier;frontier_addition;inactive,5//1;7//1;8//1;10//1,4725//256,0//1,4725//256,4,complete-enumeration:32
738,L025,1//4,4405//256,22,base_2;base_3;frontier_addition;inactive,5//1,4725//256,0//1,4725//256,1,complete-enumeration:32
738,L050,1//2,4085//256,22,base_2;base_3;frontier_addition;inactive,5//1,4725//256,0//1,4725//256,1,complete-enumeration:32
738,L100,1//1,3445//256,22,base_2;base_3;frontier_addition;inactive,5//1,4725//256,0//1,4725//256,1,complete-enumeration:32
738,L200,2//1,6767//768,20,base_3;frontier_addition;inactive,3//1,11375//768,0//1,11375//768,1,complete-enumeration:32
738,L400,4//1,1251//256,16,frontier_addition;inactive,1//1,2275//256,0//1,2275//256,1,complete-enumeration:32
739,L0,0//1,2275//128,22;23;30;31,base_2;base_3;frontier_addition;inactive|base_1;base_2;base_3;frontier_addition;inactive|base_2;base_3;closure_carrier;frontier_addition;inactive|base_1;base_2;base_3;closure_carrier;frontier_addition;inactive,5//1;7//1;8//1;10//1,2275//128,0//1,2275//128,4,complete-enumeration:32
739,L025,1//4,2115//128,22,base_2;base_3;frontier_addition;inactive,5//1,2275//128,0//1,2275//128,1,complete-enumeration:32
739,L050,1//2,1955//128,22,base_2;base_3;frontier_addition;inactive,5//1,2275//128,0//1,2275//128,1,complete-enumeration:32
739,L100,1//1,1635//128,22,base_2;base_3;frontier_addition;inactive,5//1,2275//128,0//1,2275//128,1,complete-enumeration:32
739,L200,2//1,2139//256,18,base_2;frontier_addition;inactive,3//1,3675//256,0//1,3675//256,1,complete-enumeration:32
739,L400,4//1,1251//256,16,frontier_addition;inactive,1//1,2275//256,0//1,2275//256,1,complete-enumeration:32
740,L0,0//1,1599//128,25;27;29;31,base_1;closure_carrier;frontier_addition;inactive|base_1;base_2;closure_carrier;frontier_addition;inactive|base_1;base_3;closure_carrier;frontier_addition;inactive|base_1;base_2;base_3;closure_carrier;frontier_addition;inactive,8//1;12//1;16//1,2975//256,223//256,1599//128,4,complete-enumeration:32
740,L025,1//4,1343//128,25,base_1;closure_carrier;frontier_addition;inactive,8//1,2975//256,223//256,1599//128,1,complete-enumeration:32
740,L050,1//2,3833//384,16,frontier_addition;inactive,1//1,4025//384,0//1,4025//384,1,complete-enumeration:32
740,L100,1//1,3641//384,16,frontier_addition;inactive,1//1,4025//384,0//1,4025//384,1,complete-enumeration:32
740,L200,2//1,3257//384,16,frontier_addition;inactive,1//1,4025//384,0//1,4025//384,1,complete-enumeration:32
740,L400,4//1,2489//384,16,frontier_addition;inactive,1//1,4025//384,0//1,4025//384,1,complete-enumeration:32
741,L0,0//1,13475//768,21;23;29;31,base_1;base_3;frontier_addition;inactive|base_1;base_2;base_3;frontier_addition;inactive|base_1;base_3;closure_carrier;frontier_addition;inactive|base_1;base_2;base_3;closure_carrier;frontier_addition;inactive,5//1;7//1;8//1;10//1,13475//768,0//1,13475//768,4,complete-enumeration:32
741,L025,1//4,12515//768,21,base_1;base_3;frontier_addition;inactive,5//1,13475//768,0//1,13475//768,1,complete-enumeration:32
741,L050,1//2,11555//768,21,base_1;base_3;frontier_addition;inactive,5//1,13475//768,0//1,13475//768,1,complete-enumeration:32
741,L100,1//1,9635//768,21,base_1;base_3;frontier_addition;inactive,5//1,13475//768,0//1,13475//768,1,complete-enumeration:32
741,L200,2//1,2139//256,17;20,base_1;frontier_addition;inactive|base_3;frontier_addition;inactive,3//1,3675//256,0//1,3675//256,2,complete-enumeration:32
741,L400,4//1,1789//384,16,frontier_addition;inactive,1//1,3325//384,0//1,3325//384,1,complete-enumeration:32
742,L0,0//1,4725//256,21;23;29;31,base_1;base_3;frontier_addition;inactive|base_1;base_2;base_3;frontier_addition;inactive|base_1;base_3;closure_carrier;frontier_addition;inactive|base_1;base_2;base_3;closure_carrier;frontier_addition;inactive,9//1;12//1;13//1;16//1,4725//256,0//1,4725//256,4,complete-enumeration:32
742,L025,1//4,4149//256,21,base_1;base_3;frontier_addition;inactive,9//1,4725//256,0//1,4725//256,1,complete-enumeration:32
742,L050,1//2,3573//256,21,base_1;base_3;frontier_addition;inactive,9//1,4725//256,0//1,4725//256,1,complete-enumeration:32
742,L100,1//1,7535//768,17,base_1;frontier_addition;inactive,5//1,11375//768,0//1,11375//768,1,complete-enumeration:32
742,L200,2//1,683//96,16,frontier_addition;inactive,1//1,875//96,0//1,875//96,1,complete-enumeration:32
742,L400,4//1,491//96,16,frontier_addition;inactive,1//1,875//96,0//1,875//96,1,complete-enumeration:32
743,L0,0//1,158981//12288,25;27;29;31,base_1;closure_carrier;frontier_addition;inactive|base_1;base_2;closure_carrier;frontier_addition;inactive|base_1;base_3;closure_carrier;frontier_addition;inactive|base_1;base_2;base_3;closure_carrier;frontier_addition;inactive,5//1;7//1;9//1,4375//384,6327//4096,158981//12288,4,complete-enumeration:32
743,L025,1//4,143621//12288,25,base_1;closure_carrier;frontier_addition;inactive,5//1,4375//384,6327//4096,158981//12288,1,complete-enumeration:32
743,L050,1//2,128261//12288,25,base_1;closure_carrier;frontier_addition;inactive,5//1,4375//384,6327//4096,158981//12288,1,complete-enumeration:32
743,L100,1//1,1733//192,16,frontier_addition;inactive,1//1,1925//192,0//1,1925//192,1,complete-enumeration:32
743,L200,2//1,1541//192,16,frontier_addition;inactive,1//1,1925//192,0//1,1925//192,1,complete-enumeration:32
743,L400,4//1,1157//192,16,frontier_addition;inactive,1//1,1925//192,0//1,1925//192,1,complete-enumeration:32
744,L0,0//1,318143//24576,25;27;29;31,base_1;closure_carrier;frontier_addition;inactive|base_1;base_2;closure_carrier;frontier_addition;inactive|base_1;base_3;closure_carrier;frontier_addition;inactive|base_1;base_2;base_3;closure_carrier;frontier_addition;inactive,5//1;7//1;9//1,2275//192,8981//8192,318143//24576,4,complete-enumeration:32
744,L025,1//4,287423//24576,25,base_1;closure_carrier;frontier_addition;inactive,5//1,2275//192,8981//8192,318143//24576,1,complete-enumeration:32
744,L050,1//2,256703//24576,25,base_1;closure_carrier;frontier_addition;inactive,5//1,2275//192,8981//8192,318143//24576,1,complete-enumeration:32
744,L100,1//1,3607//384,1,base_1;inactive,2//1,4375//384,0//1,4375//384,1,complete-enumeration:32
744,L200,2//1,2113//256,16,frontier_addition;inactive,1//1,2625//256,0//1,2625//256,1,complete-enumeration:32
744,L400,4//1,1601//256,16,frontier_addition;inactive,1//1,2625//256,0//1,2625//256,1,complete-enumeration:32
745,L0,0//1,187297//12288,25;27;29;31,base_1;closure_carrier;frontier_addition;inactive|base_1;base_2;closure_carrier;frontier_addition;inactive|base_1;base_3;closure_carrier;frontier_addition;inactive|base_1;base_2;base_3;closure_carrier;frontier_addition;inactive,7//1;11//1;15//1,8575//768,16699//4096,187297//12288,4,complete-enumeration:32
745,L025,1//4,165793//12288,25,base_1;closure_carrier;frontier_addition;inactive,7//1,8575//768,16699//4096,187297//12288,1,complete-enumeration:32
745,L050,1//2,144289//12288,25,base_1;closure_carrier;frontier_addition;inactive,7//1,8575//768,16699//4096,187297//12288,1,complete-enumeration:32
745,L100,1//1,1733//192,16,frontier_addition;inactive,1//1,1925//192,0//1,1925//192,1,complete-enumeration:32
745,L200,2//1,1541//192,16,frontier_addition;inactive,1//1,1925//192,0//1,1925//192,1,complete-enumeration:32
745,L400,4//1,1157//192,16,frontier_addition;inactive,1//1,1925//192,0//1,1925//192,1,complete-enumeration:32
746,L0,0//1,4773//256,30;31,base_2;base_3;closure_carrier;frontier_addition;inactive|base_1;base_2;base_3;closure_carrier;frontier_addition;inactive,12//1;16//1,2275//128,223//256,4773//256,2,complete-enumeration:32
746,L025,1//4,4005//256,30,base_2;base_3;closure_carrier;frontier_addition;inactive,12//1,2275//128,223//256,4773//256,1,complete-enumeration:32
746,L050,1//2,1699//128,22,base_2;base_3;frontier_addition;inactive,9//1,2275//128,0//1,2275//128,1,complete-enumeration:32
746,L100,1//1,2395//256,18,base_2;frontier_addition;inactive,5//1,3675//256,0//1,3675//256,1,complete-enumeration:32
746,L200,2//1,2557//384,16,frontier_addition;inactive,1//1,3325//384,0//1,3325//384,1,complete-enumeration:32
746,L400,4//1,1789//384,16,frontier_addition;inactive,1//1,3325//384,0//1,3325//384,1,complete-enumeration:32
747,L0,0//1,13825//768,22;23;30;31,base_2;base_3;frontier_addition;inactive|base_1;base_2;base_3;frontier_addition;inactive|base_2;base_3;closure_carrier;frontier_addition;inactive|base_1;base_2;base_3;closure_carrier;frontier_addition;inactive,9//1;12//1;13//1;16//1,13825//768,0//1,13825//768,4,complete-enumeration:32
747,L025,1//4,12097//768,22,base_2;base_3;frontier_addition;inactive,9//1,13825//768,0//1,13825//768,1,complete-enumeration:32
747,L050,1//2,10369//768,22,base_2;base_3;frontier_addition;inactive,9//1,13825//768,0//1,13825//768,1,complete-enumeration:32
747,L100,1//1,7535//768,18,base_2;frontier_addition;inactive,5//1,11375//768,0//1,11375//768,1,complete-enumeration:32
747,L200,2//1,1763//256,16,frontier_addition;inactive,1//1,2275//256,0//1,2275//256,1,complete-enumeration:32
747,L400,4//1,1251//256,16,frontier_addition;inactive,1//1,2275//256,0//1,2275//256,1,complete-enumeration:32
748,L0,0//1,2275//128,21;23;29;31,base_1;base_3;frontier_addition;inactive|base_1;base_2;base_3;frontier_addition;inactive|base_1;base_3;closure_carrier;frontier_addition;inactive|base_1;base_2;base_3;closure_carrier;frontier_addition;inactive,5//1;7//1;8//1;10//1,2275//128,0//1,2275//128,4,complete-enumeration:32
748,L025,1//4,2115//128,21,base_1;base_3;frontier_addition;inactive,5//1,2275//128,0//1,2275//128,1,complete-enumeration:32
748,L050,1//2,1955//128,21,base_1;base_3;frontier_addition;inactive,5//1,2275//128,0//1,2275//128,1,complete-enumeration:32
748,L100,1//1,1635//128,21,base_1;base_3;frontier_addition;inactive,5//1,2275//128,0//1,2275//128,1,complete-enumeration:32
748,L200,2//1,3121//384,17;20,base_1;frontier_addition;inactive|base_3;frontier_addition;inactive,3//1,5425//384,0//1,5425//384,2,complete-enumeration:32
748,L400,4//1,3403//768,16,frontier_addition;inactive,1//1,6475//768,0//1,6475//768,1,complete-enumeration:32
749,L0,0//1,77467//4096,29;31,base_1;base_3;closure_carrier;frontier_addition;inactive|base_1;base_2;base_3;closure_carrier;frontier_addition;inactive,12//1;16//1,14525//768,1//12288,77467//4096,2,complete-enumeration:32
749,L025,1//4,12797//768,21,base_1;base_3;frontier_addition;inactive,9//1,14525//768,0//1,14525//768,1,complete-enumeration:32
749,L050,1//2,11069//768,21,base_1;base_3;frontier_addition;inactive,9//1,14525//768,0//1,14525//768,1,complete-enumeration:32
749,L100,1//1,7885//768,17,base_1;frontier_addition;inactive,5//1,11725//768,0//1,11725//768,1,complete-enumeration:32
749,L200,2//1,683//96,16,frontier_addition;inactive,1//1,875//96,0//1,875//96,1,complete-enumeration:32
749,L400,4//1,491//96,16,frontier_addition;inactive,1//1,875//96,0//1,875//96,1,complete-enumeration:32
750,L0,0//1,46157//2048,27;31,base_1;base_2;closure_carrier;frontier_addition;inactive|base_1;base_2;base_3;closure_carrier;frontier_addition;inactive,12//1;16//1,4725//256,8357//2048,46157//2048,2,complete-enumeration:32
750,L025,1//4,40013//2048,27,base_1;base_2;closure_carrier;frontier_addition;inactive,12//1,4725//256,8357//2048,46157//2048,1,complete-enumeration:32
750,L050,1//2,33869//2048,27,base_1;base_2;closure_carrier;frontier_addition;inactive,12//1,4725//256,8357//2048,46157//2048,1,complete-enumeration:32
750,L100,1//1,736523//65536,24,closure_carrier;frontier_addition;inactive,4//1,1225//128,371467//65536,998667//65536,1,complete-enumeration:32
750,L200,2//1,969//128,16,frontier_addition;inactive,1//1,1225//128,0//1,1225//128,1,complete-enumeration:32
750,L400,4//1,713//128,16,frontier_addition;inactive,1//1,1225//128,0//1,1225//128,1,complete-enumeration:32
751,L0,0//1,153135//8192,27;31,base_1;base_2;closure_carrier;frontier_addition;inactive|base_1;base_2;base_3;closure_carrier;frontier_addition;inactive,7//1;9//1,7175//384,205//24576,153135//8192,2,complete-enumeration:32
751,L025,1//4,6695//384,19,base_1;base_2;frontier_addition;inactive,5//1,7175//384,0//1,7175//384,1,complete-enumeration:32
751,L050,1//2,6215//384,19,base_1;base_2;frontier_addition;inactive,5//1,7175//384,0//1,7175//384,1,complete-enumeration:32
751,L100,1//1,5255//384,19,base_1;base_2;frontier_addition;inactive,5//1,7175//384,0//1,7175//384,1,complete-enumeration:32
751,L200,2//1,1157//128,17,base_1;frontier_addition;inactive,3//1,1925//128,0//1,1925//128,1,complete-enumeration:32
751,L400,4//1,491//96,16,frontier_addition;inactive,1//1,875//96,0//1,875//96,1,complete-enumeration:32
752,L0,0//1,2975//256,17;19;21;23;25;27;29;31,base_1;frontier_addition;inactive|base_1;base_2;frontier_addition;inactive|base_1;base_3;frontier_addition;inactive|base_1;base_2;base_3;frontier_addition;inactive|base_1;closure_carrier;frontier_addition;inactive|base_1;base_2;closure_carrier;frontier_addition;inactive|base_1;base_3;closure_carrier;frontier_addition;inactive|base_1;base_2;base_3;closure_carrier;frontier_addition;inactive,5//1;7//1;9//1;11//1;13//1;15//1,2975//256,0//1,2975//256,8,complete-enumeration:32
752,L025,1//4,2655//256,17,base_1;frontier_addition;inactive,5//1,2975//256,0//1,2975//256,1,complete-enumeration:32
752,L050,1//2,1829//192,16,frontier_addition;inactive,1//1,1925//192,0//1,1925//192,1,complete-enumeration:32
752,L100,1//1,1733//192,16,frontier_addition;inactive,1//1,1925//192,0//1,1925//192,1,complete-enumeration:32
752,L200,2//1,1541//192,16,frontier_addition;inactive,1//1,1925//192,0//1,1925//192,1,complete-enumeration:32
752,L400,4//1,1157//192,16,frontier_addition;inactive,1//1,1925//192,0//1,1925//192,1,complete-enumeration:32
753,L0,0//1,2975//256,17;19;21;23;25;27;29;31,base_1;frontier_addition;inactive|base_1;base_2;frontier_addition;inactive|base_1;base_3;frontier_addition;inactive|base_1;base_2;base_3;frontier_addition;inactive|base_1;closure_carrier;frontier_addition;inactive|base_1;base_2;closure_carrier;frontier_addition;inactive|base_1;base_3;closure_carrier;frontier_addition;inactive|base_1;base_2;base_3;closure_carrier;frontier_addition;inactive,3//1;5//1;7//1;9//1,2975//256,0//1,2975//256,8,complete-enumeration:32
753,L025,1//4,2783//256,17,base_1;frontier_addition;inactive,3//1,2975//256,0//1,2975//256,1,complete-enumeration:32
753,L050,1//2,2591//256,17,base_1;frontier_addition;inactive,3//1,2975//256,0//1,2975//256,1,complete-enumeration:32
753,L100,1//1,1733//192,16,frontier_addition;inactive,1//1,1925//192,0//1,1925//192,1,complete-enumeration:32
753,L200,2//1,1541//192,16,frontier_addition;inactive,1//1,1925//192,0//1,1925//192,1,complete-enumeration:32
753,L400,4//1,1157//192,16,frontier_addition;inactive,1//1,1925//192,0//1,1925//192,1,complete-enumeration:32
754,L0,0//1,38333//2048,25;27;29;31,base_1;closure_carrier;frontier_addition;inactive|base_1;base_2;closure_carrier;frontier_addition;inactive|base_1;base_3;closure_carrier;frontier_addition;inactive|base_1;base_2;base_3;closure_carrier;frontier_addition;inactive,7//1;11//1;15//1,1575//128,13133//2048,38333//2048,4,complete-enumeration:32
754,L025,1//4,34749//2048,25,base_1;closure_carrier;frontier_addition;inactive,7//1,1575//128,13133//2048,38333//2048,1,complete-enumeration:32
754,L050,1//2,31165//2048,25,base_1;closure_carrier;frontier_addition;inactive,7//1,1575//128,13133//2048,38333//2048,1,complete-enumeration:32
754,L100,1//1,208783//16384,24,closure_carrier;frontier_addition;inactive,3//1,2625//256,89935//16384,257935//16384,1,complete-enumeration:32
754,L200,2//1,159631//16384,24,closure_carrier;frontier_addition;inactive,3//1,2625//256,89935//16384,257935//16384,1,complete-enumeration:32
754,L400,4//1,1601//256,16,frontier_addition;inactive,1//1,2625//256,0//1,2625//256,1,complete-enumeration:32
755,L0,0//1,13825//768,21;23;29;31,base_1;base_3;frontier_addition;inactive|base_1;base_2;base_3;frontier_addition;inactive|base_1;base_3;closure_carrier;frontier_addition;inactive|base_1;base_2;base_3;closure_carrier;frontier_addition;inactive,5//1;7//1;9//1,13825//768,0//1,13825//768,4,complete-enumeration:32
755,L025,1//4,12865//768,21,base_1;base_3;frontier_addition;inactive,5//1,13825//768,0//1,13825//768,1,complete-enumeration:32
755,L050,1//2,11905//768,21,base_1;base_3;frontier_addition;inactive,5//1,13825//768,0//1,13825//768,1,complete-enumeration:32
755,L100,1//1,9985//768,21,base_1;base_3;frontier_addition;inactive,5//1,13825//768,0//1,13825//768,1,complete-enumeration:32
755,L200,2//1,2139//256,20,base_3;frontier_addition;inactive,3//1,3675//256,0//1,3675//256,1,complete-enumeration:32
755,L400,4//1,1789//384,16,frontier_addition;inactive,1//1,3325//384,0//1,3325//384,1,complete-enumeration:32
756,L0,0//1,81927//4096,29;31,base_1;base_3;closure_carrier;frontier_addition;inactive|base_1;base_2;base_3;closure_carrier;frontier_addition;inactive,8//1;10//1,4725//256,6327//4096,81927//4096,2,complete-enumeration:32
756,L025,1//4,73735//4096,29,base_1;base_3;closure_carrier;frontier_addition;inactive,8//1,4725//256,6327//4096,81927//4096,1,complete-enumeration:32
756,L050,1//2,65543//4096,29,base_1;base_3;closure_carrier;frontier_addition;inactive,8//1,4725//256,6327//4096,81927//4096,1,complete-enumeration:32
756,L100,1//1,3445//256,21,base_1;base_3;frontier_addition;inactive,5//1,4725//256,0//1,4725//256,1,complete-enumeration:32
756,L200,2//1,7117//768,20,base_3;frontier_addition;inactive,3//1,11725//768,0//1,11725//768,1,complete-enumeration:32
756,L400,4//1,491//96,16,frontier_addition;inactive,1//1,875//96,0//1,875//96,1,complete-enumeration:32
757,L0,0//1,170131//12288,25;27;29;31,base_1;closure_carrier;frontier_addition;inactive|base_1;base_2;closure_carrier;frontier_addition;inactive|base_1;base_3;closure_carrier;frontier_addition;inactive|base_1;base_2;base_3;closure_carrier;frontier_addition;inactive,8//1;12//1;16//1,2275//192,8177//4096,170131//12288,4,complete-enumeration:32
757,L025,1//4,145555//12288,25,base_1;closure_carrier;frontier_addition;inactive,8//1,2275//192,8177//4096,170131//12288,1,complete-enumeration:32
757,L050,1//2,120979//12288,25,base_1;closure_carrier;frontier_addition;inactive,8//1,2275//192,8177//4096,170131//12288,1,complete-enumeration:32
757,L100,1//1,1097//128,16,frontier_addition;inactive,1//1,1225//128,0//1,1225//128,1,complete-enumeration:32
757,L200,2//1,969//128,16,frontier_addition;inactive,1//1,1225//128,0//1,1225//128,1,complete-enumeration:32
757,L400,4//1,713//128,16,frontier_addition;inactive,1//1,1225//128,0//1,1225//128,1,complete-enumeration:32
758,L0,0//1,875//48,21;23;29;31,base_1;base_3;frontier_addition;inactive|base_1;base_2;base_3;frontier_addition;inactive|base_1;base_3;closure_carrier;frontier_addition;inactive|base_1;base_2;base_3;closure_carrier;frontier_addition;inactive,9//1;11//1;13//1;15//1,875//48,0//1,875//48,4,complete-enumeration:32
758,L025,1//4,767//48,21,base_1;base_3;frontier_addition;inactive,9//1,875//48,0//1,875//48,1,complete-enumeration:32
758,L050,1//2,659//48,21,base_1;base_3;frontier_addition;inactive,9//1,875//48,0//1,875//48,1,complete-enumeration:32
758,L100,1//1,7535//768,20,base_3;frontier_addition;inactive,5//1,11375//768,0//1,11375//768,1,complete-enumeration:32
758,L200,2//1,683//96,16,frontier_addition;inactive,1//1,875//96,0//1,875//96,1,complete-enumeration:32
758,L400,4//1,491//96,16,frontier_addition;inactive,1//1,875//96,0//1,875//96,1,complete-enumeration:32
759,L0,0//1,287965//24576,25;27;29;31,base_1;closure_carrier;frontier_addition;inactive|base_1;base_2;closure_carrier;frontier_addition;inactive|base_1;base_3;closure_carrier;frontier_addition;inactive|base_1;base_2;base_3;closure_carrier;frontier_addition;inactive,5//1;7//1;9//1,2975//256,2365//24576,287965//24576,4,complete-enumeration:32
759,L025,1//4,2783//256,17,base_1;frontier_addition;inactive,3//1,2975//256,0//1,2975//256,1,complete-enumeration:32
759,L050,1//2,2591//256,17,base_1;frontier_addition;inactive,3//1,2975//256,0//1,2975//256,1,complete-enumeration:32
759,L100,1//1,2369//256,16,frontier_addition;inactive,1//1,2625//256,0//1,2625//256,1,complete-enumeration:32
759,L200,2//1,2113//256,16,frontier_addition;inactive,1//1,2625//256,0//1,2625//256,1,complete-enumeration:32
759,L400,4//1,1601//256,16,frontier_addition;inactive,1//1,2625//256,0//1,2625//256,1,complete-enumeration:32
760,L0,0//1,3225//256,25;27;29;31,base_1;closure_carrier;frontier_addition;inactive|base_1;base_2;closure_carrier;frontier_addition;inactive|base_1;base_3;closure_carrier;frontier_addition;inactive|base_1;base_2;base_3;closure_carrier;frontier_addition;inactive,7//1;11//1;15//1,2975//256,125//128,3225//256,4,complete-enumeration:32
760,L025,1//4,2777//256,25,base_1;closure_carrier;frontier_addition;inactive,7//1,2975//256,125//128,3225//256,1,complete-enumeration:32
760,L050,1//2,7141//768,16,frontier_addition;inactive,1//1,7525//768,0//1,7525//768,1,complete-enumeration:32
760,L100,1//1,6757//768,16,frontier_addition;inactive,1//1,7525//768,0//1,7525//768,1,complete-enumeration:32
760,L200,2//1,5989//768,16,frontier_addition;inactive,1//1,7525//768,0//1,7525//768,1,complete-enumeration:32
760,L400,4//1,4453//768,16,frontier_addition;inactive,1//1,7525//768,0//1,7525//768,1,complete-enumeration:32
761,L0,0//1,2275//192,17;19;21;23;25;27;29;31,base_1;frontier_addition;inactive|base_1;base_2;frontier_addition;inactive|base_1;base_3;frontier_addition;inactive|base_1;base_2;base_3;frontier_addition;inactive|base_1;closure_carrier;frontier_addition;inactive|base_1;base_2;closure_carrier;frontier_addition;inactive|base_1;base_3;closure_carrier;frontier_addition;inactive|base_1;base_2;base_3;closure_carrier;frontier_addition;inactive,5//1;7//1;9//1;11//1;13//1;15//1,2275//192,0//1,2275//192,8,complete-enumeration:32
761,L025,1//4,2035//192,17,base_1;frontier_addition;inactive,5//1,2275//192,0//1,2275//192,1,complete-enumeration:32
761,L050,1//2,1795//192,17,base_1;frontier_addition;inactive,5//1,2275//192,0//1,2275//192,1,complete-enumeration:32
761,L100,1//1,1097//128,16,frontier_addition;inactive,1//1,1225//128,0//1,1225//128,1,complete-enumeration:32
761,L200,2//1,969//128,16,frontier_addition;inactive,1//1,1225//128,0//1,1225//128,1,complete-enumeration:32
761,L400,4//1,713//128,16,frontier_addition;inactive,1//1,1225//128,0//1,1225//128,1,complete-enumeration:32
762,L0,0//1,3267//256,25;27;29;31,base_1;closure_carrier;frontier_addition;inactive|base_1;base_2;closure_carrier;frontier_addition;inactive|base_1;base_3;closure_carrier;frontier_addition;inactive|base_1;base_2;base_3;closure_carrier;frontier_addition;inactive,7//1;11//1;15//1,1575//128,117//256,3267//256,4,complete-enumeration:32
762,L025,1//4,1415//128,17,base_1;frontier_addition;inactive,5//1,1575//128,0//1,1575//128,1,complete-enumeration:32
762,L050,1//2,1255//128,17,base_1;frontier_addition;inactive,5//1,1575//128,0//1,1575//128,1,complete-enumeration:32
762,L100,1//1,1733//192,16,frontier_addition;inactive,1//1,1925//192,0//1,1925//192,1,complete-enumeration:32
762,L200,2//1,1541//192,16,frontier_addition;inactive,1//1,1925//192,0//1,1925//192,1,complete-enumeration:32
762,L400,4//1,1157//192,16,frontier_addition;inactive,1//1,1925//192,0//1,1925//192,1,complete-enumeration:32
763,L0,0//1,238963//12288,25;27;29;31,base_1;closure_carrier;frontier_addition;inactive|base_1;base_2;closure_carrier;frontier_addition;inactive|base_1;base_3;closure_carrier;frontier_addition;inactive|base_1;base_2;base_3;closure_carrier;frontier_addition;inactive,8//1;12//1;16//1,9625//768,28321//4096,238963//12288,4,complete-enumeration:32
763,L025,1//4,214387//12288,25,base_1;closure_carrier;frontier_addition;inactive,8//1,9625//768,28321//4096,238963//12288,1,complete-enumeration:32
763,L050,1//2,189811//12288,25,base_1;closure_carrier;frontier_addition;inactive,8//1,9625//768,28321//4096,238963//12288,1,complete-enumeration:32
763,L100,1//1,585769//49152,24,closure_carrier;frontier_addition;inactive,4//1,4025//384,89059//16384,782377//49152,1,complete-enumeration:32
763,L200,2//1,3257//384,16,frontier_addition;inactive,1//1,4025//384,0//1,4025//384,1,complete-enumeration:32
763,L400,4//1,2489//384,16,frontier_addition;inactive,1//1,4025//384,0//1,4025//384,1,complete-enumeration:32
764,L0,0//1,1035967//49152,29;31,base_1;base_3;closure_carrier;frontier_addition;inactive|base_1;base_2;base_3;closure_carrier;frontier_addition;inactive,8//1;10//1,13825//768,50389//16384,1035967//49152,2,complete-enumeration:32
764,L025,1//4,937663//49152,29,base_1;base_3;closure_carrier;frontier_addition;inactive,8//1,13825//768,50389//16384,1035967//49152,1,complete-enumeration:32
764,L050,1//2,839359//49152,29,base_1;base_3;closure_carrier;frontier_addition;inactive,8//1,13825//768,50389//16384,1035967//49152,1,complete-enumeration:32
764,L100,1//1,642751//49152,29,base_1;base_3;closure_carrier;frontier_addition;inactive,8//1,13825//768,50389//16384,1035967//49152,1,complete-enumeration:32
764,L200,2//1,103//12,17;20,base_1;frontier_addition;inactive|base_3;frontier_addition;inactive,3//1,175//12,0//1,175//12,2,complete-enumeration:32
764,L400,4//1,491//96,16,frontier_addition;inactive,1//1,875//96,0//1,875//96,1,complete-enumeration:32
765,L0,0//1,2275//192,17;19;21;23;25;27;29;31,base_1;frontier_addition;inactive|base_1;base_2;frontier_addition;inactive|base_1;base_3;frontier_addition;inactive|base_1;base_2;base_3;frontier_addition;inactive|base_1;closure_carrier;frontier_addition;inactive|base_1;base_2;closure_carrier;frontier_addition;inactive|base_1;base_3;closure_carrier;frontier_addition;inactive|base_1;base_2;base_3;closure_carrier;frontier_addition;inactive,5//1;8//1;9//1;12//1;13//1;16//1,2275//192,0//1,2275//192,8,complete-enumeration:32
765,L025,1//4,2035//192,17,base_1;frontier_addition;inactive,5//1,2275//192,0//1,2275//192,1,complete-enumeration:32
765,L050,1//2,2497//256,16,frontier_addition;inactive,1//1,2625//256,0//1,2625//256,1,complete-enumeration:32
765,L100,1//1,2369//256,16,frontier_addition;inactive,1//1,2625//256,0//1,2625//256,1,complete-enumeration:32
765,L200,2//1,2113//256,16,frontier_addition;inactive,1//1,2625//256,0//1,2625//256,1,complete-enumeration:32
765,L400,4//1,1601//256,16,frontier_addition;inactive,1//1,2625//256,0//1,2625//256,1,complete-enumeration:32
766,L0,0//1,4773//256,27;31,base_1;base_2;closure_carrier;frontier_addition;inactive|base_1;base_2;base_3;closure_carrier;frontier_addition;inactive,8//1;10//1,2275//128,223//256,4773//256,2,complete-enumeration:32
766,L025,1//4,4261//256,27,base_1;base_2;closure_carrier;frontier_addition;inactive,8//1,2275//128,223//256,4773//256,1,complete-enumeration:32
766,L050,1//2,1955//128,19,base_1;base_2;frontier_addition;inactive,5//1,2275//128,0//1,2275//128,1,complete-enumeration:32
766,L100,1//1,1635//128,19,base_1;base_2;frontier_addition;inactive,5//1,2275//128,0//1,2275//128,1,complete-enumeration:32
766,L200,2//1,2139//256,17,base_1;frontier_addition;inactive,3//1,3675//256,0//1,3675//256,1,complete-enumeration:32
766,L400,4//1,1251//256,16,frontier_addition;inactive,1//1,2275//256,0//1,2275//256,1,complete-enumeration:32
767,L0,0//1,1739//96,25;27;29;31,base_1;closure_carrier;frontier_addition;inactive|base_1;base_2;closure_carrier;frontier_addition;inactive|base_1;base_3;closure_carrier;frontier_addition;inactive|base_1;base_2;base_3;closure_carrier;frontier_addition;inactive,8//1;12//1;16//1,9625//768,1429//256,1739//96,4,complete-enumeration:32
767,L025,1//4,1547//96,25,base_1;closure_carrier;frontier_addition;inactive,8//1,9625//768,1429//256,1739//96,1,complete-enumeration:32
767,L050,1//2,1355//96,25,base_1;closure_carrier;frontier_addition;inactive,8//1,9625//768,1429//256,1739//96,1,complete-enumeration:32
767,L100,1//1,971//96,25,base_1;closure_carrier;frontier_addition;inactive,8//1,9625//768,1429//256,1739//96,1,complete-enumeration:32
767,L200,2//1,3257//384,16,frontier_addition;inactive,1//1,4025//384,0//1,4025//384,1,complete-enumeration:32
767,L400,4//1,2489//384,16,frontier_addition;inactive,1//1,4025//384,0//1,4025//384,1,complete-enumeration:32
768,L0,0//1,7175//384,22;23;30;31,base_2;base_3;frontier_addition;inactive|base_1;base_2;base_3;frontier_addition;inactive|base_2;base_3;closure_carrier;frontier_addition;inactive|base_1;base_2;base_3;closure_carrier;frontier_addition;inactive,5//1;7//1;8//1;10//1,7175//384,0//1,7175//384,4,complete-enumeration:32
768,L025,1//4,6695//384,22,base_2;base_3;frontier_addition;inactive,5//1,7175//384,0//1,7175//384,1,complete-enumeration:32
768,L050,1//2,6215//384,22,base_2;base_3;frontier_addition;inactive,5//1,7175//384,0//1,7175//384,1,complete-enumeration:32
768,L100,1//1,5255//384,22,base_2;base_3;frontier_addition;inactive,5//1,7175//384,0//1,7175//384,1,complete-enumeration:32
768,L200,2//1,7117//768,18,base_2;frontier_addition;inactive,3//1,11725//768,0//1,11725//768,1,complete-enumeration:32
768,L400,4//1,713//128,16,frontier_addition;inactive,1//1,1225//128,0//1,1225//128,1,complete-enumeration:32
769,L0,0//1,8575//768,17;19;21;23;25;27;29;31,base_1;frontier_addition;inactive|base_1;base_2;frontier_addition;inactive|base_1;base_3;frontier_addition;inactive|base_1;base_2;base_3;frontier_addition;inactive|base_1;closure_carrier;frontier_addition;inactive|base_1;base_2;closure_carrier;frontier_addition;inactive|base_1;base_3;closure_carrier;frontier_addition;inactive|base_1;base_2;base_3;closure_carrier;frontier_addition;inactive,3//1;5//1;7//1;9//1,8575//768,0//1,8575//768,8,complete-enumeration:32
769,L025,1//4,7999//768,17,base_1;frontier_addition;inactive,3//1,8575//768,0//1,8575//768,1,complete-enumeration:32
769,L050,1//2,7423//768,17,base_1;frontier_addition;inactive,3//1,8575//768,0//1,8575//768,1,complete-enumeration:32
769,L100,1//1,6757//768,16,frontier_addition;inactive,1//1,7525//768,0//1,7525//768,1,complete-enumeration:32
769,L200,2//1,5989//768,16,frontier_addition;inactive,1//1,7525//768,0//1,7525//768,1,complete-enumeration:32
769,L400,4//1,4453//768,16,frontier_addition;inactive,1//1,7525//768,0//1,7525//768,1,complete-enumeration:32
770,L0,0//1,88939//6144,25;27;29;31,base_1;closure_carrier;frontier_addition;inactive|base_1;base_2;closure_carrier;frontier_addition;inactive|base_1;base_3;closure_carrier;frontier_addition;inactive|base_1;base_2;base_3;closure_carrier;frontier_addition;inactive,8//1;12//1;16//1,9275//768,4913//2048,88939//6144,4,complete-enumeration:32
770,L025,1//4,76651//6144,25,base_1;closure_carrier;frontier_addition;inactive,8//1,9275//768,4913//2048,88939//6144,1,complete-enumeration:32
770,L050,1//2,281429//24576,24,closure_carrier;frontier_addition;inactive,4//1,7525//768,29927//8192,330581//24576,1,complete-enumeration:32
770,L100,1//1,232277//24576,24,closure_carrier;frontier_addition;inactive,4//1,7525//768,29927//8192,330581//24576,1,complete-enumeration:32
770,L200,2//1,5989//768,16,frontier_addition;inactive,1//1,7525//768,0//1,7525//768,1,complete-enumeration:32
770,L400,4//1,4453//768,16,frontier_addition;inactive,1//1,7525//768,0//1,7525//768,1,complete-enumeration:32
771,L0,0//1,2975//256,17;19;21;23;25;27;29;31,base_1;frontier_addition;inactive|base_1;base_2;frontier_addition;inactive|base_1;base_3;frontier_addition;inactive|base_1;base_2;base_3;frontier_addition;inactive|base_1;closure_carrier;frontier_addition;inactive|base_1;base_2;closure_carrier;frontier_addition;inactive|base_1;base_3;closure_carrier;frontier_addition;inactive|base_1;base_2;base_3;closure_carrier;frontier_addition;inactive,3//1;5//1;6//1;7//1;8//1;10//1,2975//256,0//1,2975//256,8,complete-enumeration:32
771,L025,1//4,2783//256,17,base_1;frontier_addition;inactive,3//1,2975//256,0//1,2975//256,1,complete-enumeration:32
771,L050,1//2,2591//256,17,base_1;frontier_addition;inactive,3//1,2975//256,0//1,2975//256,1,complete-enumeration:32
771,L100,1//1,6689//768,1,base_1;inactive,2//1,8225//768,0//1,8225//768,1,complete-enumeration:32
771,L200,2//1,969//128,16,frontier_addition;inactive,1//1,1225//128,0//1,1225//128,1,complete-enumeration:32
771,L400,4//1,713//128,16,frontier_addition;inactive,1//1,1225//128,0//1,1225//128,1,complete-enumeration:32
772,L0,0//1,9275//768,17;19;21;23;25;27;29;31,base_1;frontier_addition;inactive|base_1;base_2;frontier_addition;inactive|base_1;base_3;frontier_addition;inactive|base_1;base_2;base_3;frontier_addition;inactive|base_1;closure_carrier;frontier_addition;inactive|base_1;base_2;closure_carrier;frontier_addition;inactive|base_1;base_3;closure_carrier;frontier_addition;inactive|base_1;base_2;base_3;closure_carrier;frontier_addition;inactive,5//1;8//1;9//1;12//1;13//1;16//1,9275//768,0//1,9275//768,8,complete-enumeration:32
772,L025,1//4,8315//768,17,base_1;frontier_addition;inactive,5//1,9275//768,0//1,9275//768,1,complete-enumeration:32
772,L050,1//2,7841//768,16,frontier_addition;inactive,1//1,8225//768,0//1,8225//768,1,complete-enumeration:32
772,L100,1//1,7457//768,16,frontier_addition;inactive,1//1,8225//768,0//1,8225//768,1,complete-enumeration:32
772,L200,2//1,6689//768,16,frontier_addition;inactive,1//1,8225//768,0//1,8225//768,1,complete-enumeration:32
772,L400,4//1,5153//768,16,frontier_addition;inactive,1//1,8225//768,0//1,8225//768,1,complete-enumeration:32
773,L0,0//1,583847//49152,25;27;29;31,base_1;closure_carrier;frontier_addition;inactive|base_1;base_2;closure_carrier;frontier_addition;inactive|base_1;base_3;closure_carrier;frontier_addition;inactive|base_1;base_2;base_3;closure_carrier;frontier_addition;inactive,5//1;7//1;9//1,2275//192,1447//49152,583847//49152,4,complete-enumeration:32
773,L025,1//4,2131//192,17,base_1;frontier_addition;inactive,3//1,2275//192,0//1,2275//192,1,complete-enumeration:32
773,L050,1//2,1987//192,17,base_1;frontier_addition;inactive,3//1,2275//192,0//1,2275//192,1,complete-enumeration:32
773,L100,1//1,1733//192,16,frontier_addition;inactive,1//1,1925//192,0//1,1925//192,1,complete-enumeration:32
773,L200,2//1,1541//192,16,frontier_addition;inactive,1//1,1925//192,0//1,1925//192,1,complete-enumeration:32
773,L400,4//1,1157//192,16,frontier_addition;inactive,1//1,1925//192,0//1,1925//192,1,complete-enumeration:32
774,L0,0//1,572825//49152,25;27;29;31,base_1;closure_carrier;frontier_addition;inactive|base_1;base_2;closure_carrier;frontier_addition;inactive|base_1;base_3;closure_carrier;frontier_addition;inactive|base_1;base_2;base_3;closure_carrier;frontier_addition;inactive,5//1;7//1;9//1,4375//384,4275//16384,572825//49152,4,complete-enumeration:32
774,L025,1//4,4087//384,17,base_1;frontier_addition;inactive,3//1,4375//384,0//1,4375//384,1,complete-enumeration:32
774,L050,1//2,159//16,1,base_1;inactive,2//1,175//16,0//1,175//16,1,complete-enumeration:32
774,L100,1//1,143//16,1,base_1;inactive,2//1,175//16,0//1,175//16,1,complete-enumeration:32
774,L200,2//1,5989//768,16,frontier_addition;inactive,1//1,7525//768,0//1,7525//768,1,complete-enumeration:32
774,L400,4//1,4453//768,16,frontier_addition;inactive,1//1,7525//768,0//1,7525//768,1,complete-enumeration:32
775,L0,0//1,9275//768,17;19;21;23;25;27;29;31,base_1;frontier_addition;inactive|base_1;base_2;frontier_addition;inactive|base_1;base_3;frontier_addition;inactive|base_1;base_2;base_3;frontier_addition;inactive|base_1;closure_carrier;frontier_addition;inactive|base_1;base_2;closure_carrier;frontier_addition;inactive|base_1;base_3;closure_carrier;frontier_addition;inactive|base_1;base_2;base_3;closure_carrier;frontier_addition;inactive,3//1;5//1;6//1;7//1;8//1;10//1,9275//768,0//1,9275//768,8,complete-enumeration:32
775,L025,1//4,8699//768,17,base_1;frontier_addition;inactive,3//1,9275//768,0//1,9275//768,1,complete-enumeration:32
775,L050,1//2,8123//768,17,base_1;frontier_addition;inactive,3//1,9275//768,0//1,9275//768,1,complete-enumeration:32
775,L100,1//1,7039//768,1,base_1;inactive,2//1,8575//768,0//1,8575//768,1,complete-enumeration:32
775,L200,2//1,1541//192,16,frontier_addition;inactive,1//1,1925//192,0//1,1925//192,1,complete-enumeration:32
775,L400,4//1,1157//192,16,frontier_addition;inactive,1//1,1925//192,0//1,1925//192,1,complete-enumeration:32
776,L0,0//1,14533//768,30;31,base_2;base_3;closure_carrier;frontier_addition;inactive|base_1;base_2;base_3;closure_carrier;frontier_addition;inactive,12//1;16//1,7175//384,61//256,14533//768,2,complete-enumeration:32
776,L025,1//4,6311//384,22,base_2;base_3;frontier_addition;inactive,9//1,7175//384,0//1,7175//384,1,complete-enumeration:32
776,L050,1//2,5447//384,22,base_2;base_3;frontier_addition;inactive,9//1,7175//384,0//1,7175//384,1,complete-enumeration:32
776,L100,1//1,1285//128,18;20,base_2;frontier_addition;inactive|base_3;frontier_addition;inactive,5//1,1925//128,0//1,1925//128,2,complete-enumeration:32
776,L200,2//1,683//96,16,frontier_addition;inactive,1//1,875//96,0//1,875//96,1,complete-enumeration:32
776,L400,4//1,491//96,16,frontier_addition;inactive,1//1,875//96,0//1,875//96,1,complete-enumeration:32
777,L0,0//1,2275//192,17;19;21;23;25;27;29;31,base_1;frontier_addition;inactive|base_1;base_2;frontier_addition;inactive|base_1;base_3;frontier_addition;inactive|base_1;base_2;base_3;frontier_addition;inactive|base_1;closure_carrier;frontier_addition;inactive|base_1;base_2;closure_carrier;frontier_addition;inactive|base_1;base_3;closure_carrier;frontier_addition;inactive|base_1;base_2;base_3;closure_carrier;frontier_addition;inactive,5//1;7//1;9//1;11//1;13//1;15//1,2275//192,0//1,2275//192,8,complete-enumeration:32
777,L025,1//4,2035//192,17,base_1;frontier_addition;inactive,5//1,2275//192,0//1,2275//192,1,complete-enumeration:32
777,L050,1//2,1829//192,16,frontier_addition;inactive,1//1,1925//192,0//1,1925//192,1,complete-enumeration:32
777,L100,1//1,1733//192,16,frontier_addition;inactive,1//1,1925//192,0//1,1925//192,1,complete-enumeration:32
777,L200,2//1,1541//192,16,frontier_addition;inactive,1//1,1925//192,0//1,1925//192,1,complete-enumeration:32
777,L400,4//1,1157//192,16,frontier_addition;inactive,1//1,1925//192,0//1,1925//192,1,complete-enumeration:32
778,L0,0//1,7175//384,22;23;30;31,base_2;base_3;frontier_addition;inactive|base_1;base_2;base_3;frontier_addition;inactive|base_2;base_3;closure_carrier;frontier_addition;inactive|base_1;base_2;base_3;closure_carrier;frontier_addition;inactive,5//1;7//1;9//1,7175//384,0//1,7175//384,4,complete-enumeration:32
778,L025,1//4,6695//384,22,base_2;base_3;frontier_addition;inactive,5//1,7175//384,0//1,7175//384,1,complete-enumeration:32
778,L050,1//2,6215//384,22,base_2;base_3;frontier_addition;inactive,5//1,7175//384,0//1,7175//384,1,complete-enumeration:32
778,L100,1//1,5255//384,22,base_2;base_3;frontier_addition;inactive,5//1,7175//384,0//1,7175//384,1,complete-enumeration:32
778,L200,2//1,1157//128,20,base_3;frontier_addition;inactive,3//1,1925//128,0//1,1925//128,1,complete-enumeration:32
778,L400,4//1,4103//768,16,frontier_addition;inactive,1//1,7175//768,0//1,7175//768,1,complete-enumeration:32
779,L0,0//1,126739//6144,27;31,base_1;base_2;closure_carrier;frontier_addition;inactive|base_1;base_2;base_3;closure_carrier;frontier_addition;inactive,12//1;16//1,875//48,4913//2048,126739//6144,2,complete-enumeration:32
779,L025,1//4,108307//6144,27,base_1;base_2;closure_carrier;frontier_addition;inactive,12//1,875//48,4913//2048,126739//6144,1,complete-enumeration:32
779,L050,1//2,124469//8192,26,base_2;closure_carrier;frontier_addition;inactive,8//1,1925//128,34037//8192,157237//8192,1,complete-enumeration:32
779,L100,1//1,631009//49152,24,closure_carrier;frontier_addition;inactive,4//1,7525//768,115339//16384,827617//49152,1,complete-enumeration:32
779,L200,2//1,434401//49152,24,closure_carrier;frontier_addition;inactive,4//1,7525//768,115339//16384,827617//49152,1,complete-enumeration:32
779,L400,4//1,4103//768,16,frontier_addition;inactive,1//1,7175//768,0//1,7175//768,1,complete-enumeration:32
780,L0,0//1,14525//768,21;23;29;31,base_1;base_3;frontier_addition;inactive|base_1;base_2;base_3;frontier_addition;inactive|base_1;base_3;closure_carrier;frontier_addition;inactive|base_1;base_2;base_3;closure_carrier;frontier_addition;inactive,9//1;11//1;13//1;15//1,14525//768,0//1,14525//768,4,complete-enumeration:32
780,L025,1//4,12797//768,21,base_1;base_3;frontier_addition;inactive,9//1,14525//768,0//1,14525//768,1,complete-enumeration:32
780,L050,1//2,11069//768,21,base_1;base_3;frontier_addition;inactive,9//1,14525//768,0//1,14525//768,1,complete-enumeration:32
780,L100,1//1,7885//768,17,base_1;frontier_addition;inactive,5//1,11725//768,0//1,11725//768,1,complete-enumeration:32
780,L200,2//1,969//128,16,frontier_addition;inactive,1//1,1225//128,0//1,1225//128,1,complete-enumeration:32
780,L400,4//1,713//128,16,frontier_addition;inactive,1//1,1225//128,0//1,1225//128,1,complete-enumeration:32
781,L0,0//1,84739//6144,25;27;29;31,base_1;closure_carrier;frontier_addition;inactive|base_1;base_2;closure_carrier;frontier_addition;inactive|base_1;base_3;closure_carrier;frontier_addition;inactive|base_1;base_2;base_3;closure_carrier;frontier_addition;inactive,5//1;7//1;9//1,4375//384,4913//2048,84739//6144,4,complete-enumeration:32
781,L025,1//4,103115//8192,9,base_1;closure_carrier;inactive,4//1,175//16,21707//8192,111307//8192,1,complete-enumeration:32
781,L050,1//2,286987//24576,24,closure_carrier;frontier_addition;inactive,3//1,1925//192,25817//8192,323851//24576,1,complete-enumeration:32
781,L100,1//1,250123//24576,24,closure_carrier;frontier_addition;inactive,3//1,1925//192,25817//8192,323851//24576,1,complete-enumeration:32
781,L200,2//1,1541//192,16,frontier_addition;inactive,1//1,1925//192,0//1,1925//192,1,complete-enumeration:32
781,L400,4//1,1157//192,16,frontier_addition;inactive,1//1,1925//192,0//1,1925//192,1,complete-enumeration:32
782,L0,0//1,13825//768,21;23;29;31,base_1;base_3;frontier_addition;inactive|base_1;base_2;base_3;frontier_addition;inactive|base_1;base_3;closure_carrier;frontier_addition;inactive|base_1;base_2;base_3;closure_carrier;frontier_addition;inactive,9//1;12//1;13//1;16//1,13825//768,0//1,13825//768,4,complete-enumeration:32
782,L025,1//4,12097//768,21,base_1;base_3;frontier_addition;inactive,9//1,13825//768,0//1,13825//768,1,complete-enumeration:32
782,L050,1//2,10369//768,21,base_1;base_3;frontier_addition;inactive,9//1,13825//768,0//1,13825//768,1,complete-enumeration:32
782,L100,1//1,7535//768,20,base_3;frontier_addition;inactive,5//1,11375//768,0//1,11375//768,1,complete-enumeration:32
782,L200,2//1,969//128,16,frontier_addition;inactive,1//1,1225//128,0//1,1225//128,1,complete-enumeration:32
782,L400,4//1,713//128,16,frontier_addition;inactive,1//1,1225//128,0//1,1225//128,1,complete-enumeration:32
783,L0,0//1,4725//256,19;23;27;31,base_1;base_2;frontier_addition;inactive|base_1;base_2;base_3;frontier_addition;inactive|base_1;base_2;closure_carrier;frontier_addition;inactive|base_1;base_2;base_3;closure_carrier;frontier_addition;inactive,9//1;11//1;13//1;15//1,4725//256,0//1,4725//256,4,complete-enumeration:32
783,L025,1//4,4149//256,19,base_1;base_2;frontier_addition;inactive,9//1,4725//256,0//1,4725//256,1,complete-enumeration:32
783,L050,1//2,3573//256,19,base_1;base_2;frontier_addition;inactive,9//1,4725//256,0//1,4725//256,1,complete-enumeration:32
783,L100,1//1,115//12,17,base_1;frontier_addition;inactive,5//1,175//12,0//1,175//12,1,complete-enumeration:32
783,L200,2//1,1763//256,16,frontier_addition;inactive,1//1,2275//256,0//1,2275//256,1,complete-enumeration:32
783,L400,4//1,1251//256,16,frontier_addition;inactive,1//1,2275//256,0//1,2275//256,1,complete-enumeration:32
784,L0,0//1,2975//256,17;19;21;23;25;27;29;31,base_1;frontier_addition;inactive|base_1;base_2;frontier_addition;inactive|base_1;base_3;frontier_addition;inactive|base_1;base_2;base_3;frontier_addition;inactive|base_1;closure_carrier;frontier_addition;inactive|base_1;base_2;closure_carrier;frontier_addition;inactive|base_1;base_3;closure_carrier;frontier_addition;inactive|base_1;base_2;base_3;closure_carrier;frontier_addition;inactive,3//1;5//1;7//1;9//1,2975//256,0//1,2975//256,8,complete-enumeration:32
784,L025,1//4,2783//256,17,base_1;frontier_addition;inactive,3//1,2975//256,0//1,2975//256,1,complete-enumeration:32
784,L050,1//2,2591//256,17,base_1;frontier_addition;inactive,3//1,2975//256,0//1,2975//256,1,complete-enumeration:32
784,L100,1//1,1733//192,16,frontier_addition;inactive,1//1,1925//192,0//1,1925//192,1,complete-enumeration:32
784,L200,2//1,1541//192,16,frontier_addition;inactive,1//1,1925//192,0//1,1925//192,1,complete-enumeration:32
784,L400,4//1,1157//192,16,frontier_addition;inactive,1//1,1925//192,0//1,1925//192,1,complete-enumeration:32
785,L0,0//1,624341//49152,25;27;29;31,base_1;closure_carrier;frontier_addition;inactive|base_1;base_2;closure_carrier;frontier_addition;inactive|base_1;base_3;closure_carrier;frontier_addition;inactive|base_1;base_2;base_3;closure_carrier;frontier_addition;inactive,7//1;11//1;15//1,9275//768,10247//16384,624341//49152,4,complete-enumeration:32
785,L025,1//4,134993//12288,24,closure_carrier;frontier_addition;inactive,3//1,1925//192,7003//4096,144209//12288,1,complete-enumeration:32
785,L050,1//2,125777//12288,24,closure_carrier;frontier_addition;inactive,3//1,1925//192,7003//4096,144209//12288,1,complete-enumeration:32
785,L100,1//1,1733//192,16,frontier_addition;inactive,1//1,1925//192,0//1,1925//192,1,complete-enumeration:32
785,L200,2//1,1541//192,16,frontier_addition;inactive,1//1,1925//192,0//1,1925//192,1,complete-enumeration:32
785,L400,4//1,1157//192,16,frontier_addition;inactive,1//1,1925//192,0//1,1925//192,1,complete-enumeration:32
786,L0,0//1,8575//768,17;19;21;23;25;27;29;31,base_1;frontier_addition;inactive|base_1;base_2;frontier_addition;inactive|base_1;base_3;frontier_addition;inactive|base_1;base_2;base_3;frontier_addition;inactive|base_1;closure_carrier;frontier_addition;inactive|base_1;base_2;closure_carrier;frontier_addition;inactive|base_1;base_3;closure_carrier;frontier_addition;inactive|base_1;base_2;base_3;closure_carrier;frontier_addition;inactive,3//1;5//1;7//1;9//1,8575//768,0//1,8575//768,8,complete-enumeration:32
786,L025,1//4,7999//768,17,base_1;frontier_addition;inactive,3//1,8575//768,0//1,8575//768,1,complete-enumeration:32
786,L050,1//2,7457//768,1,base_1;inactive,2//1,8225//768,0//1,8225//768,1,complete-enumeration:32
786,L100,1//1,6757//768,16,frontier_addition;inactive,1//1,7525//768,0//1,7525//768,1,complete-enumeration:32
786,L200,2//1,5989//768,16,frontier_addition;inactive,1//1,7525//768,0//1,7525//768,1,complete-enumeration:32
786,L400,4//1,4453//768,16,frontier_addition;inactive,1//1,7525//768,0//1,7525//768,1,complete-enumeration:32
787,L0,0//1,18815//1024,27;31,base_1;base_2;closure_carrier;frontier_addition;inactive|base_1;base_2;base_3;closure_carrier;frontier_addition;inactive,7//1;9//1,13825//768,1145//3072,18815//1024,2,complete-enumeration:32
787,L025,1//4,12865//768,19,base_1;base_2;frontier_addition;inactive,5//1,13825//768,0//1,13825//768,1,complete-enumeration:32
787,L050,1//2,11905//768,19,base_1;base_2;frontier_addition;inactive,5//1,13825//768,0//1,13825//768,1,complete-enumeration:32
787,L100,1//1,9985//768,19,base_1;base_2;frontier_addition;inactive,5//1,13825//768,0//1,13825//768,1,complete-enumeration:32
787,L200,2//1,103//12,17,base_1;frontier_addition;inactive,3//1,175//12,0//1,175//12,1,complete-enumeration:32
787,L400,4//1,1251//256,16,frontier_addition;inactive,1//1,2275//256,0//1,2275//256,1,complete-enumeration:32
788,L0,0//1,1575//128,17;19;21;23;25;27;29;31,base_1;frontier_addition;inactive|base_1;base_2;frontier_addition;inactive|base_1;base_3;frontier_addition;inactive|base_1;base_2;base_3;frontier_addition;inactive|base_1;closure_carrier;frontier_addition;inactive|base_1;base_2;closure_carrier;frontier_addition;inactive|base_1;base_3;closure_carrier;frontier_addition;inactive|base_1;base_2;base_3;closure_carrier;frontier_addition;inactive,3//1;5//1;6//1;7//1;8//1;10//1,1575//128,0//1,1575//128,8,complete-enumeration:32
788,L025,1//4,1479//128,17,base_1;frontier_addition;inactive,3//1,1575//128,0//1,1575//128,1,complete-enumeration:32
788,L050,1//2,1383//128,17,base_1;frontier_addition;inactive,3//1,1575//128,0//1,1575//128,1,complete-enumeration:32
788,L100,1//1,1191//128,17,base_1;frontier_addition;inactive,3//1,1575//128,0//1,1575//128,1,complete-enumeration:32
788,L200,2//1,2113//256,16,frontier_addition;inactive,1//1,2625//256,0//1,2625//256,1,complete-enumeration:32
788,L400,4//1,1601//256,16,frontier_addition;inactive,1//1,2625//256,0//1,2625//256,1,complete-enumeration:32
789,L0,0//1,4729//384,25;27;29;31,base_1;closure_carrier;frontier_addition;inactive|base_1;base_2;closure_carrier;frontier_addition;inactive|base_1;base_3;closure_carrier;frontier_addition;inactive|base_1;base_2;base_3;closure_carrier;frontier_addition;inactive,6//1;8//1;10//1,9275//768,61//256,4729//384,4,complete-enumeration:32
789,L025,1//4,8699//768,17,base_1;frontier_addition;inactive,3//1,9275//768,0//1,9275//768,1,complete-enumeration:32
789,L050,1//2,8123//768,17,base_1;frontier_addition;inactive,3//1,9275//768,0//1,9275//768,1,complete-enumeration:32
789,L100,1//1,2369//256,16,frontier_addition;inactive,1//1,2625//256,0//1,2625//256,1,complete-enumeration:32
789,L200,2//1,2113//256,16,frontier_addition;inactive,1//1,2625//256,0//1,2625//256,1,complete-enumeration:32
789,L400,4//1,1601//256,16,frontier_addition;inactive,1//1,2625//256,0//1,2625//256,1,complete-enumeration:32
790,L0,0//1,875//48,22;23;30;31,base_2;base_3;frontier_addition;inactive|base_1;base_2;base_3;frontier_addition;inactive|base_2;base_3;closure_carrier;frontier_addition;inactive|base_1;base_2;base_3;closure_carrier;frontier_addition;inactive,5//1;7//1;9//1,875//48,0//1,875//48,4,complete-enumeration:32
790,L025,1//4,815//48,22,base_2;base_3;frontier_addition;inactive,5//1,875//48,0//1,875//48,1,complete-enumeration:32
790,L050,1//2,755//48,22,base_2;base_3;frontier_addition;inactive,5//1,875//48,0//1,875//48,1,complete-enumeration:32
790,L100,1//1,635//48,22,base_2;base_3;frontier_addition;inactive,5//1,875//48,0//1,875//48,1,complete-enumeration:32
790,L200,2//1,2139//256,18;20,base_2;frontier_addition;inactive|base_3;frontier_addition;inactive,3//1,3675//256,0//1,3675//256,2,complete-enumeration:32
790,L400,4//1,491//96,16,frontier_addition;inactive,1//1,875//96,0//1,875//96,1,complete-enumeration:32
791,L0,0//1,4725//256,22;23;30;31,base_2;base_3;frontier_addition;inactive|base_1;base_2;base_3;frontier_addition;inactive|base_2;base_3;closure_carrier;frontier_addition;inactive|base_1;base_2;base_3;closure_carrier;frontier_addition;inactive,5//1;7//1;8//1;10//1,4725//256,0//1,4725//256,4,complete-enumeration:32
791,L025,1//4,4405//256,22,base_2;base_3;frontier_addition;inactive,5//1,4725//256,0//1,4725//256,1,complete-enumeration:32
791,L050,1//2,4085//256,22,base_2;base_3;frontier_addition;inactive,5//1,4725//256,0//1,4725//256,1,complete-enumeration:32
791,L100,1//1,3445//256,22,base_2;base_3;frontier_addition;inactive,5//1,4725//256,0//1,4725//256,1,complete-enumeration:32
791,L200,2//1,103//12,20,base_3;frontier_addition;inactive,3//1,175//12,0//1,175//12,1,complete-enumeration:32
791,L400,4//1,4103//768,16,frontier_addition;inactive,1//1,7175//768,0//1,7175//768,1,complete-enumeration:32
792,L0,0//1,305543//16384,30;31,base_2;base_3;closure_carrier;frontier_addition;inactive|base_1;base_2;base_3;closure_carrier;frontier_addition;inactive,8//1;10//1,2275//128,14343//16384,305543//16384,2,complete-enumeration:32
792,L025,1//4,272775//16384,30,base_2;base_3;closure_carrier;frontier_addition;inactive,8//1,2275//128,14343//16384,305543//16384,1,complete-enumeration:32
792,L050,1//2,1955//128,22,base_2;base_3;frontier_addition;inactive,5//1,2275//128,0//1,2275//128,1,complete-enumeration:32
792,L100,1//1,1635//128,22,base_2;base_3;frontier_addition;inactive,5//1,2275//128,0//1,2275//128,1,complete-enumeration:32
792,L200,2//1,103//12,20,base_3;frontier_addition;inactive,3//1,175//12,0//1,175//12,1,complete-enumeration:32
792,L400,4//1,713//128,16,frontier_addition;inactive,1//1,1225//128,0//1,1225//128,1,complete-enumeration:32
793,L0,0//1,4759//256,29;31,base_1;base_3;closure_carrier;frontier_addition;inactive|base_1;base_2;base_3;closure_carrier;frontier_addition;inactive,11//1;15//1,4725//256,17//128,4759//256,2,complete-enumeration:32
793,L025,1//4,4149//256,21,base_1;base_3;frontier_addition;inactive,9//1,4725//256,0//1,4725//256,1,complete-enumeration:32
793,L050,1//2,3573//256,21,base_1;base_3;frontier_addition;inactive,9//1,4725//256,0//1,4725//256,1,complete-enumeration:32
793,L100,1//1,7535//768,17;20,base_1;frontier_addition;inactive|base_3;frontier_addition;inactive,5//1,11375//768,0//1,11375//768,2,complete-enumeration:32
793,L200,2//1,683//96,16,frontier_addition;inactive,1//1,875//96,0//1,875//96,1,complete-enumeration:32
793,L400,4//1,491//96,16,frontier_addition;inactive,1//1,875//96,0//1,875//96,1,complete-enumeration:32
794,L0,0//1,61687//3072,29;31,base_1;base_3;closure_carrier;frontier_addition;inactive|base_1;base_2;base_3;closure_carrier;frontier_addition;inactive,7//1;9//1,7175//384,1429//1024,61687//3072,2,complete-enumeration:32
794,L025,1//4,56311//3072,29,base_1;base_3;closure_carrier;frontier_addition;inactive,7//1,7175//384,1429//1024,61687//3072,1,complete-enumeration:32
794,L050,1//2,50935//3072,29,base_1;base_3;closure_carrier;frontier_addition;inactive,7//1,7175//384,1429//1024,61687//3072,1,complete-enumeration:32
794,L100,1//1,5255//384,21,base_1;base_3;frontier_addition;inactive,5//1,7175//384,0//1,7175//384,1,complete-enumeration:32
794,L200,2//1,485645//49152,24,closure_carrier;frontier_addition;inactive,3//1,7175//768,107119//16384,780557//49152,1,complete-enumeration:32
794,L400,4//1,4103//768,16,frontier_addition;inactive,1//1,7175//768,0//1,7175//768,1,complete-enumeration:32
795,L0,0//1,42713//2048,27;31,base_1;base_2;closure_carrier;frontier_addition;inactive|base_1;base_2;base_3;closure_carrier;frontier_addition;inactive,11//1;15//1,4725//256,4913//2048,42713//2048,2,complete-enumeration:32
795,L025,1//4,37081//2048,27,base_1;base_2;closure_carrier;frontier_addition;inactive,11//1,4725//256,4913//2048,42713//2048,1,complete-enumeration:32
795,L050,1//2,259185//16384,26,base_2;closure_carrier;frontier_addition;inactive,7//1,1925//128,70129//16384,316529//16384,1,complete-enumeration:32
795,L100,1//1,227097//16384,24,closure_carrier;frontier_addition;inactive,3//1,1225//128,119449//16384,276249//16384,1,complete-enumeration:32
795,L200,2//1,177945//16384,24,closure_carrier;frontier_addition;inactive,3//1,1225//128,119449//16384,276249//16384,1,complete-enumeration:32
795,L400,4//1,139723//24576,8,closure_carrier;inactive,2//1,1925//768,91577//8192,336331//24576,1,complete-enumeration:32
796,L0,0//1,115927//6144,30;31,base_2;base_3;closure_carrier;frontier_addition;inactive|base_1;base_2;base_3;closure_carrier;frontier_addition;inactive,11//1;15//1,875//48,1309//2048,115927//6144,2,complete-enumeration:32
796,L025,1//4,99031//6144,30,base_2;base_3;closure_carrier;frontier_addition;inactive,11//1,875//48,1309//2048,115927//6144,1,complete-enumeration:32
796,L050,1//2,659//48,22,base_2;base_3;frontier_addition;inactive,9//1,875//48,0//1,875//48,1,complete-enumeration:32
796,L100,1//1,8983//768,24,closure_carrier;frontier_addition;inactive,3//1,875//96,1429//256,11287//768,1,complete-enumeration:32
796,L200,2//1,6679//768,24,closure_carrier;frontier_addition;inactive,3//1,875//96,1429//256,11287//768,1,complete-enumeration:32
796,L400,4//1,491//96,16,frontier_addition;inactive,1//1,875//96,0//1,875//96,1,complete-enumeration:32
797,L0,0//1,184043//12288,25;27;29;31,base_1;closure_carrier;frontier_addition;inactive|base_1;base_2;closure_carrier;frontier_addition;inactive|base_1;base_3;closure_carrier;frontier_addition;inactive|base_1;base_2;base_3;closure_carrier;frontier_addition;inactive,5//1;7//1;9//1,9275//768,11881//4096,184043//12288,4,complete-enumeration:32
797,L025,1//4,168683//12288,25,base_1;closure_carrier;frontier_addition;inactive,5//1,9275//768,11881//4096,184043//12288,1,complete-enumeration:32
797,L050,1//2,153323//12288,25,base_1;closure_carrier;frontier_addition;inactive,5//1,9275//768,11881//4096,184043//12288,1,complete-enumeration:32
797,L100,1//1,269183//24576,24,closure_carrier;frontier_addition;inactive,3//1,7525//768,34037//8192,342911//24576,1,complete-enumeration:32
797,L200,2//1,195455//24576,24,closure_carrier;frontier_addition;inactive,3//1,7525//768,34037//8192,342911//24576,1,complete-enumeration:32
797,L400,4//1,4453//768,16,frontier_addition;inactive,1//1,7525//768,0//1,7525//768,1,complete-enumeration:32
798,L0,0//1,55371//4096,25;27;29;31,base_1;closure_carrier;frontier_addition;inactive|base_1;base_2;closure_carrier;frontier_addition;inactive|base_1;base_3;closure_carrier;frontier_addition;inactive|base_1;base_2;base_3;closure_carrier;frontier_addition;inactive,8//1;12//1;16//1,2975//256,7771//4096,55371//4096,4,complete-enumeration:32
798,L025,1//4,47179//4096,25,base_1;closure_carrier;frontier_addition;inactive,8//1,2975//256,7771//4096,55371//4096,1,complete-enumeration:32
798,L050,1//2,257899//24576,24,closure_carrier;frontier_addition;inactive,4//1,7175//768,25817//8192,307051//24576,1,complete-enumeration:32
798,L100,1//1,208747//24576,24,closure_carrier;frontier_addition;inactive,4//1,7175//768,25817//8192,307051//24576,1,complete-enumeration:32
798,L200,2//1,5639//768,16,frontier_addition;inactive,1//1,7175//768,0//1,7175//768,1,complete-enumeration:32
798,L400,4//1,4103//768,16,frontier_addition;inactive,1//1,7175//768,0//1,7175//768,1,complete-enumeration:32
799,L0,0//1,2275//128,22;23;30;31,base_2;base_3;frontier_addition;inactive|base_1;base_2;base_3;frontier_addition;inactive|base_2;base_3;closure_carrier;frontier_addition;inactive|base_1;base_2;base_3;closure_carrier;frontier_addition;inactive,5//1;7//1;8//1;10//1,2275//128,0//1,2275//128,4,complete-enumeration:32
799,L025,1//4,2115//128,22,base_2;base_3;frontier_addition;inactive,5//1,2275//128,0//1,2275//128,1,complete-enumeration:32
799,L050,1//2,1955//128,22,base_2;base_3;frontier_addition;inactive,5//1,2275//128,0//1,2275//128,1,complete-enumeration:32
799,L100,1//1,1635//128,22,base_2;base_3;frontier_addition;inactive,5//1,2275//128,0//1,2275//128,1,complete-enumeration:32
799,L200,2//1,3121//384,18;20,base_2;frontier_addition;inactive|base_3;frontier_addition;inactive,3//1,5425//384,0//1,5425//384,2,complete-enumeration:32
799,L400,4//1,491//96,16,frontier_addition;inactive,1//1,875//96,0//1,875//96,1,complete-enumeration:32
800,L0,0//1,4725//256,21;23;29;31,base_1;base_3;frontier_addition;inactive|base_1;base_2;base_3;frontier_addition;inactive|base_1;base_3;closure_carrier;frontier_addition;inactive|base_1;base_2;base_3;closure_carrier;frontier_addition;inactive,5//1;7//1;8//1;10//1,4725//256,0//1,4725//256,4,complete-enumeration:32
800,L025,1//4,4405//256,21,base_1;base_3;frontier_addition;inactive,5//1,4725//256,0//1,4725//256,1,complete-enumeration:32
800,L050,1//2,4085//256,21,base_1;base_3;frontier_addition;inactive,5//1,4725//256,0//1,4725//256,1,complete-enumeration:32
800,L100,1//1,3445//256,21,base_1;base_3;frontier_addition;inactive,5//1,4725//256,0//1,4725//256,1,complete-enumeration:32
800,L200,2//1,1157//128,17,base_1;frontier_addition;inactive,3//1,1925//128,0//1,1925//128,1,complete-enumeration:32
800,L400,4//1,1251//256,16,frontier_addition;inactive,1//1,2275//256,0//1,2275//256,1,complete-enumeration:32
801,L0,0//1,2975//256,17;19;21;23;25;27;29;31,base_1;frontier_addition;inactive|base_1;base_2;frontier_addition;inactive|base_1;base_3;frontier_addition;inactive|base_1;base_2;base_3;frontier_addition;inactive|base_1;closure_carrier;frontier_addition;inactive|base_1;base_2;closure_carrier;frontier_addition;inactive|base_1;base_3;closure_carrier;frontier_addition;inactive|base_1;base_2;base_3;closure_carrier;frontier_addition;inactive,5//1;7//1;9//1;11//1;13//1;15//1,2975//256,0//1,2975//256,8,complete-enumeration:32
801,L025,1//4,2655//256,17,base_1;frontier_addition;inactive,5//1,2975//256,0//1,2975//256,1,complete-enumeration:32
801,L050,1//2,2335//256,17,base_1;frontier_addition;inactive,5//1,2975//256,0//1,2975//256,1,complete-enumeration:32
801,L100,1//1,6407//768,16,frontier_addition;inactive,1//1,7175//768,0//1,7175//768,1,complete-enumeration:32
801,L200,2//1,5639//768,16,frontier_addition;inactive,1//1,7175//768,0//1,7175//768,1,complete-enumeration:32
801,L400,4//1,4103//768,16,frontier_addition;inactive,1//1,7175//768,0//1,7175//768,1,complete-enumeration:32
802,L0,0//1,4725//256,22;23;30;31,base_2;base_3;frontier_addition;inactive|base_1;base_2;base_3;frontier_addition;inactive|base_2;base_3;closure_carrier;frontier_addition;inactive|base_1;base_2;base_3;closure_carrier;frontier_addition;inactive,5//1;7//1;9//1,4725//256,0//1,4725//256,4,complete-enumeration:32
802,L025,1//4,4405//256,22,base_2;base_3;frontier_addition;inactive,5//1,4725//256,0//1,4725//256,1,complete-enumeration:32
802,L050,1//2,4085//256,22,base_2;base_3;frontier_addition;inactive,5//1,4725//256,0//1,4725//256,1,complete-enumeration:32
802,L100,1//1,3445//256,22,base_2;base_3;frontier_addition;inactive,5//1,4725//256,0//1,4725//256,1,complete-enumeration:32
802,L200,2//1,1157//128,18,base_2;frontier_addition;inactive,3//1,1925//128,0//1,1925//128,1,complete-enumeration:32
802,L400,4//1,491//96,16,frontier_addition;inactive,1//1,875//96,0//1,875//96,1,complete-enumeration:32
803,L0,0//1,9283//768,25;27;29;31,base_1;closure_carrier;frontier_addition;inactive|base_1;base_2;closure_carrier;frontier_addition;inactive|base_1;base_3;closure_carrier;frontier_addition;inactive|base_1;base_2;base_3;closure_carrier;frontier_addition;inactive,7//1;11//1;15//1,2275//192,61//256,9283//768,4,complete-enumeration:32
803,L025,1//4,2035//192,17,base_1;frontier_addition;inactive,5//1,2275//192,0//1,2275//192,1,complete-enumeration:32
803,L050,1//2,1795//192,17,base_1;frontier_addition;inactive,5//1,2275//192,0//1,2275//192,1,complete-enumeration:32
803,L100,1//1,6757//768,16,frontier_addition;inactive,1//1,7525//768,0//1,7525//768,1,complete-enumeration:32
803,L200,2//1,5989//768,16,frontier_addition;inactive,1//1,7525//768,0//1,7525//768,1,complete-enumeration:32
803,L400,4//1,4453//768,16,frontier_addition;inactive,1//1,7525//768,0//1,7525//768,1,complete-enumeration:32
804,L0,0//1,9275//768,17;19;21;23;25;27;29;31,base_1;frontier_addition;inactive|base_1;base_2;frontier_addition;inactive|base_1;base_3;frontier_addition;inactive|base_1;base_2;base_3;frontier_addition;inactive|base_1;closure_carrier;frontier_addition;inactive|base_1;base_2;closure_carrier;frontier_addition;inactive|base_1;base_3;closure_carrier;frontier_addition;inactive|base_1;base_2;base_3;closure_carrier;frontier_addition;inactive,5//1;8//1;9//1;12//1;13//1;16//1,9275//768,0//1,9275//768,8,complete-enumeration:32
804,L025,1//4,8315//768,17,base_1;frontier_addition;inactive,5//1,9275//768,0//1,9275//768,1,complete-enumeration:32
804,L050,1//2,7355//768,17,base_1;frontier_addition;inactive,5//1,9275//768,0//1,9275//768,1,complete-enumeration:32
804,L100,1//1,1733//192,16,frontier_addition;inactive,1//1,1925//192,0//1,1925//192,1,complete-enumeration:32
804,L200,2//1,1541//192,16,frontier_addition;inactive,1//1,1925//192,0//1,1925//192,1,complete-enumeration:32
804,L400,4//1,1157//192,16,frontier_addition;inactive,1//1,1925//192,0//1,1925//192,1,complete-enumeration:32
805,L0,0//1,4725//256,19;23;27;31,base_1;base_2;frontier_addition;inactive|base_1;base_2;base_3;frontier_addition;inactive|base_1;base_2;closure_carrier;frontier_addition;inactive|base_1;base_2;base_3;closure_carrier;frontier_addition;inactive,5//1;7//1;8//1;10//1,4725//256,0//1,4725//256,4,complete-enumeration:32
805,L025,1//4,4405//256,19,base_1;base_2;frontier_addition;inactive,5//1,4725//256,0//1,4725//256,1,complete-enumeration:32
805,L050,1//2,4085//256,19,base_1;base_2;frontier_addition;inactive,5//1,4725//256,0//1,4725//256,1,complete-enumeration:32
805,L100,1//1,3445//256,19,base_1;base_2;frontier_addition;inactive,5//1,4725//256,0//1,4725//256,1,complete-enumeration:32
805,L200,2//1,1157//128,18,base_2;frontier_addition;inactive,3//1,1925//128,0//1,1925//128,1,complete-enumeration:32
805,L400,4//1,491//96,16,frontier_addition;inactive,1//1,875//96,0//1,875//96,1,complete-enumeration:32
806,L0,0//1,28699//1536,27;31,base_1;base_2;closure_carrier;frontier_addition;inactive|base_1;base_2;base_3;closure_carrier;frontier_addition;inactive,11//1;15//1,875//48,233//512,28699//1536,2,complete-enumeration:32
806,L025,1//4,767//48,19,base_1;base_2;frontier_addition;inactive,9//1,875//48,0//1,875//48,1,complete-enumeration:32
806,L050,1//2,659//48,19,base_1;base_2;frontier_addition;inactive,9//1,875//48,0//1,875//48,1,complete-enumeration:32
806,L100,1//1,115//12,18,base_2;frontier_addition;inactive,5//1,175//12,0//1,175//12,1,complete-enumeration:32
806,L200,2//1,5989//768,16,frontier_addition;inactive,1//1,7525//768,0//1,7525//768,1,complete-enumeration:32
806,L400,4//1,4453//768,16,frontier_addition;inactive,1//1,7525//768,0//1,7525//768,1,complete-enumeration:32
807,L0,0//1,2275//192,17;19;21;23;25;27;29;31,base_1;frontier_addition;inactive|base_1;base_2;frontier_addition;inactive|base_1;base_3;frontier_addition;inactive|base_1;base_2;base_3;frontier_addition;inactive|base_1;closure_carrier;frontier_addition;inactive|base_1;base_2;closure_carrier;frontier_addition;inactive|base_1;base_3;closure_carrier;frontier_addition;inactive|base_1;base_2;base_3;closure_carrier;frontier_addition;inactive,5//1;8//1;9//1;12//1;13//1;16//1,2275//192,0//1,2275//192,8,complete-enumeration:32
807,L025,1//4,2035//192,17,base_1;frontier_addition;inactive,5//1,2275//192,0//1,2275//192,1,complete-enumeration:32
807,L050,1//2,1829//192,16,frontier_addition;inactive,1//1,1925//192,0//1,1925//192,1,complete-enumeration:32
807,L100,1//1,1733//192,16,frontier_addition;inactive,1//1,1925//192,0//1,1925//192,1,complete-enumeration:32
807,L200,2//1,1541//192,16,frontier_addition;inactive,1//1,1925//192,0//1,1925//192,1,complete-enumeration:32
807,L400,4//1,1157//192,16,frontier_addition;inactive,1//1,1925//192,0//1,1925//192,1,complete-enumeration:32
808,L0,0//1,14525//768,21;23;29;31,base_1;base_3;frontier_addition;inactive|base_1;base_2;base_3;frontier_addition;inactive|base_1;base_3;closure_carrier;frontier_addition;inactive|base_1;base_2;base_3;closure_carrier;frontier_addition;inactive,9//1;12//1;13//1;16//1,14525//768,0//1,14525//768,4,complete-enumeration:32
808,L025,1//4,12797//768,21,base_1;base_3;frontier_addition;inactive,9//1,14525//768,0//1,14525//768,1,complete-enumeration:32
808,L050,1//2,11069//768,21,base_1;base_3;frontier_addition;inactive,9//1,14525//768,0//1,14525//768,1,complete-enumeration:32
808,L100,1//1,7885//768,17,base_1;frontier_addition;inactive,5//1,11725//768,0//1,11725//768,1,complete-enumeration:32
808,L200,2//1,1763//256,16,frontier_addition;inactive,1//1,2275//256,0//1,2275//256,1,complete-enumeration:32
808,L400,4//1,1251//256,16,frontier_addition;inactive,1//1,2275//256,0//1,2275//256,1,complete-enumeration:32
809,L0,0//1,2275//128,19;23;27;31,base_1;base_2;frontier_addition;inactive|base_1;base_2;base_3;frontier_addition;inactive|base_1;base_2;closure_carrier;frontier_addition;inactive|base_1;base_2;base_3;closure_carrier;frontier_addition;inactive,9//1;12//1;13//1;16//1,2275//128,0//1,2275//128,4,complete-enumeration:32
809,L025,1//4,1987//128,19,base_1;base_2;frontier_addition;inactive,9//1,2275//128,0//1,2275//128,1,complete-enumeration:32
809,L050,1//2,1699//128,19,base_1;base_2;frontier_addition;inactive,9//1,2275//128,0//1,2275//128,1,complete-enumeration:32
809,L100,1//1,2395//256,18,base_2;frontier_addition;inactive,5//1,3675//256,0//1,3675//256,1,complete-enumeration:32
809,L200,2//1,1763//256,16,frontier_addition;inactive,1//1,2275//256,0//1,2275//256,1,complete-enumeration:32
809,L400,4//1,1251//256,16,frontier_addition;inactive,1//1,2275//256,0//1,2275//256,1,complete-enumeration:32
810,L0,0//1,875//48,19;23;27;31,base_1;base_2;frontier_addition;inactive|base_1;base_2;base_3;frontier_addition;inactive|base_1;base_2;closure_carrier;frontier_addition;inactive|base_1;base_2;base_3;closure_carrier;frontier_addition;inactive,9//1;11//1;13//1;15//1,875//48,0//1,875//48,4,complete-enumeration:32
810,L025,1//4,767//48,19,base_1;base_2;frontier_addition;inactive,9//1,875//48,0//1,875//48,1,complete-enumeration:32
810,L050,1//2,659//48,19,base_1;base_2;frontier_addition;inactive,9//1,875//48,0//1,875//48,1,complete-enumeration:32
810,L100,1//1,115//12,17;18,base_1;frontier_addition;inactive|base_2;frontier_addition;inactive,5//1,175//12,0//1,175//12,2,complete-enumeration:32
810,L200,2//1,683//96,16,frontier_addition;inactive,1//1,875//96,0//1,875//96,1,complete-enumeration:32
810,L400,4//1,491//96,16,frontier_addition;inactive,1//1,875//96,0//1,875//96,1,complete-enumeration:32
811,L0,0//1,13825//768,19;23;27;31,base_1;base_2;frontier_addition;inactive|base_1;base_2;base_3;frontier_addition;inactive|base_1;base_2;closure_carrier;frontier_addition;inactive|base_1;base_2;base_3;closure_carrier;frontier_addition;inactive,9//1;11//1;13//1;15//1,13825//768,0//1,13825//768,4,complete-enumeration:32
811,L025,1//4,12097//768,19,base_1;base_2;frontier_addition;inactive,9//1,13825//768,0//1,13825//768,1,complete-enumeration:32
811,L050,1//2,10369//768,19,base_1;base_2;frontier_addition;inactive,9//1,13825//768,0//1,13825//768,1,complete-enumeration:32
811,L100,1//1,7535//768,17,base_1;frontier_addition;inactive,5//1,11375//768,0//1,11375//768,1,complete-enumeration:32
811,L200,2//1,5639//768,16,frontier_addition;inactive,1//1,7175//768,0//1,7175//768,1,complete-enumeration:32
811,L400,4//1,4103//768,16,frontier_addition;inactive,1//1,7175//768,0//1,7175//768,1,complete-enumeration:32
812,L0,0//1,4375//384,17;19;21;23;25;27;29;31,base_1;frontier_addition;inactive|base_1;base_2;frontier_addition;inactive|base_1;base_3;frontier_addition;inactive|base_1;base_2;base_3;frontier_addition;inactive|base_1;closure_carrier;frontier_addition;inactive|base_1;base_2;closure_carrier;frontier_addition;inactive|base_1;base_3;closure_carrier;frontier_addition;inactive|base_1;base_2;base_3;closure_carrier;frontier_addition;inactive,3//1;5//1;7//1;9//1,4375//384,0//1,4375//384,8,complete-enumeration:32
812,L025,1//4,4087//384,17,base_1;frontier_addition;inactive,3//1,4375//384,0//1,4375//384,1,complete-enumeration:32
812,L050,1//2,3799//384,17,base_1;frontier_addition;inactive,3//1,4375//384,0//1,4375//384,1,complete-enumeration:32
812,L100,1//1,6757//768,16,frontier_addition;inactive,1//1,7525//768,0//1,7525//768,1,complete-enumeration:32
812,L200,2//1,5989//768,16,frontier_addition;inactive,1//1,7525//768,0//1,7525//768,1,complete-enumeration:32
812,L400,4//1,4453//768,16,frontier_addition;inactive,1//1,7525//768,0//1,7525//768,1,complete-enumeration:32
813,L0,0//1,4601//384,25;27;29;31,base_1;closure_carrier;frontier_addition;inactive|base_1;base_2;closure_carrier;frontier_addition;inactive|base_1;base_3;closure_carrier;frontier_addition;inactive|base_1;base_2;base_3;closure_carrier;frontier_addition;inactive,6//1;8//1;10//1,2275//192,17//128,4601//384,4,complete-enumeration:32
813,L025,1//4,2131//192,17,base_1;frontier_addition;inactive,3//1,2275//192,0//1,2275//192,1,complete-enumeration:32
813,L050,1//2,3991//384,1,base_1;inactive,2//1,4375//384,0//1,4375//384,1,complete-enumeration:32
813,L100,1//1,3607//384,1,base_1;inactive,2//1,4375//384,0//1,4375//384,1,complete-enumeration:32
813,L200,2//1,969//128,16,frontier_addition;inactive,1//1,1225//128,0//1,1225//128,1,complete-enumeration:32
813,L400,4//1,713//128,16,frontier_addition;inactive,1//1,1225//128,0//1,1225//128,1,complete-enumeration:32
814,L0,0//1,9275//768,17;19;21;23;25;27;29;31,base_1;frontier_addition;inactive|base_1;base_2;frontier_addition;inactive|base_1;base_3;frontier_addition;inactive|base_1;base_2;base_3;frontier_addition;inactive|base_1;closure_carrier;frontier_addition;inactive|base_1;base_2;closure_carrier;frontier_addition;inactive|base_1;base_3;closure_carrier;frontier_addition;inactive|base_1;base_2;base_3;closure_carrier;frontier_addition;inactive,5//1;7//1;9//1;11//1;13//1;15//1,9275//768,0//1,9275//768,8,complete-enumeration:32
814,L025,1//4,8315//768,17,base_1;frontier_addition;inactive,5//1,9275//768,0//1,9275//768,1,complete-enumeration:32
814,L050,1//2,2497//256,16,frontier_addition;inactive,1//1,2625//256,0//1,2625//256,1,complete-enumeration:32
814,L100,1//1,2369//256,16,frontier_addition;inactive,1//1,2625//256,0//1,2625//256,1,complete-enumeration:32
814,L200,2//1,2113//256,16,frontier_addition;inactive,1//1,2625//256,0//1,2625//256,1,complete-enumeration:32
814,L400,4//1,1601//256,16,frontier_addition;inactive,1//1,2625//256,0//1,2625//256,1,complete-enumeration:32
815,L0,0//1,9283//768,25;27;29;31,base_1;closure_carrier;frontier_addition;inactive|base_1;base_2;closure_carrier;frontier_addition;inactive|base_1;base_3;closure_carrier;frontier_addition;inactive|base_1;base_2;base_3;closure_carrier;frontier_addition;inactive,8//1;12//1;16//1,2275//192,61//256,9283//768,4,complete-enumeration:32
815,L025,1//4,2035//192,17,base_1;frontier_addition;inactive,5//1,2275//192,0//1,2275//192,1,complete-enumeration:32
815,L050,1//2,2497//256,16,frontier_addition;inactive,1//1,2625//256,0//1,2625//256,1,complete-enumeration:32
815,L100,1//1,2369//256,16,frontier_addition;inactive,1//1,2625//256,0//1,2625//256,1,complete-enumeration:32
815,L200,2//1,2113//256,16,frontier_addition;inactive,1//1,2625//256,0//1,2625//256,1,complete-enumeration:32
815,L400,4//1,1601//256,16,frontier_addition;inactive,1//1,2625//256,0//1,2625//256,1,complete-enumeration:32
816,L0,0//1,36145//3072,25;27;29;31,base_1;closure_carrier;frontier_addition;inactive|base_1;base_2;closure_carrier;frontier_addition;inactive|base_1;base_3;closure_carrier;frontier_addition;inactive|base_1;base_2;base_3;closure_carrier;frontier_addition;inactive,7//1;11//1;15//1,4375//384,1145//3072,36145//3072,4,complete-enumeration:32
816,L025,1//4,3895//384,17,base_1;frontier_addition;inactive,5//1,4375//384,0//1,4375//384,1,complete-enumeration:32
816,L050,1//2,1225695//131072,24,closure_carrier;frontier_addition;inactive,3//1,7525//768,414109//393216,1422303//131072,1,complete-enumeration:32
816,L100,1//1,6757//768,16,frontier_addition;inactive,1//1,7525//768,0//1,7525//768,1,complete-enumeration:32
816,L200,2//1,5989//768,16,frontier_addition;inactive,1//1,7525//768,0//1,7525//768,1,complete-enumeration:32
816,L400,4//1,4453//768,16,frontier_addition;inactive,1//1,7525//768,0//1,7525//768,1,complete-enumeration:32
817,L0,0//1,299291//24576,25;27;29;31,base_1;closure_carrier;frontier_addition;inactive|base_1;base_2;closure_carrier;frontier_addition;inactive|base_1;base_3;closure_carrier;frontier_addition;inactive|base_1;base_2;base_3;closure_carrier;frontier_addition;inactive,7//1;11//1;15//1,9275//768,2491//24576,299291//24576,4,complete-enumeration:32
817,L025,1//4,8315//768,17,base_1;frontier_addition;inactive,5//1,9275//768,0//1,9275//768,1,complete-enumeration:32
817,L050,1//2,2497//256,16,frontier_addition;inactive,1//1,2625//256,0//1,2625//256,1,complete-enumeration:32
817,L100,1//1,2369//256,16,frontier_addition;inactive,1//1,2625//256,0//1,2625//256,1,complete-enumeration:32
817,L200,2//1,2113//256,16,frontier_addition;inactive,1//1,2625//256,0//1,2625//256,1,complete-enumeration:32
817,L400,4//1,1601//256,16,frontier_addition;inactive,1//1,2625//256,0//1,2625//256,1,complete-enumeration:32
818,L0,0//1,4725//256,19;23;27;31,base_1;base_2;frontier_addition;inactive|base_1;base_2;base_3;frontier_addition;inactive|base_1;base_2;closure_carrier;frontier_addition;inactive|base_1;base_2;base_3;closure_carrier;frontier_addition;inactive,5//1;7//1;8//1;10//1,4725//256,0//1,4725//256,4,complete-enumeration:32
818,L025,1//4,4405//256,19,base_1;base_2;frontier_addition;inactive,5//1,4725//256,0//1,4725//256,1,complete-enumeration:32
818,L050,1//2,4085//256,19,base_1;base_2;frontier_addition;inactive,5//1,4725//256,0//1,4725//256,1,complete-enumeration:32
818,L100,1//1,3445//256,19,base_1;base_2;frontier_addition;inactive,5//1,4725//256,0//1,4725//256,1,complete-enumeration:32
818,L200,2//1,6767//768,17,base_1;frontier_addition;inactive,3//1,11375//768,0//1,11375//768,1,complete-enumeration:32
818,L400,4//1,491//96,16,frontier_addition;inactive,1//1,875//96,0//1,875//96,1,complete-enumeration:32
819,L0,0//1,28349//1536,30;31,base_2;base_3;closure_carrier;frontier_addition;inactive|base_1;base_2;base_3;closure_carrier;frontier_addition;inactive,7//1;9//1,13825//768,233//512,28349//1536,2,complete-enumeration:32
819,L025,1//4,12865//768,22,base_2;base_3;frontier_addition;inactive,5//1,13825//768,0//1,13825//768,1,complete-enumeration:32
819,L050,1//2,11905//768,22,base_2;base_3;frontier_addition;inactive,5//1,13825//768,0//1,13825//768,1,complete-enumeration:32
819,L100,1//1,9985//768,22,base_2;base_3;frontier_addition;inactive,5//1,13825//768,0//1,13825//768,1,complete-enumeration:32
819,L200,2//1,6767//768,20,base_3;frontier_addition;inactive,3//1,11375//768,0//1,11375//768,1,complete-enumeration:32
819,L400,4//1,713//128,16,frontier_addition;inactive,1//1,1225//128,0//1,1225//128,1,complete-enumeration:32
820,L0,0//1,156605//12288,25;27;29;31,base_1;closure_carrier;frontier_addition;inactive|base_1;base_2;closure_carrier;frontier_addition;inactive|base_1;base_3;closure_carrier;frontier_addition;inactive|base_1;base_2;base_3;closure_carrier;frontier_addition;inactive,6//1;8//1;10//1,9275//768,2735//4096,156605//12288,4,complete-enumeration:32
820,L025,1//4,8699//768,17,base_1;frontier_addition;inactive,3//1,9275//768,0//1,9275//768,1,complete-enumeration:32
820,L050,1//2,8123//768,17,base_1;frontier_addition;inactive,3//1,9275//768,0//1,9275//768,1,complete-enumeration:32
820,L100,1//1,3607//384,1,base_1;inactive,2//1,4375//384,0//1,4375//384,1,complete-enumeration:32
820,L200,2//1,1541//192,16,frontier_addition;inactive,1//1,1925//192,0//1,1925//192,1,complete-enumeration:32
820,L400,4//1,1157//192,16,frontier_addition;inactive,1//1,1925//192,0//1,1925//192,1,complete-enumeration:32
821,L0,0//1,2975//256,17;19;21;23;25;27;29;31,base_1;frontier_addition;inactive|base_1;base_2;frontier_addition;inactive|base_1;base_3;frontier_addition;inactive|base_1;base_2;base_3;frontier_addition;inactive|base_1;closure_carrier;frontier_addition;inactive|base_1;base_2;closure_carrier;frontier_addition;inactive|base_1;base_3;closure_carrier;frontier_addition;inactive|base_1;base_2;base_3;closure_carrier;frontier_addition;inactive,3//1;5//1;7//1;9//1,2975//256,0//1,2975//256,8,complete-enumeration:32
821,L025,1//4,2783//256,17,base_1;frontier_addition;inactive,3//1,2975//256,0//1,2975//256,1,complete-enumeration:32
821,L050,1//2,2591//256,17,base_1;frontier_addition;inactive,3//1,2975//256,0//1,2975//256,1,complete-enumeration:32
821,L100,1//1,6757//768,16,frontier_addition;inactive,1//1,7525//768,0//1,7525//768,1,complete-enumeration:32
821,L200,2//1,5989//768,16,frontier_addition;inactive,1//1,7525//768,0//1,7525//768,1,complete-enumeration:32
821,L400,4//1,4453//768,16,frontier_addition;inactive,1//1,7525//768,0//1,7525//768,1,complete-enumeration:32
822,L0,0//1,949141//49152,29;31,base_1;base_3;closure_carrier;frontier_addition;inactive|base_1;base_2;base_3;closure_carrier;frontier_addition;inactive,12//1;16//1,7175//384,10247//16384,949141//49152,2,complete-enumeration:32
822,L025,1//4,6311//384,21,base_1;base_3;frontier_addition;inactive,9//1,7175//384,0//1,7175//384,1,complete-enumeration:32
822,L050,1//2,5447//384,21,base_1;base_3;frontier_addition;inactive,9//1,7175//384,0//1,7175//384,1,complete-enumeration:32
822,L100,1//1,2855//256,24,closure_carrier;frontier_addition;inactive,4//1,1225//128,1429//256,3879//256,1,complete-enumeration:32
822,L200,2//1,5639//768,16,frontier_addition;inactive,1//1,7175//768,0//1,7175//768,1,complete-enumeration:32
822,L400,4//1,4103//768,16,frontier_addition;inactive,1//1,7175//768,0//1,7175//768,1,complete-enumeration:32
823,L0,0//1,259643//12288,29;31,base_1;base_3;closure_carrier;frontier_addition;inactive|base_1;base_2;base_3;closure_carrier;frontier_addition;inactive,8//1;10//1,875//48,11881//4096,259643//12288,2,complete-enumeration:32
823,L025,1//4,235067//12288,29,base_1;base_3;closure_carrier;frontier_addition;inactive,8//1,875//48,11881//4096,259643//12288,1,complete-enumeration:32
823,L050,1//2,210491//12288,29,base_1;base_3;closure_carrier;frontier_addition;inactive,8//1,875//48,11881//4096,259643//12288,1,complete-enumeration:32
823,L100,1//1,668135//49152,25,base_1;closure_carrier;frontier_addition;inactive,6//1,11375//768,78349//16384,963047//49152,1,complete-enumeration:32
823,L200,2//1,110989//12288,24,closure_carrier;frontier_addition;inactive,4//1,875//96,32431//4096,209293//12288,1,complete-enumeration:32
823,L400,4//1,1251//256,16,frontier_addition;inactive,1//1,2275//256,0//1,2275//256,1,complete-enumeration:32
824,L0,0//1,875//48,22;23;30;31,base_2;base_3;frontier_addition;inactive|base_1;base_2;base_3;frontier_addition;inactive|base_2;base_3;closure_carrier;frontier_addition;inactive|base_1;base_2;base_3;closure_carrier;frontier_addition;inactive,9//1;12//1;13//1;16//1,875//48,0//1,875//48,4,complete-enumeration:32
824,L025,1//4,767//48,22,base_2;base_3;frontier_addition;inactive,9//1,875//48,0//1,875//48,1,complete-enumeration:32
824,L050,1//2,659//48,22,base_2;base_3;frontier_addition;inactive,9//1,875//48,0//1,875//48,1,complete-enumeration:32
824,L100,1//1,115//12,18;20,base_2;frontier_addition;inactive|base_3;frontier_addition;inactive,5//1,175//12,0//1,175//12,2,complete-enumeration:32
824,L200,2//1,5639//768,16,frontier_addition;inactive,1//1,7175//768,0//1,7175//768,1,complete-enumeration:32
824,L400,4//1,4103//768,16,frontier_addition;inactive,1//1,7175//768,0//1,7175//768,1,complete-enumeration:32
825,L0,0//1,198349//16384,25;27;29;31,base_1;closure_carrier;frontier_addition;inactive|base_1;base_2;closure_carrier;frontier_addition;inactive|base_1;base_3;closure_carrier;frontier_addition;inactive|base_1;base_2;base_3;closure_carrier;frontier_addition;inactive,5//1;7//1;9//1,9275//768,1447//49152,198349//16384,4,complete-enumeration:32
825,L025,1//4,8699//768,17,base_1;frontier_addition;inactive,3//1,9275//768,0//1,9275//768,1,complete-enumeration:32
825,L050,1//2,8123//768,17,base_1;frontier_addition;inactive,3//1,9275//768,0//1,9275//768,1,complete-enumeration:32
825,L100,1//1,3607//384,1,base_1;inactive,2//1,4375//384,0//1,4375//384,1,complete-enumeration:32
825,L200,2//1,1541//192,16,frontier_addition;inactive,1//1,1925//192,0//1,1925//192,1,complete-enumeration:32
825,L400,4//1,1157//192,16,frontier_addition;inactive,1//1,1925//192,0//1,1925//192,1,complete-enumeration:32
826,L0,0//1,1399//64,30;31,base_2;base_3;closure_carrier;frontier_addition;inactive|base_1;base_2;base_3;closure_carrier;frontier_addition;inactive,11//1;15//1,4725//256,871//256,1399//64,2,complete-enumeration:32
826,L025,1//4,1223//64,30,base_2;base_3;closure_carrier;frontier_addition;inactive,11//1,4725//256,871//256,1399//64,1,complete-enumeration:32
826,L050,1//2,51365//3072,26;28,base_2;closure_carrier;frontier_addition;inactive|base_3;closure_carrier;frontier_addition;inactive,7//1,11375//768,5539//1024,62117//3072,2,complete-enumeration:32
826,L100,1//1,367823//24576,24,closure_carrier;frontier_addition;inactive,3//1,7525//768,66917//8192,441551//24576,1,complete-enumeration:32
826,L200,2//1,294095//24576,24,closure_carrier;frontier_addition;inactive,3//1,7525//768,66917//8192,441551//24576,1,complete-enumeration:32
826,L400,4//1,111267//16384,8,closure_carrier;inactive,2//1,175//64,197539//16384,242339//16384,1,complete-enumeration:32
827,L0,0//1,3009//256,25;27;29;31,base_1;closure_carrier;frontier_addition;inactive|base_1;base_2;closure_carrier;frontier_addition;inactive|base_1;base_3;closure_carrier;frontier_addition;inactive|base_1;base_2;base_3;closure_carrier;frontier_addition;inactive,8//1;12//1;16//1,2975//256,17//128,3009//256,4,complete-enumeration:32
827,L025,1//4,2655//256,17,base_1;frontier_addition;inactive,5//1,2975//256,0//1,2975//256,1,complete-enumeration:32
827,L050,1//2,1829//192,16,frontier_addition;inactive,1//1,1925//192,0//1,1925//192,1,complete-enumeration:32
827,L100,1//1,1733//192,16,frontier_addition;inactive,1//1,1925//192,0//1,1925//192,1,complete-enumeration:32
827,L200,2//1,1541//192,16,frontier_addition;inactive,1//1,1925//192,0//1,1925//192,1,complete-enumeration:32
827,L400,4//1,1157//192,16,frontier_addition;inactive,1//1,1925//192,0//1,1925//192,1,complete-enumeration:32
828,L0,0//1,3009//256,25;27;29;31,base_1;closure_carrier;frontier_addition;inactive|base_1;base_2;closure_carrier;frontier_addition;inactive|base_1;base_3;closure_carrier;frontier_addition;inactive|base_1;base_2;base_3;closure_carrier;frontier_addition;inactive,7//1;11//1;15//1,2975//256,17//128,3009//256,4,complete-enumeration:32
828,L025,1//4,2655//256,17,base_1;frontier_addition;inactive,5//1,2975//256,0//1,2975//256,1,complete-enumeration:32
828,L050,1//2,1829//192,16,frontier_addition;inactive,1//1,1925//192,0//1,1925//192,1,complete-enumeration:32
828,L100,1//1,1733//192,16,frontier_addition;inactive,1//1,1925//192,0//1,1925//192,1,complete-enumeration:32
828,L200,2//1,1541//192,16,frontier_addition;inactive,1//1,1925//192,0//1,1925//192,1,complete-enumeration:32
828,L400,4//1,1157//192,16,frontier_addition;inactive,1//1,1925//192,0//1,1925//192,1,complete-enumeration:32
829,L0,0//1,2275//192,17;19;21;23;25;27;29;31,base_1;frontier_addition;inactive|base_1;base_2;frontier_addition;inactive|base_1;base_3;frontier_addition;inactive|base_1;base_2;base_3;frontier_addition;inactive|base_1;closure_carrier;frontier_addition;inactive|base_1;base_2;closure_carrier;frontier_addition;inactive|base_1;base_3;closure_carrier;frontier_addition;inactive|base_1;base_2;base_3;closure_carrier;frontier_addition;inactive,3//1;5//1;7//1;9//1,2275//192,0//1,2275//192,8,complete-enumeration:32
829,L025,1//4,2131//192,17,base_1;frontier_addition;inactive,3//1,2275//192,0//1,2275//192,1,complete-enumeration:32
829,L050,1//2,1987//192,17,base_1;frontier_addition;inactive,3//1,2275//192,0//1,2275//192,1,complete-enumeration:32
829,L100,1//1,7039//768,1,base_1;inactive,2//1,8575//768,0//1,8575//768,1,complete-enumeration:32
829,L200,2//1,5639//768,16,frontier_addition;inactive,1//1,7175//768,0//1,7175//768,1,complete-enumeration:32
829,L400,4//1,4103//768,16,frontier_addition;inactive,1//1,7175//768,0//1,7175//768,1,complete-enumeration:32
830,L0,0//1,9275//768,17;19;21;23;25;27;29;31,base_1;frontier_addition;inactive|base_1;base_2;frontier_addition;inactive|base_1;base_3;frontier_addition;inactive|base_1;base_2;base_3;frontier_addition;inactive|base_1;closure_carrier;frontier_addition;inactive|base_1;base_2;closure_carrier;frontier_addition;inactive|base_1;base_3;closure_carrier;frontier_addition;inactive|base_1;base_2;base_3;closure_carrier;frontier_addition;inactive,5//1;7//1;9//1;11//1;13//1;15//1,9275//768,0//1,9275//768,8,complete-enumeration:32
830,L025,1//4,8315//768,17,base_1;frontier_addition;inactive,5//1,9275//768,0//1,9275//768,1,complete-enumeration:32
830,L050,1//2,2497//256,16,frontier_addition;inactive,1//1,2625//256,0//1,2625//256,1,complete-enumeration:32
830,L100,1//1,2369//256,16,frontier_addition;inactive,1//1,2625//256,0//1,2625//256,1,complete-enumeration:32
830,L200,2//1,2113//256,16,frontier_addition;inactive,1//1,2625//256,0//1,2625//256,1,complete-enumeration:32
830,L400,4//1,1601//256,16,frontier_addition;inactive,1//1,2625//256,0//1,2625//256,1,complete-enumeration:32
831,L0,0//1,1575//128,17;19;21;23;25;27;29;31,base_1;frontier_addition;inactive|base_1;base_2;frontier_addition;inactive|base_1;base_3;frontier_addition;inactive|base_1;base_2;base_3;frontier_addition;inactive|base_1;closure_carrier;frontier_addition;inactive|base_1;base_2;closure_carrier;frontier_addition;inactive|base_1;base_3;closure_carrier;frontier_addition;inactive|base_1;base_2;base_3;closure_carrier;frontier_addition;inactive,5//1;8//1;9//1;12//1;13//1;16//1,1575//128,0//1,1575//128,8,complete-enumeration:32
831,L025,1//4,1415//128,17,base_1;frontier_addition;inactive,5//1,1575//128,0//1,1575//128,1,complete-enumeration:32
831,L050,1//2,1255//128,17,base_1;frontier_addition;inactive,5//1,1575//128,0//1,1575//128,1,complete-enumeration:32
831,L100,1//1,1733//192,16,frontier_addition;inactive,1//1,1925//192,0//1,1925//192,1,complete-enumeration:32
831,L200,2//1,1541//192,16,frontier_addition;inactive,1//1,1925//192,0//1,1925//192,1,complete-enumeration:32
831,L400,4//1,1157//192,16,frontier_addition;inactive,1//1,1925//192,0//1,1925//192,1,complete-enumeration:32
832,L0,0//1,160513//12288,25;27;29;31,base_1;closure_carrier;frontier_addition;inactive|base_1;base_2;closure_carrier;frontier_addition;inactive|base_1;base_3;closure_carrier;frontier_addition;inactive|base_1;base_2;base_3;closure_carrier;frontier_addition;inactive,6//1;8//1;10//1,8575//768,7771//4096,160513//12288,4,complete-enumeration:32
832,L025,1//4,142081//12288,25,base_1;closure_carrier;frontier_addition;inactive,6//1,8575//768,7771//4096,160513//12288,1,complete-enumeration:32
832,L050,1//2,256769//24576,24,closure_carrier;frontier_addition;inactive,4//1,7525//768,21707//8192,305921//24576,1,complete-enumeration:32
832,L100,1//1,6757//768,16,frontier_addition;inactive,1//1,7525//768,0//1,7525//768,1,complete-enumeration:32
832,L200,2//1,5989//768,16,frontier_addition;inactive,1//1,7525//768,0//1,7525//768,1,complete-enumeration:32
832,L400,4//1,4453//768,16,frontier_addition;inactive,1//1,7525//768,0//1,7525//768,1,complete-enumeration:32
833,L0,0//1,28713//2048,25;27;29;31,base_1;closure_carrier;frontier_addition;inactive|base_1;base_2;closure_carrier;frontier_addition;inactive|base_1;base_3;closure_carrier;frontier_addition;inactive|base_1;base_2;base_3;closure_carrier;frontier_addition;inactive,7//1;11//1;15//1,2975//256,4913//2048,28713//2048,4,complete-enumeration:32
833,L025,1//4,103673//8192,24,closure_carrier;frontier_addition;inactive,3//1,2625//256,25817//8192,109817//8192,1,complete-enumeration:32
833,L050,1//2,97529//8192,24,closure_carrier;frontier_addition;inactive,3//1,2625//256,25817//8192,109817//8192,1,complete-enumeration:32
833,L100,1//1,85241//8192,24,closure_carrier;frontier_addition;inactive,3//1,2625//256,25817//8192,109817//8192,1,complete-enumeration:32
833,L200,2//1,2113//256,16,frontier_addition;inactive,1//1,2625//256,0//1,2625//256,1,complete-enumeration:32
833,L400,4//1,1601//256,16,frontier_addition;inactive,1//1,2625//256,0//1,2625//256,1,complete-enumeration:32
834,L0,0//1,616049//49152,25;27;29;31,base_1;closure_carrier;frontier_addition;inactive|base_1;base_2;closure_carrier;frontier_addition;inactive|base_1;base_3;closure_carrier;frontier_addition;inactive|base_1;base_2;base_3;closure_carrier;frontier_addition;inactive,8//1;12//1;16//1,9275//768,7483//16384,616049//49152,4,complete-enumeration:32
834,L025,1//4,8315//768,17,base_1;frontier_addition;inactive,5//1,9275//768,0//1,9275//768,1,complete-enumeration:32
834,L050,1//2,7355//768,17,base_1;frontier_addition;inactive,5//1,9275//768,0//1,9275//768,1,complete-enumeration:32
834,L100,1//1,6757//768,16,frontier_addition;inactive,1//1,7525//768,0//1,7525//768,1,complete-enumeration:32
834,L200,2//1,5989//768,16,frontier_addition;inactive,1//1,7525//768,0//1,7525//768,1,complete-enumeration:32
834,L400,4//1,4453//768,16,frontier_addition;inactive,1//1,7525//768,0//1,7525//768,1,complete-enumeration:32
835,L0,0//1,14789//768,27;31,base_1;base_2;closure_carrier;frontier_addition;inactive|base_1;base_2;base_3;closure_carrier;frontier_addition;inactive,11//1;15//1,14525//768,11//32,14789//768,2,complete-enumeration:32
835,L025,1//4,12797//768,19,base_1;base_2;frontier_addition;inactive,9//1,14525//768,0//1,14525//768,1,complete-enumeration:32
835,L050,1//2,11069//768,19,base_1;base_2;frontier_addition;inactive,9//1,14525//768,0//1,14525//768,1,complete-enumeration:32
835,L100,1//1,7885//768,17,base_1;frontier_addition;inactive,5//1,11725//768,0//1,11725//768,1,complete-enumeration:32
835,L200,2//1,969//128,16,frontier_addition;inactive,1//1,1225//128,0//1,1225//128,1,complete-enumeration:32
835,L400,4//1,713//128,16,frontier_addition;inactive,1//1,1225//128,0//1,1225//128,1,complete-enumeration:32
836,L0,0//1,7175//384,19;23;27;31,base_1;base_2;frontier_addition;inactive|base_1;base_2;base_3;frontier_addition;inactive|base_1;base_2;closure_carrier;frontier_addition;inactive|base_1;base_2;base_3;closure_carrier;frontier_addition;inactive,5//1;7//1;8//1;10//1,7175//384,0//1,7175//384,4,complete-enumeration:32
836,L025,1//4,6695//384,19,base_1;base_2;frontier_addition;inactive,5//1,7175//384,0//1,7175//384,1,complete-enumeration:32
836,L050,1//2,6215//384,19,base_1;base_2;frontier_addition;inactive,5//1,7175//384,0//1,7175//384,1,complete-enumeration:32
836,L100,1//1,5255//384,19,base_1;base_2;frontier_addition;inactive,5//1,7175//384,0//1,7175//384,1,complete-enumeration:32
836,L200,2//1,6767//768,17;18,base_1;frontier_addition;inactive|base_2;frontier_addition;inactive,3//1,11375//768,0//1,11375//768,2,complete-enumeration:32
836,L400,4//1,491//96,16,frontier_addition;inactive,1//1,875//96,0//1,875//96,1,complete-enumeration:32
837,L0,0//1,13825//768,21;23;29;31,base_1;base_3;frontier_addition;inactive|base_1;base_2;base_3;frontier_addition;inactive|base_1;base_3;closure_carrier;frontier_addition;inactive|base_1;base_2;base_3;closure_carrier;frontier_addition;inactive,9//1;11//1;13//1;15//1,13825//768,0//1,13825//768,4,complete-enumeration:32
837,L025,1//4,12097//768,21,base_1;base_3;frontier_addition;inactive,9//1,13825//768,0//1,13825//768,1,complete-enumeration:32
837,L050,1//2,10369//768,21,base_1;base_3;frontier_addition;inactive,9//1,13825//768,0//1,13825//768,1,complete-enumeration:32
837,L100,1//1,115//12,20,base_3;frontier_addition;inactive,5//1,175//12,0//1,175//12,1,complete-enumeration:32
837,L200,2//1,2557//384,16,frontier_addition;inactive,1//1,3325//384,0//1,3325//384,1,complete-enumeration:32
837,L400,4//1,1789//384,16,frontier_addition;inactive,1//1,3325//384,0//1,3325//384,1,complete-enumeration:32
838,L0,0//1,4375//384,17;19;21;23;25;27;29;31,base_1;frontier_addition;inactive|base_1;base_2;frontier_addition;inactive|base_1;base_3;frontier_addition;inactive|base_1;base_2;base_3;frontier_addition;inactive|base_1;closure_carrier;frontier_addition;inactive|base_1;base_2;closure_carrier;frontier_addition;inactive|base_1;base_3;closure_carrier;frontier_addition;inactive|base_1;base_2;base_3;closure_carrier;frontier_addition;inactive,5//1;8//1;9//1;12//1;13//1;16//1,4375//384,0//1,4375//384,8,complete-enumeration:32
838,L025,1//4,3895//384,17,base_1;frontier_addition;inactive,5//1,4375//384,0//1,4375//384,1,complete-enumeration:32
838,L050,1//2,7141//768,16,frontier_addition;inactive,1//1,7525//768,0//1,7525//768,1,complete-enumeration:32
838,L100,1//1,6757//768,16,frontier_addition;inactive,1//1,7525//768,0//1,7525//768,1,complete-enumeration:32
838,L200,2//1,5989//768,16,frontier_addition;inactive,1//1,7525//768,0//1,7525//768,1,complete-enumeration:32
838,L400,4//1,4453//768,16,frontier_addition;inactive,1//1,7525//768,0//1,7525//768,1,complete-enumeration:32
839,L0,0//1,952049//49152,29;31,base_1;base_3;closure_carrier;frontier_addition;inactive|base_1;base_2;base_3;closure_carrier;frontier_addition;inactive,7//1;9//1,14525//768,7483//16384,952049//49152,2,complete-enumeration:32
839,L025,1//4,13565//768,21,base_1;base_3;frontier_addition;inactive,5//1,14525//768,0//1,14525//768,1,complete-enumeration:32
839,L050,1//2,12605//768,21,base_1;base_3;frontier_addition;inactive,5//1,14525//768,0//1,14525//768,1,complete-enumeration:32
839,L100,1//1,10685//768,21,base_1;base_3;frontier_addition;inactive,5//1,14525//768,0//1,14525//768,1,complete-enumeration:32
839,L200,2//1,6845//768,21,base_1;base_3;frontier_addition;inactive,5//1,14525//768,0//1,14525//768,1,complete-enumeration:32
839,L400,4//1,4103//768,16,frontier_addition;inactive,1//1,7175//768,0//1,7175//768,1,complete-enumeration:32
840,L0,0//1,4725//256,22;23;30;31,base_2;base_3;frontier_addition;inactive|base_1;base_2;base_3;frontier_addition;inactive|base_2;base_3;closure_carrier;frontier_addition;inactive|base_1;base_2;base_3;closure_carrier;frontier_addition;inactive,9//1;12//1;13//1;16//1,4725//256,0//1,4725//256,4,complete-enumeration:32
840,L025,1//4,4149//256,22,base_2;base_3;frontier_addition;inactive,9//1,4725//256,0//1,4725//256,1,complete-enumeration:32
840,L050,1//2,3573//256,22,base_2;base_3;frontier_addition;inactive,9//1,4725//256,0//1,4725//256,1,complete-enumeration:32
840,L100,1//1,7535//768,20,base_3;frontier_addition;inactive,5//1,11375//768,0//1,11375//768,1,complete-enumeration:32
840,L200,2//1,969//128,16,frontier_addition;inactive,1//1,1225//128,0//1,1225//128,1,complete-enumeration:32
840,L400,4//1,713//128,16,frontier_addition;inactive,1//1,1225//128,0//1,1225//128,1,complete-enumeration:32
841,L0,0//1,1575//128,17;19;21;23;25;27;29;31,base_1;frontier_addition;inactive|base_1;base_2;frontier_addition;inactive|base_1;base_3;frontier_addition;inactive|base_1;base_2;base_3;frontier_addition;inactive|base_1;closure_carrier;frontier_addition;inactive|base_1;base_2;closure_carrier;frontier_addition;inactive|base_1;base_3;closure_carrier;frontier_addition;inactive|base_1;base_2;base_3;closure_carrier;frontier_addition;inactive,5//1;7//1;9//1;11//1;13//1;15//1,1575//128,0//1,1575//128,8,complete-enumeration:32
841,L025,1//4,1415//128,17,base_1;frontier_addition;inactive,5//1,1575//128,0//1,1575//128,1,complete-enumeration:32
841,L050,1//2,1255//128,17,base_1;frontier_addition;inactive,5//1,1575//128,0//1,1575//128,1,complete-enumeration:32
841,L100,1//1,2369//256,16,frontier_addition;inactive,1//1,2625//256,0//1,2625//256,1,complete-enumeration:32
841,L200,2//1,2113//256,16,frontier_addition;inactive,1//1,2625//256,0//1,2625//256,1,complete-enumeration:32
841,L400,4//1,1601//256,16,frontier_addition;inactive,1//1,2625//256,0//1,2625//256,1,complete-enumeration:32
842,L0,0//1,4725//256,21;23;29;31,base_1;base_3;frontier_addition;inactive|base_1;base_2;base_3;frontier_addition;inactive|base_1;base_3;closure_carrier;frontier_addition;inactive|base_1;base_2;base_3;closure_carrier;frontier_addition;inactive,9//1;12//1;13//1;16//1,4725//256,0//1,4725//256,4,complete-enumeration:32
842,L025,1//4,4149//256,21,base_1;base_3;frontier_addition;inactive,9//1,4725//256,0//1,4725//256,1,complete-enumeration:32
842,L050,1//2,3573//256,21,base_1;base_3;frontier_addition;inactive,9//1,4725//256,0//1,4725//256,1,complete-enumeration:32
842,L100,1//1,1285//128,20,base_3;frontier_addition;inactive,5//1,1925//128,0//1,1925//128,1,complete-enumeration:32
842,L200,2//1,969//128,16,frontier_addition;inactive,1//1,1225//128,0//1,1225//128,1,complete-enumeration:32
842,L400,4//1,713//128,16,frontier_addition;inactive,1//1,1225//128,0//1,1225//128,1,complete-enumeration:32
843,L0,0//1,104323//8192,25;27;29;31,base_1;closure_carrier;frontier_addition;inactive|base_1;base_2;closure_carrier;frontier_addition;inactive|base_1;base_3;closure_carrier;frontier_addition;inactive|base_1;base_2;base_3;closure_carrier;frontier_addition;inactive,6//1;8//1;10//1,2975//256,9123//8192,104323//8192,4,complete-enumeration:32
843,L025,1//4,92035//8192,25,base_1;closure_carrier;frontier_addition;inactive,6//1,2975//256,9123//8192,104323//8192,1,complete-enumeration:32
843,L050,1//2,2591//256,17,base_1;frontier_addition;inactive,3//1,2975//256,0//1,2975//256,1,complete-enumeration:32
843,L100,1//1,2207//256,17,base_1;frontier_addition;inactive,3//1,2975//256,0//1,2975//256,1,complete-enumeration:32
843,L200,2//1,969//128,16,frontier_addition;inactive,1//1,1225//128,0//1,1225//128,1,complete-enumeration:32
843,L400,4//1,713//128,16,frontier_addition;inactive,1//1,1225//128,0//1,1225//128,1,complete-enumeration:32
844,L0,0//1,1575//128,17;19;21;23;25;27;29;31,base_1;frontier_addition;inactive|base_1;base_2;frontier_addition;inactive|base_1;base_3;frontier_addition;inactive|base_1;base_2;base_3;frontier_addition;inactive|base_1;closure_carrier;frontier_addition;inactive|base_1;base_2;closure_carrier;frontier_addition;inactive|base_1;base_3;closure_carrier;frontier_addition;inactive|base_1;base_2;base_3;closure_carrier;frontier_addition;inactive,3//1;5//1;7//1;9//1,1575//128,0//1,1575//128,8,complete-enumeration:32
844,L025,1//4,1479//128,17,base_1;frontier_addition;inactive,3//1,1575//128,0//1,1575//128,1,complete-enumeration:32
844,L050,1//2,1383//128,17,base_1;frontier_addition;inactive,3//1,1575//128,0//1,1575//128,1,complete-enumeration:32
844,L100,1//1,3607//384,1,base_1;inactive,2//1,4375//384,0//1,4375//384,1,complete-enumeration:32
844,L200,2//1,2113//256,16,frontier_addition;inactive,1//1,2625//256,0//1,2625//256,1,complete-enumeration:32
844,L400,4//1,1601//256,16,frontier_addition;inactive,1//1,2625//256,0//1,2625//256,1,complete-enumeration:32
845,L0,0//1,9275//768,17;19;21;23;25;27;29;31,base_1;frontier_addition;inactive|base_1;base_2;frontier_addition;inactive|base_1;base_3;frontier_addition;inactive|base_1;base_2;base_3;frontier_addition;inactive|base_1;closure_carrier;frontier_addition;inactive|base_1;base_2;closure_carrier;frontier_addition;inactive|base_1;base_3;closure_carrier;frontier_addition;inactive|base_1;base_2;base_3;closure_carrier;frontier_addition;inactive,5//1;8//1;9//1;12//1;13//1;16//1,9275//768,0//1,9275//768,8,complete-enumeration:32
845,L025,1//4,8315//768,17,base_1;frontier_addition;inactive,5//1,9275//768,0//1,9275//768,1,complete-enumeration:32
845,L050,1//2,2497//256,16,frontier_addition;inactive,1//1,2625//256,0//1,2625//256,1,complete-enumeration:32
845,L100,1//1,2369//256,16,frontier_addition;inactive,1//1,2625//256,0//1,2625//256,1,complete-enumeration:32
845,L200,2//1,2113//256,16,frontier_addition;inactive,1//1,2625//256,0//1,2625//256,1,complete-enumeration:32
845,L400,4//1,1601//256,16,frontier_addition;inactive,1//1,2625//256,0//1,2625//256,1,complete-enumeration:32
846,L0,0//1,2975//256,17;19;21;23;25;27;29;31,base_1;frontier_addition;inactive|base_1;base_2;frontier_addition;inactive|base_1;base_3;frontier_addition;inactive|base_1;base_2;base_3;frontier_addition;inactive|base_1;closure_carrier;frontier_addition;inactive|base_1;base_2;closure_carrier;frontier_addition;inactive|base_1;base_3;closure_carrier;frontier_addition;inactive|base_1;base_2;base_3;closure_carrier;frontier_addition;inactive,3//1;5//1;6//1;7//1;8//1;10//1,2975//256,0//1,2975//256,8,complete-enumeration:32
846,L025,1//4,2783//256,17,base_1;frontier_addition;inactive,3//1,2975//256,0//1,2975//256,1,complete-enumeration:32
846,L050,1//2,2591//256,17,base_1;frontier_addition;inactive,3//1,2975//256,0//1,2975//256,1,complete-enumeration:32
846,L100,1//1,2369//256,16,frontier_addition;inactive,1//1,2625//256,0//1,2625//256,1,complete-enumeration:32
846,L200,2//1,2113//256,16,frontier_addition;inactive,1//1,2625//256,0//1,2625//256,1,complete-enumeration:32
846,L400,4//1,1601//256,16,frontier_addition;inactive,1//1,2625//256,0//1,2625//256,1,complete-enumeration:32
847,L0,0//1,4725//256,22;23;30;31,base_2;base_3;frontier_addition;inactive|base_1;base_2;base_3;frontier_addition;inactive|base_2;base_3;closure_carrier;frontier_addition;inactive|base_1;base_2;base_3;closure_carrier;frontier_addition;inactive,9//1;12//1;13//1;16//1,4725//256,0//1,4725//256,4,complete-enumeration:32
847,L025,1//4,4149//256,22,base_2;base_3;frontier_addition;inactive,9//1,4725//256,0//1,4725//256,1,complete-enumeration:32
847,L050,1//2,3573//256,22,base_2;base_3;frontier_addition;inactive,9//1,4725//256,0//1,4725//256,1,complete-enumeration:32
847,L100,1//1,1285//128,20,base_3;frontier_addition;inactive,5//1,1925//128,0//1,1925//128,1,complete-enumeration:32
847,L200,2//1,1763//256,16,frontier_addition;inactive,1//1,2275//256,0//1,2275//256,1,complete-enumeration:32
847,L400,4//1,1251//256,16,frontier_addition;inactive,1//1,2275//256,0//1,2275//256,1,complete-enumeration:32
848,L0,0//1,19249//1536,25;27;29;31,base_1;closure_carrier;frontier_addition;inactive|base_1;base_2;closure_carrier;frontier_addition;inactive|base_1;base_3;closure_carrier;frontier_addition;inactive|base_1;base_2;base_3;closure_carrier;frontier_addition;inactive,5//1;7//1;9//1,9275//768,233//512,19249//1536,4,complete-enumeration:32
848,L025,1//4,8699//768,17,base_1;frontier_addition;inactive,3//1,9275//768,0//1,9275//768,1,complete-enumeration:32
848,L050,1//2,8123//768,17,base_1;frontier_addition;inactive,3//1,9275//768,0//1,9275//768,1,complete-enumeration:32
848,L100,1//1,6971//768,17,base_1;frontier_addition;inactive,3//1,9275//768,0//1,9275//768,1,complete-enumeration:32
848,L200,2//1,1541//192,16,frontier_addition;inactive,1//1,1925//192,0//1,1925//192,1,complete-enumeration:32
848,L400,4//1,1157//192,16,frontier_addition;inactive,1//1,1925//192,0//1,1925//192,1,complete-enumeration:32
849,L0,0//1,2275//128,19;23;27;31,base_1;base_2;frontier_addition;inactive|base_1;base_2;base_3;frontier_addition;inactive|base_1;base_2;closure_carrier;frontier_addition;inactive|base_1;base_2;base_3;closure_carrier;frontier_addition;inactive,5//1;7//1;8//1;10//1,2275//128,0//1,2275//128,4,complete-enumeration:32
849,L025,1//4,2115//128,19,base_1;base_2;frontier_addition;inactive,5//1,2275//128,0//1,2275//128,1,complete-enumeration:32
849,L050,1//2,1955//128,19,base_1;base_2;frontier_addition;inactive,5//1,2275//128,0//1,2275//128,1,complete-enumeration:32
849,L100,1//1,1635//128,19,base_1;base_2;frontier_addition;inactive,5//1,2275//128,0//1,2275//128,1,complete-enumeration:32
849,L200,2//1,3121//384,17,base_1;frontier_addition;inactive,3//1,5425//384,0//1,5425//384,1,complete-enumeration:32
849,L400,4//1,1251//256,16,frontier_addition;inactive,1//1,2275//256,0//1,2275//256,1,complete-enumeration:32
850,L0,0//1,7175//384,19;23;27;31,base_1;base_2;frontier_addition;inactive|base_1;base_2;base_3;frontier_addition;inactive|base_1;base_2;closure_carrier;frontier_addition;inactive|base_1;base_2;base_3;closure_carrier;frontier_addition;inactive,5//1;7//1;9//1,7175//384,0//1,7175//384,4,complete-enumeration:32
850,L025,1//4,6695//384,19,base_1;base_2;frontier_addition;inactive,5//1,7175//384,0//1,7175//384,1,complete-enumeration:32
850,L050,1//2,6215//384,19,base_1;base_2;frontier_addition;inactive,5//1,7175//384,0//1,7175//384,1,complete-enumeration:32
850,L100,1//1,5255//384,19,base_1;base_2;frontier_addition;inactive,5//1,7175//384,0//1,7175//384,1,complete-enumeration:32
850,L200,2//1,7117//768,18,base_2;frontier_addition;inactive,3//1,11725//768,0//1,11725//768,1,complete-enumeration:32
850,L400,4//1,491//96,16,frontier_addition;inactive,1//1,875//96,0//1,875//96,1,complete-enumeration:32
851,L0,0//1,8575//768,17;19;21;23;25;27;29;31,base_1;frontier_addition;inactive|base_1;base_2;frontier_addition;inactive|base_1;base_3;frontier_addition;inactive|base_1;base_2;base_3;frontier_addition;inactive|base_1;closure_carrier;frontier_addition;inactive|base_1;base_2;closure_carrier;frontier_addition;inactive|base_1;base_3;closure_carrier;frontier_addition;inactive|base_1;base_2;base_3;closure_carrier;frontier_addition;inactive,3//1;5//1;6//1;7//1;8//1;10//1,8575//768,0//1,8575//768,8,complete-enumeration:32
851,L025,1//4,7999//768,17,base_1;frontier_addition;inactive,3//1,8575//768,0//1,8575//768,1,complete-enumeration:32
851,L050,1//2,7423//768,17,base_1;frontier_addition;inactive,3//1,8575//768,0//1,8575//768,1,complete-enumeration:32
851,L100,1//1,1733//192,16,frontier_addition;inactive,1//1,1925//192,0//1,1925//192,1,complete-enumeration:32
851,L200,2//1,1541//192,16,frontier_addition;inactive,1//1,1925//192,0//1,1925//192,1,complete-enumeration:32
851,L400,4//1,1157//192,16,frontier_addition;inactive,1//1,1925//192,0//1,1925//192,1,complete-enumeration:32
852,L0,0//1,919847//49152,30;31,base_2;base_3;closure_carrier;frontier_addition;inactive|base_1;base_2;base_3;closure_carrier;frontier_addition;inactive,8//1;10//1,7175//384,1447//49152,919847//49152,2,complete-enumeration:32
852,L025,1//4,6695//384,22,base_2;base_3;frontier_addition;inactive,5//1,7175//384,0//1,7175//384,1,complete-enumeration:32
852,L050,1//2,6215//384,22,base_2;base_3;frontier_addition;inactive,5//1,7175//384,0//1,7175//384,1,complete-enumeration:32
852,L100,1//1,5255//384,22,base_2;base_3;frontier_addition;inactive,5//1,7175//384,0//1,7175//384,1,complete-enumeration:32
852,L200,2//1,1157//128,18;20,base_2;frontier_addition;inactive|base_3;frontier_addition;inactive,3//1,1925//128,0//1,1925//128,2,complete-enumeration:32
852,L400,4//1,4103//768,16,frontier_addition;inactive,1//1,7175//768,0//1,7175//768,1,complete-enumeration:32
853,L0,0//1,313259//16384,29;31,base_1;base_3;closure_carrier;frontier_addition;inactive|base_1;base_2;base_3;closure_carrier;frontier_addition;inactive,12//1;16//1,4725//256,10859//16384,313259//16384,2,complete-enumeration:32
853,L025,1//4,4149//256,21,base_1;base_3;frontier_addition;inactive,9//1,4725//256,0//1,4725//256,1,complete-enumeration:32
853,L050,1//2,3573//256,21,base_1;base_3;frontier_addition;inactive,9//1,4725//256,0//1,4725//256,1,complete-enumeration:32
853,L100,1//1,7535//768,17,base_1;frontier_addition;inactive,5//1,11375//768,0//1,11375//768,1,complete-enumeration:32
853,L200,2//1,1763//256,16,frontier_addition;inactive,1//1,2275//256,0//1,2275//256,1,complete-enumeration:32
853,L400,4//1,1251//256,16,frontier_addition;inactive,1//1,2275//256,0//1,2275//256,1,complete-enumeration:32
854,L0,0//1,13825//768,19;23;27;31,base_1;base_2;frontier_addition;inactive|base_1;base_2;base_3;frontier_addition;inactive|base_1;base_2;closure_carrier;frontier_addition;inactive|base_1;base_2;base_3;closure_carrier;frontier_addition;inactive,9//1;11//1;13//1;15//1,13825//768,0//1,13825//768,4,complete-enumeration:32
854,L025,1//4,12097//768,19,base_1;base_2;frontier_addition;inactive,9//1,13825//768,0//1,13825//768,1,complete-enumeration:32
854,L050,1//2,10369//768,19,base_1;base_2;frontier_addition;inactive,9//1,13825//768,0//1,13825//768,1,complete-enumeration:32
854,L100,1//1,115//12,17,base_1;frontier_addition;inactive,5//1,175//12,0//1,175//12,1,complete-enumeration:32
854,L200,2//1,4939//768,16,frontier_addition;inactive,1//1,6475//768,0//1,6475//768,1,complete-enumeration:32
854,L400,4//1,3403//768,16,frontier_addition;inactive,1//1,6475//768,0//1,6475//768,1,complete-enumeration:32
855,L0,0//1,42713//2048,29;31,base_1;base_3;closure_carrier;frontier_addition;inactive|base_1;base_2;base_3;closure_carrier;frontier_addition;inactive,12//1;16//1,4725//256,4913//2048,42713//2048,2,complete-enumeration:32
855,L025,1//4,36569//2048,29,base_1;base_3;closure_carrier;frontier_addition;inactive,12//1,4725//256,4913//2048,42713//2048,1,complete-enumeration:32
855,L050,1//2,93493//6144,25;28,base_1;closure_carrier;frontier_addition;inactive|base_3;closure_carrier;frontier_addition;inactive,8//1,11375//768,9023//2048,118069//6144,2,complete-enumeration:32
855,L100,1//1,19597//1536,24,closure_carrier;frontier_addition;inactive,4//1,7175//768,3797//512,25741//1536,1,complete-enumeration:32
855,L200,2//1,13453//1536,24,closure_carrier;frontier_addition;inactive,4//1,7175//768,3797//512,25741//1536,1,complete-enumeration:32
855,L400,4//1,4103//768,16,frontier_addition;inactive,1//1,7175//768,0//1,7175//768,1,complete-enumeration:32
856,L0,0//1,3381//256,25;27;29;31,base_1;closure_carrier;frontier_addition;inactive|base_1;base_2;closure_carrier;frontier_addition;inactive|base_1;base_3;closure_carrier;frontier_addition;inactive|base_1;base_2;base_3;closure_carrier;frontier_addition;inactive,8//1;12//1;16//1,2975//256,203//128,3381//256,4,complete-enumeration:32
856,L025,1//4,23721//2048,24,closure_carrier;frontier_addition;inactive,4//1,2625//256,4769//2048,25769//2048,1,complete-enumeration:32
856,L050,1//2,21673//2048,24,closure_carrier;frontier_addition;inactive,4//1,2625//256,4769//2048,25769//2048,1,complete-enumeration:32
856,L100,1//1,2369//256,16,frontier_addition;inactive,1//1,2625//256,0//1,2625//256,1,complete-enumeration:32
856,L200,2//1,2113//256,16,frontier_addition;inactive,1//1,2625//256,0//1,2625//256,1,complete-enumeration:32
856,L400,4//1,1601//256,16,frontier_addition;inactive,1//1,2625//256,0//1,2625//256,1,complete-enumeration:32
857,L0,0//1,168913//12288,25;27;29;31,base_1;closure_carrier;frontier_addition;inactive|base_1;base_2;closure_carrier;frontier_addition;inactive|base_1;base_3;closure_carrier;frontier_addition;inactive|base_1;base_2;base_3;closure_carrier;frontier_addition;inactive,7//1;11//1;15//1,2275//192,7771//4096,168913//12288,4,complete-enumeration:32
857,L025,1//4,201181//16384,24,closure_carrier;frontier_addition;inactive,3//1,2625//256,45469//16384,213469//16384,1,complete-enumeration:32
857,L050,1//2,188893//16384,24,closure_carrier;frontier_addition;inactive,3//1,2625//256,45469//16384,213469//16384,1,complete-enumeration:32
857,L100,1//1,164317//16384,24,closure_carrier;frontier_addition;inactive,3//1,2625//256,45469//16384,213469//16384,1,complete-enumeration:32
857,L200,2//1,2113//256,16,frontier_addition;inactive,1//1,2625//256,0//1,2625//256,1,complete-enumeration:32
857,L400,4//1,1601//256,16,frontier_addition;inactive,1//1,2625//256,0//1,2625//256,1,complete-enumeration:32
858,L0,0//1,449447//24576,27;31,base_1;base_2;closure_carrier;frontier_addition;inactive|base_1;base_2;base_3;closure_carrier;frontier_addition;inactive,12//1;16//1,875//48,1447//24576,449447//24576,2,complete-enumeration:32
858,L025,1//4,767//48,19,base_1;base_2;frontier_addition;inactive,9//1,875//48,0//1,875//48,1,complete-enumeration:32
858,L050,1//2,659//48,19,base_1;base_2;frontier_addition;inactive,9//1,875//48,0//1,875//48,1,complete-enumeration:32
858,L100,1//1,7535//768,17;18,base_1;frontier_addition;inactive|base_2;frontier_addition;inactive,5//1,11375//768,0//1,11375//768,2,complete-enumeration:32
858,L200,2//1,5989//768,16,frontier_addition;inactive,1//1,7525//768,0//1,7525//768,1,complete-enumeration:32
858,L400,4//1,4453//768,16,frontier_addition;inactive,1//1,7525//768,0//1,7525//768,1,complete-enumeration:32
859,L0,0//1,2275//192,17;19;21;23;25;27;29;31,base_1;frontier_addition;inactive|base_1;base_2;frontier_addition;inactive|base_1;base_3;frontier_addition;inactive|base_1;base_2;base_3;frontier_addition;inactive|base_1;closure_carrier;frontier_addition;inactive|base_1;base_2;closure_carrier;frontier_addition;inactive|base_1;base_3;closure_carrier;frontier_addition;inactive|base_1;base_2;base_3;closure_carrier;frontier_addition;inactive,5//1;7//1;9//1;11//1;13//1;15//1,2275//192,0//1,2275//192,8,complete-enumeration:32
859,L025,1//4,2035//192,17,base_1;frontier_addition;inactive,5//1,2275//192,0//1,2275//192,1,complete-enumeration:32
859,L050,1//2,1829//192,16,frontier_addition;inactive,1//1,1925//192,0//1,1925//192,1,complete-enumeration:32
859,L100,1//1,1733//192,16,frontier_addition;inactive,1//1,1925//192,0//1,1925//192,1,complete-enumeration:32
859,L200,2//1,1541//192,16,frontier_addition;inactive,1//1,1925//192,0//1,1925//192,1,complete-enumeration:32
859,L400,4//1,1157//192,16,frontier_addition;inactive,1//1,1925//192,0//1,1925//192,1,complete-enumeration:32
860,L0,0//1,13825//768,21;23;29;31,base_1;base_3;frontier_addition;inactive|base_1;base_2;base_3;frontier_addition;inactive|base_1;base_3;closure_carrier;frontier_addition;inactive|base_1;base_2;base_3;closure_carrier;frontier_addition;inactive,5//1;7//1;9//1,13825//768,0//1,13825//768,4,complete-enumeration:32
860,L025,1//4,12865//768,21,base_1;base_3;frontier_addition;inactive,5//1,13825//768,0//1,13825//768,1,complete-enumeration:32
860,L050,1//2,11905//768,21,base_1;base_3;frontier_addition;inactive,5//1,13825//768,0//1,13825//768,1,complete-enumeration:32
860,L100,1//1,9985//768,21,base_1;base_3;frontier_addition;inactive,5//1,13825//768,0//1,13825//768,1,complete-enumeration:32
860,L200,2//1,103//12,17;20,base_1;frontier_addition;inactive|base_3;frontier_addition;inactive,3//1,175//12,0//1,175//12,2,complete-enumeration:32
860,L400,4//1,491//96,16,frontier_addition;inactive,1//1,875//96,0//1,875//96,1,complete-enumeration:32
861,L0,0//1,19249//1536,25;27;29;31,base_1;closure_carrier;frontier_addition;inactive|base_1;base_2;closure_carrier;frontier_addition;inactive|base_1;base_3;closure_carrier;frontier_addition;inactive|base_1;base_2;base_3;closure_carrier;frontier_addition;inactive,6//1;8//1;10//1,9275//768,233//512,19249//1536,4,complete-enumeration:32
861,L025,1//4,8699//768,17,base_1;frontier_addition;inactive,3//1,9275//768,0//1,9275//768,1,complete-enumeration:32
861,L050,1//2,8123//768,17,base_1;frontier_addition;inactive,3//1,9275//768,0//1,9275//768,1,complete-enumeration:32
861,L100,1//1,2369//256,16,frontier_addition;inactive,1//1,2625//256,0//1,2625//256,1,complete-enumeration:32
861,L200,2//1,2113//256,16,frontier_addition;inactive,1//1,2625//256,0//1,2625//256,1,complete-enumeration:32
861,L400,4//1,1601//256,16,frontier_addition;inactive,1//1,2625//256,0//1,2625//256,1,complete-enumeration:32
862,L0,0//1,4375//384,17;19;21;23;25;27;29;31,base_1;frontier_addition;inactive|base_1;base_2;frontier_addition;inactive|base_1;base_3;frontier_addition;inactive|base_1;base_2;base_3;frontier_addition;inactive|base_1;closure_carrier;frontier_addition;inactive|base_1;base_2;closure_carrier;frontier_addition;inactive|base_1;base_3;closure_carrier;frontier_addition;inactive|base_1;base_2;base_3;closure_carrier;frontier_addition;inactive,5//1;8//1;9//1;12//1;13//1;16//1,4375//384,0//1,4375//384,8,complete-enumeration:32
862,L025,1//4,3895//384,17,base_1;frontier_addition;inactive,5//1,4375//384,0//1,4375//384,1,complete-enumeration:32
862,L050,1//2,2497//256,16,frontier_addition;inactive,1//1,2625//256,0//1,2625//256,1,complete-enumeration:32
862,L100,1//1,2369//256,16,frontier_addition;inactive,1//1,2625//256,0//1,2625//256,1,complete-enumeration:32
862,L200,2//1,2113//256,16,frontier_addition;inactive,1//1,2625//256,0//1,2625//256,1,complete-enumeration:32
862,L400,4//1,1601//256,16,frontier_addition;inactive,1//1,2625//256,0//1,2625//256,1,complete-enumeration:32
863,L0,0//1,2275//192,17;19;21;23;25;27;29;31,base_1;frontier_addition;inactive|base_1;base_2;frontier_addition;inactive|base_1;base_3;frontier_addition;inactive|base_1;base_2;base_3;frontier_addition;inactive|base_1;closure_carrier;frontier_addition;inactive|base_1;base_2;closure_carrier;frontier_addition;inactive|base_1;base_3;closure_carrier;frontier_addition;inactive|base_1;base_2;base_3;closure_carrier;frontier_addition;inactive,3//1;5//1;6//1;7//1;8//1;10//1,2275//192,0//1,2275//192,8,complete-enumeration:32
863,L025,1//4,2131//192,17,base_1;frontier_addition;inactive,3//1,2275//192,0//1,2275//192,1,complete-enumeration:32
863,L050,1//2,1987//192,17,base_1;frontier_addition;inactive,3//1,2275//192,0//1,2275//192,1,complete-enumeration:32
863,L100,1//1,1733//192,16,frontier_addition;inactive,1//1,1925//192,0//1,1925//192,1,complete-enumeration:32
863,L200,2//1,1541//192,16,frontier_addition;inactive,1//1,1925//192,0//1,1925//192,1,complete-enumeration:32
863,L400,4//1,1157//192,16,frontier_addition;inactive,1//1,1925//192,0//1,1925//192,1,complete-enumeration:32
864,L0,0//1,13825//768,22;23;30;31,base_2;base_3;frontier_addition;inactive|base_1;base_2;base_3;frontier_addition;inactive|base_2;base_3;closure_carrier;frontier_addition;inactive|base_1;base_2;base_3;closure_carrier;frontier_addition;inactive,5//1;7//1;9//1,13825//768,0//1,13825//768,4,complete-enumeration:32
864,L025,1//4,12865//768,22,base_2;base_3;frontier_addition;inactive,5//1,13825//768,0//1,13825//768,1,complete-enumeration:32
864,L050,1//2,11905//768,22,base_2;base_3;frontier_addition;inactive,5//1,13825//768,0//1,13825//768,1,complete-enumeration:32
864,L100,1//1,9985//768,22,base_2;base_3;frontier_addition;inactive,5//1,13825//768,0//1,13825//768,1,complete-enumeration:32
864,L200,2//1,103//12,18,base_2;frontier_addition;inactive,3//1,175//12,0//1,175//12,1,complete-enumeration:32
864,L400,4//1,1251//256,16,frontier_addition;inactive,1//1,2275//256,0//1,2275//256,1,complete-enumeration:32
865,L0,0//1,602431//49152,25;27;29;31,base_1;closure_carrier;frontier_addition;inactive|base_1;base_2;closure_carrier;frontier_addition;inactive|base_1;base_3;closure_carrier;frontier_addition;inactive|base_1;base_2;base_3;closure_carrier;frontier_addition;inactive,5//1;7//1;9//1,8575//768,17877//16384,602431//49152,4,complete-enumeration:32
865,L025,1//4,540991//49152,25,base_1;closure_carrier;frontier_addition;inactive,5//1,8575//768,17877//16384,602431//49152,1,complete-enumeration:32
865,L050,1//2,125777//12288,24,closure_carrier;frontier_addition;inactive,3//1,1925//192,7003//4096,144209//12288,1,complete-enumeration:32
865,L100,1//1,1733//192,16,frontier_addition;inactive,1//1,1925//192,0//1,1925//192,1,complete-enumeration:32
865,L200,2//1,1541//192,16,frontier_addition;inactive,1//1,1925//192,0//1,1925//192,1,complete-enumeration:32
865,L400,4//1,1157//192,16,frontier_addition;inactive,1//1,1925//192,0//1,1925//192,1,complete-enumeration:32
866,L0,0//1,9625//768,17;19;21;23;25;27;29;31,base_1;frontier_addition;inactive|base_1;base_2;frontier_addition;inactive|base_1;base_3;frontier_addition;inactive|base_1;base_2;base_3;frontier_addition;inactive|base_1;closure_carrier;frontier_addition;inactive|base_1;base_2;closure_carrier;frontier_addition;inactive|base_1;base_3;closure_carrier;frontier_addition;inactive|base_1;base_2;base_3;closure_carrier;frontier_addition;inactive,3//1;5//1;7//1;9//1,9625//768,0//1,9625//768,8,complete-enumeration:32
866,L025,1//4,9049//768,17,base_1;frontier_addition;inactive,3//1,9625//768,0//1,9625//768,1,complete-enumeration:32
866,L050,1//2,8473//768,17,base_1;frontier_addition;inactive,3//1,9625//768,0//1,9625//768,1,complete-enumeration:32
866,L100,1//1,7321//768,17,base_1;frontier_addition;inactive,3//1,9625//768,0//1,9625//768,1,complete-enumeration:32
866,L200,2//1,5989//768,16,frontier_addition;inactive,1//1,7525//768,0//1,7525//768,1,complete-enumeration:32
866,L400,4//1,4453//768,16,frontier_addition;inactive,1//1,7525//768,0//1,7525//768,1,complete-enumeration:32
867,L0,0//1,3613//192,30;31,base_2;base_3;closure_carrier;frontier_addition;inactive|base_1;base_2;base_3;closure_carrier;frontier_addition;inactive,7//1;9//1,7175//384,17//128,3613//192,2,complete-enumeration:32
867,L025,1//4,6695//384,22,base_2;base_3;frontier_addition;inactive,5//1,7175//384,0//1,7175//384,1,complete-enumeration:32
867,L050,1//2,6215//384,22,base_2;base_3;frontier_addition;inactive,5//1,7175//384,0//1,7175//384,1,complete-enumeration:32
867,L100,1//1,5255//384,22,base_2;base_3;frontier_addition;inactive,5//1,7175//384,0//1,7175//384,1,complete-enumeration:32
867,L200,2//1,1157//128,20,base_3;frontier_addition;inactive,3//1,1925//128,0//1,1925//128,1,complete-enumeration:32
867,L400,4//1,4103//768,16,frontier_addition;inactive,1//1,7175//768,0//1,7175//768,1,complete-enumeration:32
868,L0,0//1,8219//384,30;31,base_2;base_3;closure_carrier;frontier_addition;inactive|base_1;base_2;base_3;closure_carrier;frontier_addition;inactive,8//1;10//1,13825//768,871//256,8219//384,2,complete-enumeration:32
868,L025,1//4,7451//384,30,base_2;base_3;closure_carrier;frontier_addition;inactive,8//1,13825//768,871//256,8219//384,1,complete-enumeration:32
868,L050,1//2,6683//384,30,base_2;base_3;closure_carrier;frontier_addition;inactive,8//1,13825//768,871//256,8219//384,1,complete-enumeration:32
868,L100,1//1,681595//49152,26,base_2;closure_carrier;frontier_addition;inactive,6//1,175//12,86569//16384,976507//49152,1,complete-enumeration:32
868,L200,2//1,119389//12288,24,closure_carrier;frontier_addition;inactive,4//1,7525//768,32431//4096,217693//12288,1,complete-enumeration:32
868,L400,4//1,491//96,16,frontier_addition;inactive,1//1,875//96,0//1,875//96,1,complete-enumeration:32
869,L0,0//1,821769//65536,25;27;29;31,base_1;closure_carrier;frontier_addition;inactive|base_1;base_2;closure_carrier;frontier_addition;inactive|base_1;base_3;closure_carrier;frontier_addition;inactive|base_1;base_2;base_3;closure_carrier;frontier_addition;inactive,8//1;12//1;16//1,2275//192,135707//196608,821769//65536,4,complete-enumeration:32
869,L025,1//4,4075//384,24,closure_carrier;frontier_addition;inactive,4//1,1925//192,203//128,4459//384,1,complete-enumeration:32
869,L050,1//2,3691//384,24,closure_carrier;frontier_addition;inactive,4//1,1925//192,203//128,4459//384,1,complete-enumeration:32
869,L100,1//1,1733//192,16,frontier_addition;inactive,1//1,1925//192,0//1,1925//192,1,complete-enumeration:32
869,L200,2//1,1541//192,16,frontier_addition;inactive,1//1,1925//192,0//1,1925//192,1,complete-enumeration:32
869,L400,4//1,1157//192,16,frontier_addition;inactive,1//1,1925//192,0//1,1925//192,1,complete-enumeration:32
870,L0,0//1,915541//49152,29;31,base_1;base_3;closure_carrier;frontier_addition;inactive|base_1;base_2;base_3;closure_carrier;frontier_addition;inactive,8//1;10//1,13825//768,10247//16384,915541//49152,2,complete-enumeration:32
870,L025,1//4,12865//768,21,base_1;base_3;frontier_addition;inactive,5//1,13825//768,0//1,13825//768,1,complete-enumeration:32
870,L050,1//2,11905//768,21,base_1;base_3;frontier_addition;inactive,5//1,13825//768,0//1,13825//768,1,complete-enumeration:32
870,L100,1//1,9985//768,21,base_1;base_3;frontier_addition;inactive,5//1,13825//768,0//1,13825//768,1,complete-enumeration:32
870,L200,2//1,2139//256,17;20,base_1;frontier_addition;inactive|base_3;frontier_addition;inactive,3//1,3675//256,0//1,3675//256,2,complete-enumeration:32
870,L400,4//1,491//96,16,frontier_addition;inactive,1//1,875//96,0//1,875//96,1,complete-enumeration:32
871,L0,0//1,595225//49152,25;27;29;31,base_1;closure_carrier;frontier_addition;inactive|base_1;base_2;closure_carrier;frontier_addition;inactive|base_1;base_3;closure_carrier;frontier_addition;inactive|base_1;base_2;base_3;closure_carrier;frontier_addition;inactive,8//1;12//1;16//1,2275//192,4275//16384,595225//49152,4,complete-enumeration:32
871,L025,1//4,2035//192,17,base_1;frontier_addition;inactive,5//1,2275//192,0//1,2275//192,1,complete-enumeration:32
871,L050,1//2,1795//192,17,base_1;frontier_addition;inactive,5//1,2275//192,0//1,2275//192,1,complete-enumeration:32
871,L100,1//1,1097//128,16,frontier_addition;inactive,1//1,1225//128,0//1,1225//128,1,complete-enumeration:32
871,L200,2//1,969//128,16,frontier_addition;inactive,1//1,1225//128,0//1,1225//128,1,complete-enumeration:32
871,L400,4//1,713//128,16,frontier_addition;inactive,1//1,1225//128,0//1,1225//128,1,complete-enumeration:32
872,L0,0//1,875//48,19;23;27;31,base_1;base_2;frontier_addition;inactive|base_1;base_2;base_3;frontier_addition;inactive|base_1;base_2;closure_carrier;frontier_addition;inactive|base_1;base_2;base_3;closure_carrier;frontier_addition;inactive,5//1;7//1;9//1,875//48,0//1,875//48,4,complete-enumeration:32
872,L025,1//4,815//48,19,base_1;base_2;frontier_addition;inactive,5//1,875//48,0//1,875//48,1,complete-enumeration:32
872,L050,1//2,755//48,19,base_1;base_2;frontier_addition;inactive,5//1,875//48,0//1,875//48,1,complete-enumeration:32
872,L100,1//1,635//48,19,base_1;base_2;frontier_addition;inactive,5//1,875//48,0//1,875//48,1,complete-enumeration:32
872,L200,2//1,6767//768,17,base_1;frontier_addition;inactive,3//1,11375//768,0//1,11375//768,1,complete-enumeration:32
872,L400,4//1,491//96,16,frontier_addition;inactive,1//1,875//96,0//1,875//96,1,complete-enumeration:32
873,L0,0//1,4725//256,19;23;27;31,base_1;base_2;frontier_addition;inactive|base_1;base_2;base_3;frontier_addition;inactive|base_1;base_2;closure_carrier;frontier_addition;inactive|base_1;base_2;base_3;closure_carrier;frontier_addition;inactive,9//1;11//1;13//1;15//1,4725//256,0//1,4725//256,4,complete-enumeration:32
873,L025,1//4,4149//256,19,base_1;base_2;frontier_addition;inactive,9//1,4725//256,0//1,4725//256,1,complete-enumeration:32
873,L050,1//2,3573//256,19,base_1;base_2;frontier_addition;inactive,9//1,4725//256,0//1,4725//256,1,complete-enumeration:32
873,L100,1//1,7535//768,17,base_1;frontier_addition;inactive,5//1,11375//768,0//1,11375//768,1,complete-enumeration:32
873,L200,2//1,5639//768,16,frontier_addition;inactive,1//1,7175//768,0//1,7175//768,1,complete-enumeration:32
873,L400,4//1,4103//768,16,frontier_addition;inactive,1//1,7175//768,0//1,7175//768,1,complete-enumeration:32
874,L0,0//1,875//48,21;23;29;31,base_1;base_3;frontier_addition;inactive|base_1;base_2;base_3;frontier_addition;inactive|base_1;base_3;closure_carrier;frontier_addition;inactive|base_1;base_2;base_3;closure_carrier;frontier_addition;inactive,5//1;7//1;8//1;10//1,875//48,0//1,875//48,4,complete-enumeration:32
874,L025,1//4,815//48,21,base_1;base_3;frontier_addition;inactive,5//1,875//48,0//1,875//48,1,complete-enumeration:32
874,L050,1//2,755//48,21,base_1;base_3;frontier_addition;inactive,5//1,875//48,0//1,875//48,1,complete-enumeration:32
874,L100,1//1,635//48,21,base_1;base_3;frontier_addition;inactive,5//1,875//48,0//1,875//48,1,complete-enumeration:32
874,L200,2//1,1157//128,17,base_1;frontier_addition;inactive,3//1,1925//128,0//1,1925//128,1,complete-enumeration:32
874,L400,4//1,1789//384,16,frontier_addition;inactive,1//1,3325//384,0//1,3325//384,1,complete-enumeration:32
875,L0,0//1,7051//384,27;31,base_1;base_2;closure_carrier;frontier_addition;inactive|base_1;base_2;base_3;closure_carrier;frontier_addition;inactive,8//1;10//1,875//48,17//128,7051//384,2,complete-enumeration:32
875,L025,1//4,815//48,19,base_1;base_2;frontier_addition;inactive,5//1,875//48,0//1,875//48,1,complete-enumeration:32
875,L050,1//2,755//48,19,base_1;base_2;frontier_addition;inactive,5//1,875//48,0//1,875//48,1,complete-enumeration:32
875,L100,1//1,635//48,19,base_1;base_2;frontier_addition;inactive,5//1,875//48,0//1,875//48,1,complete-enumeration:32
875,L200,2//1,103//12,18,base_2;frontier_addition;inactive,3//1,175//12,0//1,175//12,1,complete-enumeration:32
875,L400,4//1,491//96,16,frontier_addition;inactive,1//1,875//96,0//1,875//96,1,complete-enumeration:32
876,L0,0//1,4375//384,17;19;21;23;25;27;29;31,base_1;frontier_addition;inactive|base_1;base_2;frontier_addition;inactive|base_1;base_3;frontier_addition;inactive|base_1;base_2;base_3;frontier_addition;inactive|base_1;closure_carrier;frontier_addition;inactive|base_1;base_2;closure_carrier;frontier_addition;inactive|base_1;base_3;closure_carrier;frontier_addition;inactive|base_1;base_2;base_3;closure_carrier;frontier_addition;inactive,5//1;7//1;9//1;11//1;13//1;15//1,4375//384,0//1,4375//384,8,complete-enumeration:32
876,L025,1//4,3895//384,17,base_1;frontier_addition;inactive,5//1,4375//384,0//1,4375//384,1,complete-enumeration:32
876,L050,1//2,1829//192,16,frontier_addition;inactive,1//1,1925//192,0//1,1925//192,1,complete-enumeration:32
876,L100,1//1,1733//192,16,frontier_addition;inactive,1//1,1925//192,0//1,1925//192,1,complete-enumeration:32
876,L200,2//1,1541//192,16,frontier_addition;inactive,1//1,1925//192,0//1,1925//192,1,complete-enumeration:32
876,L400,4//1,1157//192,16,frontier_addition;inactive,1//1,1925//192,0//1,1925//192,1,complete-enumeration:32
877,L0,0//1,255713//12288,30;31,base_2;base_3;closure_carrier;frontier_addition;inactive|base_1;base_2;base_3;closure_carrier;frontier_addition;inactive,7//1;9//1,14525//768,7771//4096,255713//12288,2,complete-enumeration:32
877,L025,1//4,234209//12288,30,base_2;base_3;closure_carrier;frontier_addition;inactive,7//1,14525//768,7771//4096,255713//12288,1,complete-enumeration:32
877,L050,1//2,212705//12288,30,base_2;base_3;closure_carrier;frontier_addition;inactive,7//1,14525//768,7771//4096,255713//12288,1,complete-enumeration:32
877,L100,1//1,230499//16384,26,base_2;closure_carrier;frontier_addition;inactive,5//1,1925//128,66019//16384,312419//16384,1,complete-enumeration:32
877,L200,2//1,131635//12288,24,closure_carrier;frontier_addition;inactive,3//1,7525//768,28321//4096,205363//12288,1,complete-enumeration:32
877,L400,4//1,11969//2048,8,closure_carrier;inactive,2//1,875//256,21353//2048,28353//2048,1,complete-enumeration:32
878,L0,0//1,875//48,21;23;29;31,base_1;base_3;frontier_addition;inactive|base_1;base_2;base_3;frontier_addition;inactive|base_1;base_3;closure_carrier;frontier_addition;inactive|base_1;base_2;base_3;closure_carrier;frontier_addition;inactive,5//1;7//1;9//1,875//48,0//1,875//48,4,complete-enumeration:32
878,L025,1//4,815//48,21,base_1;base_3;frontier_addition;inactive,5//1,875//48,0//1,875//48,1,complete-enumeration:32
878,L050,1//2,755//48,21,base_1;base_3;frontier_addition;inactive,5//1,875//48,0//1,875//48,1,complete-enumeration:32
878,L100,1//1,635//48,21,base_1;base_3;frontier_addition;inactive,5//1,875//48,0//1,875//48,1,complete-enumeration:32
878,L200,2//1,6767//768,17;20,base_1;frontier_addition;inactive|base_3;frontier_addition;inactive,3//1,11375//768,0//1,11375//768,2,complete-enumeration:32
878,L400,4//1,4103//768,16,frontier_addition;inactive,1//1,7175//768,0//1,7175//768,1,complete-enumeration:32
879,L0,0//1,57145//3072,27;31,base_1;base_2;closure_carrier;frontier_addition;inactive|base_1;base_2;base_3;closure_carrier;frontier_addition;inactive,12//1;16//1,875//48,1145//3072,57145//3072,2,complete-enumeration:32
879,L025,1//4,767//48,19,base_1;base_2;frontier_addition;inactive,9//1,875//48,0//1,875//48,1,complete-enumeration:32
879,L050,1//2,659//48,19,base_1;base_2;frontier_addition;inactive,9//1,875//48,0//1,875//48,1,complete-enumeration:32
879,L100,1//1,2006011//196608,24,closure_carrier;frontier_addition;inactive,4//1,875//96,333481//65536,2792443//196608,1,complete-enumeration:32
879,L200,2//1,683//96,16,frontier_addition;inactive,1//1,875//96,0//1,875//96,1,complete-enumeration:32
879,L400,4//1,491//96,16,frontier_addition;inactive,1//1,875//96,0//1,875//96,1,complete-enumeration:32
880,L0,0//1,156605//12288,25;27;29;31,base_1;closure_carrier;frontier_addition;inactive|base_1;base_2;closure_carrier;frontier_addition;inactive|base_1;base_3;closure_carrier;frontier_addition;inactive|base_1;base_2;base_3;closure_carrier;frontier_addition;inactive,7//1;11//1;15//1,9275//768,2735//4096,156605//12288,4,complete-enumeration:32
880,L025,1//4,135101//12288,25,base_1;closure_carrier;frontier_addition;inactive,7//1,9275//768,2735//4096,156605//12288,1,complete-enumeration:32
880,L050,1//2,80693//8192,24,closure_carrier;frontier_addition;inactive,3//1,2625//256,8981//8192,92981//8192,1,complete-enumeration:32
880,L100,1//1,2369//256,16,frontier_addition;inactive,1//1,2625//256,0//1,2625//256,1,complete-enumeration:32
880,L200,2//1,2113//256,16,frontier_addition;inactive,1//1,2625//256,0//1,2625//256,1,complete-enumeration:32
880,L400,4//1,1601//256,16,frontier_addition;inactive,1//1,2625//256,0//1,2625//256,1,complete-enumeration:32
881,L0,0//1,4375//384,17;19;21;23;25;27;29;31,base_1;frontier_addition;inactive|base_1;base_2;frontier_addition;inactive|base_1;base_3;frontier_addition;inactive|base_1;base_2;base_3;frontier_addition;inactive|base_1;closure_carrier;frontier_addition;inactive|base_1;base_2;closure_carrier;frontier_addition;inactive|base_1;base_3;closure_carrier;frontier_addition;inactive|base_1;base_2;base_3;closure_carrier;frontier_addition;inactive,5//1;7//1;9//1;11//1;13//1;15//1,4375//384,0//1,4375//384,8,complete-enumeration:32
881,L025,1//4,3895//384,17,base_1;frontier_addition;inactive,5//1,4375//384,0//1,4375//384,1,complete-enumeration:32
881,L050,1//2,1829//192,16,frontier_addition;inactive,1//1,1925//192,0//1,1925//192,1,complete-enumeration:32
881,L100,1//1,1733//192,16,frontier_addition;inactive,1//1,1925//192,0//1,1925//192,1,complete-enumeration:32
881,L200,2//1,1541//192,16,frontier_addition;inactive,1//1,1925//192,0//1,1925//192,1,complete-enumeration:32
881,L400,4//1,1157//192,16,frontier_addition;inactive,1//1,1925//192,0//1,1925//192,1,complete-enumeration:32
882,L0,0//1,1751//96,27;31,base_1;base_2;closure_carrier;frontier_addition;inactive|base_1;base_2;base_3;closure_carrier;frontier_addition;inactive,7//1;9//1,13825//768,61//256,1751//96,2,complete-enumeration:32
882,L025,1//4,12865//768,19,base_1;base_2;frontier_addition;inactive,5//1,13825//768,0//1,13825//768,1,complete-enumeration:32
882,L050,1//2,11905//768,19,base_1;base_2;frontier_addition;inactive,5//1,13825//768,0//1,13825//768,1,complete-enumeration:32
882,L100,1//1,9985//768,19,base_1;base_2;frontier_addition;inactive,5//1,13825//768,0//1,13825//768,1,complete-enumeration:32
882,L200,2//1,6767//768,17,base_1;frontier_addition;inactive,3//1,11375//768,0//1,11375//768,1,complete-enumeration:32
882,L400,4//1,1251//256,16,frontier_addition;inactive,1//1,2275//256,0//1,2275//256,1,complete-enumeration:32
883,L0,0//1,4725//256,19;23;27;31,base_1;base_2;frontier_addition;inactive|base_1;base_2;base_3;frontier_addition;inactive|base_1;base_2;closure_carrier;frontier_addition;inactive|base_1;base_2;base_3;closure_carrier;frontier_addition;inactive,9//1;11//1;13//1;15//1,4725//256,0//1,4725//256,4,complete-enumeration:32
883,L025,1//4,4149//256,19,base_1;base_2;frontier_addition;inactive,9//1,4725//256,0//1,4725//256,1,complete-enumeration:32
883,L050,1//2,3573//256,19,base_1;base_2;frontier_addition;inactive,9//1,4725//256,0//1,4725//256,1,complete-enumeration:32
883,L100,1//1,1285//128,18,base_2;frontier_addition;inactive,5//1,1925//128,0//1,1925//128,1,complete-enumeration:32
883,L200,2//1,969//128,16,frontier_addition;inactive,1//1,1225//128,0//1,1225//128,1,complete-enumeration:32
883,L400,4//1,713//128,16,frontier_addition;inactive,1//1,1225//128,0//1,1225//128,1,complete-enumeration:32
884,L0,0//1,78335//4096,30;31,base_2;base_3;closure_carrier;frontier_addition;inactive|base_1;base_2;base_3;closure_carrier;frontier_addition;inactive,12//1;16//1,4725//256,2735//4096,78335//4096,2,complete-enumeration:32
884,L025,1//4,4149//256,22,base_2;base_3;frontier_addition;inactive,9//1,4725//256,0//1,4725//256,1,complete-enumeration:32
884,L050,1//2,3573//256,22,base_2;base_3;frontier_addition;inactive,9//1,4725//256,0//1,4725//256,1,complete-enumeration:32
884,L100,1//1,7535//768,18,base_2;frontier_addition;inactive,5//1,11375//768,0//1,11375//768,1,complete-enumeration:32
884,L200,2//1,969//128,16,frontier_addition;inactive,1//1,1225//128,0//1,1225//128,1,complete-enumeration:32
884,L400,4//1,713//128,16,frontier_addition;inactive,1//1,1225//128,0//1,1225//128,1,complete-enumeration:32
885,L0,0//1,1269769//65536,30;31,base_2;base_3;closure_carrier;frontier_addition;inactive|base_1;base_2;base_3;closure_carrier;frontier_addition;inactive,8//1;10//1,7175//384,135707//196608,1269769//65536,2,complete-enumeration:32
885,L025,1//4,6695//384,22,base_2;base_3;frontier_addition;inactive,5//1,7175//384,0//1,7175//384,1,complete-enumeration:32
885,L050,1//2,6215//384,22,base_2;base_3;frontier_addition;inactive,5//1,7175//384,0//1,7175//384,1,complete-enumeration:32
885,L100,1//1,5255//384,22,base_2;base_3;frontier_addition;inactive,5//1,7175//384,0//1,7175//384,1,complete-enumeration:32
885,L200,2//1,1157//128,18,base_2;frontier_addition;inactive,3//1,1925//128,0//1,1925//128,1,complete-enumeration:32
885,L400,4//1,491//96,16,frontier_addition;inactive,1//1,875//96,0//1,875//96,1,complete-enumeration:32
886,L0,0//1,950977//49152,30;31,base_2;base_3;closure_carrier;frontier_addition;inactive|base_1;base_2;base_3;closure_carrier;frontier_addition;inactive,11//1;15//1,7175//384,10859//16384,950977//49152,2,complete-enumeration:32
886,L025,1//4,815809//49152,30,base_2;base_3;closure_carrier;frontier_addition;inactive,11//1,7175//384,10859//16384,950977//49152,1,complete-enumeration:32
886,L050,1//2,5447//384,22,base_2;base_3;frontier_addition;inactive,9//1,7175//384,0//1,7175//384,1,complete-enumeration:32
886,L100,1//1,1285//128,20,base_3;frontier_addition;inactive,5//1,1925//128,0//1,1925//128,1,complete-enumeration:32
886,L200,2//1,2557//384,16,frontier_addition;inactive,1//1,3325//384,0//1,3325//384,1,complete-enumeration:32
886,L400,4//1,1789//384,16,frontier_addition;inactive,1//1,3325//384,0//1,3325//384,1,complete-enumeration:32
887,L0,0//1,2275//192,17;19;21;23;25;27;29;31,base_1;frontier_addition;inactive|base_1;base_2;frontier_addition;inactive|base_1;base_3;frontier_addition;inactive|base_1;base_2;base_3;frontier_addition;inactive|base_1;closure_carrier;frontier_addition;inactive|base_1;base_2;closure_carrier;frontier_addition;inactive|base_1;base_3;closure_carrier;frontier_addition;inactive|base_1;base_2;base_3;closure_carrier;frontier_addition;inactive,3//1;5//1;6//1;7//1;8//1;10//1,2275//192,0//1,2275//192,8,complete-enumeration:32
887,L025,1//4,2131//192,17,base_1;frontier_addition;inactive,3//1,2275//192,0//1,2275//192,1,complete-enumeration:32
887,L050,1//2,1987//192,17,base_1;frontier_addition;inactive,3//1,2275//192,0//1,2275//192,1,complete-enumeration:32
887,L100,1//1,7039//768,1,base_1;inactive,2//1,8575//768,0//1,8575//768,1,complete-enumeration:32
887,L200,2//1,969//128,16,frontier_addition;inactive,1//1,1225//128,0//1,1225//128,1,complete-enumeration:32
887,L400,4//1,713//128,16,frontier_addition;inactive,1//1,1225//128,0//1,1225//128,1,complete-enumeration:32
888,L0,0//1,928577//49152,30;31,base_2;base_3;closure_carrier;frontier_addition;inactive|base_1;base_2;base_3;closure_carrier;frontier_addition;inactive,8//1;10//1,875//48,10859//16384,928577//49152,2,complete-enumeration:32
888,L025,1//4,815//48,22,base_2;base_3;frontier_addition;inactive,5//1,875//48,0//1,875//48,1,complete-enumeration:32
888,L050,1//2,755//48,22,base_2;base_3;frontier_addition;inactive,5//1,875//48,0//1,875//48,1,complete-enumeration:32
888,L100,1//1,635//48,22,base_2;base_3;frontier_addition;inactive,5//1,875//48,0//1,875//48,1,complete-enumeration:32
888,L200,2//1,6767//768,18;20,base_2;frontier_addition;inactive|base_3;frontier_addition;inactive,3//1,11375//768,0//1,11375//768,2,complete-enumeration:32
888,L400,4//1,1251//256,16,frontier_addition;inactive,1//1,2275//256,0//1,2275//256,1,complete-enumeration:32
889,L0,0//1,171713//12288,25;27;29;31,base_1;closure_carrier;frontier_addition;inactive|base_1;base_2;closure_carrier;frontier_addition;inactive|base_1;base_3;closure_carrier;frontier_addition;inactive|base_1;base_2;base_3;closure_carrier;frontier_addition;inactive,6//1;8//1;10//1,9275//768,7771//4096,171713//12288,4,complete-enumeration:32
889,L025,1//4,153281//12288,25,base_1;closure_carrier;frontier_addition;inactive,6//1,9275//768,7771//4096,171713//12288,1,complete-enumeration:32
889,L050,1//2,543233//49152,24,closure_carrier;frontier_addition;inactive,4//1,1925//192,49579//16384,641537//49152,1,complete-enumeration:32
889,L100,1//1,6971//768,17,base_1;frontier_addition;inactive,3//1,9275//768,0//1,9275//768,1,complete-enumeration:32
889,L200,2//1,1541//192,16,frontier_addition;inactive,1//1,1925//192,0//1,1925//192,1,complete-enumeration:32
889,L400,4//1,1157//192,16,frontier_addition;inactive,1//1,1925//192,0//1,1925//192,1,complete-enumeration:32
890,L0,0//1,200615//16384,25;27;29;31,base_1;closure_carrier;frontier_addition;inactive|base_1;base_2;closure_carrier;frontier_addition;inactive|base_1;base_3;closure_carrier;frontier_addition;inactive|base_1;base_2;base_3;closure_carrier;frontier_addition;inactive,6//1;8//1;10//1,2975//256,10215//16384,200615//16384,4,complete-enumeration:32
890,L025,1//4,2783//256,17,base_1;frontier_addition;inactive,3//1,2975//256,0//1,2975//256,1,complete-enumeration:32
890,L050,1//2,2591//256,17,base_1;frontier_addition;inactive,3//1,2975//256,0//1,2975//256,1,complete-enumeration:32
890,L100,1//1,6689//768,1,base_1;inactive,2//1,8225//768,0//1,8225//768,1,complete-enumeration:32
890,L200,2//1,969//128,16,frontier_addition;inactive,1//1,1225//128,0//1,1225//128,1,complete-enumeration:32
890,L400,4//1,713//128,16,frontier_addition;inactive,1//1,1225//128,0//1,1225//128,1,complete-enumeration:32
891,L0,0//1,2975//256,17;19;21;23;25;27;29;31,base_1;frontier_addition;inactive|base_1;base_2;frontier_addition;inactive|base_1;base_3;frontier_addition;inactive|base_1;base_2;base_3;frontier_addition;inactive|base_1;closure_carrier;frontier_addition;inactive|base_1;base_2;closure_carrier;frontier_addition;inactive|base_1;base_3;closure_carrier;frontier_addition;inactive|base_1;base_2;base_3;closure_carrier;frontier_addition;inactive,3//1;5//1;6//1;7//1;8//1;10//1,2975//256,0//1,2975//256,8,complete-enumeration:32
891,L025,1//4,2783//256,17,base_1;frontier_addition;inactive,3//1,2975//256,0//1,2975//256,1,complete-enumeration:32
891,L050,1//2,7807//768,1,base_1;inactive,2//1,8575//768,0//1,8575//768,1,complete-enumeration:32
891,L100,1//1,7039//768,1,base_1;inactive,2//1,8575//768,0//1,8575//768,1,complete-enumeration:32
891,L200,2//1,5989//768,16,frontier_addition;inactive,1//1,7525//768,0//1,7525//768,1,complete-enumeration:32
891,L400,4//1,4453//768,16,frontier_addition;inactive,1//1,7525//768,0//1,7525//768,1,complete-enumeration:32
892,L0,0//1,2275//128,19;23;27;31,base_1;base_2;frontier_addition;inactive|base_1;base_2;base_3;frontier_addition;inactive|base_1;base_2;closure_carrier;frontier_addition;inactive|base_1;base_2;base_3;closure_carrier;frontier_addition;inactive,5//1;7//1;9//1,2275//128,0//1,2275//128,4,complete-enumeration:32
892,L025,1//4,2115//128,19,base_1;base_2;frontier_addition;inactive,5//1,2275//128,0//1,2275//128,1,complete-enumeration:32
892,L050,1//2,1955//128,19,base_1;base_2;frontier_addition;inactive,5//1,2275//128,0//1,2275//128,1,complete-enumeration:32
892,L100,1//1,1635//128,19,base_1;base_2;frontier_addition;inactive,5//1,2275//128,0//1,2275//128,1,complete-enumeration:32
892,L200,2//1,2139//256,18,base_2;frontier_addition;inactive,3//1,3675//256,0//1,3675//256,1,complete-enumeration:32
892,L400,4//1,1251//256,16,frontier_addition;inactive,1//1,2275//256,0//1,2275//256,1,complete-enumeration:32
893,L0,0//1,9275//768,17;19;21;23;25;27;29;31,base_1;frontier_addition;inactive|base_1;base_2;frontier_addition;inactive|base_1;base_3;frontier_addition;inactive|base_1;base_2;base_3;frontier_addition;inactive|base_1;closure_carrier;frontier_addition;inactive|base_1;base_2;closure_carrier;frontier_addition;inactive|base_1;base_3;closure_carrier;frontier_addition;inactive|base_1;base_2;base_3;closure_carrier;frontier_addition;inactive,5//1;8//1;9//1;12//1;13//1;16//1,9275//768,0//1,9275//768,8,complete-enumeration:32
893,L025,1//4,8315//768,17,base_1;frontier_addition;inactive,5//1,9275//768,0//1,9275//768,1,complete-enumeration:32
893,L050,1//2,3833//384,16,frontier_addition;inactive,1//1,4025//384,0//1,4025//384,1,complete-enumeration:32
893,L100,1//1,3641//384,16,frontier_addition;inactive,1//1,4025//384,0//1,4025//384,1,complete-enumeration:32
893,L200,2//1,3257//384,16,frontier_addition;inactive,1//1,4025//384,0//1,4025//384,1,complete-enumeration:32
893,L400,4//1,2489//384,16,frontier_addition;inactive,1//1,4025//384,0//1,4025//384,1,complete-enumeration:32
894,L0,0//1,9275//768,17;19;21;23;25;27;29;31,base_1;frontier_addition;inactive|base_1;base_2;frontier_addition;inactive|base_1;base_3;frontier_addition;inactive|base_1;base_2;base_3;frontier_addition;inactive|base_1;closure_carrier;frontier_addition;inactive|base_1;base_2;closure_carrier;frontier_addition;inactive|base_1;base_3;closure_carrier;frontier_addition;inactive|base_1;base_2;base_3;closure_carrier;frontier_addition;inactive,3//1;5//1;7//1;9//1,9275//768,0//1,9275//768,8,complete-enumeration:32
894,L025,1//4,8699//768,17,base_1;frontier_addition;inactive,3//1,9275//768,0//1,9275//768,1,complete-enumeration:32
894,L050,1//2,8123//768,17,base_1;frontier_addition;inactive,3//1,9275//768,0//1,9275//768,1,complete-enumeration:32
894,L100,1//1,3641//384,16,frontier_addition;inactive,1//1,4025//384,0//1,4025//384,1,complete-enumeration:32
894,L200,2//1,3257//384,16,frontier_addition;inactive,1//1,4025//384,0//1,4025//384,1,complete-enumeration:32
894,L400,4//1,2489//384,16,frontier_addition;inactive,1//1,4025//384,0//1,4025//384,1,complete-enumeration:32
895,L0,0//1,234763//12288,30;31,base_2;base_3;closure_carrier;frontier_addition;inactive|base_1;base_2;base_3;closure_carrier;frontier_addition;inactive,11//1;15//1,13825//768,4521//4096,234763//12288,2,complete-enumeration:32
895,L025,1//4,200971//12288,30,base_2;base_3;closure_carrier;frontier_addition;inactive,11//1,13825//768,4521//4096,234763//12288,1,complete-enumeration:32
895,L050,1//2,2761501//196608,28,base_3;closure_carrier;frontier_addition;inactive,7//1,175//12,194143//65536,3449629//196608,1,complete-enumeration:32
895,L100,1//1,593407//49152,24,closure_carrier;frontier_addition;inactive,3//1,875//96,97621//16384,740863//49152,1,complete-enumeration:32
895,L200,2//1,445951//49152,24,closure_carrier;frontier_addition;inactive,3//1,875//96,97621//16384,740863//49152,1,complete-enumeration:32
895,L400,4//1,1789//384,16,frontier_addition;inactive,1//1,3325//384,0//1,3325//384,1,complete-enumeration:32
896,L0,0//1,2275//128,22;23;30;31,base_2;base_3;frontier_addition;inactive|base_1;base_2;base_3;frontier_addition;inactive|base_2;base_3;closure_carrier;frontier_addition;inactive|base_1;base_2;base_3;closure_carrier;frontier_addition;inactive,9//1;12//1;13//1;16//1,2275//128,0//1,2275//128,4,complete-enumeration:32
896,L025,1//4,1987//128,22,base_2;base_3;frontier_addition;inactive,9//1,2275//128,0//1,2275//128,1,complete-enumeration:32
896,L050,1//2,1699//128,22,base_2;base_3;frontier_addition;inactive,9//1,2275//128,0//1,2275//128,1,complete-enumeration:32
896,L100,1//1,2395//256,20,base_3;frontier_addition;inactive,5//1,3675//256,0//1,3675//256,1,complete-enumeration:32
896,L200,2//1,2557//384,16,frontier_addition;inactive,1//1,3325//384,0//1,3325//384,1,complete-enumeration:32
896,L400,4//1,1789//384,16,frontier_addition;inactive,1//1,3325//384,0//1,3325//384,1,complete-enumeration:32
897,L0,0//1,3719707//196608,21;23;29;31,base_1;base_3;frontier_addition;inactive|base_1;base_2;base_3;frontier_addition;inactive|base_1;base_3;closure_carrier;frontier_addition;inactive|base_1;base_2;base_3;closure_carrier;frontier_addition;inactive,5//1;7//1;9//1,875//48,135707//196608,3719707//196608,4,complete-enumeration:32
897,L025,1//4,3473947//196608,21,base_1;base_3;frontier_addition;inactive,5//1,875//48,135707//196608,3719707//196608,1,complete-enumeration:32
897,L050,1//2,3228187//196608,21,base_1;base_3;frontier_addition;inactive,5//1,875//48,135707//196608,3719707//196608,1,complete-enumeration:32
897,L100,1//1,696193//49152,17,base_1;frontier_addition;inactive,3//1,175//12,42283//16384,843649//49152,1,complete-enumeration:32
897,L200,2//1,548737//49152,17,base_1;frontier_addition;inactive,3//1,175//12,42283//16384,843649//49152,1,complete-enumeration:32
897,L400,4//1,334187//49152,1,base_1;inactive,2//1,7175//768,89401//16384,727403//49152,1,complete-enumeration:32
898,L0,0//1,119059//6144,21;23;29;31,base_1;base_3;frontier_addition;inactive|base_1;base_2;base_3;frontier_addition;inactive|base_1;base_3;closure_carrier;frontier_addition;inactive|base_1;base_2;base_3;closure_carrier;frontier_addition;inactive,5//1;7//1;8//1;10//1,14525//768,953//2048,119059//6144,4,complete-enumeration:32
898,L025,1//4,111379//6144,21,base_1;base_3;frontier_addition;inactive,5//1,14525//768,953//2048,119059//6144,1,complete-enumeration:32
898,L050,1//2,103699//6144,21,base_1;base_3;frontier_addition;inactive,5//1,14525//768,953//2048,119059//6144,1,complete-enumeration:32
898,L100,1//1,88339//6144,21,base_1;base_3;frontier_addition;inactive,5//1,14525//768,953//2048,119059//6144,1,complete-enumeration:32
898,L200,2//1,520717//49152,17,base_1;frontier_addition;inactive,3//1,11725//768,21743//16384,815629//49152,1,complete-enumeration:32
898,L400,4//1,491//96,16,frontier_addition;inactive,1//1,875//96,0//1,875//96,1,complete-enumeration:32
899,L0,0//1,4375//384,17;19;21;23;25;27;29;31,base_1;frontier_addition;inactive|base_1;base_2;frontier_addition;inactive|base_1;base_3;frontier_addition;inactive|base_1;base_2;base_3;frontier_addition;inactive|base_1;closure_carrier;frontier_addition;inactive|base_1;base_2;closure_carrier;frontier_addition;inactive|base_1;base_3;closure_carrier;frontier_addition;inactive|base_1;base_2;base_3;closure_carrier;frontier_addition;inactive,3//1;5//1;7//1;9//1,4375//384,0//1,4375//384,8,complete-enumeration:32
899,L025,1//4,4087//384,17,base_1;frontier_addition;inactive,3//1,4375//384,0//1,4375//384,1,complete-enumeration:32
899,L050,1//2,3799//384,17,base_1;frontier_addition;inactive,3//1,4375//384,0//1,4375//384,1,complete-enumeration:32
899,L100,1//1,1733//192,16,frontier_addition;inactive,1//1,1925//192,0//1,1925//192,1,complete-enumeration:32
899,L200,2//1,1541//192,16,frontier_addition;inactive,1//1,1925//192,0//1,1925//192,1,complete-enumeration:32
899,L400,4//1,1157//192,16,frontier_addition;inactive,1//1,1925//192,0//1,1925//192,1,complete-enumeration:32
900,L0,0//1,2975//256,17;19;21;23;25;27;29;31,base_1;frontier_addition;inactive|base_1;base_2;frontier_addition;inactive|base_1;base_3;frontier_addition;inactive|base_1;base_2;base_3;frontier_addition;inactive|base_1;closure_carrier;frontier_addition;inactive|base_1;base_2;closure_carrier;frontier_addition;inactive|base_1;base_3;closure_carrier;frontier_addition;inactive|base_1;base_2;base_3;closure_carrier;frontier_addition;inactive,5//1;8//1;9//1;12//1;13//1;16//1,2975//256,0//1,2975//256,8,complete-enumeration:32
900,L025,1//4,2655//256,17,base_1;frontier_addition;inactive,5//1,2975//256,0//1,2975//256,1,complete-enumeration:32
900,L050,1//2,1829//192,16,frontier_addition;inactive,1//1,1925//192,0//1,1925//192,1,complete-enumeration:32
900,L100,1//1,1733//192,16,frontier_addition;inactive,1//1,1925//192,0//1,1925//192,1,complete-enumeration:32
900,L200,2//1,1541//192,16,frontier_addition;inactive,1//1,1925//192,0//1,1925//192,1,complete-enumeration:32
900,L400,4//1,1157//192,16,frontier_addition;inactive,1//1,1925//192,0//1,1925//192,1,complete-enumeration:32
901,L0,0//1,11363//768,17;19;21;23;25;27;29;31,base_1;frontier_addition;inactive|base_1;base_2;frontier_addition;inactive|base_1;base_3;frontier_addition;inactive|base_1;base_2;base_3;frontier_addition;inactive|base_1;closure_carrier;frontier_addition;inactive|base_1;base_2;closure_carrier;frontier_addition;inactive|base_1;base_3;closure_carrier;frontier_addition;inactive|base_1;base_2;base_3;closure_carrier;frontier_addition;inactive,5//1;7//1;9//1;11//1;13//1;15//1,4375//384,871//256,11363//768,8,complete-enumeration:32
901,L025,1//4,10403//768,17,base_1;frontier_addition;inactive,5//1,4375//384,871//256,11363//768,1,complete-enumeration:32
901,L050,1//2,311647//24576,24,closure_carrier;frontier_addition;inactive,3//1,1925//192,34037//8192,348511//24576,1,complete-enumeration:32
901,L100,1//1,274783//24576,24,closure_carrier;frontier_addition;inactive,3//1,1925//192,34037//8192,348511//24576,1,complete-enumeration:32
901,L200,2//1,201055//24576,24,closure_carrier;frontier_addition;inactive,3//1,1925//192,34037//8192,348511//24576,1,complete-enumeration:32
901,L400,4//1,1157//192,16,frontier_addition;inactive,1//1,1925//192,0//1,1925//192,1,complete-enumeration:32
902,L0,0//1,4729//384,17;19;21;23;25;27;29;31,base_1;frontier_addition;inactive|base_1;base_2;frontier_addition;inactive|base_1;base_3;frontier_addition;inactive|base_1;base_2;base_3;frontier_addition;inactive|base_1;closure_carrier;frontier_addition;inactive|base_1;base_2;closure_carrier;frontier_addition;inactive|base_1;base_3;closure_carrier;frontier_addition;inactive|base_1;base_2;base_3;closure_carrier;frontier_addition;inactive,3//1;5//1;7//1;9//1,9275//768,61//256,4729//384,8,complete-enumeration:32
902,L025,1//4,4441//384,17,base_1;frontier_addition;inactive,3//1,9275//768,61//256,4729//384,1,complete-enumeration:32
902,L050,1//2,4153//384,17,base_1;frontier_addition;inactive,3//1,9275//768,61//256,4729//384,1,complete-enumeration:32
902,L100,1//1,3577//384,17,base_1;frontier_addition;inactive,3//1,9275//768,61//256,4729//384,1,complete-enumeration:32
902,L200,2//1,5989//768,16,frontier_addition;inactive,1//1,7525//768,0//1,7525//768,1,complete-enumeration:32
902,L400,4//1,4453//768,16,frontier_addition;inactive,1//1,7525//768,0//1,7525//768,1,complete-enumeration:32
903,L0,0//1,13825//768,21;23;29;31,base_1;base_3;frontier_addition;inactive|base_1;base_2;base_3;frontier_addition;inactive|base_1;base_3;closure_carrier;frontier_addition;inactive|base_1;base_2;base_3;closure_carrier;frontier_addition;inactive,5//1;7//1;9//1,13825//768,0//1,13825//768,4,complete-enumeration:32
903,L025,1//4,12865//768,21,base_1;base_3;frontier_addition;inactive,5//1,13825//768,0//1,13825//768,1,complete-enumeration:32
903,L050,1//2,11905//768,21,base_1;base_3;frontier_addition;inactive,5//1,13825//768,0//1,13825//768,1,complete-enumeration:32
903,L100,1//1,9985//768,21,base_1;base_3;frontier_addition;inactive,5//1,13825//768,0//1,13825//768,1,complete-enumeration:32
903,L200,2//1,2139//256,17;20,base_1;frontier_addition;inactive|base_3;frontier_addition;inactive,3//1,3675//256,0//1,3675//256,2,complete-enumeration:32
903,L400,4//1,3403//768,16,frontier_addition;inactive,1//1,6475//768,0//1,6475//768,1,complete-enumeration:32
904,L0,0//1,101473//8192,17;19;21;23;25;27;29;31,base_1;frontier_addition;inactive|base_1;base_2;frontier_addition;inactive|base_1;base_3;frontier_addition;inactive|base_1;base_2;base_3;frontier_addition;inactive|base_1;closure_carrier;frontier_addition;inactive|base_1;base_2;closure_carrier;frontier_addition;inactive|base_1;base_3;closure_carrier;frontier_addition;inactive|base_1;base_2;base_3;closure_carrier;frontier_addition;inactive,5//1;7//1;9//1;11//1;13//1;15//1,1575//128,673//8192,101473//8192,8,complete-enumeration:32
904,L025,1//4,91233//8192,17,base_1;frontier_addition;inactive,5//1,1575//128,673//8192,101473//8192,1,complete-enumeration:32
904,L050,1//2,80993//8192,17,base_1;frontier_addition;inactive,5//1,1575//128,673//8192,101473//8192,1,complete-enumeration:32
904,L100,1//1,6757//768,16,frontier_addition;inactive,1//1,7525//768,0//1,7525//768,1,complete-enumeration:32
904,L200,2//1,5989//768,16,frontier_addition;inactive,1//1,7525//768,0//1,7525//768,1,complete-enumeration:32
904,L400,4//1,4453//768,16,frontier_addition;inactive,1//1,7525//768,0//1,7525//768,1,complete-enumeration:32
905,L0,0//1,8575//768,17;19;21;23;25;27;29;31,base_1;frontier_addition;inactive|base_1;base_2;frontier_addition;inactive|base_1;base_3;frontier_addition;inactive|base_1;base_2;base_3;frontier_addition;inactive|base_1;closure_carrier;frontier_addition;inactive|base_1;base_2;closure_carrier;frontier_addition;inactive|base_1;base_3;closure_carrier;frontier_addition;inactive|base_1;base_2;base_3;closure_carrier;frontier_addition;inactive,3//1;5//1;7//1;9//1,8575//768,0//1,8575//768,8,complete-enumeration:32
905,L025,1//4,7999//768,17,base_1;frontier_addition;inactive,3//1,8575//768,0//1,8575//768,1,complete-enumeration:32
905,L050,1//2,7457//768,1,base_1;inactive,2//1,8225//768,0//1,8225//768,1,complete-enumeration:32
905,L100,1//1,1733//192,16,frontier_addition;inactive,1//1,1925//192,0//1,1925//192,1,complete-enumeration:32
905,L200,2//1,1541//192,16,frontier_addition;inactive,1//1,1925//192,0//1,1925//192,1,complete-enumeration:32
905,L400,4//1,1157//192,16,frontier_addition;inactive,1//1,1925//192,0//1,1925//192,1,complete-enumeration:32
906,L0,0//1,110659//6144,19;23;27;31,base_1;base_2;frontier_addition;inactive|base_1;base_2;base_3;frontier_addition;inactive|base_1;base_2;closure_carrier;frontier_addition;inactive|base_1;base_2;base_3;closure_carrier;frontier_addition;inactive,9//1;12//1;13//1;16//1,13475//768,953//2048,110659//6144,4,complete-enumeration:32
906,L025,1//4,96835//6144,19,base_1;base_2;frontier_addition;inactive,9//1,13475//768,953//2048,110659//6144,1,complete-enumeration:32
906,L050,1//2,83011//6144,19,base_1;base_2;frontier_addition;inactive,9//1,13475//768,953//2048,110659//6144,1,complete-enumeration:32
906,L100,1//1,255547//24576,17,base_1;frontier_addition;inactive,5//1,5425//384,10409//8192,378427//24576,1,complete-enumeration:32
906,L200,2//1,1763//256,16,frontier_addition;inactive,1//1,2275//256,0//1,2275//256,1,complete-enumeration:32
906,L400,4//1,1251//256,16,frontier_addition;inactive,1//1,2275//256,0//1,2275//256,1,complete-enumeration:32
907,L0,0//1,2275//192,17;19;21;23;25;27;29;31,base_1;frontier_addition;inactive|base_1;base_2;frontier_addition;inactive|base_1;base_3;frontier_addition;inactive|base_1;base_2;base_3;frontier_addition;inactive|base_1;closure_carrier;frontier_addition;inactive|base_1;base_2;closure_carrier;frontier_addition;inactive|base_1;base_3;closure_carrier;frontier_addition;inactive|base_1;base_2;base_3;closure_carrier;frontier_addition;inactive,5//1;7//1;9//1;11//1;13//1;15//1,2275//192,0//1,2275//192,8,complete-enumeration:32
907,L025,1//4,2035//192,17,base_1;frontier_addition;inactive,5//1,2275//192,0//1,2275//192,1,complete-enumeration:32
907,L050,1//2,1795//192,17,base_1;frontier_addition;inactive,5//1,2275//192,0//1,2275//192,1,complete-enumeration:32
907,L100,1//1,6757//768,16,frontier_addition;inactive,1//1,7525//768,0//1,7525//768,1,complete-enumeration:32
907,L200,2//1,5989//768,16,frontier_addition;inactive,1//1,7525//768,0//1,7525//768,1,complete-enumeration:32
907,L400,4//1,4453//768,16,frontier_addition;inactive,1//1,7525//768,0//1,7525//768,1,complete-enumeration:32
908,L0,0//1,438247//24576,19;23;27;31,base_1;base_2;frontier_addition;inactive|base_1;base_2;base_3;frontier_addition;inactive|base_1;base_2;closure_carrier;frontier_addition;inactive|base_1;base_2;base_3;closure_carrier;frontier_addition;inactive,5//1;7//1;8//1;10//1,2275//128,1447//24576,438247//24576,4,complete-enumeration:32
908,L025,1//4,407527//24576,19,base_1;base_2;frontier_addition;inactive,5//1,2275//128,1447//24576,438247//24576,1,complete-enumeration:32
908,L050,1//2,376807//24576,19,base_1;base_2;frontier_addition;inactive,5//1,2275//128,1447//24576,438247//24576,1,complete-enumeration:32
908,L100,1//1,315367//24576,19,base_1;base_2;frontier_addition;inactive,5//1,2275//128,1447//24576,438247//24576,1,complete-enumeration:32
908,L200,2//1,25729//3072,17,base_1;frontier_addition;inactive,3//1,10675//768,487//1024,44161//3072,1,complete-enumeration:32
908,L400,4//1,491//96,16,frontier_addition;inactive,1//1,875//96,0//1,875//96,1,complete-enumeration:32
909,L0,0//1,9275//768,17;19;21;23;25;27;29;31,base_1;frontier_addition;inactive|base_1;base_2;frontier_addition;inactive|base_1;base_3;frontier_addition;inactive|base_1;base_2;base_3;frontier_addition;inactive|base_1;closure_carrier;frontier_addition;inactive|base_1;base_2;closure_carrier;frontier_addition;inactive|base_1;base_3;closure_carrier;frontier_addition;inactive|base_1;base_2;base_3;closure_carrier;frontier_addition;inactive,5//1;7//1;9//1;11//1;13//1;15//1,9275//768,0//1,9275//768,8,complete-enumeration:32
909,L025,1//4,8315//768,17,base_1;frontier_addition;inactive,5//1,9275//768,0//1,9275//768,1,complete-enumeration:32
909,L050,1//2,7841//768,16,frontier_addition;inactive,1//1,8225//768,0//1,8225//768,1,complete-enumeration:32
909,L100,1//1,7457//768,16,frontier_addition;inactive,1//1,8225//768,0//1,8225//768,1,complete-enumeration:32
909,L200,2//1,6689//768,16,frontier_addition;inactive,1//1,8225//768,0//1,8225//768,1,complete-enumeration:32
909,L400,4//1,5153//768,16,frontier_addition;inactive,1//1,8225//768,0//1,8225//768,1,complete-enumeration:32
910,L0,0//1,232183//12288,22;23;30;31,base_2;base_3;frontier_addition;inactive|base_1;base_2;base_3;frontier_addition;inactive|base_2;base_3;closure_carrier;frontier_addition;inactive|base_1;base_2;base_3;closure_carrier;frontier_addition;inactive,9//1;11//1;13//1;15//1,13825//768,3661//4096,232183//12288,4,complete-enumeration:32
910,L025,1//4,204535//12288,22,base_2;base_3;frontier_addition;inactive,9//1,13825//768,3661//4096,232183//12288,1,complete-enumeration:32
910,L050,1//2,730327//49152,18,base_2;frontier_addition;inactive,5//1,175//12,45469//16384,853207//49152,1,complete-enumeration:32
910,L100,1//1,607447//49152,18,base_2;frontier_addition;inactive,5//1,175//12,45469//16384,853207//49152,1,complete-enumeration:32
910,L200,2//1,221245//24576,24,closure_carrier;frontier_addition;inactive,3//1,7175//768,46367//8192,368701//24576,1,complete-enumeration:32
910,L400,4//1,491//96,16,frontier_addition;inactive,1//1,875//96,0//1,875//96,1,complete-enumeration:32
911,L0,0//1,168913//12288,17;19;21;23;25;27;29;31,base_1;frontier_addition;inactive|base_1;base_2;frontier_addition;inactive|base_1;base_3;frontier_addition;inactive|base_1;base_2;base_3;frontier_addition;inactive|base_1;closure_carrier;frontier_addition;inactive|base_1;base_2;closure_carrier;frontier_addition;inactive|base_1;base_3;closure_carrier;frontier_addition;inactive|base_1;base_2;base_3;closure_carrier;frontier_addition;inactive,5//1;7//1;9//1;11//1;13//1;15//1,2275//192,7771//4096,168913//12288,8,complete-enumeration:32
911,L025,1//4,153553//12288,17,base_1;frontier_addition;inactive,5//1,2275//192,7771//4096,168913//12288,1,complete-enumeration:32
911,L050,1//2,562243//49152,1,base_1;inactive,4//1,8575//768,37249//16384,660547//49152,1,complete-enumeration:32
911,L100,1//1,482881//49152,24,closure_carrier;frontier_addition;inactive,3//1,7525//768,49579//16384,630337//49152,1,complete-enumeration:32
911,L200,2//1,5989//768,16,frontier_addition;inactive,1//1,7525//768,0//1,7525//768,1,complete-enumeration:32
911,L400,4//1,4453//768,16,frontier_addition;inactive,1//1,7525//768,0//1,7525//768,1,complete-enumeration:32
912,L0,0//1,613141//49152,17;19;21;23;25;27;29;31,base_1;frontier_addition;inactive|base_1;base_2;frontier_addition;inactive|base_1;base_3;frontier_addition;inactive|base_1;base_2;base_3;frontier_addition;inactive|base_1;closure_carrier;frontier_addition;inactive|base_1;base_2;closure_carrier;frontier_addition;inactive|base_1;base_3;closure_carrier;frontier_addition;inactive|base_1;base_2;base_3;closure_carrier;frontier_addition;inactive,5//1;7//1;9//1;11//1;13//1;15//1,2275//192,10247//16384,613141//49152,8,complete-enumeration:32
912,L025,1//4,551701//49152,17,base_1;frontier_addition;inactive,5//1,2275//192,10247//16384,613141//49152,1,complete-enumeration:32
912,L050,1//2,3883//384,24,closure_carrier;frontier_addition;inactive,3//1,1925//192,203//128,4459//384,1,complete-enumeration:32
912,L100,1//1,1733//192,16,frontier_addition;inactive,1//1,1925//192,0//1,1925//192,1,complete-enumeration:32
912,L200,2//1,1541//192,16,frontier_addition;inactive,1//1,1925//192,0//1,1925//192,1,complete-enumeration:32
912,L400,4//1,1157//192,16,frontier_addition;inactive,1//1,1925//192,0//1,1925//192,1,complete-enumeration:32
913,L0,0//1,2275//192,17;19;21;23;25;27;29;31,base_1;frontier_addition;inactive|base_1;base_2;frontier_addition;inactive|base_1;base_3;frontier_addition;inactive|base_1;base_2;base_3;frontier_addition;inactive|base_1;closure_carrier;frontier_addition;inactive|base_1;base_2;closure_carrier;frontier_addition;inactive|base_1;base_3;closure_carrier;frontier_addition;inactive|base_1;base_2;base_3;closure_carrier;frontier_addition;inactive,3//1;5//1;6//1;7//1;8//1;10//1,2275//192,0//1,2275//192,8,complete-enumeration:32
913,L025,1//4,2131//192,17,base_1;frontier_addition;inactive,3//1,2275//192,0//1,2275//192,1,complete-enumeration:32
913,L050,1//2,1987//192,17,base_1;frontier_addition;inactive,3//1,2275//192,0//1,2275//192,1,complete-enumeration:32
913,L100,1//1,28285//3072,1,base_1;inactive,2//1,8575//768,43//1024,34429//3072,1,complete-enumeration:32
913,L200,2//1,1541//192,16,frontier_addition;inactive,1//1,1925//192,0//1,1925//192,1,complete-enumeration:32
913,L400,4//1,1157//192,16,frontier_addition;inactive,1//1,1925//192,0//1,1925//192,1,complete-enumeration:32
914,L0,0//1,4725//256,19;23;27;31,base_1;base_2;frontier_addition;inactive|base_1;base_2;base_3;frontier_addition;inactive|base_1;base_2;closure_carrier;frontier_addition;inactive|base_1;base_2;base_3;closure_carrier;frontier_addition;inactive,5//1;7//1;8//1;10//1,4725//256,0//1,4725//256,4,complete-enumeration:32
914,L025,1//4,4405//256,19,base_1;base_2;frontier_addition;inactive,5//1,4725//256,0//1,4725//256,1,complete-enumeration:32
914,L050,1//2,4085//256,19,base_1;base_2;frontier_addition;inactive,5//1,4725//256,0//1,4725//256,1,complete-enumeration:32
914,L100,1//1,3445//256,19,base_1;base_2;frontier_addition;inactive,5//1,4725//256,0//1,4725//256,1,complete-enumeration:32
914,L200,2//1,1157//128,18,base_2;frontier_addition;inactive,3//1,1925//128,0//1,1925//128,1,complete-enumeration:32
914,L400,4//1,4103//768,16,frontier_addition;inactive,1//1,7175//768,0//1,7175//768,1,complete-enumeration:32
915,L0,0//1,456091//24576,22;23;30;31,base_2;base_3;frontier_addition;inactive|base_1;base_2;base_3;frontier_addition;inactive|base_2;base_3;closure_carrier;frontier_addition;inactive|base_1;base_2;base_3;closure_carrier;frontier_addition;inactive,9//1;11//1;13//1;15//1,4725//256,2491//24576,456091//24576,4,complete-enumeration:32
915,L025,1//4,400795//24576,22,base_2;base_3;frontier_addition;inactive,9//1,4725//256,2491//24576,456091//24576,1,complete-enumeration:32
915,L050,1//2,345499//24576,22,base_2;base_3;frontier_addition;inactive,9//1,4725//256,2491//24576,456091//24576,1,complete-enumeration:32
915,L100,1//1,89429//8192,20,base_3;frontier_addition;inactive,5//1,1925//128,7189//8192,130389//8192,1,complete-enumeration:32
915,L200,2//1,683//96,16,frontier_addition;inactive,1//1,875//96,0//1,875//96,1,complete-enumeration:32
915,L400,4//1,491//96,16,frontier_addition;inactive,1//1,875//96,0//1,875//96,1,complete-enumeration:32
916,L0,0//1,7175//384,19;23;27;31,base_1;base_2;frontier_addition;inactive|base_1;base_2;base_3;frontier_addition;inactive|base_1;base_2;closure_carrier;frontier_addition;inactive|base_1;base_2;base_3;closure_carrier;frontier_addition;inactive,9//1;12//1;13//1;16//1,7175//384,0//1,7175//384,4,complete-enumeration:32
916,L025,1//4,6311//384,19,base_1;base_2;frontier_addition;inactive,9//1,7175//384,0//1,7175//384,1,complete-enumeration:32
916,L050,1//2,5447//384,19,base_1;base_2;frontier_addition;inactive,9//1,7175//384,0//1,7175//384,1,complete-enumeration:32
916,L100,1//1,7535//768,17;18,base_1;frontier_addition;inactive|base_2;frontier_addition;inactive,5//1,11375//768,0//1,11375//768,2,complete-enumeration:32
916,L200,2//1,5639//768,16,frontier_addition;inactive,1//1,7175//768,0//1,7175//768,1,complete-enumeration:32
916,L400,4//1,4103//768,16,frontier_addition;inactive,1//1,7175//768,0//1,7175//768,1,complete-enumeration:32
917,L0,0//1,244513//12288,19;23;27;31,base_1;base_2;frontier_addition;inactive|base_1;base_2;base_3;frontier_addition;inactive|base_1;base_2;closure_carrier;frontier_addition;inactive|base_1;base_2;base_3;closure_carrier;frontier_addition;inactive,9//1;12//1;13//1;16//1,13825//768,7771//4096,244513//12288,4,complete-enumeration:32
917,L025,1//4,216865//12288,19,base_1;base_2;frontier_addition;inactive,9//1,13825//768,7771//4096,244513//12288,1,complete-enumeration:32
917,L050,1//2,392341//24576,18,base_2;frontier_addition;inactive,5//1,11375//768,29927//8192,453781//24576,1,complete-enumeration:32
917,L100,1//1,330901//24576,18,base_2;frontier_addition;inactive,5//1,11375//768,29927//8192,453781//24576,1,complete-enumeration:32
917,L200,2//1,208021//24576,18,base_2;frontier_addition;inactive,5//1,11375//768,29927//8192,453781//24576,1,complete-enumeration:32
917,L400,4//1,713//128,16,frontier_addition;inactive,1//1,1225//128,0//1,1225//128,1,complete-enumeration:32
918,L0,0//1,1783//96,22;23;30;31,base_2;base_3;frontier_addition;inactive|base_1;base_2;base_3;frontier_addition;inactive|base_2;base_3;closure_carrier;frontier_addition;inactive|base_1;base_2;base_3;closure_carrier;frontier_addition;inactive,9//1;12//1;13//1;16//1,875//48,11//32,1783//96,4,complete-enumeration:32
918,L025,1//4,1567//96,22,base_2;base_3;frontier_addition;inactive,9//1,875//48,11//32,1783//96,1,complete-enumeration:32
918,L050,1//2,1351//96,22,base_2;base_3;frontier_addition;inactive,9//1,875//48,11//32,1783//96,1,complete-enumeration:32
918,L100,1//1,10391//1024,18;20,base_2;frontier_addition;inactive|base_3;frontier_addition;inactive,5//1,3675//256,811//1024,15511//1024,2,complete-enumeration:32
918,L200,2//1,2557//384,16,frontier_addition;inactive,1//1,3325//384,0//1,3325//384,1,complete-enumeration:32
918,L400,4//1,1789//384,16,frontier_addition;inactive,1//1,3325//384,0//1,3325//384,1,complete-enumeration:32
919,L0,0//1,4729//384,17;19;21;23;25;27;29;31,base_1;frontier_addition;inactive|base_1;base_2;frontier_addition;inactive|base_1;base_3;frontier_addition;inactive|base_1;base_2;base_3;frontier_addition;inactive|base_1;closure_carrier;frontier_addition;inactive|base_1;base_2;closure_carrier;frontier_addition;inactive|base_1;base_3;closure_carrier;frontier_addition;inactive|base_1;base_2;base_3;closure_carrier;frontier_addition;inactive,3//1;5//1;6//1;7//1;8//1;10//1,9275//768,61//256,4729//384,8,complete-enumeration:32
919,L025,1//4,4441//384,17,base_1;frontier_addition;inactive,3//1,9275//768,61//256,4729//384,1,complete-enumeration:32
919,L050,1//2,4153//384,17,base_1;frontier_addition;inactive,3//1,9275//768,61//256,4729//384,1,complete-enumeration:32
919,L100,1//1,3641//384,16,frontier_addition;inactive,1//1,4025//384,0//1,4025//384,1,complete-enumeration:32
919,L200,2//1,3257//384,16,frontier_addition;inactive,1//1,4025//384,0//1,4025//384,1,complete-enumeration:32
919,L400,4//1,2489//384,16,frontier_addition;inactive,1//1,4025//384,0//1,4025//384,1,complete-enumeration:32
920,L0,0//1,9625//768,17;19;21;23;25;27;29;31,base_1;frontier_addition;inactive|base_1;base_2;frontier_addition;inactive|base_1;base_3;frontier_addition;inactive|base_1;base_2;base_3;frontier_addition;inactive|base_1;closure_carrier;frontier_addition;inactive|base_1;base_2;closure_carrier;frontier_addition;inactive|base_1;base_3;closure_carrier;frontier_addition;inactive|base_1;base_2;base_3;closure_carrier;frontier_addition;inactive,5//1;7//1;9//1;11//1;13//1;15//1,9625//768,0//1,9625//768,8,complete-enumeration:32
920,L025,1//4,8665//768,17,base_1;frontier_addition;inactive,5//1,9625//768,0//1,9625//768,1,complete-enumeration:32
920,L050,1//2,7705//768,17,base_1;frontier_addition;inactive,5//1,9625//768,0//1,9625//768,1,complete-enumeration:32
920,L100,1//1,2369//256,16,frontier_addition;inactive,1//1,2625//256,0//1,2625//256,1,complete-enumeration:32
920,L200,2//1,2113//256,16,frontier_addition;inactive,1//1,2625//256,0//1,2625//256,1,complete-enumeration:32
920,L400,4//1,1601//256,16,frontier_addition;inactive,1//1,2625//256,0//1,2625//256,1,complete-enumeration:32
921,L0,0//1,9275//768,17;19;21;23;25;27;29;31,base_1;frontier_addition;inactive|base_1;base_2;frontier_addition;inactive|base_1;base_3;frontier_addition;inactive|base_1;base_2;base_3;frontier_addition;inactive|base_1;closure_carrier;frontier_addition;inactive|base_1;base_2;closure_carrier;frontier_addition;inactive|base_1;base_3;closure_carrier;frontier_addition;inactive|base_1;base_2;base_3;closure_carrier;frontier_addition;inactive,3//1;5//1;6//1;7//1;8//1;10//1,9275//768,0//1,9275//768,8,complete-enumeration:32
921,L025,1//4,8699//768,17,base_1;frontier_addition;inactive,3//1,9275//768,0//1,9275//768,1,complete-enumeration:32
921,L050,1//2,8123//768,17,base_1;frontier_addition;inactive,3//1,9275//768,0//1,9275//768,1,complete-enumeration:32
921,L100,1//1,3641//384,16,frontier_addition;inactive,1//1,4025//384,0//1,4025//384,1,complete-enumeration:32
921,L200,2//1,3257//384,16,frontier_addition;inactive,1//1,4025//384,0//1,4025//384,1,complete-enumeration:32
921,L400,4//1,2489//384,16,frontier_addition;inactive,1//1,4025//384,0//1,4025//384,1,complete-enumeration:32
922,L0,0//1,73927//6144,17;19;21;23;25;27;29;31,base_1;frontier_addition;inactive|base_1;base_2;frontier_addition;inactive|base_1;base_3;frontier_addition;inactive|base_1;base_2;base_3;frontier_addition;inactive|base_1;closure_carrier;frontier_addition;inactive|base_1;base_2;closure_carrier;frontier_addition;inactive|base_1;base_3;closure_carrier;frontier_addition;inactive|base_1;base_2;base_3;closure_carrier;frontier_addition;inactive,3//1;5//1;7//1;9//1,4375//384,1309//2048,73927//6144,8,complete-enumeration:32
922,L025,1//4,370423//32768,1,base_1;inactive,2//1,175//16,28407//32768,386807//32768,1,complete-enumeration:32
922,L050,1//2,354039//32768,1,base_1;inactive,2//1,175//16,28407//32768,386807//32768,1,complete-enumeration:32
922,L100,1//1,321271//32768,1,base_1;inactive,2//1,175//16,28407//32768,386807//32768,1,complete-enumeration:32
922,L200,2//1,1541//192,16,frontier_addition;inactive,1//1,1925//192,0//1,1925//192,1,complete-enumeration:32
922,L400,4//1,1157//192,16,frontier_addition;inactive,1//1,1925//192,0//1,1925//192,1,complete-enumeration:32
923,L0,0//1,1575//128,17;19;21;23;25;27;29;31,base_1;frontier_addition;inactive|base_1;base_2;frontier_addition;inactive|base_1;base_3;frontier_addition;inactive|base_1;base_2;base_3;frontier_addition;inactive|base_1;closure_carrier;frontier_addition;inactive|base_1;base_2;closure_carrier;frontier_addition;inactive|base_1;base_3;closure_carrier;frontier_addition;inactive|base_1;base_2;base_3;closure_carrier;frontier_addition;inactive,5//1;7//1;9//1;11//1;13//1;15//1,1575//128,0//1,1575//128,8,complete-enumeration:32
923,L025,1//4,1415//128,17,base_1;frontier_addition;inactive,5//1,1575//128,0//1,1575//128,1,complete-enumeration:32
923,L050,1//2,1255//128,17,base_1;frontier_addition;inactive,5//1,1575//128,0//1,1575//128,1,complete-enumeration:32
923,L100,1//1,1733//192,16,frontier_addition;inactive,1//1,1925//192,0//1,1925//192,1,complete-enumeration:32
923,L200,2//1,1541//192,16,frontier_addition;inactive,1//1,1925//192,0//1,1925//192,1,complete-enumeration:32
923,L400,4//1,1157//192,16,frontier_addition;inactive,1//1,1925//192,0//1,1925//192,1,complete-enumeration:32
924,L0,0//1,1575//128,17;19;21;23;25;27;29;31,base_1;frontier_addition;inactive|base_1;base_2;frontier_addition;inactive|base_1;base_3;frontier_addition;inactive|base_1;base_2;base_3;frontier_addition;inactive|base_1;closure_carrier;frontier_addition;inactive|base_1;base_2;closure_carrier;frontier_addition;inactive|base_1;base_3;closure_carrier;frontier_addition;inactive|base_1;base_2;base_3;closure_carrier;frontier_addition;inactive,5//1;7//1;9//1;11//1;13//1;15//1,1575//128,0//1,1575//128,8,complete-enumeration:32
924,L025,1//4,1415//128,17,base_1;frontier_addition;inactive,5//1,1575//128,0//1,1575//128,1,complete-enumeration:32
924,L050,1//2,1255//128,17,base_1;frontier_addition;inactive,5//1,1575//128,0//1,1575//128,1,complete-enumeration:32
924,L100,1//1,2369//256,16,frontier_addition;inactive,1//1,2625//256,0//1,2625//256,1,complete-enumeration:32
924,L200,2//1,2113//256,16,frontier_addition;inactive,1//1,2625//256,0//1,2625//256,1,complete-enumeration:32
924,L400,4//1,1601//256,16,frontier_addition;inactive,1//1,2625//256,0//1,2625//256,1,complete-enumeration:32
925,L0,0//1,4725//256,22;23;30;31,base_2;base_3;frontier_addition;inactive|base_1;base_2;base_3;frontier_addition;inactive|base_2;base_3;closure_carrier;frontier_addition;inactive|base_1;base_2;base_3;closure_carrier;frontier_addition;inactive,5//1;7//1;9//1,4725//256,0//1,4725//256,4,complete-enumeration:32
925,L025,1//4,4405//256,22,base_2;base_3;frontier_addition;inactive,5//1,4725//256,0//1,4725//256,1,complete-enumeration:32
925,L050,1//2,4085//256,22,base_2;base_3;frontier_addition;inactive,5//1,4725//256,0//1,4725//256,1,complete-enumeration:32
925,L100,1//1,3445//256,22,base_2;base_3;frontier_addition;inactive,5//1,4725//256,0//1,4725//256,1,complete-enumeration:32
925,L200,2//1,1157//128,20,base_3;frontier_addition;inactive,3//1,1925//128,0//1,1925//128,1,complete-enumeration:32
925,L400,4//1,4103//768,16,frontier_addition;inactive,1//1,7175//768,0//1,7175//768,1,complete-enumeration:32
926,L0,0//1,9275//768,17;19;21;23;25;27;29;31,base_1;frontier_addition;inactive|base_1;base_2;frontier_addition;inactive|base_1;base_3;frontier_addition;inactive|base_1;base_2;base_3;frontier_addition;inactive|base_1;closure_carrier;frontier_addition;inactive|base_1;base_2;closure_carrier;frontier_addition;inactive|base_1;base_3;closure_carrier;frontier_addition;inactive|base_1;base_2;base_3;closure_carrier;frontier_addition;inactive,3//1;5//1;6//1;7//1;8//1;10//1,9275//768,0//1,9275//768,8,complete-enumeration:32
926,L025,1//4,8699//768,17,base_1;frontier_addition;inactive,3//1,9275//768,0//1,9275//768,1,complete-enumeration:32
926,L050,1//2,8123//768,17,base_1;frontier_addition;inactive,3//1,9275//768,0//1,9275//768,1,complete-enumeration:32
926,L100,1//1,7039//768,1,base_1;inactive,2//1,8575//768,0//1,8575//768,1,complete-enumeration:32
926,L200,2//1,1541//192,16,frontier_addition;inactive,1//1,1925//192,0//1,1925//192,1,complete-enumeration:32
926,L400,4//1,1157//192,16,frontier_addition;inactive,1//1,1925//192,0//1,1925//192,1,complete-enumeration:32
927,L0,0//1,1399//64,21;23;29;31,base_1;base_3;frontier_addition;inactive|base_1;base_2;base_3;frontier_addition;inactive|base_1;base_3;closure_carrier;frontier_addition;inactive|base_1;base_2;base_3;closure_carrier;frontier_addition;inactive,9//1;11//1;13//1;15//1,4725//256,871//256,1399//64,4,complete-enumeration:32
927,L025,1//4,1255//64,21,base_1;base_3;frontier_addition;inactive,9//1,4725//256,871//256,1399//64,1,complete-enumeration:32
927,L050,1//2,865957//49152,17,base_1;frontier_addition;inactive,5//1,175//12,90679//16384,988837//49152,1,complete-enumeration:32
927,L100,1//1,743077//49152,17,base_1;frontier_addition;inactive,5//1,175//12,90679//16384,988837//49152,1,complete-enumeration:32
927,L200,2//1,94675//8192,24,closure_carrier;frontier_addition;inactive,3//1,2275//256,71027//8192,143827//8192,1,complete-enumeration:32
927,L400,4//1,13279//2048,8,closure_carrier;inactive,2//1,525//256,25463//2048,29663//2048,1,complete-enumeration:32
928,L0,0//1,80571//4096,23;30;31,base_1;base_2;base_3;frontier_addition;inactive|base_2;base_3;closure_carrier;frontier_addition;inactive|base_1;base_2;base_3;closure_carrier;frontier_addition;inactive,7//1;8//1;10//1,2275//128,7771//4096,80571//4096,3,complete-enumeration:32
928,L025,1//4,73403//4096,23,base_1;base_2;base_3;frontier_addition;inactive,7//1,2275//128,7771//4096,80571//4096,1,complete-enumeration:32
928,L050,1//2,66235//4096,23,base_1;base_2;base_3;frontier_addition;inactive,7//1,2275//128,7771//4096,80571//4096,1,complete-enumeration:32
928,L100,1//1,224061//16384,1,base_1;inactive,2//1,2275//256,111229//16384,256829//16384,1,complete-enumeration:32
928,L200,2//1,191293//16384,1,base_1;inactive,2//1,2275//256,111229//16384,256829//16384,1,complete-enumeration:32
928,L400,4//1,125757//16384,1,base_1;inactive,2//1,2275//256,111229//16384,256829//16384,1,complete-enumeration:32
929,L0,0//1,194675//16384,17;19;21;23;25;27;29;31,base_1;frontier_addition;inactive|base_1;base_2;frontier_addition;inactive|base_1;base_3;frontier_addition;inactive|base_1;base_2;base_3;frontier_addition;inactive|base_1;closure_carrier;frontier_addition;inactive|base_1;base_2;closure_carrier;frontier_addition;inactive|base_1;base_3;closure_carrier;frontier_addition;inactive|base_1;base_2;base_3;closure_carrier;frontier_addition;inactive,3//1;5//1;6//1;7//1;8//1;10//1,2975//256,4275//16384,194675//16384,8,complete-enumeration:32
929,L025,1//4,182387//16384,17,base_1;frontier_addition;inactive,3//1,2975//256,4275//16384,194675//16384,1,complete-enumeration:32
929,L050,1//2,170099//16384,17,base_1;frontier_addition;inactive,3//1,2975//256,4275//16384,194675//16384,1,complete-enumeration:32
929,L100,1//1,3641//384,16,frontier_addition;inactive,1//1,4025//384,0//1,4025//384,1,complete-enumeration:32
929,L200,2//1,3257//384,16,frontier_addition;inactive,1//1,4025//384,0//1,4025//384,1,complete-enumeration:32
929,L400,4//1,2489//384,16,frontier_addition;inactive,1//1,4025//384,0//1,4025//384,1,complete-enumeration:32
930,L0,0//1,875//48,21;23;29;31,base_1;base_3;frontier_addition;inactive|base_1;base_2;base_3;frontier_addition;inactive|base_1;base_3;closure_carrier;frontier_addition;inactive|base_1;base_2;base_3;closure_carrier;frontier_addition;inactive,5//1;7//1;8//1;10//1,875//48,0//1,875//48,4,complete-enumeration:32
930,L025,1//4,815//48,21,base_1;base_3;frontier_addition;inactive,5//1,875//48,0//1,875//48,1,complete-enumeration:32
930,L050,1//2,755//48,21,base_1;base_3;frontier_addition;inactive,5//1,875//48,0//1,875//48,1,complete-enumeration:32
930,L100,1//1,635//48,21,base_1;base_3;frontier_addition;inactive,5//1,875//48,0//1,875//48,1,complete-enumeration:32
930,L200,2//1,6767//768,20,base_3;frontier_addition;inactive,3//1,11375//768,0//1,11375//768,1,complete-enumeration:32
930,L400,4//1,1789//384,16,frontier_addition;inactive,1//1,3325//384,0//1,3325//384,1,complete-enumeration:32
931,L0,0//1,13825//768,19;23;27;31,base_1;base_2;frontier_addition;inactive|base_1;base_2;base_3;frontier_addition;inactive|base_1;base_2;closure_carrier;frontier_addition;inactive|base_1;base_2;base_3;closure_carrier;frontier_addition;inactive,9//1;12//1;13//1;16//1,13825//768,0//1,13825//768,4,complete-enumeration:32
931,L025,1//4,12097//768,19,base_1;base_2;frontier_addition;inactive,9//1,13825//768,0//1,13825//768,1,complete-enumeration:32
931,L050,1//2,671603//49152,17,base_1;frontier_addition;inactive,5//1,11375//768,22161//16384,794483//49152,1,complete-enumeration:32
931,L100,1//1,548723//49152,17,base_1;frontier_addition;inactive,5//1,11375//768,22161//16384,794483//49152,1,complete-enumeration:32
931,L200,2//1,683//96,16,frontier_addition;inactive,1//1,875//96,0//1,875//96,1,complete-enumeration:32
931,L400,4//1,491//96,16,frontier_addition;inactive,1//1,875//96,0//1,875//96,1,complete-enumeration:32
932,L0,0//1,875//48,22;23;30;31,base_2;base_3;frontier_addition;inactive|base_1;base_2;base_3;frontier_addition;inactive|base_2;base_3;closure_carrier;frontier_addition;inactive|base_1;base_2;base_3;closure_carrier;frontier_addition;inactive,5//1;7//1;9//1,875//48,0//1,875//48,4,complete-enumeration:32
932,L025,1//4,815//48,22,base_2;base_3;frontier_addition;inactive,5//1,875//48,0//1,875//48,1,complete-enumeration:32
932,L050,1//2,755//48,22,base_2;base_3;frontier_addition;inactive,5//1,875//48,0//1,875//48,1,complete-enumeration:32
932,L100,1//1,635//48,22,base_2;base_3;frontier_addition;inactive,5//1,875//48,0//1,875//48,1,complete-enumeration:32
932,L200,2//1,6767//768,18,base_2;frontier_addition;inactive,3//1,11375//768,0//1,11375//768,1,complete-enumeration:32
932,L400,4//1,491//96,16,frontier_addition;inactive,1//1,875//96,0//1,875//96,1,complete-enumeration:32
933,L0,0//1,172843//12288,17;19;21;23;25;27;29;31,base_1;frontier_addition;inactive|base_1;base_2;frontier_addition;inactive|base_1;base_3;frontier_addition;inactive|base_1;base_2;base_3;frontier_addition;inactive|base_1;closure_carrier;frontier_addition;inactive|base_1;base_2;closure_carrier;frontier_addition;inactive|base_1;base_3;closure_carrier;frontier_addition;inactive|base_1;base_2;base_3;closure_carrier;frontier_addition;inactive,3//1;5//1;7//1;9//1,8575//768,11881//4096,172843//12288,8,complete-enumeration:32
933,L025,1//4,328363//24576,1,base_1;inactive,2//1,8225//768,25817//8192,340651//24576,1,complete-enumeration:32
933,L050,1//2,316075//24576,1,base_1;inactive,2//1,8225//768,25817//8192,340651//24576,1,complete-enumeration:32
933,L100,1//1,291499//24576,1,base_1;inactive,2//1,8225//768,25817//8192,340651//24576,1,complete-enumeration:32
933,L200,2//1,242347//24576,1,base_1;inactive,2//1,8225//768,25817//8192,340651//24576,1,complete-enumeration:32
933,L400,4//1,144043//24576,1,base_1;inactive,2//1,8225//768,25817//8192,340651//24576,1,complete-enumeration:32
934,L0,0//1,13825//768,19;23;27;31,base_1;base_2;frontier_addition;inactive|base_1;base_2;base_3;frontier_addition;inactive|base_1;base_2;closure_carrier;frontier_addition;inactive|base_1;base_2;base_3;closure_carrier;frontier_addition;inactive,5//1;7//1;8//1;10//1,13825//768,0//1,13825//768,4,complete-enumeration:32
934,L025,1//4,12865//768,19,base_1;base_2;frontier_addition;inactive,5//1,13825//768,0//1,13825//768,1,complete-enumeration:32
934,L050,1//2,11905//768,19,base_1;base_2;frontier_addition;inactive,5//1,13825//768,0//1,13825//768,1,complete-enumeration:32
934,L100,1//1,9985//768,19,base_1;base_2;frontier_addition;inactive,5//1,13825//768,0//1,13825//768,1,complete-enumeration:32
934,L200,2//1,103//12,18,base_2;frontier_addition;inactive,3//1,175//12,0//1,175//12,1,complete-enumeration:32
934,L400,4//1,491//96,16,frontier_addition;inactive,1//1,875//96,0//1,875//96,1,complete-enumeration:32
935,L0,0//1,2275//128,22;23;30;31,base_2;base_3;frontier_addition;inactive|base_1;base_2;base_3;frontier_addition;inactive|base_2;base_3;closure_carrier;frontier_addition;inactive|base_1;base_2;base_3;closure_carrier;frontier_addition;inactive,9//1;11//1;13//1;15//1,2275//128,0//1,2275//128,4,complete-enumeration:32
935,L025,1//4,1987//128,22,base_2;base_3;frontier_addition;inactive,9//1,2275//128,0//1,2275//128,1,complete-enumeration:32
935,L050,1//2,1699//128,22,base_2;base_3;frontier_addition;inactive,9//1,2275//128,0//1,2275//128,1,complete-enumeration:32
935,L100,1//1,3505//384,18;20,base_2;frontier_addition;inactive|base_3;frontier_addition;inactive,5//1,5425//384,0//1,5425//384,2,complete-enumeration:32
935,L200,2//1,683//96,16,frontier_addition;inactive,1//1,875//96,0//1,875//96,1,complete-enumeration:32
935,L400,4//1,491//96,16,frontier_addition;inactive,1//1,875//96,0//1,875//96,1,complete-enumeration:32
936,L0,0//1,4375//384,17;19;21;23;25;27;29;31,base_1;frontier_addition;inactive|base_1;base_2;frontier_addition;inactive|base_1;base_3;frontier_addition;inactive|base_1;base_2;base_3;frontier_addition;inactive|base_1;closure_carrier;frontier_addition;inactive|base_1;base_2;closure_carrier;frontier_addition;inactive|base_1;base_3;closure_carrier;frontier_addition;inactive|base_1;base_2;base_3;closure_carrier;frontier_addition;inactive,5//1;8//1;9//1;12//1;13//1;16//1,4375//384,0//1,4375//384,8,complete-enumeration:32
936,L025,1//4,3895//384,17,base_1;frontier_addition;inactive,5//1,4375//384,0//1,4375//384,1,complete-enumeration:32
936,L050,1//2,2497//256,16,frontier_addition;inactive,1//1,2625//256,0//1,2625//256,1,complete-enumeration:32
936,L100,1//1,2369//256,16,frontier_addition;inactive,1//1,2625//256,0//1,2625//256,1,complete-enumeration:32
936,L200,2//1,2113//256,16,frontier_addition;inactive,1//1,2625//256,0//1,2625//256,1,complete-enumeration:32
936,L400,4//1,1601//256,16,frontier_addition;inactive,1//1,2625//256,0//1,2625//256,1,complete-enumeration:32
937,L0,0//1,171713//12288,17;19;21;23;25;27;29;31,base_1;frontier_addition;inactive|base_1;base_2;frontier_addition;inactive|base_1;base_3;frontier_addition;inactive|base_1;base_2;base_3;frontier_addition;inactive|base_1;closure_carrier;frontier_addition;inactive|base_1;base_2;closure_carrier;frontier_addition;inactive|base_1;base_3;closure_carrier;frontier_addition;inactive|base_1;base_2;base_3;closure_carrier;frontier_addition;inactive,5//1;8//1;9//1;12//1;13//1;16//1,9275//768,7771//4096,171713//12288,8,complete-enumeration:32
937,L025,1//4,156353//12288,17,base_1;frontier_addition;inactive,5//1,9275//768,7771//4096,171713//12288,1,complete-enumeration:32
937,L050,1//2,71051//6144,1,base_1;inactive,4//1,8575//768,4913//2048,83339//6144,1,complete-enumeration:32
937,L100,1//1,58763//6144,1,base_1;inactive,4//1,8575//768,4913//2048,83339//6144,1,complete-enumeration:32
937,L200,2//1,2113//256,16,frontier_addition;inactive,1//1,2625//256,0//1,2625//256,1,complete-enumeration:32
937,L400,4//1,1601//256,16,frontier_addition;inactive,1//1,2625//256,0//1,2625//256,1,complete-enumeration:32
938,L0,0//1,150763//12288,17;19;21;23;25;27;29;31,base_1;frontier_addition;inactive|base_1;base_2;frontier_addition;inactive|base_1;base_3;frontier_addition;inactive|base_1;base_2;base_3;frontier_addition;inactive|base_1;closure_carrier;frontier_addition;inactive|base_1;base_2;closure_carrier;frontier_addition;inactive|base_1;base_3;closure_carrier;frontier_addition;inactive|base_1;base_2;base_3;closure_carrier;frontier_addition;inactive,3//1;5//1;6//1;7//1;8//1;10//1,8575//768,4521//4096,150763//12288,8,complete-enumeration:32
938,L025,1//4,141547//12288,17,base_1;frontier_addition;inactive,3//1,8575//768,4521//4096,150763//12288,1,complete-enumeration:32
938,L050,1//2,2775//256,1,base_1;inactive,2//1,2625//256,203//128,3031//256,1,complete-enumeration:32
938,L100,1//1,2519//256,1,base_1;inactive,2//1,2625//256,203//128,3031//256,1,complete-enumeration:32
938,L200,2//1,2007//256,1,base_1;inactive,2//1,2625//256,203//128,3031//256,1,complete-enumeration:32
938,L400,4//1,713//128,16,frontier_addition;inactive,1//1,1225//128,0//1,1225//128,1,complete-enumeration:32
939,L0,0//1,299291//24576,17;19;21;23;25;27;29;31,base_1;frontier_addition;inactive|base_1;base_2;frontier_addition;inactive|base_1;base_3;frontier_addition;inactive|base_1;base_2;base_3;frontier_addition;inactive|base_1;closure_carrier;frontier_addition;inactive|base_1;base_2;closure_carrier;frontier_addition;inactive|base_1;base_3;closure_carrier;frontier_addition;inactive|base_1;base_2;base_3;closure_carrier;frontier_addition;inactive,5//1;7//1;9//1;11//1;13//1;15//1,9275//768,2491//24576,299291//24576,8,complete-enumeration:32
939,L025,1//4,268571//24576,17,base_1;frontier_addition;inactive,5//1,9275//768,2491//24576,299291//24576,1,complete-enumeration:32
939,L050,1//2,40093//4096,1,base_1;inactive,4//1,2975//256,685//4096,48285//4096,1,complete-enumeration:32
939,L100,1//1,1097//128,16,frontier_addition;inactive,1//1,1225//128,0//1,1225//128,1,complete-enumeration:32
939,L200,2//1,969//128,16,frontier_addition;inactive,1//1,1225//128,0//1,1225//128,1,complete-enumeration:32
939,L400,4//1,713//128,16,frontier_addition;inactive,1//1,1225//128,0//1,1225//128,1,complete-enumeration:32
940,L0,0//1,42793//3072,17;19;21;23;25;27;29;31,base_1;frontier_addition;inactive|base_1;base_2;frontier_addition;inactive|base_1;base_3;frontier_addition;inactive|base_1;base_2;base_3;frontier_addition;inactive|base_1;closure_carrier;frontier_addition;inactive|base_1;base_2;closure_carrier;frontier_addition;inactive|base_1;base_3;closure_carrier;frontier_addition;inactive|base_1;base_2;base_3;closure_carrier;frontier_addition;inactive,5//1;8//1;9//1;12//1;13//1;16//1,2275//192,2131//1024,42793//3072,8,complete-enumeration:32
940,L025,1//4,38953//3072,17,base_1;frontier_addition;inactive,5//1,2275//192,2131//1024,42793//3072,1,complete-enumeration:32
940,L050,1//2,2284153//196608,1,base_1;inactive,4//1,8575//768,160723//65536,2677369//196608,1,complete-enumeration:32
940,L100,1//1,1890937//196608,1,base_1;inactive,4//1,8575//768,160723//65536,2677369//196608,1,complete-enumeration:32
940,L200,2//1,5989//768,16,frontier_addition;inactive,1//1,7525//768,0//1,7525//768,1,complete-enumeration:32
940,L400,4//1,4453//768,16,frontier_addition;inactive,1//1,7525//768,0//1,7525//768,1,complete-enumeration:32
941,L0,0//1,2275//192,17;19;21;23;25;27;29;31,base_1;frontier_addition;inactive|base_1;base_2;frontier_addition;inactive|base_1;base_3;frontier_addition;inactive|base_1;base_2;base_3;frontier_addition;inactive|base_1;closure_carrier;frontier_addition;inactive|base_1;base_2;closure_carrier;frontier_addition;inactive|base_1;base_3;closure_carrier;frontier_addition;inactive|base_1;base_2;base_3;closure_carrier;frontier_addition;inactive,5//1;7//1;9//1;11//1;13//1;15//1,2275//192,0//1,2275//192,8,complete-enumeration:32
941,L025,1//4,2035//192,17,base_1;frontier_addition;inactive,5//1,2275//192,0//1,2275//192,1,complete-enumeration:32
941,L050,1//2,1795//192,17,base_1;frontier_addition;inactive,5//1,2275//192,0//1,2275//192,1,complete-enumeration:32
941,L100,1//1,1097//128,16,frontier_addition;inactive,1//1,1225//128,0//1,1225//128,1,complete-enumeration:32
941,L200,2//1,969//128,16,frontier_addition;inactive,1//1,1225//128,0//1,1225//128,1,complete-enumeration:32
941,L400,4//1,713//128,16,frontier_addition;inactive,1//1,1225//128,0//1,1225//128,1,complete-enumeration:32
942,L0,0//1,2975//256,17;19;21;23;25;27;29;31,base_1;frontier_addition;inactive|base_1;base_2;frontier_addition;inactive|base_1;base_3;frontier_addition;inactive|base_1;base_2;base_3;frontier_addition;inactive|base_1;closure_carrier;frontier_addition;inactive|base_1;base_2;closure_carrier;frontier_addition;inactive|base_1;base_3;closure_carrier;frontier_addition;inactive|base_1;base_2;base_3;closure_carrier;frontier_addition;inactive,5//1;8//1;9//1;12//1;13//1;16//1,2975//256,0//1,2975//256,8,complete-enumeration:32
942,L025,1//4,2655//256,17,base_1;frontier_addition;inactive,5//1,2975//256,0//1,2975//256,1,complete-enumeration:32
942,L050,1//2,3833//384,16,frontier_addition;inactive,1//1,4025//384,0//1,4025//384,1,complete-enumeration:32
942,L100,1//1,3641//384,16,frontier_addition;inactive,1//1,4025//384,0//1,4025//384,1,complete-enumeration:32
942,L200,2//1,3257//384,16,frontier_addition;inactive,1//1,4025//384,0//1,4025//384,1,complete-enumeration:32
942,L400,4//1,2489//384,16,frontier_addition;inactive,1//1,4025//384,0//1,4025//384,1,complete-enumeration:32
943,L0,0//1,9275//768,17;19;21;23;25;27;29;31,base_1;frontier_addition;inactive|base_1;base_2;frontier_addition;inactive|base_1;base_3;frontier_addition;inactive|base_1;base_2;base_3;frontier_addition;inactive|base_1;closure_carrier;frontier_addition;inactive|base_1;base_2;closure_carrier;frontier_addition;inactive|base_1;base_3;closure_carrier;frontier_addition;inactive|base_1;base_2;base_3;closure_carrier;frontier_addition;inactive,3//1;5//1;6//1;7//1;8//1;10//1,9275//768,0//1,9275//768,8,complete-enumeration:32
943,L025,1//4,8699//768,17,base_1;frontier_addition;inactive,3//1,9275//768,0//1,9275//768,1,complete-enumeration:32
943,L050,1//2,2719//256,1,base_1;inactive,2//1,2975//256,0//1,2975//256,1,complete-enumeration:32
943,L100,1//1,2463//256,1,base_1;inactive,2//1,2975//256,0//1,2975//256,1,complete-enumeration:32
943,L200,2//1,1541//192,16,frontier_addition;inactive,1//1,1925//192,0//1,1925//192,1,complete-enumeration:32
943,L400,4//1,1157//192,16,frontier_addition;inactive,1//1,1925//192,0//1,1925//192,1,complete-enumeration:32
944,L0,0//1,616049//49152,17;19;21;23;25;27;29;31,base_1;frontier_addition;inactive|base_1;base_2;frontier_addition;inactive|base_1;base_3;frontier_addition;inactive|base_1;base_2;base_3;frontier_addition;inactive|base_1;closure_carrier;frontier_addition;inactive|base_1;base_2;closure_carrier;frontier_addition;inactive|base_1;base_3;closure_carrier;frontier_addition;inactive|base_1;base_2;base_3;closure_carrier;frontier_addition;inactive,5//1;8//1;9//1;12//1;13//1;16//1,9275//768,7483//16384,616049//49152,8,complete-enumeration:32
944,L025,1//4,554609//49152,17,base_1;frontier_addition;inactive,5//1,9275//768,7483//16384,616049//49152,1,complete-enumeration:32
944,L050,1//2,493169//49152,17,base_1;frontier_addition;inactive,5//1,9275//768,7483//16384,616049//49152,1,complete-enumeration:32
944,L100,1//1,3641//384,16,frontier_addition;inactive,1//1,4025//384,0//1,4025//384,1,complete-enumeration:32
944,L200,2//1,3257//384,16,frontier_addition;inactive,1//1,4025//384,0//1,4025//384,1,complete-enumeration:32
944,L400,4//1,2489//384,16,frontier_addition;inactive,1//1,4025//384,0//1,4025//384,1,complete-enumeration:32
945,L0,0//1,1545//128,17;19;21;23;25;27;29;31,base_1;frontier_addition;inactive|base_1;base_2;frontier_addition;inactive|base_1;base_3;frontier_addition;inactive|base_1;base_2;base_3;frontier_addition;inactive|base_1;closure_carrier;frontier_addition;inactive|base_1;base_2;closure_carrier;frontier_addition;inactive|base_1;base_3;closure_carrier;frontier_addition;inactive|base_1;base_2;base_3;closure_carrier;frontier_addition;inactive,3//1;5//1;6//1;7//1;8//1;10//1,2975//256,115//256,1545//128,8,complete-enumeration:32
945,L025,1//4,1449//128,17,base_1;frontier_addition;inactive,3//1,2975//256,115//256,1545//128,1,complete-enumeration:32
945,L050,1//2,1353//128,17,base_1;frontier_addition;inactive,3//1,2975//256,115//256,1545//128,1,complete-enumeration:32
945,L100,1//1,7115//768,1,base_1;inactive,2//1,8225//768,71//128,8651//768,1,complete-enumeration:32
945,L200,2//1,1541//192,16,frontier_addition;inactive,1//1,1925//192,0//1,1925//192,1,complete-enumeration:32
945,L400,4//1,1157//192,16,frontier_addition;inactive,1//1,1925//192,0//1,1925//192,1,complete-enumeration:32
946,L0,0//1,2275//192,17;19;21;23;25;27;29;31,base_1;frontier_addition;inactive|base_1;base_2;frontier_addition;inactive|base_1;base_3;frontier_addition;inactive|base_1;base_2;base_3;frontier_addition;inactive|base_1;closure_carrier;frontier_addition;inactive|base_1;base_2;closure_carrier;frontier_addition;inactive|base_1;base_3;closure_carrier;frontier_addition;inactive|base_1;base_2;base_3;closure_carrier;frontier_addition;inactive,5//1;8//1;9//1;12//1;13//1;16//1,2275//192,0//1,2275//192,8,complete-enumeration:32
946,L025,1//4,2035//192,17,base_1;frontier_addition;inactive,5//1,2275//192,0//1,2275//192,1,complete-enumeration:32
946,L050,1//2,3833//384,16,frontier_addition;inactive,1//1,4025//384,0//1,4025//384,1,complete-enumeration:32
946,L100,1//1,3641//384,16,frontier_addition;inactive,1//1,4025//384,0//1,4025//384,1,complete-enumeration:32
946,L200,2//1,3257//384,16,frontier_addition;inactive,1//1,4025//384,0//1,4025//384,1,complete-enumeration:32
946,L400,4//1,2489//384,16,frontier_addition;inactive,1//1,4025//384,0//1,4025//384,1,complete-enumeration:32
947,L0,0//1,4375//384,17;19;21;23;25;27;29;31,base_1;frontier_addition;inactive|base_1;base_2;frontier_addition;inactive|base_1;base_3;frontier_addition;inactive|base_1;base_2;base_3;frontier_addition;inactive|base_1;closure_carrier;frontier_addition;inactive|base_1;base_2;closure_carrier;frontier_addition;inactive|base_1;base_3;closure_carrier;frontier_addition;inactive|base_1;base_2;base_3;closure_carrier;frontier_addition;inactive,5//1;8//1;9//1;12//1;13//1;16//1,4375//384,0//1,4375//384,8,complete-enumeration:32
947,L025,1//4,3895//384,17,base_1;frontier_addition;inactive,5//1,4375//384,0//1,4375//384,1,complete-enumeration:32
947,L050,1//2,7141//768,16,frontier_addition;inactive,1//1,7525//768,0//1,7525//768,1,complete-enumeration:32
947,L100,1//1,6757//768,16,frontier_addition;inactive,1//1,7525//768,0//1,7525//768,1,complete-enumeration:32
947,L200,2//1,5989//768,16,frontier_addition;inactive,1//1,7525//768,0//1,7525//768,1,complete-enumeration:32
947,L400,4//1,4453//768,16,frontier_addition;inactive,1//1,7525//768,0//1,7525//768,1,complete-enumeration:32
948,L0,0//1,13825//768,21;23;29;31,base_1;base_3;frontier_addition;inactive|base_1;base_2;base_3;frontier_addition;inactive|base_1;base_3;closure_carrier;frontier_addition;inactive|base_1;base_2;base_3;closure_carrier;frontier_addition;inactive,5//1;7//1;9//1,13825//768,0//1,13825//768,4,complete-enumeration:32
948,L025,1//4,12865//768,21,base_1;base_3;frontier_addition;inactive,5//1,13825//768,0//1,13825//768,1,complete-enumeration:32
948,L050,1//2,11905//768,21,base_1;base_3;frontier_addition;inactive,5//1,13825//768,0//1,13825//768,1,complete-enumeration:32
948,L100,1//1,9985//768,21,base_1;base_3;frontier_addition;inactive,5//1,13825//768,0//1,13825//768,1,complete-enumeration:32
948,L200,2//1,6767//768,20,base_3;frontier_addition;inactive,3//1,11375//768,0//1,11375//768,1,complete-enumeration:32
948,L400,4//1,4103//768,16,frontier_addition;inactive,1//1,7175//768,0//1,7175//768,1,complete-enumeration:32
949,L0,0//1,2275//192,17;19;21;23;25;27;29;31,base_1;frontier_addition;inactive|base_1;base_2;frontier_addition;inactive|base_1;base_3;frontier_addition;inactive|base_1;base_2;base_3;frontier_addition;inactive|base_1;closure_carrier;frontier_addition;inactive|base_1;base_2;closure_carrier;frontier_addition;inactive|base_1;base_3;closure_carrier;frontier_addition;inactive|base_1;base_2;base_3;closure_carrier;frontier_addition;inactive,5//1;8//1;9//1;12//1;13//1;16//1,2275//192,0//1,2275//192,8,complete-enumeration:32
949,L025,1//4,2035//192,17,base_1;frontier_addition;inactive,5//1,2275//192,0//1,2275//192,1,complete-enumeration:32
949,L050,1//2,1795//192,17,base_1;frontier_addition;inactive,5//1,2275//192,0//1,2275//192,1,complete-enumeration:32
949,L100,1//1,6757//768,16,frontier_addition;inactive,1//1,7525//768,0//1,7525//768,1,complete-enumeration:32
949,L200,2//1,5989//768,16,frontier_addition;inactive,1//1,7525//768,0//1,7525//768,1,complete-enumeration:32
949,L400,4//1,4453//768,16,frontier_addition;inactive,1//1,7525//768,0//1,7525//768,1,complete-enumeration:32
950,L0,0//1,1575//128,17;19;21;23;25;27;29;31,base_1;frontier_addition;inactive|base_1;base_2;frontier_addition;inactive|base_1;base_3;frontier_addition;inactive|base_1;base_2;base_3;frontier_addition;inactive|base_1;closure_carrier;frontier_addition;inactive|base_1;base_2;closure_carrier;frontier_addition;inactive|base_1;base_3;closure_carrier;frontier_addition;inactive|base_1;base_2;base_3;closure_carrier;frontier_addition;inactive,3//1;5//1;7//1;9//1,1575//128,0//1,1575//128,8,complete-enumeration:32
950,L025,1//4,1479//128,17,base_1;frontier_addition;inactive,3//1,1575//128,0//1,1575//128,1,complete-enumeration:32
950,L050,1//2,1383//128,17,base_1;frontier_addition;inactive,3//1,1575//128,0//1,1575//128,1,complete-enumeration:32
950,L100,1//1,2463//256,1,base_1;inactive,2//1,2975//256,0//1,2975//256,1,complete-enumeration:32
950,L200,2//1,3257//384,16,frontier_addition;inactive,1//1,4025//384,0//1,4025//384,1,complete-enumeration:32
950,L400,4//1,2489//384,16,frontier_addition;inactive,1//1,4025//384,0//1,4025//384,1,complete-enumeration:32
951,L0,0//1,2975//256,17;19;21;23;25;27;29;31,base_1;frontier_addition;inactive|base_1;base_2;frontier_addition;inactive|base_1;base_3;frontier_addition;inactive|base_1;base_2;base_3;frontier_addition;inactive|base_1;closure_carrier;frontier_addition;inactive|base_1;base_2;closure_carrier;frontier_addition;inactive|base_1;base_3;closure_carrier;frontier_addition;inactive|base_1;base_2;base_3;closure_carrier;frontier_addition;inactive,5//1;8//1;9//1;12//1;13//1;16//1,2975//256,0//1,2975//256,8,complete-enumeration:32
951,L025,1//4,2655//256,17,base_1;frontier_addition;inactive,5//1,2975//256,0//1,2975//256,1,complete-enumeration:32
951,L050,1//2,2497//256,16,frontier_addition;inactive,1//1,2625//256,0//1,2625//256,1,complete-enumeration:32
951,L100,1//1,2369//256,16,frontier_addition;inactive,1//1,2625//256,0//1,2625//256,1,complete-enumeration:32
951,L200,2//1,2113//256,16,frontier_addition;inactive,1//1,2625//256,0//1,2625//256,1,complete-enumeration:32
951,L400,4//1,1601//256,16,frontier_addition;inactive,1//1,2625//256,0//1,2625//256,1,complete-enumeration:32
952,L0,0//1,3381//256,17;19;21;23;25;27;29;31,base_1;frontier_addition;inactive|base_1;base_2;frontier_addition;inactive|base_1;base_3;frontier_addition;inactive|base_1;base_2;base_3;frontier_addition;inactive|base_1;closure_carrier;frontier_addition;inactive|base_1;base_2;closure_carrier;frontier_addition;inactive|base_1;base_3;closure_carrier;frontier_addition;inactive|base_1;base_2;base_3;closure_carrier;frontier_addition;inactive,5//1;7//1;9//1;11//1;13//1;15//1,2975//256,203//128,3381//256,8,complete-enumeration:32
952,L025,1//4,3061//256,17,base_1;frontier_addition;inactive,5//1,2975//256,203//128,3381//256,1,complete-enumeration:32
952,L050,1//2,22697//2048,24,closure_carrier;frontier_addition;inactive,3//1,2625//256,4769//2048,25769//2048,1,complete-enumeration:32
952,L100,1//1,19625//2048,24,closure_carrier;frontier_addition;inactive,3//1,2625//256,4769//2048,25769//2048,1,complete-enumeration:32
952,L200,2//1,2113//256,16,frontier_addition;inactive,1//1,2625//256,0//1,2625//256,1,complete-enumeration:32
952,L400,4//1,1601//256,16,frontier_addition;inactive,1//1,2625//256,0//1,2625//256,1,complete-enumeration:32
953,L0,0//1,875//48,22;23;30;31,base_2;base_3;frontier_addition;inactive|base_1;base_2;base_3;frontier_addition;inactive|base_2;base_3;closure_carrier;frontier_addition;inactive|base_1;base_2;base_3;closure_carrier;frontier_addition;inactive,5//1;7//1;9//1,875//48,0//1,875//48,4,complete-enumeration:32
953,L025,1//4,815//48,22,base_2;base_3;frontier_addition;inactive,5//1,875//48,0//1,875//48,1,complete-enumeration:32
953,L050,1//2,755//48,22,base_2;base_3;frontier_addition;inactive,5//1,875//48,0//1,875//48,1,complete-enumeration:32
953,L100,1//1,635//48,22,base_2;base_3;frontier_addition;inactive,5//1,875//48,0//1,875//48,1,complete-enumeration:32
953,L200,2//1,103//12,18,base_2;frontier_addition;inactive,3//1,175//12,0//1,175//12,1,complete-enumeration:32
953,L400,4//1,491//96,16,frontier_addition;inactive,1//1,875//96,0//1,875//96,1,complete-enumeration:32
954,L0,0//1,8219//384,19;23;27;31,base_1;base_2;frontier_addition;inactive|base_1;base_2;base_3;frontier_addition;inactive|base_1;base_2;closure_carrier;frontier_addition;inactive|base_1;base_2;base_3;closure_carrier;frontier_addition;inactive,5//1;7//1;8//1;10//1,13825//768,871//256,8219//384,4,complete-enumeration:32
954,L025,1//4,7739//384,19,base_1;base_2;frontier_addition;inactive,5//1,13825//768,871//256,8219//384,1,complete-enumeration:32
954,L050,1//2,7259//384,19,base_1;base_2;frontier_addition;inactive,5//1,13825//768,871//256,8219//384,1,complete-enumeration:32
954,L100,1//1,818981//49152,17,base_1;frontier_addition;inactive,3//1,5425//384,90679//16384,966437//49152,1,complete-enumeration:32
954,L200,2//1,671525//49152,17,base_1;frontier_addition;inactive,3//1,5425//384,90679//16384,966437//49152,1,complete-enumeration:32
954,L400,4//1,452381//49152,1,base_1;inactive,2//1,3325//384,139999//16384,845597//49152,1,complete-enumeration:32
955,L0,0//1,57251//3072,21;23;29;31,base_1;base_3;frontier_addition;inactive|base_1;base_2;base_3;frontier_addition;inactive|base_1;base_3;closure_carrier;frontier_addition;inactive|base_1;base_2;base_3;closure_carrier;frontier_addition;inactive,9//1;11//1;13//1;15//1,13475//768,1117//1024,57251//3072,4,complete-enumeration:32
955,L025,1//4,50339//3072,21,base_1;base_3;frontier_addition;inactive,9//1,13475//768,1117//1024,57251//3072,1,complete-enumeration:32
955,L050,1//2,711991//49152,17,base_1;frontier_addition;inactive,5//1,10675//768,50557//16384,834871//49152,1,complete-enumeration:32
955,L100,1//1,589111//49152,17,base_1;frontier_addition;inactive,5//1,10675//768,50557//16384,834871//49152,1,complete-enumeration:32
955,L200,2//1,877591//98304,24,closure_carrier;frontier_addition;inactive,3//1,7175//768,183005//32768,1467415//98304,1,complete-enumeration:32
955,L400,4//1,4103//768,16,frontier_addition;inactive,1//1,7175//768,0//1,7175//768,1,complete-enumeration:32
956,L0,0//1,13825//768,22;23;30;31,base_2;base_3;frontier_addition;inactive|base_1;base_2;base_3;frontier_addition;inactive|base_2;base_3;closure_carrier;frontier_addition;inactive|base_1;base_2;base_3;closure_carrier;frontier_addition;inactive,9//1;11//1;13//1;15//1,13825//768,0//1,13825//768,4,complete-enumeration:32
956,L025,1//4,12097//768,22,base_2;base_3;frontier_addition;inactive,9//1,13825//768,0//1,13825//768,1,complete-enumeration:32
956,L050,1//2,10369//768,22,base_2;base_3;frontier_addition;inactive,9//1,13825//768,0//1,13825//768,1,complete-enumeration:32
956,L100,1//1,115//12,18,base_2;frontier_addition;inactive,5//1,175//12,0//1,175//12,1,complete-enumeration:32
956,L200,2//1,1763//256,16,frontier_addition;inactive,1//1,2275//256,0//1,2275//256,1,complete-enumeration:32
956,L400,4//1,1251//256,16,frontier_addition;inactive,1//1,2275//256,0//1,2275//256,1,complete-enumeration:32
957,L0,0//1,2275//192,17;19;21;23;25;27;29;31,base_1;frontier_addition;inactive|base_1;base_2;frontier_addition;inactive|base_1;base_3;frontier_addition;inactive|base_1;base_2;base_3;frontier_addition;inactive|base_1;closure_carrier;frontier_addition;inactive|base_1;base_2;closure_carrier;frontier_addition;inactive|base_1;base_3;closure_carrier;frontier_addition;inactive|base_1;base_2;base_3;closure_carrier;frontier_addition;inactive,5//1;7//1;9//1;11//1;13//1;15//1,2275//192,0//1,2275//192,8,complete-enumeration:32
957,L025,1//4,2035//192,17,base_1;frontier_addition;inactive,5//1,2275//192,0//1,2275//192,1,complete-enumeration:32
957,L050,1//2,1795//192,17,base_1;frontier_addition;inactive,5//1,2275//192,0//1,2275//192,1,complete-enumeration:32
957,L100,1//1,1097//128,16,frontier_addition;inactive,1//1,1225//128,0//1,1225//128,1,complete-enumeration:32
957,L200,2//1,969//128,16,frontier_addition;inactive,1//1,1225//128,0//1,1225//128,1,complete-enumeration:32
957,L400,4//1,713//128,16,frontier_addition;inactive,1//1,1225//128,0//1,1225//128,1,complete-enumeration:32
958,L0,0//1,7175//384,22;23;30;31,base_2;base_3;frontier_addition;inactive|base_1;base_2;base_3;frontier_addition;inactive|base_2;base_3;closure_carrier;frontier_addition;inactive|base_1;base_2;base_3;closure_carrier;frontier_addition;inactive,9//1;12//1;13//1;16//1,7175//384,0//1,7175//384,4,complete-enumeration:32
958,L025,1//4,6311//384,22,base_2;base_3;frontier_addition;inactive,9//1,7175//384,0//1,7175//384,1,complete-enumeration:32
958,L050,1//2,5447//384,22,base_2;base_3;frontier_addition;inactive,9//1,7175//384,0//1,7175//384,1,complete-enumeration:32
958,L100,1//1,7885//768,18,base_2;frontier_addition;inactive,5//1,11725//768,0//1,11725//768,1,complete-enumeration:32
958,L200,2//1,5639//768,16,frontier_addition;inactive,1//1,7175//768,0//1,7175//768,1,complete-enumeration:32
958,L400,4//1,4103//768,16,frontier_addition;inactive,1//1,7175//768,0//1,7175//768,1,complete-enumeration:32
959,L0,0//1,875//48,22;23;30;31,base_2;base_3;frontier_addition;inactive|base_1;base_2;base_3;frontier_addition;inactive|base_2;base_3;closure_carrier;frontier_addition;inactive|base_1;base_2;base_3;closure_carrier;frontier_addition;inactive,5//1;7//1;8//1;10//1,875//48,0//1,875//48,4,complete-enumeration:32
959,L025,1//4,815//48,22,base_2;base_3;frontier_addition;inactive,5//1,875//48,0//1,875//48,1,complete-enumeration:32
959,L050,1//2,755//48,22,base_2;base_3;frontier_addition;inactive,5//1,875//48,0//1,875//48,1,complete-enumeration:32
959,L100,1//1,635//48,22,base_2;base_3;frontier_addition;inactive,5//1,875//48,0//1,875//48,1,complete-enumeration:32
959,L200,2//1,6767//768,18,base_2;frontier_addition;inactive,3//1,11375//768,0//1,11375//768,1,complete-enumeration:32
959,L400,4//1,491//96,16,frontier_addition;inactive,1//1,875//96,0//1,875//96,1,complete-enumeration:32
960,L0,0//1,221267//12288,22;23;30;31,base_2;base_3;frontier_addition;inactive|base_1;base_2;base_3;frontier_addition;inactive|base_2;base_3;closure_carrier;frontier_addition;inactive|base_1;base_2;base_3;closure_carrier;frontier_addition;inactive,9//1;12//1;13//1;16//1,2275//128,2867//12288,221267//12288,4,complete-enumeration:32
960,L025,1//4,193619//12288,22,base_2;base_3;frontier_addition;inactive,9//1,2275//128,2867//12288,221267//12288,1,complete-enumeration:32
960,L050,1//2,10836061//786432,20,base_3;frontier_addition;inactive,5//1,5425//384,1691741//786432,12802141//786432,1,complete-enumeration:32
960,L100,1//1,8869981//786432,20,base_3;frontier_addition;inactive,5//1,5425//384,1691741//786432,12802141//786432,1,complete-enumeration:32
960,L200,2//1,5639//768,16,frontier_addition;inactive,1//1,7175//768,0//1,7175//768,1,complete-enumeration:32
960,L400,4//1,4103//768,16,frontier_addition;inactive,1//1,7175//768,0//1,7175//768,1,complete-enumeration:32
961,L0,0//1,2975//256,17;19;21;23;25;27;29;31,base_1;frontier_addition;inactive|base_1;base_2;frontier_addition;inactive|base_1;base_3;frontier_addition;inactive|base_1;base_2;base_3;frontier_addition;inactive|base_1;closure_carrier;frontier_addition;inactive|base_1;base_2;closure_carrier;frontier_addition;inactive|base_1;base_3;closure_carrier;frontier_addition;inactive|base_1;base_2;base_3;closure_carrier;frontier_addition;inactive,3//1;5//1;6//1;7//1;8//1;10//1,2975//256,0//1,2975//256,8,complete-enumeration:32
961,L025,1//4,2783//256,17,base_1;frontier_addition;inactive,3//1,2975//256,0//1,2975//256,1,complete-enumeration:32
961,L050,1//2,2591//256,17,base_1;frontier_addition;inactive,3//1,2975//256,0//1,2975//256,1,complete-enumeration:32
961,L100,1//1,143//16,1,base_1;inactive,2//1,175//16,0//1,175//16,1,complete-enumeration:32
961,L200,2//1,5989//768,16,frontier_addition;inactive,1//1,7525//768,0//1,7525//768,1,complete-enumeration:32
961,L400,4//1,4453//768,16,frontier_addition;inactive,1//1,7525//768,0//1,7525//768,1,complete-enumeration:32
962,L0,0//1,9283//768,17;19;21;23;25;27;29;31,base_1;frontier_addition;inactive|base_1;base_2;frontier_addition;inactive|base_1;base_3;frontier_addition;inactive|base_1;base_2;base_3;frontier_addition;inactive|base_1;closure_carrier;frontier_addition;inactive|base_1;base_2;closure_carrier;frontier_addition;inactive|base_1;base_3;closure_carrier;frontier_addition;inactive|base_1;base_2;base_3;closure_carrier;frontier_addition;inactive,5//1;8//1;9//1;12//1;13//1;16//1,2275//192,61//256,9283//768,8,complete-enumeration:32
962,L025,1//4,8323//768,17,base_1;frontier_addition;inactive,5//1,2275//192,61//256,9283//768,1,complete-enumeration:32
962,L050,1//2,7363//768,17,base_1;frontier_addition;inactive,5//1,2275//192,61//256,9283//768,1,complete-enumeration:32
962,L100,1//1,1733//192,16,frontier_addition;inactive,1//1,1925//192,0//1,1925//192,1,complete-enumeration:32
962,L200,2//1,1541//192,16,frontier_addition;inactive,1//1,1925//192,0//1,1925//192,1,complete-enumeration:32
962,L400,4//1,1157//192,16,frontier_addition;inactive,1//1,1925//192,0//1,1925//192,1,complete-enumeration:32
963,L0,0//1,1575//128,17;19;21;23;25;27;29;31,base_1;frontier_addition;inactive|base_1;base_2;frontier_addition;inactive|base_1;base_3;frontier_addition;inactive|base_1;base_2;base_3;frontier_addition;inactive|base_1;closure_carrier;frontier_addition;inactive|base_1;base_2;closure_carrier;frontier_addition;inactive|base_1;base_3;closure_carrier;frontier_addition;inactive|base_1;base_2;base_3;closure_carrier;frontier_addition;inactive,3//1;5//1;6//1;7//1;8//1;10//1,1575//128,0//1,1575//128,8,complete-enumeration:32
963,L025,1//4,1479//128,17,base_1;frontier_addition;inactive,3//1,1575//128,0//1,1575//128,1,complete-enumeration:32
963,L050,1//2,1383//128,17,base_1;frontier_addition;inactive,3//1,1575//128,0//1,1575//128,1,complete-enumeration:32
963,L100,1//1,7457//768,16,frontier_addition;inactive,1//1,8225//768,0//1,8225//768,1,complete-enumeration:32
963,L200,2//1,6689//768,16,frontier_addition;inactive,1//1,8225//768,0//1,8225//768,1,complete-enumeration:32
963,L400,4//1,5153//768,16,frontier_addition;inactive,1//1,8225//768,0//1,8225//768,1,complete-enumeration:32
964,L0,0//1,875//48,22;23;30;31,base_2;base_3;frontier_addition;inactive|base_1;base_2;base_3;frontier_addition;inactive|base_2;base_3;closure_carrier;frontier_addition;inactive|base_1;base_2;base_3;closure_carrier;frontier_addition;inactive,9//1;12//1;13//1;16//1,875//48,0//1,875//48,4,complete-enumeration:32
964,L025,1//4,767//48,22,base_2;base_3;frontier_addition;inactive,9//1,875//48,0//1,875//48,1,complete-enumeration:32
964,L050,1//2,659//48,22,base_2;base_3;frontier_addition;inactive,9//1,875//48,0//1,875//48,1,complete-enumeration:32
964,L100,1//1,1285//128,18,base_2;frontier_addition;inactive,5//1,1925//128,0//1,1925//128,1,complete-enumeration:32
964,L200,2//1,1763//256,16,frontier_addition;inactive,1//1,2275//256,0//1,2275//256,1,complete-enumeration:32
964,L400,4//1,1251//256,16,frontier_addition;inactive,1//1,2275//256,0//1,2275//256,1,complete-enumeration:32
965,L0,0//1,9275//768,17;19;21;23;25;27;29;31,base_1;frontier_addition;inactive|base_1;base_2;frontier_addition;inactive|base_1;base_3;frontier_addition;inactive|base_1;base_2;base_3;frontier_addition;inactive|base_1;closure_carrier;frontier_addition;inactive|base_1;base_2;closure_carrier;frontier_addition;inactive|base_1;base_3;closure_carrier;frontier_addition;inactive|base_1;base_2;base_3;closure_carrier;frontier_addition;inactive,3//1;5//1;7//1;9//1,9275//768,0//1,9275//768,8,complete-enumeration:32
965,L025,1//4,8699//768,17,base_1;frontier_addition;inactive,3//1,9275//768,0//1,9275//768,1,complete-enumeration:32
965,L050,1//2,8123//768,17,base_1;frontier_addition;inactive,3//1,9275//768,0//1,9275//768,1,complete-enumeration:32
965,L100,1//1,2369//256,16,frontier_addition;inactive,1//1,2625//256,0//1,2625//256,1,complete-enumeration:32
965,L200,2//1,2113//256,16,frontier_addition;inactive,1//1,2625//256,0//1,2625//256,1,complete-enumeration:32
965,L400,4//1,1601//256,16,frontier_addition;inactive,1//1,2625//256,0//1,2625//256,1,complete-enumeration:32
966,L0,0//1,4759//256,21;23;29;31,base_1;base_3;frontier_addition;inactive|base_1;base_2;base_3;frontier_addition;inactive|base_1;base_3;closure_carrier;frontier_addition;inactive|base_1;base_2;base_3;closure_carrier;frontier_addition;inactive,9//1;11//1;13//1;15//1,4725//256,17//128,4759//256,4,complete-enumeration:32
966,L025,1//4,4183//256,21,base_1;base_3;frontier_addition;inactive,9//1,4725//256,17//128,4759//256,1,complete-enumeration:32
966,L050,1//2,3607//256,21,base_1;base_3;frontier_addition;inactive,9//1,4725//256,17//128,4759//256,1,complete-enumeration:32
966,L100,1//1,7961//768,17;20,base_1;frontier_addition;inactive|base_3;frontier_addition;inactive,5//1,11375//768,71//128,11801//768,2,complete-enumeration:32
966,L200,2//1,1763//256,16,frontier_addition;inactive,1//1,2275//256,0//1,2275//256,1,complete-enumeration:32
966,L400,4//1,1251//256,16,frontier_addition;inactive,1//1,2275//256,0//1,2275//256,1,complete-enumeration:32
967,L0,0//1,875//48,22;23;30;31,base_2;base_3;frontier_addition;inactive|base_1;base_2;base_3;frontier_addition;inactive|base_2;base_3;closure_carrier;frontier_addition;inactive|base_1;base_2;base_3;closure_carrier;frontier_addition;inactive,9//1;11//1;13//1;15//1,875//48,0//1,875//48,4,complete-enumeration:32
967,L025,1//4,767//48,22,base_2;base_3;frontier_addition;inactive,9//1,875//48,0//1,875//48,1,complete-enumeration:32
967,L050,1//2,659//48,22,base_2;base_3;frontier_addition;inactive,9//1,875//48,0//1,875//48,1,complete-enumeration:32
967,L100,1//1,7535//768,20,base_3;frontier_addition;inactive,5//1,11375//768,0//1,11375//768,1,complete-enumeration:32
967,L200,2//1,683//96,16,frontier_addition;inactive,1//1,875//96,0//1,875//96,1,complete-enumeration:32
967,L400,4//1,491//96,16,frontier_addition;inactive,1//1,875//96,0//1,875//96,1,complete-enumeration:32
968,L0,0//1,4725//256,19;23;27;31,base_1;base_2;frontier_addition;inactive|base_1;base_2;base_3;frontier_addition;inactive|base_1;base_2;closure_carrier;frontier_addition;inactive|base_1;base_2;base_3;closure_carrier;frontier_addition;inactive,9//1;11//1;13//1;15//1,4725//256,0//1,4725//256,4,complete-enumeration:32
968,L025,1//4,4149//256,19,base_1;base_2;frontier_addition;inactive,9//1,4725//256,0//1,4725//256,1,complete-enumeration:32
968,L050,1//2,3573//256,19,base_1;base_2;frontier_addition;inactive,9//1,4725//256,0//1,4725//256,1,complete-enumeration:32
968,L100,1//1,7535//768,17,base_1;frontier_addition;inactive,5//1,11375//768,0//1,11375//768,1,complete-enumeration:32
968,L200,2//1,4939//768,16,frontier_addition;inactive,1//1,6475//768,0//1,6475//768,1,complete-enumeration:32
968,L400,4//1,3403//768,16,frontier_addition;inactive,1//1,6475//768,0//1,6475//768,1,complete-enumeration:32
969,L0,0//1,237431//12288,19;23;27;31,base_1;base_2;frontier_addition;inactive|base_1;base_2;base_3;frontier_addition;inactive|base_1;base_2;closure_carrier;frontier_addition;inactive|base_1;base_2;base_3;closure_carrier;frontier_addition;inactive,9//1;12//1;13//1;16//1,875//48,4477//4096,237431//12288,4,complete-enumeration:32
969,L025,1//4,209783//12288,19,base_1;base_2;frontier_addition;inactive,9//1,875//48,4477//4096,237431//12288,1,complete-enumeration:32
969,L050,1//2,182135//12288,19,base_1;base_2;frontier_addition;inactive,9//1,875//48,4477//4096,237431//12288,1,complete-enumeration:32
969,L100,1//1,142291//12288,18,base_2;frontier_addition;inactive,5//1,175//12,8177//4096,203731//12288,1,complete-enumeration:32
969,L200,2//1,1763//256,16,frontier_addition;inactive,1//1,2275//256,0//1,2275//256,1,complete-enumeration:32
969,L400,4//1,1251//256,16,frontier_addition;inactive,1//1,2275//256,0//1,2275//256,1,complete-enumeration:32
970,L0,0//1,14183//768,23;30;31,base_1;base_2;base_3;frontier_addition;inactive|base_2;base_3;closure_carrier;frontier_addition;inactive|base_1;base_2;base_3;closure_carrier;frontier_addition;inactive,7//1;8//1;10//1,875//48,61//256,14183//768,3,complete-enumeration:32
970,L025,1//4,815//48,22,base_2;base_3;frontier_addition;inactive,5//1,875//48,0//1,875//48,1,complete-enumeration:32
970,L050,1//2,755//48,22,base_2;base_3;frontier_addition;inactive,5//1,875//48,0//1,875//48,1,complete-enumeration:32
970,L100,1//1,635//48,22,base_2;base_3;frontier_addition;inactive,5//1,875//48,0//1,875//48,1,complete-enumeration:32
970,L200,2//1,103//12,18,base_2;frontier_addition;inactive,3//1,175//12,0//1,175//12,1,complete-enumeration:32
970,L400,4//1,491//96,16,frontier_addition;inactive,1//1,875//96,0//1,875//96,1,complete-enumeration:32
971,L0,0//1,60287//3072,21;23;29;31,base_1;base_3;frontier_addition;inactive|base_1;base_2;base_3;frontier_addition;inactive|base_1;base_3;closure_carrier;frontier_addition;inactive|base_1;base_2;base_3;closure_carrier;frontier_addition;inactive,5//1;7//1;9//1,875//48,1429//1024,60287//3072,4,complete-enumeration:32
971,L025,1//4,56447//3072,21,base_1;base_3;frontier_addition;inactive,5//1,875//48,1429//1024,60287//3072,1,complete-enumeration:32
971,L050,1//2,52607//3072,21,base_1;base_3;frontier_addition;inactive,5//1,875//48,1429//1024,60287//3072,1,complete-enumeration:32
971,L100,1//1,243847//16384,17,base_1;frontier_addition;inactive,3//1,3675//256,57799//16384,292999//16384,1,complete-enumeration:32
971,L200,2//1,194695//16384,17,base_1;frontier_addition;inactive,3//1,3675//256,57799//16384,292999//16384,1,complete-enumeration:32
971,L400,4//1,121647//16384,1,base_1;inactive,2//1,2275//256,107119//16384,252719//16384,1,complete-enumeration:32
972,L0,0//1,162205//12288,17;19;21;23;25;27;29;31,base_1;frontier_addition;inactive|base_1;base_2;frontier_addition;inactive|base_1;base_3;frontier_addition;inactive|base_1;base_2;base_3;frontier_addition;inactive|base_1;closure_carrier;frontier_addition;inactive|base_1;base_2;closure_carrier;frontier_addition;inactive|base_1;base_3;closure_carrier;frontier_addition;inactive|base_1;base_2;base_3;closure_carrier;frontier_addition;inactive,3//1;5//1;7//1;9//1,9625//768,2735//4096,162205//12288,8,complete-enumeration:32
972,L025,1//4,152989//12288,17,base_1;frontier_addition;inactive,3//1,9625//768,2735//4096,162205//12288,1,complete-enumeration:32
972,L050,1//2,143773//12288,17,base_1;frontier_addition;inactive,3//1,9625//768,2735//4096,162205//12288,1,complete-enumeration:32
972,L100,1//1,86109//8192,1,base_1;inactive,2//1,2975//256,7293//8192,102493//8192,1,complete-enumeration:32
972,L200,2//1,69725//8192,1,base_1;inactive,2//1,2975//256,7293//8192,102493//8192,1,complete-enumeration:32
972,L400,4//1,1601//256,16,frontier_addition;inactive,1//1,2625//256,0//1,2625//256,1,complete-enumeration:32
973,L0,0//1,4375//384,17;19;21;23;25;27;29;31,base_1;frontier_addition;inactive|base_1;base_2;frontier_addition;inactive|base_1;base_3;frontier_addition;inactive|base_1;base_2;base_3;frontier_addition;inactive|base_1;closure_carrier;frontier_addition;inactive|base_1;base_2;closure_carrier;frontier_addition;inactive|base_1;base_3;closure_carrier;frontier_addition;inactive|base_1;base_2;base_3;closure_carrier;frontier_addition;inactive,3//1;5//1;7//1;9//1,4375//384,0//1,4375//384,8,complete-enumeration:32
973,L025,1//4,4087//384,17,base_1;frontier_addition;inactive,3//1,4375//384,0//1,4375//384,1,complete-enumeration:32
973,L050,1//2,3799//384,17,base_1;frontier_addition;inactive,3//1,4375//384,0//1,4375//384,1,complete-enumeration:32
973,L100,1//1,6757//768,16,frontier_addition;inactive,1//1,7525//768,0//1,7525//768,1,complete-enumeration:32
973,L200,2//1,5989//768,16,frontier_addition;inactive,1//1,7525//768,0//1,7525//768,1,complete-enumeration:32
973,L400,4//1,4453//768,16,frontier_addition;inactive,1//1,7525//768,0//1,7525//768,1,complete-enumeration:32
974,L0,0//1,2393//128,22;23;30;31,base_2;base_3;frontier_addition;inactive|base_1;base_2;base_3;frontier_addition;inactive|base_2;base_3;closure_carrier;frontier_addition;inactive|base_1;base_2;base_3;closure_carrier;frontier_addition;inactive,9//1;12//1;13//1;16//1,4725//256,61//256,2393//128,4,complete-enumeration:32
974,L025,1//4,2105//128,22,base_2;base_3;frontier_addition;inactive,9//1,4725//256,61//256,2393//128,1,complete-enumeration:32
974,L050,1//2,1817//128,22,base_2;base_3;frontier_addition;inactive,9//1,4725//256,61//256,2393//128,1,complete-enumeration:32
974,L100,1//1,4021//384,18;20,base_2;frontier_addition;inactive|base_3;frontier_addition;inactive,5//1,11375//768,169//256,5941//384,2,complete-enumeration:32
974,L200,2//1,683//96,16,frontier_addition;inactive,1//1,875//96,0//1,875//96,1,complete-enumeration:32
974,L400,4//1,491//96,16,frontier_addition;inactive,1//1,875//96,0//1,875//96,1,complete-enumeration:32
975,L0,0//1,875//48,19;23;27;31,base_1;base_2;frontier_addition;inactive|base_1;base_2;base_3;frontier_addition;inactive|base_1;base_2;closure_carrier;frontier_addition;inactive|base_1;base_2;base_3;closure_carrier;frontier_addition;inactive,9//1;12//1;13//1;16//1,875//48,0//1,875//48,4,complete-enumeration:32
975,L025,1//4,767//48,19,base_1;base_2;frontier_addition;inactive,9//1,875//48,0//1,875//48,1,complete-enumeration:32
975,L050,1//2,659//48,19,base_1;base_2;frontier_addition;inactive,9//1,875//48,0//1,875//48,1,complete-enumeration:32
975,L100,1//1,7535//768,17,base_1;frontier_addition;inactive,5//1,11375//768,0//1,11375//768,1,complete-enumeration:32
975,L200,2//1,2557//384,16,frontier_addition;inactive,1//1,3325//384,0//1,3325//384,1,complete-enumeration:32
975,L400,4//1,1789//384,16,frontier_addition;inactive,1//1,3325//384,0//1,3325//384,1,complete-enumeration:32
976,L0,0//1,313351//16384,21;23;29;31,base_1;base_3;frontier_addition;inactive|base_1;base_2;base_3;frontier_addition;inactive|base_1;base_3;closure_carrier;frontier_addition;inactive|base_1;base_2;base_3;closure_carrier;frontier_addition;inactive,5//1;7//1;8//1;10//1,14525//768,10453//49152,313351//16384,4,complete-enumeration:32
976,L025,1//4,292871//16384,21,base_1;base_3;frontier_addition;inactive,5//1,14525//768,10453//49152,313351//16384,1,complete-enumeration:32
976,L050,1//2,272391//16384,21,base_1;base_3;frontier_addition;inactive,5//1,14525//768,10453//49152,313351//16384,1,complete-enumeration:32
976,L100,1//1,352769//24576,17,base_1;frontier_addition;inactive,3//1,11725//768,17099//8192,426497//24576,1,complete-enumeration:32
976,L200,2//1,279041//24576,17,base_1;frontier_addition;inactive,3//1,11725//768,17099//8192,426497//24576,1,complete-enumeration:32
976,L400,4//1,111187//16384,1,base_1;inactive,2//1,1225//128,85459//16384,242259//16384,1,complete-enumeration:32
977,L0,0//1,3009//256,17;19;21;23;25;27;29;31,base_1;frontier_addition;inactive|base_1;base_2;frontier_addition;inactive|base_1;base_3;frontier_addition;inactive|base_1;base_2;base_3;frontier_addition;inactive|base_1;closure_carrier;frontier_addition;inactive|base_1;base_2;closure_carrier;frontier_addition;inactive|base_1;base_3;closure_carrier;frontier_addition;inactive|base_1;base_2;base_3;closure_carrier;frontier_addition;inactive,5//1;8//1;9//1;12//1;13//1;16//1,2975//256,17//128,3009//256,8,complete-enumeration:32
977,L025,1//4,2689//256,17,base_1;frontier_addition;inactive,5//1,2975//256,17//128,3009//256,1,complete-enumeration:32
977,L050,1//2,2497//256,16,frontier_addition;inactive,1//1,2625//256,0//1,2625//256,1,complete-enumeration:32
977,L100,1//1,2369//256,16,frontier_addition;inactive,1//1,2625//256,0//1,2625//256,1,complete-enumeration:32
977,L200,2//1,2113//256,16,frontier_addition;inactive,1//1,2625//256,0//1,2625//256,1,complete-enumeration:32
977,L400,4//1,1601//256,16,frontier_addition;inactive,1//1,2625//256,0//1,2625//256,1,complete-enumeration:32
978,L0,0//1,2275//128,22;23;30;31,base_2;base_3;frontier_addition;inactive|base_1;base_2;base_3;frontier_addition;inactive|base_2;base_3;closure_carrier;frontier_addition;inactive|base_1;base_2;base_3;closure_carrier;frontier_addition;inactive,5//1;7//1;9//1,2275//128,0//1,2275//128,4,complete-enumeration:32
978,L025,1//4,2115//128,22,base_2;base_3;frontier_addition;inactive,5//1,2275//128,0//1,2275//128,1,complete-enumeration:32
978,L050,1//2,1955//128,22,base_2;base_3;frontier_addition;inactive,5//1,2275//128,0//1,2275//128,1,complete-enumeration:32
978,L100,1//1,1635//128,22,base_2;base_3;frontier_addition;inactive,5//1,2275//128,0//1,2275//128,1,complete-enumeration:32
978,L200,2//1,103//12,18,base_2;frontier_addition;inactive,3//1,175//12,0//1,175//12,1,complete-enumeration:32
978,L400,4//1,4103//768,16,frontier_addition;inactive,1//1,7175//768,0//1,7175//768,1,complete-enumeration:32
979,L0,0//1,7175//384,21;23;29;31,base_1;base_3;frontier_addition;inactive|base_1;base_2;base_3;frontier_addition;inactive|base_1;base_3;closure_carrier;frontier_addition;inactive|base_1;base_2;base_3;closure_carrier;frontier_addition;inactive,5//1;7//1;8//1;10//1,7175//384,0//1,7175//384,4,complete-enumeration:32
979,L025,1//4,6695//384,21,base_1;base_3;frontier_addition;inactive,5//1,7175//384,0//1,7175//384,1,complete-enumeration:32
979,L050,1//2,6215//384,21,base_1;base_3;frontier_addition;inactive,5//1,7175//384,0//1,7175//384,1,complete-enumeration:32
979,L100,1//1,5255//384,21,base_1;base_3;frontier_addition;inactive,5//1,7175//384,0//1,7175//384,1,complete-enumeration:32
979,L200,2//1,6767//768,17;20,base_1;frontier_addition;inactive|base_3;frontier_addition;inactive,3//1,11375//768,0//1,11375//768,2,complete-enumeration:32
979,L400,4//1,1251//256,16,frontier_addition;inactive,1//1,2275//256,0//1,2275//256,1,complete-enumeration:32
980,L0,0//1,13825//768,22;23;30;31,base_2;base_3;frontier_addition;inactive|base_1;base_2;base_3;frontier_addition;inactive|base_2;base_3;closure_carrier;frontier_addition;inactive|base_1;base_2;base_3;closure_carrier;frontier_addition;inactive,5//1;7//1;8//1;10//1,13825//768,0//1,13825//768,4,complete-enumeration:32
980,L025,1//4,12865//768,22,base_2;base_3;frontier_addition;inactive,5//1,13825//768,0//1,13825//768,1,complete-enumeration:32
980,L050,1//2,11905//768,22,base_2;base_3;frontier_addition;inactive,5//1,13825//768,0//1,13825//768,1,complete-enumeration:32
980,L100,1//1,9985//768,22,base_2;base_3;frontier_addition;inactive,5//1,13825//768,0//1,13825//768,1,complete-enumeration:32
980,L200,2//1,6767//768,20,base_3;frontier_addition;inactive,3//1,11375//768,0//1,11375//768,1,complete-enumeration:32
980,L400,4//1,713//128,16,frontier_addition;inactive,1//1,1225//128,0//1,1225//128,1,complete-enumeration:32
981,L0,0//1,171713//12288,17;19;21;23;25;27;29;31,base_1;frontier_addition;inactive|base_1;base_2;frontier_addition;inactive|base_1;base_3;frontier_addition;inactive|base_1;base_2;base_3;frontier_addition;inactive|base_1;closure_carrier;frontier_addition;inactive|base_1;base_2;closure_carrier;frontier_addition;inactive|base_1;base_3;closure_carrier;frontier_addition;inactive|base_1;base_2;base_3;closure_carrier;frontier_addition;inactive,3//1;5//1;6//1;7//1;8//1;10//1,9275//768,7771//4096,171713//12288,8,complete-enumeration:32
981,L025,1//4,162497//12288,17,base_1;frontier_addition;inactive,3//1,9275//768,7771//4096,171713//12288,1,complete-enumeration:32
981,L050,1//2,77195//6144,1,base_1;inactive,2//1,8575//768,4913//2048,83339//6144,1,complete-enumeration:32
981,L100,1//1,71051//6144,1,base_1;inactive,2//1,8575//768,4913//2048,83339//6144,1,complete-enumeration:32
981,L200,2//1,58763//6144,1,base_1;inactive,2//1,8575//768,4913//2048,83339//6144,1,complete-enumeration:32
981,L400,4//1,713//128,16,frontier_addition;inactive,1//1,1225//128,0//1,1225//128,1,complete-enumeration:32
982,L0,0//1,25109//2048,17;19;21;23;25;27;29;31,base_1;frontier_addition;inactive|base_1;base_2;frontier_addition;inactive|base_1;base_3;frontier_addition;inactive|base_1;base_2;base_3;frontier_addition;inactive|base_1;closure_carrier;frontier_addition;inactive|base_1;base_2;closure_carrier;frontier_addition;inactive|base_1;base_3;closure_carrier;frontier_addition;inactive|base_1;base_2;base_3;closure_carrier;frontier_addition;inactive,5//1;8//1;9//1;12//1;13//1;16//1,2975//256,1309//2048,25109//2048,8,complete-enumeration:32
982,L025,1//4,22549//2048,17,base_1;frontier_addition;inactive,5//1,2975//256,1309//2048,25109//2048,1,complete-enumeration:32
982,L050,1//2,19989//2048,17,base_1;frontier_addition;inactive,5//1,2975//256,1309//2048,25109//2048,1,complete-enumeration:32
982,L100,1//1,1733//192,16,frontier_addition;inactive,1//1,1925//192,0//1,1925//192,1,complete-enumeration:32
982,L200,2//1,1541//192,16,frontier_addition;inactive,1//1,1925//192,0//1,1925//192,1,complete-enumeration:32
982,L400,4//1,1157//192,16,frontier_addition;inactive,1//1,1925//192,0//1,1925//192,1,complete-enumeration:32
983,L0,0//1,13475//768,22;23;30;31,base_2;base_3;frontier_addition;inactive|base_1;base_2;base_3;frontier_addition;inactive|base_2;base_3;closure_carrier;frontier_addition;inactive|base_1;base_2;base_3;closure_carrier;frontier_addition;inactive,9//1;12//1;13//1;16//1,13475//768,0//1,13475//768,4,complete-enumeration:32
983,L025,1//4,11747//768,22,base_2;base_3;frontier_addition;inactive,9//1,13475//768,0//1,13475//768,1,complete-enumeration:32
983,L050,1//2,10019//768,22,base_2;base_3;frontier_addition;inactive,9//1,13475//768,0//1,13475//768,1,complete-enumeration:32
983,L100,1//1,2395//256,18,base_2;frontier_addition;inactive,5//1,3675//256,0//1,3675//256,1,complete-enumeration:32
983,L200,2//1,1763//256,16,frontier_addition;inactive,1//1,2275//256,0//1,2275//256,1,complete-enumeration:32
983,L400,4//1,1251//256,16,frontier_addition;inactive,1//1,2275//256,0//1,2275//256,1,complete-enumeration:32
984,L0,0//1,449447//24576,21;23;29;31,base_1;base_3;frontier_addition;inactive|base_1;base_2;base_3;frontier_addition;inactive|base_1;base_3;closure_carrier;frontier_addition;inactive|base_1;base_2;base_3;closure_carrier;frontier_addition;inactive,9//1;11//1;13//1;15//1,875//48,1447//24576,449447//24576,4,complete-enumeration:32
984,L025,1//4,394151//24576,21,base_1;base_3;frontier_addition;inactive,9//1,875//48,1447//24576,449447//24576,1,complete-enumeration:32
984,L050,1//2,338855//24576,21,base_1;base_3;frontier_addition;inactive,9//1,875//48,1447//24576,449447//24576,1,complete-enumeration:32
984,L100,1//1,5343//512,20,base_3;frontier_addition;inactive,5//1,1925//128,203//512,7903//512,1,complete-enumeration:32
984,L200,2//1,5639//768,16,frontier_addition;inactive,1//1,7175//768,0//1,7175//768,1,complete-enumeration:32
984,L400,4//1,4103//768,16,frontier_addition;inactive,1//1,7175//768,0//1,7175//768,1,complete-enumeration:32
985,L0,0//1,9275//768,17;19;21;23;25;27;29;31,base_1;frontier_addition;inactive|base_1;base_2;frontier_addition;inactive|base_1;base_3;frontier_addition;inactive|base_1;base_2;base_3;frontier_addition;inactive|base_1;closure_carrier;frontier_addition;inactive|base_1;base_2;closure_carrier;frontier_addition;inactive|base_1;base_3;closure_carrier;frontier_addition;inactive|base_1;base_2;base_3;closure_carrier;frontier_addition;inactive,3//1;5//1;7//1;9//1,9275//768,0//1,9275//768,8,complete-enumeration:32
985,L025,1//4,8699//768,17,base_1;frontier_addition;inactive,3//1,9275//768,0//1,9275//768,1,complete-enumeration:32
985,L050,1//2,8123//768,17,base_1;frontier_addition;inactive,3//1,9275//768,0//1,9275//768,1,complete-enumeration:32
985,L100,1//1,7457//768,16,frontier_addition;inactive,1//1,8225//768,0//1,8225//768,1,complete-enumeration:32
985,L200,2//1,6689//768,16,frontier_addition;inactive,1//1,8225//768,0//1,8225//768,1,complete-enumeration:32
985,L400,4//1,5153//768,16,frontier_addition;inactive,1//1,8225//768,0//1,8225//768,1,complete-enumeration:32
986,L0,0//1,8575//768,17;19;21;23;25;27;29;31,base_1;frontier_addition;inactive|base_1;base_2;frontier_addition;inactive|base_1;base_3;frontier_addition;inactive|base_1;base_2;base_3;frontier_addition;inactive|base_1;closure_carrier;frontier_addition;inactive|base_1;base_2;closure_carrier;frontier_addition;inactive|base_1;base_3;closure_carrier;frontier_addition;inactive|base_1;base_2;base_3;closure_carrier;frontier_addition;inactive,3//1;5//1;7//1;9//1,8575//768,0//1,8575//768,8,complete-enumeration:32
986,L025,1//4,7999//768,17,base_1;frontier_addition;inactive,3//1,8575//768,0//1,8575//768,1,complete-enumeration:32
986,L050,1//2,159509//16384,1,base_1;inactive,2//1,8225//768,1279//49152,175893//16384,1,complete-enumeration:32
986,L100,1//1,6757//768,16,frontier_addition;inactive,1//1,7525//768,0//1,7525//768,1,complete-enumeration:32
986,L200,2//1,5989//768,16,frontier_addition;inactive,1//1,7525//768,0//1,7525//768,1,complete-enumeration:32
986,L400,4//1,4453//768,16,frontier_addition;inactive,1//1,7525//768,0//1,7525//768,1,complete-enumeration:32
987,L0,0//1,591829//49152,17;19;21;23;25;27;29;31,base_1;frontier_addition;inactive|base_1;base_2;frontier_addition;inactive|base_1;base_3;frontier_addition;inactive|base_1;base_2;base_3;frontier_addition;inactive|base_1;closure_carrier;frontier_addition;inactive|base_1;base_2;closure_carrier;frontier_addition;inactive|base_1;base_3;closure_carrier;frontier_addition;inactive|base_1;base_2;base_3;closure_carrier;frontier_addition;inactive,3//1;5//1;7//1;9//1,8575//768,14343//16384,591829//49152,8,complete-enumeration:32
987,L025,1//4,554965//49152,17,base_1;frontier_addition;inactive,3//1,8575//768,14343//16384,591829//49152,1,complete-enumeration:32
987,L050,1//2,518101//49152,17,base_1;frontier_addition;inactive,3//1,8575//768,14343//16384,591829//49152,1,complete-enumeration:32
987,L100,1//1,234125//24576,1,base_1;inactive,2//1,4025//384,8559//8192,283277//24576,1,complete-enumeration:32
987,L200,2//1,5989//768,16,frontier_addition;inactive,1//1,7525//768,0//1,7525//768,1,complete-enumeration:32
987,L400,4//1,4453//768,16,frontier_addition;inactive,1//1,7525//768,0//1,7525//768,1,complete-enumeration:32
988,L0,0//1,4725//256,21;23;29;31,base_1;base_3;frontier_addition;inactive|base_1;base_2;base_3;frontier_addition;inactive|base_1;base_3;closure_carrier;frontier_addition;inactive|base_1;base_2;base_3;closure_carrier;frontier_addition;inactive,5//1;7//1;8//1;10//1,4725//256,0//1,4725//256,4,complete-enumeration:32
988,L025,1//4,4405//256,21,base_1;base_3;frontier_addition;inactive,5//1,4725//256,0//1,4725//256,1,complete-enumeration:32
988,L050,1//2,4085//256,21,base_1;base_3;frontier_addition;inactive,5//1,4725//256,0//1,4725//256,1,complete-enumeration:32
988,L100,1//1,3445//256,21,base_1;base_3;frontier_addition;inactive,5//1,4725//256,0//1,4725//256,1,complete-enumeration:32
988,L200,2//1,1157//128,17,base_1;frontier_addition;inactive,3//1,1925//128,0//1,1925//128,1,complete-enumeration:32
988,L400,4//1,1251//256,16,frontier_addition;inactive,1//1,2275//256,0//1,2275//256,1,complete-enumeration:32
989,L0,0//1,875//48,22;23;30;31,base_2;base_3;frontier_addition;inactive|base_1;base_2;base_3;frontier_addition;inactive|base_2;base_3;closure_carrier;frontier_addition;inactive|base_1;base_2;base_3;closure_carrier;frontier_addition;inactive,5//1;7//1;8//1;10//1,875//48,0//1,875//48,4,complete-enumeration:32
989,L025,1//4,815//48,22,base_2;base_3;frontier_addition;inactive,5//1,875//48,0//1,875//48,1,complete-enumeration:32
989,L050,1//2,755//48,22,base_2;base_3;frontier_addition;inactive,5//1,875//48,0//1,875//48,1,complete-enumeration:32
989,L100,1//1,635//48,22,base_2;base_3;frontier_addition;inactive,5//1,875//48,0//1,875//48,1,complete-enumeration:32
989,L200,2//1,6767//768,18,base_2;frontier_addition;inactive,3//1,11375//768,0//1,11375//768,1,complete-enumeration:32
989,L400,4//1,1789//384,16,frontier_addition;inactive,1//1,3325//384,0//1,3325//384,1,complete-enumeration:32
990,L0,0//1,875//48,21;23;29;31,base_1;base_3;frontier_addition;inactive|base_1;base_2;base_3;frontier_addition;inactive|base_1;base_3;closure_carrier;frontier_addition;inactive|base_1;base_2;base_3;closure_carrier;frontier_addition;inactive,9//1;11//1;13//1;15//1,875//48,0//1,875//48,4,complete-enumeration:32
990,L025,1//4,767//48,21,base_1;base_3;frontier_addition;inactive,9//1,875//48,0//1,875//48,1,complete-enumeration:32
990,L050,1//2,659//48,21,base_1;base_3;frontier_addition;inactive,9//1,875//48,0//1,875//48,1,complete-enumeration:32
990,L100,1//1,62057//6144,17,base_1;frontier_addition;inactive,5//1,1925//128,377//6144,92777//6144,1,complete-enumeration:32
990,L200,2//1,683//96,16,frontier_addition;inactive,1//1,875//96,0//1,875//96,1,complete-enumeration:32
990,L400,4//1,491//96,16,frontier_addition;inactive,1//1,875//96,0//1,875//96,1,complete-enumeration:32
991,L0,0//1,2975//256,17;19;21;23;25;27;29;31,base_1;frontier_addition;inactive|base_1;base_2;frontier_addition;inactive|base_1;base_3;frontier_addition;inactive|base_1;base_2;base_3;frontier_addition;inactive|base_1;closure_carrier;frontier_addition;inactive|base_1;base_2;closure_carrier;frontier_addition;inactive|base_1;base_3;closure_carrier;frontier_addition;inactive|base_1;base_2;base_3;closure_carrier;frontier_addition;inactive,3//1;5//1;7//1;9//1,2975//256,0//1,2975//256,8,complete-enumeration:32
991,L025,1//4,2783//256,17,base_1;frontier_addition;inactive,3//1,2975//256,0//1,2975//256,1,complete-enumeration:32
991,L050,1//2,7807//768,1,base_1;inactive,2//1,8575//768,0//1,8575//768,1,complete-enumeration:32
991,L100,1//1,7039//768,1,base_1;inactive,2//1,8575//768,0//1,8575//768,1,complete-enumeration:32
991,L200,2//1,969//128,16,frontier_addition;inactive,1//1,1225//128,0//1,1225//128,1,complete-enumeration:32
991,L400,4//1,713//128,16,frontier_addition;inactive,1//1,1225//128,0//1,1225//128,1,complete-enumeration:32
992,L0,0//1,76677//4096,19;23;27;31,base_1;base_2;frontier_addition;inactive|base_1;base_2;base_3;frontier_addition;inactive|base_1;base_2;closure_carrier;frontier_addition;inactive|base_1;base_2;base_3;closure_carrier;frontier_addition;inactive,9//1;11//1;13//1;15//1,4725//256,1077//4096,76677//4096,4,complete-enumeration:32
992,L025,1//4,67461//4096,19,base_1;base_2;frontier_addition;inactive,9//1,4725//256,1077//4096,76677//4096,1,complete-enumeration:32
992,L050,1//2,58245//4096,19,base_1;base_2;frontier_addition;inactive,9//1,4725//256,1077//4096,76677//4096,1,complete-enumeration:32
992,L100,1//1,268549//24576,18,base_2;frontier_addition;inactive,5//1,11375//768,9143//8192,391429//24576,1,complete-enumeration:32
992,L200,2//1,1763//256,16,frontier_addition;inactive,1//1,2275//256,0//1,2275//256,1,complete-enumeration:32
992,L400,4//1,1251//256,16,frontier_addition;inactive,1//1,2275//256,0//1,2275//256,1,complete-enumeration:32
993,L0,0//1,9539//768,17;19;21;23;25;27;29;31,base_1;frontier_addition;inactive|base_1;base_2;frontier_addition;inactive|base_1;base_3;frontier_addition;inactive|base_1;base_2;base_3;frontier_addition;inactive|base_1;closure_carrier;frontier_addition;inactive|base_1;base_2;closure_carrier;frontier_addition;inactive|base_1;base_3;closure_carrier;frontier_addition;inactive|base_1;base_2;base_3;closure_carrier;frontier_addition;inactive,3//1;5//1;7//1;9//1,9275//768,11//32,9539//768,8,complete-enumeration:32
993,L025,1//4,8963//768,17,base_1;frontier_addition;inactive,3//1,9275//768,11//32,9539//768,1,complete-enumeration:32
993,L050,1//2,8387//768,17,base_1;frontier_addition;inactive,3//1,9275//768,11//32,9539//768,1,complete-enumeration:32
993,L100,1//1,923//96,1,base_1;inactive,2//1,8575//768,115//256,1115//96,1,complete-enumeration:32
993,L200,2//1,1541//192,16,frontier_addition;inactive,1//1,1925//192,0//1,1925//192,1,complete-enumeration:32
993,L400,4//1,1157//192,16,frontier_addition;inactive,1//1,1925//192,0//1,1925//192,1,complete-enumeration:32
994,L0,0//1,486569//24576,21;23;29;31,base_1;base_3;frontier_addition;inactive|base_1;base_2;base_3;frontier_addition;inactive|base_1;base_3;closure_carrier;frontier_addition;inactive|base_1;base_2;base_3;closure_carrier;frontier_addition;inactive,5//1;7//1;8//1;10//1,7175//384,9123//8192,486569//24576,4,complete-enumeration:32
994,L025,1//4,455849//24576,21,base_1;base_3;frontier_addition;inactive,5//1,7175//384,9123//8192,486569//24576,1,complete-enumeration:32
994,L050,1//2,425129//24576,21,base_1;base_3;frontier_addition;inactive,5//1,7175//384,9123//8192,486569//24576,1,complete-enumeration:32
994,L100,1//1,1466771//98304,17,base_1;frontier_addition;inactive,3//1,175//12,109361//32768,1761683//98304,1,complete-enumeration:32
994,L200,2//1,1171859//98304,17,base_1;frontier_addition;inactive,3//1,175//12,109361//32768,1761683//98304,1,complete-enumeration:32
994,L400,4//1,371177//49152,1,base_1;inactive,2//1,7175//768,101731//16384,764393//49152,1,complete-enumeration:32
995,L0,0//1,114527//6144,22;23;30;31,base_2;base_3;frontier_addition;inactive|base_1;base_2;base_3;frontier_addition;inactive|base_2;base_3;closure_carrier;frontier_addition;inactive|base_1;base_2;base_3;closure_carrier;frontier_addition;inactive,9//1;11//1;13//1;15//1,13825//768,1309//2048,114527//6144,4,complete-enumeration:32
995,L025,1//4,100703//6144,22,base_2;base_3;frontier_addition;inactive,9//1,13825//768,1309//2048,114527//6144,1,complete-enumeration:32
995,L050,1//2,947627//65536,20,base_3;frontier_addition;inactive,5//1,3675//256,170667//65536,1111467//65536,1,complete-enumeration:32
995,L100,1//1,783787//65536,20,base_3;frontier_addition;inactive,5//1,3675//256,170667//65536,1111467//65536,1,complete-enumeration:32
995,L200,2//1,213163//24576,24,closure_carrier;frontier_addition;inactive,3//1,7175//768,43673//8192,360619//24576,1,complete-enumeration:32
995,L400,4//1,1789//384,16,frontier_addition;inactive,1//1,3325//384,0//1,3325//384,1,complete-enumeration:32
996,L0,0//1,4375//384,17;19;21;23;25;27;29;31,base_1;frontier_addition;inactive|base_1;base_2;frontier_addition;inactive|base_1;base_3;frontier_addition;inactive|base_1;base_2;base_3;frontier_addition;inactive|base_1;closure_carrier;frontier_addition;inactive|base_1;base_2;closure_carrier;frontier_addition;inactive|base_1;base_3;closure_carrier;frontier_addition;inactive|base_1;base_2;base_3;closure_carrier;frontier_addition;inactive,5//1;8//1;9//1;12//1;13//1;16//1,4375//384,0//1,4375//384,8,complete-enumeration:32
996,L025,1//4,3895//384,17,base_1;frontier_addition;inactive,5//1,4375//384,0//1,4375//384,1,complete-enumeration:32
996,L050,1//2,143//16,1,base_1;inactive,4//1,175//16,0//1,175//16,1,complete-enumeration:32
996,L100,1//1,6407//768,16,frontier_addition;inactive,1//1,7175//768,0//1,7175//768,1,complete-enumeration:32
996,L200,2//1,5639//768,16,frontier_addition;inactive,1//1,7175//768,0//1,7175//768,1,complete-enumeration:32
996,L400,4//1,4103//768,16,frontier_addition;inactive,1//1,7175//768,0//1,7175//768,1,complete-enumeration:32
997,L0,0//1,7051//384,21;23;29;31,base_1;base_3;frontier_addition;inactive|base_1;base_2;base_3;frontier_addition;inactive|base_1;base_3;closure_carrier;frontier_addition;inactive|base_1;base_2;base_3;closure_carrier;frontier_addition;inactive,5//1;7//1;9//1,875//48,17//128,7051//384,4,complete-enumeration:32
997,L025,1//4,6571//384,21,base_1;base_3;frontier_addition;inactive,5//1,875//48,17//128,7051//384,1,complete-enumeration:32
997,L050,1//2,6091//384,21,base_1;base_3;frontier_addition;inactive,5//1,875//48,17//128,7051//384,1,complete-enumeration:32
997,L100,1//1,5131//384,21,base_1;base_3;frontier_addition;inactive,5//1,875//48,17//128,7051//384,1,complete-enumeration:32
997,L200,2//1,9151//1024,17,base_1;frontier_addition;inactive,3//1,3675//256,595//1024,15295//1024,1,complete-enumeration:32
997,L400,4//1,1789//384,16,frontier_addition;inactive,1//1,3325//384,0//1,3325//384,1,complete-enumeration:32
998,L0,0//1,13475//768,21;23;29;31,base_1;base_3;frontier_addition;inactive|base_1;base_2;base_3;frontier_addition;inactive|base_1;base_3;closure_carrier;frontier_addition;inactive|base_1;base_2;base_3;closure_carrier;frontier_addition;inactive,5//1;7//1;9//1,13475//768,0//1,13475//768,4,complete-enumeration:32
998,L025,1//4,12515//768,21,base_1;base_3;frontier_addition;inactive,5//1,13475//768,0//1,13475//768,1,complete-enumeration:32
998,L050,1//2,11555//768,21,base_1;base_3;frontier_addition;inactive,5//1,13475//768,0//1,13475//768,1,complete-enumeration:32
998,L100,1//1,9635//768,21,base_1;base_3;frontier_addition;inactive,5//1,13475//768,0//1,13475//768,1,complete-enumeration:32
998,L200,2//1,6067//768,17;20,base_1;frontier_addition;inactive|base_3;frontier_addition;inactive,3//1,10675//768,0//1,10675//768,2,complete-enumeration:32
998,L400,4//1,1251//256,16,frontier_addition;inactive,1//1,2275//256,0//1,2275//256,1,complete-enumeration:32
999,L0,0//1,875//48,19;23;27;31,base_1;base_2;frontier_addition;inactive|base_1;base_2;base_3;frontier_addition;inactive|base_1;base_2;closure_carrier;frontier_addition;inactive|base_1;base_2;base_3;closure_carrier;frontier_addition;inactive,9//1;12//1;13//1;16//1,875//48,0//1,875//48,4,complete-enumeration:32
999,L025,1//4,767//48,19,base_1;base_2;frontier_addition;inactive,9//1,875//48,0//1,875//48,1,complete-enumeration:32
999,L050,1//2,659//48,19,base_1;base_2;frontier_addition;inactive,9//1,875//48,0//1,875//48,1,complete-enumeration:32
999,L100,1//1,115//12,17,base_1;frontier_addition;inactive,5//1,175//12,0//1,175//12,1,complete-enumeration:32
999,L200,2//1,1763//256,16,frontier_addition;inactive,1//1,2275//256,0//1,2275//256,1,complete-enumeration:32
999,L400,4//1,1251//256,16,frontier_addition;inactive,1//1,2275//256,0//1,2275//256,1,complete-enumeration:32
1000,L0,0//1,126739//6144,21;23;29;31,base_1;base_3;frontier_addition;inactive|base_1;base_2;base_3;frontier_addition;inactive|base_1;base_3;closure_carrier;frontier_addition;inactive|base_1;base_2;base_3;closure_carrier;frontier_addition;inactive,5//1;7//1;9//1,875//48,4913//2048,126739//6144,4,complete-enumeration:32
1000,L025,1//4,119059//6144,21,base_1;base_3;frontier_addition;inactive,5//1,875//48,4913//2048,126739//6144,1,complete-enumeration:32
1000,L050,1//2,111379//6144,21,base_1;base_3;frontier_addition;inactive,5//1,875//48,4913//2048,126739//6144,1,complete-enumeration:32
1000,L100,1//1,98237//6144,17,base_1;frontier_addition;inactive,3//1,175//12,9023//2048,116669//6144,1,complete-enumeration:32
1000,L200,2//1,79805//6144,17,base_1;frontier_addition;inactive,3//1,175//12,9023//2048,116669//6144,1,complete-enumeration:32
1000,L400,4//1,13103//1536,1,base_1;inactive,2//1,875//96,3797//512,25391//1536,1,complete-enumeration:32
1001,L0,0//1,5159//384,17;19;21;23;25;27;29;31,base_1;frontier_addition;inactive|base_1;base_2;frontier_addition;inactive|base_1;base_3;frontier_addition;inactive|base_1;base_2;base_3;frontier_addition;inactive|base_1;closure_carrier;frontier_addition;inactive|base_1;base_2;closure_carrier;frontier_addition;inactive|base_1;base_3;closure_carrier;frontier_addition;inactive|base_1;base_2;base_3;closure_carrier;frontier_addition;inactive,3//1;5//1;6//1;7//1;8//1;10//1,2275//192,203//128,5159//384,8,complete-enumeration:32
1001,L025,1//4,78193//6144,1,base_1;inactive,2//1,4375//384,3755//2048,81265//6144,1,complete-enumeration:32
1001,L050,1//2,75121//6144,1,base_1;inactive,2//1,4375//384,3755//2048,81265//6144,1,complete-enumeration:32
1001,L100,1//1,68977//6144,1,base_1;inactive,2//1,4375//384,3755//2048,81265//6144,1,complete-enumeration:32
1001,L200,2//1,56689//6144,1,base_1;inactive,2//1,4375//384,3755//2048,81265//6144,1,complete-enumeration:32
1001,L400,4//1,1157//192,16,frontier_addition;inactive,1//1,1925//192,0//1,1925//192,1,complete-enumeration:32
1002,L0,0//1,84739//6144,17;19;21;23;25;27;29;31,base_1;frontier_addition;inactive|base_1;base_2;frontier_addition;inactive|base_1;base_3;frontier_addition;inactive|base_1;base_2;base_3;frontier_addition;inactive|base_1;closure_carrier;frontier_addition;inactive|base_1;base_2;closure_carrier;frontier_addition;inactive|base_1;base_3;closure_carrier;frontier_addition;inactive|base_1;base_2;base_3;closure_carrier;frontier_addition;inactive,3//1;5//1;6//1;7//1;8//1;10//1,4375//384,4913//2048,84739//6144,8,complete-enumeration:32
1002,L025,1//4,80131//6144,17,base_1;frontier_addition;inactive,3//1,4375//384,4913//2048,84739//6144,1,complete-enumeration:32
1002,L050,1//2,613655//49152,1,base_1;inactive,2//1,8225//768,45469//16384,662807//49152,1,complete-enumeration:32
1002,L100,1//1,564503//49152,1,base_1;inactive,2//1,8225//768,45469//16384,662807//49152,1,complete-enumeration:32
1002,L200,2//1,466199//49152,1,base_1;inactive,2//1,8225//768,45469//16384,662807//49152,1,complete-enumeration:32
1002,L400,4//1,1601//256,16,frontier_addition;inactive,1//1,2625//256,0//1,2625//256,1,complete-enumeration:32
1003,L0,0//1,312647//16384,23;30;31,base_1;base_2;base_3;frontier_addition;inactive|base_2;base_3;closure_carrier;frontier_addition;inactive|base_1;base_2;base_3;closure_carrier;frontier_addition;inactive,7//1;9//1,4725//256,10247//16384,312647//16384,3,complete-enumeration:32
1003,L025,1//4,283975//16384,23;30,base_1;base_2;base_3;frontier_addition;inactive|base_2;base_3;closure_carrier;frontier_addition;inactive,7//1,4725//256,10247//16384,312647//16384,2,complete-enumeration:32
1003,L050,1//2,4085//256,22,base_2;base_3;frontier_addition;inactive,5//1,4725//256,0//1,4725//256,1,complete-enumeration:32
1003,L100,1//1,3445//256,22,base_2;base_3;frontier_addition;inactive,5//1,4725//256,0//1,4725//256,1,complete-enumeration:32
1003,L200,2//1,268489//24576,1,base_1;inactive,2//1,7175//768,45731//8192,366793//24576,1,complete-enumeration:32
1003,L400,4//1,170185//24576,1,base_1;inactive,2//1,7175//768,45731//8192,366793//24576,1,complete-enumeration:32
1004,L0,0//1,83371//4096,19;23;27;31,base_1;base_2;frontier_addition;inactive|base_1;base_2;base_3;frontier_addition;inactive|base_1;base_2;closure_carrier;frontier_addition;inactive|base_1;base_2;base_3;closure_carrier;frontier_addition;inactive,9//1;12//1;13//1;16//1,4725//256,7771//4096,83371//4096,4,complete-enumeration:32
1004,L025,1//4,74155//4096,19,base_1;base_2;frontier_addition;inactive,9//1,4725//256,7771//4096,83371//4096,1,complete-enumeration:32
1004,L050,1//2,199253//12288,17,base_1;frontier_addition;inactive,5//1,11375//768,15991//4096,229973//12288,1,complete-enumeration:32
1004,L100,1//1,168533//12288,17,base_1;frontier_addition;inactive,5//1,11375//768,15991//4096,229973//12288,1,complete-enumeration:32
1004,L200,2//1,107093//12288,17,base_1;frontier_addition;inactive,5//1,11375//768,15991//4096,229973//12288,1,complete-enumeration:32
1004,L400,4//1,1251//256,16,frontier_addition;inactive,1//1,2275//256,0//1,2275//256,1,complete-enumeration:32
1005,L0,0//1,2341//192,17;19;21;23;25;27;29;31,base_1;frontier_addition;inactive|base_1;base_2;frontier_addition;inactive|base_1;base_3;frontier_addition;inactive|base_1;base_2;base_3;frontier_addition;inactive|base_1;closure_carrier;frontier_addition;inactive|base_1;base_2;closure_carrier;frontier_addition;inactive|base_1;base_3;closure_carrier;frontier_addition;inactive|base_1;base_2;base_3;closure_carrier;frontier_addition;inactive,5//1;7//1;9//1;11//1;13//1;15//1,2275//192,11//32,2341//192,8,complete-enumeration:32
1005,L025,1//4,2101//192,17,base_1;frontier_addition;inactive,5//1,2275//192,11//32,2341//192,1,complete-enumeration:32
1005,L050,1//2,2497//256,16,frontier_addition;inactive,1//1,2625//256,0//1,2625//256,1,complete-enumeration:32
1005,L100,1//1,2369//256,16,frontier_addition;inactive,1//1,2625//256,0//1,2625//256,1,complete-enumeration:32
1005,L200,2//1,2113//256,16,frontier_addition;inactive,1//1,2625//256,0//1,2625//256,1,complete-enumeration:32
1005,L400,4//1,1601//256,16,frontier_addition;inactive,1//1,2625//256,0//1,2625//256,1,complete-enumeration:32
1006,L0,0//1,917377//49152,23;30;31,base_1;base_2;base_3;frontier_addition;inactive|base_2;base_3;closure_carrier;frontier_addition;inactive|base_1;base_2;base_3;closure_carrier;frontier_addition;inactive,7//1;8//1;10//1,13825//768,10859//16384,917377//49152,3,complete-enumeration:32
1006,L025,1//4,831361//49152,23,base_1;base_2;base_3;frontier_addition;inactive,7//1,13825//768,10859//16384,917377//49152,1,complete-enumeration:32
1006,L050,1//2,11905//768,22,base_2;base_3;frontier_addition;inactive,5//1,13825//768,0//1,13825//768,1,complete-enumeration:32
1006,L100,1//1,9985//768,22,base_2;base_3;frontier_addition;inactive,5//1,13825//768,0//1,13825//768,1,complete-enumeration:32
1006,L200,2//1,6767//768,20,base_3;frontier_addition;inactive,3//1,11375//768,0//1,11375//768,1,complete-enumeration:32
1006,L400,4//1,491//96,16,frontier_addition;inactive,1//1,875//96,0//1,875//96,1,complete-enumeration:32
1007,L0,0//1,13825//768,19;23;27;31,base_1;base_2;frontier_addition;inactive|base_1;base_2;base_3;frontier_addition;inactive|base_1;base_2;closure_carrier;frontier_addition;inactive|base_1;base_2;base_3;closure_carrier;frontier_addition;inactive,9//1;12//1;13//1;16//1,13825//768,0//1,13825//768,4,complete-enumeration:32
1007,L025,1//4,12097//768,19,base_1;base_2;frontier_addition;inactive,9//1,13825//768,0//1,13825//768,1,complete-enumeration:32
1007,L050,1//2,10369//768,19,base_1;base_2;frontier_addition;inactive,9//1,13825//768,0//1,13825//768,1,complete-enumeration:32
1007,L100,1//1,115//12,18,base_2;frontier_addition;inactive,5//1,175//12,0//1,175//12,1,complete-enumeration:32
1007,L200,2//1,4939//768,16,frontier_addition;inactive,1//1,6475//768,0//1,6475//768,1,complete-enumeration:32
1007,L400,4//1,3403//768,16,frontier_addition;inactive,1//1,6475//768,0//1,6475//768,1,complete-enumeration:32
1008,L0,0//1,875//48,21;23;29;31,base_1;base_3;frontier_addition;inactive|base_1;base_2;base_3;frontier_addition;inactive|base_1;base_3;closure_carrier;frontier_addition;inactive|base_1;base_2;base_3;closure_carrier;frontier_addition;inactive,5//1;7//1;9//1,875//48,0//1,875//48,4,complete-enumeration:32
1008,L025,1//4,815//48,21,base_1;base_3;frontier_addition;inactive,5//1,875//48,0//1,875//48,1,complete-enumeration:32
1008,L050,1//2,755//48,21,base_1;base_3;frontier_addition;inactive,5//1,875//48,0//1,875//48,1,complete-enumeration:32
1008,L100,1//1,635//48,21,base_1;base_3;frontier_addition;inactive,5//1,875//48,0//1,875//48,1,complete-enumeration:32
1008,L200,2//1,103//12,17,base_1;frontier_addition;inactive,3//1,175//12,0//1,175//12,1,complete-enumeration:32
1008,L400,4//1,491//96,16,frontier_addition;inactive,1//1,875//96,0//1,875//96,1,complete-enumeration:32
1009,L0,0//1,2275//128,22;23;30;31,base_2;base_3;frontier_addition;inactive|base_1;base_2;base_3;frontier_addition;inactive|base_2;base_3;closure_carrier;frontier_addition;inactive|base_1;base_2;base_3;closure_carrier;frontier_addition;inactive,5//1;7//1;9//1,2275//128,0//1,2275//128,4,complete-enumeration:32
1009,L025,1//4,2115//128,22,base_2;base_3;frontier_addition;inactive,5//1,2275//128,0//1,2275//128,1,complete-enumeration:32
1009,L050,1//2,1955//128,22,base_2;base_3;frontier_addition;inactive,5//1,2275//128,0//1,2275//128,1,complete-enumeration:32
1009,L100,1//1,1635//128,22,base_2;base_3;frontier_addition;inactive,5//1,2275//128,0//1,2275//128,1,complete-enumeration:32
1009,L200,2//1,3121//384,18;20,base_2;frontier_addition;inactive|base_3;frontier_addition;inactive,3//1,5425//384,0//1,5425//384,2,complete-enumeration:32
1009,L400,4//1,3403//768,16,frontier_addition;inactive,1//1,6475//768,0//1,6475//768,1,complete-enumeration:32
1010,L0,0//1,7175//384,21;23;29;31,base_1;base_3;frontier_addition;inactive|base_1;base_2;base_3;frontier_addition;inactive|base_1;base_3;closure_carrier;frontier_addition;inactive|base_1;base_2;base_3;closure_carrier;frontier_addition;inactive,9//1;11//1;13//1;15//1,7175//384,0//1,7175//384,4,complete-enumeration:32
1010,L025,1//4,6311//384,21,base_1;base_3;frontier_addition;inactive,9//1,7175//384,0//1,7175//384,1,complete-enumeration:32
1010,L050,1//2,5447//384,21,base_1;base_3;frontier_addition;inactive,9//1,7175//384,0//1,7175//384,1,complete-enumeration:32
1010,L100,1//1,7535//768,20,base_3;frontier_addition;inactive,5//1,11375//768,0//1,11375//768,1,complete-enumeration:32
1010,L200,2//1,683//96,16,frontier_addition;inactive,1//1,875//96,0//1,875//96,1,complete-enumeration:32
1010,L400,4//1,491//96,16,frontier_addition;inactive,1//1,875//96,0//1,875//96,1,complete-enumeration:32
1011,L0,0//1,875//48,22;23;30;31,base_2;base_3;frontier_addition;inactive|base_1;base_2;base_3;frontier_addition;inactive|base_2;base_3;closure_carrier;frontier_addition;inactive|base_1;base_2;base_3;closure_carrier;frontier_addition;inactive,5//1;7//1;9//1,875//48,0//1,875//48,4,complete-enumeration:32
1011,L025,1//4,815//48,22,base_2;base_3;frontier_addition;inactive,5//1,875//48,0//1,875//48,1,complete-enumeration:32
1011,L050,1//2,755//48,22,base_2;base_3;frontier_addition;inactive,5//1,875//48,0//1,875//48,1,complete-enumeration:32
1011,L100,1//1,635//48,22,base_2;base_3;frontier_addition;inactive,5//1,875//48,0//1,875//48,1,complete-enumeration:32
1011,L200,2//1,1157//128,18,base_2;frontier_addition;inactive,3//1,1925//128,0//1,1925//128,1,complete-enumeration:32
1011,L400,4//1,491//96,16,frontier_addition;inactive,1//1,875//96,0//1,875//96,1,complete-enumeration:32
1012,L0,0//1,2275//192,17;19;21;23;25;27;29;31,base_1;frontier_addition;inactive|base_1;base_2;frontier_addition;inactive|base_1;base_3;frontier_addition;inactive|base_1;base_2;base_3;frontier_addition;inactive|base_1;closure_carrier;frontier_addition;inactive|base_1;base_2;closure_carrier;frontier_addition;inactive|base_1;base_3;closure_carrier;frontier_addition;inactive|base_1;base_2;base_3;closure_carrier;frontier_addition;inactive,3//1;5//1;6//1;7//1;8//1;10//1,2275//192,0//1,2275//192,8,complete-enumeration:32
1012,L025,1//4,2131//192,17,base_1;frontier_addition;inactive,3//1,2275//192,0//1,2275//192,1,complete-enumeration:32
1012,L050,1//2,3991//384,1,base_1;inactive,2//1,4375//384,0//1,4375//384,1,complete-enumeration:32
1012,L100,1//1,3607//384,1,base_1;inactive,2//1,4375//384,0//1,4375//384,1,complete-enumeration:32
1012,L200,2//1,969//128,16,frontier_addition;inactive,1//1,1225//128,0//1,1225//128,1,complete-enumeration:32
1012,L400,4//1,713//128,16,frontier_addition;inactive,1//1,1225//128,0//1,1225//128,1,complete-enumeration:32
1013,L0,0//1,2275//192,17;19;21;23;25;27;29;31,base_1;frontier_addition;inactive|base_1;base_2;frontier_addition;inactive|base_1;base_3;frontier_addition;inactive|base_1;base_2;base_3;frontier_addition;inactive|base_1;closure_carrier;frontier_addition;inactive|base_1;base_2;closure_carrier;frontier_addition;inactive|base_1;base_3;closure_carrier;frontier_addition;inactive|base_1;base_2;base_3;closure_carrier;frontier_addition;inactive,5//1;7//1;9//1;11//1;13//1;15//1,2275//192,0//1,2275//192,8,complete-enumeration:32
1013,L025,1//4,2035//192,17,base_1;frontier_addition;inactive,5//1,2275//192,0//1,2275//192,1,complete-enumeration:32
1013,L050,1//2,2497//256,16,frontier_addition;inactive,1//1,2625//256,0//1,2625//256,1,complete-enumeration:32
1013,L100,1//1,2369//256,16,frontier_addition;inactive,1//1,2625//256,0//1,2625//256,1,complete-enumeration:32
1013,L200,2//1,2113//256,16,frontier_addition;inactive,1//1,2625//256,0//1,2625//256,1,complete-enumeration:32
1013,L400,4//1,1601//256,16,frontier_addition;inactive,1//1,2625//256,0//1,2625//256,1,complete-enumeration:32
1014,L0,0//1,4725//256,19;23;27;31,base_1;base_2;frontier_addition;inactive|base_1;base_2;base_3;frontier_addition;inactive|base_1;base_2;closure_carrier;frontier_addition;inactive|base_1;base_2;base_3;closure_carrier;frontier_addition;inactive,9//1;12//1;13//1;16//1,4725//256,0//1,4725//256,4,complete-enumeration:32
1014,L025,1//4,4149//256,19,base_1;base_2;frontier_addition;inactive,9//1,4725//256,0//1,4725//256,1,complete-enumeration:32
1014,L050,1//2,3573//256,19,base_1;base_2;frontier_addition;inactive,9//1,4725//256,0//1,4725//256,1,complete-enumeration:32
1014,L100,1//1,7885//768,18,base_2;frontier_addition;inactive,5//1,11725//768,0//1,11725//768,1,complete-enumeration:32
1014,L200,2//1,969//128,16,frontier_addition;inactive,1//1,1225//128,0//1,1225//128,1,complete-enumeration:32
1014,L400,4//1,713//128,16,frontier_addition;inactive,1//1,1225//128,0//1,1225//128,1,complete-enumeration:32
1015,L0,0//1,30113//2048,17;19;21;23;25;27;29;31,base_1;frontier_addition;inactive|base_1;base_2;frontier_addition;inactive|base_1;base_3;frontier_addition;inactive|base_1;base_2;base_3;frontier_addition;inactive|base_1;closure_carrier;frontier_addition;inactive|base_1;base_2;closure_carrier;frontier_addition;inactive|base_1;base_3;closure_carrier;frontier_addition;inactive|base_1;base_2;base_3;closure_carrier;frontier_addition;inactive,5//1;8//1;9//1;12//1;13//1;16//1,1575//128,4913//2048,30113//2048,8,complete-enumeration:32
1015,L025,1//4,27553//2048,17,base_1;frontier_addition;inactive,5//1,1575//128,4913//2048,30113//2048,1,complete-enumeration:32
1015,L050,1//2,24993//2048,17,base_1;frontier_addition;inactive,5//1,1575//128,4913//2048,30113//2048,1,complete-enumeration:32
1015,L100,1//1,500929//49152,1,base_1;inactive,4//1,8575//768,49579//16384,697537//49152,1,complete-enumeration:32
1015,L200,2//1,2113//256,16,frontier_addition;inactive,1//1,2625//256,0//1,2625//256,1,complete-enumeration:32
1015,L400,4//1,1601//256,16,frontier_addition;inactive,1//1,2625//256,0//1,2625//256,1,complete-enumeration:32
1016,L0,0//1,2275//192,17;19;21;23;25;27;29;31,base_1;frontier_addition;inactive|base_1;base_2;frontier_addition;inactive|base_1;base_3;frontier_addition;inactive|base_1;base_2;base_3;frontier_addition;inactive|base_1;closure_carrier;frontier_addition;inactive|base_1;base_2;closure_carrier;frontier_addition;inactive|base_1;base_3;closure_carrier;frontier_addition;inactive|base_1;base_2;base_3;closure_carrier;frontier_addition;inactive,3//1;5//1;7//1;9//1,2275//192,0//1,2275//192,8,complete-enumeration:32
1016,L025,1//4,2131//192,17,base_1;frontier_addition;inactive,3//1,2275//192,0//1,2275//192,1,complete-enumeration:32
1016,L050,1//2,1987//192,17,base_1;frontier_addition;inactive,3//1,2275//192,0//1,2275//192,1,complete-enumeration:32
1016,L100,1//1,2369//256,16,frontier_addition;inactive,1//1,2625//256,0//1,2625//256,1,complete-enumeration:32
1016,L200,2//1,2113//256,16,frontier_addition;inactive,1//1,2625//256,0//1,2625//256,1,complete-enumeration:32
1016,L400,4//1,1601//256,16,frontier_addition;inactive,1//1,2625//256,0//1,2625//256,1,complete-enumeration:32
1017,L0,0//1,7175//384,21;23;29;31,base_1;base_3;frontier_addition;inactive|base_1;base_2;base_3;frontier_addition;inactive|base_1;base_3;closure_carrier;frontier_addition;inactive|base_1;base_2;base_3;closure_carrier;frontier_addition;inactive,9//1;11//1;13//1;15//1,7175//384,0//1,7175//384,4,complete-enumeration:32
1017,L025,1//4,6311//384,21,base_1;base_3;frontier_addition;inactive,9//1,7175//384,0//1,7175//384,1,complete-enumeration:32
1017,L050,1//2,5447//384,21,base_1;base_3;frontier_addition;inactive,9//1,7175//384,0//1,7175//384,1,complete-enumeration:32
1017,L100,1//1,7885//768,20,base_3;frontier_addition;inactive,5//1,11725//768,0//1,11725//768,1,complete-enumeration:32
1017,L200,2//1,5639//768,16,frontier_addition;inactive,1//1,7175//768,0//1,7175//768,1,complete-enumeration:32
1017,L400,4//1,4103//768,16,frontier_addition;inactive,1//1,7175//768,0//1,7175//768,1,complete-enumeration:32
1018,L0,0//1,2975//256,17;19;21;23;25;27;29;31,base_1;frontier_addition;inactive|base_1;base_2;frontier_addition;inactive|base_1;base_3;frontier_addition;inactive|base_1;base_2;base_3;frontier_addition;inactive|base_1;closure_carrier;frontier_addition;inactive|base_1;base_2;closure_carrier;frontier_addition;inactive|base_1;base_3;closure_carrier;frontier_addition;inactive|base_1;base_2;base_3;closure_carrier;frontier_addition;inactive,5//1;7//1;9//1;11//1;13//1;15//1,2975//256,0//1,2975//256,8,complete-enumeration:32
1018,L025,1//4,2655//256,17,base_1;frontier_addition;inactive,5//1,2975//256,0//1,2975//256,1,complete-enumeration:32
1018,L050,1//2,7141//768,16,frontier_addition;inactive,1//1,7525//768,0//1,7525//768,1,complete-enumeration:32
1018,L100,1//1,6757//768,16,frontier_addition;inactive,1//1,7525//768,0//1,7525//768,1,complete-enumeration:32
1018,L200,2//1,5989//768,16,frontier_addition;inactive,1//1,7525//768,0//1,7525//768,1,complete-enumeration:32
1018,L400,4//1,4453//768,16,frontier_addition;inactive,1//1,7525//768,0//1,7525//768,1,complete-enumeration:32
1019,L0,0//1,2275//192,17;19;21;23;25;27;29;31,base_1;frontier_addition;inactive|base_1;base_2;frontier_addition;inactive|base_1;base_3;frontier_addition;inactive|base_1;base_2;base_3;frontier_addition;inactive|base_1;closure_carrier;frontier_addition;inactive|base_1;base_2;closure_carrier;frontier_addition;inactive|base_1;base_3;closure_carrier;frontier_addition;inactive|base_1;base_2;base_3;closure_carrier;frontier_addition;inactive,3//1;5//1;6//1;7//1;8//1;10//1,2275//192,0//1,2275//192,8,complete-enumeration:32
1019,L025,1//4,2131//192,17,base_1;frontier_addition;inactive,3//1,2275//192,0//1,2275//192,1,complete-enumeration:32
1019,L050,1//2,1987//192,17,base_1;frontier_addition;inactive,3//1,2275//192,0//1,2275//192,1,complete-enumeration:32
1019,L100,1//1,3641//384,16,frontier_addition;inactive,1//1,4025//384,0//1,4025//384,1,complete-enumeration:32
1019,L200,2//1,3257//384,16,frontier_addition;inactive,1//1,4025//384,0//1,4025//384,1,complete-enumeration:32
1019,L400,4//1,2489//384,16,frontier_addition;inactive,1//1,4025//384,0//1,4025//384,1,complete-enumeration:32
1020,L0,0//1,7175//384,21;23;29;31,base_1;base_3;frontier_addition;inactive|base_1;base_2;base_3;frontier_addition;inactive|base_1;base_3;closure_carrier;frontier_addition;inactive|base_1;base_2;base_3;closure_carrier;frontier_addition;inactive,9//1;11//1;13//1;15//1,7175//384,0//1,7175//384,4,complete-enumeration:32
1020,L025,1//4,6311//384,21,base_1;base_3;frontier_addition;inactive,9//1,7175//384,0//1,7175//384,1,complete-enumeration:32
1020,L050,1//2,5447//384,21,base_1;base_3;frontier_addition;inactive,9//1,7175//384,0//1,7175//384,1,complete-enumeration:32
1020,L100,1//1,1285//128,17,base_1;frontier_addition;inactive,5//1,1925//128,0//1,1925//128,1,complete-enumeration:32
1020,L200,2//1,683//96,16,frontier_addition;inactive,1//1,875//96,0//1,875//96,1,complete-enumeration:32
1020,L400,4//1,491//96,16,frontier_addition;inactive,1//1,875//96,0//1,875//96,1,complete-enumeration:32
1021,L0,0//1,48677//4096,17;19;21;23;25;27;29;31,base_1;frontier_addition;inactive|base_1;base_2;frontier_addition;inactive|base_1;base_3;frontier_addition;inactive|base_1;base_2;base_3;frontier_addition;inactive|base_1;closure_carrier;frontier_addition;inactive|base_1;base_2;closure_carrier;frontier_addition;inactive|base_1;base_3;closure_carrier;frontier_addition;inactive|base_1;base_2;base_3;closure_carrier;frontier_addition;inactive,5//1;8//1;9//1;12//1;13//1;16//1,2975//256,1077//4096,48677//4096,8,complete-enumeration:32
1021,L025,1//4,43557//4096,17,base_1;frontier_addition;inactive,5//1,2975//256,1077//4096,48677//4096,1,complete-enumeration:32
1021,L050,1//2,38437//4096,17,base_1;frontier_addition;inactive,5//1,2975//256,1077//4096,48677//4096,1,complete-enumeration:32
1021,L100,1//1,6757//768,16,frontier_addition;inactive,1//1,7525//768,0//1,7525//768,1,complete-enumeration:32
1021,L200,2//1,5989//768,16,frontier_addition;inactive,1//1,7525//768,0//1,7525//768,1,complete-enumeration:32
1021,L400,4//1,4453//768,16,frontier_addition;inactive,1//1,7525//768,0//1,7525//768,1,complete-enumeration:32
1022,L0,0//1,13825//768,21;23;29;31,base_1;base_3;frontier_addition;inactive|base_1;base_2;base_3;frontier_addition;inactive|base_1;base_3;closure_carrier;frontier_addition;inactive|base_1;base_2;base_3;closure_carrier;frontier_addition;inactive,5//1;7//1;9//1,13825//768,0//1,13825//768,4,complete-enumeration:32
1022,L025,1//4,12865//768,21,base_1;base_3;frontier_addition;inactive,5//1,13825//768,0//1,13825//768,1,complete-enumeration:32
1022,L050,1//2,11905//768,21,base_1;base_3;frontier_addition;inactive,5//1,13825//768,0//1,13825//768,1,complete-enumeration:32
1022,L100,1//1,9985//768,21,base_1;base_3;frontier_addition;inactive,5//1,13825//768,0//1,13825//768,1,complete-enumeration:32
1022,L200,2//1,103//12,17,base_1;frontier_addition;inactive,3//1,175//12,0//1,175//12,1,complete-enumeration:32
1022,L400,4//1,491//96,16,frontier_addition;inactive,1//1,875//96,0//1,875//96,1,complete-enumeration:32
1023,L0,0//1,2975//256,17;19;21;23;25;27;29;31,base_1;frontier_addition;inactive|base_1;base_2;frontier_addition;inactive|base_1;base_3;frontier_addition;inactive|base_1;base_2;base_3;frontier_addition;inactive|base_1;closure_carrier;frontier_addition;inactive|base_1;base_2;closure_carrier;frontier_addition;inactive|base_1;base_3;closure_carrier;frontier_addition;inactive|base_1;base_2;base_3;closure_carrier;frontier_addition;inactive,3//1;5//1;6//1;7//1;8//1;10//1,2975//256,0//1,2975//256,8,complete-enumeration:32
1023,L025,1//4,2783//256,17,base_1;frontier_addition;inactive,3//1,2975//256,0//1,2975//256,1,complete-enumeration:32
1023,L050,1//2,2591//256,17,base_1;frontier_addition;inactive,3//1,2975//256,0//1,2975//256,1,complete-enumeration:32
1023,L100,1//1,6757//768,16,frontier_addition;inactive,1//1,7525//768,0//1,7525//768,1,complete-enumeration:32
1023,L200,2//1,5989//768,16,frontier_addition;inactive,1//1,7525//768,0//1,7525//768,1,complete-enumeration:32
1023,L400,4//1,4453//768,16,frontier_addition;inactive,1//1,7525//768,0//1,7525//768,1,complete-enumeration:32
1024,L0,0//1,743//48,17;19;21;23;25;27;29;31,base_1;frontier_addition;inactive|base_1;base_2;frontier_addition;inactive|base_1;base_3;frontier_addition;inactive|base_1;base_2;base_3;frontier_addition;inactive|base_1;closure_carrier;frontier_addition;inactive|base_1;base_2;closure_carrier;frontier_addition;inactive|base_1;base_3;closure_carrier;frontier_addition;inactive|base_1;base_2;base_3;closure_carrier;frontier_addition;inactive,3//1;5//1;7//1;9//1,9275//768,871//256,743//48,8,complete-enumeration:32
1024,L025,1//4,707//48,17,base_1;frontier_addition;inactive,3//1,9275//768,871//256,743//48,1,complete-enumeration:32
1024,L050,1//2,172885//12288,1,base_1;inactive,2//1,8575//768,15991//4096,185173//12288,1,complete-enumeration:32
1024,L100,1//1,160597//12288,1,base_1;inactive,2//1,8575//768,15991//4096,185173//12288,1,complete-enumeration:32
1024,L200,2//1,136021//12288,1,base_1;inactive,2//1,8575//768,15991//4096,185173//12288,1,complete-enumeration:32
1024,L400,4//1,86869//12288,1,base_1;inactive,2//1,8575//768,15991//4096,185173//12288,1,complete-enumeration:32
