trial_id,project_id,corner,requirements,duration,operates_during_research,available,cost,admission_probability,candidate_law
1,project_1,L00,bridge,1,true,false,1//2,3//4,descendant_1:1//1
1,project_1,L01,bridge,1,true,true,1//2,3//4,descendant_1:1//1
1,project_1,L10,bridge,1,true,false,1//2,3//4,descendant_1:1//1
1,project_1,L11,bridge,1,true,true,1//2,3//4,descendant_1:1//1
1,project_2,L00,bridge,1,true,false,1//2,3//4,descendant_1:1//1
1,project_2,L01,bridge,1,true,true,1//2,3//4,descendant_1:1//1
1,project_2,L10,bridge,1,true,false,1//2,3//4,descendant_1:1//1
1,project_2,L11,bridge,1,true,true,1//2,3//4,descendant_1:1//1
2,project_1,L00,expansion,1,true,false,2//1,3//4,descendant_1:1//1
2,project_1,L01,expansion,1,true,true,2//1,3//4,descendant_1:1//1
2,project_1,L10,expansion,1,true,false,2//1,3//4,descendant_1:1//1
2,project_1,L11,expansion,1,true,true,2//1,3//4,descendant_1:1//1
2,project_2,L00,expansion,1,true,false,2//1,3//4,descendant_1:1//1
2,project_2,L01,expansion,1,true,true,2//1,3//4,descendant_1:1//1
2,project_2,L10,expansion,1,true,false,2//1,3//4,descendant_1:1//1
2,project_2,L11,expansion,1,true,true,2//1,3//4,descendant_1:1//1
3,project_1,L00,expansion,3,true,false,1//2,3//4,descendant_1:1//1
3,project_1,L01,expansion,3,true,true,1//2,3//4,descendant_1:1//1
3,project_1,L10,expansion,3,true,false,1//2,3//4,descendant_1:1//1
3,project_1,L11,expansion,3,true,true,1//2,3//4,descendant_1:1//1
3,project_2,L00,expansion,3,true,false,1//2,3//4,descendant_1:1//1
3,project_2,L01,expansion,3,true,true,1//2,3//4,descendant_1:1//1
3,project_2,L10,expansion,3,true,false,1//2,3//4,descendant_1:1//1
3,project_2,L11,expansion,3,true,true,1//2,3//4,descendant_1:1//1
4,project_1,L00,bridge,3,true,false,1//2,1//4,descendant_1:1//1
4,project_1,L01,bridge,3,true,true,1//2,1//4,descendant_1:1//1
4,project_1,L10,bridge,3,true,false,1//2,1//4,descendant_1:1//1
4,project_1,L11,bridge,3,true,true,1//2,1//4,descendant_1:1//1
4,project_2,L00,bridge,3,true,false,1//2,1//4,descendant_1:1//1
4,project_2,L01,bridge,3,true,true,1//2,1//4,descendant_1:1//1
4,project_2,L10,bridge,3,true,false,1//2,1//4,descendant_1:1//1
4,project_2,L11,bridge,3,true,true,1//2,1//4,descendant_1:1//1
5,project_1,L00,bridge,3,true,false,2//1,3//4,descendant_1:1//1
5,project_1,L01,bridge,3,true,true,2//1,3//4,descendant_1:1//1
5,project_1,L10,bridge,3,true,false,2//1,3//4,descendant_1:1//1
5,project_1,L11,bridge,3,true,true,2//1,3//4,descendant_1:1//1
5,project_2,L00,bridge,3,true,false,2//1,3//4,descendant_1:1//1
5,project_2,L01,bridge,3,true,true,2//1,3//4,descendant_1:1//1
5,project_2,L10,bridge,3,true,false,2//1,3//4,descendant_1:1//1
5,project_2,L11,bridge,3,true,true,2//1,3//4,descendant_1:1//1
6,project_1,L00,expansion,3,true,false,2//1,3//4,descendant_1:1//1
6,project_1,L01,expansion,3,true,true,2//1,3//4,descendant_1:1//1
6,project_1,L10,expansion,3,true,false,2//1,3//4,descendant_1:1//1
6,project_1,L11,expansion,3,true,true,2//1,3//4,descendant_1:1//1
6,project_2,L00,expansion,3,true,false,2//1,3//4,descendant_1:1//1
6,project_2,L01,expansion,3,true,true,2//1,3//4,descendant_1:1//1
6,project_2,L10,expansion,3,true,false,2//1,3//4,descendant_1:1//1
6,project_2,L11,expansion,3,true,true,2//1,3//4,descendant_1:1//1
7,project_1,L00,bridge,3,true,false,2//1,3//4,descendant_1:1//1
7,project_1,L01,bridge,3,true,true,2//1,3//4,descendant_1:1//1
7,project_1,L10,bridge,3,true,false,2//1,3//4,descendant_1:1//1
7,project_1,L11,bridge,3,true,true,2//1,3//4,descendant_1:1//1
7,project_2,L00,bridge,3,true,false,2//1,3//4,descendant_1:1//1
7,project_2,L01,bridge,3,true,true,2//1,3//4,descendant_1:1//1
7,project_2,L10,bridge,3,true,false,2//1,3//4,descendant_1:1//1
7,project_2,L11,bridge,3,true,true,2//1,3//4,descendant_1:1//1
8,project_1,L00,expansion,3,true,false,1//2,3//4,descendant_1:1//1
8,project_1,L01,expansion,3,true,true,1//2,3//4,descendant_1:1//1
8,project_1,L10,expansion,3,true,false,1//2,3//4,descendant_1:1//1
8,project_1,L11,expansion,3,true,true,1//2,3//4,descendant_1:1//1
8,project_2,L00,expansion,3,true,false,1//2,3//4,descendant_1:1//1
8,project_2,L01,expansion,3,true,true,1//2,3//4,descendant_1:1//1
8,project_2,L10,expansion,3,true,false,1//2,3//4,descendant_1:1//1
8,project_2,L11,expansion,3,true,true,1//2,3//4,descendant_1:1//1
9,project_1,L00,bridge,1,true,false,2//1,1//4,descendant_1:1//1
9,project_1,L01,bridge,1,true,true,2//1,1//4,descendant_1:1//1
9,project_1,L10,bridge,1,true,false,2//1,1//4,descendant_1:1//1
9,project_1,L11,bridge,1,true,true,2//1,1//4,descendant_1:1//1
9,project_2,L00,bridge,1,true,false,2//1,1//4,descendant_1:1//1
9,project_2,L01,bridge,1,true,true,2//1,1//4,descendant_1:1//1
9,project_2,L10,bridge,1,true,false,2//1,1//4,descendant_1:1//1
9,project_2,L11,bridge,1,true,true,2//1,1//4,descendant_1:1//1
10,project_1,L00,expansion,1,true,false,2//1,3//4,descendant_1:1//1
10,project_1,L01,expansion,1,true,true,2//1,3//4,descendant_1:1//1
10,project_1,L10,expansion,1,true,false,2//1,3//4,descendant_1:1//1
10,project_1,L11,expansion,1,true,true,2//1,3//4,descendant_1:1//1
10,project_2,L00,expansion,1,true,false,2//1,3//4,descendant_1:1//1
10,project_2,L01,expansion,1,true,true,2//1,3//4,descendant_1:1//1
10,project_2,L10,expansion,1,true,false,2//1,3//4,descendant_1:1//1
10,project_2,L11,expansion,1,true,true,2//1,3//4,descendant_1:1//1
11,project_1,L00,bridge,1,true,false,2//1,3//4,descendant_1:1//1
11,project_1,L01,bridge,1,true,true,2//1,3//4,descendant_1:1//1
11,project_1,L10,bridge,1,true,false,2//1,3//4,descendant_1:1//1
11,project_1,L11,bridge,1,true,true,2//1,3//4,descendant_1:1//1
11,project_2,L00,bridge,1,true,false,2//1,3//4,descendant_1:1//1
11,project_2,L01,bridge,1,true,true,2//1,3//4,descendant_1:1//1
11,project_2,L10,bridge,1,true,false,2//1,3//4,descendant_1:1//1
11,project_2,L11,bridge,1,true,true,2//1,3//4,descendant_1:1//1
12,project_1,L00,expansion,1,true,false,1//2,1//4,descendant_1:1//1
12,project_1,L01,expansion,1,true,true,1//2,1//4,descendant_1:1//1
12,project_1,L10,expansion,1,true,false,1//2,1//4,descendant_1:1//1
12,project_1,L11,expansion,1,true,true,1//2,1//4,descendant_1:1//1
12,project_2,L00,expansion,1,true,false,1//2,1//4,descendant_1:1//1
12,project_2,L01,expansion,1,true,true,1//2,1//4,descendant_1:1//1
12,project_2,L10,expansion,1,true,false,1//2,1//4,descendant_1:1//1
12,project_2,L11,expansion,1,true,true,1//2,1//4,descendant_1:1//1
13,project_1,L00,expansion,1,true,false,2//1,1//4,descendant_1:1//1
13,project_1,L01,expansion,1,true,true,2//1,1//4,descendant_1:1//1
13,project_1,L10,expansion,1,true,false,2//1,1//4,descendant_1:1//1
13,project_1,L11,expansion,1,true,true,2//1,1//4,descendant_1:1//1
13,project_2,L00,expansion,1,true,false,2//1,1//4,descendant_1:1//1
13,project_2,L01,expansion,1,true,true,2//1,1//4,descendant_1:1//1
13,project_2,L10,expansion,1,true,false,2//1,1//4,descendant_1:1//1
13,project_2,L11,expansion,1,true,true,2//1,1//4,descendant_1:1//1
14,project_1,L00,expansion,3,true,false,1//2,3//4,descendant_1:1//1
14,project_1,L01,expansion,3,true,true,1//2,3//4,descendant_1:1//1
14,project_1,L10,expansion,3,true,false,1//2,3//4,descendant_1:1//1
14,project_1,L11,expansion,3,true,true,1//2,3//4,descendant_1:1//1
14,project_2,L00,expansion,3,true,false,1//2,3//4,descendant_1:1//1
14,project_2,L01,expansion,3,true,true,1//2,3//4,descendant_1:1//1
14,project_2,L10,expansion,3,true,false,1//2,3//4,descendant_1:1//1
14,project_2,L11,expansion,3,true,true,1//2,3//4,descendant_1:1//1
15,project_1,L00,bridge,1,true,false,1//2,3//4,descendant_1:1//1
15,project_1,L01,bridge,1,true,true,1//2,3//4,descendant_1:1//1
15,project_1,L10,bridge,1,true,false,1//2,3//4,descendant_1:1//1
15,project_1,L11,bridge,1,true,true,1//2,3//4,descendant_1:1//1
15,project_2,L00,bridge,1,true,false,1//2,3//4,descendant_1:1//1
15,project_2,L01,bridge,1,true,true,1//2,3//4,descendant_1:1//1
15,project_2,L10,bridge,1,true,false,1//2,3//4,descendant_1:1//1
15,project_2,L11,bridge,1,true,true,1//2,3//4,descendant_1:1//1
16,project_1,L00,bridge,3,true,false,2//1,1//4,descendant_1:1//1
16,project_1,L01,bridge,3,true,true,2//1,1//4,descendant_1:1//1
16,project_1,L10,bridge,3,true,false,2//1,1//4,descendant_1:1//1
16,project_1,L11,bridge,3,true,true,2//1,1//4,descendant_1:1//1
16,project_2,L00,bridge,3,true,false,2//1,1//4,descendant_1:1//1
16,project_2,L01,bridge,3,true,true,2//1,1//4,descendant_1:1//1
16,project_2,L10,bridge,3,true,false,2//1,1//4,descendant_1:1//1
16,project_2,L11,bridge,3,true,true,2//1,1//4,descendant_1:1//1
17,project_1,L00,bridge,3,true,false,1//2,3//4,descendant_1:1//1
17,project_1,L01,bridge,3,true,true,1//2,3//4,descendant_1:1//1
17,project_1,L10,bridge,3,true,false,1//2,3//4,descendant_1:1//1
17,project_1,L11,bridge,3,true,true,1//2,3//4,descendant_1:1//1
17,project_2,L00,bridge,3,true,false,1//2,3//4,descendant_1:1//1
17,project_2,L01,bridge,3,true,true,1//2,3//4,descendant_1:1//1
17,project_2,L10,bridge,3,true,false,1//2,3//4,descendant_1:1//1
17,project_2,L11,bridge,3,true,true,1//2,3//4,descendant_1:1//1
18,project_1,L00,expansion,1,true,false,1//2,1//4,descendant_1:1//1
18,project_1,L01,expansion,1,true,true,1//2,1//4,descendant_1:1//1
18,project_1,L10,expansion,1,true,false,1//2,1//4,descendant_1:1//1
18,project_1,L11,expansion,1,true,true,1//2,1//4,descendant_1:1//1
18,project_2,L00,expansion,1,true,false,1//2,1//4,descendant_1:1//1
18,project_2,L01,expansion,1,true,true,1//2,1//4,descendant_1:1//1
18,project_2,L10,expansion,1,true,false,1//2,1//4,descendant_1:1//1
18,project_2,L11,expansion,1,true,true,1//2,1//4,descendant_1:1//1
19,project_1,L00,expansion,1,true,false,2//1,1//4,descendant_1:1//1
19,project_1,L01,expansion,1,true,true,2//1,1//4,descendant_1:1//1
19,project_1,L10,expansion,1,true,false,2//1,1//4,descendant_1:1//1
19,project_1,L11,expansion,1,true,true,2//1,1//4,descendant_1:1//1
19,project_2,L00,expansion,1,true,false,2//1,1//4,descendant_1:1//1
19,project_2,L01,expansion,1,true,true,2//1,1//4,descendant_1:1//1
19,project_2,L10,expansion,1,true,false,2//1,1//4,descendant_1:1//1
19,project_2,L11,expansion,1,true,true,2//1,1//4,descendant_1:1//1
20,project_1,L00,bridge,1,true,false,2//1,3//4,descendant_1:1//1
20,project_1,L01,bridge,1,true,true,2//1,3//4,descendant_1:1//1
20,project_1,L10,bridge,1,true,false,2//1,3//4,descendant_1:1//1
20,project_1,L11,bridge,1,true,true,2//1,3//4,descendant_1:1//1
20,project_2,L00,bridge,1,true,false,2//1,3//4,descendant_1:1//1
20,project_2,L01,bridge,1,true,true,2//1,3//4,descendant_1:1//1
20,project_2,L10,bridge,1,true,false,2//1,3//4,descendant_1:1//1
20,project_2,L11,bridge,1,true,true,2//1,3//4,descendant_1:1//1
21,project_1,L00,expansion,3,true,false,2//1,1//4,descendant_1:1//1
21,project_1,L01,expansion,3,true,true,2//1,1//4,descendant_1:1//1
21,project_1,L10,expansion,3,true,false,2//1,1//4,descendant_1:1//1
21,project_1,L11,expansion,3,true,true,2//1,1//4,descendant_1:1//1
21,project_2,L00,expansion,3,true,false,2//1,1//4,descendant_1:1//1
21,project_2,L01,expansion,3,true,true,2//1,1//4,descendant_1:1//1
21,project_2,L10,expansion,3,true,false,2//1,1//4,descendant_1:1//1
21,project_2,L11,expansion,3,true,true,2//1,1//4,descendant_1:1//1
22,project_1,L00,expansion,1,true,false,2//1,1//4,descendant_1:1//1
22,project_1,L01,expansion,1,true,true,2//1,1//4,descendant_1:1//1
22,project_1,L10,expansion,1,true,false,2//1,1//4,descendant_1:1//1
22,project_1,L11,expansion,1,true,true,2//1,1//4,descendant_1:1//1
22,project_2,L00,expansion,1,true,false,2//1,1//4,descendant_1:1//1
22,project_2,L01,expansion,1,true,true,2//1,1//4,descendant_1:1//1
22,project_2,L10,expansion,1,true,false,2//1,1//4,descendant_1:1//1
22,project_2,L11,expansion,1,true,true,2//1,1//4,descendant_1:1//1
23,project_1,L00,expansion,3,true,false,1//2,1//4,descendant_1:1//1
23,project_1,L01,expansion,3,true,true,1//2,1//4,descendant_1:1//1
23,project_1,L10,expansion,3,true,false,1//2,1//4,descendant_1:1//1
23,project_1,L11,expansion,3,true,true,1//2,1//4,descendant_1:1//1
23,project_2,L00,expansion,3,true,false,1//2,1//4,descendant_1:1//1
23,project_2,L01,expansion,3,true,true,1//2,1//4,descendant_1:1//1
23,project_2,L10,expansion,3,true,false,1//2,1//4,descendant_1:1//1
23,project_2,L11,expansion,3,true,true,1//2,1//4,descendant_1:1//1
24,project_1,L00,bridge,1,true,false,1//2,1//4,descendant_1:1//1
24,project_1,L01,bridge,1,true,true,1//2,1//4,descendant_1:1//1
24,project_1,L10,bridge,1,true,false,1//2,1//4,descendant_1:1//1
24,project_1,L11,bridge,1,true,true,1//2,1//4,descendant_1:1//1
24,project_2,L00,bridge,1,true,false,1//2,1//4,descendant_1:1//1
24,project_2,L01,bridge,1,true,true,1//2,1//4,descendant_1:1//1
24,project_2,L10,bridge,1,true,false,1//2,1//4,descendant_1:1//1
24,project_2,L11,bridge,1,true,true,1//2,1//4,descendant_1:1//1
25,project_1,L00,expansion,1,true,false,1//2,1//4,descendant_1:1//1
25,project_1,L01,expansion,1,true,true,1//2,1//4,descendant_1:1//1
25,project_1,L10,expansion,1,true,false,1//2,1//4,descendant_1:1//1
25,project_1,L11,expansion,1,true,true,1//2,1//4,descendant_1:1//1
25,project_2,L00,expansion,1,true,false,1//2,1//4,descendant_1:1//1
25,project_2,L01,expansion,1,true,true,1//2,1//4,descendant_1:1//1
25,project_2,L10,expansion,1,true,false,1//2,1//4,descendant_1:1//1
25,project_2,L11,expansion,1,true,true,1//2,1//4,descendant_1:1//1
26,project_1,L00,expansion,1,true,false,1//2,1//4,descendant_1:1//1
26,project_1,L01,expansion,1,true,true,1//2,1//4,descendant_1:1//1
26,project_1,L10,expansion,1,true,false,1//2,1//4,descendant_1:1//1
26,project_1,L11,expansion,1,true,true,1//2,1//4,descendant_1:1//1
26,project_2,L00,expansion,1,true,false,1//2,1//4,descendant_1:1//1
26,project_2,L01,expansion,1,true,true,1//2,1//4,descendant_1:1//1
26,project_2,L10,expansion,1,true,false,1//2,1//4,descendant_1:1//1
26,project_2,L11,expansion,1,true,true,1//2,1//4,descendant_1:1//1
27,project_1,L00,bridge,3,true,false,1//2,3//4,descendant_1:1//1
27,project_1,L01,bridge,3,true,true,1//2,3//4,descendant_1:1//1
27,project_1,L10,bridge,3,true,false,1//2,3//4,descendant_1:1//1
27,project_1,L11,bridge,3,true,true,1//2,3//4,descendant_1:1//1
27,project_2,L00,bridge,3,true,false,1//2,3//4,descendant_1:1//1
27,project_2,L01,bridge,3,true,true,1//2,3//4,descendant_1:1//1
27,project_2,L10,bridge,3,true,false,1//2,3//4,descendant_1:1//1
27,project_2,L11,bridge,3,true,true,1//2,3//4,descendant_1:1//1
28,project_1,L00,bridge,3,true,false,1//2,1//4,descendant_1:1//1
28,project_1,L01,bridge,3,true,true,1//2,1//4,descendant_1:1//1
28,project_1,L10,bridge,3,true,false,1//2,1//4,descendant_1:1//1
28,project_1,L11,bridge,3,true,true,1//2,1//4,descendant_1:1//1
28,project_2,L00,bridge,3,true,false,1//2,1//4,descendant_1:1//1
28,project_2,L01,bridge,3,true,true,1//2,1//4,descendant_1:1//1
28,project_2,L10,bridge,3,true,false,1//2,1//4,descendant_1:1//1
28,project_2,L11,bridge,3,true,true,1//2,1//4,descendant_1:1//1
29,project_1,L00,expansion,3,true,false,2//1,1//4,descendant_1:1//1
29,project_1,L01,expansion,3,true,true,2//1,1//4,descendant_1:1//1
29,project_1,L10,expansion,3,true,false,2//1,1//4,descendant_1:1//1
29,project_1,L11,expansion,3,true,true,2//1,1//4,descendant_1:1//1
29,project_2,L00,expansion,3,true,false,2//1,1//4,descendant_1:1//1
29,project_2,L01,expansion,3,true,true,2//1,1//4,descendant_1:1//1
29,project_2,L10,expansion,3,true,false,2//1,1//4,descendant_1:1//1
29,project_2,L11,expansion,3,true,true,2//1,1//4,descendant_1:1//1
30,project_1,L00,expansion,1,true,false,1//2,3//4,descendant_1:1//1
30,project_1,L01,expansion,1,true,true,1//2,3//4,descendant_1:1//1
30,project_1,L10,expansion,1,true,false,1//2,3//4,descendant_1:1//1
30,project_1,L11,expansion,1,true,true,1//2,3//4,descendant_1:1//1
30,project_2,L00,expansion,1,true,false,1//2,3//4,descendant_1:1//1
30,project_2,L01,expansion,1,true,true,1//2,3//4,descendant_1:1//1
30,project_2,L10,expansion,1,true,false,1//2,3//4,descendant_1:1//1
30,project_2,L11,expansion,1,true,true,1//2,3//4,descendant_1:1//1
31,project_1,L00,bridge,1,true,false,1//2,3//4,descendant_1:1//1
31,project_1,L01,bridge,1,true,true,1//2,3//4,descendant_1:1//1
31,project_1,L10,bridge,1,true,false,1//2,3//4,descendant_1:1//1
31,project_1,L11,bridge,1,true,true,1//2,3//4,descendant_1:1//1
31,project_2,L00,bridge,1,true,false,1//2,3//4,descendant_1:1//1
31,project_2,L01,bridge,1,true,true,1//2,3//4,descendant_1:1//1
31,project_2,L10,bridge,1,true,false,1//2,3//4,descendant_1:1//1
31,project_2,L11,bridge,1,true,true,1//2,3//4,descendant_1:1//1
32,project_1,L00,expansion,1,true,false,2//1,1//4,descendant_1:1//1
32,project_1,L01,expansion,1,true,true,2//1,1//4,descendant_1:1//1
32,project_1,L10,expansion,1,true,false,2//1,1//4,descendant_1:1//1
32,project_1,L11,expansion,1,true,true,2//1,1//4,descendant_1:1//1
32,project_2,L00,expansion,1,true,false,2//1,1//4,descendant_1:1//1
32,project_2,L01,expansion,1,true,true,2//1,1//4,descendant_1:1//1
32,project_2,L10,expansion,1,true,false,2//1,1//4,descendant_1:1//1
32,project_2,L11,expansion,1,true,true,2//1,1//4,descendant_1:1//1
33,project_1,L00,bridge,1,true,false,2//1,1//4,descendant_1:1//1
33,project_1,L01,bridge,1,true,true,2//1,1//4,descendant_1:1//1
33,project_1,L10,bridge,1,true,false,2//1,1//4,descendant_1:1//1
33,project_1,L11,bridge,1,true,true,2//1,1//4,descendant_1:1//1
33,project_2,L00,bridge,1,true,false,2//1,1//4,descendant_1:1//1
33,project_2,L01,bridge,1,true,true,2//1,1//4,descendant_1:1//1
33,project_2,L10,bridge,1,true,false,2//1,1//4,descendant_1:1//1
33,project_2,L11,bridge,1,true,true,2//1,1//4,descendant_1:1//1
34,project_1,L00,bridge,1,true,false,2//1,3//4,descendant_1:1//1
34,project_1,L01,bridge,1,true,true,2//1,3//4,descendant_1:1//1
34,project_1,L10,bridge,1,true,false,2//1,3//4,descendant_1:1//1
34,project_1,L11,bridge,1,true,true,2//1,3//4,descendant_1:1//1
34,project_2,L00,bridge,1,true,false,2//1,3//4,descendant_1:1//1
34,project_2,L01,bridge,1,true,true,2//1,3//4,descendant_1:1//1
34,project_2,L10,bridge,1,true,false,2//1,3//4,descendant_1:1//1
34,project_2,L11,bridge,1,true,true,2//1,3//4,descendant_1:1//1
35,project_1,L00,expansion,3,true,false,1//2,1//4,descendant_1:1//1
35,project_1,L01,expansion,3,true,true,1//2,1//4,descendant_1:1//1
35,project_1,L10,expansion,3,true,false,1//2,1//4,descendant_1:1//1
35,project_1,L11,expansion,3,true,true,1//2,1//4,descendant_1:1//1
35,project_2,L00,expansion,3,true,false,1//2,1//4,descendant_1:1//1
35,project_2,L01,expansion,3,true,true,1//2,1//4,descendant_1:1//1
35,project_2,L10,expansion,3,true,false,1//2,1//4,descendant_1:1//1
35,project_2,L11,expansion,3,true,true,1//2,1//4,descendant_1:1//1
36,project_1,L00,expansion,3,true,false,1//2,1//4,descendant_1:1//1
36,project_1,L01,expansion,3,true,true,1//2,1//4,descendant_1:1//1
36,project_1,L10,expansion,3,true,false,1//2,1//4,descendant_1:1//1
36,project_1,L11,expansion,3,true,true,1//2,1//4,descendant_1:1//1
36,project_2,L00,expansion,3,true,false,1//2,1//4,descendant_1:1//1
36,project_2,L01,expansion,3,true,true,1//2,1//4,descendant_1:1//1
36,project_2,L10,expansion,3,true,false,1//2,1//4,descendant_1:1//1
36,project_2,L11,expansion,3,true,true,1//2,1//4,descendant_1:1//1
37,project_1,L00,bridge,3,true,false,2//1,3//4,descendant_1:1//1
37,project_1,L01,bridge,3,true,true,2//1,3//4,descendant_1:1//1
37,project_1,L10,bridge,3,true,false,2//1,3//4,descendant_1:1//1
37,project_1,L11,bridge,3,true,true,2//1,3//4,descendant_1:1//1
37,project_2,L00,bridge,3,true,false,2//1,3//4,descendant_1:1//1
37,project_2,L01,bridge,3,true,true,2//1,3//4,descendant_1:1//1
37,project_2,L10,bridge,3,true,false,2//1,3//4,descendant_1:1//1
37,project_2,L11,bridge,3,true,true,2//1,3//4,descendant_1:1//1
38,project_1,L00,expansion,3,true,false,2//1,3//4,descendant_1:1//1
38,project_1,L01,expansion,3,true,true,2//1,3//4,descendant_1:1//1
38,project_1,L10,expansion,3,true,false,2//1,3//4,descendant_1:1//1
38,project_1,L11,expansion,3,true,true,2//1,3//4,descendant_1:1//1
38,project_2,L00,expansion,3,true,false,2//1,3//4,descendant_1:1//1
38,project_2,L01,expansion,3,true,true,2//1,3//4,descendant_1:1//1
38,project_2,L10,expansion,3,true,false,2//1,3//4,descendant_1:1//1
38,project_2,L11,expansion,3,true,true,2//1,3//4,descendant_1:1//1
39,project_1,L00,bridge,1,true,false,2//1,1//4,descendant_1:1//1
39,project_1,L01,bridge,1,true,true,2//1,1//4,descendant_1:1//1
39,project_1,L10,bridge,1,true,false,2//1,1//4,descendant_1:1//1
39,project_1,L11,bridge,1,true,true,2//1,1//4,descendant_1:1//1
39,project_2,L00,bridge,1,true,false,2//1,1//4,descendant_1:1//1
39,project_2,L01,bridge,1,true,true,2//1,1//4,descendant_1:1//1
39,project_2,L10,bridge,1,true,false,2//1,1//4,descendant_1:1//1
39,project_2,L11,bridge,1,true,true,2//1,1//4,descendant_1:1//1
40,project_1,L00,bridge,1,true,false,1//2,3//4,descendant_1:1//1
40,project_1,L01,bridge,1,true,true,1//2,3//4,descendant_1:1//1
40,project_1,L10,bridge,1,true,false,1//2,3//4,descendant_1:1//1
40,project_1,L11,bridge,1,true,true,1//2,3//4,descendant_1:1//1
40,project_2,L00,bridge,1,true,false,1//2,3//4,descendant_1:1//1
40,project_2,L01,bridge,1,true,true,1//2,3//4,descendant_1:1//1
40,project_2,L10,bridge,1,true,false,1//2,3//4,descendant_1:1//1
40,project_2,L11,bridge,1,true,true,1//2,3//4,descendant_1:1//1
41,project_1,L00,expansion,3,true,false,2//1,1//4,descendant_1:1//1
41,project_1,L01,expansion,3,true,true,2//1,1//4,descendant_1:1//1
41,project_1,L10,expansion,3,true,false,2//1,1//4,descendant_1:1//1
41,project_1,L11,expansion,3,true,true,2//1,1//4,descendant_1:1//1
41,project_2,L00,expansion,3,true,false,2//1,1//4,descendant_1:1//1
41,project_2,L01,expansion,3,true,true,2//1,1//4,descendant_1:1//1
41,project_2,L10,expansion,3,true,false,2//1,1//4,descendant_1:1//1
41,project_2,L11,expansion,3,true,true,2//1,1//4,descendant_1:1//1
42,project_1,L00,bridge,1,true,false,1//2,1//4,descendant_1:1//1
42,project_1,L01,bridge,1,true,true,1//2,1//4,descendant_1:1//1
42,project_1,L10,bridge,1,true,false,1//2,1//4,descendant_1:1//1
42,project_1,L11,bridge,1,true,true,1//2,1//4,descendant_1:1//1
42,project_2,L00,bridge,1,true,false,1//2,1//4,descendant_1:1//1
42,project_2,L01,bridge,1,true,true,1//2,1//4,descendant_1:1//1
42,project_2,L10,bridge,1,true,false,1//2,1//4,descendant_1:1//1
42,project_2,L11,bridge,1,true,true,1//2,1//4,descendant_1:1//1
43,project_1,L00,expansion,1,true,false,1//2,1//4,descendant_1:1//1
43,project_1,L01,expansion,1,true,true,1//2,1//4,descendant_1:1//1
43,project_1,L10,expansion,1,true,false,1//2,1//4,descendant_1:1//1
43,project_1,L11,expansion,1,true,true,1//2,1//4,descendant_1:1//1
43,project_2,L00,expansion,1,true,false,1//2,1//4,descendant_1:1//1
43,project_2,L01,expansion,1,true,true,1//2,1//4,descendant_1:1//1
43,project_2,L10,expansion,1,true,false,1//2,1//4,descendant_1:1//1
43,project_2,L11,expansion,1,true,true,1//2,1//4,descendant_1:1//1
44,project_1,L00,bridge,1,true,false,2//1,3//4,descendant_1:1//1
44,project_1,L01,bridge,1,true,true,2//1,3//4,descendant_1:1//1
44,project_1,L10,bridge,1,true,false,2//1,3//4,descendant_1:1//1
44,project_1,L11,bridge,1,true,true,2//1,3//4,descendant_1:1//1
44,project_2,L00,bridge,1,true,false,2//1,3//4,descendant_1:1//1
44,project_2,L01,bridge,1,true,true,2//1,3//4,descendant_1:1//1
44,project_2,L10,bridge,1,true,false,2//1,3//4,descendant_1:1//1
44,project_2,L11,bridge,1,true,true,2//1,3//4,descendant_1:1//1
45,project_1,L00,bridge,1,true,false,1//2,3//4,descendant_1:1//1
45,project_1,L01,bridge,1,true,true,1//2,3//4,descendant_1:1//1
45,project_1,L10,bridge,1,true,false,1//2,3//4,descendant_1:1//1
45,project_1,L11,bridge,1,true,true,1//2,3//4,descendant_1:1//1
45,project_2,L00,bridge,1,true,false,1//2,3//4,descendant_1:1//1
45,project_2,L01,bridge,1,true,true,1//2,3//4,descendant_1:1//1
45,project_2,L10,bridge,1,true,false,1//2,3//4,descendant_1:1//1
45,project_2,L11,bridge,1,true,true,1//2,3//4,descendant_1:1//1
46,project_1,L00,bridge,1,true,false,1//2,1//4,descendant_1:1//1
46,project_1,L01,bridge,1,true,true,1//2,1//4,descendant_1:1//1
46,project_1,L10,bridge,1,true,false,1//2,1//4,descendant_1:1//1
46,project_1,L11,bridge,1,true,true,1//2,1//4,descendant_1:1//1
46,project_2,L00,bridge,1,true,false,1//2,1//4,descendant_1:1//1
46,project_2,L01,bridge,1,true,true,1//2,1//4,descendant_1:1//1
46,project_2,L10,bridge,1,true,false,1//2,1//4,descendant_1:1//1
46,project_2,L11,bridge,1,true,true,1//2,1//4,descendant_1:1//1
47,project_1,L00,expansion,1,true,false,1//2,1//4,descendant_1:1//1
47,project_1,L01,expansion,1,true,true,1//2,1//4,descendant_1:1//1
47,project_1,L10,expansion,1,true,false,1//2,1//4,descendant_1:1//1
47,project_1,L11,expansion,1,true,true,1//2,1//4,descendant_1:1//1
47,project_2,L00,expansion,1,true,false,1//2,1//4,descendant_1:1//1
47,project_2,L01,expansion,1,true,true,1//2,1//4,descendant_1:1//1
47,project_2,L10,expansion,1,true,false,1//2,1//4,descendant_1:1//1
47,project_2,L11,expansion,1,true,true,1//2,1//4,descendant_1:1//1
48,project_1,L00,expansion,3,true,false,2//1,1//4,descendant_1:1//1
48,project_1,L01,expansion,3,true,true,2//1,1//4,descendant_1:1//1
48,project_1,L10,expansion,3,true,false,2//1,1//4,descendant_1:1//1
48,project_1,L11,expansion,3,true,true,2//1,1//4,descendant_1:1//1
48,project_2,L00,expansion,3,true,false,2//1,1//4,descendant_1:1//1
48,project_2,L01,expansion,3,true,true,2//1,1//4,descendant_1:1//1
48,project_2,L10,expansion,3,true,false,2//1,1//4,descendant_1:1//1
48,project_2,L11,expansion,3,true,true,2//1,1//4,descendant_1:1//1
49,project_1,L00,expansion,3,true,false,2//1,1//4,descendant_1:1//1
49,project_1,L01,expansion,3,true,true,2//1,1//4,descendant_1:1//1
49,project_1,L10,expansion,3,true,false,2//1,1//4,descendant_1:1//1
49,project_1,L11,expansion,3,true,true,2//1,1//4,descendant_1:1//1
49,project_2,L00,expansion,3,true,false,2//1,1//4,descendant_1:1//1
49,project_2,L01,expansion,3,true,true,2//1,1//4,descendant_1:1//1
49,project_2,L10,expansion,3,true,false,2//1,1//4,descendant_1:1//1
49,project_2,L11,expansion,3,true,true,2//1,1//4,descendant_1:1//1
50,project_1,L00,bridge,1,true,false,1//2,1//4,descendant_1:1//1
50,project_1,L01,bridge,1,true,true,1//2,1//4,descendant_1:1//1
50,project_1,L10,bridge,1,true,false,1//2,1//4,descendant_1:1//1
50,project_1,L11,bridge,1,true,true,1//2,1//4,descendant_1:1//1
50,project_2,L00,bridge,1,true,false,1//2,1//4,descendant_1:1//1
50,project_2,L01,bridge,1,true,true,1//2,1//4,descendant_1:1//1
50,project_2,L10,bridge,1,true,false,1//2,1//4,descendant_1:1//1
50,project_2,L11,bridge,1,true,true,1//2,1//4,descendant_1:1//1
51,project_1,L00,expansion,3,true,false,2//1,1//4,descendant_1:1//1
51,project_1,L01,expansion,3,true,true,2//1,1//4,descendant_1:1//1
51,project_1,L10,expansion,3,true,false,2//1,1//4,descendant_1:1//1
51,project_1,L11,expansion,3,true,true,2//1,1//4,descendant_1:1//1
51,project_2,L00,expansion,3,true,false,2//1,1//4,descendant_1:1//1
51,project_2,L01,expansion,3,true,true,2//1,1//4,descendant_1:1//1
51,project_2,L10,expansion,3,true,false,2//1,1//4,descendant_1:1//1
51,project_2,L11,expansion,3,true,true,2//1,1//4,descendant_1:1//1
52,project_1,L00,expansion,3,true,false,1//2,1//4,descendant_1:1//1
52,project_1,L01,expansion,3,true,true,1//2,1//4,descendant_1:1//1
52,project_1,L10,expansion,3,true,false,1//2,1//4,descendant_1:1//1
52,project_1,L11,expansion,3,true,true,1//2,1//4,descendant_1:1//1
52,project_2,L00,expansion,3,true,false,1//2,1//4,descendant_1:1//1
52,project_2,L01,expansion,3,true,true,1//2,1//4,descendant_1:1//1
52,project_2,L10,expansion,3,true,false,1//2,1//4,descendant_1:1//1
52,project_2,L11,expansion,3,true,true,1//2,1//4,descendant_1:1//1
53,project_1,L00,bridge,3,true,false,2//1,1//4,descendant_1:1//1
53,project_1,L01,bridge,3,true,true,2//1,1//4,descendant_1:1//1
53,project_1,L10,bridge,3,true,false,2//1,1//4,descendant_1:1//1
53,project_1,L11,bridge,3,true,true,2//1,1//4,descendant_1:1//1
53,project_2,L00,bridge,3,true,false,2//1,1//4,descendant_1:1//1
53,project_2,L01,bridge,3,true,true,2//1,1//4,descendant_1:1//1
53,project_2,L10,bridge,3,true,false,2//1,1//4,descendant_1:1//1
53,project_2,L11,bridge,3,true,true,2//1,1//4,descendant_1:1//1
54,project_1,L00,expansion,1,true,false,2//1,3//4,descendant_1:1//1
54,project_1,L01,expansion,1,true,true,2//1,3//4,descendant_1:1//1
54,project_1,L10,expansion,1,true,false,2//1,3//4,descendant_1:1//1
54,project_1,L11,expansion,1,true,true,2//1,3//4,descendant_1:1//1
54,project_2,L00,expansion,1,true,false,2//1,3//4,descendant_1:1//1
54,project_2,L01,expansion,1,true,true,2//1,3//4,descendant_1:1//1
54,project_2,L10,expansion,1,true,false,2//1,3//4,descendant_1:1//1
54,project_2,L11,expansion,1,true,true,2//1,3//4,descendant_1:1//1
55,project_1,L00,bridge,1,true,false,2//1,3//4,descendant_1:1//1
55,project_1,L01,bridge,1,true,true,2//1,3//4,descendant_1:1//1
55,project_1,L10,bridge,1,true,false,2//1,3//4,descendant_1:1//1
55,project_1,L11,bridge,1,true,true,2//1,3//4,descendant_1:1//1
55,project_2,L00,bridge,1,true,false,2//1,3//4,descendant_1:1//1
55,project_2,L01,bridge,1,true,true,2//1,3//4,descendant_1:1//1
55,project_2,L10,bridge,1,true,false,2//1,3//4,descendant_1:1//1
55,project_2,L11,bridge,1,true,true,2//1,3//4,descendant_1:1//1
56,project_1,L00,bridge,1,true,false,1//2,3//4,descendant_1:1//1
56,project_1,L01,bridge,1,true,true,1//2,3//4,descendant_1:1//1
56,project_1,L10,bridge,1,true,false,1//2,3//4,descendant_1:1//1
56,project_1,L11,bridge,1,true,true,1//2,3//4,descendant_1:1//1
56,project_2,L00,bridge,1,true,false,1//2,3//4,descendant_1:1//1
56,project_2,L01,bridge,1,true,true,1//2,3//4,descendant_1:1//1
56,project_2,L10,bridge,1,true,false,1//2,3//4,descendant_1:1//1
56,project_2,L11,bridge,1,true,true,1//2,3//4,descendant_1:1//1
57,project_1,L00,expansion,1,true,false,1//2,3//4,descendant_1:1//1
57,project_1,L01,expansion,1,true,true,1//2,3//4,descendant_1:1//1
57,project_1,L10,expansion,1,true,false,1//2,3//4,descendant_1:1//1
57,project_1,L11,expansion,1,true,true,1//2,3//4,descendant_1:1//1
57,project_2,L00,expansion,1,true,false,1//2,3//4,descendant_1:1//1
57,project_2,L01,expansion,1,true,true,1//2,3//4,descendant_1:1//1
57,project_2,L10,expansion,1,true,false,1//2,3//4,descendant_1:1//1
57,project_2,L11,expansion,1,true,true,1//2,3//4,descendant_1:1//1
58,project_1,L00,bridge,1,true,false,1//2,3//4,descendant_1:1//1
58,project_1,L01,bridge,1,true,true,1//2,3//4,descendant_1:1//1
58,project_1,L10,bridge,1,true,false,1//2,3//4,descendant_1:1//1
58,project_1,L11,bridge,1,true,true,1//2,3//4,descendant_1:1//1
58,project_2,L00,bridge,1,true,false,1//2,3//4,descendant_1:1//1
58,project_2,L01,bridge,1,true,true,1//2,3//4,descendant_1:1//1
58,project_2,L10,bridge,1,true,false,1//2,3//4,descendant_1:1//1
58,project_2,L11,bridge,1,true,true,1//2,3//4,descendant_1:1//1
59,project_1,L00,expansion,1,true,false,2//1,1//4,descendant_1:1//1
59,project_1,L01,expansion,1,true,true,2//1,1//4,descendant_1:1//1
59,project_1,L10,expansion,1,true,false,2//1,1//4,descendant_1:1//1
59,project_1,L11,expansion,1,true,true,2//1,1//4,descendant_1:1//1
59,project_2,L00,expansion,1,true,false,2//1,1//4,descendant_1:1//1
59,project_2,L01,expansion,1,true,true,2//1,1//4,descendant_1:1//1
59,project_2,L10,expansion,1,true,false,2//1,1//4,descendant_1:1//1
59,project_2,L11,expansion,1,true,true,2//1,1//4,descendant_1:1//1
60,project_1,L00,bridge,3,true,false,1//2,1//4,descendant_1:1//1
60,project_1,L01,bridge,3,true,true,1//2,1//4,descendant_1:1//1
60,project_1,L10,bridge,3,true,false,1//2,1//4,descendant_1:1//1
60,project_1,L11,bridge,3,true,true,1//2,1//4,descendant_1:1//1
60,project_2,L00,bridge,3,true,false,1//2,1//4,descendant_1:1//1
60,project_2,L01,bridge,3,true,true,1//2,1//4,descendant_1:1//1
60,project_2,L10,bridge,3,true,false,1//2,1//4,descendant_1:1//1
60,project_2,L11,bridge,3,true,true,1//2,1//4,descendant_1:1//1
61,project_1,L00,expansion,3,true,false,2//1,3//4,descendant_1:1//1
61,project_1,L01,expansion,3,true,true,2//1,3//4,descendant_1:1//1
61,project_1,L10,expansion,3,true,false,2//1,3//4,descendant_1:1//1
61,project_1,L11,expansion,3,true,true,2//1,3//4,descendant_1:1//1
61,project_2,L00,expansion,3,true,false,2//1,3//4,descendant_1:1//1
61,project_2,L01,expansion,3,true,true,2//1,3//4,descendant_1:1//1
61,project_2,L10,expansion,3,true,false,2//1,3//4,descendant_1:1//1
61,project_2,L11,expansion,3,true,true,2//1,3//4,descendant_1:1//1
62,project_1,L00,bridge,1,true,false,2//1,3//4,descendant_1:1//1
62,project_1,L01,bridge,1,true,true,2//1,3//4,descendant_1:1//1
62,project_1,L10,bridge,1,true,false,2//1,3//4,descendant_1:1//1
62,project_1,L11,bridge,1,true,true,2//1,3//4,descendant_1:1//1
62,project_2,L00,bridge,1,true,false,2//1,3//4,descendant_1:1//1
62,project_2,L01,bridge,1,true,true,2//1,3//4,descendant_1:1//1
62,project_2,L10,bridge,1,true,false,2//1,3//4,descendant_1:1//1
62,project_2,L11,bridge,1,true,true,2//1,3//4,descendant_1:1//1
63,project_1,L00,expansion,1,true,false,1//2,3//4,descendant_1:1//1
63,project_1,L01,expansion,1,true,true,1//2,3//4,descendant_1:1//1
63,project_1,L10,expansion,1,true,false,1//2,3//4,descendant_1:1//1
63,project_1,L11,expansion,1,true,true,1//2,3//4,descendant_1:1//1
63,project_2,L00,expansion,1,true,false,1//2,3//4,descendant_1:1//1
63,project_2,L01,expansion,1,true,true,1//2,3//4,descendant_1:1//1
63,project_2,L10,expansion,1,true,false,1//2,3//4,descendant_1:1//1
63,project_2,L11,expansion,1,true,true,1//2,3//4,descendant_1:1//1
64,project_1,L00,bridge,3,true,false,1//2,3//4,descendant_1:1//1
64,project_1,L01,bridge,3,true,true,1//2,3//4,descendant_1:1//1
64,project_1,L10,bridge,3,true,false,1//2,3//4,descendant_1:1//1
64,project_1,L11,bridge,3,true,true,1//2,3//4,descendant_1:1//1
64,project_2,L00,bridge,3,true,false,1//2,3//4,descendant_1:1//1
64,project_2,L01,bridge,3,true,true,1//2,3//4,descendant_1:1//1
64,project_2,L10,bridge,3,true,false,1//2,3//4,descendant_1:1//1
64,project_2,L11,bridge,3,true,true,1//2,3//4,descendant_1:1//1
65,project_1,L00,bridge,3,true,false,1//2,1//4,descendant_1:1//1
65,project_1,L01,bridge,3,true,true,1//2,1//4,descendant_1:1//1
65,project_1,L10,bridge,3,true,false,1//2,1//4,descendant_1:1//1
65,project_1,L11,bridge,3,true,true,1//2,1//4,descendant_1:1//1
65,project_2,L00,bridge,3,true,false,1//2,1//4,descendant_1:1//1
65,project_2,L01,bridge,3,true,true,1//2,1//4,descendant_1:1//1
65,project_2,L10,bridge,3,true,false,1//2,1//4,descendant_1:1//1
65,project_2,L11,bridge,3,true,true,1//2,1//4,descendant_1:1//1
66,project_1,L00,expansion,1,true,false,2//1,1//4,descendant_1:1//1
66,project_1,L01,expansion,1,true,true,2//1,1//4,descendant_1:1//1
66,project_1,L10,expansion,1,true,false,2//1,1//4,descendant_1:1//1
66,project_1,L11,expansion,1,true,true,2//1,1//4,descendant_1:1//1
66,project_2,L00,expansion,1,true,false,2//1,1//4,descendant_1:1//1
66,project_2,L01,expansion,1,true,true,2//1,1//4,descendant_1:1//1
66,project_2,L10,expansion,1,true,false,2//1,1//4,descendant_1:1//1
66,project_2,L11,expansion,1,true,true,2//1,1//4,descendant_1:1//1
67,project_1,L00,bridge,3,true,false,1//2,1//4,descendant_1:1//1
67,project_1,L01,bridge,3,true,true,1//2,1//4,descendant_1:1//1
67,project_1,L10,bridge,3,true,false,1//2,1//4,descendant_1:1//1
67,project_1,L11,bridge,3,true,true,1//2,1//4,descendant_1:1//1
67,project_2,L00,bridge,3,true,false,1//2,1//4,descendant_1:1//1
67,project_2,L01,bridge,3,true,true,1//2,1//4,descendant_1:1//1
67,project_2,L10,bridge,3,true,false,1//2,1//4,descendant_1:1//1
67,project_2,L11,bridge,3,true,true,1//2,1//4,descendant_1:1//1
68,project_1,L00,expansion,3,true,false,2//1,3//4,descendant_1:1//1
68,project_1,L01,expansion,3,true,true,2//1,3//4,descendant_1:1//1
68,project_1,L10,expansion,3,true,false,2//1,3//4,descendant_1:1//1
68,project_1,L11,expansion,3,true,true,2//1,3//4,descendant_1:1//1
68,project_2,L00,expansion,3,true,false,2//1,3//4,descendant_1:1//1
68,project_2,L01,expansion,3,true,true,2//1,3//4,descendant_1:1//1
68,project_2,L10,expansion,3,true,false,2//1,3//4,descendant_1:1//1
68,project_2,L11,expansion,3,true,true,2//1,3//4,descendant_1:1//1
69,project_1,L00,bridge,3,true,false,2//1,3//4,descendant_1:1//1
69,project_1,L01,bridge,3,true,true,2//1,3//4,descendant_1:1//1
69,project_1,L10,bridge,3,true,false,2//1,3//4,descendant_1:1//1
69,project_1,L11,bridge,3,true,true,2//1,3//4,descendant_1:1//1
69,project_2,L00,bridge,3,true,false,2//1,3//4,descendant_1:1//1
69,project_2,L01,bridge,3,true,true,2//1,3//4,descendant_1:1//1
69,project_2,L10,bridge,3,true,false,2//1,3//4,descendant_1:1//1
69,project_2,L11,bridge,3,true,true,2//1,3//4,descendant_1:1//1
70,project_1,L00,bridge,3,true,false,2//1,1//4,descendant_1:1//1
70,project_1,L01,bridge,3,true,true,2//1,1//4,descendant_1:1//1
70,project_1,L10,bridge,3,true,false,2//1,1//4,descendant_1:1//1
70,project_1,L11,bridge,3,true,true,2//1,1//4,descendant_1:1//1
70,project_2,L00,bridge,3,true,false,2//1,1//4,descendant_1:1//1
70,project_2,L01,bridge,3,true,true,2//1,1//4,descendant_1:1//1
70,project_2,L10,bridge,3,true,false,2//1,1//4,descendant_1:1//1
70,project_2,L11,bridge,3,true,true,2//1,1//4,descendant_1:1//1
71,project_1,L00,expansion,1,true,false,1//2,3//4,descendant_1:1//1
71,project_1,L01,expansion,1,true,true,1//2,3//4,descendant_1:1//1
71,project_1,L10,expansion,1,true,false,1//2,3//4,descendant_1:1//1
71,project_1,L11,expansion,1,true,true,1//2,3//4,descendant_1:1//1
71,project_2,L00,expansion,1,true,false,1//2,3//4,descendant_1:1//1
71,project_2,L01,expansion,1,true,true,1//2,3//4,descendant_1:1//1
71,project_2,L10,expansion,1,true,false,1//2,3//4,descendant_1:1//1
71,project_2,L11,expansion,1,true,true,1//2,3//4,descendant_1:1//1
72,project_1,L00,expansion,3,true,false,1//2,1//4,descendant_1:1//1
72,project_1,L01,expansion,3,true,true,1//2,1//4,descendant_1:1//1
72,project_1,L10,expansion,3,true,false,1//2,1//4,descendant_1:1//1
72,project_1,L11,expansion,3,true,true,1//2,1//4,descendant_1:1//1
72,project_2,L00,expansion,3,true,false,1//2,1//4,descendant_1:1//1
72,project_2,L01,expansion,3,true,true,1//2,1//4,descendant_1:1//1
72,project_2,L10,expansion,3,true,false,1//2,1//4,descendant_1:1//1
72,project_2,L11,expansion,3,true,true,1//2,1//4,descendant_1:1//1
73,project_1,L00,bridge,3,true,false,2//1,3//4,descendant_1:1//1
73,project_1,L01,bridge,3,true,true,2//1,3//4,descendant_1:1//1
73,project_1,L10,bridge,3,true,false,2//1,3//4,descendant_1:1//1
73,project_1,L11,bridge,3,true,true,2//1,3//4,descendant_1:1//1
73,project_2,L00,bridge,3,true,false,2//1,3//4,descendant_1:1//1
73,project_2,L01,bridge,3,true,true,2//1,3//4,descendant_1:1//1
73,project_2,L10,bridge,3,true,false,2//1,3//4,descendant_1:1//1
73,project_2,L11,bridge,3,true,true,2//1,3//4,descendant_1:1//1
74,project_1,L00,expansion,3,true,false,1//2,3//4,descendant_1:1//1
74,project_1,L01,expansion,3,true,true,1//2,3//4,descendant_1:1//1
74,project_1,L10,expansion,3,true,false,1//2,3//4,descendant_1:1//1
74,project_1,L11,expansion,3,true,true,1//2,3//4,descendant_1:1//1
74,project_2,L00,expansion,3,true,false,1//2,3//4,descendant_1:1//1
74,project_2,L01,expansion,3,true,true,1//2,3//4,descendant_1:1//1
74,project_2,L10,expansion,3,true,false,1//2,3//4,descendant_1:1//1
74,project_2,L11,expansion,3,true,true,1//2,3//4,descendant_1:1//1
75,project_1,L00,bridge,3,true,false,2//1,1//4,descendant_1:1//1
75,project_1,L01,bridge,3,true,true,2//1,1//4,descendant_1:1//1
75,project_1,L10,bridge,3,true,false,2//1,1//4,descendant_1:1//1
75,project_1,L11,bridge,3,true,true,2//1,1//4,descendant_1:1//1
75,project_2,L00,bridge,3,true,false,2//1,1//4,descendant_1:1//1
75,project_2,L01,bridge,3,true,true,2//1,1//4,descendant_1:1//1
75,project_2,L10,bridge,3,true,false,2//1,1//4,descendant_1:1//1
75,project_2,L11,bridge,3,true,true,2//1,1//4,descendant_1:1//1
76,project_1,L00,expansion,3,true,false,1//2,1//4,descendant_1:1//1
76,project_1,L01,expansion,3,true,true,1//2,1//4,descendant_1:1//1
76,project_1,L10,expansion,3,true,false,1//2,1//4,descendant_1:1//1
76,project_1,L11,expansion,3,true,true,1//2,1//4,descendant_1:1//1
76,project_2,L00,expansion,3,true,false,1//2,1//4,descendant_1:1//1
76,project_2,L01,expansion,3,true,true,1//2,1//4,descendant_1:1//1
76,project_2,L10,expansion,3,true,false,1//2,1//4,descendant_1:1//1
76,project_2,L11,expansion,3,true,true,1//2,1//4,descendant_1:1//1
77,project_1,L00,bridge,1,true,false,1//2,1//4,descendant_1:1//1
77,project_1,L01,bridge,1,true,true,1//2,1//4,descendant_1:1//1
77,project_1,L10,bridge,1,true,false,1//2,1//4,descendant_1:1//1
77,project_1,L11,bridge,1,true,true,1//2,1//4,descendant_1:1//1
77,project_2,L00,bridge,1,true,false,1//2,1//4,descendant_1:1//1
77,project_2,L01,bridge,1,true,true,1//2,1//4,descendant_1:1//1
77,project_2,L10,bridge,1,true,false,1//2,1//4,descendant_1:1//1
77,project_2,L11,bridge,1,true,true,1//2,1//4,descendant_1:1//1
78,project_1,L00,expansion,3,true,false,2//1,1//4,descendant_1:1//1
78,project_1,L01,expansion,3,true,true,2//1,1//4,descendant_1:1//1
78,project_1,L10,expansion,3,true,false,2//1,1//4,descendant_1:1//1
78,project_1,L11,expansion,3,true,true,2//1,1//4,descendant_1:1//1
78,project_2,L00,expansion,3,true,false,2//1,1//4,descendant_1:1//1
78,project_2,L01,expansion,3,true,true,2//1,1//4,descendant_1:1//1
78,project_2,L10,expansion,3,true,false,2//1,1//4,descendant_1:1//1
78,project_2,L11,expansion,3,true,true,2//1,1//4,descendant_1:1//1
79,project_1,L00,bridge,3,true,false,2//1,3//4,descendant_1:1//1
79,project_1,L01,bridge,3,true,true,2//1,3//4,descendant_1:1//1
79,project_1,L10,bridge,3,true,false,2//1,3//4,descendant_1:1//1
79,project_1,L11,bridge,3,true,true,2//1,3//4,descendant_1:1//1
79,project_2,L00,bridge,3,true,false,2//1,3//4,descendant_1:1//1
79,project_2,L01,bridge,3,true,true,2//1,3//4,descendant_1:1//1
79,project_2,L10,bridge,3,true,false,2//1,3//4,descendant_1:1//1
79,project_2,L11,bridge,3,true,true,2//1,3//4,descendant_1:1//1
80,project_1,L00,bridge,1,true,false,2//1,3//4,descendant_1:1//1
80,project_1,L01,bridge,1,true,true,2//1,3//4,descendant_1:1//1
80,project_1,L10,bridge,1,true,false,2//1,3//4,descendant_1:1//1
80,project_1,L11,bridge,1,true,true,2//1,3//4,descendant_1:1//1
80,project_2,L00,bridge,1,true,false,2//1,3//4,descendant_1:1//1
80,project_2,L01,bridge,1,true,true,2//1,3//4,descendant_1:1//1
80,project_2,L10,bridge,1,true,false,2//1,3//4,descendant_1:1//1
80,project_2,L11,bridge,1,true,true,2//1,3//4,descendant_1:1//1
81,project_1,L00,expansion,3,true,false,1//2,3//4,descendant_1:1//1
81,project_1,L01,expansion,3,true,true,1//2,3//4,descendant_1:1//1
81,project_1,L10,expansion,3,true,false,1//2,3//4,descendant_1:1//1
81,project_1,L11,expansion,3,true,true,1//2,3//4,descendant_1:1//1
81,project_2,L00,expansion,3,true,false,1//2,3//4,descendant_1:1//1
81,project_2,L01,expansion,3,true,true,1//2,3//4,descendant_1:1//1
81,project_2,L10,expansion,3,true,false,1//2,3//4,descendant_1:1//1
81,project_2,L11,expansion,3,true,true,1//2,3//4,descendant_1:1//1
82,project_1,L00,expansion,3,true,false,1//2,3//4,descendant_1:1//1
82,project_1,L01,expansion,3,true,true,1//2,3//4,descendant_1:1//1
82,project_1,L10,expansion,3,true,false,1//2,3//4,descendant_1:1//1
82,project_1,L11,expansion,3,true,true,1//2,3//4,descendant_1:1//1
82,project_2,L00,expansion,3,true,false,1//2,3//4,descendant_1:1//1
82,project_2,L01,expansion,3,true,true,1//2,3//4,descendant_1:1//1
82,project_2,L10,expansion,3,true,false,1//2,3//4,descendant_1:1//1
82,project_2,L11,expansion,3,true,true,1//2,3//4,descendant_1:1//1
83,project_1,L00,expansion,1,true,false,1//2,3//4,descendant_1:1//1
83,project_1,L01,expansion,1,true,true,1//2,3//4,descendant_1:1//1
83,project_1,L10,expansion,1,true,false,1//2,3//4,descendant_1:1//1
83,project_1,L11,expansion,1,true,true,1//2,3//4,descendant_1:1//1
83,project_2,L00,expansion,1,true,false,1//2,3//4,descendant_1:1//1
83,project_2,L01,expansion,1,true,true,1//2,3//4,descendant_1:1//1
83,project_2,L10,expansion,1,true,false,1//2,3//4,descendant_1:1//1
83,project_2,L11,expansion,1,true,true,1//2,3//4,descendant_1:1//1
84,project_1,L00,bridge,3,true,false,1//2,3//4,descendant_1:1//1
84,project_1,L01,bridge,3,true,true,1//2,3//4,descendant_1:1//1
84,project_1,L10,bridge,3,true,false,1//2,3//4,descendant_1:1//1
84,project_1,L11,bridge,3,true,true,1//2,3//4,descendant_1:1//1
84,project_2,L00,bridge,3,true,false,1//2,3//4,descendant_1:1//1
84,project_2,L01,bridge,3,true,true,1//2,3//4,descendant_1:1//1
84,project_2,L10,bridge,3,true,false,1//2,3//4,descendant_1:1//1
84,project_2,L11,bridge,3,true,true,1//2,3//4,descendant_1:1//1
85,project_1,L00,bridge,3,true,false,2//1,3//4,descendant_1:1//1
85,project_1,L01,bridge,3,true,true,2//1,3//4,descendant_1:1//1
85,project_1,L10,bridge,3,true,false,2//1,3//4,descendant_1:1//1
85,project_1,L11,bridge,3,true,true,2//1,3//4,descendant_1:1//1
85,project_2,L00,bridge,3,true,false,2//1,3//4,descendant_1:1//1
85,project_2,L01,bridge,3,true,true,2//1,3//4,descendant_1:1//1
85,project_2,L10,bridge,3,true,false,2//1,3//4,descendant_1:1//1
85,project_2,L11,bridge,3,true,true,2//1,3//4,descendant_1:1//1
86,project_1,L00,expansion,1,true,false,1//2,1//4,descendant_1:1//1
86,project_1,L01,expansion,1,true,true,1//2,1//4,descendant_1:1//1
86,project_1,L10,expansion,1,true,false,1//2,1//4,descendant_1:1//1
86,project_1,L11,expansion,1,true,true,1//2,1//4,descendant_1:1//1
86,project_2,L00,expansion,1,true,false,1//2,1//4,descendant_1:1//1
86,project_2,L01,expansion,1,true,true,1//2,1//4,descendant_1:1//1
86,project_2,L10,expansion,1,true,false,1//2,1//4,descendant_1:1//1
86,project_2,L11,expansion,1,true,true,1//2,1//4,descendant_1:1//1
87,project_1,L00,bridge,3,true,false,2//1,1//4,descendant_1:1//1
87,project_1,L01,bridge,3,true,true,2//1,1//4,descendant_1:1//1
87,project_1,L10,bridge,3,true,false,2//1,1//4,descendant_1:1//1
87,project_1,L11,bridge,3,true,true,2//1,1//4,descendant_1:1//1
87,project_2,L00,bridge,3,true,false,2//1,1//4,descendant_1:1//1
87,project_2,L01,bridge,3,true,true,2//1,1//4,descendant_1:1//1
87,project_2,L10,bridge,3,true,false,2//1,1//4,descendant_1:1//1
87,project_2,L11,bridge,3,true,true,2//1,1//4,descendant_1:1//1
88,project_1,L00,bridge,1,true,false,2//1,1//4,descendant_1:1//1
88,project_1,L01,bridge,1,true,true,2//1,1//4,descendant_1:1//1
88,project_1,L10,bridge,1,true,false,2//1,1//4,descendant_1:1//1
88,project_1,L11,bridge,1,true,true,2//1,1//4,descendant_1:1//1
88,project_2,L00,bridge,1,true,false,2//1,1//4,descendant_1:1//1
88,project_2,L01,bridge,1,true,true,2//1,1//4,descendant_1:1//1
88,project_2,L10,bridge,1,true,false,2//1,1//4,descendant_1:1//1
88,project_2,L11,bridge,1,true,true,2//1,1//4,descendant_1:1//1
89,project_1,L00,bridge,1,true,false,2//1,1//4,descendant_1:1//1
89,project_1,L01,bridge,1,true,true,2//1,1//4,descendant_1:1//1
89,project_1,L10,bridge,1,true,false,2//1,1//4,descendant_1:1//1
89,project_1,L11,bridge,1,true,true,2//1,1//4,descendant_1:1//1
89,project_2,L00,bridge,1,true,false,2//1,1//4,descendant_1:1//1
89,project_2,L01,bridge,1,true,true,2//1,1//4,descendant_1:1//1
89,project_2,L10,bridge,1,true,false,2//1,1//4,descendant_1:1//1
89,project_2,L11,bridge,1,true,true,2//1,1//4,descendant_1:1//1
90,project_1,L00,expansion,1,true,false,2//1,1//4,descendant_1:1//1
90,project_1,L01,expansion,1,true,true,2//1,1//4,descendant_1:1//1
90,project_1,L10,expansion,1,true,false,2//1,1//4,descendant_1:1//1
90,project_1,L11,expansion,1,true,true,2//1,1//4,descendant_1:1//1
90,project_2,L00,expansion,1,true,false,2//1,1//4,descendant_1:1//1
90,project_2,L01,expansion,1,true,true,2//1,1//4,descendant_1:1//1
90,project_2,L10,expansion,1,true,false,2//1,1//4,descendant_1:1//1
90,project_2,L11,expansion,1,true,true,2//1,1//4,descendant_1:1//1
91,project_1,L00,bridge,3,true,false,2//1,1//4,descendant_1:1//1
91,project_1,L01,bridge,3,true,true,2//1,1//4,descendant_1:1//1
91,project_1,L10,bridge,3,true,false,2//1,1//4,descendant_1:1//1
91,project_1,L11,bridge,3,true,true,2//1,1//4,descendant_1:1//1
91,project_2,L00,bridge,3,true,false,2//1,1//4,descendant_1:1//1
91,project_2,L01,bridge,3,true,true,2//1,1//4,descendant_1:1//1
91,project_2,L10,bridge,3,true,false,2//1,1//4,descendant_1:1//1
91,project_2,L11,bridge,3,true,true,2//1,1//4,descendant_1:1//1
92,project_1,L00,expansion,1,true,false,2//1,1//4,descendant_1:1//1
92,project_1,L01,expansion,1,true,true,2//1,1//4,descendant_1:1//1
92,project_1,L10,expansion,1,true,false,2//1,1//4,descendant_1:1//1
92,project_1,L11,expansion,1,true,true,2//1,1//4,descendant_1:1//1
92,project_2,L00,expansion,1,true,false,2//1,1//4,descendant_1:1//1
92,project_2,L01,expansion,1,true,true,2//1,1//4,descendant_1:1//1
92,project_2,L10,expansion,1,true,false,2//1,1//4,descendant_1:1//1
92,project_2,L11,expansion,1,true,true,2//1,1//4,descendant_1:1//1
93,project_1,L00,bridge,1,true,false,1//2,1//4,descendant_1:1//1
93,project_1,L01,bridge,1,true,true,1//2,1//4,descendant_1:1//1
93,project_1,L10,bridge,1,true,false,1//2,1//4,descendant_1:1//1
93,project_1,L11,bridge,1,true,true,1//2,1//4,descendant_1:1//1
93,project_2,L00,bridge,1,true,false,1//2,1//4,descendant_1:1//1
93,project_2,L01,bridge,1,true,true,1//2,1//4,descendant_1:1//1
93,project_2,L10,bridge,1,true,false,1//2,1//4,descendant_1:1//1
93,project_2,L11,bridge,1,true,true,1//2,1//4,descendant_1:1//1
94,project_1,L00,bridge,3,true,false,1//2,1//4,descendant_1:1//1
94,project_1,L01,bridge,3,true,true,1//2,1//4,descendant_1:1//1
94,project_1,L10,bridge,3,true,false,1//2,1//4,descendant_1:1//1
94,project_1,L11,bridge,3,true,true,1//2,1//4,descendant_1:1//1
94,project_2,L00,bridge,3,true,false,1//2,1//4,descendant_1:1//1
94,project_2,L01,bridge,3,true,true,1//2,1//4,descendant_1:1//1
94,project_2,L10,bridge,3,true,false,1//2,1//4,descendant_1:1//1
94,project_2,L11,bridge,3,true,true,1//2,1//4,descendant_1:1//1
95,project_1,L00,expansion,1,true,false,1//2,3//4,descendant_1:1//1
95,project_1,L01,expansion,1,true,true,1//2,3//4,descendant_1:1//1
95,project_1,L10,expansion,1,true,false,1//2,3//4,descendant_1:1//1
95,project_1,L11,expansion,1,true,true,1//2,3//4,descendant_1:1//1
95,project_2,L00,expansion,1,true,false,1//2,3//4,descendant_1:1//1
95,project_2,L01,expansion,1,true,true,1//2,3//4,descendant_1:1//1
95,project_2,L10,expansion,1,true,false,1//2,3//4,descendant_1:1//1
95,project_2,L11,expansion,1,true,true,1//2,3//4,descendant_1:1//1
96,project_1,L00,expansion,3,true,false,2//1,3//4,descendant_1:1//1
96,project_1,L01,expansion,3,true,true,2//1,3//4,descendant_1:1//1
96,project_1,L10,expansion,3,true,false,2//1,3//4,descendant_1:1//1
96,project_1,L11,expansion,3,true,true,2//1,3//4,descendant_1:1//1
96,project_2,L00,expansion,3,true,false,2//1,3//4,descendant_1:1//1
96,project_2,L01,expansion,3,true,true,2//1,3//4,descendant_1:1//1
96,project_2,L10,expansion,3,true,false,2//1,3//4,descendant_1:1//1
96,project_2,L11,expansion,3,true,true,2//1,3//4,descendant_1:1//1
97,project_1,L00,bridge,1,true,false,2//1,3//4,descendant_1:1//1
97,project_1,L01,bridge,1,true,true,2//1,3//4,descendant_1:1//1
97,project_1,L10,bridge,1,true,false,2//1,3//4,descendant_1:1//1
97,project_1,L11,bridge,1,true,true,2//1,3//4,descendant_1:1//1
97,project_2,L00,bridge,1,true,false,2//1,3//4,descendant_1:1//1
97,project_2,L01,bridge,1,true,true,2//1,3//4,descendant_1:1//1
97,project_2,L10,bridge,1,true,false,2//1,3//4,descendant_1:1//1
97,project_2,L11,bridge,1,true,true,2//1,3//4,descendant_1:1//1
98,project_1,L00,expansion,3,true,false,2//1,1//4,descendant_1:1//1
98,project_1,L01,expansion,3,true,true,2//1,1//4,descendant_1:1//1
98,project_1,L10,expansion,3,true,false,2//1,1//4,descendant_1:1//1
98,project_1,L11,expansion,3,true,true,2//1,1//4,descendant_1:1//1
98,project_2,L00,expansion,3,true,false,2//1,1//4,descendant_1:1//1
98,project_2,L01,expansion,3,true,true,2//1,1//4,descendant_1:1//1
98,project_2,L10,expansion,3,true,false,2//1,1//4,descendant_1:1//1
98,project_2,L11,expansion,3,true,true,2//1,1//4,descendant_1:1//1
99,project_1,L00,expansion,3,true,false,2//1,3//4,descendant_1:1//1
99,project_1,L01,expansion,3,true,true,2//1,3//4,descendant_1:1//1
99,project_1,L10,expansion,3,true,false,2//1,3//4,descendant_1:1//1
99,project_1,L11,expansion,3,true,true,2//1,3//4,descendant_1:1//1
99,project_2,L00,expansion,3,true,false,2//1,3//4,descendant_1:1//1
99,project_2,L01,expansion,3,true,true,2//1,3//4,descendant_1:1//1
99,project_2,L10,expansion,3,true,false,2//1,3//4,descendant_1:1//1
99,project_2,L11,expansion,3,true,true,2//1,3//4,descendant_1:1//1
100,project_1,L00,bridge,3,true,false,1//2,1//4,descendant_1:1//1
100,project_1,L01,bridge,3,true,true,1//2,1//4,descendant_1:1//1
100,project_1,L10,bridge,3,true,false,1//2,1//4,descendant_1:1//1
100,project_1,L11,bridge,3,true,true,1//2,1//4,descendant_1:1//1
100,project_2,L00,bridge,3,true,false,1//2,1//4,descendant_1:1//1
100,project_2,L01,bridge,3,true,true,1//2,1//4,descendant_1:1//1
100,project_2,L10,bridge,3,true,false,1//2,1//4,descendant_1:1//1
100,project_2,L11,bridge,3,true,true,1//2,1//4,descendant_1:1//1
101,project_1,L00,expansion,1,true,false,1//2,3//4,descendant_1:1//1
101,project_1,L01,expansion,1,true,true,1//2,3//4,descendant_1:1//1
101,project_1,L10,expansion,1,true,false,1//2,3//4,descendant_1:1//1
101,project_1,L11,expansion,1,true,true,1//2,3//4,descendant_1:1//1
101,project_2,L00,expansion,1,true,false,1//2,3//4,descendant_1:1//1
101,project_2,L01,expansion,1,true,true,1//2,3//4,descendant_1:1//1
101,project_2,L10,expansion,1,true,false,1//2,3//4,descendant_1:1//1
101,project_2,L11,expansion,1,true,true,1//2,3//4,descendant_1:1//1
102,project_1,L00,expansion,3,true,false,1//2,3//4,descendant_1:1//1
102,project_1,L01,expansion,3,true,true,1//2,3//4,descendant_1:1//1
102,project_1,L10,expansion,3,true,false,1//2,3//4,descendant_1:1//1
102,project_1,L11,expansion,3,true,true,1//2,3//4,descendant_1:1//1
102,project_2,L00,expansion,3,true,false,1//2,3//4,descendant_1:1//1
102,project_2,L01,expansion,3,true,true,1//2,3//4,descendant_1:1//1
102,project_2,L10,expansion,3,true,false,1//2,3//4,descendant_1:1//1
102,project_2,L11,expansion,3,true,true,1//2,3//4,descendant_1:1//1
103,project_1,L00,bridge,3,true,false,1//2,1//4,descendant_1:1//1
103,project_1,L01,bridge,3,true,true,1//2,1//4,descendant_1:1//1
103,project_1,L10,bridge,3,true,false,1//2,1//4,descendant_1:1//1
103,project_1,L11,bridge,3,true,true,1//2,1//4,descendant_1:1//1
103,project_2,L00,bridge,3,true,false,1//2,1//4,descendant_1:1//1
103,project_2,L01,bridge,3,true,true,1//2,1//4,descendant_1:1//1
103,project_2,L10,bridge,3,true,false,1//2,1//4,descendant_1:1//1
103,project_2,L11,bridge,3,true,true,1//2,1//4,descendant_1:1//1
104,project_1,L00,expansion,1,true,false,2//1,3//4,descendant_1:1//1
104,project_1,L01,expansion,1,true,true,2//1,3//4,descendant_1:1//1
104,project_1,L10,expansion,1,true,false,2//1,3//4,descendant_1:1//1
104,project_1,L11,expansion,1,true,true,2//1,3//4,descendant_1:1//1
104,project_2,L00,expansion,1,true,false,2//1,3//4,descendant_1:1//1
104,project_2,L01,expansion,1,true,true,2//1,3//4,descendant_1:1//1
104,project_2,L10,expansion,1,true,false,2//1,3//4,descendant_1:1//1
104,project_2,L11,expansion,1,true,true,2//1,3//4,descendant_1:1//1
105,project_1,L00,bridge,3,true,false,1//2,3//4,descendant_1:1//1
105,project_1,L01,bridge,3,true,true,1//2,3//4,descendant_1:1//1
105,project_1,L10,bridge,3,true,false,1//2,3//4,descendant_1:1//1
105,project_1,L11,bridge,3,true,true,1//2,3//4,descendant_1:1//1
105,project_2,L00,bridge,3,true,false,1//2,3//4,descendant_1:1//1
105,project_2,L01,bridge,3,true,true,1//2,3//4,descendant_1:1//1
105,project_2,L10,bridge,3,true,false,1//2,3//4,descendant_1:1//1
105,project_2,L11,bridge,3,true,true,1//2,3//4,descendant_1:1//1
106,project_1,L00,bridge,1,true,false,2//1,1//4,descendant_1:1//1
106,project_1,L01,bridge,1,true,true,2//1,1//4,descendant_1:1//1
106,project_1,L10,bridge,1,true,false,2//1,1//4,descendant_1:1//1
106,project_1,L11,bridge,1,true,true,2//1,1//4,descendant_1:1//1
106,project_2,L00,bridge,1,true,false,2//1,1//4,descendant_1:1//1
106,project_2,L01,bridge,1,true,true,2//1,1//4,descendant_1:1//1
106,project_2,L10,bridge,1,true,false,2//1,1//4,descendant_1:1//1
106,project_2,L11,bridge,1,true,true,2//1,1//4,descendant_1:1//1
107,project_1,L00,bridge,1,true,false,2//1,1//4,descendant_1:1//1
107,project_1,L01,bridge,1,true,true,2//1,1//4,descendant_1:1//1
107,project_1,L10,bridge,1,true,false,2//1,1//4,descendant_1:1//1
107,project_1,L11,bridge,1,true,true,2//1,1//4,descendant_1:1//1
107,project_2,L00,bridge,1,true,false,2//1,1//4,descendant_1:1//1
107,project_2,L01,bridge,1,true,true,2//1,1//4,descendant_1:1//1
107,project_2,L10,bridge,1,true,false,2//1,1//4,descendant_1:1//1
107,project_2,L11,bridge,1,true,true,2//1,1//4,descendant_1:1//1
108,project_1,L00,bridge,3,true,false,2//1,1//4,descendant_1:1//1
108,project_1,L01,bridge,3,true,true,2//1,1//4,descendant_1:1//1
108,project_1,L10,bridge,3,true,false,2//1,1//4,descendant_1:1//1
108,project_1,L11,bridge,3,true,true,2//1,1//4,descendant_1:1//1
108,project_2,L00,bridge,3,true,false,2//1,1//4,descendant_1:1//1
108,project_2,L01,bridge,3,true,true,2//1,1//4,descendant_1:1//1
108,project_2,L10,bridge,3,true,false,2//1,1//4,descendant_1:1//1
108,project_2,L11,bridge,3,true,true,2//1,1//4,descendant_1:1//1
109,project_1,L00,expansion,1,true,false,2//1,3//4,descendant_1:1//1
109,project_1,L01,expansion,1,true,true,2//1,3//4,descendant_1:1//1
109,project_1,L10,expansion,1,true,false,2//1,3//4,descendant_1:1//1
109,project_1,L11,expansion,1,true,true,2//1,3//4,descendant_1:1//1
109,project_2,L00,expansion,1,true,false,2//1,3//4,descendant_1:1//1
109,project_2,L01,expansion,1,true,true,2//1,3//4,descendant_1:1//1
109,project_2,L10,expansion,1,true,false,2//1,3//4,descendant_1:1//1
109,project_2,L11,expansion,1,true,true,2//1,3//4,descendant_1:1//1
110,project_1,L00,bridge,3,true,false,1//2,3//4,descendant_1:1//1
110,project_1,L01,bridge,3,true,true,1//2,3//4,descendant_1:1//1
110,project_1,L10,bridge,3,true,false,1//2,3//4,descendant_1:1//1
110,project_1,L11,bridge,3,true,true,1//2,3//4,descendant_1:1//1
110,project_2,L00,bridge,3,true,false,1//2,3//4,descendant_1:1//1
110,project_2,L01,bridge,3,true,true,1//2,3//4,descendant_1:1//1
110,project_2,L10,bridge,3,true,false,1//2,3//4,descendant_1:1//1
110,project_2,L11,bridge,3,true,true,1//2,3//4,descendant_1:1//1
111,project_1,L00,bridge,3,true,false,1//2,3//4,descendant_1:1//1
111,project_1,L01,bridge,3,true,true,1//2,3//4,descendant_1:1//1
111,project_1,L10,bridge,3,true,false,1//2,3//4,descendant_1:1//1
111,project_1,L11,bridge,3,true,true,1//2,3//4,descendant_1:1//1
111,project_2,L00,bridge,3,true,false,1//2,3//4,descendant_1:1//1
111,project_2,L01,bridge,3,true,true,1//2,3//4,descendant_1:1//1
111,project_2,L10,bridge,3,true,false,1//2,3//4,descendant_1:1//1
111,project_2,L11,bridge,3,true,true,1//2,3//4,descendant_1:1//1
112,project_1,L00,expansion,1,true,false,1//2,1//4,descendant_1:1//1
112,project_1,L01,expansion,1,true,true,1//2,1//4,descendant_1:1//1
112,project_1,L10,expansion,1,true,false,1//2,1//4,descendant_1:1//1
112,project_1,L11,expansion,1,true,true,1//2,1//4,descendant_1:1//1
112,project_2,L00,expansion,1,true,false,1//2,1//4,descendant_1:1//1
112,project_2,L01,expansion,1,true,true,1//2,1//4,descendant_1:1//1
112,project_2,L10,expansion,1,true,false,1//2,1//4,descendant_1:1//1
112,project_2,L11,expansion,1,true,true,1//2,1//4,descendant_1:1//1
113,project_1,L00,bridge,1,true,false,1//2,3//4,descendant_1:1//1
113,project_1,L01,bridge,1,true,true,1//2,3//4,descendant_1:1//1
113,project_1,L10,bridge,1,true,false,1//2,3//4,descendant_1:1//1
113,project_1,L11,bridge,1,true,true,1//2,3//4,descendant_1:1//1
113,project_2,L00,bridge,1,true,false,1//2,3//4,descendant_1:1//1
113,project_2,L01,bridge,1,true,true,1//2,3//4,descendant_1:1//1
113,project_2,L10,bridge,1,true,false,1//2,3//4,descendant_1:1//1
113,project_2,L11,bridge,1,true,true,1//2,3//4,descendant_1:1//1
114,project_1,L00,expansion,1,true,false,2//1,3//4,descendant_1:1//1
114,project_1,L01,expansion,1,true,true,2//1,3//4,descendant_1:1//1
114,project_1,L10,expansion,1,true,false,2//1,3//4,descendant_1:1//1
114,project_1,L11,expansion,1,true,true,2//1,3//4,descendant_1:1//1
114,project_2,L00,expansion,1,true,false,2//1,3//4,descendant_1:1//1
114,project_2,L01,expansion,1,true,true,2//1,3//4,descendant_1:1//1
114,project_2,L10,expansion,1,true,false,2//1,3//4,descendant_1:1//1
114,project_2,L11,expansion,1,true,true,2//1,3//4,descendant_1:1//1
115,project_1,L00,expansion,3,true,false,2//1,3//4,descendant_1:1//1
115,project_1,L01,expansion,3,true,true,2//1,3//4,descendant_1:1//1
115,project_1,L10,expansion,3,true,false,2//1,3//4,descendant_1:1//1
115,project_1,L11,expansion,3,true,true,2//1,3//4,descendant_1:1//1
115,project_2,L00,expansion,3,true,false,2//1,3//4,descendant_1:1//1
115,project_2,L01,expansion,3,true,true,2//1,3//4,descendant_1:1//1
115,project_2,L10,expansion,3,true,false,2//1,3//4,descendant_1:1//1
115,project_2,L11,expansion,3,true,true,2//1,3//4,descendant_1:1//1
116,project_1,L00,bridge,3,true,false,2//1,1//4,descendant_1:1//1
116,project_1,L01,bridge,3,true,true,2//1,1//4,descendant_1:1//1
116,project_1,L10,bridge,3,true,false,2//1,1//4,descendant_1:1//1
116,project_1,L11,bridge,3,true,true,2//1,1//4,descendant_1:1//1
116,project_2,L00,bridge,3,true,false,2//1,1//4,descendant_1:1//1
116,project_2,L01,bridge,3,true,true,2//1,1//4,descendant_1:1//1
116,project_2,L10,bridge,3,true,false,2//1,1//4,descendant_1:1//1
116,project_2,L11,bridge,3,true,true,2//1,1//4,descendant_1:1//1
117,project_1,L00,expansion,3,true,false,1//2,3//4,descendant_1:1//1
117,project_1,L01,expansion,3,true,true,1//2,3//4,descendant_1:1//1
117,project_1,L10,expansion,3,true,false,1//2,3//4,descendant_1:1//1
117,project_1,L11,expansion,3,true,true,1//2,3//4,descendant_1:1//1
117,project_2,L00,expansion,3,true,false,1//2,3//4,descendant_1:1//1
117,project_2,L01,expansion,3,true,true,1//2,3//4,descendant_1:1//1
117,project_2,L10,expansion,3,true,false,1//2,3//4,descendant_1:1//1
117,project_2,L11,expansion,3,true,true,1//2,3//4,descendant_1:1//1
118,project_1,L00,expansion,1,true,false,2//1,3//4,descendant_1:1//1
118,project_1,L01,expansion,1,true,true,2//1,3//4,descendant_1:1//1
118,project_1,L10,expansion,1,true,false,2//1,3//4,descendant_1:1//1
118,project_1,L11,expansion,1,true,true,2//1,3//4,descendant_1:1//1
118,project_2,L00,expansion,1,true,false,2//1,3//4,descendant_1:1//1
118,project_2,L01,expansion,1,true,true,2//1,3//4,descendant_1:1//1
118,project_2,L10,expansion,1,true,false,2//1,3//4,descendant_1:1//1
118,project_2,L11,expansion,1,true,true,2//1,3//4,descendant_1:1//1
119,project_1,L00,expansion,3,true,false,2//1,3//4,descendant_1:1//1
119,project_1,L01,expansion,3,true,true,2//1,3//4,descendant_1:1//1
119,project_1,L10,expansion,3,true,false,2//1,3//4,descendant_1:1//1
119,project_1,L11,expansion,3,true,true,2//1,3//4,descendant_1:1//1
119,project_2,L00,expansion,3,true,false,2//1,3//4,descendant_1:1//1
119,project_2,L01,expansion,3,true,true,2//1,3//4,descendant_1:1//1
119,project_2,L10,expansion,3,true,false,2//1,3//4,descendant_1:1//1
119,project_2,L11,expansion,3,true,true,2//1,3//4,descendant_1:1//1
120,project_1,L00,bridge,3,true,false,2//1,3//4,descendant_1:1//1
120,project_1,L01,bridge,3,true,true,2//1,3//4,descendant_1:1//1
120,project_1,L10,bridge,3,true,false,2//1,3//4,descendant_1:1//1
120,project_1,L11,bridge,3,true,true,2//1,3//4,descendant_1:1//1
120,project_2,L00,bridge,3,true,false,2//1,3//4,descendant_1:1//1
120,project_2,L01,bridge,3,true,true,2//1,3//4,descendant_1:1//1
120,project_2,L10,bridge,3,true,false,2//1,3//4,descendant_1:1//1
120,project_2,L11,bridge,3,true,true,2//1,3//4,descendant_1:1//1
121,project_1,L00,bridge,1,true,false,2//1,1//4,descendant_1:1//1
121,project_1,L01,bridge,1,true,true,2//1,1//4,descendant_1:1//1
121,project_1,L10,bridge,1,true,false,2//1,1//4,descendant_1:1//1
121,project_1,L11,bridge,1,true,true,2//1,1//4,descendant_1:1//1
121,project_2,L00,bridge,1,true,false,2//1,1//4,descendant_1:1//1
121,project_2,L01,bridge,1,true,true,2//1,1//4,descendant_1:1//1
121,project_2,L10,bridge,1,true,false,2//1,1//4,descendant_1:1//1
121,project_2,L11,bridge,1,true,true,2//1,1//4,descendant_1:1//1
122,project_1,L00,expansion,3,true,false,1//2,1//4,descendant_1:1//1
122,project_1,L01,expansion,3,true,true,1//2,1//4,descendant_1:1//1
122,project_1,L10,expansion,3,true,false,1//2,1//4,descendant_1:1//1
122,project_1,L11,expansion,3,true,true,1//2,1//4,descendant_1:1//1
122,project_2,L00,expansion,3,true,false,1//2,1//4,descendant_1:1//1
122,project_2,L01,expansion,3,true,true,1//2,1//4,descendant_1:1//1
122,project_2,L10,expansion,3,true,false,1//2,1//4,descendant_1:1//1
122,project_2,L11,expansion,3,true,true,1//2,1//4,descendant_1:1//1
123,project_1,L00,bridge,1,true,false,1//2,1//4,descendant_1:1//1
123,project_1,L01,bridge,1,true,true,1//2,1//4,descendant_1:1//1
123,project_1,L10,bridge,1,true,false,1//2,1//4,descendant_1:1//1
123,project_1,L11,bridge,1,true,true,1//2,1//4,descendant_1:1//1
123,project_2,L00,bridge,1,true,false,1//2,1//4,descendant_1:1//1
123,project_2,L01,bridge,1,true,true,1//2,1//4,descendant_1:1//1
123,project_2,L10,bridge,1,true,false,1//2,1//4,descendant_1:1//1
123,project_2,L11,bridge,1,true,true,1//2,1//4,descendant_1:1//1
124,project_1,L00,bridge,1,true,false,1//2,1//4,descendant_1:1//1
124,project_1,L01,bridge,1,true,true,1//2,1//4,descendant_1:1//1
124,project_1,L10,bridge,1,true,false,1//2,1//4,descendant_1:1//1
124,project_1,L11,bridge,1,true,true,1//2,1//4,descendant_1:1//1
124,project_2,L00,bridge,1,true,false,1//2,1//4,descendant_1:1//1
124,project_2,L01,bridge,1,true,true,1//2,1//4,descendant_1:1//1
124,project_2,L10,bridge,1,true,false,1//2,1//4,descendant_1:1//1
124,project_2,L11,bridge,1,true,true,1//2,1//4,descendant_1:1//1
125,project_1,L00,expansion,1,true,false,1//2,3//4,descendant_1:1//1
125,project_1,L01,expansion,1,true,true,1//2,3//4,descendant_1:1//1
125,project_1,L10,expansion,1,true,false,1//2,3//4,descendant_1:1//1
125,project_1,L11,expansion,1,true,true,1//2,3//4,descendant_1:1//1
125,project_2,L00,expansion,1,true,false,1//2,3//4,descendant_1:1//1
125,project_2,L01,expansion,1,true,true,1//2,3//4,descendant_1:1//1
125,project_2,L10,expansion,1,true,false,1//2,3//4,descendant_1:1//1
125,project_2,L11,expansion,1,true,true,1//2,3//4,descendant_1:1//1
126,project_1,L00,expansion,1,true,false,2//1,3//4,descendant_1:1//1
126,project_1,L01,expansion,1,true,true,2//1,3//4,descendant_1:1//1
126,project_1,L10,expansion,1,true,false,2//1,3//4,descendant_1:1//1
126,project_1,L11,expansion,1,true,true,2//1,3//4,descendant_1:1//1
126,project_2,L00,expansion,1,true,false,2//1,3//4,descendant_1:1//1
126,project_2,L01,expansion,1,true,true,2//1,3//4,descendant_1:1//1
126,project_2,L10,expansion,1,true,false,2//1,3//4,descendant_1:1//1
126,project_2,L11,expansion,1,true,true,2//1,3//4,descendant_1:1//1
127,project_1,L00,bridge,3,true,false,1//2,3//4,descendant_1:1//1
127,project_1,L01,bridge,3,true,true,1//2,3//4,descendant_1:1//1
127,project_1,L10,bridge,3,true,false,1//2,3//4,descendant_1:1//1
127,project_1,L11,bridge,3,true,true,1//2,3//4,descendant_1:1//1
127,project_2,L00,bridge,3,true,false,1//2,3//4,descendant_1:1//1
127,project_2,L01,bridge,3,true,true,1//2,3//4,descendant_1:1//1
127,project_2,L10,bridge,3,true,false,1//2,3//4,descendant_1:1//1
127,project_2,L11,bridge,3,true,true,1//2,3//4,descendant_1:1//1
128,project_1,L00,expansion,3,true,false,1//2,1//4,descendant_1:1//1
128,project_1,L01,expansion,3,true,true,1//2,1//4,descendant_1:1//1
128,project_1,L10,expansion,3,true,false,1//2,1//4,descendant_1:1//1
128,project_1,L11,expansion,3,true,true,1//2,1//4,descendant_1:1//1
128,project_2,L00,expansion,3,true,false,1//2,1//4,descendant_1:1//1
128,project_2,L01,expansion,3,true,true,1//2,1//4,descendant_1:1//1
128,project_2,L10,expansion,3,true,false,1//2,1//4,descendant_1:1//1
128,project_2,L11,expansion,3,true,true,1//2,1//4,descendant_1:1//1
129,project_1,L00,bridge,1,true,false,1//2,3//4,descendant_1:1//1
129,project_1,L01,bridge,1,true,true,1//2,3//4,descendant_1:1//1
129,project_1,L10,bridge,1,true,false,1//2,3//4,descendant_2:1//1
129,project_1,L11,bridge,1,true,true,1//2,3//4,descendant_2:1//1
129,project_2,L00,bridge,1,true,false,1//2,3//4,descendant_1:1//1
129,project_2,L01,bridge,1,true,true,1//2,3//4,descendant_1:1//1
129,project_2,L10,bridge,1,true,false,1//2,3//4,descendant_2:1//1
129,project_2,L11,bridge,1,true,true,1//2,3//4,descendant_2:1//1
130,project_1,L00,bridge,3,true,false,1//2,1//4,descendant_1:1//1
130,project_1,L01,bridge,3,true,true,1//2,1//4,descendant_1:1//1
130,project_1,L10,bridge,3,true,false,1//2,1//4,descendant_2:1//1
130,project_1,L11,bridge,3,true,true,1//2,1//4,descendant_2:1//1
130,project_2,L00,bridge,3,true,false,1//2,1//4,descendant_1:1//1
130,project_2,L01,bridge,3,true,true,1//2,1//4,descendant_1:1//1
130,project_2,L10,bridge,3,true,false,1//2,1//4,descendant_2:1//1
130,project_2,L11,bridge,3,true,true,1//2,1//4,descendant_2:1//1
131,project_1,L00,bridge,3,true,false,2//1,3//4,descendant_1:1//1
131,project_1,L01,bridge,3,true,true,2//1,3//4,descendant_1:1//1
131,project_1,L10,bridge,3,true,false,2//1,3//4,descendant_2:1//1
131,project_1,L11,bridge,3,true,true,2//1,3//4,descendant_2:1//1
131,project_2,L00,bridge,3,true,false,2//1,3//4,descendant_1:1//1
131,project_2,L01,bridge,3,true,true,2//1,3//4,descendant_1:1//1
131,project_2,L10,bridge,3,true,false,2//1,3//4,descendant_2:1//1
131,project_2,L11,bridge,3,true,true,2//1,3//4,descendant_2:1//1
132,project_1,L00,bridge,1,true,false,2//1,3//4,descendant_1:1//1
132,project_1,L01,bridge,1,true,true,2//1,3//4,descendant_1:1//1
132,project_1,L10,bridge,1,true,false,2//1,3//4,descendant_2:1//1
132,project_1,L11,bridge,1,true,true,2//1,3//4,descendant_2:1//1
132,project_2,L00,bridge,1,true,false,2//1,3//4,descendant_1:1//1
132,project_2,L01,bridge,1,true,true,2//1,3//4,descendant_1:1//1
132,project_2,L10,bridge,1,true,false,2//1,3//4,descendant_2:1//1
132,project_2,L11,bridge,1,true,true,2//1,3//4,descendant_2:1//1
133,project_1,L00,bridge,3,true,false,2//1,3//4,descendant_1:1//1
133,project_1,L01,bridge,3,true,true,2//1,3//4,descendant_1:1//1
133,project_1,L10,bridge,3,true,false,2//1,3//4,descendant_2:1//1
133,project_1,L11,bridge,3,true,true,2//1,3//4,descendant_2:1//1
133,project_2,L00,bridge,3,true,false,2//1,3//4,descendant_1:1//1
133,project_2,L01,bridge,3,true,true,2//1,3//4,descendant_1:1//1
133,project_2,L10,bridge,3,true,false,2//1,3//4,descendant_2:1//1
133,project_2,L11,bridge,3,true,true,2//1,3//4,descendant_2:1//1
134,project_1,L00,expansion,1,true,false,1//2,1//4,descendant_1:1//1
134,project_1,L01,expansion,1,true,true,1//2,1//4,descendant_1:1//1
134,project_1,L10,expansion,1,true,false,1//2,1//4,descendant_2:1//1
134,project_1,L11,expansion,1,true,true,1//2,1//4,descendant_2:1//1
134,project_2,L00,expansion,1,true,false,1//2,1//4,descendant_1:1//1
134,project_2,L01,expansion,1,true,true,1//2,1//4,descendant_1:1//1
134,project_2,L10,expansion,1,true,false,1//2,1//4,descendant_2:1//1
134,project_2,L11,expansion,1,true,true,1//2,1//4,descendant_2:1//1
135,project_1,L00,bridge,1,true,false,2//1,3//4,descendant_1:1//1
135,project_1,L01,bridge,1,true,true,2//1,3//4,descendant_1:1//1
135,project_1,L10,bridge,1,true,false,2//1,3//4,descendant_2:1//1
135,project_1,L11,bridge,1,true,true,2//1,3//4,descendant_2:1//1
135,project_2,L00,bridge,1,true,false,2//1,3//4,descendant_1:1//1
135,project_2,L01,bridge,1,true,true,2//1,3//4,descendant_1:1//1
135,project_2,L10,bridge,1,true,false,2//1,3//4,descendant_2:1//1
135,project_2,L11,bridge,1,true,true,2//1,3//4,descendant_2:1//1
136,project_1,L00,bridge,1,true,false,1//2,3//4,descendant_1:1//1
136,project_1,L01,bridge,1,true,true,1//2,3//4,descendant_1:1//1
136,project_1,L10,bridge,1,true,false,1//2,3//4,descendant_2:1//1
136,project_1,L11,bridge,1,true,true,1//2,3//4,descendant_2:1//1
136,project_2,L00,bridge,1,true,false,1//2,3//4,descendant_1:1//1
136,project_2,L01,bridge,1,true,true,1//2,3//4,descendant_1:1//1
136,project_2,L10,bridge,1,true,false,1//2,3//4,descendant_2:1//1
136,project_2,L11,bridge,1,true,true,1//2,3//4,descendant_2:1//1
137,project_1,L00,expansion,1,true,false,2//1,3//4,descendant_1:1//1
137,project_1,L01,expansion,1,true,true,2//1,3//4,descendant_1:1//1
137,project_1,L10,expansion,1,true,false,2//1,3//4,descendant_2:1//1
137,project_1,L11,expansion,1,true,true,2//1,3//4,descendant_2:1//1
137,project_2,L00,expansion,1,true,false,2//1,3//4,descendant_1:1//1
137,project_2,L01,expansion,1,true,true,2//1,3//4,descendant_1:1//1
137,project_2,L10,expansion,1,true,false,2//1,3//4,descendant_2:1//1
137,project_2,L11,expansion,1,true,true,2//1,3//4,descendant_2:1//1
138,project_1,L00,expansion,3,true,false,1//2,3//4,descendant_1:1//1
138,project_1,L01,expansion,3,true,true,1//2,3//4,descendant_1:1//1
138,project_1,L10,expansion,3,true,false,1//2,3//4,descendant_2:1//1
138,project_1,L11,expansion,3,true,true,1//2,3//4,descendant_2:1//1
138,project_2,L00,expansion,3,true,false,1//2,3//4,descendant_1:1//1
138,project_2,L01,expansion,3,true,true,1//2,3//4,descendant_1:1//1
138,project_2,L10,expansion,3,true,false,1//2,3//4,descendant_2:1//1
138,project_2,L11,expansion,3,true,true,1//2,3//4,descendant_2:1//1
139,project_1,L00,bridge,3,true,false,1//2,1//4,descendant_1:1//1
139,project_1,L01,bridge,3,true,true,1//2,1//4,descendant_1:1//1
139,project_1,L10,bridge,3,true,false,1//2,1//4,descendant_2:1//1
139,project_1,L11,bridge,3,true,true,1//2,1//4,descendant_2:1//1
139,project_2,L00,bridge,3,true,false,1//2,1//4,descendant_1:1//1
139,project_2,L01,bridge,3,true,true,1//2,1//4,descendant_1:1//1
139,project_2,L10,bridge,3,true,false,1//2,1//4,descendant_2:1//1
139,project_2,L11,bridge,3,true,true,1//2,1//4,descendant_2:1//1
140,project_1,L00,bridge,3,true,false,1//2,3//4,descendant_1:1//1
140,project_1,L01,bridge,3,true,true,1//2,3//4,descendant_1:1//1
140,project_1,L10,bridge,3,true,false,1//2,3//4,descendant_2:1//1
140,project_1,L11,bridge,3,true,true,1//2,3//4,descendant_2:1//1
140,project_2,L00,bridge,3,true,false,1//2,3//4,descendant_1:1//1
140,project_2,L01,bridge,3,true,true,1//2,3//4,descendant_1:1//1
140,project_2,L10,bridge,3,true,false,1//2,3//4,descendant_2:1//1
140,project_2,L11,bridge,3,true,true,1//2,3//4,descendant_2:1//1
141,project_1,L00,expansion,1,true,false,1//2,3//4,descendant_1:1//1
141,project_1,L01,expansion,1,true,true,1//2,3//4,descendant_1:1//1
141,project_1,L10,expansion,1,true,false,1//2,3//4,descendant_2:1//1
141,project_1,L11,expansion,1,true,true,1//2,3//4,descendant_2:1//1
141,project_2,L00,expansion,1,true,false,1//2,3//4,descendant_1:1//1
141,project_2,L01,expansion,1,true,true,1//2,3//4,descendant_1:1//1
141,project_2,L10,expansion,1,true,false,1//2,3//4,descendant_2:1//1
141,project_2,L11,expansion,1,true,true,1//2,3//4,descendant_2:1//1
142,project_1,L00,expansion,3,true,false,2//1,3//4,descendant_1:1//1
142,project_1,L01,expansion,3,true,true,2//1,3//4,descendant_1:1//1
142,project_1,L10,expansion,3,true,false,2//1,3//4,descendant_2:1//1
142,project_1,L11,expansion,3,true,true,2//1,3//4,descendant_2:1//1
142,project_2,L00,expansion,3,true,false,2//1,3//4,descendant_1:1//1
142,project_2,L01,expansion,3,true,true,2//1,3//4,descendant_1:1//1
142,project_2,L10,expansion,3,true,false,2//1,3//4,descendant_2:1//1
142,project_2,L11,expansion,3,true,true,2//1,3//4,descendant_2:1//1
143,project_1,L00,expansion,1,true,false,1//2,1//4,descendant_1:1//1
143,project_1,L01,expansion,1,true,true,1//2,1//4,descendant_1:1//1
143,project_1,L10,expansion,1,true,false,1//2,1//4,descendant_2:1//1
143,project_1,L11,expansion,1,true,true,1//2,1//4,descendant_2:1//1
143,project_2,L00,expansion,1,true,false,1//2,1//4,descendant_1:1//1
143,project_2,L01,expansion,1,true,true,1//2,1//4,descendant_1:1//1
143,project_2,L10,expansion,1,true,false,1//2,1//4,descendant_2:1//1
143,project_2,L11,expansion,1,true,true,1//2,1//4,descendant_2:1//1
144,project_1,L00,bridge,3,true,false,2//1,1//4,descendant_1:1//1
144,project_1,L01,bridge,3,true,true,2//1,1//4,descendant_1:1//1
144,project_1,L10,bridge,3,true,false,2//1,1//4,descendant_2:1//1
144,project_1,L11,bridge,3,true,true,2//1,1//4,descendant_2:1//1
144,project_2,L00,bridge,3,true,false,2//1,1//4,descendant_1:1//1
144,project_2,L01,bridge,3,true,true,2//1,1//4,descendant_1:1//1
144,project_2,L10,bridge,3,true,false,2//1,1//4,descendant_2:1//1
144,project_2,L11,bridge,3,true,true,2//1,1//4,descendant_2:1//1
145,project_1,L00,bridge,3,true,false,1//2,1//4,descendant_1:1//1
145,project_1,L01,bridge,3,true,true,1//2,1//4,descendant_1:1//1
145,project_1,L10,bridge,3,true,false,1//2,1//4,descendant_2:1//1
145,project_1,L11,bridge,3,true,true,1//2,1//4,descendant_2:1//1
145,project_2,L00,bridge,3,true,false,1//2,1//4,descendant_1:1//1
145,project_2,L01,bridge,3,true,true,1//2,1//4,descendant_1:1//1
145,project_2,L10,bridge,3,true,false,1//2,1//4,descendant_2:1//1
145,project_2,L11,bridge,3,true,true,1//2,1//4,descendant_2:1//1
146,project_1,L00,bridge,1,true,false,1//2,1//4,descendant_1:1//1
146,project_1,L01,bridge,1,true,true,1//2,1//4,descendant_1:1//1
146,project_1,L10,bridge,1,true,false,1//2,1//4,descendant_2:1//1
146,project_1,L11,bridge,1,true,true,1//2,1//4,descendant_2:1//1
146,project_2,L00,bridge,1,true,false,1//2,1//4,descendant_1:1//1
146,project_2,L01,bridge,1,true,true,1//2,1//4,descendant_1:1//1
146,project_2,L10,bridge,1,true,false,1//2,1//4,descendant_2:1//1
146,project_2,L11,bridge,1,true,true,1//2,1//4,descendant_2:1//1
147,project_1,L00,expansion,1,true,false,2//1,3//4,descendant_1:1//1
147,project_1,L01,expansion,1,true,true,2//1,3//4,descendant_1:1//1
147,project_1,L10,expansion,1,true,false,2//1,3//4,descendant_2:1//1
147,project_1,L11,expansion,1,true,true,2//1,3//4,descendant_2:1//1
147,project_2,L00,expansion,1,true,false,2//1,3//4,descendant_1:1//1
147,project_2,L01,expansion,1,true,true,2//1,3//4,descendant_1:1//1
147,project_2,L10,expansion,1,true,false,2//1,3//4,descendant_2:1//1
147,project_2,L11,expansion,1,true,true,2//1,3//4,descendant_2:1//1
148,project_1,L00,bridge,3,true,false,1//2,1//4,descendant_1:1//1
148,project_1,L01,bridge,3,true,true,1//2,1//4,descendant_1:1//1
148,project_1,L10,bridge,3,true,false,1//2,1//4,descendant_2:1//1
148,project_1,L11,bridge,3,true,true,1//2,1//4,descendant_2:1//1
148,project_2,L00,bridge,3,true,false,1//2,1//4,descendant_1:1//1
148,project_2,L01,bridge,3,true,true,1//2,1//4,descendant_1:1//1
148,project_2,L10,bridge,3,true,false,1//2,1//4,descendant_2:1//1
148,project_2,L11,bridge,3,true,true,1//2,1//4,descendant_2:1//1
149,project_1,L00,expansion,1,true,false,1//2,3//4,descendant_1:1//1
149,project_1,L01,expansion,1,true,true,1//2,3//4,descendant_1:1//1
149,project_1,L10,expansion,1,true,false,1//2,3//4,descendant_2:1//1
149,project_1,L11,expansion,1,true,true,1//2,3//4,descendant_2:1//1
149,project_2,L00,expansion,1,true,false,1//2,3//4,descendant_1:1//1
149,project_2,L01,expansion,1,true,true,1//2,3//4,descendant_1:1//1
149,project_2,L10,expansion,1,true,false,1//2,3//4,descendant_2:1//1
149,project_2,L11,expansion,1,true,true,1//2,3//4,descendant_2:1//1
150,project_1,L00,expansion,1,true,false,2//1,1//4,descendant_1:1//1
150,project_1,L01,expansion,1,true,true,2//1,1//4,descendant_1:1//1
150,project_1,L10,expansion,1,true,false,2//1,1//4,descendant_2:1//1
150,project_1,L11,expansion,1,true,true,2//1,1//4,descendant_2:1//1
150,project_2,L00,expansion,1,true,false,2//1,1//4,descendant_1:1//1
150,project_2,L01,expansion,1,true,true,2//1,1//4,descendant_1:1//1
150,project_2,L10,expansion,1,true,false,2//1,1//4,descendant_2:1//1
150,project_2,L11,expansion,1,true,true,2//1,1//4,descendant_2:1//1
151,project_1,L00,expansion,1,true,false,1//2,1//4,descendant_1:1//1
151,project_1,L01,expansion,1,true,true,1//2,1//4,descendant_1:1//1
151,project_1,L10,expansion,1,true,false,1//2,1//4,descendant_2:1//1
151,project_1,L11,expansion,1,true,true,1//2,1//4,descendant_2:1//1
151,project_2,L00,expansion,1,true,false,1//2,1//4,descendant_1:1//1
151,project_2,L01,expansion,1,true,true,1//2,1//4,descendant_1:1//1
151,project_2,L10,expansion,1,true,false,1//2,1//4,descendant_2:1//1
151,project_2,L11,expansion,1,true,true,1//2,1//4,descendant_2:1//1
152,project_1,L00,expansion,1,true,false,1//2,3//4,descendant_1:1//1
152,project_1,L01,expansion,1,true,true,1//2,3//4,descendant_1:1//1
152,project_1,L10,expansion,1,true,false,1//2,3//4,descendant_2:1//1
152,project_1,L11,expansion,1,true,true,1//2,3//4,descendant_2:1//1
152,project_2,L00,expansion,1,true,false,1//2,3//4,descendant_1:1//1
152,project_2,L01,expansion,1,true,true,1//2,3//4,descendant_1:1//1
152,project_2,L10,expansion,1,true,false,1//2,3//4,descendant_2:1//1
152,project_2,L11,expansion,1,true,true,1//2,3//4,descendant_2:1//1
153,project_1,L00,bridge,3,true,false,2//1,1//4,descendant_1:1//1
153,project_1,L01,bridge,3,true,true,2//1,1//4,descendant_1:1//1
153,project_1,L10,bridge,3,true,false,2//1,1//4,descendant_2:1//1
153,project_1,L11,bridge,3,true,true,2//1,1//4,descendant_2:1//1
153,project_2,L00,bridge,3,true,false,2//1,1//4,descendant_1:1//1
153,project_2,L01,bridge,3,true,true,2//1,1//4,descendant_1:1//1
153,project_2,L10,bridge,3,true,false,2//1,1//4,descendant_2:1//1
153,project_2,L11,bridge,3,true,true,2//1,1//4,descendant_2:1//1
154,project_1,L00,expansion,1,true,false,1//2,3//4,descendant_1:1//1
154,project_1,L01,expansion,1,true,true,1//2,3//4,descendant_1:1//1
154,project_1,L10,expansion,1,true,false,1//2,3//4,descendant_2:1//1
154,project_1,L11,expansion,1,true,true,1//2,3//4,descendant_2:1//1
154,project_2,L00,expansion,1,true,false,1//2,3//4,descendant_1:1//1
154,project_2,L01,expansion,1,true,true,1//2,3//4,descendant_1:1//1
154,project_2,L10,expansion,1,true,false,1//2,3//4,descendant_2:1//1
154,project_2,L11,expansion,1,true,true,1//2,3//4,descendant_2:1//1
155,project_1,L00,bridge,3,true,false,1//2,3//4,descendant_1:1//1
155,project_1,L01,bridge,3,true,true,1//2,3//4,descendant_1:1//1
155,project_1,L10,bridge,3,true,false,1//2,3//4,descendant_2:1//1
155,project_1,L11,bridge,3,true,true,1//2,3//4,descendant_2:1//1
155,project_2,L00,bridge,3,true,false,1//2,3//4,descendant_1:1//1
155,project_2,L01,bridge,3,true,true,1//2,3//4,descendant_1:1//1
155,project_2,L10,bridge,3,true,false,1//2,3//4,descendant_2:1//1
155,project_2,L11,bridge,3,true,true,1//2,3//4,descendant_2:1//1
156,project_1,L00,expansion,1,true,false,1//2,3//4,descendant_1:1//1
156,project_1,L01,expansion,1,true,true,1//2,3//4,descendant_1:1//1
156,project_1,L10,expansion,1,true,false,1//2,3//4,descendant_2:1//1
156,project_1,L11,expansion,1,true,true,1//2,3//4,descendant_2:1//1
156,project_2,L00,expansion,1,true,false,1//2,3//4,descendant_1:1//1
156,project_2,L01,expansion,1,true,true,1//2,3//4,descendant_1:1//1
156,project_2,L10,expansion,1,true,false,1//2,3//4,descendant_2:1//1
156,project_2,L11,expansion,1,true,true,1//2,3//4,descendant_2:1//1
157,project_1,L00,expansion,3,true,false,1//2,1//4,descendant_1:1//1
157,project_1,L01,expansion,3,true,true,1//2,1//4,descendant_1:1//1
157,project_1,L10,expansion,3,true,false,1//2,1//4,descendant_2:1//1
157,project_1,L11,expansion,3,true,true,1//2,1//4,descendant_2:1//1
157,project_2,L00,expansion,3,true,false,1//2,1//4,descendant_1:1//1
157,project_2,L01,expansion,3,true,true,1//2,1//4,descendant_1:1//1
157,project_2,L10,expansion,3,true,false,1//2,1//4,descendant_2:1//1
157,project_2,L11,expansion,3,true,true,1//2,1//4,descendant_2:1//1
158,project_1,L00,expansion,3,true,false,1//2,3//4,descendant_1:1//1
158,project_1,L01,expansion,3,true,true,1//2,3//4,descendant_1:1//1
158,project_1,L10,expansion,3,true,false,1//2,3//4,descendant_2:1//1
158,project_1,L11,expansion,3,true,true,1//2,3//4,descendant_2:1//1
158,project_2,L00,expansion,3,true,false,1//2,3//4,descendant_1:1//1
158,project_2,L01,expansion,3,true,true,1//2,3//4,descendant_1:1//1
158,project_2,L10,expansion,3,true,false,1//2,3//4,descendant_2:1//1
158,project_2,L11,expansion,3,true,true,1//2,3//4,descendant_2:1//1
159,project_1,L00,bridge,3,true,false,2//1,1//4,descendant_1:1//1
159,project_1,L01,bridge,3,true,true,2//1,1//4,descendant_1:1//1
159,project_1,L10,bridge,3,true,false,2//1,1//4,descendant_2:1//1
159,project_1,L11,bridge,3,true,true,2//1,1//4,descendant_2:1//1
159,project_2,L00,bridge,3,true,false,2//1,1//4,descendant_1:1//1
159,project_2,L01,bridge,3,true,true,2//1,1//4,descendant_1:1//1
159,project_2,L10,bridge,3,true,false,2//1,1//4,descendant_2:1//1
159,project_2,L11,bridge,3,true,true,2//1,1//4,descendant_2:1//1
160,project_1,L00,bridge,3,true,false,1//2,3//4,descendant_1:1//1
160,project_1,L01,bridge,3,true,true,1//2,3//4,descendant_1:1//1
160,project_1,L10,bridge,3,true,false,1//2,3//4,descendant_2:1//1
160,project_1,L11,bridge,3,true,true,1//2,3//4,descendant_2:1//1
160,project_2,L00,bridge,3,true,false,1//2,3//4,descendant_1:1//1
160,project_2,L01,bridge,3,true,true,1//2,3//4,descendant_1:1//1
160,project_2,L10,bridge,3,true,false,1//2,3//4,descendant_2:1//1
160,project_2,L11,bridge,3,true,true,1//2,3//4,descendant_2:1//1
161,project_1,L00,bridge,1,true,false,1//2,1//4,descendant_1:1//1
161,project_1,L01,bridge,1,true,true,1//2,1//4,descendant_1:1//1
161,project_1,L10,bridge,1,true,false,1//2,1//4,descendant_2:1//1
161,project_1,L11,bridge,1,true,true,1//2,1//4,descendant_2:1//1
161,project_2,L00,bridge,1,true,false,1//2,1//4,descendant_1:1//1
161,project_2,L01,bridge,1,true,true,1//2,1//4,descendant_1:1//1
161,project_2,L10,bridge,1,true,false,1//2,1//4,descendant_2:1//1
161,project_2,L11,bridge,1,true,true,1//2,1//4,descendant_2:1//1
162,project_1,L00,expansion,3,true,false,1//2,3//4,descendant_1:1//1
162,project_1,L01,expansion,3,true,true,1//2,3//4,descendant_1:1//1
162,project_1,L10,expansion,3,true,false,1//2,3//4,descendant_2:1//1
162,project_1,L11,expansion,3,true,true,1//2,3//4,descendant_2:1//1
162,project_2,L00,expansion,3,true,false,1//2,3//4,descendant_1:1//1
162,project_2,L01,expansion,3,true,true,1//2,3//4,descendant_1:1//1
162,project_2,L10,expansion,3,true,false,1//2,3//4,descendant_2:1//1
162,project_2,L11,expansion,3,true,true,1//2,3//4,descendant_2:1//1
163,project_1,L00,bridge,1,true,false,2//1,1//4,descendant_1:1//1
163,project_1,L01,bridge,1,true,true,2//1,1//4,descendant_1:1//1
163,project_1,L10,bridge,1,true,false,2//1,1//4,descendant_2:1//1
163,project_1,L11,bridge,1,true,true,2//1,1//4,descendant_2:1//1
163,project_2,L00,bridge,1,true,false,2//1,1//4,descendant_1:1//1
163,project_2,L01,bridge,1,true,true,2//1,1//4,descendant_1:1//1
163,project_2,L10,bridge,1,true,false,2//1,1//4,descendant_2:1//1
163,project_2,L11,bridge,1,true,true,2//1,1//4,descendant_2:1//1
164,project_1,L00,expansion,1,true,false,2//1,1//4,descendant_1:1//1
164,project_1,L01,expansion,1,true,true,2//1,1//4,descendant_1:1//1
164,project_1,L10,expansion,1,true,false,2//1,1//4,descendant_2:1//1
164,project_1,L11,expansion,1,true,true,2//1,1//4,descendant_2:1//1
164,project_2,L00,expansion,1,true,false,2//1,1//4,descendant_1:1//1
164,project_2,L01,expansion,1,true,true,2//1,1//4,descendant_1:1//1
164,project_2,L10,expansion,1,true,false,2//1,1//4,descendant_2:1//1
164,project_2,L11,expansion,1,true,true,2//1,1//4,descendant_2:1//1
165,project_1,L00,bridge,1,true,false,2//1,3//4,descendant_1:1//1
165,project_1,L01,bridge,1,true,true,2//1,3//4,descendant_1:1//1
165,project_1,L10,bridge,1,true,false,2//1,3//4,descendant_2:1//1
165,project_1,L11,bridge,1,true,true,2//1,3//4,descendant_2:1//1
165,project_2,L00,bridge,1,true,false,2//1,3//4,descendant_1:1//1
165,project_2,L01,bridge,1,true,true,2//1,3//4,descendant_1:1//1
165,project_2,L10,bridge,1,true,false,2//1,3//4,descendant_2:1//1
165,project_2,L11,bridge,1,true,true,2//1,3//4,descendant_2:1//1
166,project_1,L00,expansion,3,true,false,2//1,3//4,descendant_1:1//1
166,project_1,L01,expansion,3,true,true,2//1,3//4,descendant_1:1//1
166,project_1,L10,expansion,3,true,false,2//1,3//4,descendant_2:1//1
166,project_1,L11,expansion,3,true,true,2//1,3//4,descendant_2:1//1
166,project_2,L00,expansion,3,true,false,2//1,3//4,descendant_1:1//1
166,project_2,L01,expansion,3,true,true,2//1,3//4,descendant_1:1//1
166,project_2,L10,expansion,3,true,false,2//1,3//4,descendant_2:1//1
166,project_2,L11,expansion,3,true,true,2//1,3//4,descendant_2:1//1
167,project_1,L00,bridge,3,true,false,1//2,1//4,descendant_1:1//1
167,project_1,L01,bridge,3,true,true,1//2,1//4,descendant_1:1//1
167,project_1,L10,bridge,3,true,false,1//2,1//4,descendant_2:1//1
167,project_1,L11,bridge,3,true,true,1//2,1//4,descendant_2:1//1
167,project_2,L00,bridge,3,true,false,1//2,1//4,descendant_1:1//1
167,project_2,L01,bridge,3,true,true,1//2,1//4,descendant_1:1//1
167,project_2,L10,bridge,3,true,false,1//2,1//4,descendant_2:1//1
167,project_2,L11,bridge,3,true,true,1//2,1//4,descendant_2:1//1
168,project_1,L00,expansion,3,true,false,1//2,1//4,descendant_1:1//1
168,project_1,L01,expansion,3,true,true,1//2,1//4,descendant_1:1//1
168,project_1,L10,expansion,3,true,false,1//2,1//4,descendant_2:1//1
168,project_1,L11,expansion,3,true,true,1//2,1//4,descendant_2:1//1
168,project_2,L00,expansion,3,true,false,1//2,1//4,descendant_1:1//1
168,project_2,L01,expansion,3,true,true,1//2,1//4,descendant_1:1//1
168,project_2,L10,expansion,3,true,false,1//2,1//4,descendant_2:1//1
168,project_2,L11,expansion,3,true,true,1//2,1//4,descendant_2:1//1
169,project_1,L00,bridge,3,true,false,1//2,1//4,descendant_1:1//1
169,project_1,L01,bridge,3,true,true,1//2,1//4,descendant_1:1//1
169,project_1,L10,bridge,3,true,false,1//2,1//4,descendant_2:1//1
169,project_1,L11,bridge,3,true,true,1//2,1//4,descendant_2:1//1
169,project_2,L00,bridge,3,true,false,1//2,1//4,descendant_1:1//1
169,project_2,L01,bridge,3,true,true,1//2,1//4,descendant_1:1//1
169,project_2,L10,bridge,3,true,false,1//2,1//4,descendant_2:1//1
169,project_2,L11,bridge,3,true,true,1//2,1//4,descendant_2:1//1
170,project_1,L00,bridge,3,true,false,1//2,3//4,descendant_1:1//1
170,project_1,L01,bridge,3,true,true,1//2,3//4,descendant_1:1//1
170,project_1,L10,bridge,3,true,false,1//2,3//4,descendant_2:1//1
170,project_1,L11,bridge,3,true,true,1//2,3//4,descendant_2:1//1
170,project_2,L00,bridge,3,true,false,1//2,3//4,descendant_1:1//1
170,project_2,L01,bridge,3,true,true,1//2,3//4,descendant_1:1//1
170,project_2,L10,bridge,3,true,false,1//2,3//4,descendant_2:1//1
170,project_2,L11,bridge,3,true,true,1//2,3//4,descendant_2:1//1
171,project_1,L00,bridge,1,true,false,2//1,1//4,descendant_1:1//1
171,project_1,L01,bridge,1,true,true,2//1,1//4,descendant_1:1//1
171,project_1,L10,bridge,1,true,false,2//1,1//4,descendant_2:1//1
171,project_1,L11,bridge,1,true,true,2//1,1//4,descendant_2:1//1
171,project_2,L00,bridge,1,true,false,2//1,1//4,descendant_1:1//1
171,project_2,L01,bridge,1,true,true,2//1,1//4,descendant_1:1//1
171,project_2,L10,bridge,1,true,false,2//1,1//4,descendant_2:1//1
171,project_2,L11,bridge,1,true,true,2//1,1//4,descendant_2:1//1
172,project_1,L00,expansion,3,true,false,2//1,3//4,descendant_1:1//1
172,project_1,L01,expansion,3,true,true,2//1,3//4,descendant_1:1//1
172,project_1,L10,expansion,3,true,false,2//1,3//4,descendant_2:1//1
172,project_1,L11,expansion,3,true,true,2//1,3//4,descendant_2:1//1
172,project_2,L00,expansion,3,true,false,2//1,3//4,descendant_1:1//1
172,project_2,L01,expansion,3,true,true,2//1,3//4,descendant_1:1//1
172,project_2,L10,expansion,3,true,false,2//1,3//4,descendant_2:1//1
172,project_2,L11,expansion,3,true,true,2//1,3//4,descendant_2:1//1
173,project_1,L00,expansion,3,true,false,2//1,3//4,descendant_1:1//1
173,project_1,L01,expansion,3,true,true,2//1,3//4,descendant_1:1//1
173,project_1,L10,expansion,3,true,false,2//1,3//4,descendant_2:1//1
173,project_1,L11,expansion,3,true,true,2//1,3//4,descendant_2:1//1
173,project_2,L00,expansion,3,true,false,2//1,3//4,descendant_1:1//1
173,project_2,L01,expansion,3,true,true,2//1,3//4,descendant_1:1//1
173,project_2,L10,expansion,3,true,false,2//1,3//4,descendant_2:1//1
173,project_2,L11,expansion,3,true,true,2//1,3//4,descendant_2:1//1
174,project_1,L00,bridge,3,true,false,1//2,1//4,descendant_1:1//1
174,project_1,L01,bridge,3,true,true,1//2,1//4,descendant_1:1//1
174,project_1,L10,bridge,3,true,false,1//2,1//4,descendant_2:1//1
174,project_1,L11,bridge,3,true,true,1//2,1//4,descendant_2:1//1
174,project_2,L00,bridge,3,true,false,1//2,1//4,descendant_1:1//1
174,project_2,L01,bridge,3,true,true,1//2,1//4,descendant_1:1//1
174,project_2,L10,bridge,3,true,false,1//2,1//4,descendant_2:1//1
174,project_2,L11,bridge,3,true,true,1//2,1//4,descendant_2:1//1
175,project_1,L00,bridge,1,true,false,2//1,3//4,descendant_1:1//1
175,project_1,L01,bridge,1,true,true,2//1,3//4,descendant_1:1//1
175,project_1,L10,bridge,1,true,false,2//1,3//4,descendant_2:1//1
175,project_1,L11,bridge,1,true,true,2//1,3//4,descendant_2:1//1
175,project_2,L00,bridge,1,true,false,2//1,3//4,descendant_1:1//1
175,project_2,L01,bridge,1,true,true,2//1,3//4,descendant_1:1//1
175,project_2,L10,bridge,1,true,false,2//1,3//4,descendant_2:1//1
175,project_2,L11,bridge,1,true,true,2//1,3//4,descendant_2:1//1
176,project_1,L00,expansion,1,true,false,2//1,1//4,descendant_1:1//1
176,project_1,L01,expansion,1,true,true,2//1,1//4,descendant_1:1//1
176,project_1,L10,expansion,1,true,false,2//1,1//4,descendant_2:1//1
176,project_1,L11,expansion,1,true,true,2//1,1//4,descendant_2:1//1
176,project_2,L00,expansion,1,true,false,2//1,1//4,descendant_1:1//1
176,project_2,L01,expansion,1,true,true,2//1,1//4,descendant_1:1//1
176,project_2,L10,expansion,1,true,false,2//1,1//4,descendant_2:1//1
176,project_2,L11,expansion,1,true,true,2//1,1//4,descendant_2:1//1
177,project_1,L00,expansion,3,true,false,1//2,3//4,descendant_1:1//1
177,project_1,L01,expansion,3,true,true,1//2,3//4,descendant_1:1//1
177,project_1,L10,expansion,3,true,false,1//2,3//4,descendant_2:1//1
177,project_1,L11,expansion,3,true,true,1//2,3//4,descendant_2:1//1
177,project_2,L00,expansion,3,true,false,1//2,3//4,descendant_1:1//1
177,project_2,L01,expansion,3,true,true,1//2,3//4,descendant_1:1//1
177,project_2,L10,expansion,3,true,false,1//2,3//4,descendant_2:1//1
177,project_2,L11,expansion,3,true,true,1//2,3//4,descendant_2:1//1
178,project_1,L00,expansion,3,true,false,1//2,1//4,descendant_1:1//1
178,project_1,L01,expansion,3,true,true,1//2,1//4,descendant_1:1//1
178,project_1,L10,expansion,3,true,false,1//2,1//4,descendant_2:1//1
178,project_1,L11,expansion,3,true,true,1//2,1//4,descendant_2:1//1
178,project_2,L00,expansion,3,true,false,1//2,1//4,descendant_1:1//1
178,project_2,L01,expansion,3,true,true,1//2,1//4,descendant_1:1//1
178,project_2,L10,expansion,3,true,false,1//2,1//4,descendant_2:1//1
178,project_2,L11,expansion,3,true,true,1//2,1//4,descendant_2:1//1
179,project_1,L00,expansion,1,true,false,2//1,1//4,descendant_1:1//1
179,project_1,L01,expansion,1,true,true,2//1,1//4,descendant_1:1//1
179,project_1,L10,expansion,1,true,false,2//1,1//4,descendant_2:1//1
179,project_1,L11,expansion,1,true,true,2//1,1//4,descendant_2:1//1
179,project_2,L00,expansion,1,true,false,2//1,1//4,descendant_1:1//1
179,project_2,L01,expansion,1,true,true,2//1,1//4,descendant_1:1//1
179,project_2,L10,expansion,1,true,false,2//1,1//4,descendant_2:1//1
179,project_2,L11,expansion,1,true,true,2//1,1//4,descendant_2:1//1
180,project_1,L00,bridge,3,true,false,1//2,3//4,descendant_1:1//1
180,project_1,L01,bridge,3,true,true,1//2,3//4,descendant_1:1//1
180,project_1,L10,bridge,3,true,false,1//2,3//4,descendant_2:1//1
180,project_1,L11,bridge,3,true,true,1//2,3//4,descendant_2:1//1
180,project_2,L00,bridge,3,true,false,1//2,3//4,descendant_1:1//1
180,project_2,L01,bridge,3,true,true,1//2,3//4,descendant_1:1//1
180,project_2,L10,bridge,3,true,false,1//2,3//4,descendant_2:1//1
180,project_2,L11,bridge,3,true,true,1//2,3//4,descendant_2:1//1
181,project_1,L00,bridge,3,true,false,1//2,1//4,descendant_1:1//1
181,project_1,L01,bridge,3,true,true,1//2,1//4,descendant_1:1//1
181,project_1,L10,bridge,3,true,false,1//2,1//4,descendant_2:1//1
181,project_1,L11,bridge,3,true,true,1//2,1//4,descendant_2:1//1
181,project_2,L00,bridge,3,true,false,1//2,1//4,descendant_1:1//1
181,project_2,L01,bridge,3,true,true,1//2,1//4,descendant_1:1//1
181,project_2,L10,bridge,3,true,false,1//2,1//4,descendant_2:1//1
181,project_2,L11,bridge,3,true,true,1//2,1//4,descendant_2:1//1
182,project_1,L00,bridge,1,true,false,1//2,1//4,descendant_1:1//1
182,project_1,L01,bridge,1,true,true,1//2,1//4,descendant_1:1//1
182,project_1,L10,bridge,1,true,false,1//2,1//4,descendant_2:1//1
182,project_1,L11,bridge,1,true,true,1//2,1//4,descendant_2:1//1
182,project_2,L00,bridge,1,true,false,1//2,1//4,descendant_1:1//1
182,project_2,L01,bridge,1,true,true,1//2,1//4,descendant_1:1//1
182,project_2,L10,bridge,1,true,false,1//2,1//4,descendant_2:1//1
182,project_2,L11,bridge,1,true,true,1//2,1//4,descendant_2:1//1
183,project_1,L00,bridge,3,true,false,2//1,3//4,descendant_1:1//1
183,project_1,L01,bridge,3,true,true,2//1,3//4,descendant_1:1//1
183,project_1,L10,bridge,3,true,false,2//1,3//4,descendant_2:1//1
183,project_1,L11,bridge,3,true,true,2//1,3//4,descendant_2:1//1
183,project_2,L00,bridge,3,true,false,2//1,3//4,descendant_1:1//1
183,project_2,L01,bridge,3,true,true,2//1,3//4,descendant_1:1//1
183,project_2,L10,bridge,3,true,false,2//1,3//4,descendant_2:1//1
183,project_2,L11,bridge,3,true,true,2//1,3//4,descendant_2:1//1
184,project_1,L00,expansion,3,true,false,1//2,3//4,descendant_1:1//1
184,project_1,L01,expansion,3,true,true,1//2,3//4,descendant_1:1//1
184,project_1,L10,expansion,3,true,false,1//2,3//4,descendant_2:1//1
184,project_1,L11,expansion,3,true,true,1//2,3//4,descendant_2:1//1
184,project_2,L00,expansion,3,true,false,1//2,3//4,descendant_1:1//1
184,project_2,L01,expansion,3,true,true,1//2,3//4,descendant_1:1//1
184,project_2,L10,expansion,3,true,false,1//2,3//4,descendant_2:1//1
184,project_2,L11,expansion,3,true,true,1//2,3//4,descendant_2:1//1
185,project_1,L00,bridge,1,true,false,1//2,1//4,descendant_1:1//1
185,project_1,L01,bridge,1,true,true,1//2,1//4,descendant_1:1//1
185,project_1,L10,bridge,1,true,false,1//2,1//4,descendant_2:1//1
185,project_1,L11,bridge,1,true,true,1//2,1//4,descendant_2:1//1
185,project_2,L00,bridge,1,true,false,1//2,1//4,descendant_1:1//1
185,project_2,L01,bridge,1,true,true,1//2,1//4,descendant_1:1//1
185,project_2,L10,bridge,1,true,false,1//2,1//4,descendant_2:1//1
185,project_2,L11,bridge,1,true,true,1//2,1//4,descendant_2:1//1
186,project_1,L00,bridge,1,true,false,1//2,3//4,descendant_1:1//1
186,project_1,L01,bridge,1,true,true,1//2,3//4,descendant_1:1//1
186,project_1,L10,bridge,1,true,false,1//2,3//4,descendant_2:1//1
186,project_1,L11,bridge,1,true,true,1//2,3//4,descendant_2:1//1
186,project_2,L00,bridge,1,true,false,1//2,3//4,descendant_1:1//1
186,project_2,L01,bridge,1,true,true,1//2,3//4,descendant_1:1//1
186,project_2,L10,bridge,1,true,false,1//2,3//4,descendant_2:1//1
186,project_2,L11,bridge,1,true,true,1//2,3//4,descendant_2:1//1
187,project_1,L00,bridge,3,true,false,2//1,3//4,descendant_1:1//1
187,project_1,L01,bridge,3,true,true,2//1,3//4,descendant_1:1//1
187,project_1,L10,bridge,3,true,false,2//1,3//4,descendant_2:1//1
187,project_1,L11,bridge,3,true,true,2//1,3//4,descendant_2:1//1
187,project_2,L00,bridge,3,true,false,2//1,3//4,descendant_1:1//1
187,project_2,L01,bridge,3,true,true,2//1,3//4,descendant_1:1//1
187,project_2,L10,bridge,3,true,false,2//1,3//4,descendant_2:1//1
187,project_2,L11,bridge,3,true,true,2//1,3//4,descendant_2:1//1
188,project_1,L00,bridge,3,true,false,2//1,3//4,descendant_1:1//1
188,project_1,L01,bridge,3,true,true,2//1,3//4,descendant_1:1//1
188,project_1,L10,bridge,3,true,false,2//1,3//4,descendant_2:1//1
188,project_1,L11,bridge,3,true,true,2//1,3//4,descendant_2:1//1
188,project_2,L00,bridge,3,true,false,2//1,3//4,descendant_1:1//1
188,project_2,L01,bridge,3,true,true,2//1,3//4,descendant_1:1//1
188,project_2,L10,bridge,3,true,false,2//1,3//4,descendant_2:1//1
188,project_2,L11,bridge,3,true,true,2//1,3//4,descendant_2:1//1
189,project_1,L00,bridge,3,true,false,2//1,1//4,descendant_1:1//1
189,project_1,L01,bridge,3,true,true,2//1,1//4,descendant_1:1//1
189,project_1,L10,bridge,3,true,false,2//1,1//4,descendant_2:1//1
189,project_1,L11,bridge,3,true,true,2//1,1//4,descendant_2:1//1
189,project_2,L00,bridge,3,true,false,2//1,1//4,descendant_1:1//1
189,project_2,L01,bridge,3,true,true,2//1,1//4,descendant_1:1//1
189,project_2,L10,bridge,3,true,false,2//1,1//4,descendant_2:1//1
189,project_2,L11,bridge,3,true,true,2//1,1//4,descendant_2:1//1
190,project_1,L00,expansion,3,true,false,1//2,1//4,descendant_1:1//1
190,project_1,L01,expansion,3,true,true,1//2,1//4,descendant_1:1//1
190,project_1,L10,expansion,3,true,false,1//2,1//4,descendant_2:1//1
190,project_1,L11,expansion,3,true,true,1//2,1//4,descendant_2:1//1
190,project_2,L00,expansion,3,true,false,1//2,1//4,descendant_1:1//1
190,project_2,L01,expansion,3,true,true,1//2,1//4,descendant_1:1//1
190,project_2,L10,expansion,3,true,false,1//2,1//4,descendant_2:1//1
190,project_2,L11,expansion,3,true,true,1//2,1//4,descendant_2:1//1
191,project_1,L00,expansion,3,true,false,2//1,1//4,descendant_1:1//1
191,project_1,L01,expansion,3,true,true,2//1,1//4,descendant_1:1//1
191,project_1,L10,expansion,3,true,false,2//1,1//4,descendant_2:1//1
191,project_1,L11,expansion,3,true,true,2//1,1//4,descendant_2:1//1
191,project_2,L00,expansion,3,true,false,2//1,1//4,descendant_1:1//1
191,project_2,L01,expansion,3,true,true,2//1,1//4,descendant_1:1//1
191,project_2,L10,expansion,3,true,false,2//1,1//4,descendant_2:1//1
191,project_2,L11,expansion,3,true,true,2//1,1//4,descendant_2:1//1
192,project_1,L00,expansion,1,true,false,1//2,1//4,descendant_1:1//1
192,project_1,L01,expansion,1,true,true,1//2,1//4,descendant_1:1//1
192,project_1,L10,expansion,1,true,false,1//2,1//4,descendant_2:1//1
192,project_1,L11,expansion,1,true,true,1//2,1//4,descendant_2:1//1
192,project_2,L00,expansion,1,true,false,1//2,1//4,descendant_1:1//1
192,project_2,L01,expansion,1,true,true,1//2,1//4,descendant_1:1//1
192,project_2,L10,expansion,1,true,false,1//2,1//4,descendant_2:1//1
192,project_2,L11,expansion,1,true,true,1//2,1//4,descendant_2:1//1
193,project_1,L00,expansion,1,true,false,1//2,3//4,descendant_1:1//1
193,project_1,L01,expansion,1,true,true,1//2,3//4,descendant_1:1//1
193,project_1,L10,expansion,1,true,false,1//2,3//4,descendant_2:1//1
193,project_1,L11,expansion,1,true,true,1//2,3//4,descendant_2:1//1
193,project_2,L00,expansion,1,true,false,1//2,3//4,descendant_1:1//1
193,project_2,L01,expansion,1,true,true,1//2,3//4,descendant_1:1//1
193,project_2,L10,expansion,1,true,false,1//2,3//4,descendant_2:1//1
193,project_2,L11,expansion,1,true,true,1//2,3//4,descendant_2:1//1
194,project_1,L00,bridge,1,true,false,2//1,3//4,descendant_1:1//1
194,project_1,L01,bridge,1,true,true,2//1,3//4,descendant_1:1//1
194,project_1,L10,bridge,1,true,false,2//1,3//4,descendant_2:1//1
194,project_1,L11,bridge,1,true,true,2//1,3//4,descendant_2:1//1
194,project_2,L00,bridge,1,true,false,2//1,3//4,descendant_1:1//1
194,project_2,L01,bridge,1,true,true,2//1,3//4,descendant_1:1//1
194,project_2,L10,bridge,1,true,false,2//1,3//4,descendant_2:1//1
194,project_2,L11,bridge,1,true,true,2//1,3//4,descendant_2:1//1
195,project_1,L00,bridge,3,true,false,2//1,1//4,descendant_1:1//1
195,project_1,L01,bridge,3,true,true,2//1,1//4,descendant_1:1//1
195,project_1,L10,bridge,3,true,false,2//1,1//4,descendant_2:1//1
195,project_1,L11,bridge,3,true,true,2//1,1//4,descendant_2:1//1
195,project_2,L00,bridge,3,true,false,2//1,1//4,descendant_1:1//1
195,project_2,L01,bridge,3,true,true,2//1,1//4,descendant_1:1//1
195,project_2,L10,bridge,3,true,false,2//1,1//4,descendant_2:1//1
195,project_2,L11,bridge,3,true,true,2//1,1//4,descendant_2:1//1
196,project_1,L00,expansion,1,true,false,2//1,3//4,descendant_1:1//1
196,project_1,L01,expansion,1,true,true,2//1,3//4,descendant_1:1//1
196,project_1,L10,expansion,1,true,false,2//1,3//4,descendant_2:1//1
196,project_1,L11,expansion,1,true,true,2//1,3//4,descendant_2:1//1
196,project_2,L00,expansion,1,true,false,2//1,3//4,descendant_1:1//1
196,project_2,L01,expansion,1,true,true,2//1,3//4,descendant_1:1//1
196,project_2,L10,expansion,1,true,false,2//1,3//4,descendant_2:1//1
196,project_2,L11,expansion,1,true,true,2//1,3//4,descendant_2:1//1
197,project_1,L00,expansion,1,true,false,2//1,1//4,descendant_1:1//1
197,project_1,L01,expansion,1,true,true,2//1,1//4,descendant_1:1//1
197,project_1,L10,expansion,1,true,false,2//1,1//4,descendant_2:1//1
197,project_1,L11,expansion,1,true,true,2//1,1//4,descendant_2:1//1
197,project_2,L00,expansion,1,true,false,2//1,1//4,descendant_1:1//1
197,project_2,L01,expansion,1,true,true,2//1,1//4,descendant_1:1//1
197,project_2,L10,expansion,1,true,false,2//1,1//4,descendant_2:1//1
197,project_2,L11,expansion,1,true,true,2//1,1//4,descendant_2:1//1
198,project_1,L00,bridge,1,true,false,1//2,3//4,descendant_1:1//1
198,project_1,L01,bridge,1,true,true,1//2,3//4,descendant_1:1//1
198,project_1,L10,bridge,1,true,false,1//2,3//4,descendant_2:1//1
198,project_1,L11,bridge,1,true,true,1//2,3//4,descendant_2:1//1
198,project_2,L00,bridge,1,true,false,1//2,3//4,descendant_1:1//1
198,project_2,L01,bridge,1,true,true,1//2,3//4,descendant_1:1//1
198,project_2,L10,bridge,1,true,false,1//2,3//4,descendant_2:1//1
198,project_2,L11,bridge,1,true,true,1//2,3//4,descendant_2:1//1
199,project_1,L00,bridge,1,true,false,1//2,1//4,descendant_1:1//1
199,project_1,L01,bridge,1,true,true,1//2,1//4,descendant_1:1//1
199,project_1,L10,bridge,1,true,false,1//2,1//4,descendant_2:1//1
199,project_1,L11,bridge,1,true,true,1//2,1//4,descendant_2:1//1
199,project_2,L00,bridge,1,true,false,1//2,1//4,descendant_1:1//1
199,project_2,L01,bridge,1,true,true,1//2,1//4,descendant_1:1//1
199,project_2,L10,bridge,1,true,false,1//2,1//4,descendant_2:1//1
199,project_2,L11,bridge,1,true,true,1//2,1//4,descendant_2:1//1
200,project_1,L00,expansion,3,true,false,2//1,3//4,descendant_1:1//1
200,project_1,L01,expansion,3,true,true,2//1,3//4,descendant_1:1//1
200,project_1,L10,expansion,3,true,false,2//1,3//4,descendant_2:1//1
200,project_1,L11,expansion,3,true,true,2//1,3//4,descendant_2:1//1
200,project_2,L00,expansion,3,true,false,2//1,3//4,descendant_1:1//1
200,project_2,L01,expansion,3,true,true,2//1,3//4,descendant_1:1//1
200,project_2,L10,expansion,3,true,false,2//1,3//4,descendant_2:1//1
200,project_2,L11,expansion,3,true,true,2//1,3//4,descendant_2:1//1
201,project_1,L00,expansion,3,true,false,1//2,1//4,descendant_1:1//1
201,project_1,L01,expansion,3,true,true,1//2,1//4,descendant_1:1//1
201,project_1,L10,expansion,3,true,false,1//2,1//4,descendant_2:1//1
201,project_1,L11,expansion,3,true,true,1//2,1//4,descendant_2:1//1
201,project_2,L00,expansion,3,true,false,1//2,1//4,descendant_1:1//1
201,project_2,L01,expansion,3,true,true,1//2,1//4,descendant_1:1//1
201,project_2,L10,expansion,3,true,false,1//2,1//4,descendant_2:1//1
201,project_2,L11,expansion,3,true,true,1//2,1//4,descendant_2:1//1
202,project_1,L00,bridge,3,true,false,1//2,3//4,descendant_1:1//1
202,project_1,L01,bridge,3,true,true,1//2,3//4,descendant_1:1//1
202,project_1,L10,bridge,3,true,false,1//2,3//4,descendant_2:1//1
202,project_1,L11,bridge,3,true,true,1//2,3//4,descendant_2:1//1
202,project_2,L00,bridge,3,true,false,1//2,3//4,descendant_1:1//1
202,project_2,L01,bridge,3,true,true,1//2,3//4,descendant_1:1//1
202,project_2,L10,bridge,3,true,false,1//2,3//4,descendant_2:1//1
202,project_2,L11,bridge,3,true,true,1//2,3//4,descendant_2:1//1
203,project_1,L00,bridge,1,true,false,1//2,3//4,descendant_1:1//1
203,project_1,L01,bridge,1,true,true,1//2,3//4,descendant_1:1//1
203,project_1,L10,bridge,1,true,false,1//2,3//4,descendant_2:1//1
203,project_1,L11,bridge,1,true,true,1//2,3//4,descendant_2:1//1
203,project_2,L00,bridge,1,true,false,1//2,3//4,descendant_1:1//1
203,project_2,L01,bridge,1,true,true,1//2,3//4,descendant_1:1//1
203,project_2,L10,bridge,1,true,false,1//2,3//4,descendant_2:1//1
203,project_2,L11,bridge,1,true,true,1//2,3//4,descendant_2:1//1
204,project_1,L00,expansion,1,true,false,2//1,3//4,descendant_1:1//1
204,project_1,L01,expansion,1,true,true,2//1,3//4,descendant_1:1//1
204,project_1,L10,expansion,1,true,false,2//1,3//4,descendant_2:1//1
204,project_1,L11,expansion,1,true,true,2//1,3//4,descendant_2:1//1
204,project_2,L00,expansion,1,true,false,2//1,3//4,descendant_1:1//1
204,project_2,L01,expansion,1,true,true,2//1,3//4,descendant_1:1//1
204,project_2,L10,expansion,1,true,false,2//1,3//4,descendant_2:1//1
204,project_2,L11,expansion,1,true,true,2//1,3//4,descendant_2:1//1
205,project_1,L00,bridge,1,true,false,2//1,3//4,descendant_1:1//1
205,project_1,L01,bridge,1,true,true,2//1,3//4,descendant_1:1//1
205,project_1,L10,bridge,1,true,false,2//1,3//4,descendant_2:1//1
205,project_1,L11,bridge,1,true,true,2//1,3//4,descendant_2:1//1
205,project_2,L00,bridge,1,true,false,2//1,3//4,descendant_1:1//1
205,project_2,L01,bridge,1,true,true,2//1,3//4,descendant_1:1//1
205,project_2,L10,bridge,1,true,false,2//1,3//4,descendant_2:1//1
205,project_2,L11,bridge,1,true,true,2//1,3//4,descendant_2:1//1
206,project_1,L00,expansion,3,true,false,2//1,1//4,descendant_1:1//1
206,project_1,L01,expansion,3,true,true,2//1,1//4,descendant_1:1//1
206,project_1,L10,expansion,3,true,false,2//1,1//4,descendant_2:1//1
206,project_1,L11,expansion,3,true,true,2//1,1//4,descendant_2:1//1
206,project_2,L00,expansion,3,true,false,2//1,1//4,descendant_1:1//1
206,project_2,L01,expansion,3,true,true,2//1,1//4,descendant_1:1//1
206,project_2,L10,expansion,3,true,false,2//1,1//4,descendant_2:1//1
206,project_2,L11,expansion,3,true,true,2//1,1//4,descendant_2:1//1
207,project_1,L00,expansion,3,true,false,1//2,1//4,descendant_1:1//1
207,project_1,L01,expansion,3,true,true,1//2,1//4,descendant_1:1//1
207,project_1,L10,expansion,3,true,false,1//2,1//4,descendant_2:1//1
207,project_1,L11,expansion,3,true,true,1//2,1//4,descendant_2:1//1
207,project_2,L00,expansion,3,true,false,1//2,1//4,descendant_1:1//1
207,project_2,L01,expansion,3,true,true,1//2,1//4,descendant_1:1//1
207,project_2,L10,expansion,3,true,false,1//2,1//4,descendant_2:1//1
207,project_2,L11,expansion,3,true,true,1//2,1//4,descendant_2:1//1
208,project_1,L00,expansion,3,true,false,1//2,3//4,descendant_1:1//1
208,project_1,L01,expansion,3,true,true,1//2,3//4,descendant_1:1//1
208,project_1,L10,expansion,3,true,false,1//2,3//4,descendant_2:1//1
208,project_1,L11,expansion,3,true,true,1//2,3//4,descendant_2:1//1
208,project_2,L00,expansion,3,true,false,1//2,3//4,descendant_1:1//1
208,project_2,L01,expansion,3,true,true,1//2,3//4,descendant_1:1//1
208,project_2,L10,expansion,3,true,false,1//2,3//4,descendant_2:1//1
208,project_2,L11,expansion,3,true,true,1//2,3//4,descendant_2:1//1
209,project_1,L00,expansion,3,true,false,2//1,1//4,descendant_1:1//1
209,project_1,L01,expansion,3,true,true,2//1,1//4,descendant_1:1//1
209,project_1,L10,expansion,3,true,false,2//1,1//4,descendant_2:1//1
209,project_1,L11,expansion,3,true,true,2//1,1//4,descendant_2:1//1
209,project_2,L00,expansion,3,true,false,2//1,1//4,descendant_1:1//1
209,project_2,L01,expansion,3,true,true,2//1,1//4,descendant_1:1//1
209,project_2,L10,expansion,3,true,false,2//1,1//4,descendant_2:1//1
209,project_2,L11,expansion,3,true,true,2//1,1//4,descendant_2:1//1
210,project_1,L00,bridge,1,true,false,1//2,3//4,descendant_1:1//1
210,project_1,L01,bridge,1,true,true,1//2,3//4,descendant_1:1//1
210,project_1,L10,bridge,1,true,false,1//2,3//4,descendant_2:1//1
210,project_1,L11,bridge,1,true,true,1//2,3//4,descendant_2:1//1
210,project_2,L00,bridge,1,true,false,1//2,3//4,descendant_1:1//1
210,project_2,L01,bridge,1,true,true,1//2,3//4,descendant_1:1//1
210,project_2,L10,bridge,1,true,false,1//2,3//4,descendant_2:1//1
210,project_2,L11,bridge,1,true,true,1//2,3//4,descendant_2:1//1
211,project_1,L00,bridge,1,true,false,2//1,1//4,descendant_1:1//1
211,project_1,L01,bridge,1,true,true,2//1,1//4,descendant_1:1//1
211,project_1,L10,bridge,1,true,false,2//1,1//4,descendant_2:1//1
211,project_1,L11,bridge,1,true,true,2//1,1//4,descendant_2:1//1
211,project_2,L00,bridge,1,true,false,2//1,1//4,descendant_1:1//1
211,project_2,L01,bridge,1,true,true,2//1,1//4,descendant_1:1//1
211,project_2,L10,bridge,1,true,false,2//1,1//4,descendant_2:1//1
211,project_2,L11,bridge,1,true,true,2//1,1//4,descendant_2:1//1
212,project_1,L00,bridge,1,true,false,2//1,1//4,descendant_1:1//1
212,project_1,L01,bridge,1,true,true,2//1,1//4,descendant_1:1//1
212,project_1,L10,bridge,1,true,false,2//1,1//4,descendant_2:1//1
212,project_1,L11,bridge,1,true,true,2//1,1//4,descendant_2:1//1
212,project_2,L00,bridge,1,true,false,2//1,1//4,descendant_1:1//1
212,project_2,L01,bridge,1,true,true,2//1,1//4,descendant_1:1//1
212,project_2,L10,bridge,1,true,false,2//1,1//4,descendant_2:1//1
212,project_2,L11,bridge,1,true,true,2//1,1//4,descendant_2:1//1
213,project_1,L00,expansion,3,true,false,2//1,3//4,descendant_1:1//1
213,project_1,L01,expansion,3,true,true,2//1,3//4,descendant_1:1//1
213,project_1,L10,expansion,3,true,false,2//1,3//4,descendant_2:1//1
213,project_1,L11,expansion,3,true,true,2//1,3//4,descendant_2:1//1
213,project_2,L00,expansion,3,true,false,2//1,3//4,descendant_1:1//1
213,project_2,L01,expansion,3,true,true,2//1,3//4,descendant_1:1//1
213,project_2,L10,expansion,3,true,false,2//1,3//4,descendant_2:1//1
213,project_2,L11,expansion,3,true,true,2//1,3//4,descendant_2:1//1
214,project_1,L00,bridge,3,true,false,2//1,3//4,descendant_1:1//1
214,project_1,L01,bridge,3,true,true,2//1,3//4,descendant_1:1//1
214,project_1,L10,bridge,3,true,false,2//1,3//4,descendant_2:1//1
214,project_1,L11,bridge,3,true,true,2//1,3//4,descendant_2:1//1
214,project_2,L00,bridge,3,true,false,2//1,3//4,descendant_1:1//1
214,project_2,L01,bridge,3,true,true,2//1,3//4,descendant_1:1//1
214,project_2,L10,bridge,3,true,false,2//1,3//4,descendant_2:1//1
214,project_2,L11,bridge,3,true,true,2//1,3//4,descendant_2:1//1
215,project_1,L00,expansion,1,true,false,2//1,1//4,descendant_1:1//1
215,project_1,L01,expansion,1,true,true,2//1,1//4,descendant_1:1//1
215,project_1,L10,expansion,1,true,false,2//1,1//4,descendant_2:1//1
215,project_1,L11,expansion,1,true,true,2//1,1//4,descendant_2:1//1
215,project_2,L00,expansion,1,true,false,2//1,1//4,descendant_1:1//1
215,project_2,L01,expansion,1,true,true,2//1,1//4,descendant_1:1//1
215,project_2,L10,expansion,1,true,false,2//1,1//4,descendant_2:1//1
215,project_2,L11,expansion,1,true,true,2//1,1//4,descendant_2:1//1
216,project_1,L00,expansion,3,true,false,2//1,3//4,descendant_1:1//1
216,project_1,L01,expansion,3,true,true,2//1,3//4,descendant_1:1//1
216,project_1,L10,expansion,3,true,false,2//1,3//4,descendant_2:1//1
216,project_1,L11,expansion,3,true,true,2//1,3//4,descendant_2:1//1
216,project_2,L00,expansion,3,true,false,2//1,3//4,descendant_1:1//1
216,project_2,L01,expansion,3,true,true,2//1,3//4,descendant_1:1//1
216,project_2,L10,expansion,3,true,false,2//1,3//4,descendant_2:1//1
216,project_2,L11,expansion,3,true,true,2//1,3//4,descendant_2:1//1
217,project_1,L00,expansion,3,true,false,2//1,3//4,descendant_1:1//1
217,project_1,L01,expansion,3,true,true,2//1,3//4,descendant_1:1//1
217,project_1,L10,expansion,3,true,false,2//1,3//4,descendant_2:1//1
217,project_1,L11,expansion,3,true,true,2//1,3//4,descendant_2:1//1
217,project_2,L00,expansion,3,true,false,2//1,3//4,descendant_1:1//1
217,project_2,L01,expansion,3,true,true,2//1,3//4,descendant_1:1//1
217,project_2,L10,expansion,3,true,false,2//1,3//4,descendant_2:1//1
217,project_2,L11,expansion,3,true,true,2//1,3//4,descendant_2:1//1
218,project_1,L00,bridge,1,true,false,1//2,3//4,descendant_1:1//1
218,project_1,L01,bridge,1,true,true,1//2,3//4,descendant_1:1//1
218,project_1,L10,bridge,1,true,false,1//2,3//4,descendant_2:1//1
218,project_1,L11,bridge,1,true,true,1//2,3//4,descendant_2:1//1
218,project_2,L00,bridge,1,true,false,1//2,3//4,descendant_1:1//1
218,project_2,L01,bridge,1,true,true,1//2,3//4,descendant_1:1//1
218,project_2,L10,bridge,1,true,false,1//2,3//4,descendant_2:1//1
218,project_2,L11,bridge,1,true,true,1//2,3//4,descendant_2:1//1
219,project_1,L00,bridge,1,true,false,2//1,1//4,descendant_1:1//1
219,project_1,L01,bridge,1,true,true,2//1,1//4,descendant_1:1//1
219,project_1,L10,bridge,1,true,false,2//1,1//4,descendant_2:1//1
219,project_1,L11,bridge,1,true,true,2//1,1//4,descendant_2:1//1
219,project_2,L00,bridge,1,true,false,2//1,1//4,descendant_1:1//1
219,project_2,L01,bridge,1,true,true,2//1,1//4,descendant_1:1//1
219,project_2,L10,bridge,1,true,false,2//1,1//4,descendant_2:1//1
219,project_2,L11,bridge,1,true,true,2//1,1//4,descendant_2:1//1
220,project_1,L00,bridge,1,true,false,1//2,1//4,descendant_1:1//1
220,project_1,L01,bridge,1,true,true,1//2,1//4,descendant_1:1//1
220,project_1,L10,bridge,1,true,false,1//2,1//4,descendant_2:1//1
220,project_1,L11,bridge,1,true,true,1//2,1//4,descendant_2:1//1
220,project_2,L00,bridge,1,true,false,1//2,1//4,descendant_1:1//1
220,project_2,L01,bridge,1,true,true,1//2,1//4,descendant_1:1//1
220,project_2,L10,bridge,1,true,false,1//2,1//4,descendant_2:1//1
220,project_2,L11,bridge,1,true,true,1//2,1//4,descendant_2:1//1
221,project_1,L00,expansion,3,true,false,2//1,1//4,descendant_1:1//1
221,project_1,L01,expansion,3,true,true,2//1,1//4,descendant_1:1//1
221,project_1,L10,expansion,3,true,false,2//1,1//4,descendant_2:1//1
221,project_1,L11,expansion,3,true,true,2//1,1//4,descendant_2:1//1
221,project_2,L00,expansion,3,true,false,2//1,1//4,descendant_1:1//1
221,project_2,L01,expansion,3,true,true,2//1,1//4,descendant_1:1//1
221,project_2,L10,expansion,3,true,false,2//1,1//4,descendant_2:1//1
221,project_2,L11,expansion,3,true,true,2//1,1//4,descendant_2:1//1
222,project_1,L00,expansion,3,true,false,1//2,1//4,descendant_1:1//1
222,project_1,L01,expansion,3,true,true,1//2,1//4,descendant_1:1//1
222,project_1,L10,expansion,3,true,false,1//2,1//4,descendant_2:1//1
222,project_1,L11,expansion,3,true,true,1//2,1//4,descendant_2:1//1
222,project_2,L00,expansion,3,true,false,1//2,1//4,descendant_1:1//1
222,project_2,L01,expansion,3,true,true,1//2,1//4,descendant_1:1//1
222,project_2,L10,expansion,3,true,false,1//2,1//4,descendant_2:1//1
222,project_2,L11,expansion,3,true,true,1//2,1//4,descendant_2:1//1
223,project_1,L00,bridge,1,true,false,2//1,1//4,descendant_1:1//1
223,project_1,L01,bridge,1,true,true,2//1,1//4,descendant_1:1//1
223,project_1,L10,bridge,1,true,false,2//1,1//4,descendant_2:1//1
223,project_1,L11,bridge,1,true,true,2//1,1//4,descendant_2:1//1
223,project_2,L00,bridge,1,true,false,2//1,1//4,descendant_1:1//1
223,project_2,L01,bridge,1,true,true,2//1,1//4,descendant_1:1//1
223,project_2,L10,bridge,1,true,false,2//1,1//4,descendant_2:1//1
223,project_2,L11,bridge,1,true,true,2//1,1//4,descendant_2:1//1
224,project_1,L00,expansion,3,true,false,2//1,1//4,descendant_1:1//1
224,project_1,L01,expansion,3,true,true,2//1,1//4,descendant_1:1//1
224,project_1,L10,expansion,3,true,false,2//1,1//4,descendant_2:1//1
224,project_1,L11,expansion,3,true,true,2//1,1//4,descendant_2:1//1
224,project_2,L00,expansion,3,true,false,2//1,1//4,descendant_1:1//1
224,project_2,L01,expansion,3,true,true,2//1,1//4,descendant_1:1//1
224,project_2,L10,expansion,3,true,false,2//1,1//4,descendant_2:1//1
224,project_2,L11,expansion,3,true,true,2//1,1//4,descendant_2:1//1
225,project_1,L00,expansion,1,true,false,2//1,3//4,descendant_1:1//1
225,project_1,L01,expansion,1,true,true,2//1,3//4,descendant_1:1//1
225,project_1,L10,expansion,1,true,false,2//1,3//4,descendant_2:1//1
225,project_1,L11,expansion,1,true,true,2//1,3//4,descendant_2:1//1
225,project_2,L00,expansion,1,true,false,2//1,3//4,descendant_1:1//1
225,project_2,L01,expansion,1,true,true,2//1,3//4,descendant_1:1//1
225,project_2,L10,expansion,1,true,false,2//1,3//4,descendant_2:1//1
225,project_2,L11,expansion,1,true,true,2//1,3//4,descendant_2:1//1
226,project_1,L00,bridge,1,true,false,2//1,1//4,descendant_1:1//1
226,project_1,L01,bridge,1,true,true,2//1,1//4,descendant_1:1//1
226,project_1,L10,bridge,1,true,false,2//1,1//4,descendant_2:1//1
226,project_1,L11,bridge,1,true,true,2//1,1//4,descendant_2:1//1
226,project_2,L00,bridge,1,true,false,2//1,1//4,descendant_1:1//1
226,project_2,L01,bridge,1,true,true,2//1,1//4,descendant_1:1//1
226,project_2,L10,bridge,1,true,false,2//1,1//4,descendant_2:1//1
226,project_2,L11,bridge,1,true,true,2//1,1//4,descendant_2:1//1
227,project_1,L00,bridge,3,true,false,2//1,3//4,descendant_1:1//1
227,project_1,L01,bridge,3,true,true,2//1,3//4,descendant_1:1//1
227,project_1,L10,bridge,3,true,false,2//1,3//4,descendant_2:1//1
227,project_1,L11,bridge,3,true,true,2//1,3//4,descendant_2:1//1
227,project_2,L00,bridge,3,true,false,2//1,3//4,descendant_1:1//1
227,project_2,L01,bridge,3,true,true,2//1,3//4,descendant_1:1//1
227,project_2,L10,bridge,3,true,false,2//1,3//4,descendant_2:1//1
227,project_2,L11,bridge,3,true,true,2//1,3//4,descendant_2:1//1
228,project_1,L00,expansion,1,true,false,1//2,1//4,descendant_1:1//1
228,project_1,L01,expansion,1,true,true,1//2,1//4,descendant_1:1//1
228,project_1,L10,expansion,1,true,false,1//2,1//4,descendant_2:1//1
228,project_1,L11,expansion,1,true,true,1//2,1//4,descendant_2:1//1
228,project_2,L00,expansion,1,true,false,1//2,1//4,descendant_1:1//1
228,project_2,L01,expansion,1,true,true,1//2,1//4,descendant_1:1//1
228,project_2,L10,expansion,1,true,false,1//2,1//4,descendant_2:1//1
228,project_2,L11,expansion,1,true,true,1//2,1//4,descendant_2:1//1
229,project_1,L00,bridge,1,true,false,2//1,3//4,descendant_1:1//1
229,project_1,L01,bridge,1,true,true,2//1,3//4,descendant_1:1//1
229,project_1,L10,bridge,1,true,false,2//1,3//4,descendant_2:1//1
229,project_1,L11,bridge,1,true,true,2//1,3//4,descendant_2:1//1
229,project_2,L00,bridge,1,true,false,2//1,3//4,descendant_1:1//1
229,project_2,L01,bridge,1,true,true,2//1,3//4,descendant_1:1//1
229,project_2,L10,bridge,1,true,false,2//1,3//4,descendant_2:1//1
229,project_2,L11,bridge,1,true,true,2//1,3//4,descendant_2:1//1
230,project_1,L00,expansion,3,true,false,2//1,1//4,descendant_1:1//1
230,project_1,L01,expansion,3,true,true,2//1,1//4,descendant_1:1//1
230,project_1,L10,expansion,3,true,false,2//1,1//4,descendant_2:1//1
230,project_1,L11,expansion,3,true,true,2//1,1//4,descendant_2:1//1
230,project_2,L00,expansion,3,true,false,2//1,1//4,descendant_1:1//1
230,project_2,L01,expansion,3,true,true,2//1,1//4,descendant_1:1//1
230,project_2,L10,expansion,3,true,false,2//1,1//4,descendant_2:1//1
230,project_2,L11,expansion,3,true,true,2//1,1//4,descendant_2:1//1
231,project_1,L00,expansion,1,true,false,1//2,1//4,descendant_1:1//1
231,project_1,L01,expansion,1,true,true,1//2,1//4,descendant_1:1//1
231,project_1,L10,expansion,1,true,false,1//2,1//4,descendant_2:1//1
231,project_1,L11,expansion,1,true,true,1//2,1//4,descendant_2:1//1
231,project_2,L00,expansion,1,true,false,1//2,1//4,descendant_1:1//1
231,project_2,L01,expansion,1,true,true,1//2,1//4,descendant_1:1//1
231,project_2,L10,expansion,1,true,false,1//2,1//4,descendant_2:1//1
231,project_2,L11,expansion,1,true,true,1//2,1//4,descendant_2:1//1
232,project_1,L00,expansion,3,true,false,1//2,3//4,descendant_1:1//1
232,project_1,L01,expansion,3,true,true,1//2,3//4,descendant_1:1//1
232,project_1,L10,expansion,3,true,false,1//2,3//4,descendant_2:1//1
232,project_1,L11,expansion,3,true,true,1//2,3//4,descendant_2:1//1
232,project_2,L00,expansion,3,true,false,1//2,3//4,descendant_1:1//1
232,project_2,L01,expansion,3,true,true,1//2,3//4,descendant_1:1//1
232,project_2,L10,expansion,3,true,false,1//2,3//4,descendant_2:1//1
232,project_2,L11,expansion,3,true,true,1//2,3//4,descendant_2:1//1
233,project_1,L00,expansion,1,true,false,2//1,1//4,descendant_1:1//1
233,project_1,L01,expansion,1,true,true,2//1,1//4,descendant_1:1//1
233,project_1,L10,expansion,1,true,false,2//1,1//4,descendant_2:1//1
233,project_1,L11,expansion,1,true,true,2//1,1//4,descendant_2:1//1
233,project_2,L00,expansion,1,true,false,2//1,1//4,descendant_1:1//1
233,project_2,L01,expansion,1,true,true,2//1,1//4,descendant_1:1//1
233,project_2,L10,expansion,1,true,false,2//1,1//4,descendant_2:1//1
233,project_2,L11,expansion,1,true,true,2//1,1//4,descendant_2:1//1
234,project_1,L00,bridge,1,true,false,1//2,1//4,descendant_1:1//1
234,project_1,L01,bridge,1,true,true,1//2,1//4,descendant_1:1//1
234,project_1,L10,bridge,1,true,false,1//2,1//4,descendant_2:1//1
234,project_1,L11,bridge,1,true,true,1//2,1//4,descendant_2:1//1
234,project_2,L00,bridge,1,true,false,1//2,1//4,descendant_1:1//1
234,project_2,L01,bridge,1,true,true,1//2,1//4,descendant_1:1//1
234,project_2,L10,bridge,1,true,false,1//2,1//4,descendant_2:1//1
234,project_2,L11,bridge,1,true,true,1//2,1//4,descendant_2:1//1
235,project_1,L00,bridge,3,true,false,1//2,3//4,descendant_1:1//1
235,project_1,L01,bridge,3,true,true,1//2,3//4,descendant_1:1//1
235,project_1,L10,bridge,3,true,false,1//2,3//4,descendant_2:1//1
235,project_1,L11,bridge,3,true,true,1//2,3//4,descendant_2:1//1
235,project_2,L00,bridge,3,true,false,1//2,3//4,descendant_1:1//1
235,project_2,L01,bridge,3,true,true,1//2,3//4,descendant_1:1//1
235,project_2,L10,bridge,3,true,false,1//2,3//4,descendant_2:1//1
235,project_2,L11,bridge,3,true,true,1//2,3//4,descendant_2:1//1
236,project_1,L00,expansion,3,true,false,2//1,1//4,descendant_1:1//1
236,project_1,L01,expansion,3,true,true,2//1,1//4,descendant_1:1//1
236,project_1,L10,expansion,3,true,false,2//1,1//4,descendant_2:1//1
236,project_1,L11,expansion,3,true,true,2//1,1//4,descendant_2:1//1
236,project_2,L00,expansion,3,true,false,2//1,1//4,descendant_1:1//1
236,project_2,L01,expansion,3,true,true,2//1,1//4,descendant_1:1//1
236,project_2,L10,expansion,3,true,false,2//1,1//4,descendant_2:1//1
236,project_2,L11,expansion,3,true,true,2//1,1//4,descendant_2:1//1
237,project_1,L00,expansion,1,true,false,2//1,3//4,descendant_1:1//1
237,project_1,L01,expansion,1,true,true,2//1,3//4,descendant_1:1//1
237,project_1,L10,expansion,1,true,false,2//1,3//4,descendant_2:1//1
237,project_1,L11,expansion,1,true,true,2//1,3//4,descendant_2:1//1
237,project_2,L00,expansion,1,true,false,2//1,3//4,descendant_1:1//1
237,project_2,L01,expansion,1,true,true,2//1,3//4,descendant_1:1//1
237,project_2,L10,expansion,1,true,false,2//1,3//4,descendant_2:1//1
237,project_2,L11,expansion,1,true,true,2//1,3//4,descendant_2:1//1
238,project_1,L00,bridge,3,true,false,2//1,1//4,descendant_1:1//1
238,project_1,L01,bridge,3,true,true,2//1,1//4,descendant_1:1//1
238,project_1,L10,bridge,3,true,false,2//1,1//4,descendant_2:1//1
238,project_1,L11,bridge,3,true,true,2//1,1//4,descendant_2:1//1
238,project_2,L00,bridge,3,true,false,2//1,1//4,descendant_1:1//1
238,project_2,L01,bridge,3,true,true,2//1,1//4,descendant_1:1//1
238,project_2,L10,bridge,3,true,false,2//1,1//4,descendant_2:1//1
238,project_2,L11,bridge,3,true,true,2//1,1//4,descendant_2:1//1
239,project_1,L00,bridge,3,true,false,1//2,3//4,descendant_1:1//1
239,project_1,L01,bridge,3,true,true,1//2,3//4,descendant_1:1//1
239,project_1,L10,bridge,3,true,false,1//2,3//4,descendant_2:1//1
239,project_1,L11,bridge,3,true,true,1//2,3//4,descendant_2:1//1
239,project_2,L00,bridge,3,true,false,1//2,3//4,descendant_1:1//1
239,project_2,L01,bridge,3,true,true,1//2,3//4,descendant_1:1//1
239,project_2,L10,bridge,3,true,false,1//2,3//4,descendant_2:1//1
239,project_2,L11,bridge,3,true,true,1//2,3//4,descendant_2:1//1
240,project_1,L00,bridge,3,true,false,2//1,1//4,descendant_1:1//1
240,project_1,L01,bridge,3,true,true,2//1,1//4,descendant_1:1//1
240,project_1,L10,bridge,3,true,false,2//1,1//4,descendant_2:1//1
240,project_1,L11,bridge,3,true,true,2//1,1//4,descendant_2:1//1
240,project_2,L00,bridge,3,true,false,2//1,1//4,descendant_1:1//1
240,project_2,L01,bridge,3,true,true,2//1,1//4,descendant_1:1//1
240,project_2,L10,bridge,3,true,false,2//1,1//4,descendant_2:1//1
240,project_2,L11,bridge,3,true,true,2//1,1//4,descendant_2:1//1
241,project_1,L00,expansion,3,true,false,1//2,1//4,descendant_1:1//1
241,project_1,L01,expansion,3,true,true,1//2,1//4,descendant_1:1//1
241,project_1,L10,expansion,3,true,false,1//2,1//4,descendant_2:1//1
241,project_1,L11,expansion,3,true,true,1//2,1//4,descendant_2:1//1
241,project_2,L00,expansion,3,true,false,1//2,1//4,descendant_1:1//1
241,project_2,L01,expansion,3,true,true,1//2,1//4,descendant_1:1//1
241,project_2,L10,expansion,3,true,false,1//2,1//4,descendant_2:1//1
241,project_2,L11,expansion,3,true,true,1//2,1//4,descendant_2:1//1
242,project_1,L00,expansion,1,true,false,2//1,3//4,descendant_1:1//1
242,project_1,L01,expansion,1,true,true,2//1,3//4,descendant_1:1//1
242,project_1,L10,expansion,1,true,false,2//1,3//4,descendant_2:1//1
242,project_1,L11,expansion,1,true,true,2//1,3//4,descendant_2:1//1
242,project_2,L00,expansion,1,true,false,2//1,3//4,descendant_1:1//1
242,project_2,L01,expansion,1,true,true,2//1,3//4,descendant_1:1//1
242,project_2,L10,expansion,1,true,false,2//1,3//4,descendant_2:1//1
242,project_2,L11,expansion,1,true,true,2//1,3//4,descendant_2:1//1
243,project_1,L00,bridge,1,true,false,2//1,3//4,descendant_1:1//1
243,project_1,L01,bridge,1,true,true,2//1,3//4,descendant_1:1//1
243,project_1,L10,bridge,1,true,false,2//1,3//4,descendant_2:1//1
243,project_1,L11,bridge,1,true,true,2//1,3//4,descendant_2:1//1
243,project_2,L00,bridge,1,true,false,2//1,3//4,descendant_1:1//1
243,project_2,L01,bridge,1,true,true,2//1,3//4,descendant_1:1//1
243,project_2,L10,bridge,1,true,false,2//1,3//4,descendant_2:1//1
243,project_2,L11,bridge,1,true,true,2//1,3//4,descendant_2:1//1
244,project_1,L00,expansion,1,true,false,1//2,1//4,descendant_1:1//1
244,project_1,L01,expansion,1,true,true,1//2,1//4,descendant_1:1//1
244,project_1,L10,expansion,1,true,false,1//2,1//4,descendant_2:1//1
244,project_1,L11,expansion,1,true,true,1//2,1//4,descendant_2:1//1
244,project_2,L00,expansion,1,true,false,1//2,1//4,descendant_1:1//1
244,project_2,L01,expansion,1,true,true,1//2,1//4,descendant_1:1//1
244,project_2,L10,expansion,1,true,false,1//2,1//4,descendant_2:1//1
244,project_2,L11,expansion,1,true,true,1//2,1//4,descendant_2:1//1
245,project_1,L00,bridge,1,true,false,1//2,1//4,descendant_1:1//1
245,project_1,L01,bridge,1,true,true,1//2,1//4,descendant_1:1//1
245,project_1,L10,bridge,1,true,false,1//2,1//4,descendant_2:1//1
245,project_1,L11,bridge,1,true,true,1//2,1//4,descendant_2:1//1
245,project_2,L00,bridge,1,true,false,1//2,1//4,descendant_1:1//1
245,project_2,L01,bridge,1,true,true,1//2,1//4,descendant_1:1//1
245,project_2,L10,bridge,1,true,false,1//2,1//4,descendant_2:1//1
245,project_2,L11,bridge,1,true,true,1//2,1//4,descendant_2:1//1
246,project_1,L00,expansion,1,true,false,2//1,1//4,descendant_1:1//1
246,project_1,L01,expansion,1,true,true,2//1,1//4,descendant_1:1//1
246,project_1,L10,expansion,1,true,false,2//1,1//4,descendant_2:1//1
246,project_1,L11,expansion,1,true,true,2//1,1//4,descendant_2:1//1
246,project_2,L00,expansion,1,true,false,2//1,1//4,descendant_1:1//1
246,project_2,L01,expansion,1,true,true,2//1,1//4,descendant_1:1//1
246,project_2,L10,expansion,1,true,false,2//1,1//4,descendant_2:1//1
246,project_2,L11,expansion,1,true,true,2//1,1//4,descendant_2:1//1
247,project_1,L00,expansion,3,true,false,2//1,1//4,descendant_1:1//1
247,project_1,L01,expansion,3,true,true,2//1,1//4,descendant_1:1//1
247,project_1,L10,expansion,3,true,false,2//1,1//4,descendant_2:1//1
247,project_1,L11,expansion,3,true,true,2//1,1//4,descendant_2:1//1
247,project_2,L00,expansion,3,true,false,2//1,1//4,descendant_1:1//1
247,project_2,L01,expansion,3,true,true,2//1,1//4,descendant_1:1//1
247,project_2,L10,expansion,3,true,false,2//1,1//4,descendant_2:1//1
247,project_2,L11,expansion,3,true,true,2//1,1//4,descendant_2:1//1
248,project_1,L00,bridge,3,true,false,2//1,1//4,descendant_1:1//1
248,project_1,L01,bridge,3,true,true,2//1,1//4,descendant_1:1//1
248,project_1,L10,bridge,3,true,false,2//1,1//4,descendant_2:1//1
248,project_1,L11,bridge,3,true,true,2//1,1//4,descendant_2:1//1
248,project_2,L00,bridge,3,true,false,2//1,1//4,descendant_1:1//1
248,project_2,L01,bridge,3,true,true,2//1,1//4,descendant_1:1//1
248,project_2,L10,bridge,3,true,false,2//1,1//4,descendant_2:1//1
248,project_2,L11,bridge,3,true,true,2//1,1//4,descendant_2:1//1
249,project_1,L00,expansion,1,true,false,2//1,3//4,descendant_1:1//1
249,project_1,L01,expansion,1,true,true,2//1,3//4,descendant_1:1//1
249,project_1,L10,expansion,1,true,false,2//1,3//4,descendant_2:1//1
249,project_1,L11,expansion,1,true,true,2//1,3//4,descendant_2:1//1
249,project_2,L00,expansion,1,true,false,2//1,3//4,descendant_1:1//1
249,project_2,L01,expansion,1,true,true,2//1,3//4,descendant_1:1//1
249,project_2,L10,expansion,1,true,false,2//1,3//4,descendant_2:1//1
249,project_2,L11,expansion,1,true,true,2//1,3//4,descendant_2:1//1
250,project_1,L00,expansion,1,true,false,1//2,3//4,descendant_1:1//1
250,project_1,L01,expansion,1,true,true,1//2,3//4,descendant_1:1//1
250,project_1,L10,expansion,1,true,false,1//2,3//4,descendant_2:1//1
250,project_1,L11,expansion,1,true,true,1//2,3//4,descendant_2:1//1
250,project_2,L00,expansion,1,true,false,1//2,3//4,descendant_1:1//1
250,project_2,L01,expansion,1,true,true,1//2,3//4,descendant_1:1//1
250,project_2,L10,expansion,1,true,false,1//2,3//4,descendant_2:1//1
250,project_2,L11,expansion,1,true,true,1//2,3//4,descendant_2:1//1
251,project_1,L00,bridge,3,true,false,2//1,3//4,descendant_1:1//1
251,project_1,L01,bridge,3,true,true,2//1,3//4,descendant_1:1//1
251,project_1,L10,bridge,3,true,false,2//1,3//4,descendant_2:1//1
251,project_1,L11,bridge,3,true,true,2//1,3//4,descendant_2:1//1
251,project_2,L00,bridge,3,true,false,2//1,3//4,descendant_1:1//1
251,project_2,L01,bridge,3,true,true,2//1,3//4,descendant_1:1//1
251,project_2,L10,bridge,3,true,false,2//1,3//4,descendant_2:1//1
251,project_2,L11,bridge,3,true,true,2//1,3//4,descendant_2:1//1
252,project_1,L00,bridge,1,true,false,1//2,3//4,descendant_1:1//1
252,project_1,L01,bridge,1,true,true,1//2,3//4,descendant_1:1//1
252,project_1,L10,bridge,1,true,false,1//2,3//4,descendant_2:1//1
252,project_1,L11,bridge,1,true,true,1//2,3//4,descendant_2:1//1
252,project_2,L00,bridge,1,true,false,1//2,3//4,descendant_1:1//1
252,project_2,L01,bridge,1,true,true,1//2,3//4,descendant_1:1//1
252,project_2,L10,bridge,1,true,false,1//2,3//4,descendant_2:1//1
252,project_2,L11,bridge,1,true,true,1//2,3//4,descendant_2:1//1
253,project_1,L00,bridge,1,true,false,2//1,1//4,descendant_1:1//1
253,project_1,L01,bridge,1,true,true,2//1,1//4,descendant_1:1//1
253,project_1,L10,bridge,1,true,false,2//1,1//4,descendant_2:1//1
253,project_1,L11,bridge,1,true,true,2//1,1//4,descendant_2:1//1
253,project_2,L00,bridge,1,true,false,2//1,1//4,descendant_1:1//1
253,project_2,L01,bridge,1,true,true,2//1,1//4,descendant_1:1//1
253,project_2,L10,bridge,1,true,false,2//1,1//4,descendant_2:1//1
253,project_2,L11,bridge,1,true,true,2//1,1//4,descendant_2:1//1
254,project_1,L00,expansion,1,true,false,1//2,1//4,descendant_1:1//1
254,project_1,L01,expansion,1,true,true,1//2,1//4,descendant_1:1//1
254,project_1,L10,expansion,1,true,false,1//2,1//4,descendant_2:1//1
254,project_1,L11,expansion,1,true,true,1//2,1//4,descendant_2:1//1
254,project_2,L00,expansion,1,true,false,1//2,1//4,descendant_1:1//1
254,project_2,L01,expansion,1,true,true,1//2,1//4,descendant_1:1//1
254,project_2,L10,expansion,1,true,false,1//2,1//4,descendant_2:1//1
254,project_2,L11,expansion,1,true,true,1//2,1//4,descendant_2:1//1
255,project_1,L00,expansion,1,true,false,1//2,3//4,descendant_1:1//1
255,project_1,L01,expansion,1,true,true,1//2,3//4,descendant_1:1//1
255,project_1,L10,expansion,1,true,false,1//2,3//4,descendant_2:1//1
255,project_1,L11,expansion,1,true,true,1//2,3//4,descendant_2:1//1
255,project_2,L00,expansion,1,true,false,1//2,3//4,descendant_1:1//1
255,project_2,L01,expansion,1,true,true,1//2,3//4,descendant_1:1//1
255,project_2,L10,expansion,1,true,false,1//2,3//4,descendant_2:1//1
255,project_2,L11,expansion,1,true,true,1//2,3//4,descendant_2:1//1
256,project_1,L00,expansion,3,true,false,1//2,3//4,descendant_1:1//1
256,project_1,L01,expansion,3,true,true,1//2,3//4,descendant_1:1//1
256,project_1,L10,expansion,3,true,false,1//2,3//4,descendant_2:1//1
256,project_1,L11,expansion,3,true,true,1//2,3//4,descendant_2:1//1
256,project_2,L00,expansion,3,true,false,1//2,3//4,descendant_1:1//1
256,project_2,L01,expansion,3,true,true,1//2,3//4,descendant_1:1//1
256,project_2,L10,expansion,3,true,false,1//2,3//4,descendant_2:1//1
256,project_2,L11,expansion,3,true,true,1//2,3//4,descendant_2:1//1
257,project_1,L00,bridge,1,true,false,2//1,1//4,descendant_1:1//1
257,project_1,L01,bridge,1,true,true,2//1,1//4,descendant_1:1//1
257,project_1,L10,bridge,1,true,false,2//1,1//4,descendant_1:1//1
257,project_1,L11,bridge,1,true,true,2//1,1//4,descendant_1:1//1
257,project_2,L00,bridge,1,true,false,2//1,1//4,descendant_1:1//1
257,project_2,L01,bridge,1,true,true,2//1,1//4,descendant_1:1//1
257,project_2,L10,bridge,1,true,false,2//1,1//4,descendant_1:1//1
257,project_2,L11,bridge,1,true,true,2//1,1//4,descendant_1:1//1
258,project_1,L00,bridge,3,true,false,2//1,3//4,descendant_1:1//1
258,project_1,L01,bridge,3,true,true,2//1,3//4,descendant_1:1//1
258,project_1,L10,bridge,3,true,false,2//1,3//4,descendant_1:1//1
258,project_1,L11,bridge,3,true,true,2//1,3//4,descendant_1:1//1
258,project_2,L00,bridge,3,true,false,2//1,3//4,descendant_1:1//1
258,project_2,L01,bridge,3,true,true,2//1,3//4,descendant_1:1//1
258,project_2,L10,bridge,3,true,false,2//1,3//4,descendant_1:1//1
258,project_2,L11,bridge,3,true,true,2//1,3//4,descendant_1:1//1
259,project_1,L00,bridge,1,true,false,2//1,1//4,descendant_1:1//1
259,project_1,L01,bridge,1,true,true,2//1,1//4,descendant_1:1//1
259,project_1,L10,bridge,1,true,false,2//1,1//4,descendant_1:1//1
259,project_1,L11,bridge,1,true,true,2//1,1//4,descendant_1:1//1
259,project_2,L00,bridge,1,true,false,2//1,1//4,descendant_1:1//1
259,project_2,L01,bridge,1,true,true,2//1,1//4,descendant_1:1//1
259,project_2,L10,bridge,1,true,false,2//1,1//4,descendant_1:1//1
259,project_2,L11,bridge,1,true,true,2//1,1//4,descendant_1:1//1
260,project_1,L00,bridge,1,true,false,1//2,1//4,descendant_1:1//1
260,project_1,L01,bridge,1,true,true,1//2,1//4,descendant_1:1//1
260,project_1,L10,bridge,1,true,false,1//2,1//4,descendant_1:1//1
260,project_1,L11,bridge,1,true,true,1//2,1//4,descendant_1:1//1
260,project_2,L00,bridge,1,true,false,1//2,1//4,descendant_1:1//1
260,project_2,L01,bridge,1,true,true,1//2,1//4,descendant_1:1//1
260,project_2,L10,bridge,1,true,false,1//2,1//4,descendant_1:1//1
260,project_2,L11,bridge,1,true,true,1//2,1//4,descendant_1:1//1
261,project_1,L00,expansion,3,true,false,1//2,3//4,descendant_1:1//1
261,project_1,L01,expansion,3,true,true,1//2,3//4,descendant_1:1//1
261,project_1,L10,expansion,3,true,false,1//2,3//4,descendant_1:1//1
261,project_1,L11,expansion,3,true,true,1//2,3//4,descendant_1:1//1
261,project_2,L00,expansion,3,true,false,1//2,3//4,descendant_1:1//1
261,project_2,L01,expansion,3,true,true,1//2,3//4,descendant_1:1//1
261,project_2,L10,expansion,3,true,false,1//2,3//4,descendant_1:1//1
261,project_2,L11,expansion,3,true,true,1//2,3//4,descendant_1:1//1
262,project_1,L00,bridge,1,true,false,2//1,1//4,descendant_1:1//1
262,project_1,L01,bridge,1,true,true,2//1,1//4,descendant_1:1//1
262,project_1,L10,bridge,1,true,false,2//1,1//4,descendant_1:1//1
262,project_1,L11,bridge,1,true,true,2//1,1//4,descendant_1:1//1
262,project_2,L00,bridge,1,true,false,2//1,1//4,descendant_1:1//1
262,project_2,L01,bridge,1,true,true,2//1,1//4,descendant_1:1//1
262,project_2,L10,bridge,1,true,false,2//1,1//4,descendant_1:1//1
262,project_2,L11,bridge,1,true,true,2//1,1//4,descendant_1:1//1
263,project_1,L00,bridge,1,true,false,2//1,3//4,descendant_1:1//1
263,project_1,L01,bridge,1,true,true,2//1,3//4,descendant_1:1//1
263,project_1,L10,bridge,1,true,false,2//1,3//4,descendant_1:1//1
263,project_1,L11,bridge,1,true,true,2//1,3//4,descendant_1:1//1
263,project_2,L00,bridge,1,true,false,2//1,3//4,descendant_1:1//1
263,project_2,L01,bridge,1,true,true,2//1,3//4,descendant_1:1//1
263,project_2,L10,bridge,1,true,false,2//1,3//4,descendant_1:1//1
263,project_2,L11,bridge,1,true,true,2//1,3//4,descendant_1:1//1
264,project_1,L00,expansion,3,true,false,1//2,3//4,descendant_1:1//1
264,project_1,L01,expansion,3,true,true,1//2,3//4,descendant_1:1//1
264,project_1,L10,expansion,3,true,false,1//2,3//4,descendant_1:1//1
264,project_1,L11,expansion,3,true,true,1//2,3//4,descendant_1:1//1
264,project_2,L00,expansion,3,true,false,1//2,3//4,descendant_1:1//1
264,project_2,L01,expansion,3,true,true,1//2,3//4,descendant_1:1//1
264,project_2,L10,expansion,3,true,false,1//2,3//4,descendant_1:1//1
264,project_2,L11,expansion,3,true,true,1//2,3//4,descendant_1:1//1
265,project_1,L00,bridge,3,true,false,1//2,3//4,descendant_1:1//1
265,project_1,L01,bridge,3,true,true,1//2,3//4,descendant_1:1//1
265,project_1,L10,bridge,3,true,false,1//2,3//4,descendant_1:1//1
265,project_1,L11,bridge,3,true,true,1//2,3//4,descendant_1:1//1
265,project_2,L00,bridge,3,true,false,1//2,3//4,descendant_1:1//1
265,project_2,L01,bridge,3,true,true,1//2,3//4,descendant_1:1//1
265,project_2,L10,bridge,3,true,false,1//2,3//4,descendant_1:1//1
265,project_2,L11,bridge,3,true,true,1//2,3//4,descendant_1:1//1
266,project_1,L00,expansion,3,true,false,2//1,3//4,descendant_1:1//1
266,project_1,L01,expansion,3,true,true,2//1,3//4,descendant_1:1//1
266,project_1,L10,expansion,3,true,false,2//1,3//4,descendant_1:1//1
266,project_1,L11,expansion,3,true,true,2//1,3//4,descendant_1:1//1
266,project_2,L00,expansion,3,true,false,2//1,3//4,descendant_1:1//1
266,project_2,L01,expansion,3,true,true,2//1,3//4,descendant_1:1//1
266,project_2,L10,expansion,3,true,false,2//1,3//4,descendant_1:1//1
266,project_2,L11,expansion,3,true,true,2//1,3//4,descendant_1:1//1
267,project_1,L00,expansion,1,true,false,2//1,1//4,descendant_1:1//1
267,project_1,L01,expansion,1,true,true,2//1,1//4,descendant_1:1//1
267,project_1,L10,expansion,1,true,false,2//1,1//4,descendant_1:1//1
267,project_1,L11,expansion,1,true,true,2//1,1//4,descendant_1:1//1
267,project_2,L00,expansion,1,true,false,2//1,1//4,descendant_1:1//1
267,project_2,L01,expansion,1,true,true,2//1,1//4,descendant_1:1//1
267,project_2,L10,expansion,1,true,false,2//1,1//4,descendant_1:1//1
267,project_2,L11,expansion,1,true,true,2//1,1//4,descendant_1:1//1
268,project_1,L00,expansion,1,true,false,1//2,1//4,descendant_1:1//1
268,project_1,L01,expansion,1,true,true,1//2,1//4,descendant_1:1//1
268,project_1,L10,expansion,1,true,false,1//2,1//4,descendant_1:1//1
268,project_1,L11,expansion,1,true,true,1//2,1//4,descendant_1:1//1
268,project_2,L00,expansion,1,true,false,1//2,1//4,descendant_1:1//1
268,project_2,L01,expansion,1,true,true,1//2,1//4,descendant_1:1//1
268,project_2,L10,expansion,1,true,false,1//2,1//4,descendant_1:1//1
268,project_2,L11,expansion,1,true,true,1//2,1//4,descendant_1:1//1
269,project_1,L00,bridge,3,true,false,2//1,3//4,descendant_1:1//1
269,project_1,L01,bridge,3,true,true,2//1,3//4,descendant_1:1//1
269,project_1,L10,bridge,3,true,false,2//1,3//4,descendant_1:1//1
269,project_1,L11,bridge,3,true,true,2//1,3//4,descendant_1:1//1
269,project_2,L00,bridge,3,true,false,2//1,3//4,descendant_1:1//1
269,project_2,L01,bridge,3,true,true,2//1,3//4,descendant_1:1//1
269,project_2,L10,bridge,3,true,false,2//1,3//4,descendant_1:1//1
269,project_2,L11,bridge,3,true,true,2//1,3//4,descendant_1:1//1
270,project_1,L00,bridge,1,true,false,1//2,3//4,descendant_1:1//1
270,project_1,L01,bridge,1,true,true,1//2,3//4,descendant_1:1//1
270,project_1,L10,bridge,1,true,false,1//2,3//4,descendant_1:1//1
270,project_1,L11,bridge,1,true,true,1//2,3//4,descendant_1:1//1
270,project_2,L00,bridge,1,true,false,1//2,3//4,descendant_1:1//1
270,project_2,L01,bridge,1,true,true,1//2,3//4,descendant_1:1//1
270,project_2,L10,bridge,1,true,false,1//2,3//4,descendant_1:1//1
270,project_2,L11,bridge,1,true,true,1//2,3//4,descendant_1:1//1
271,project_1,L00,bridge,1,true,false,2//1,3//4,descendant_1:1//1
271,project_1,L01,bridge,1,true,true,2//1,3//4,descendant_1:1//1
271,project_1,L10,bridge,1,true,false,2//1,3//4,descendant_1:1//1
271,project_1,L11,bridge,1,true,true,2//1,3//4,descendant_1:1//1
271,project_2,L00,bridge,1,true,false,2//1,3//4,descendant_1:1//1
271,project_2,L01,bridge,1,true,true,2//1,3//4,descendant_1:1//1
271,project_2,L10,bridge,1,true,false,2//1,3//4,descendant_1:1//1
271,project_2,L11,bridge,1,true,true,2//1,3//4,descendant_1:1//1
272,project_1,L00,bridge,3,true,false,1//2,1//4,descendant_1:1//1
272,project_1,L01,bridge,3,true,true,1//2,1//4,descendant_1:1//1
272,project_1,L10,bridge,3,true,false,1//2,1//4,descendant_1:1//1
272,project_1,L11,bridge,3,true,true,1//2,1//4,descendant_1:1//1
272,project_2,L00,bridge,3,true,false,1//2,1//4,descendant_1:1//1
272,project_2,L01,bridge,3,true,true,1//2,1//4,descendant_1:1//1
272,project_2,L10,bridge,3,true,false,1//2,1//4,descendant_1:1//1
272,project_2,L11,bridge,3,true,true,1//2,1//4,descendant_1:1//1
273,project_1,L00,bridge,3,true,false,1//2,3//4,descendant_1:1//1
273,project_1,L01,bridge,3,true,true,1//2,3//4,descendant_1:1//1
273,project_1,L10,bridge,3,true,false,1//2,3//4,descendant_1:1//1
273,project_1,L11,bridge,3,true,true,1//2,3//4,descendant_1:1//1
273,project_2,L00,bridge,3,true,false,1//2,3//4,descendant_1:1//1
273,project_2,L01,bridge,3,true,true,1//2,3//4,descendant_1:1//1
273,project_2,L10,bridge,3,true,false,1//2,3//4,descendant_1:1//1
273,project_2,L11,bridge,3,true,true,1//2,3//4,descendant_1:1//1
274,project_1,L00,bridge,3,true,false,2//1,3//4,descendant_1:1//1
274,project_1,L01,bridge,3,true,true,2//1,3//4,descendant_1:1//1
274,project_1,L10,bridge,3,true,false,2//1,3//4,descendant_1:1//1
274,project_1,L11,bridge,3,true,true,2//1,3//4,descendant_1:1//1
274,project_2,L00,bridge,3,true,false,2//1,3//4,descendant_1:1//1
274,project_2,L01,bridge,3,true,true,2//1,3//4,descendant_1:1//1
274,project_2,L10,bridge,3,true,false,2//1,3//4,descendant_1:1//1
274,project_2,L11,bridge,3,true,true,2//1,3//4,descendant_1:1//1
275,project_1,L00,expansion,3,true,false,2//1,3//4,descendant_1:1//1
275,project_1,L01,expansion,3,true,true,2//1,3//4,descendant_1:1//1
275,project_1,L10,expansion,3,true,false,2//1,3//4,descendant_1:1//1
275,project_1,L11,expansion,3,true,true,2//1,3//4,descendant_1:1//1
275,project_2,L00,expansion,3,true,false,2//1,3//4,descendant_1:1//1
275,project_2,L01,expansion,3,true,true,2//1,3//4,descendant_1:1//1
275,project_2,L10,expansion,3,true,false,2//1,3//4,descendant_1:1//1
275,project_2,L11,expansion,3,true,true,2//1,3//4,descendant_1:1//1
276,project_1,L00,expansion,3,true,false,1//2,3//4,descendant_1:1//1
276,project_1,L01,expansion,3,true,true,1//2,3//4,descendant_1:1//1
276,project_1,L10,expansion,3,true,false,1//2,3//4,descendant_1:1//1
276,project_1,L11,expansion,3,true,true,1//2,3//4,descendant_1:1//1
276,project_2,L00,expansion,3,true,false,1//2,3//4,descendant_1:1//1
276,project_2,L01,expansion,3,true,true,1//2,3//4,descendant_1:1//1
276,project_2,L10,expansion,3,true,false,1//2,3//4,descendant_1:1//1
276,project_2,L11,expansion,3,true,true,1//2,3//4,descendant_1:1//1
277,project_1,L00,bridge,1,true,false,1//2,1//4,descendant_1:1//1
277,project_1,L01,bridge,1,true,true,1//2,1//4,descendant_1:1//1
277,project_1,L10,bridge,1,true,false,1//2,1//4,descendant_1:1//1
277,project_1,L11,bridge,1,true,true,1//2,1//4,descendant_1:1//1
277,project_2,L00,bridge,1,true,false,1//2,1//4,descendant_1:1//1
277,project_2,L01,bridge,1,true,true,1//2,1//4,descendant_1:1//1
277,project_2,L10,bridge,1,true,false,1//2,1//4,descendant_1:1//1
277,project_2,L11,bridge,1,true,true,1//2,1//4,descendant_1:1//1
278,project_1,L00,bridge,3,true,false,2//1,1//4,descendant_1:1//1
278,project_1,L01,bridge,3,true,true,2//1,1//4,descendant_1:1//1
278,project_1,L10,bridge,3,true,false,2//1,1//4,descendant_1:1//1
278,project_1,L11,bridge,3,true,true,2//1,1//4,descendant_1:1//1
278,project_2,L00,bridge,3,true,false,2//1,1//4,descendant_1:1//1
278,project_2,L01,bridge,3,true,true,2//1,1//4,descendant_1:1//1
278,project_2,L10,bridge,3,true,false,2//1,1//4,descendant_1:1//1
278,project_2,L11,bridge,3,true,true,2//1,1//4,descendant_1:1//1
279,project_1,L00,bridge,1,true,false,1//2,1//4,descendant_1:1//1
279,project_1,L01,bridge,1,true,true,1//2,1//4,descendant_1:1//1
279,project_1,L10,bridge,1,true,false,1//2,1//4,descendant_1:1//1
279,project_1,L11,bridge,1,true,true,1//2,1//4,descendant_1:1//1
279,project_2,L00,bridge,1,true,false,1//2,1//4,descendant_1:1//1
279,project_2,L01,bridge,1,true,true,1//2,1//4,descendant_1:1//1
279,project_2,L10,bridge,1,true,false,1//2,1//4,descendant_1:1//1
279,project_2,L11,bridge,1,true,true,1//2,1//4,descendant_1:1//1
280,project_1,L00,bridge,1,true,false,1//2,3//4,descendant_1:1//1
280,project_1,L01,bridge,1,true,true,1//2,3//4,descendant_1:1//1
280,project_1,L10,bridge,1,true,false,1//2,3//4,descendant_1:1//1
280,project_1,L11,bridge,1,true,true,1//2,3//4,descendant_1:1//1
280,project_2,L00,bridge,1,true,false,1//2,3//4,descendant_1:1//1
280,project_2,L01,bridge,1,true,true,1//2,3//4,descendant_1:1//1
280,project_2,L10,bridge,1,true,false,1//2,3//4,descendant_1:1//1
280,project_2,L11,bridge,1,true,true,1//2,3//4,descendant_1:1//1
281,project_1,L00,bridge,3,true,false,2//1,3//4,descendant_1:1//1
281,project_1,L01,bridge,3,true,true,2//1,3//4,descendant_1:1//1
281,project_1,L10,bridge,3,true,false,2//1,3//4,descendant_1:1//1
281,project_1,L11,bridge,3,true,true,2//1,3//4,descendant_1:1//1
281,project_2,L00,bridge,3,true,false,2//1,3//4,descendant_1:1//1
281,project_2,L01,bridge,3,true,true,2//1,3//4,descendant_1:1//1
281,project_2,L10,bridge,3,true,false,2//1,3//4,descendant_1:1//1
281,project_2,L11,bridge,3,true,true,2//1,3//4,descendant_1:1//1
282,project_1,L00,expansion,1,true,false,1//2,3//4,descendant_1:1//1
282,project_1,L01,expansion,1,true,true,1//2,3//4,descendant_1:1//1
282,project_1,L10,expansion,1,true,false,1//2,3//4,descendant_1:1//1
282,project_1,L11,expansion,1,true,true,1//2,3//4,descendant_1:1//1
282,project_2,L00,expansion,1,true,false,1//2,3//4,descendant_1:1//1
282,project_2,L01,expansion,1,true,true,1//2,3//4,descendant_1:1//1
282,project_2,L10,expansion,1,true,false,1//2,3//4,descendant_1:1//1
282,project_2,L11,expansion,1,true,true,1//2,3//4,descendant_1:1//1
283,project_1,L00,expansion,3,true,false,1//2,1//4,descendant_1:1//1
283,project_1,L01,expansion,3,true,true,1//2,1//4,descendant_1:1//1
283,project_1,L10,expansion,3,true,false,1//2,1//4,descendant_1:1//1
283,project_1,L11,expansion,3,true,true,1//2,1//4,descendant_1:1//1
283,project_2,L00,expansion,3,true,false,1//2,1//4,descendant_1:1//1
283,project_2,L01,expansion,3,true,true,1//2,1//4,descendant_1:1//1
283,project_2,L10,expansion,3,true,false,1//2,1//4,descendant_1:1//1
283,project_2,L11,expansion,3,true,true,1//2,1//4,descendant_1:1//1
284,project_1,L00,expansion,3,true,false,1//2,3//4,descendant_1:1//1
284,project_1,L01,expansion,3,true,true,1//2,3//4,descendant_1:1//1
284,project_1,L10,expansion,3,true,false,1//2,3//4,descendant_1:1//1
284,project_1,L11,expansion,3,true,true,1//2,3//4,descendant_1:1//1
284,project_2,L00,expansion,3,true,false,1//2,3//4,descendant_1:1//1
284,project_2,L01,expansion,3,true,true,1//2,3//4,descendant_1:1//1
284,project_2,L10,expansion,3,true,false,1//2,3//4,descendant_1:1//1
284,project_2,L11,expansion,3,true,true,1//2,3//4,descendant_1:1//1
285,project_1,L00,expansion,3,true,false,2//1,1//4,descendant_1:1//1
285,project_1,L01,expansion,3,true,true,2//1,1//4,descendant_1:1//1
285,project_1,L10,expansion,3,true,false,2//1,1//4,descendant_1:1//1
285,project_1,L11,expansion,3,true,true,2//1,1//4,descendant_1:1//1
285,project_2,L00,expansion,3,true,false,2//1,1//4,descendant_1:1//1
285,project_2,L01,expansion,3,true,true,2//1,1//4,descendant_1:1//1
285,project_2,L10,expansion,3,true,false,2//1,1//4,descendant_1:1//1
285,project_2,L11,expansion,3,true,true,2//1,1//4,descendant_1:1//1
286,project_1,L00,expansion,1,true,false,1//2,1//4,descendant_1:1//1
286,project_1,L01,expansion,1,true,true,1//2,1//4,descendant_1:1//1
286,project_1,L10,expansion,1,true,false,1//2,1//4,descendant_1:1//1
286,project_1,L11,expansion,1,true,true,1//2,1//4,descendant_1:1//1
286,project_2,L00,expansion,1,true,false,1//2,1//4,descendant_1:1//1
286,project_2,L01,expansion,1,true,true,1//2,1//4,descendant_1:1//1
286,project_2,L10,expansion,1,true,false,1//2,1//4,descendant_1:1//1
286,project_2,L11,expansion,1,true,true,1//2,1//4,descendant_1:1//1
287,project_1,L00,expansion,3,true,false,1//2,1//4,descendant_1:1//1
287,project_1,L01,expansion,3,true,true,1//2,1//4,descendant_1:1//1
287,project_1,L10,expansion,3,true,false,1//2,1//4,descendant_1:1//1
287,project_1,L11,expansion,3,true,true,1//2,1//4,descendant_1:1//1
287,project_2,L00,expansion,3,true,false,1//2,1//4,descendant_1:1//1
287,project_2,L01,expansion,3,true,true,1//2,1//4,descendant_1:1//1
287,project_2,L10,expansion,3,true,false,1//2,1//4,descendant_1:1//1
287,project_2,L11,expansion,3,true,true,1//2,1//4,descendant_1:1//1
288,project_1,L00,expansion,1,true,false,2//1,3//4,descendant_1:1//1
288,project_1,L01,expansion,1,true,true,2//1,3//4,descendant_1:1//1
288,project_1,L10,expansion,1,true,false,2//1,3//4,descendant_1:1//1
288,project_1,L11,expansion,1,true,true,2//1,3//4,descendant_1:1//1
288,project_2,L00,expansion,1,true,false,2//1,3//4,descendant_1:1//1
288,project_2,L01,expansion,1,true,true,2//1,3//4,descendant_1:1//1
288,project_2,L10,expansion,1,true,false,2//1,3//4,descendant_1:1//1
288,project_2,L11,expansion,1,true,true,2//1,3//4,descendant_1:1//1
289,project_1,L00,bridge,1,true,false,1//2,3//4,descendant_1:1//1
289,project_1,L01,bridge,1,true,true,1//2,3//4,descendant_1:1//1
289,project_1,L10,bridge,1,true,false,1//2,3//4,descendant_1:1//1
289,project_1,L11,bridge,1,true,true,1//2,3//4,descendant_1:1//1
289,project_2,L00,bridge,1,true,false,1//2,3//4,descendant_1:1//1
289,project_2,L01,bridge,1,true,true,1//2,3//4,descendant_1:1//1
289,project_2,L10,bridge,1,true,false,1//2,3//4,descendant_1:1//1
289,project_2,L11,bridge,1,true,true,1//2,3//4,descendant_1:1//1
290,project_1,L00,bridge,3,true,false,1//2,3//4,descendant_1:1//1
290,project_1,L01,bridge,3,true,true,1//2,3//4,descendant_1:1//1
290,project_1,L10,bridge,3,true,false,1//2,3//4,descendant_1:1//1
290,project_1,L11,bridge,3,true,true,1//2,3//4,descendant_1:1//1
290,project_2,L00,bridge,3,true,false,1//2,3//4,descendant_1:1//1
290,project_2,L01,bridge,3,true,true,1//2,3//4,descendant_1:1//1
290,project_2,L10,bridge,3,true,false,1//2,3//4,descendant_1:1//1
290,project_2,L11,bridge,3,true,true,1//2,3//4,descendant_1:1//1
291,project_1,L00,expansion,1,true,false,1//2,3//4,descendant_1:1//1
291,project_1,L01,expansion,1,true,true,1//2,3//4,descendant_1:1//1
291,project_1,L10,expansion,1,true,false,1//2,3//4,descendant_1:1//1
291,project_1,L11,expansion,1,true,true,1//2,3//4,descendant_1:1//1
291,project_2,L00,expansion,1,true,false,1//2,3//4,descendant_1:1//1
291,project_2,L01,expansion,1,true,true,1//2,3//4,descendant_1:1//1
291,project_2,L10,expansion,1,true,false,1//2,3//4,descendant_1:1//1
291,project_2,L11,expansion,1,true,true,1//2,3//4,descendant_1:1//1
292,project_1,L00,expansion,1,true,false,2//1,1//4,descendant_1:1//1
292,project_1,L01,expansion,1,true,true,2//1,1//4,descendant_1:1//1
292,project_1,L10,expansion,1,true,false,2//1,1//4,descendant_1:1//1
292,project_1,L11,expansion,1,true,true,2//1,1//4,descendant_1:1//1
292,project_2,L00,expansion,1,true,false,2//1,1//4,descendant_1:1//1
292,project_2,L01,expansion,1,true,true,2//1,1//4,descendant_1:1//1
292,project_2,L10,expansion,1,true,false,2//1,1//4,descendant_1:1//1
292,project_2,L11,expansion,1,true,true,2//1,1//4,descendant_1:1//1
293,project_1,L00,expansion,3,true,false,1//2,1//4,descendant_1:1//1
293,project_1,L01,expansion,3,true,true,1//2,1//4,descendant_1:1//1
293,project_1,L10,expansion,3,true,false,1//2,1//4,descendant_1:1//1
293,project_1,L11,expansion,3,true,true,1//2,1//4,descendant_1:1//1
293,project_2,L00,expansion,3,true,false,1//2,1//4,descendant_1:1//1
293,project_2,L01,expansion,3,true,true,1//2,1//4,descendant_1:1//1
293,project_2,L10,expansion,3,true,false,1//2,1//4,descendant_1:1//1
293,project_2,L11,expansion,3,true,true,1//2,1//4,descendant_1:1//1
294,project_1,L00,bridge,3,true,false,2//1,1//4,descendant_1:1//1
294,project_1,L01,bridge,3,true,true,2//1,1//4,descendant_1:1//1
294,project_1,L10,bridge,3,true,false,2//1,1//4,descendant_1:1//1
294,project_1,L11,bridge,3,true,true,2//1,1//4,descendant_1:1//1
294,project_2,L00,bridge,3,true,false,2//1,1//4,descendant_1:1//1
294,project_2,L01,bridge,3,true,true,2//1,1//4,descendant_1:1//1
294,project_2,L10,bridge,3,true,false,2//1,1//4,descendant_1:1//1
294,project_2,L11,bridge,3,true,true,2//1,1//4,descendant_1:1//1
295,project_1,L00,bridge,3,true,false,1//2,3//4,descendant_1:1//1
295,project_1,L01,bridge,3,true,true,1//2,3//4,descendant_1:1//1
295,project_1,L10,bridge,3,true,false,1//2,3//4,descendant_1:1//1
295,project_1,L11,bridge,3,true,true,1//2,3//4,descendant_1:1//1
295,project_2,L00,bridge,3,true,false,1//2,3//4,descendant_1:1//1
295,project_2,L01,bridge,3,true,true,1//2,3//4,descendant_1:1//1
295,project_2,L10,bridge,3,true,false,1//2,3//4,descendant_1:1//1
295,project_2,L11,bridge,3,true,true,1//2,3//4,descendant_1:1//1
296,project_1,L00,bridge,1,true,false,1//2,3//4,descendant_1:1//1
296,project_1,L01,bridge,1,true,true,1//2,3//4,descendant_1:1//1
296,project_1,L10,bridge,1,true,false,1//2,3//4,descendant_1:1//1
296,project_1,L11,bridge,1,true,true,1//2,3//4,descendant_1:1//1
296,project_2,L00,bridge,1,true,false,1//2,3//4,descendant_1:1//1
296,project_2,L01,bridge,1,true,true,1//2,3//4,descendant_1:1//1
296,project_2,L10,bridge,1,true,false,1//2,3//4,descendant_1:1//1
296,project_2,L11,bridge,1,true,true,1//2,3//4,descendant_1:1//1
297,project_1,L00,expansion,1,true,false,2//1,3//4,descendant_1:1//1
297,project_1,L01,expansion,1,true,true,2//1,3//4,descendant_1:1//1
297,project_1,L10,expansion,1,true,false,2//1,3//4,descendant_1:1//1
297,project_1,L11,expansion,1,true,true,2//1,3//4,descendant_1:1//1
297,project_2,L00,expansion,1,true,false,2//1,3//4,descendant_1:1//1
297,project_2,L01,expansion,1,true,true,2//1,3//4,descendant_1:1//1
297,project_2,L10,expansion,1,true,false,2//1,3//4,descendant_1:1//1
297,project_2,L11,expansion,1,true,true,2//1,3//4,descendant_1:1//1
298,project_1,L00,expansion,3,true,false,1//2,1//4,descendant_1:1//1
298,project_1,L01,expansion,3,true,true,1//2,1//4,descendant_1:1//1
298,project_1,L10,expansion,3,true,false,1//2,1//4,descendant_1:1//1
298,project_1,L11,expansion,3,true,true,1//2,1//4,descendant_1:1//1
298,project_2,L00,expansion,3,true,false,1//2,1//4,descendant_1:1//1
298,project_2,L01,expansion,3,true,true,1//2,1//4,descendant_1:1//1
298,project_2,L10,expansion,3,true,false,1//2,1//4,descendant_1:1//1
298,project_2,L11,expansion,3,true,true,1//2,1//4,descendant_1:1//1
299,project_1,L00,expansion,3,true,false,2//1,3//4,descendant_1:1//1
299,project_1,L01,expansion,3,true,true,2//1,3//4,descendant_1:1//1
299,project_1,L10,expansion,3,true,false,2//1,3//4,descendant_1:1//1
299,project_1,L11,expansion,3,true,true,2//1,3//4,descendant_1:1//1
299,project_2,L00,expansion,3,true,false,2//1,3//4,descendant_1:1//1
299,project_2,L01,expansion,3,true,true,2//1,3//4,descendant_1:1//1
299,project_2,L10,expansion,3,true,false,2//1,3//4,descendant_1:1//1
299,project_2,L11,expansion,3,true,true,2//1,3//4,descendant_1:1//1
300,project_1,L00,expansion,3,true,false,2//1,1//4,descendant_1:1//1
300,project_1,L01,expansion,3,true,true,2//1,1//4,descendant_1:1//1
300,project_1,L10,expansion,3,true,false,2//1,1//4,descendant_1:1//1
300,project_1,L11,expansion,3,true,true,2//1,1//4,descendant_1:1//1
300,project_2,L00,expansion,3,true,false,2//1,1//4,descendant_1:1//1
300,project_2,L01,expansion,3,true,true,2//1,1//4,descendant_1:1//1
300,project_2,L10,expansion,3,true,false,2//1,1//4,descendant_1:1//1
300,project_2,L11,expansion,3,true,true,2//1,1//4,descendant_1:1//1
301,project_1,L00,bridge,1,true,false,2//1,3//4,descendant_1:1//1
301,project_1,L01,bridge,1,true,true,2//1,3//4,descendant_1:1//1
301,project_1,L10,bridge,1,true,false,2//1,3//4,descendant_1:1//1
301,project_1,L11,bridge,1,true,true,2//1,3//4,descendant_1:1//1
301,project_2,L00,bridge,1,true,false,2//1,3//4,descendant_1:1//1
301,project_2,L01,bridge,1,true,true,2//1,3//4,descendant_1:1//1
301,project_2,L10,bridge,1,true,false,2//1,3//4,descendant_1:1//1
301,project_2,L11,bridge,1,true,true,2//1,3//4,descendant_1:1//1
302,project_1,L00,expansion,1,true,false,1//2,3//4,descendant_1:1//1
302,project_1,L01,expansion,1,true,true,1//2,3//4,descendant_1:1//1
302,project_1,L10,expansion,1,true,false,1//2,3//4,descendant_1:1//1
302,project_1,L11,expansion,1,true,true,1//2,3//4,descendant_1:1//1
302,project_2,L00,expansion,1,true,false,1//2,3//4,descendant_1:1//1
302,project_2,L01,expansion,1,true,true,1//2,3//4,descendant_1:1//1
302,project_2,L10,expansion,1,true,false,1//2,3//4,descendant_1:1//1
302,project_2,L11,expansion,1,true,true,1//2,3//4,descendant_1:1//1
303,project_1,L00,expansion,3,true,false,2//1,1//4,descendant_1:1//1
303,project_1,L01,expansion,3,true,true,2//1,1//4,descendant_1:1//1
303,project_1,L10,expansion,3,true,false,2//1,1//4,descendant_1:1//1
303,project_1,L11,expansion,3,true,true,2//1,1//4,descendant_1:1//1
303,project_2,L00,expansion,3,true,false,2//1,1//4,descendant_1:1//1
303,project_2,L01,expansion,3,true,true,2//1,1//4,descendant_1:1//1
303,project_2,L10,expansion,3,true,false,2//1,1//4,descendant_1:1//1
303,project_2,L11,expansion,3,true,true,2//1,1//4,descendant_1:1//1
304,project_1,L00,bridge,1,true,false,2//1,1//4,descendant_1:1//1
304,project_1,L01,bridge,1,true,true,2//1,1//4,descendant_1:1//1
304,project_1,L10,bridge,1,true,false,2//1,1//4,descendant_1:1//1
304,project_1,L11,bridge,1,true,true,2//1,1//4,descendant_1:1//1
304,project_2,L00,bridge,1,true,false,2//1,1//4,descendant_1:1//1
304,project_2,L01,bridge,1,true,true,2//1,1//4,descendant_1:1//1
304,project_2,L10,bridge,1,true,false,2//1,1//4,descendant_1:1//1
304,project_2,L11,bridge,1,true,true,2//1,1//4,descendant_1:1//1
305,project_1,L00,expansion,1,true,false,2//1,1//4,descendant_1:1//1
305,project_1,L01,expansion,1,true,true,2//1,1//4,descendant_1:1//1
305,project_1,L10,expansion,1,true,false,2//1,1//4,descendant_1:1//1
305,project_1,L11,expansion,1,true,true,2//1,1//4,descendant_1:1//1
305,project_2,L00,expansion,1,true,false,2//1,1//4,descendant_1:1//1
305,project_2,L01,expansion,1,true,true,2//1,1//4,descendant_1:1//1
305,project_2,L10,expansion,1,true,false,2//1,1//4,descendant_1:1//1
305,project_2,L11,expansion,1,true,true,2//1,1//4,descendant_1:1//1
306,project_1,L00,bridge,1,true,false,2//1,1//4,descendant_1:1//1
306,project_1,L01,bridge,1,true,true,2//1,1//4,descendant_1:1//1
306,project_1,L10,bridge,1,true,false,2//1,1//4,descendant_1:1//1
306,project_1,L11,bridge,1,true,true,2//1,1//4,descendant_1:1//1
306,project_2,L00,bridge,1,true,false,2//1,1//4,descendant_1:1//1
306,project_2,L01,bridge,1,true,true,2//1,1//4,descendant_1:1//1
306,project_2,L10,bridge,1,true,false,2//1,1//4,descendant_1:1//1
306,project_2,L11,bridge,1,true,true,2//1,1//4,descendant_1:1//1
307,project_1,L00,expansion,1,true,false,1//2,1//4,descendant_1:1//1
307,project_1,L01,expansion,1,true,true,1//2,1//4,descendant_1:1//1
307,project_1,L10,expansion,1,true,false,1//2,1//4,descendant_1:1//1
307,project_1,L11,expansion,1,true,true,1//2,1//4,descendant_1:1//1
307,project_2,L00,expansion,1,true,false,1//2,1//4,descendant_1:1//1
307,project_2,L01,expansion,1,true,true,1//2,1//4,descendant_1:1//1
307,project_2,L10,expansion,1,true,false,1//2,1//4,descendant_1:1//1
307,project_2,L11,expansion,1,true,true,1//2,1//4,descendant_1:1//1
308,project_1,L00,expansion,3,true,false,1//2,3//4,descendant_1:1//1
308,project_1,L01,expansion,3,true,true,1//2,3//4,descendant_1:1//1
308,project_1,L10,expansion,3,true,false,1//2,3//4,descendant_1:1//1
308,project_1,L11,expansion,3,true,true,1//2,3//4,descendant_1:1//1
308,project_2,L00,expansion,3,true,false,1//2,3//4,descendant_1:1//1
308,project_2,L01,expansion,3,true,true,1//2,3//4,descendant_1:1//1
308,project_2,L10,expansion,3,true,false,1//2,3//4,descendant_1:1//1
308,project_2,L11,expansion,3,true,true,1//2,3//4,descendant_1:1//1
309,project_1,L00,expansion,1,true,false,1//2,1//4,descendant_1:1//1
309,project_1,L01,expansion,1,true,true,1//2,1//4,descendant_1:1//1
309,project_1,L10,expansion,1,true,false,1//2,1//4,descendant_1:1//1
309,project_1,L11,expansion,1,true,true,1//2,1//4,descendant_1:1//1
309,project_2,L00,expansion,1,true,false,1//2,1//4,descendant_1:1//1
309,project_2,L01,expansion,1,true,true,1//2,1//4,descendant_1:1//1
309,project_2,L10,expansion,1,true,false,1//2,1//4,descendant_1:1//1
309,project_2,L11,expansion,1,true,true,1//2,1//4,descendant_1:1//1
310,project_1,L00,expansion,3,true,false,1//2,3//4,descendant_1:1//1
310,project_1,L01,expansion,3,true,true,1//2,3//4,descendant_1:1//1
310,project_1,L10,expansion,3,true,false,1//2,3//4,descendant_1:1//1
310,project_1,L11,expansion,3,true,true,1//2,3//4,descendant_1:1//1
310,project_2,L00,expansion,3,true,false,1//2,3//4,descendant_1:1//1
310,project_2,L01,expansion,3,true,true,1//2,3//4,descendant_1:1//1
310,project_2,L10,expansion,3,true,false,1//2,3//4,descendant_1:1//1
310,project_2,L11,expansion,3,true,true,1//2,3//4,descendant_1:1//1
311,project_1,L00,bridge,3,true,false,2//1,3//4,descendant_1:1//1
311,project_1,L01,bridge,3,true,true,2//1,3//4,descendant_1:1//1
311,project_1,L10,bridge,3,true,false,2//1,3//4,descendant_1:1//1
311,project_1,L11,bridge,3,true,true,2//1,3//4,descendant_1:1//1
311,project_2,L00,bridge,3,true,false,2//1,3//4,descendant_1:1//1
311,project_2,L01,bridge,3,true,true,2//1,3//4,descendant_1:1//1
311,project_2,L10,bridge,3,true,false,2//1,3//4,descendant_1:1//1
311,project_2,L11,bridge,3,true,true,2//1,3//4,descendant_1:1//1
312,project_1,L00,expansion,3,true,false,2//1,3//4,descendant_1:1//1
312,project_1,L01,expansion,3,true,true,2//1,3//4,descendant_1:1//1
312,project_1,L10,expansion,3,true,false,2//1,3//4,descendant_1:1//1
312,project_1,L11,expansion,3,true,true,2//1,3//4,descendant_1:1//1
312,project_2,L00,expansion,3,true,false,2//1,3//4,descendant_1:1//1
312,project_2,L01,expansion,3,true,true,2//1,3//4,descendant_1:1//1
312,project_2,L10,expansion,3,true,false,2//1,3//4,descendant_1:1//1
312,project_2,L11,expansion,3,true,true,2//1,3//4,descendant_1:1//1
313,project_1,L00,expansion,3,true,false,2//1,3//4,descendant_1:1//1
313,project_1,L01,expansion,3,true,true,2//1,3//4,descendant_1:1//1
313,project_1,L10,expansion,3,true,false,2//1,3//4,descendant_1:1//1
313,project_1,L11,expansion,3,true,true,2//1,3//4,descendant_1:1//1
313,project_2,L00,expansion,3,true,false,2//1,3//4,descendant_1:1//1
313,project_2,L01,expansion,3,true,true,2//1,3//4,descendant_1:1//1
313,project_2,L10,expansion,3,true,false,2//1,3//4,descendant_1:1//1
313,project_2,L11,expansion,3,true,true,2//1,3//4,descendant_1:1//1
314,project_1,L00,bridge,1,true,false,1//2,3//4,descendant_1:1//1
314,project_1,L01,bridge,1,true,true,1//2,3//4,descendant_1:1//1
314,project_1,L10,bridge,1,true,false,1//2,3//4,descendant_1:1//1
314,project_1,L11,bridge,1,true,true,1//2,3//4,descendant_1:1//1
314,project_2,L00,bridge,1,true,false,1//2,3//4,descendant_1:1//1
314,project_2,L01,bridge,1,true,true,1//2,3//4,descendant_1:1//1
314,project_2,L10,bridge,1,true,false,1//2,3//4,descendant_1:1//1
314,project_2,L11,bridge,1,true,true,1//2,3//4,descendant_1:1//1
315,project_1,L00,bridge,1,true,false,2//1,1//4,descendant_1:1//1
315,project_1,L01,bridge,1,true,true,2//1,1//4,descendant_1:1//1
315,project_1,L10,bridge,1,true,false,2//1,1//4,descendant_1:1//1
315,project_1,L11,bridge,1,true,true,2//1,1//4,descendant_1:1//1
315,project_2,L00,bridge,1,true,false,2//1,1//4,descendant_1:1//1
315,project_2,L01,bridge,1,true,true,2//1,1//4,descendant_1:1//1
315,project_2,L10,bridge,1,true,false,2//1,1//4,descendant_1:1//1
315,project_2,L11,bridge,1,true,true,2//1,1//4,descendant_1:1//1
316,project_1,L00,bridge,3,true,false,2//1,1//4,descendant_1:1//1
316,project_1,L01,bridge,3,true,true,2//1,1//4,descendant_1:1//1
316,project_1,L10,bridge,3,true,false,2//1,1//4,descendant_1:1//1
316,project_1,L11,bridge,3,true,true,2//1,1//4,descendant_1:1//1
316,project_2,L00,bridge,3,true,false,2//1,1//4,descendant_1:1//1
316,project_2,L01,bridge,3,true,true,2//1,1//4,descendant_1:1//1
316,project_2,L10,bridge,3,true,false,2//1,1//4,descendant_1:1//1
316,project_2,L11,bridge,3,true,true,2//1,1//4,descendant_1:1//1
317,project_1,L00,bridge,1,true,false,2//1,3//4,descendant_1:1//1
317,project_1,L01,bridge,1,true,true,2//1,3//4,descendant_1:1//1
317,project_1,L10,bridge,1,true,false,2//1,3//4,descendant_1:1//1
317,project_1,L11,bridge,1,true,true,2//1,3//4,descendant_1:1//1
317,project_2,L00,bridge,1,true,false,2//1,3//4,descendant_1:1//1
317,project_2,L01,bridge,1,true,true,2//1,3//4,descendant_1:1//1
317,project_2,L10,bridge,1,true,false,2//1,3//4,descendant_1:1//1
317,project_2,L11,bridge,1,true,true,2//1,3//4,descendant_1:1//1
318,project_1,L00,expansion,1,true,false,1//2,1//4,descendant_1:1//1
318,project_1,L01,expansion,1,true,true,1//2,1//4,descendant_1:1//1
318,project_1,L10,expansion,1,true,false,1//2,1//4,descendant_1:1//1
318,project_1,L11,expansion,1,true,true,1//2,1//4,descendant_1:1//1
318,project_2,L00,expansion,1,true,false,1//2,1//4,descendant_1:1//1
318,project_2,L01,expansion,1,true,true,1//2,1//4,descendant_1:1//1
318,project_2,L10,expansion,1,true,false,1//2,1//4,descendant_1:1//1
318,project_2,L11,expansion,1,true,true,1//2,1//4,descendant_1:1//1
319,project_1,L00,bridge,3,true,false,1//2,3//4,descendant_1:1//1
319,project_1,L01,bridge,3,true,true,1//2,3//4,descendant_1:1//1
319,project_1,L10,bridge,3,true,false,1//2,3//4,descendant_1:1//1
319,project_1,L11,bridge,3,true,true,1//2,3//4,descendant_1:1//1
319,project_2,L00,bridge,3,true,false,1//2,3//4,descendant_1:1//1
319,project_2,L01,bridge,3,true,true,1//2,3//4,descendant_1:1//1
319,project_2,L10,bridge,3,true,false,1//2,3//4,descendant_1:1//1
319,project_2,L11,bridge,3,true,true,1//2,3//4,descendant_1:1//1
320,project_1,L00,expansion,3,true,false,2//1,1//4,descendant_1:1//1
320,project_1,L01,expansion,3,true,true,2//1,1//4,descendant_1:1//1
320,project_1,L10,expansion,3,true,false,2//1,1//4,descendant_1:1//1
320,project_1,L11,expansion,3,true,true,2//1,1//4,descendant_1:1//1
320,project_2,L00,expansion,3,true,false,2//1,1//4,descendant_1:1//1
320,project_2,L01,expansion,3,true,true,2//1,1//4,descendant_1:1//1
320,project_2,L10,expansion,3,true,false,2//1,1//4,descendant_1:1//1
320,project_2,L11,expansion,3,true,true,2//1,1//4,descendant_1:1//1
321,project_1,L00,expansion,1,true,false,1//2,1//4,descendant_1:1//1
321,project_1,L01,expansion,1,true,true,1//2,1//4,descendant_1:1//1
321,project_1,L10,expansion,1,true,false,1//2,1//4,descendant_1:1//1
321,project_1,L11,expansion,1,true,true,1//2,1//4,descendant_1:1//1
321,project_2,L00,expansion,1,true,false,1//2,1//4,descendant_1:1//1
321,project_2,L01,expansion,1,true,true,1//2,1//4,descendant_1:1//1
321,project_2,L10,expansion,1,true,false,1//2,1//4,descendant_1:1//1
321,project_2,L11,expansion,1,true,true,1//2,1//4,descendant_1:1//1
322,project_1,L00,expansion,1,true,false,2//1,3//4,descendant_1:1//1
322,project_1,L01,expansion,1,true,true,2//1,3//4,descendant_1:1//1
322,project_1,L10,expansion,1,true,false,2//1,3//4,descendant_1:1//1
322,project_1,L11,expansion,1,true,true,2//1,3//4,descendant_1:1//1
322,project_2,L00,expansion,1,true,false,2//1,3//4,descendant_1:1//1
322,project_2,L01,expansion,1,true,true,2//1,3//4,descendant_1:1//1
322,project_2,L10,expansion,1,true,false,2//1,3//4,descendant_1:1//1
322,project_2,L11,expansion,1,true,true,2//1,3//4,descendant_1:1//1
323,project_1,L00,bridge,1,true,false,1//2,1//4,descendant_1:1//1
323,project_1,L01,bridge,1,true,true,1//2,1//4,descendant_1:1//1
323,project_1,L10,bridge,1,true,false,1//2,1//4,descendant_1:1//1
323,project_1,L11,bridge,1,true,true,1//2,1//4,descendant_1:1//1
323,project_2,L00,bridge,1,true,false,1//2,1//4,descendant_1:1//1
323,project_2,L01,bridge,1,true,true,1//2,1//4,descendant_1:1//1
323,project_2,L10,bridge,1,true,false,1//2,1//4,descendant_1:1//1
323,project_2,L11,bridge,1,true,true,1//2,1//4,descendant_1:1//1
324,project_1,L00,expansion,3,true,false,1//2,1//4,descendant_1:1//1
324,project_1,L01,expansion,3,true,true,1//2,1//4,descendant_1:1//1
324,project_1,L10,expansion,3,true,false,1//2,1//4,descendant_1:1//1
324,project_1,L11,expansion,3,true,true,1//2,1//4,descendant_1:1//1
324,project_2,L00,expansion,3,true,false,1//2,1//4,descendant_1:1//1
324,project_2,L01,expansion,3,true,true,1//2,1//4,descendant_1:1//1
324,project_2,L10,expansion,3,true,false,1//2,1//4,descendant_1:1//1
324,project_2,L11,expansion,3,true,true,1//2,1//4,descendant_1:1//1
325,project_1,L00,expansion,1,true,false,2//1,3//4,descendant_1:1//1
325,project_1,L01,expansion,1,true,true,2//1,3//4,descendant_1:1//1
325,project_1,L10,expansion,1,true,false,2//1,3//4,descendant_1:1//1
325,project_1,L11,expansion,1,true,true,2//1,3//4,descendant_1:1//1
325,project_2,L00,expansion,1,true,false,2//1,3//4,descendant_1:1//1
325,project_2,L01,expansion,1,true,true,2//1,3//4,descendant_1:1//1
325,project_2,L10,expansion,1,true,false,2//1,3//4,descendant_1:1//1
325,project_2,L11,expansion,1,true,true,2//1,3//4,descendant_1:1//1
326,project_1,L00,bridge,3,true,false,1//2,1//4,descendant_1:1//1
326,project_1,L01,bridge,3,true,true,1//2,1//4,descendant_1:1//1
326,project_1,L10,bridge,3,true,false,1//2,1//4,descendant_1:1//1
326,project_1,L11,bridge,3,true,true,1//2,1//4,descendant_1:1//1
326,project_2,L00,bridge,3,true,false,1//2,1//4,descendant_1:1//1
326,project_2,L01,bridge,3,true,true,1//2,1//4,descendant_1:1//1
326,project_2,L10,bridge,3,true,false,1//2,1//4,descendant_1:1//1
326,project_2,L11,bridge,3,true,true,1//2,1//4,descendant_1:1//1
327,project_1,L00,expansion,3,true,false,2//1,3//4,descendant_1:1//1
327,project_1,L01,expansion,3,true,true,2//1,3//4,descendant_1:1//1
327,project_1,L10,expansion,3,true,false,2//1,3//4,descendant_1:1//1
327,project_1,L11,expansion,3,true,true,2//1,3//4,descendant_1:1//1
327,project_2,L00,expansion,3,true,false,2//1,3//4,descendant_1:1//1
327,project_2,L01,expansion,3,true,true,2//1,3//4,descendant_1:1//1
327,project_2,L10,expansion,3,true,false,2//1,3//4,descendant_1:1//1
327,project_2,L11,expansion,3,true,true,2//1,3//4,descendant_1:1//1
328,project_1,L00,expansion,3,true,false,1//2,1//4,descendant_1:1//1
328,project_1,L01,expansion,3,true,true,1//2,1//4,descendant_1:1//1
328,project_1,L10,expansion,3,true,false,1//2,1//4,descendant_1:1//1
328,project_1,L11,expansion,3,true,true,1//2,1//4,descendant_1:1//1
328,project_2,L00,expansion,3,true,false,1//2,1//4,descendant_1:1//1
328,project_2,L01,expansion,3,true,true,1//2,1//4,descendant_1:1//1
328,project_2,L10,expansion,3,true,false,1//2,1//4,descendant_1:1//1
328,project_2,L11,expansion,3,true,true,1//2,1//4,descendant_1:1//1
329,project_1,L00,bridge,3,true,false,1//2,1//4,descendant_1:1//1
329,project_1,L01,bridge,3,true,true,1//2,1//4,descendant_1:1//1
329,project_1,L10,bridge,3,true,false,1//2,1//4,descendant_1:1//1
329,project_1,L11,bridge,3,true,true,1//2,1//4,descendant_1:1//1
329,project_2,L00,bridge,3,true,false,1//2,1//4,descendant_1:1//1
329,project_2,L01,bridge,3,true,true,1//2,1//4,descendant_1:1//1
329,project_2,L10,bridge,3,true,false,1//2,1//4,descendant_1:1//1
329,project_2,L11,bridge,3,true,true,1//2,1//4,descendant_1:1//1
330,project_1,L00,bridge,3,true,false,2//1,3//4,descendant_1:1//1
330,project_1,L01,bridge,3,true,true,2//1,3//4,descendant_1:1//1
330,project_1,L10,bridge,3,true,false,2//1,3//4,descendant_1:1//1
330,project_1,L11,bridge,3,true,true,2//1,3//4,descendant_1:1//1
330,project_2,L00,bridge,3,true,false,2//1,3//4,descendant_1:1//1
330,project_2,L01,bridge,3,true,true,2//1,3//4,descendant_1:1//1
330,project_2,L10,bridge,3,true,false,2//1,3//4,descendant_1:1//1
330,project_2,L11,bridge,3,true,true,2//1,3//4,descendant_1:1//1
331,project_1,L00,expansion,1,true,false,2//1,3//4,descendant_1:1//1
331,project_1,L01,expansion,1,true,true,2//1,3//4,descendant_1:1//1
331,project_1,L10,expansion,1,true,false,2//1,3//4,descendant_1:1//1
331,project_1,L11,expansion,1,true,true,2//1,3//4,descendant_1:1//1
331,project_2,L00,expansion,1,true,false,2//1,3//4,descendant_1:1//1
331,project_2,L01,expansion,1,true,true,2//1,3//4,descendant_1:1//1
331,project_2,L10,expansion,1,true,false,2//1,3//4,descendant_1:1//1
331,project_2,L11,expansion,1,true,true,2//1,3//4,descendant_1:1//1
332,project_1,L00,bridge,1,true,false,2//1,3//4,descendant_1:1//1
332,project_1,L01,bridge,1,true,true,2//1,3//4,descendant_1:1//1
332,project_1,L10,bridge,1,true,false,2//1,3//4,descendant_1:1//1
332,project_1,L11,bridge,1,true,true,2//1,3//4,descendant_1:1//1
332,project_2,L00,bridge,1,true,false,2//1,3//4,descendant_1:1//1
332,project_2,L01,bridge,1,true,true,2//1,3//4,descendant_1:1//1
332,project_2,L10,bridge,1,true,false,2//1,3//4,descendant_1:1//1
332,project_2,L11,bridge,1,true,true,2//1,3//4,descendant_1:1//1
333,project_1,L00,expansion,1,true,false,2//1,3//4,descendant_1:1//1
333,project_1,L01,expansion,1,true,true,2//1,3//4,descendant_1:1//1
333,project_1,L10,expansion,1,true,false,2//1,3//4,descendant_1:1//1
333,project_1,L11,expansion,1,true,true,2//1,3//4,descendant_1:1//1
333,project_2,L00,expansion,1,true,false,2//1,3//4,descendant_1:1//1
333,project_2,L01,expansion,1,true,true,2//1,3//4,descendant_1:1//1
333,project_2,L10,expansion,1,true,false,2//1,3//4,descendant_1:1//1
333,project_2,L11,expansion,1,true,true,2//1,3//4,descendant_1:1//1
334,project_1,L00,bridge,3,true,false,1//2,1//4,descendant_1:1//1
334,project_1,L01,bridge,3,true,true,1//2,1//4,descendant_1:1//1
334,project_1,L10,bridge,3,true,false,1//2,1//4,descendant_1:1//1
334,project_1,L11,bridge,3,true,true,1//2,1//4,descendant_1:1//1
334,project_2,L00,bridge,3,true,false,1//2,1//4,descendant_1:1//1
334,project_2,L01,bridge,3,true,true,1//2,1//4,descendant_1:1//1
334,project_2,L10,bridge,3,true,false,1//2,1//4,descendant_1:1//1
334,project_2,L11,bridge,3,true,true,1//2,1//4,descendant_1:1//1
335,project_1,L00,expansion,3,true,false,1//2,1//4,descendant_1:1//1
335,project_1,L01,expansion,3,true,true,1//2,1//4,descendant_1:1//1
335,project_1,L10,expansion,3,true,false,1//2,1//4,descendant_1:1//1
335,project_1,L11,expansion,3,true,true,1//2,1//4,descendant_1:1//1
335,project_2,L00,expansion,3,true,false,1//2,1//4,descendant_1:1//1
335,project_2,L01,expansion,3,true,true,1//2,1//4,descendant_1:1//1
335,project_2,L10,expansion,3,true,false,1//2,1//4,descendant_1:1//1
335,project_2,L11,expansion,3,true,true,1//2,1//4,descendant_1:1//1
336,project_1,L00,bridge,1,true,false,1//2,1//4,descendant_1:1//1
336,project_1,L01,bridge,1,true,true,1//2,1//4,descendant_1:1//1
336,project_1,L10,bridge,1,true,false,1//2,1//4,descendant_1:1//1
336,project_1,L11,bridge,1,true,true,1//2,1//4,descendant_1:1//1
336,project_2,L00,bridge,1,true,false,1//2,1//4,descendant_1:1//1
336,project_2,L01,bridge,1,true,true,1//2,1//4,descendant_1:1//1
336,project_2,L10,bridge,1,true,false,1//2,1//4,descendant_1:1//1
336,project_2,L11,bridge,1,true,true,1//2,1//4,descendant_1:1//1
337,project_1,L00,expansion,3,true,false,2//1,1//4,descendant_1:1//1
337,project_1,L01,expansion,3,true,true,2//1,1//4,descendant_1:1//1
337,project_1,L10,expansion,3,true,false,2//1,1//4,descendant_1:1//1
337,project_1,L11,expansion,3,true,true,2//1,1//4,descendant_1:1//1
337,project_2,L00,expansion,3,true,false,2//1,1//4,descendant_1:1//1
337,project_2,L01,expansion,3,true,true,2//1,1//4,descendant_1:1//1
337,project_2,L10,expansion,3,true,false,2//1,1//4,descendant_1:1//1
337,project_2,L11,expansion,3,true,true,2//1,1//4,descendant_1:1//1
338,project_1,L00,bridge,3,true,false,2//1,3//4,descendant_1:1//1
338,project_1,L01,bridge,3,true,true,2//1,3//4,descendant_1:1//1
338,project_1,L10,bridge,3,true,false,2//1,3//4,descendant_1:1//1
338,project_1,L11,bridge,3,true,true,2//1,3//4,descendant_1:1//1
338,project_2,L00,bridge,3,true,false,2//1,3//4,descendant_1:1//1
338,project_2,L01,bridge,3,true,true,2//1,3//4,descendant_1:1//1
338,project_2,L10,bridge,3,true,false,2//1,3//4,descendant_1:1//1
338,project_2,L11,bridge,3,true,true,2//1,3//4,descendant_1:1//1
339,project_1,L00,bridge,1,true,false,2//1,3//4,descendant_1:1//1
339,project_1,L01,bridge,1,true,true,2//1,3//4,descendant_1:1//1
339,project_1,L10,bridge,1,true,false,2//1,3//4,descendant_1:1//1
339,project_1,L11,bridge,1,true,true,2//1,3//4,descendant_1:1//1
339,project_2,L00,bridge,1,true,false,2//1,3//4,descendant_1:1//1
339,project_2,L01,bridge,1,true,true,2//1,3//4,descendant_1:1//1
339,project_2,L10,bridge,1,true,false,2//1,3//4,descendant_1:1//1
339,project_2,L11,bridge,1,true,true,2//1,3//4,descendant_1:1//1
340,project_1,L00,expansion,1,true,false,1//2,3//4,descendant_1:1//1
340,project_1,L01,expansion,1,true,true,1//2,3//4,descendant_1:1//1
340,project_1,L10,expansion,1,true,false,1//2,3//4,descendant_1:1//1
340,project_1,L11,expansion,1,true,true,1//2,3//4,descendant_1:1//1
340,project_2,L00,expansion,1,true,false,1//2,3//4,descendant_1:1//1
340,project_2,L01,expansion,1,true,true,1//2,3//4,descendant_1:1//1
340,project_2,L10,expansion,1,true,false,1//2,3//4,descendant_1:1//1
340,project_2,L11,expansion,1,true,true,1//2,3//4,descendant_1:1//1
341,project_1,L00,expansion,3,true,false,1//2,3//4,descendant_1:1//1
341,project_1,L01,expansion,3,true,true,1//2,3//4,descendant_1:1//1
341,project_1,L10,expansion,3,true,false,1//2,3//4,descendant_1:1//1
341,project_1,L11,expansion,3,true,true,1//2,3//4,descendant_1:1//1
341,project_2,L00,expansion,3,true,false,1//2,3//4,descendant_1:1//1
341,project_2,L01,expansion,3,true,true,1//2,3//4,descendant_1:1//1
341,project_2,L10,expansion,3,true,false,1//2,3//4,descendant_1:1//1
341,project_2,L11,expansion,3,true,true,1//2,3//4,descendant_1:1//1
342,project_1,L00,expansion,3,true,false,2//1,3//4,descendant_1:1//1
342,project_1,L01,expansion,3,true,true,2//1,3//4,descendant_1:1//1
342,project_1,L10,expansion,3,true,false,2//1,3//4,descendant_1:1//1
342,project_1,L11,expansion,3,true,true,2//1,3//4,descendant_1:1//1
342,project_2,L00,expansion,3,true,false,2//1,3//4,descendant_1:1//1
342,project_2,L01,expansion,3,true,true,2//1,3//4,descendant_1:1//1
342,project_2,L10,expansion,3,true,false,2//1,3//4,descendant_1:1//1
342,project_2,L11,expansion,3,true,true,2//1,3//4,descendant_1:1//1
343,project_1,L00,bridge,3,true,false,2//1,1//4,descendant_1:1//1
343,project_1,L01,bridge,3,true,true,2//1,1//4,descendant_1:1//1
343,project_1,L10,bridge,3,true,false,2//1,1//4,descendant_1:1//1
343,project_1,L11,bridge,3,true,true,2//1,1//4,descendant_1:1//1
343,project_2,L00,bridge,3,true,false,2//1,1//4,descendant_1:1//1
343,project_2,L01,bridge,3,true,true,2//1,1//4,descendant_1:1//1
343,project_2,L10,bridge,3,true,false,2//1,1//4,descendant_1:1//1
343,project_2,L11,bridge,3,true,true,2//1,1//4,descendant_1:1//1
344,project_1,L00,bridge,3,true,false,1//2,3//4,descendant_1:1//1
344,project_1,L01,bridge,3,true,true,1//2,3//4,descendant_1:1//1
344,project_1,L10,bridge,3,true,false,1//2,3//4,descendant_1:1//1
344,project_1,L11,bridge,3,true,true,1//2,3//4,descendant_1:1//1
344,project_2,L00,bridge,3,true,false,1//2,3//4,descendant_1:1//1
344,project_2,L01,bridge,3,true,true,1//2,3//4,descendant_1:1//1
344,project_2,L10,bridge,3,true,false,1//2,3//4,descendant_1:1//1
344,project_2,L11,bridge,3,true,true,1//2,3//4,descendant_1:1//1
345,project_1,L00,bridge,1,true,false,2//1,1//4,descendant_1:1//1
345,project_1,L01,bridge,1,true,true,2//1,1//4,descendant_1:1//1
345,project_1,L10,bridge,1,true,false,2//1,1//4,descendant_1:1//1
345,project_1,L11,bridge,1,true,true,2//1,1//4,descendant_1:1//1
345,project_2,L00,bridge,1,true,false,2//1,1//4,descendant_1:1//1
345,project_2,L01,bridge,1,true,true,2//1,1//4,descendant_1:1//1
345,project_2,L10,bridge,1,true,false,2//1,1//4,descendant_1:1//1
345,project_2,L11,bridge,1,true,true,2//1,1//4,descendant_1:1//1
346,project_1,L00,bridge,3,true,false,1//2,1//4,descendant_1:1//1
346,project_1,L01,bridge,3,true,true,1//2,1//4,descendant_1:1//1
346,project_1,L10,bridge,3,true,false,1//2,1//4,descendant_1:1//1
346,project_1,L11,bridge,3,true,true,1//2,1//4,descendant_1:1//1
346,project_2,L00,bridge,3,true,false,1//2,1//4,descendant_1:1//1
346,project_2,L01,bridge,3,true,true,1//2,1//4,descendant_1:1//1
346,project_2,L10,bridge,3,true,false,1//2,1//4,descendant_1:1//1
346,project_2,L11,bridge,3,true,true,1//2,1//4,descendant_1:1//1
347,project_1,L00,bridge,3,true,false,2//1,3//4,descendant_1:1//1
347,project_1,L01,bridge,3,true,true,2//1,3//4,descendant_1:1//1
347,project_1,L10,bridge,3,true,false,2//1,3//4,descendant_1:1//1
347,project_1,L11,bridge,3,true,true,2//1,3//4,descendant_1:1//1
347,project_2,L00,bridge,3,true,false,2//1,3//4,descendant_1:1//1
347,project_2,L01,bridge,3,true,true,2//1,3//4,descendant_1:1//1
347,project_2,L10,bridge,3,true,false,2//1,3//4,descendant_1:1//1
347,project_2,L11,bridge,3,true,true,2//1,3//4,descendant_1:1//1
348,project_1,L00,bridge,1,true,false,2//1,1//4,descendant_1:1//1
348,project_1,L01,bridge,1,true,true,2//1,1//4,descendant_1:1//1
348,project_1,L10,bridge,1,true,false,2//1,1//4,descendant_1:1//1
348,project_1,L11,bridge,1,true,true,2//1,1//4,descendant_1:1//1
348,project_2,L00,bridge,1,true,false,2//1,1//4,descendant_1:1//1
348,project_2,L01,bridge,1,true,true,2//1,1//4,descendant_1:1//1
348,project_2,L10,bridge,1,true,false,2//1,1//4,descendant_1:1//1
348,project_2,L11,bridge,1,true,true,2//1,1//4,descendant_1:1//1
349,project_1,L00,bridge,3,true,false,2//1,1//4,descendant_1:1//1
349,project_1,L01,bridge,3,true,true,2//1,1//4,descendant_1:1//1
349,project_1,L10,bridge,3,true,false,2//1,1//4,descendant_1:1//1
349,project_1,L11,bridge,3,true,true,2//1,1//4,descendant_1:1//1
349,project_2,L00,bridge,3,true,false,2//1,1//4,descendant_1:1//1
349,project_2,L01,bridge,3,true,true,2//1,1//4,descendant_1:1//1
349,project_2,L10,bridge,3,true,false,2//1,1//4,descendant_1:1//1
349,project_2,L11,bridge,3,true,true,2//1,1//4,descendant_1:1//1
350,project_1,L00,bridge,1,true,false,1//2,3//4,descendant_1:1//1
350,project_1,L01,bridge,1,true,true,1//2,3//4,descendant_1:1//1
350,project_1,L10,bridge,1,true,false,1//2,3//4,descendant_1:1//1
350,project_1,L11,bridge,1,true,true,1//2,3//4,descendant_1:1//1
350,project_2,L00,bridge,1,true,false,1//2,3//4,descendant_1:1//1
350,project_2,L01,bridge,1,true,true,1//2,3//4,descendant_1:1//1
350,project_2,L10,bridge,1,true,false,1//2,3//4,descendant_1:1//1
350,project_2,L11,bridge,1,true,true,1//2,3//4,descendant_1:1//1
351,project_1,L00,bridge,3,true,false,1//2,3//4,descendant_1:1//1
351,project_1,L01,bridge,3,true,true,1//2,3//4,descendant_1:1//1
351,project_1,L10,bridge,3,true,false,1//2,3//4,descendant_1:1//1
351,project_1,L11,bridge,3,true,true,1//2,3//4,descendant_1:1//1
351,project_2,L00,bridge,3,true,false,1//2,3//4,descendant_1:1//1
351,project_2,L01,bridge,3,true,true,1//2,3//4,descendant_1:1//1
351,project_2,L10,bridge,3,true,false,1//2,3//4,descendant_1:1//1
351,project_2,L11,bridge,3,true,true,1//2,3//4,descendant_1:1//1
352,project_1,L00,bridge,1,true,false,2//1,3//4,descendant_1:1//1
352,project_1,L01,bridge,1,true,true,2//1,3//4,descendant_1:1//1
352,project_1,L10,bridge,1,true,false,2//1,3//4,descendant_1:1//1
352,project_1,L11,bridge,1,true,true,2//1,3//4,descendant_1:1//1
352,project_2,L00,bridge,1,true,false,2//1,3//4,descendant_1:1//1
352,project_2,L01,bridge,1,true,true,2//1,3//4,descendant_1:1//1
352,project_2,L10,bridge,1,true,false,2//1,3//4,descendant_1:1//1
352,project_2,L11,bridge,1,true,true,2//1,3//4,descendant_1:1//1
353,project_1,L00,expansion,3,true,false,1//2,1//4,descendant_1:1//1
353,project_1,L01,expansion,3,true,true,1//2,1//4,descendant_1:1//1
353,project_1,L10,expansion,3,true,false,1//2,1//4,descendant_1:1//1
353,project_1,L11,expansion,3,true,true,1//2,1//4,descendant_1:1//1
353,project_2,L00,expansion,3,true,false,1//2,1//4,descendant_1:1//1
353,project_2,L01,expansion,3,true,true,1//2,1//4,descendant_1:1//1
353,project_2,L10,expansion,3,true,false,1//2,1//4,descendant_1:1//1
353,project_2,L11,expansion,3,true,true,1//2,1//4,descendant_1:1//1
354,project_1,L00,expansion,1,true,false,1//2,3//4,descendant_1:1//1
354,project_1,L01,expansion,1,true,true,1//2,3//4,descendant_1:1//1
354,project_1,L10,expansion,1,true,false,1//2,3//4,descendant_1:1//1
354,project_1,L11,expansion,1,true,true,1//2,3//4,descendant_1:1//1
354,project_2,L00,expansion,1,true,false,1//2,3//4,descendant_1:1//1
354,project_2,L01,expansion,1,true,true,1//2,3//4,descendant_1:1//1
354,project_2,L10,expansion,1,true,false,1//2,3//4,descendant_1:1//1
354,project_2,L11,expansion,1,true,true,1//2,3//4,descendant_1:1//1
355,project_1,L00,expansion,1,true,false,2//1,1//4,descendant_1:1//1
355,project_1,L01,expansion,1,true,true,2//1,1//4,descendant_1:1//1
355,project_1,L10,expansion,1,true,false,2//1,1//4,descendant_1:1//1
355,project_1,L11,expansion,1,true,true,2//1,1//4,descendant_1:1//1
355,project_2,L00,expansion,1,true,false,2//1,1//4,descendant_1:1//1
355,project_2,L01,expansion,1,true,true,2//1,1//4,descendant_1:1//1
355,project_2,L10,expansion,1,true,false,2//1,1//4,descendant_1:1//1
355,project_2,L11,expansion,1,true,true,2//1,1//4,descendant_1:1//1
356,project_1,L00,expansion,1,true,false,2//1,3//4,descendant_1:1//1
356,project_1,L01,expansion,1,true,true,2//1,3//4,descendant_1:1//1
356,project_1,L10,expansion,1,true,false,2//1,3//4,descendant_1:1//1
356,project_1,L11,expansion,1,true,true,2//1,3//4,descendant_1:1//1
356,project_2,L00,expansion,1,true,false,2//1,3//4,descendant_1:1//1
356,project_2,L01,expansion,1,true,true,2//1,3//4,descendant_1:1//1
356,project_2,L10,expansion,1,true,false,2//1,3//4,descendant_1:1//1
356,project_2,L11,expansion,1,true,true,2//1,3//4,descendant_1:1//1
357,project_1,L00,bridge,3,true,false,1//2,3//4,descendant_1:1//1
357,project_1,L01,bridge,3,true,true,1//2,3//4,descendant_1:1//1
357,project_1,L10,bridge,3,true,false,1//2,3//4,descendant_1:1//1
357,project_1,L11,bridge,3,true,true,1//2,3//4,descendant_1:1//1
357,project_2,L00,bridge,3,true,false,1//2,3//4,descendant_1:1//1
357,project_2,L01,bridge,3,true,true,1//2,3//4,descendant_1:1//1
357,project_2,L10,bridge,3,true,false,1//2,3//4,descendant_1:1//1
357,project_2,L11,bridge,3,true,true,1//2,3//4,descendant_1:1//1
358,project_1,L00,bridge,3,true,false,2//1,1//4,descendant_1:1//1
358,project_1,L01,bridge,3,true,true,2//1,1//4,descendant_1:1//1
358,project_1,L10,bridge,3,true,false,2//1,1//4,descendant_1:1//1
358,project_1,L11,bridge,3,true,true,2//1,1//4,descendant_1:1//1
358,project_2,L00,bridge,3,true,false,2//1,1//4,descendant_1:1//1
358,project_2,L01,bridge,3,true,true,2//1,1//4,descendant_1:1//1
358,project_2,L10,bridge,3,true,false,2//1,1//4,descendant_1:1//1
358,project_2,L11,bridge,3,true,true,2//1,1//4,descendant_1:1//1
359,project_1,L00,expansion,3,true,false,2//1,3//4,descendant_1:1//1
359,project_1,L01,expansion,3,true,true,2//1,3//4,descendant_1:1//1
359,project_1,L10,expansion,3,true,false,2//1,3//4,descendant_1:1//1
359,project_1,L11,expansion,3,true,true,2//1,3//4,descendant_1:1//1
359,project_2,L00,expansion,3,true,false,2//1,3//4,descendant_1:1//1
359,project_2,L01,expansion,3,true,true,2//1,3//4,descendant_1:1//1
359,project_2,L10,expansion,3,true,false,2//1,3//4,descendant_1:1//1
359,project_2,L11,expansion,3,true,true,2//1,3//4,descendant_1:1//1
360,project_1,L00,bridge,1,true,false,1//2,1//4,descendant_1:1//1
360,project_1,L01,bridge,1,true,true,1//2,1//4,descendant_1:1//1
360,project_1,L10,bridge,1,true,false,1//2,1//4,descendant_1:1//1
360,project_1,L11,bridge,1,true,true,1//2,1//4,descendant_1:1//1
360,project_2,L00,bridge,1,true,false,1//2,1//4,descendant_1:1//1
360,project_2,L01,bridge,1,true,true,1//2,1//4,descendant_1:1//1
360,project_2,L10,bridge,1,true,false,1//2,1//4,descendant_1:1//1
360,project_2,L11,bridge,1,true,true,1//2,1//4,descendant_1:1//1
361,project_1,L00,expansion,1,true,false,2//1,1//4,descendant_1:1//1
361,project_1,L01,expansion,1,true,true,2//1,1//4,descendant_1:1//1
361,project_1,L10,expansion,1,true,false,2//1,1//4,descendant_1:1//1
361,project_1,L11,expansion,1,true,true,2//1,1//4,descendant_1:1//1
361,project_2,L00,expansion,1,true,false,2//1,1//4,descendant_1:1//1
361,project_2,L01,expansion,1,true,true,2//1,1//4,descendant_1:1//1
361,project_2,L10,expansion,1,true,false,2//1,1//4,descendant_1:1//1
361,project_2,L11,expansion,1,true,true,2//1,1//4,descendant_1:1//1
362,project_1,L00,expansion,1,true,false,2//1,3//4,descendant_1:1//1
362,project_1,L01,expansion,1,true,true,2//1,3//4,descendant_1:1//1
362,project_1,L10,expansion,1,true,false,2//1,3//4,descendant_1:1//1
362,project_1,L11,expansion,1,true,true,2//1,3//4,descendant_1:1//1
362,project_2,L00,expansion,1,true,false,2//1,3//4,descendant_1:1//1
362,project_2,L01,expansion,1,true,true,2//1,3//4,descendant_1:1//1
362,project_2,L10,expansion,1,true,false,2//1,3//4,descendant_1:1//1
362,project_2,L11,expansion,1,true,true,2//1,3//4,descendant_1:1//1
363,project_1,L00,bridge,1,true,false,2//1,3//4,descendant_1:1//1
363,project_1,L01,bridge,1,true,true,2//1,3//4,descendant_1:1//1
363,project_1,L10,bridge,1,true,false,2//1,3//4,descendant_1:1//1
363,project_1,L11,bridge,1,true,true,2//1,3//4,descendant_1:1//1
363,project_2,L00,bridge,1,true,false,2//1,3//4,descendant_1:1//1
363,project_2,L01,bridge,1,true,true,2//1,3//4,descendant_1:1//1
363,project_2,L10,bridge,1,true,false,2//1,3//4,descendant_1:1//1
363,project_2,L11,bridge,1,true,true,2//1,3//4,descendant_1:1//1
364,project_1,L00,expansion,1,true,false,1//2,3//4,descendant_1:1//1
364,project_1,L01,expansion,1,true,true,1//2,3//4,descendant_1:1//1
364,project_1,L10,expansion,1,true,false,1//2,3//4,descendant_1:1//1
364,project_1,L11,expansion,1,true,true,1//2,3//4,descendant_1:1//1
364,project_2,L00,expansion,1,true,false,1//2,3//4,descendant_1:1//1
364,project_2,L01,expansion,1,true,true,1//2,3//4,descendant_1:1//1
364,project_2,L10,expansion,1,true,false,1//2,3//4,descendant_1:1//1
364,project_2,L11,expansion,1,true,true,1//2,3//4,descendant_1:1//1
365,project_1,L00,bridge,1,true,false,1//2,3//4,descendant_1:1//1
365,project_1,L01,bridge,1,true,true,1//2,3//4,descendant_1:1//1
365,project_1,L10,bridge,1,true,false,1//2,3//4,descendant_1:1//1
365,project_1,L11,bridge,1,true,true,1//2,3//4,descendant_1:1//1
365,project_2,L00,bridge,1,true,false,1//2,3//4,descendant_1:1//1
365,project_2,L01,bridge,1,true,true,1//2,3//4,descendant_1:1//1
365,project_2,L10,bridge,1,true,false,1//2,3//4,descendant_1:1//1
365,project_2,L11,bridge,1,true,true,1//2,3//4,descendant_1:1//1
366,project_1,L00,expansion,1,true,false,2//1,1//4,descendant_1:1//1
366,project_1,L01,expansion,1,true,true,2//1,1//4,descendant_1:1//1
366,project_1,L10,expansion,1,true,false,2//1,1//4,descendant_1:1//1
366,project_1,L11,expansion,1,true,true,2//1,1//4,descendant_1:1//1
366,project_2,L00,expansion,1,true,false,2//1,1//4,descendant_1:1//1
366,project_2,L01,expansion,1,true,true,2//1,1//4,descendant_1:1//1
366,project_2,L10,expansion,1,true,false,2//1,1//4,descendant_1:1//1
366,project_2,L11,expansion,1,true,true,2//1,1//4,descendant_1:1//1
367,project_1,L00,expansion,1,true,false,1//2,3//4,descendant_1:1//1
367,project_1,L01,expansion,1,true,true,1//2,3//4,descendant_1:1//1
367,project_1,L10,expansion,1,true,false,1//2,3//4,descendant_1:1//1
367,project_1,L11,expansion,1,true,true,1//2,3//4,descendant_1:1//1
367,project_2,L00,expansion,1,true,false,1//2,3//4,descendant_1:1//1
367,project_2,L01,expansion,1,true,true,1//2,3//4,descendant_1:1//1
367,project_2,L10,expansion,1,true,false,1//2,3//4,descendant_1:1//1
367,project_2,L11,expansion,1,true,true,1//2,3//4,descendant_1:1//1
368,project_1,L00,expansion,3,true,false,2//1,1//4,descendant_1:1//1
368,project_1,L01,expansion,3,true,true,2//1,1//4,descendant_1:1//1
368,project_1,L10,expansion,3,true,false,2//1,1//4,descendant_1:1//1
368,project_1,L11,expansion,3,true,true,2//1,1//4,descendant_1:1//1
368,project_2,L00,expansion,3,true,false,2//1,1//4,descendant_1:1//1
368,project_2,L01,expansion,3,true,true,2//1,1//4,descendant_1:1//1
368,project_2,L10,expansion,3,true,false,2//1,1//4,descendant_1:1//1
368,project_2,L11,expansion,3,true,true,2//1,1//4,descendant_1:1//1
369,project_1,L00,expansion,1,true,false,1//2,1//4,descendant_1:1//1
369,project_1,L01,expansion,1,true,true,1//2,1//4,descendant_1:1//1
369,project_1,L10,expansion,1,true,false,1//2,1//4,descendant_1:1//1
369,project_1,L11,expansion,1,true,true,1//2,1//4,descendant_1:1//1
369,project_2,L00,expansion,1,true,false,1//2,1//4,descendant_1:1//1
369,project_2,L01,expansion,1,true,true,1//2,1//4,descendant_1:1//1
369,project_2,L10,expansion,1,true,false,1//2,1//4,descendant_1:1//1
369,project_2,L11,expansion,1,true,true,1//2,1//4,descendant_1:1//1
370,project_1,L00,bridge,3,true,false,2//1,1//4,descendant_1:1//1
370,project_1,L01,bridge,3,true,true,2//1,1//4,descendant_1:1//1
370,project_1,L10,bridge,3,true,false,2//1,1//4,descendant_1:1//1
370,project_1,L11,bridge,3,true,true,2//1,1//4,descendant_1:1//1
370,project_2,L00,bridge,3,true,false,2//1,1//4,descendant_1:1//1
370,project_2,L01,bridge,3,true,true,2//1,1//4,descendant_1:1//1
370,project_2,L10,bridge,3,true,false,2//1,1//4,descendant_1:1//1
370,project_2,L11,bridge,3,true,true,2//1,1//4,descendant_1:1//1
371,project_1,L00,bridge,3,true,false,1//2,1//4,descendant_1:1//1
371,project_1,L01,bridge,3,true,true,1//2,1//4,descendant_1:1//1
371,project_1,L10,bridge,3,true,false,1//2,1//4,descendant_1:1//1
371,project_1,L11,bridge,3,true,true,1//2,1//4,descendant_1:1//1
371,project_2,L00,bridge,3,true,false,1//2,1//4,descendant_1:1//1
371,project_2,L01,bridge,3,true,true,1//2,1//4,descendant_1:1//1
371,project_2,L10,bridge,3,true,false,1//2,1//4,descendant_1:1//1
371,project_2,L11,bridge,3,true,true,1//2,1//4,descendant_1:1//1
372,project_1,L00,expansion,1,true,false,2//1,1//4,descendant_1:1//1
372,project_1,L01,expansion,1,true,true,2//1,1//4,descendant_1:1//1
372,project_1,L10,expansion,1,true,false,2//1,1//4,descendant_1:1//1
372,project_1,L11,expansion,1,true,true,2//1,1//4,descendant_1:1//1
372,project_2,L00,expansion,1,true,false,2//1,1//4,descendant_1:1//1
372,project_2,L01,expansion,1,true,true,2//1,1//4,descendant_1:1//1
372,project_2,L10,expansion,1,true,false,2//1,1//4,descendant_1:1//1
372,project_2,L11,expansion,1,true,true,2//1,1//4,descendant_1:1//1
373,project_1,L00,expansion,3,true,false,2//1,1//4,descendant_1:1//1
373,project_1,L01,expansion,3,true,true,2//1,1//4,descendant_1:1//1
373,project_1,L10,expansion,3,true,false,2//1,1//4,descendant_1:1//1
373,project_1,L11,expansion,3,true,true,2//1,1//4,descendant_1:1//1
373,project_2,L00,expansion,3,true,false,2//1,1//4,descendant_1:1//1
373,project_2,L01,expansion,3,true,true,2//1,1//4,descendant_1:1//1
373,project_2,L10,expansion,3,true,false,2//1,1//4,descendant_1:1//1
373,project_2,L11,expansion,3,true,true,2//1,1//4,descendant_1:1//1
374,project_1,L00,expansion,3,true,false,2//1,1//4,descendant_1:1//1
374,project_1,L01,expansion,3,true,true,2//1,1//4,descendant_1:1//1
374,project_1,L10,expansion,3,true,false,2//1,1//4,descendant_1:1//1
374,project_1,L11,expansion,3,true,true,2//1,1//4,descendant_1:1//1
374,project_2,L00,expansion,3,true,false,2//1,1//4,descendant_1:1//1
374,project_2,L01,expansion,3,true,true,2//1,1//4,descendant_1:1//1
374,project_2,L10,expansion,3,true,false,2//1,1//4,descendant_1:1//1
374,project_2,L11,expansion,3,true,true,2//1,1//4,descendant_1:1//1
375,project_1,L00,bridge,3,true,false,1//2,1//4,descendant_1:1//1
375,project_1,L01,bridge,3,true,true,1//2,1//4,descendant_1:1//1
375,project_1,L10,bridge,3,true,false,1//2,1//4,descendant_1:1//1
375,project_1,L11,bridge,3,true,true,1//2,1//4,descendant_1:1//1
375,project_2,L00,bridge,3,true,false,1//2,1//4,descendant_1:1//1
375,project_2,L01,bridge,3,true,true,1//2,1//4,descendant_1:1//1
375,project_2,L10,bridge,3,true,false,1//2,1//4,descendant_1:1//1
375,project_2,L11,bridge,3,true,true,1//2,1//4,descendant_1:1//1
376,project_1,L00,bridge,3,true,false,2//1,1//4,descendant_1:1//1
376,project_1,L01,bridge,3,true,true,2//1,1//4,descendant_1:1//1
376,project_1,L10,bridge,3,true,false,2//1,1//4,descendant_1:1//1
376,project_1,L11,bridge,3,true,true,2//1,1//4,descendant_1:1//1
376,project_2,L00,bridge,3,true,false,2//1,1//4,descendant_1:1//1
376,project_2,L01,bridge,3,true,true,2//1,1//4,descendant_1:1//1
376,project_2,L10,bridge,3,true,false,2//1,1//4,descendant_1:1//1
376,project_2,L11,bridge,3,true,true,2//1,1//4,descendant_1:1//1
377,project_1,L00,expansion,1,true,false,2//1,1//4,descendant_1:1//1
377,project_1,L01,expansion,1,true,true,2//1,1//4,descendant_1:1//1
377,project_1,L10,expansion,1,true,false,2//1,1//4,descendant_1:1//1
377,project_1,L11,expansion,1,true,true,2//1,1//4,descendant_1:1//1
377,project_2,L00,expansion,1,true,false,2//1,1//4,descendant_1:1//1
377,project_2,L01,expansion,1,true,true,2//1,1//4,descendant_1:1//1
377,project_2,L10,expansion,1,true,false,2//1,1//4,descendant_1:1//1
377,project_2,L11,expansion,1,true,true,2//1,1//4,descendant_1:1//1
378,project_1,L00,bridge,1,true,false,1//2,1//4,descendant_1:1//1
378,project_1,L01,bridge,1,true,true,1//2,1//4,descendant_1:1//1
378,project_1,L10,bridge,1,true,false,1//2,1//4,descendant_1:1//1
378,project_1,L11,bridge,1,true,true,1//2,1//4,descendant_1:1//1
378,project_2,L00,bridge,1,true,false,1//2,1//4,descendant_1:1//1
378,project_2,L01,bridge,1,true,true,1//2,1//4,descendant_1:1//1
378,project_2,L10,bridge,1,true,false,1//2,1//4,descendant_1:1//1
378,project_2,L11,bridge,1,true,true,1//2,1//4,descendant_1:1//1
379,project_1,L00,expansion,1,true,false,1//2,1//4,descendant_1:1//1
379,project_1,L01,expansion,1,true,true,1//2,1//4,descendant_1:1//1
379,project_1,L10,expansion,1,true,false,1//2,1//4,descendant_1:1//1
379,project_1,L11,expansion,1,true,true,1//2,1//4,descendant_1:1//1
379,project_2,L00,expansion,1,true,false,1//2,1//4,descendant_1:1//1
379,project_2,L01,expansion,1,true,true,1//2,1//4,descendant_1:1//1
379,project_2,L10,expansion,1,true,false,1//2,1//4,descendant_1:1//1
379,project_2,L11,expansion,1,true,true,1//2,1//4,descendant_1:1//1
380,project_1,L00,expansion,1,true,false,1//2,3//4,descendant_1:1//1
380,project_1,L01,expansion,1,true,true,1//2,3//4,descendant_1:1//1
380,project_1,L10,expansion,1,true,false,1//2,3//4,descendant_1:1//1
380,project_1,L11,expansion,1,true,true,1//2,3//4,descendant_1:1//1
380,project_2,L00,expansion,1,true,false,1//2,3//4,descendant_1:1//1
380,project_2,L01,expansion,1,true,true,1//2,3//4,descendant_1:1//1
380,project_2,L10,expansion,1,true,false,1//2,3//4,descendant_1:1//1
380,project_2,L11,expansion,1,true,true,1//2,3//4,descendant_1:1//1
381,project_1,L00,bridge,3,true,false,1//2,1//4,descendant_1:1//1
381,project_1,L01,bridge,3,true,true,1//2,1//4,descendant_1:1//1
381,project_1,L10,bridge,3,true,false,1//2,1//4,descendant_1:1//1
381,project_1,L11,bridge,3,true,true,1//2,1//4,descendant_1:1//1
381,project_2,L00,bridge,3,true,false,1//2,1//4,descendant_1:1//1
381,project_2,L01,bridge,3,true,true,1//2,1//4,descendant_1:1//1
381,project_2,L10,bridge,3,true,false,1//2,1//4,descendant_1:1//1
381,project_2,L11,bridge,3,true,true,1//2,1//4,descendant_1:1//1
382,project_1,L00,bridge,1,true,false,1//2,1//4,descendant_1:1//1
382,project_1,L01,bridge,1,true,true,1//2,1//4,descendant_1:1//1
382,project_1,L10,bridge,1,true,false,1//2,1//4,descendant_1:1//1
382,project_1,L11,bridge,1,true,true,1//2,1//4,descendant_1:1//1
382,project_2,L00,bridge,1,true,false,1//2,1//4,descendant_1:1//1
382,project_2,L01,bridge,1,true,true,1//2,1//4,descendant_1:1//1
382,project_2,L10,bridge,1,true,false,1//2,1//4,descendant_1:1//1
382,project_2,L11,bridge,1,true,true,1//2,1//4,descendant_1:1//1
383,project_1,L00,expansion,3,true,false,1//2,3//4,descendant_1:1//1
383,project_1,L01,expansion,3,true,true,1//2,3//4,descendant_1:1//1
383,project_1,L10,expansion,3,true,false,1//2,3//4,descendant_1:1//1
383,project_1,L11,expansion,3,true,true,1//2,3//4,descendant_1:1//1
383,project_2,L00,expansion,3,true,false,1//2,3//4,descendant_1:1//1
383,project_2,L01,expansion,3,true,true,1//2,3//4,descendant_1:1//1
383,project_2,L10,expansion,3,true,false,1//2,3//4,descendant_1:1//1
383,project_2,L11,expansion,3,true,true,1//2,3//4,descendant_1:1//1
384,project_1,L00,bridge,1,true,false,1//2,3//4,descendant_1:1//1
384,project_1,L01,bridge,1,true,true,1//2,3//4,descendant_1:1//1
384,project_1,L10,bridge,1,true,false,1//2,3//4,descendant_1:1//1
384,project_1,L11,bridge,1,true,true,1//2,3//4,descendant_1:1//1
384,project_2,L00,bridge,1,true,false,1//2,3//4,descendant_1:1//1
384,project_2,L01,bridge,1,true,true,1//2,3//4,descendant_1:1//1
384,project_2,L10,bridge,1,true,false,1//2,3//4,descendant_1:1//1
384,project_2,L11,bridge,1,true,true,1//2,3//4,descendant_1:1//1
385,project_1,L00,core_a,3,true,true,1//2,3//4,descendant_1:1//1
385,project_1,L01,core_a,3,true,true,1//2,3//4,descendant_1:1//1
385,project_1,L10,core_a,3,true,true,1//2,3//4,descendant_1:1//1
385,project_1,L11,core_a,3,true,true,1//2,3//4,descendant_1:1//1
385,project_2,L00,expansion,3,true,false,1//2,3//4,descendant_1:1//1
385,project_2,L01,expansion,3,true,true,1//2,3//4,descendant_1:1//1
385,project_2,L10,expansion,3,true,false,1//2,3//4,descendant_1:1//1
385,project_2,L11,expansion,3,true,true,1//2,3//4,descendant_1:1//1
386,project_1,L00,core_b,3,true,true,1//2,1//4,descendant_1:1//1
386,project_1,L01,core_b,3,true,true,1//2,1//4,descendant_1:1//1
386,project_1,L10,core_b,3,true,true,1//2,1//4,descendant_1:1//1
386,project_1,L11,core_b,3,true,true,1//2,1//4,descendant_1:1//1
386,project_2,L00,expansion,3,true,false,1//2,1//4,descendant_1:1//1
386,project_2,L01,expansion,3,true,true,1//2,1//4,descendant_1:1//1
386,project_2,L10,expansion,3,true,false,1//2,1//4,descendant_1:1//1
386,project_2,L11,expansion,3,true,true,1//2,1//4,descendant_1:1//1
387,project_1,L00,core_a,3,true,true,1//2,3//4,descendant_1:1//1
387,project_1,L01,core_a,3,true,true,1//2,3//4,descendant_1:1//1
387,project_1,L10,core_a,3,true,true,1//2,3//4,descendant_1:1//1
387,project_1,L11,core_a,3,true,true,1//2,3//4,descendant_1:1//1
387,project_2,L00,expansion,3,true,false,1//2,3//4,descendant_1:1//1
387,project_2,L01,expansion,3,true,true,1//2,3//4,descendant_1:1//1
387,project_2,L10,expansion,3,true,false,1//2,3//4,descendant_1:1//1
387,project_2,L11,expansion,3,true,true,1//2,3//4,descendant_1:1//1
388,project_1,L00,core_b,3,true,true,2//1,1//4,descendant_1:1//1
388,project_1,L01,core_b,3,true,true,2//1,1//4,descendant_1:1//1
388,project_1,L10,core_b,3,true,true,2//1,1//4,descendant_1:1//1
388,project_1,L11,core_b,3,true,true,2//1,1//4,descendant_1:1//1
388,project_2,L00,bridge,3,true,false,2//1,1//4,descendant_1:1//1
388,project_2,L01,bridge,3,true,true,2//1,1//4,descendant_1:1//1
388,project_2,L10,bridge,3,true,false,2//1,1//4,descendant_1:1//1
388,project_2,L11,bridge,3,true,true,2//1,1//4,descendant_1:1//1
389,project_1,L00,core_b,1,true,true,2//1,1//4,descendant_1:1//1
389,project_1,L01,core_b,1,true,true,2//1,1//4,descendant_1:1//1
389,project_1,L10,core_b,1,true,true,2//1,1//4,descendant_1:1//1
389,project_1,L11,core_b,1,true,true,2//1,1//4,descendant_1:1//1
389,project_2,L00,bridge,1,true,false,2//1,1//4,descendant_1:1//1
389,project_2,L01,bridge,1,true,true,2//1,1//4,descendant_1:1//1
389,project_2,L10,bridge,1,true,false,2//1,1//4,descendant_1:1//1
389,project_2,L11,bridge,1,true,true,2//1,1//4,descendant_1:1//1
390,project_1,L00,core_c,1,true,true,1//2,3//4,descendant_1:1//1
390,project_1,L01,core_c,1,true,true,1//2,3//4,descendant_1:1//1
390,project_1,L10,core_c,1,true,true,1//2,3//4,descendant_1:1//1
390,project_1,L11,core_c,1,true,true,1//2,3//4,descendant_1:1//1
390,project_2,L00,expansion,1,true,false,1//2,3//4,descendant_1:1//1
390,project_2,L01,expansion,1,true,true,1//2,3//4,descendant_1:1//1
390,project_2,L10,expansion,1,true,false,1//2,3//4,descendant_1:1//1
390,project_2,L11,expansion,1,true,true,1//2,3//4,descendant_1:1//1
391,project_1,L00,core_a,1,true,true,1//2,1//4,descendant_1:1//1
391,project_1,L01,core_a,1,true,true,1//2,1//4,descendant_1:1//1
391,project_1,L10,core_a,1,true,true,1//2,1//4,descendant_1:1//1
391,project_1,L11,core_a,1,true,true,1//2,1//4,descendant_1:1//1
391,project_2,L00,bridge,1,true,false,1//2,1//4,descendant_1:1//1
391,project_2,L01,bridge,1,true,true,1//2,1//4,descendant_1:1//1
391,project_2,L10,bridge,1,true,false,1//2,1//4,descendant_1:1//1
391,project_2,L11,bridge,1,true,true,1//2,1//4,descendant_1:1//1
392,project_1,L00,core_b,3,true,true,1//2,1//4,descendant_1:1//1
392,project_1,L01,core_b,3,true,true,1//2,1//4,descendant_1:1//1
392,project_1,L10,core_b,3,true,true,1//2,1//4,descendant_1:1//1
392,project_1,L11,core_b,3,true,true,1//2,1//4,descendant_1:1//1
392,project_2,L00,expansion,3,true,false,1//2,1//4,descendant_1:1//1
392,project_2,L01,expansion,3,true,true,1//2,1//4,descendant_1:1//1
392,project_2,L10,expansion,3,true,false,1//2,1//4,descendant_1:1//1
392,project_2,L11,expansion,3,true,true,1//2,1//4,descendant_1:1//1
393,project_1,L00,core_a,1,true,true,2//1,1//4,descendant_1:1//1
393,project_1,L01,core_a,1,true,true,2//1,1//4,descendant_1:1//1
393,project_1,L10,core_a,1,true,true,2//1,1//4,descendant_1:1//1
393,project_1,L11,core_a,1,true,true,2//1,1//4,descendant_1:1//1
393,project_2,L00,expansion,1,true,false,2//1,1//4,descendant_1:1//1
393,project_2,L01,expansion,1,true,true,2//1,1//4,descendant_1:1//1
393,project_2,L10,expansion,1,true,false,2//1,1//4,descendant_1:1//1
393,project_2,L11,expansion,1,true,true,2//1,1//4,descendant_1:1//1
394,project_1,L00,core_b,1,true,true,2//1,1//4,descendant_1:1//1
394,project_1,L01,core_b,1,true,true,2//1,1//4,descendant_1:1//1
394,project_1,L10,core_b,1,true,true,2//1,1//4,descendant_1:1//1
394,project_1,L11,core_b,1,true,true,2//1,1//4,descendant_1:1//1
394,project_2,L00,expansion,1,true,false,2//1,1//4,descendant_1:1//1
394,project_2,L01,expansion,1,true,true,2//1,1//4,descendant_1:1//1
394,project_2,L10,expansion,1,true,false,2//1,1//4,descendant_1:1//1
394,project_2,L11,expansion,1,true,true,2//1,1//4,descendant_1:1//1
395,project_1,L00,core_b,1,true,true,1//2,3//4,descendant_1:1//1
395,project_1,L01,core_b,1,true,true,1//2,3//4,descendant_1:1//1
395,project_1,L10,core_b,1,true,true,1//2,3//4,descendant_1:1//1
395,project_1,L11,core_b,1,true,true,1//2,3//4,descendant_1:1//1
395,project_2,L00,bridge,1,true,false,1//2,3//4,descendant_1:1//1
395,project_2,L01,bridge,1,true,true,1//2,3//4,descendant_1:1//1
395,project_2,L10,bridge,1,true,false,1//2,3//4,descendant_1:1//1
395,project_2,L11,bridge,1,true,true,1//2,3//4,descendant_1:1//1
396,project_1,L00,core_b,3,true,true,1//2,3//4,descendant_1:1//1
396,project_1,L01,core_b,3,true,true,1//2,3//4,descendant_1:1//1
396,project_1,L10,core_b,3,true,true,1//2,3//4,descendant_1:1//1
396,project_1,L11,core_b,3,true,true,1//2,3//4,descendant_1:1//1
396,project_2,L00,bridge,3,true,false,1//2,3//4,descendant_1:1//1
396,project_2,L01,bridge,3,true,true,1//2,3//4,descendant_1:1//1
396,project_2,L10,bridge,3,true,false,1//2,3//4,descendant_1:1//1
396,project_2,L11,bridge,3,true,true,1//2,3//4,descendant_1:1//1
397,project_1,L00,core_c,3,true,true,1//2,1//4,descendant_1:1//1
397,project_1,L01,core_c,3,true,true,1//2,1//4,descendant_1:1//1
397,project_1,L10,core_c,3,true,true,1//2,1//4,descendant_1:1//1
397,project_1,L11,core_c,3,true,true,1//2,1//4,descendant_1:1//1
397,project_2,L00,bridge,3,true,false,1//2,1//4,descendant_1:1//1
397,project_2,L01,bridge,3,true,true,1//2,1//4,descendant_1:1//1
397,project_2,L10,bridge,3,true,false,1//2,1//4,descendant_1:1//1
397,project_2,L11,bridge,3,true,true,1//2,1//4,descendant_1:1//1
398,project_1,L00,core_c,3,true,true,1//2,3//4,descendant_1:1//1
398,project_1,L01,core_c,3,true,true,1//2,3//4,descendant_1:1//1
398,project_1,L10,core_c,3,true,true,1//2,3//4,descendant_1:1//1
398,project_1,L11,core_c,3,true,true,1//2,3//4,descendant_1:1//1
398,project_2,L00,bridge,3,true,false,1//2,3//4,descendant_1:1//1
398,project_2,L01,bridge,3,true,true,1//2,3//4,descendant_1:1//1
398,project_2,L10,bridge,3,true,false,1//2,3//4,descendant_1:1//1
398,project_2,L11,bridge,3,true,true,1//2,3//4,descendant_1:1//1
399,project_1,L00,core_c,3,true,true,2//1,3//4,descendant_1:1//1
399,project_1,L01,core_c,3,true,true,2//1,3//4,descendant_1:1//1
399,project_1,L10,core_c,3,true,true,2//1,3//4,descendant_1:1//1
399,project_1,L11,core_c,3,true,true,2//1,3//4,descendant_1:1//1
399,project_2,L00,bridge,3,true,false,2//1,3//4,descendant_1:1//1
399,project_2,L01,bridge,3,true,true,2//1,3//4,descendant_1:1//1
399,project_2,L10,bridge,3,true,false,2//1,3//4,descendant_1:1//1
399,project_2,L11,bridge,3,true,true,2//1,3//4,descendant_1:1//1
400,project_1,L00,core_b,1,true,true,1//2,1//4,descendant_1:1//1
400,project_1,L01,core_b,1,true,true,1//2,1//4,descendant_1:1//1
400,project_1,L10,core_b,1,true,true,1//2,1//4,descendant_1:1//1
400,project_1,L11,core_b,1,true,true,1//2,1//4,descendant_1:1//1
400,project_2,L00,bridge,1,true,false,1//2,1//4,descendant_1:1//1
400,project_2,L01,bridge,1,true,true,1//2,1//4,descendant_1:1//1
400,project_2,L10,bridge,1,true,false,1//2,1//4,descendant_1:1//1
400,project_2,L11,bridge,1,true,true,1//2,1//4,descendant_1:1//1
401,project_1,L00,core_c,1,true,true,2//1,1//4,descendant_1:1//1
401,project_1,L01,core_c,1,true,true,2//1,1//4,descendant_1:1//1
401,project_1,L10,core_c,1,true,true,2//1,1//4,descendant_1:1//1
401,project_1,L11,core_c,1,true,true,2//1,1//4,descendant_1:1//1
401,project_2,L00,bridge,1,true,false,2//1,1//4,descendant_1:1//1
401,project_2,L01,bridge,1,true,true,2//1,1//4,descendant_1:1//1
401,project_2,L10,bridge,1,true,false,2//1,1//4,descendant_1:1//1
401,project_2,L11,bridge,1,true,true,2//1,1//4,descendant_1:1//1
402,project_1,L00,core_b,3,true,true,2//1,3//4,descendant_1:1//1
402,project_1,L01,core_b,3,true,true,2//1,3//4,descendant_1:1//1
402,project_1,L10,core_b,3,true,true,2//1,3//4,descendant_1:1//1
402,project_1,L11,core_b,3,true,true,2//1,3//4,descendant_1:1//1
402,project_2,L00,expansion,3,true,false,2//1,3//4,descendant_1:1//1
402,project_2,L01,expansion,3,true,true,2//1,3//4,descendant_1:1//1
402,project_2,L10,expansion,3,true,false,2//1,3//4,descendant_1:1//1
402,project_2,L11,expansion,3,true,true,2//1,3//4,descendant_1:1//1
403,project_1,L00,core_c,1,true,true,1//2,1//4,descendant_1:1//1
403,project_1,L01,core_c,1,true,true,1//2,1//4,descendant_1:1//1
403,project_1,L10,core_c,1,true,true,1//2,1//4,descendant_1:1//1
403,project_1,L11,core_c,1,true,true,1//2,1//4,descendant_1:1//1
403,project_2,L00,bridge,1,true,false,1//2,1//4,descendant_1:1//1
403,project_2,L01,bridge,1,true,true,1//2,1//4,descendant_1:1//1
403,project_2,L10,bridge,1,true,false,1//2,1//4,descendant_1:1//1
403,project_2,L11,bridge,1,true,true,1//2,1//4,descendant_1:1//1
404,project_1,L00,core_c,3,true,true,2//1,1//4,descendant_1:1//1
404,project_1,L01,core_c,3,true,true,2//1,1//4,descendant_1:1//1
404,project_1,L10,core_c,3,true,true,2//1,1//4,descendant_1:1//1
404,project_1,L11,core_c,3,true,true,2//1,1//4,descendant_1:1//1
404,project_2,L00,bridge,3,true,false,2//1,1//4,descendant_1:1//1
404,project_2,L01,bridge,3,true,true,2//1,1//4,descendant_1:1//1
404,project_2,L10,bridge,3,true,false,2//1,1//4,descendant_1:1//1
404,project_2,L11,bridge,3,true,true,2//1,1//4,descendant_1:1//1
405,project_1,L00,core_a,3,true,true,1//2,1//4,descendant_1:1//1
405,project_1,L01,core_a,3,true,true,1//2,1//4,descendant_1:1//1
405,project_1,L10,core_a,3,true,true,1//2,1//4,descendant_1:1//1
405,project_1,L11,core_a,3,true,true,1//2,1//4,descendant_1:1//1
405,project_2,L00,bridge,3,true,false,1//2,1//4,descendant_1:1//1
405,project_2,L01,bridge,3,true,true,1//2,1//4,descendant_1:1//1
405,project_2,L10,bridge,3,true,false,1//2,1//4,descendant_1:1//1
405,project_2,L11,bridge,3,true,true,1//2,1//4,descendant_1:1//1
406,project_1,L00,core_a,3,true,true,1//2,1//4,descendant_1:1//1
406,project_1,L01,core_a,3,true,true,1//2,1//4,descendant_1:1//1
406,project_1,L10,core_a,3,true,true,1//2,1//4,descendant_1:1//1
406,project_1,L11,core_a,3,true,true,1//2,1//4,descendant_1:1//1
406,project_2,L00,bridge,3,true,false,1//2,1//4,descendant_1:1//1
406,project_2,L01,bridge,3,true,true,1//2,1//4,descendant_1:1//1
406,project_2,L10,bridge,3,true,false,1//2,1//4,descendant_1:1//1
406,project_2,L11,bridge,3,true,true,1//2,1//4,descendant_1:1//1
407,project_1,L00,core_c,3,true,true,2//1,1//4,descendant_1:1//1
407,project_1,L01,core_c,3,true,true,2//1,1//4,descendant_1:1//1
407,project_1,L10,core_c,3,true,true,2//1,1//4,descendant_1:1//1
407,project_1,L11,core_c,3,true,true,2//1,1//4,descendant_1:1//1
407,project_2,L00,bridge,3,true,false,2//1,1//4,descendant_1:1//1
407,project_2,L01,bridge,3,true,true,2//1,1//4,descendant_1:1//1
407,project_2,L10,bridge,3,true,false,2//1,1//4,descendant_1:1//1
407,project_2,L11,bridge,3,true,true,2//1,1//4,descendant_1:1//1
408,project_1,L00,core_a,1,true,true,1//2,3//4,descendant_1:1//1
408,project_1,L01,core_a,1,true,true,1//2,3//4,descendant_1:1//1
408,project_1,L10,core_a,1,true,true,1//2,3//4,descendant_1:1//1
408,project_1,L11,core_a,1,true,true,1//2,3//4,descendant_1:1//1
408,project_2,L00,bridge,1,true,false,1//2,3//4,descendant_1:1//1
408,project_2,L01,bridge,1,true,true,1//2,3//4,descendant_1:1//1
408,project_2,L10,bridge,1,true,false,1//2,3//4,descendant_1:1//1
408,project_2,L11,bridge,1,true,true,1//2,3//4,descendant_1:1//1
409,project_1,L00,core_c,1,true,true,1//2,3//4,descendant_1:1//1
409,project_1,L01,core_c,1,true,true,1//2,3//4,descendant_1:1//1
409,project_1,L10,core_c,1,true,true,1//2,3//4,descendant_1:1//1
409,project_1,L11,core_c,1,true,true,1//2,3//4,descendant_1:1//1
409,project_2,L00,expansion,1,true,false,1//2,3//4,descendant_1:1//1
409,project_2,L01,expansion,1,true,true,1//2,3//4,descendant_1:1//1
409,project_2,L10,expansion,1,true,false,1//2,3//4,descendant_1:1//1
409,project_2,L11,expansion,1,true,true,1//2,3//4,descendant_1:1//1
410,project_1,L00,core_a,3,true,true,2//1,3//4,descendant_1:1//1
410,project_1,L01,core_a,3,true,true,2//1,3//4,descendant_1:1//1
410,project_1,L10,core_a,3,true,true,2//1,3//4,descendant_1:1//1
410,project_1,L11,core_a,3,true,true,2//1,3//4,descendant_1:1//1
410,project_2,L00,expansion,3,true,false,2//1,3//4,descendant_1:1//1
410,project_2,L01,expansion,3,true,true,2//1,3//4,descendant_1:1//1
410,project_2,L10,expansion,3,true,false,2//1,3//4,descendant_1:1//1
410,project_2,L11,expansion,3,true,true,2//1,3//4,descendant_1:1//1
411,project_1,L00,core_a,3,true,true,2//1,3//4,descendant_1:1//1
411,project_1,L01,core_a,3,true,true,2//1,3//4,descendant_1:1//1
411,project_1,L10,core_a,3,true,true,2//1,3//4,descendant_1:1//1
411,project_1,L11,core_a,3,true,true,2//1,3//4,descendant_1:1//1
411,project_2,L00,bridge,3,true,false,2//1,3//4,descendant_1:1//1
411,project_2,L01,bridge,3,true,true,2//1,3//4,descendant_1:1//1
411,project_2,L10,bridge,3,true,false,2//1,3//4,descendant_1:1//1
411,project_2,L11,bridge,3,true,true,2//1,3//4,descendant_1:1//1
412,project_1,L00,core_a,1,true,true,2//1,3//4,descendant_1:1//1
412,project_1,L01,core_a,1,true,true,2//1,3//4,descendant_1:1//1
412,project_1,L10,core_a,1,true,true,2//1,3//4,descendant_1:1//1
412,project_1,L11,core_a,1,true,true,2//1,3//4,descendant_1:1//1
412,project_2,L00,bridge,1,true,false,2//1,3//4,descendant_1:1//1
412,project_2,L01,bridge,1,true,true,2//1,3//4,descendant_1:1//1
412,project_2,L10,bridge,1,true,false,2//1,3//4,descendant_1:1//1
412,project_2,L11,bridge,1,true,true,2//1,3//4,descendant_1:1//1
413,project_1,L00,core_b,1,true,true,2//1,1//4,descendant_1:1//1
413,project_1,L01,core_b,1,true,true,2//1,1//4,descendant_1:1//1
413,project_1,L10,core_b,1,true,true,2//1,1//4,descendant_1:1//1
413,project_1,L11,core_b,1,true,true,2//1,1//4,descendant_1:1//1
413,project_2,L00,bridge,1,true,false,2//1,1//4,descendant_1:1//1
413,project_2,L01,bridge,1,true,true,2//1,1//4,descendant_1:1//1
413,project_2,L10,bridge,1,true,false,2//1,1//4,descendant_1:1//1
413,project_2,L11,bridge,1,true,true,2//1,1//4,descendant_1:1//1
414,project_1,L00,core_a,3,true,true,2//1,3//4,descendant_1:1//1
414,project_1,L01,core_a,3,true,true,2//1,3//4,descendant_1:1//1
414,project_1,L10,core_a,3,true,true,2//1,3//4,descendant_1:1//1
414,project_1,L11,core_a,3,true,true,2//1,3//4,descendant_1:1//1
414,project_2,L00,expansion,3,true,false,2//1,3//4,descendant_1:1//1
414,project_2,L01,expansion,3,true,true,2//1,3//4,descendant_1:1//1
414,project_2,L10,expansion,3,true,false,2//1,3//4,descendant_1:1//1
414,project_2,L11,expansion,3,true,true,2//1,3//4,descendant_1:1//1
415,project_1,L00,core_c,1,true,true,2//1,1//4,descendant_1:1//1
415,project_1,L01,core_c,1,true,true,2//1,1//4,descendant_1:1//1
415,project_1,L10,core_c,1,true,true,2//1,1//4,descendant_1:1//1
415,project_1,L11,core_c,1,true,true,2//1,1//4,descendant_1:1//1
415,project_2,L00,bridge,1,true,false,2//1,1//4,descendant_1:1//1
415,project_2,L01,bridge,1,true,true,2//1,1//4,descendant_1:1//1
415,project_2,L10,bridge,1,true,false,2//1,1//4,descendant_1:1//1
415,project_2,L11,bridge,1,true,true,2//1,1//4,descendant_1:1//1
416,project_1,L00,core_a,3,true,true,1//2,3//4,descendant_1:1//1
416,project_1,L01,core_a,3,true,true,1//2,3//4,descendant_1:1//1
416,project_1,L10,core_a,3,true,true,1//2,3//4,descendant_1:1//1
416,project_1,L11,core_a,3,true,true,1//2,3//4,descendant_1:1//1
416,project_2,L00,expansion,3,true,false,1//2,3//4,descendant_1:1//1
416,project_2,L01,expansion,3,true,true,1//2,3//4,descendant_1:1//1
416,project_2,L10,expansion,3,true,false,1//2,3//4,descendant_1:1//1
416,project_2,L11,expansion,3,true,true,1//2,3//4,descendant_1:1//1
417,project_1,L00,core_c,1,true,true,2//1,1//4,descendant_1:1//1
417,project_1,L01,core_c,1,true,true,2//1,1//4,descendant_1:1//1
417,project_1,L10,core_c,1,true,true,2//1,1//4,descendant_1:1//1
417,project_1,L11,core_c,1,true,true,2//1,1//4,descendant_1:1//1
417,project_2,L00,bridge,1,true,false,2//1,1//4,descendant_1:1//1
417,project_2,L01,bridge,1,true,true,2//1,1//4,descendant_1:1//1
417,project_2,L10,bridge,1,true,false,2//1,1//4,descendant_1:1//1
417,project_2,L11,bridge,1,true,true,2//1,1//4,descendant_1:1//1
418,project_1,L00,core_b,1,true,true,1//2,1//4,descendant_1:1//1
418,project_1,L01,core_b,1,true,true,1//2,1//4,descendant_1:1//1
418,project_1,L10,core_b,1,true,true,1//2,1//4,descendant_1:1//1
418,project_1,L11,core_b,1,true,true,1//2,1//4,descendant_1:1//1
418,project_2,L00,expansion,1,true,false,1//2,1//4,descendant_1:1//1
418,project_2,L01,expansion,1,true,true,1//2,1//4,descendant_1:1//1
418,project_2,L10,expansion,1,true,false,1//2,1//4,descendant_1:1//1
418,project_2,L11,expansion,1,true,true,1//2,1//4,descendant_1:1//1
419,project_1,L00,core_b,1,true,true,1//2,1//4,descendant_1:1//1
419,project_1,L01,core_b,1,true,true,1//2,1//4,descendant_1:1//1
419,project_1,L10,core_b,1,true,true,1//2,1//4,descendant_1:1//1
419,project_1,L11,core_b,1,true,true,1//2,1//4,descendant_1:1//1
419,project_2,L00,expansion,1,true,false,1//2,1//4,descendant_1:1//1
419,project_2,L01,expansion,1,true,true,1//2,1//4,descendant_1:1//1
419,project_2,L10,expansion,1,true,false,1//2,1//4,descendant_1:1//1
419,project_2,L11,expansion,1,true,true,1//2,1//4,descendant_1:1//1
420,project_1,L00,core_c,1,true,true,1//2,3//4,descendant_1:1//1
420,project_1,L01,core_c,1,true,true,1//2,3//4,descendant_1:1//1
420,project_1,L10,core_c,1,true,true,1//2,3//4,descendant_1:1//1
420,project_1,L11,core_c,1,true,true,1//2,3//4,descendant_1:1//1
420,project_2,L00,bridge,1,true,false,1//2,3//4,descendant_1:1//1
420,project_2,L01,bridge,1,true,true,1//2,3//4,descendant_1:1//1
420,project_2,L10,bridge,1,true,false,1//2,3//4,descendant_1:1//1
420,project_2,L11,bridge,1,true,true,1//2,3//4,descendant_1:1//1
421,project_1,L00,core_c,1,true,true,1//2,1//4,descendant_1:1//1
421,project_1,L01,core_c,1,true,true,1//2,1//4,descendant_1:1//1
421,project_1,L10,core_c,1,true,true,1//2,1//4,descendant_1:1//1
421,project_1,L11,core_c,1,true,true,1//2,1//4,descendant_1:1//1
421,project_2,L00,expansion,1,true,false,1//2,1//4,descendant_1:1//1
421,project_2,L01,expansion,1,true,true,1//2,1//4,descendant_1:1//1
421,project_2,L10,expansion,1,true,false,1//2,1//4,descendant_1:1//1
421,project_2,L11,expansion,1,true,true,1//2,1//4,descendant_1:1//1
422,project_1,L00,core_c,1,true,true,2//1,3//4,descendant_1:1//1
422,project_1,L01,core_c,1,true,true,2//1,3//4,descendant_1:1//1
422,project_1,L10,core_c,1,true,true,2//1,3//4,descendant_1:1//1
422,project_1,L11,core_c,1,true,true,2//1,3//4,descendant_1:1//1
422,project_2,L00,bridge,1,true,false,2//1,3//4,descendant_1:1//1
422,project_2,L01,bridge,1,true,true,2//1,3//4,descendant_1:1//1
422,project_2,L10,bridge,1,true,false,2//1,3//4,descendant_1:1//1
422,project_2,L11,bridge,1,true,true,2//1,3//4,descendant_1:1//1
423,project_1,L00,core_c,1,true,true,2//1,3//4,descendant_1:1//1
423,project_1,L01,core_c,1,true,true,2//1,3//4,descendant_1:1//1
423,project_1,L10,core_c,1,true,true,2//1,3//4,descendant_1:1//1
423,project_1,L11,core_c,1,true,true,2//1,3//4,descendant_1:1//1
423,project_2,L00,bridge,1,true,false,2//1,3//4,descendant_1:1//1
423,project_2,L01,bridge,1,true,true,2//1,3//4,descendant_1:1//1
423,project_2,L10,bridge,1,true,false,2//1,3//4,descendant_1:1//1
423,project_2,L11,bridge,1,true,true,2//1,3//4,descendant_1:1//1
424,project_1,L00,core_c,1,true,true,1//2,3//4,descendant_1:1//1
424,project_1,L01,core_c,1,true,true,1//2,3//4,descendant_1:1//1
424,project_1,L10,core_c,1,true,true,1//2,3//4,descendant_1:1//1
424,project_1,L11,core_c,1,true,true,1//2,3//4,descendant_1:1//1
424,project_2,L00,bridge,1,true,false,1//2,3//4,descendant_1:1//1
424,project_2,L01,bridge,1,true,true,1//2,3//4,descendant_1:1//1
424,project_2,L10,bridge,1,true,false,1//2,3//4,descendant_1:1//1
424,project_2,L11,bridge,1,true,true,1//2,3//4,descendant_1:1//1
425,project_1,L00,core_a,3,true,true,1//2,1//4,descendant_1:1//1
425,project_1,L01,core_a,3,true,true,1//2,1//4,descendant_1:1//1
425,project_1,L10,core_a,3,true,true,1//2,1//4,descendant_1:1//1
425,project_1,L11,core_a,3,true,true,1//2,1//4,descendant_1:1//1
425,project_2,L00,expansion,3,true,false,1//2,1//4,descendant_1:1//1
425,project_2,L01,expansion,3,true,true,1//2,1//4,descendant_1:1//1
425,project_2,L10,expansion,3,true,false,1//2,1//4,descendant_1:1//1
425,project_2,L11,expansion,3,true,true,1//2,1//4,descendant_1:1//1
426,project_1,L00,core_c,1,true,true,1//2,1//4,descendant_1:1//1
426,project_1,L01,core_c,1,true,true,1//2,1//4,descendant_1:1//1
426,project_1,L10,core_c,1,true,true,1//2,1//4,descendant_1:1//1
426,project_1,L11,core_c,1,true,true,1//2,1//4,descendant_1:1//1
426,project_2,L00,expansion,1,true,false,1//2,1//4,descendant_1:1//1
426,project_2,L01,expansion,1,true,true,1//2,1//4,descendant_1:1//1
426,project_2,L10,expansion,1,true,false,1//2,1//4,descendant_1:1//1
426,project_2,L11,expansion,1,true,true,1//2,1//4,descendant_1:1//1
427,project_1,L00,core_b,1,true,true,2//1,3//4,descendant_1:1//1
427,project_1,L01,core_b,1,true,true,2//1,3//4,descendant_1:1//1
427,project_1,L10,core_b,1,true,true,2//1,3//4,descendant_1:1//1
427,project_1,L11,core_b,1,true,true,2//1,3//4,descendant_1:1//1
427,project_2,L00,expansion,1,true,false,2//1,3//4,descendant_1:1//1
427,project_2,L01,expansion,1,true,true,2//1,3//4,descendant_1:1//1
427,project_2,L10,expansion,1,true,false,2//1,3//4,descendant_1:1//1
427,project_2,L11,expansion,1,true,true,2//1,3//4,descendant_1:1//1
428,project_1,L00,core_c,3,true,true,1//2,3//4,descendant_1:1//1
428,project_1,L01,core_c,3,true,true,1//2,3//4,descendant_1:1//1
428,project_1,L10,core_c,3,true,true,1//2,3//4,descendant_1:1//1
428,project_1,L11,core_c,3,true,true,1//2,3//4,descendant_1:1//1
428,project_2,L00,expansion,3,true,false,1//2,3//4,descendant_1:1//1
428,project_2,L01,expansion,3,true,true,1//2,3//4,descendant_1:1//1
428,project_2,L10,expansion,3,true,false,1//2,3//4,descendant_1:1//1
428,project_2,L11,expansion,3,true,true,1//2,3//4,descendant_1:1//1
429,project_1,L00,core_c,3,true,true,2//1,3//4,descendant_1:1//1
429,project_1,L01,core_c,3,true,true,2//1,3//4,descendant_1:1//1
429,project_1,L10,core_c,3,true,true,2//1,3//4,descendant_1:1//1
429,project_1,L11,core_c,3,true,true,2//1,3//4,descendant_1:1//1
429,project_2,L00,bridge,3,true,false,2//1,3//4,descendant_1:1//1
429,project_2,L01,bridge,3,true,true,2//1,3//4,descendant_1:1//1
429,project_2,L10,bridge,3,true,false,2//1,3//4,descendant_1:1//1
429,project_2,L11,bridge,3,true,true,2//1,3//4,descendant_1:1//1
430,project_1,L00,core_c,1,true,true,1//2,3//4,descendant_1:1//1
430,project_1,L01,core_c,1,true,true,1//2,3//4,descendant_1:1//1
430,project_1,L10,core_c,1,true,true,1//2,3//4,descendant_1:1//1
430,project_1,L11,core_c,1,true,true,1//2,3//4,descendant_1:1//1
430,project_2,L00,bridge,1,true,false,1//2,3//4,descendant_1:1//1
430,project_2,L01,bridge,1,true,true,1//2,3//4,descendant_1:1//1
430,project_2,L10,bridge,1,true,false,1//2,3//4,descendant_1:1//1
430,project_2,L11,bridge,1,true,true,1//2,3//4,descendant_1:1//1
431,project_1,L00,core_a,1,true,true,2//1,1//4,descendant_1:1//1
431,project_1,L01,core_a,1,true,true,2//1,1//4,descendant_1:1//1
431,project_1,L10,core_a,1,true,true,2//1,1//4,descendant_1:1//1
431,project_1,L11,core_a,1,true,true,2//1,1//4,descendant_1:1//1
431,project_2,L00,expansion,1,true,false,2//1,1//4,descendant_1:1//1
431,project_2,L01,expansion,1,true,true,2//1,1//4,descendant_1:1//1
431,project_2,L10,expansion,1,true,false,2//1,1//4,descendant_1:1//1
431,project_2,L11,expansion,1,true,true,2//1,1//4,descendant_1:1//1
432,project_1,L00,core_c,1,true,true,2//1,1//4,descendant_1:1//1
432,project_1,L01,core_c,1,true,true,2//1,1//4,descendant_1:1//1
432,project_1,L10,core_c,1,true,true,2//1,1//4,descendant_1:1//1
432,project_1,L11,core_c,1,true,true,2//1,1//4,descendant_1:1//1
432,project_2,L00,bridge,1,true,false,2//1,1//4,descendant_1:1//1
432,project_2,L01,bridge,1,true,true,2//1,1//4,descendant_1:1//1
432,project_2,L10,bridge,1,true,false,2//1,1//4,descendant_1:1//1
432,project_2,L11,bridge,1,true,true,2//1,1//4,descendant_1:1//1
433,project_1,L00,core_b,1,true,true,2//1,3//4,descendant_1:1//1
433,project_1,L01,core_b,1,true,true,2//1,3//4,descendant_1:1//1
433,project_1,L10,core_b,1,true,true,2//1,3//4,descendant_1:1//1
433,project_1,L11,core_b,1,true,true,2//1,3//4,descendant_1:1//1
433,project_2,L00,expansion,1,true,false,2//1,3//4,descendant_1:1//1
433,project_2,L01,expansion,1,true,true,2//1,3//4,descendant_1:1//1
433,project_2,L10,expansion,1,true,false,2//1,3//4,descendant_1:1//1
433,project_2,L11,expansion,1,true,true,2//1,3//4,descendant_1:1//1
434,project_1,L00,core_b,3,true,true,2//1,3//4,descendant_1:1//1
434,project_1,L01,core_b,3,true,true,2//1,3//4,descendant_1:1//1
434,project_1,L10,core_b,3,true,true,2//1,3//4,descendant_1:1//1
434,project_1,L11,core_b,3,true,true,2//1,3//4,descendant_1:1//1
434,project_2,L00,expansion,3,true,false,2//1,3//4,descendant_1:1//1
434,project_2,L01,expansion,3,true,true,2//1,3//4,descendant_1:1//1
434,project_2,L10,expansion,3,true,false,2//1,3//4,descendant_1:1//1
434,project_2,L11,expansion,3,true,true,2//1,3//4,descendant_1:1//1
435,project_1,L00,core_b,3,true,true,2//1,3//4,descendant_1:1//1
435,project_1,L01,core_b,3,true,true,2//1,3//4,descendant_1:1//1
435,project_1,L10,core_b,3,true,true,2//1,3//4,descendant_1:1//1
435,project_1,L11,core_b,3,true,true,2//1,3//4,descendant_1:1//1
435,project_2,L00,bridge,3,true,false,2//1,3//4,descendant_1:1//1
435,project_2,L01,bridge,3,true,true,2//1,3//4,descendant_1:1//1
435,project_2,L10,bridge,3,true,false,2//1,3//4,descendant_1:1//1
435,project_2,L11,bridge,3,true,true,2//1,3//4,descendant_1:1//1
436,project_1,L00,core_c,3,true,true,1//2,3//4,descendant_1:1//1
436,project_1,L01,core_c,3,true,true,1//2,3//4,descendant_1:1//1
436,project_1,L10,core_c,3,true,true,1//2,3//4,descendant_1:1//1
436,project_1,L11,core_c,3,true,true,1//2,3//4,descendant_1:1//1
436,project_2,L00,bridge,3,true,false,1//2,3//4,descendant_1:1//1
436,project_2,L01,bridge,3,true,true,1//2,3//4,descendant_1:1//1
436,project_2,L10,bridge,3,true,false,1//2,3//4,descendant_1:1//1
436,project_2,L11,bridge,3,true,true,1//2,3//4,descendant_1:1//1
437,project_1,L00,core_b,3,true,true,2//1,1//4,descendant_1:1//1
437,project_1,L01,core_b,3,true,true,2//1,1//4,descendant_1:1//1
437,project_1,L10,core_b,3,true,true,2//1,1//4,descendant_1:1//1
437,project_1,L11,core_b,3,true,true,2//1,1//4,descendant_1:1//1
437,project_2,L00,expansion,3,true,false,2//1,1//4,descendant_1:1//1
437,project_2,L01,expansion,3,true,true,2//1,1//4,descendant_1:1//1
437,project_2,L10,expansion,3,true,false,2//1,1//4,descendant_1:1//1
437,project_2,L11,expansion,3,true,true,2//1,1//4,descendant_1:1//1
438,project_1,L00,core_c,3,true,true,1//2,3//4,descendant_1:1//1
438,project_1,L01,core_c,3,true,true,1//2,3//4,descendant_1:1//1
438,project_1,L10,core_c,3,true,true,1//2,3//4,descendant_1:1//1
438,project_1,L11,core_c,3,true,true,1//2,3//4,descendant_1:1//1
438,project_2,L00,bridge,3,true,false,1//2,3//4,descendant_1:1//1
438,project_2,L01,bridge,3,true,true,1//2,3//4,descendant_1:1//1
438,project_2,L10,bridge,3,true,false,1//2,3//4,descendant_1:1//1
438,project_2,L11,bridge,3,true,true,1//2,3//4,descendant_1:1//1
439,project_1,L00,core_c,1,true,true,1//2,1//4,descendant_1:1//1
439,project_1,L01,core_c,1,true,true,1//2,1//4,descendant_1:1//1
439,project_1,L10,core_c,1,true,true,1//2,1//4,descendant_1:1//1
439,project_1,L11,core_c,1,true,true,1//2,1//4,descendant_1:1//1
439,project_2,L00,bridge,1,true,false,1//2,1//4,descendant_1:1//1
439,project_2,L01,bridge,1,true,true,1//2,1//4,descendant_1:1//1
439,project_2,L10,bridge,1,true,false,1//2,1//4,descendant_1:1//1
439,project_2,L11,bridge,1,true,true,1//2,1//4,descendant_1:1//1
440,project_1,L00,core_a,3,true,true,1//2,1//4,descendant_1:1//1
440,project_1,L01,core_a,3,true,true,1//2,1//4,descendant_1:1//1
440,project_1,L10,core_a,3,true,true,1//2,1//4,descendant_1:1//1
440,project_1,L11,core_a,3,true,true,1//2,1//4,descendant_1:1//1
440,project_2,L00,bridge,3,true,false,1//2,1//4,descendant_1:1//1
440,project_2,L01,bridge,3,true,true,1//2,1//4,descendant_1:1//1
440,project_2,L10,bridge,3,true,false,1//2,1//4,descendant_1:1//1
440,project_2,L11,bridge,3,true,true,1//2,1//4,descendant_1:1//1
441,project_1,L00,core_c,1,true,true,2//1,3//4,descendant_1:1//1
441,project_1,L01,core_c,1,true,true,2//1,3//4,descendant_1:1//1
441,project_1,L10,core_c,1,true,true,2//1,3//4,descendant_1:1//1
441,project_1,L11,core_c,1,true,true,2//1,3//4,descendant_1:1//1
441,project_2,L00,expansion,1,true,false,2//1,3//4,descendant_1:1//1
441,project_2,L01,expansion,1,true,true,2//1,3//4,descendant_1:1//1
441,project_2,L10,expansion,1,true,false,2//1,3//4,descendant_1:1//1
441,project_2,L11,expansion,1,true,true,2//1,3//4,descendant_1:1//1
442,project_1,L00,core_b,1,true,true,2//1,3//4,descendant_1:1//1
442,project_1,L01,core_b,1,true,true,2//1,3//4,descendant_1:1//1
442,project_1,L10,core_b,1,true,true,2//1,3//4,descendant_1:1//1
442,project_1,L11,core_b,1,true,true,2//1,3//4,descendant_1:1//1
442,project_2,L00,bridge,1,true,false,2//1,3//4,descendant_1:1//1
442,project_2,L01,bridge,1,true,true,2//1,3//4,descendant_1:1//1
442,project_2,L10,bridge,1,true,false,2//1,3//4,descendant_1:1//1
442,project_2,L11,bridge,1,true,true,2//1,3//4,descendant_1:1//1
443,project_1,L00,core_a,3,true,true,2//1,3//4,descendant_1:1//1
443,project_1,L01,core_a,3,true,true,2//1,3//4,descendant_1:1//1
443,project_1,L10,core_a,3,true,true,2//1,3//4,descendant_1:1//1
443,project_1,L11,core_a,3,true,true,2//1,3//4,descendant_1:1//1
443,project_2,L00,expansion,3,true,false,2//1,3//4,descendant_1:1//1
443,project_2,L01,expansion,3,true,true,2//1,3//4,descendant_1:1//1
443,project_2,L10,expansion,3,true,false,2//1,3//4,descendant_1:1//1
443,project_2,L11,expansion,3,true,true,2//1,3//4,descendant_1:1//1
444,project_1,L00,core_c,3,true,true,1//2,3//4,descendant_1:1//1
444,project_1,L01,core_c,3,true,true,1//2,3//4,descendant_1:1//1
444,project_1,L10,core_c,3,true,true,1//2,3//4,descendant_1:1//1
444,project_1,L11,core_c,3,true,true,1//2,3//4,descendant_1:1//1
444,project_2,L00,expansion,3,true,false,1//2,3//4,descendant_1:1//1
444,project_2,L01,expansion,3,true,true,1//2,3//4,descendant_1:1//1
444,project_2,L10,expansion,3,true,false,1//2,3//4,descendant_1:1//1
444,project_2,L11,expansion,3,true,true,1//2,3//4,descendant_1:1//1
445,project_1,L00,core_c,3,true,true,2//1,1//4,descendant_1:1//1
445,project_1,L01,core_c,3,true,true,2//1,1//4,descendant_1:1//1
445,project_1,L10,core_c,3,true,true,2//1,1//4,descendant_1:1//1
445,project_1,L11,core_c,3,true,true,2//1,1//4,descendant_1:1//1
445,project_2,L00,bridge,3,true,false,2//1,1//4,descendant_1:1//1
445,project_2,L01,bridge,3,true,true,2//1,1//4,descendant_1:1//1
445,project_2,L10,bridge,3,true,false,2//1,1//4,descendant_1:1//1
445,project_2,L11,bridge,3,true,true,2//1,1//4,descendant_1:1//1
446,project_1,L00,core_b,1,true,true,1//2,3//4,descendant_1:1//1
446,project_1,L01,core_b,1,true,true,1//2,3//4,descendant_1:1//1
446,project_1,L10,core_b,1,true,true,1//2,3//4,descendant_1:1//1
446,project_1,L11,core_b,1,true,true,1//2,3//4,descendant_1:1//1
446,project_2,L00,bridge,1,true,false,1//2,3//4,descendant_1:1//1
446,project_2,L01,bridge,1,true,true,1//2,3//4,descendant_1:1//1
446,project_2,L10,bridge,1,true,false,1//2,3//4,descendant_1:1//1
446,project_2,L11,bridge,1,true,true,1//2,3//4,descendant_1:1//1
447,project_1,L00,core_a,3,true,true,2//1,1//4,descendant_1:1//1
447,project_1,L01,core_a,3,true,true,2//1,1//4,descendant_1:1//1
447,project_1,L10,core_a,3,true,true,2//1,1//4,descendant_1:1//1
447,project_1,L11,core_a,3,true,true,2//1,1//4,descendant_1:1//1
447,project_2,L00,expansion,3,true,false,2//1,1//4,descendant_1:1//1
447,project_2,L01,expansion,3,true,true,2//1,1//4,descendant_1:1//1
447,project_2,L10,expansion,3,true,false,2//1,1//4,descendant_1:1//1
447,project_2,L11,expansion,3,true,true,2//1,1//4,descendant_1:1//1
448,project_1,L00,core_c,3,true,true,2//1,1//4,descendant_1:1//1
448,project_1,L01,core_c,3,true,true,2//1,1//4,descendant_1:1//1
448,project_1,L10,core_c,3,true,true,2//1,1//4,descendant_1:1//1
448,project_1,L11,core_c,3,true,true,2//1,1//4,descendant_1:1//1
448,project_2,L00,bridge,3,true,false,2//1,1//4,descendant_1:1//1
448,project_2,L01,bridge,3,true,true,2//1,1//4,descendant_1:1//1
448,project_2,L10,bridge,3,true,false,2//1,1//4,descendant_1:1//1
448,project_2,L11,bridge,3,true,true,2//1,1//4,descendant_1:1//1
449,project_1,L00,core_a,3,true,true,1//2,3//4,descendant_1:1//1
449,project_1,L01,core_a,3,true,true,1//2,3//4,descendant_1:1//1
449,project_1,L10,core_a,3,true,true,1//2,3//4,descendant_1:1//1
449,project_1,L11,core_a,3,true,true,1//2,3//4,descendant_1:1//1
449,project_2,L00,bridge,3,true,false,1//2,3//4,descendant_1:1//1
449,project_2,L01,bridge,3,true,true,1//2,3//4,descendant_1:1//1
449,project_2,L10,bridge,3,true,false,1//2,3//4,descendant_1:1//1
449,project_2,L11,bridge,3,true,true,1//2,3//4,descendant_1:1//1
450,project_1,L00,core_c,1,true,true,2//1,3//4,descendant_1:1//1
450,project_1,L01,core_c,1,true,true,2//1,3//4,descendant_1:1//1
450,project_1,L10,core_c,1,true,true,2//1,3//4,descendant_1:1//1
450,project_1,L11,core_c,1,true,true,2//1,3//4,descendant_1:1//1
450,project_2,L00,expansion,1,true,false,2//1,3//4,descendant_1:1//1
450,project_2,L01,expansion,1,true,true,2//1,3//4,descendant_1:1//1
450,project_2,L10,expansion,1,true,false,2//1,3//4,descendant_1:1//1
450,project_2,L11,expansion,1,true,true,2//1,3//4,descendant_1:1//1
451,project_1,L00,core_a,3,true,true,1//2,3//4,descendant_1:1//1
451,project_1,L01,core_a,3,true,true,1//2,3//4,descendant_1:1//1
451,project_1,L10,core_a,3,true,true,1//2,3//4,descendant_1:1//1
451,project_1,L11,core_a,3,true,true,1//2,3//4,descendant_1:1//1
451,project_2,L00,bridge,3,true,false,1//2,3//4,descendant_1:1//1
451,project_2,L01,bridge,3,true,true,1//2,3//4,descendant_1:1//1
451,project_2,L10,bridge,3,true,false,1//2,3//4,descendant_1:1//1
451,project_2,L11,bridge,3,true,true,1//2,3//4,descendant_1:1//1
452,project_1,L00,core_a,3,true,true,2//1,1//4,descendant_1:1//1
452,project_1,L01,core_a,3,true,true,2//1,1//4,descendant_1:1//1
452,project_1,L10,core_a,3,true,true,2//1,1//4,descendant_1:1//1
452,project_1,L11,core_a,3,true,true,2//1,1//4,descendant_1:1//1
452,project_2,L00,expansion,3,true,false,2//1,1//4,descendant_1:1//1
452,project_2,L01,expansion,3,true,true,2//1,1//4,descendant_1:1//1
452,project_2,L10,expansion,3,true,false,2//1,1//4,descendant_1:1//1
452,project_2,L11,expansion,3,true,true,2//1,1//4,descendant_1:1//1
453,project_1,L00,core_a,1,true,true,1//2,3//4,descendant_1:1//1
453,project_1,L01,core_a,1,true,true,1//2,3//4,descendant_1:1//1
453,project_1,L10,core_a,1,true,true,1//2,3//4,descendant_1:1//1
453,project_1,L11,core_a,1,true,true,1//2,3//4,descendant_1:1//1
453,project_2,L00,expansion,1,true,false,1//2,3//4,descendant_1:1//1
453,project_2,L01,expansion,1,true,true,1//2,3//4,descendant_1:1//1
453,project_2,L10,expansion,1,true,false,1//2,3//4,descendant_1:1//1
453,project_2,L11,expansion,1,true,true,1//2,3//4,descendant_1:1//1
454,project_1,L00,core_b,1,true,true,1//2,3//4,descendant_1:1//1
454,project_1,L01,core_b,1,true,true,1//2,3//4,descendant_1:1//1
454,project_1,L10,core_b,1,true,true,1//2,3//4,descendant_1:1//1
454,project_1,L11,core_b,1,true,true,1//2,3//4,descendant_1:1//1
454,project_2,L00,expansion,1,true,false,1//2,3//4,descendant_1:1//1
454,project_2,L01,expansion,1,true,true,1//2,3//4,descendant_1:1//1
454,project_2,L10,expansion,1,true,false,1//2,3//4,descendant_1:1//1
454,project_2,L11,expansion,1,true,true,1//2,3//4,descendant_1:1//1
455,project_1,L00,core_a,3,true,true,1//2,1//4,descendant_1:1//1
455,project_1,L01,core_a,3,true,true,1//2,1//4,descendant_1:1//1
455,project_1,L10,core_a,3,true,true,1//2,1//4,descendant_1:1//1
455,project_1,L11,core_a,3,true,true,1//2,1//4,descendant_1:1//1
455,project_2,L00,bridge,3,true,false,1//2,1//4,descendant_1:1//1
455,project_2,L01,bridge,3,true,true,1//2,1//4,descendant_1:1//1
455,project_2,L10,bridge,3,true,false,1//2,1//4,descendant_1:1//1
455,project_2,L11,bridge,3,true,true,1//2,1//4,descendant_1:1//1
456,project_1,L00,core_b,3,true,true,2//1,3//4,descendant_1:1//1
456,project_1,L01,core_b,3,true,true,2//1,3//4,descendant_1:1//1
456,project_1,L10,core_b,3,true,true,2//1,3//4,descendant_1:1//1
456,project_1,L11,core_b,3,true,true,2//1,3//4,descendant_1:1//1
456,project_2,L00,expansion,3,true,false,2//1,3//4,descendant_1:1//1
456,project_2,L01,expansion,3,true,true,2//1,3//4,descendant_1:1//1
456,project_2,L10,expansion,3,true,false,2//1,3//4,descendant_1:1//1
456,project_2,L11,expansion,3,true,true,2//1,3//4,descendant_1:1//1
457,project_1,L00,core_c,3,true,true,2//1,1//4,descendant_1:1//1
457,project_1,L01,core_c,3,true,true,2//1,1//4,descendant_1:1//1
457,project_1,L10,core_c,3,true,true,2//1,1//4,descendant_1:1//1
457,project_1,L11,core_c,3,true,true,2//1,1//4,descendant_1:1//1
457,project_2,L00,bridge,3,true,false,2//1,1//4,descendant_1:1//1
457,project_2,L01,bridge,3,true,true,2//1,1//4,descendant_1:1//1
457,project_2,L10,bridge,3,true,false,2//1,1//4,descendant_1:1//1
457,project_2,L11,bridge,3,true,true,2//1,1//4,descendant_1:1//1
458,project_1,L00,core_c,1,true,true,2//1,1//4,descendant_1:1//1
458,project_1,L01,core_c,1,true,true,2//1,1//4,descendant_1:1//1
458,project_1,L10,core_c,1,true,true,2//1,1//4,descendant_1:1//1
458,project_1,L11,core_c,1,true,true,2//1,1//4,descendant_1:1//1
458,project_2,L00,expansion,1,true,false,2//1,1//4,descendant_1:1//1
458,project_2,L01,expansion,1,true,true,2//1,1//4,descendant_1:1//1
458,project_2,L10,expansion,1,true,false,2//1,1//4,descendant_1:1//1
458,project_2,L11,expansion,1,true,true,2//1,1//4,descendant_1:1//1
459,project_1,L00,core_c,3,true,true,2//1,1//4,descendant_1:1//1
459,project_1,L01,core_c,3,true,true,2//1,1//4,descendant_1:1//1
459,project_1,L10,core_c,3,true,true,2//1,1//4,descendant_1:1//1
459,project_1,L11,core_c,3,true,true,2//1,1//4,descendant_1:1//1
459,project_2,L00,expansion,3,true,false,2//1,1//4,descendant_1:1//1
459,project_2,L01,expansion,3,true,true,2//1,1//4,descendant_1:1//1
459,project_2,L10,expansion,3,true,false,2//1,1//4,descendant_1:1//1
459,project_2,L11,expansion,3,true,true,2//1,1//4,descendant_1:1//1
460,project_1,L00,core_a,1,true,true,1//2,3//4,descendant_1:1//1
460,project_1,L01,core_a,1,true,true,1//2,3//4,descendant_1:1//1
460,project_1,L10,core_a,1,true,true,1//2,3//4,descendant_1:1//1
460,project_1,L11,core_a,1,true,true,1//2,3//4,descendant_1:1//1
460,project_2,L00,expansion,1,true,false,1//2,3//4,descendant_1:1//1
460,project_2,L01,expansion,1,true,true,1//2,3//4,descendant_1:1//1
460,project_2,L10,expansion,1,true,false,1//2,3//4,descendant_1:1//1
460,project_2,L11,expansion,1,true,true,1//2,3//4,descendant_1:1//1
461,project_1,L00,core_c,1,true,true,1//2,1//4,descendant_1:1//1
461,project_1,L01,core_c,1,true,true,1//2,1//4,descendant_1:1//1
461,project_1,L10,core_c,1,true,true,1//2,1//4,descendant_1:1//1
461,project_1,L11,core_c,1,true,true,1//2,1//4,descendant_1:1//1
461,project_2,L00,bridge,1,true,false,1//2,1//4,descendant_1:1//1
461,project_2,L01,bridge,1,true,true,1//2,1//4,descendant_1:1//1
461,project_2,L10,bridge,1,true,false,1//2,1//4,descendant_1:1//1
461,project_2,L11,bridge,1,true,true,1//2,1//4,descendant_1:1//1
462,project_1,L00,core_b,3,true,true,2//1,1//4,descendant_1:1//1
462,project_1,L01,core_b,3,true,true,2//1,1//4,descendant_1:1//1
462,project_1,L10,core_b,3,true,true,2//1,1//4,descendant_1:1//1
462,project_1,L11,core_b,3,true,true,2//1,1//4,descendant_1:1//1
462,project_2,L00,bridge,3,true,false,2//1,1//4,descendant_1:1//1
462,project_2,L01,bridge,3,true,true,2//1,1//4,descendant_1:1//1
462,project_2,L10,bridge,3,true,false,2//1,1//4,descendant_1:1//1
462,project_2,L11,bridge,3,true,true,2//1,1//4,descendant_1:1//1
463,project_1,L00,core_c,1,true,true,1//2,3//4,descendant_1:1//1
463,project_1,L01,core_c,1,true,true,1//2,3//4,descendant_1:1//1
463,project_1,L10,core_c,1,true,true,1//2,3//4,descendant_1:1//1
463,project_1,L11,core_c,1,true,true,1//2,3//4,descendant_1:1//1
463,project_2,L00,expansion,1,true,false,1//2,3//4,descendant_1:1//1
463,project_2,L01,expansion,1,true,true,1//2,3//4,descendant_1:1//1
463,project_2,L10,expansion,1,true,false,1//2,3//4,descendant_1:1//1
463,project_2,L11,expansion,1,true,true,1//2,3//4,descendant_1:1//1
464,project_1,L00,core_b,3,true,true,2//1,3//4,descendant_1:1//1
464,project_1,L01,core_b,3,true,true,2//1,3//4,descendant_1:1//1
464,project_1,L10,core_b,3,true,true,2//1,3//4,descendant_1:1//1
464,project_1,L11,core_b,3,true,true,2//1,3//4,descendant_1:1//1
464,project_2,L00,expansion,3,true,false,2//1,3//4,descendant_1:1//1
464,project_2,L01,expansion,3,true,true,2//1,3//4,descendant_1:1//1
464,project_2,L10,expansion,3,true,false,2//1,3//4,descendant_1:1//1
464,project_2,L11,expansion,3,true,true,2//1,3//4,descendant_1:1//1
465,project_1,L00,core_a,3,true,true,1//2,3//4,descendant_1:1//1
465,project_1,L01,core_a,3,true,true,1//2,3//4,descendant_1:1//1
465,project_1,L10,core_a,3,true,true,1//2,3//4,descendant_1:1//1
465,project_1,L11,core_a,3,true,true,1//2,3//4,descendant_1:1//1
465,project_2,L00,expansion,3,true,false,1//2,3//4,descendant_1:1//1
465,project_2,L01,expansion,3,true,true,1//2,3//4,descendant_1:1//1
465,project_2,L10,expansion,3,true,false,1//2,3//4,descendant_1:1//1
465,project_2,L11,expansion,3,true,true,1//2,3//4,descendant_1:1//1
466,project_1,L00,core_b,3,true,true,1//2,1//4,descendant_1:1//1
466,project_1,L01,core_b,3,true,true,1//2,1//4,descendant_1:1//1
466,project_1,L10,core_b,3,true,true,1//2,1//4,descendant_1:1//1
466,project_1,L11,core_b,3,true,true,1//2,1//4,descendant_1:1//1
466,project_2,L00,bridge,3,true,false,1//2,1//4,descendant_1:1//1
466,project_2,L01,bridge,3,true,true,1//2,1//4,descendant_1:1//1
466,project_2,L10,bridge,3,true,false,1//2,1//4,descendant_1:1//1
466,project_2,L11,bridge,3,true,true,1//2,1//4,descendant_1:1//1
467,project_1,L00,core_a,3,true,true,1//2,3//4,descendant_1:1//1
467,project_1,L01,core_a,3,true,true,1//2,3//4,descendant_1:1//1
467,project_1,L10,core_a,3,true,true,1//2,3//4,descendant_1:1//1
467,project_1,L11,core_a,3,true,true,1//2,3//4,descendant_1:1//1
467,project_2,L00,bridge,3,true,false,1//2,3//4,descendant_1:1//1
467,project_2,L01,bridge,3,true,true,1//2,3//4,descendant_1:1//1
467,project_2,L10,bridge,3,true,false,1//2,3//4,descendant_1:1//1
467,project_2,L11,bridge,3,true,true,1//2,3//4,descendant_1:1//1
468,project_1,L00,core_c,1,true,true,2//1,1//4,descendant_1:1//1
468,project_1,L01,core_c,1,true,true,2//1,1//4,descendant_1:1//1
468,project_1,L10,core_c,1,true,true,2//1,1//4,descendant_1:1//1
468,project_1,L11,core_c,1,true,true,2//1,1//4,descendant_1:1//1
468,project_2,L00,expansion,1,true,false,2//1,1//4,descendant_1:1//1
468,project_2,L01,expansion,1,true,true,2//1,1//4,descendant_1:1//1
468,project_2,L10,expansion,1,true,false,2//1,1//4,descendant_1:1//1
468,project_2,L11,expansion,1,true,true,2//1,1//4,descendant_1:1//1
469,project_1,L00,core_c,3,true,true,2//1,1//4,descendant_1:1//1
469,project_1,L01,core_c,3,true,true,2//1,1//4,descendant_1:1//1
469,project_1,L10,core_c,3,true,true,2//1,1//4,descendant_1:1//1
469,project_1,L11,core_c,3,true,true,2//1,1//4,descendant_1:1//1
469,project_2,L00,bridge,3,true,false,2//1,1//4,descendant_1:1//1
469,project_2,L01,bridge,3,true,true,2//1,1//4,descendant_1:1//1
469,project_2,L10,bridge,3,true,false,2//1,1//4,descendant_1:1//1
469,project_2,L11,bridge,3,true,true,2//1,1//4,descendant_1:1//1
470,project_1,L00,core_b,3,true,true,1//2,3//4,descendant_1:1//1
470,project_1,L01,core_b,3,true,true,1//2,3//4,descendant_1:1//1
470,project_1,L10,core_b,3,true,true,1//2,3//4,descendant_1:1//1
470,project_1,L11,core_b,3,true,true,1//2,3//4,descendant_1:1//1
470,project_2,L00,expansion,3,true,false,1//2,3//4,descendant_1:1//1
470,project_2,L01,expansion,3,true,true,1//2,3//4,descendant_1:1//1
470,project_2,L10,expansion,3,true,false,1//2,3//4,descendant_1:1//1
470,project_2,L11,expansion,3,true,true,1//2,3//4,descendant_1:1//1
471,project_1,L00,core_a,3,true,true,2//1,1//4,descendant_1:1//1
471,project_1,L01,core_a,3,true,true,2//1,1//4,descendant_1:1//1
471,project_1,L10,core_a,3,true,true,2//1,1//4,descendant_1:1//1
471,project_1,L11,core_a,3,true,true,2//1,1//4,descendant_1:1//1
471,project_2,L00,expansion,3,true,false,2//1,1//4,descendant_1:1//1
471,project_2,L01,expansion,3,true,true,2//1,1//4,descendant_1:1//1
471,project_2,L10,expansion,3,true,false,2//1,1//4,descendant_1:1//1
471,project_2,L11,expansion,3,true,true,2//1,1//4,descendant_1:1//1
472,project_1,L00,core_b,1,true,true,2//1,3//4,descendant_1:1//1
472,project_1,L01,core_b,1,true,true,2//1,3//4,descendant_1:1//1
472,project_1,L10,core_b,1,true,true,2//1,3//4,descendant_1:1//1
472,project_1,L11,core_b,1,true,true,2//1,3//4,descendant_1:1//1
472,project_2,L00,expansion,1,true,false,2//1,3//4,descendant_1:1//1
472,project_2,L01,expansion,1,true,true,2//1,3//4,descendant_1:1//1
472,project_2,L10,expansion,1,true,false,2//1,3//4,descendant_1:1//1
472,project_2,L11,expansion,1,true,true,2//1,3//4,descendant_1:1//1
473,project_1,L00,core_c,3,true,true,1//2,1//4,descendant_1:1//1
473,project_1,L01,core_c,3,true,true,1//2,1//4,descendant_1:1//1
473,project_1,L10,core_c,3,true,true,1//2,1//4,descendant_1:1//1
473,project_1,L11,core_c,3,true,true,1//2,1//4,descendant_1:1//1
473,project_2,L00,expansion,3,true,false,1//2,1//4,descendant_1:1//1
473,project_2,L01,expansion,3,true,true,1//2,1//4,descendant_1:1//1
473,project_2,L10,expansion,3,true,false,1//2,1//4,descendant_1:1//1
473,project_2,L11,expansion,3,true,true,1//2,1//4,descendant_1:1//1
474,project_1,L00,core_b,1,true,true,2//1,1//4,descendant_1:1//1
474,project_1,L01,core_b,1,true,true,2//1,1//4,descendant_1:1//1
474,project_1,L10,core_b,1,true,true,2//1,1//4,descendant_1:1//1
474,project_1,L11,core_b,1,true,true,2//1,1//4,descendant_1:1//1
474,project_2,L00,expansion,1,true,false,2//1,1//4,descendant_1:1//1
474,project_2,L01,expansion,1,true,true,2//1,1//4,descendant_1:1//1
474,project_2,L10,expansion,1,true,false,2//1,1//4,descendant_1:1//1
474,project_2,L11,expansion,1,true,true,2//1,1//4,descendant_1:1//1
475,project_1,L00,core_c,1,true,true,2//1,1//4,descendant_1:1//1
475,project_1,L01,core_c,1,true,true,2//1,1//4,descendant_1:1//1
475,project_1,L10,core_c,1,true,true,2//1,1//4,descendant_1:1//1
475,project_1,L11,core_c,1,true,true,2//1,1//4,descendant_1:1//1
475,project_2,L00,expansion,1,true,false,2//1,1//4,descendant_1:1//1
475,project_2,L01,expansion,1,true,true,2//1,1//4,descendant_1:1//1
475,project_2,L10,expansion,1,true,false,2//1,1//4,descendant_1:1//1
475,project_2,L11,expansion,1,true,true,2//1,1//4,descendant_1:1//1
476,project_1,L00,core_b,3,true,true,2//1,3//4,descendant_1:1//1
476,project_1,L01,core_b,3,true,true,2//1,3//4,descendant_1:1//1
476,project_1,L10,core_b,3,true,true,2//1,3//4,descendant_1:1//1
476,project_1,L11,core_b,3,true,true,2//1,3//4,descendant_1:1//1
476,project_2,L00,bridge,3,true,false,2//1,3//4,descendant_1:1//1
476,project_2,L01,bridge,3,true,true,2//1,3//4,descendant_1:1//1
476,project_2,L10,bridge,3,true,false,2//1,3//4,descendant_1:1//1
476,project_2,L11,bridge,3,true,true,2//1,3//4,descendant_1:1//1
477,project_1,L00,core_b,1,true,true,1//2,1//4,descendant_1:1//1
477,project_1,L01,core_b,1,true,true,1//2,1//4,descendant_1:1//1
477,project_1,L10,core_b,1,true,true,1//2,1//4,descendant_1:1//1
477,project_1,L11,core_b,1,true,true,1//2,1//4,descendant_1:1//1
477,project_2,L00,expansion,1,true,false,1//2,1//4,descendant_1:1//1
477,project_2,L01,expansion,1,true,true,1//2,1//4,descendant_1:1//1
477,project_2,L10,expansion,1,true,false,1//2,1//4,descendant_1:1//1
477,project_2,L11,expansion,1,true,true,1//2,1//4,descendant_1:1//1
478,project_1,L00,core_b,1,true,true,1//2,1//4,descendant_1:1//1
478,project_1,L01,core_b,1,true,true,1//2,1//4,descendant_1:1//1
478,project_1,L10,core_b,1,true,true,1//2,1//4,descendant_1:1//1
478,project_1,L11,core_b,1,true,true,1//2,1//4,descendant_1:1//1
478,project_2,L00,bridge,1,true,false,1//2,1//4,descendant_1:1//1
478,project_2,L01,bridge,1,true,true,1//2,1//4,descendant_1:1//1
478,project_2,L10,bridge,1,true,false,1//2,1//4,descendant_1:1//1
478,project_2,L11,bridge,1,true,true,1//2,1//4,descendant_1:1//1
479,project_1,L00,core_a,1,true,true,2//1,3//4,descendant_1:1//1
479,project_1,L01,core_a,1,true,true,2//1,3//4,descendant_1:1//1
479,project_1,L10,core_a,1,true,true,2//1,3//4,descendant_1:1//1
479,project_1,L11,core_a,1,true,true,2//1,3//4,descendant_1:1//1
479,project_2,L00,bridge,1,true,false,2//1,3//4,descendant_1:1//1
479,project_2,L01,bridge,1,true,true,2//1,3//4,descendant_1:1//1
479,project_2,L10,bridge,1,true,false,2//1,3//4,descendant_1:1//1
479,project_2,L11,bridge,1,true,true,2//1,3//4,descendant_1:1//1
480,project_1,L00,core_c,1,true,true,2//1,3//4,descendant_1:1//1
480,project_1,L01,core_c,1,true,true,2//1,3//4,descendant_1:1//1
480,project_1,L10,core_c,1,true,true,2//1,3//4,descendant_1:1//1
480,project_1,L11,core_c,1,true,true,2//1,3//4,descendant_1:1//1
480,project_2,L00,expansion,1,true,false,2//1,3//4,descendant_1:1//1
480,project_2,L01,expansion,1,true,true,2//1,3//4,descendant_1:1//1
480,project_2,L10,expansion,1,true,false,2//1,3//4,descendant_1:1//1
480,project_2,L11,expansion,1,true,true,2//1,3//4,descendant_1:1//1
481,project_1,L00,core_c,1,true,true,2//1,3//4,descendant_1:1//1
481,project_1,L01,core_c,1,true,true,2//1,3//4,descendant_1:1//1
481,project_1,L10,core_c,1,true,true,2//1,3//4,descendant_1:1//1
481,project_1,L11,core_c,1,true,true,2//1,3//4,descendant_1:1//1
481,project_2,L00,expansion,1,true,false,2//1,3//4,descendant_1:1//1
481,project_2,L01,expansion,1,true,true,2//1,3//4,descendant_1:1//1
481,project_2,L10,expansion,1,true,false,2//1,3//4,descendant_1:1//1
481,project_2,L11,expansion,1,true,true,2//1,3//4,descendant_1:1//1
482,project_1,L00,core_a,1,true,true,2//1,3//4,descendant_1:1//1
482,project_1,L01,core_a,1,true,true,2//1,3//4,descendant_1:1//1
482,project_1,L10,core_a,1,true,true,2//1,3//4,descendant_1:1//1
482,project_1,L11,core_a,1,true,true,2//1,3//4,descendant_1:1//1
482,project_2,L00,bridge,1,true,false,2//1,3//4,descendant_1:1//1
482,project_2,L01,bridge,1,true,true,2//1,3//4,descendant_1:1//1
482,project_2,L10,bridge,1,true,false,2//1,3//4,descendant_1:1//1
482,project_2,L11,bridge,1,true,true,2//1,3//4,descendant_1:1//1
483,project_1,L00,core_a,1,true,true,1//2,3//4,descendant_1:1//1
483,project_1,L01,core_a,1,true,true,1//2,3//4,descendant_1:1//1
483,project_1,L10,core_a,1,true,true,1//2,3//4,descendant_1:1//1
483,project_1,L11,core_a,1,true,true,1//2,3//4,descendant_1:1//1
483,project_2,L00,expansion,1,true,false,1//2,3//4,descendant_1:1//1
483,project_2,L01,expansion,1,true,true,1//2,3//4,descendant_1:1//1
483,project_2,L10,expansion,1,true,false,1//2,3//4,descendant_1:1//1
483,project_2,L11,expansion,1,true,true,1//2,3//4,descendant_1:1//1
484,project_1,L00,core_c,1,true,true,1//2,1//4,descendant_1:1//1
484,project_1,L01,core_c,1,true,true,1//2,1//4,descendant_1:1//1
484,project_1,L10,core_c,1,true,true,1//2,1//4,descendant_1:1//1
484,project_1,L11,core_c,1,true,true,1//2,1//4,descendant_1:1//1
484,project_2,L00,bridge,1,true,false,1//2,1//4,descendant_1:1//1
484,project_2,L01,bridge,1,true,true,1//2,1//4,descendant_1:1//1
484,project_2,L10,bridge,1,true,false,1//2,1//4,descendant_1:1//1
484,project_2,L11,bridge,1,true,true,1//2,1//4,descendant_1:1//1
485,project_1,L00,core_c,1,true,true,2//1,3//4,descendant_1:1//1
485,project_1,L01,core_c,1,true,true,2//1,3//4,descendant_1:1//1
485,project_1,L10,core_c,1,true,true,2//1,3//4,descendant_1:1//1
485,project_1,L11,core_c,1,true,true,2//1,3//4,descendant_1:1//1
485,project_2,L00,bridge,1,true,false,2//1,3//4,descendant_1:1//1
485,project_2,L01,bridge,1,true,true,2//1,3//4,descendant_1:1//1
485,project_2,L10,bridge,1,true,false,2//1,3//4,descendant_1:1//1
485,project_2,L11,bridge,1,true,true,2//1,3//4,descendant_1:1//1
486,project_1,L00,core_a,3,true,true,2//1,1//4,descendant_1:1//1
486,project_1,L01,core_a,3,true,true,2//1,1//4,descendant_1:1//1
486,project_1,L10,core_a,3,true,true,2//1,1//4,descendant_1:1//1
486,project_1,L11,core_a,3,true,true,2//1,1//4,descendant_1:1//1
486,project_2,L00,expansion,3,true,false,2//1,1//4,descendant_1:1//1
486,project_2,L01,expansion,3,true,true,2//1,1//4,descendant_1:1//1
486,project_2,L10,expansion,3,true,false,2//1,1//4,descendant_1:1//1
486,project_2,L11,expansion,3,true,true,2//1,1//4,descendant_1:1//1
487,project_1,L00,core_b,3,true,true,1//2,1//4,descendant_1:1//1
487,project_1,L01,core_b,3,true,true,1//2,1//4,descendant_1:1//1
487,project_1,L10,core_b,3,true,true,1//2,1//4,descendant_1:1//1
487,project_1,L11,core_b,3,true,true,1//2,1//4,descendant_1:1//1
487,project_2,L00,expansion,3,true,false,1//2,1//4,descendant_1:1//1
487,project_2,L01,expansion,3,true,true,1//2,1//4,descendant_1:1//1
487,project_2,L10,expansion,3,true,false,1//2,1//4,descendant_1:1//1
487,project_2,L11,expansion,3,true,true,1//2,1//4,descendant_1:1//1
488,project_1,L00,core_a,1,true,true,2//1,1//4,descendant_1:1//1
488,project_1,L01,core_a,1,true,true,2//1,1//4,descendant_1:1//1
488,project_1,L10,core_a,1,true,true,2//1,1//4,descendant_1:1//1
488,project_1,L11,core_a,1,true,true,2//1,1//4,descendant_1:1//1
488,project_2,L00,bridge,1,true,false,2//1,1//4,descendant_1:1//1
488,project_2,L01,bridge,1,true,true,2//1,1//4,descendant_1:1//1
488,project_2,L10,bridge,1,true,false,2//1,1//4,descendant_1:1//1
488,project_2,L11,bridge,1,true,true,2//1,1//4,descendant_1:1//1
489,project_1,L00,core_a,3,true,true,2//1,3//4,descendant_1:1//1
489,project_1,L01,core_a,3,true,true,2//1,3//4,descendant_1:1//1
489,project_1,L10,core_a,3,true,true,2//1,3//4,descendant_1:1//1
489,project_1,L11,core_a,3,true,true,2//1,3//4,descendant_1:1//1
489,project_2,L00,expansion,3,true,false,2//1,3//4,descendant_1:1//1
489,project_2,L01,expansion,3,true,true,2//1,3//4,descendant_1:1//1
489,project_2,L10,expansion,3,true,false,2//1,3//4,descendant_1:1//1
489,project_2,L11,expansion,3,true,true,2//1,3//4,descendant_1:1//1
490,project_1,L00,core_a,1,true,true,1//2,1//4,descendant_1:1//1
490,project_1,L01,core_a,1,true,true,1//2,1//4,descendant_1:1//1
490,project_1,L10,core_a,1,true,true,1//2,1//4,descendant_1:1//1
490,project_1,L11,core_a,1,true,true,1//2,1//4,descendant_1:1//1
490,project_2,L00,expansion,1,true,false,1//2,1//4,descendant_1:1//1
490,project_2,L01,expansion,1,true,true,1//2,1//4,descendant_1:1//1
490,project_2,L10,expansion,1,true,false,1//2,1//4,descendant_1:1//1
490,project_2,L11,expansion,1,true,true,1//2,1//4,descendant_1:1//1
491,project_1,L00,core_b,1,true,true,1//2,3//4,descendant_1:1//1
491,project_1,L01,core_b,1,true,true,1//2,3//4,descendant_1:1//1
491,project_1,L10,core_b,1,true,true,1//2,3//4,descendant_1:1//1
491,project_1,L11,core_b,1,true,true,1//2,3//4,descendant_1:1//1
491,project_2,L00,bridge,1,true,false,1//2,3//4,descendant_1:1//1
491,project_2,L01,bridge,1,true,true,1//2,3//4,descendant_1:1//1
491,project_2,L10,bridge,1,true,false,1//2,3//4,descendant_1:1//1
491,project_2,L11,bridge,1,true,true,1//2,3//4,descendant_1:1//1
492,project_1,L00,core_c,3,true,true,2//1,1//4,descendant_1:1//1
492,project_1,L01,core_c,3,true,true,2//1,1//4,descendant_1:1//1
492,project_1,L10,core_c,3,true,true,2//1,1//4,descendant_1:1//1
492,project_1,L11,core_c,3,true,true,2//1,1//4,descendant_1:1//1
492,project_2,L00,expansion,3,true,false,2//1,1//4,descendant_1:1//1
492,project_2,L01,expansion,3,true,true,2//1,1//4,descendant_1:1//1
492,project_2,L10,expansion,3,true,false,2//1,1//4,descendant_1:1//1
492,project_2,L11,expansion,3,true,true,2//1,1//4,descendant_1:1//1
493,project_1,L00,core_a,3,true,true,2//1,3//4,descendant_1:1//1
493,project_1,L01,core_a,3,true,true,2//1,3//4,descendant_1:1//1
493,project_1,L10,core_a,3,true,true,2//1,3//4,descendant_1:1//1
493,project_1,L11,core_a,3,true,true,2//1,3//4,descendant_1:1//1
493,project_2,L00,bridge,3,true,false,2//1,3//4,descendant_1:1//1
493,project_2,L01,bridge,3,true,true,2//1,3//4,descendant_1:1//1
493,project_2,L10,bridge,3,true,false,2//1,3//4,descendant_1:1//1
493,project_2,L11,bridge,3,true,true,2//1,3//4,descendant_1:1//1
494,project_1,L00,core_b,3,true,true,2//1,3//4,descendant_1:1//1
494,project_1,L01,core_b,3,true,true,2//1,3//4,descendant_1:1//1
494,project_1,L10,core_b,3,true,true,2//1,3//4,descendant_1:1//1
494,project_1,L11,core_b,3,true,true,2//1,3//4,descendant_1:1//1
494,project_2,L00,bridge,3,true,false,2//1,3//4,descendant_1:1//1
494,project_2,L01,bridge,3,true,true,2//1,3//4,descendant_1:1//1
494,project_2,L10,bridge,3,true,false,2//1,3//4,descendant_1:1//1
494,project_2,L11,bridge,3,true,true,2//1,3//4,descendant_1:1//1
495,project_1,L00,core_c,1,true,true,1//2,1//4,descendant_1:1//1
495,project_1,L01,core_c,1,true,true,1//2,1//4,descendant_1:1//1
495,project_1,L10,core_c,1,true,true,1//2,1//4,descendant_1:1//1
495,project_1,L11,core_c,1,true,true,1//2,1//4,descendant_1:1//1
495,project_2,L00,bridge,1,true,false,1//2,1//4,descendant_1:1//1
495,project_2,L01,bridge,1,true,true,1//2,1//4,descendant_1:1//1
495,project_2,L10,bridge,1,true,false,1//2,1//4,descendant_1:1//1
495,project_2,L11,bridge,1,true,true,1//2,1//4,descendant_1:1//1
496,project_1,L00,core_b,3,true,true,1//2,3//4,descendant_1:1//1
496,project_1,L01,core_b,3,true,true,1//2,3//4,descendant_1:1//1
496,project_1,L10,core_b,3,true,true,1//2,3//4,descendant_1:1//1
496,project_1,L11,core_b,3,true,true,1//2,3//4,descendant_1:1//1
496,project_2,L00,expansion,3,true,false,1//2,3//4,descendant_1:1//1
496,project_2,L01,expansion,3,true,true,1//2,3//4,descendant_1:1//1
496,project_2,L10,expansion,3,true,false,1//2,3//4,descendant_1:1//1
496,project_2,L11,expansion,3,true,true,1//2,3//4,descendant_1:1//1
497,project_1,L00,core_c,1,true,true,2//1,1//4,descendant_1:1//1
497,project_1,L01,core_c,1,true,true,2//1,1//4,descendant_1:1//1
497,project_1,L10,core_c,1,true,true,2//1,1//4,descendant_1:1//1
497,project_1,L11,core_c,1,true,true,2//1,1//4,descendant_1:1//1
497,project_2,L00,expansion,1,true,false,2//1,1//4,descendant_1:1//1
497,project_2,L01,expansion,1,true,true,2//1,1//4,descendant_1:1//1
497,project_2,L10,expansion,1,true,false,2//1,1//4,descendant_1:1//1
497,project_2,L11,expansion,1,true,true,2//1,1//4,descendant_1:1//1
498,project_1,L00,core_b,3,true,true,2//1,3//4,descendant_1:1//1
498,project_1,L01,core_b,3,true,true,2//1,3//4,descendant_1:1//1
498,project_1,L10,core_b,3,true,true,2//1,3//4,descendant_1:1//1
498,project_1,L11,core_b,3,true,true,2//1,3//4,descendant_1:1//1
498,project_2,L00,bridge,3,true,false,2//1,3//4,descendant_1:1//1
498,project_2,L01,bridge,3,true,true,2//1,3//4,descendant_1:1//1
498,project_2,L10,bridge,3,true,false,2//1,3//4,descendant_1:1//1
498,project_2,L11,bridge,3,true,true,2//1,3//4,descendant_1:1//1
499,project_1,L00,core_c,3,true,true,2//1,1//4,descendant_1:1//1
499,project_1,L01,core_c,3,true,true,2//1,1//4,descendant_1:1//1
499,project_1,L10,core_c,3,true,true,2//1,1//4,descendant_1:1//1
499,project_1,L11,core_c,3,true,true,2//1,1//4,descendant_1:1//1
499,project_2,L00,expansion,3,true,false,2//1,1//4,descendant_1:1//1
499,project_2,L01,expansion,3,true,true,2//1,1//4,descendant_1:1//1
499,project_2,L10,expansion,3,true,false,2//1,1//4,descendant_1:1//1
499,project_2,L11,expansion,3,true,true,2//1,1//4,descendant_1:1//1
500,project_1,L00,core_b,3,true,true,1//2,3//4,descendant_1:1//1
500,project_1,L01,core_b,3,true,true,1//2,3//4,descendant_1:1//1
500,project_1,L10,core_b,3,true,true,1//2,3//4,descendant_1:1//1
500,project_1,L11,core_b,3,true,true,1//2,3//4,descendant_1:1//1
500,project_2,L00,bridge,3,true,false,1//2,3//4,descendant_1:1//1
500,project_2,L01,bridge,3,true,true,1//2,3//4,descendant_1:1//1
500,project_2,L10,bridge,3,true,false,1//2,3//4,descendant_1:1//1
500,project_2,L11,bridge,3,true,true,1//2,3//4,descendant_1:1//1
501,project_1,L00,core_c,3,true,true,1//2,1//4,descendant_1:1//1
501,project_1,L01,core_c,3,true,true,1//2,1//4,descendant_1:1//1
501,project_1,L10,core_c,3,true,true,1//2,1//4,descendant_1:1//1
501,project_1,L11,core_c,3,true,true,1//2,1//4,descendant_1:1//1
501,project_2,L00,bridge,3,true,false,1//2,1//4,descendant_1:1//1
501,project_2,L01,bridge,3,true,true,1//2,1//4,descendant_1:1//1
501,project_2,L10,bridge,3,true,false,1//2,1//4,descendant_1:1//1
501,project_2,L11,bridge,3,true,true,1//2,1//4,descendant_1:1//1
502,project_1,L00,core_c,1,true,true,2//1,3//4,descendant_1:1//1
502,project_1,L01,core_c,1,true,true,2//1,3//4,descendant_1:1//1
502,project_1,L10,core_c,1,true,true,2//1,3//4,descendant_1:1//1
502,project_1,L11,core_c,1,true,true,2//1,3//4,descendant_1:1//1
502,project_2,L00,expansion,1,true,false,2//1,3//4,descendant_1:1//1
502,project_2,L01,expansion,1,true,true,2//1,3//4,descendant_1:1//1
502,project_2,L10,expansion,1,true,false,2//1,3//4,descendant_1:1//1
502,project_2,L11,expansion,1,true,true,2//1,3//4,descendant_1:1//1
503,project_1,L00,core_b,1,true,true,2//1,1//4,descendant_1:1//1
503,project_1,L01,core_b,1,true,true,2//1,1//4,descendant_1:1//1
503,project_1,L10,core_b,1,true,true,2//1,1//4,descendant_1:1//1
503,project_1,L11,core_b,1,true,true,2//1,1//4,descendant_1:1//1
503,project_2,L00,bridge,1,true,false,2//1,1//4,descendant_1:1//1
503,project_2,L01,bridge,1,true,true,2//1,1//4,descendant_1:1//1
503,project_2,L10,bridge,1,true,false,2//1,1//4,descendant_1:1//1
503,project_2,L11,bridge,1,true,true,2//1,1//4,descendant_1:1//1
504,project_1,L00,core_a,1,true,true,2//1,3//4,descendant_1:1//1
504,project_1,L01,core_a,1,true,true,2//1,3//4,descendant_1:1//1
504,project_1,L10,core_a,1,true,true,2//1,3//4,descendant_1:1//1
504,project_1,L11,core_a,1,true,true,2//1,3//4,descendant_1:1//1
504,project_2,L00,bridge,1,true,false,2//1,3//4,descendant_1:1//1
504,project_2,L01,bridge,1,true,true,2//1,3//4,descendant_1:1//1
504,project_2,L10,bridge,1,true,false,2//1,3//4,descendant_1:1//1
504,project_2,L11,bridge,1,true,true,2//1,3//4,descendant_1:1//1
505,project_1,L00,core_c,3,true,true,1//2,1//4,descendant_1:1//1
505,project_1,L01,core_c,3,true,true,1//2,1//4,descendant_1:1//1
505,project_1,L10,core_c,3,true,true,1//2,1//4,descendant_1:1//1
505,project_1,L11,core_c,3,true,true,1//2,1//4,descendant_1:1//1
505,project_2,L00,expansion,3,true,false,1//2,1//4,descendant_1:1//1
505,project_2,L01,expansion,3,true,true,1//2,1//4,descendant_1:1//1
505,project_2,L10,expansion,3,true,false,1//2,1//4,descendant_1:1//1
505,project_2,L11,expansion,3,true,true,1//2,1//4,descendant_1:1//1
506,project_1,L00,core_b,1,true,true,1//2,1//4,descendant_1:1//1
506,project_1,L01,core_b,1,true,true,1//2,1//4,descendant_1:1//1
506,project_1,L10,core_b,1,true,true,1//2,1//4,descendant_1:1//1
506,project_1,L11,core_b,1,true,true,1//2,1//4,descendant_1:1//1
506,project_2,L00,expansion,1,true,false,1//2,1//4,descendant_1:1//1
506,project_2,L01,expansion,1,true,true,1//2,1//4,descendant_1:1//1
506,project_2,L10,expansion,1,true,false,1//2,1//4,descendant_1:1//1
506,project_2,L11,expansion,1,true,true,1//2,1//4,descendant_1:1//1
507,project_1,L00,core_b,1,true,true,1//2,1//4,descendant_1:1//1
507,project_1,L01,core_b,1,true,true,1//2,1//4,descendant_1:1//1
507,project_1,L10,core_b,1,true,true,1//2,1//4,descendant_1:1//1
507,project_1,L11,core_b,1,true,true,1//2,1//4,descendant_1:1//1
507,project_2,L00,expansion,1,true,false,1//2,1//4,descendant_1:1//1
507,project_2,L01,expansion,1,true,true,1//2,1//4,descendant_1:1//1
507,project_2,L10,expansion,1,true,false,1//2,1//4,descendant_1:1//1
507,project_2,L11,expansion,1,true,true,1//2,1//4,descendant_1:1//1
508,project_1,L00,core_c,1,true,true,1//2,3//4,descendant_1:1//1
508,project_1,L01,core_c,1,true,true,1//2,3//4,descendant_1:1//1
508,project_1,L10,core_c,1,true,true,1//2,3//4,descendant_1:1//1
508,project_1,L11,core_c,1,true,true,1//2,3//4,descendant_1:1//1
508,project_2,L00,expansion,1,true,false,1//2,3//4,descendant_1:1//1
508,project_2,L01,expansion,1,true,true,1//2,3//4,descendant_1:1//1
508,project_2,L10,expansion,1,true,false,1//2,3//4,descendant_1:1//1
508,project_2,L11,expansion,1,true,true,1//2,3//4,descendant_1:1//1
509,project_1,L00,core_c,1,true,true,1//2,3//4,descendant_1:1//1
509,project_1,L01,core_c,1,true,true,1//2,3//4,descendant_1:1//1
509,project_1,L10,core_c,1,true,true,1//2,3//4,descendant_1:1//1
509,project_1,L11,core_c,1,true,true,1//2,3//4,descendant_1:1//1
509,project_2,L00,bridge,1,true,false,1//2,3//4,descendant_1:1//1
509,project_2,L01,bridge,1,true,true,1//2,3//4,descendant_1:1//1
509,project_2,L10,bridge,1,true,false,1//2,3//4,descendant_1:1//1
509,project_2,L11,bridge,1,true,true,1//2,3//4,descendant_1:1//1
510,project_1,L00,core_b,3,true,true,1//2,1//4,descendant_1:1//1
510,project_1,L01,core_b,3,true,true,1//2,1//4,descendant_1:1//1
510,project_1,L10,core_b,3,true,true,1//2,1//4,descendant_1:1//1
510,project_1,L11,core_b,3,true,true,1//2,1//4,descendant_1:1//1
510,project_2,L00,bridge,3,true,false,1//2,1//4,descendant_1:1//1
510,project_2,L01,bridge,3,true,true,1//2,1//4,descendant_1:1//1
510,project_2,L10,bridge,3,true,false,1//2,1//4,descendant_1:1//1
510,project_2,L11,bridge,3,true,true,1//2,1//4,descendant_1:1//1
511,project_1,L00,core_a,3,true,true,1//2,1//4,descendant_1:1//1
511,project_1,L01,core_a,3,true,true,1//2,1//4,descendant_1:1//1
511,project_1,L10,core_a,3,true,true,1//2,1//4,descendant_1:1//1
511,project_1,L11,core_a,3,true,true,1//2,1//4,descendant_1:1//1
511,project_2,L00,expansion,3,true,false,1//2,1//4,descendant_1:1//1
511,project_2,L01,expansion,3,true,true,1//2,1//4,descendant_1:1//1
511,project_2,L10,expansion,3,true,false,1//2,1//4,descendant_1:1//1
511,project_2,L11,expansion,3,true,true,1//2,1//4,descendant_1:1//1
512,project_1,L00,core_b,3,true,true,1//2,1//4,descendant_1:1//1
512,project_1,L01,core_b,3,true,true,1//2,1//4,descendant_1:1//1
512,project_1,L10,core_b,3,true,true,1//2,1//4,descendant_1:1//1
512,project_1,L11,core_b,3,true,true,1//2,1//4,descendant_1:1//1
512,project_2,L00,expansion,3,true,false,1//2,1//4,descendant_1:1//1
512,project_2,L01,expansion,3,true,true,1//2,1//4,descendant_1:1//1
512,project_2,L10,expansion,3,true,false,1//2,1//4,descendant_1:1//1
512,project_2,L11,expansion,3,true,true,1//2,1//4,descendant_1:1//1
513,project_1,L00,expansion,3,true,false,1//2,3//4,descendant_1:1//1
513,project_1,L01,expansion,3,true,true,1//2,3//4,descendant_1:1//1
513,project_1,L10,expansion,3,true,false,1//2,3//4,descendant_1:1//1
513,project_1,L11,expansion,3,true,true,1//2,3//4,descendant_1:1//1
513,project_2,L00,expansion,3,true,false,1//2,3//4,descendant_1:1//1
513,project_2,L01,expansion,3,true,true,1//2,3//4,descendant_1:1//1
513,project_2,L10,expansion,3,true,false,1//2,3//4,descendant_1:1//1
513,project_2,L11,expansion,3,true,true,1//2,3//4,descendant_1:1//1
514,project_1,L00,expansion,3,true,false,1//2,3//4,descendant_1:1//1
514,project_1,L01,expansion,3,true,true,1//2,3//4,descendant_1:1//1
514,project_1,L10,expansion,3,true,false,1//2,3//4,descendant_1:1//1
514,project_1,L11,expansion,3,true,true,1//2,3//4,descendant_1:1//1
514,project_2,L00,expansion,3,true,false,1//2,3//4,descendant_1:1//1
514,project_2,L01,expansion,3,true,true,1//2,3//4,descendant_1:1//1
514,project_2,L10,expansion,3,true,false,1//2,3//4,descendant_1:1//1
514,project_2,L11,expansion,3,true,true,1//2,3//4,descendant_1:1//1
515,project_1,L00,bridge,3,true,false,1//2,1//4,descendant_1:1//1
515,project_1,L01,bridge,3,true,true,1//2,1//4,descendant_1:1//1
515,project_1,L10,bridge,3,true,false,1//2,1//4,descendant_1:1//1
515,project_1,L11,bridge,3,true,true,1//2,1//4,descendant_1:1//1
515,project_2,L00,bridge,3,true,false,1//2,1//4,descendant_1:1//1
515,project_2,L01,bridge,3,true,true,1//2,1//4,descendant_1:1//1
515,project_2,L10,bridge,3,true,false,1//2,1//4,descendant_1:1//1
515,project_2,L11,bridge,3,true,true,1//2,1//4,descendant_1:1//1
516,project_1,L00,expansion,3,true,false,1//2,1//4,descendant_1:1//1
516,project_1,L01,expansion,3,true,true,1//2,1//4,descendant_1:1//1
516,project_1,L10,expansion,3,true,false,1//2,1//4,descendant_1:1//1
516,project_1,L11,expansion,3,true,true,1//2,1//4,descendant_1:1//1
516,project_2,L00,expansion,3,true,false,1//2,1//4,descendant_1:1//1
516,project_2,L01,expansion,3,true,true,1//2,1//4,descendant_1:1//1
516,project_2,L10,expansion,3,true,false,1//2,1//4,descendant_1:1//1
516,project_2,L11,expansion,3,true,true,1//2,1//4,descendant_1:1//1
517,project_1,L00,bridge,1,true,false,1//2,3//4,descendant_1:1//1
517,project_1,L01,bridge,1,true,true,1//2,3//4,descendant_1:1//1
517,project_1,L10,bridge,1,true,false,1//2,3//4,descendant_1:1//1
517,project_1,L11,bridge,1,true,true,1//2,3//4,descendant_1:1//1
517,project_2,L00,bridge,1,true,false,1//2,3//4,descendant_1:1//1
517,project_2,L01,bridge,1,true,true,1//2,3//4,descendant_1:1//1
517,project_2,L10,bridge,1,true,false,1//2,3//4,descendant_1:1//1
517,project_2,L11,bridge,1,true,true,1//2,3//4,descendant_1:1//1
518,project_1,L00,bridge,1,true,false,2//1,3//4,descendant_1:1//1
518,project_1,L01,bridge,1,true,true,2//1,3//4,descendant_1:1//1
518,project_1,L10,bridge,1,true,false,2//1,3//4,descendant_1:1//1
518,project_1,L11,bridge,1,true,true,2//1,3//4,descendant_1:1//1
518,project_2,L00,bridge,1,true,false,2//1,3//4,descendant_1:1//1
518,project_2,L01,bridge,1,true,true,2//1,3//4,descendant_1:1//1
518,project_2,L10,bridge,1,true,false,2//1,3//4,descendant_1:1//1
518,project_2,L11,bridge,1,true,true,2//1,3//4,descendant_1:1//1
519,project_1,L00,bridge,1,true,false,2//1,1//4,descendant_1:1//1
519,project_1,L01,bridge,1,true,true,2//1,1//4,descendant_1:1//1
519,project_1,L10,bridge,1,true,false,2//1,1//4,descendant_1:1//1
519,project_1,L11,bridge,1,true,true,2//1,1//4,descendant_1:1//1
519,project_2,L00,bridge,1,true,false,2//1,1//4,descendant_1:1//1
519,project_2,L01,bridge,1,true,true,2//1,1//4,descendant_1:1//1
519,project_2,L10,bridge,1,true,false,2//1,1//4,descendant_1:1//1
519,project_2,L11,bridge,1,true,true,2//1,1//4,descendant_1:1//1
520,project_1,L00,expansion,3,true,false,1//2,1//4,descendant_1:1//1
520,project_1,L01,expansion,3,true,true,1//2,1//4,descendant_1:1//1
520,project_1,L10,expansion,3,true,false,1//2,1//4,descendant_1:1//1
520,project_1,L11,expansion,3,true,true,1//2,1//4,descendant_1:1//1
520,project_2,L00,expansion,3,true,false,1//2,1//4,descendant_1:1//1
520,project_2,L01,expansion,3,true,true,1//2,1//4,descendant_1:1//1
520,project_2,L10,expansion,3,true,false,1//2,1//4,descendant_1:1//1
520,project_2,L11,expansion,3,true,true,1//2,1//4,descendant_1:1//1
521,project_1,L00,expansion,3,true,false,1//2,1//4,descendant_1:1//1
521,project_1,L01,expansion,3,true,true,1//2,1//4,descendant_1:1//1
521,project_1,L10,expansion,3,true,false,1//2,1//4,descendant_1:1//1
521,project_1,L11,expansion,3,true,true,1//2,1//4,descendant_1:1//1
521,project_2,L00,expansion,3,true,false,1//2,1//4,descendant_1:1//1
521,project_2,L01,expansion,3,true,true,1//2,1//4,descendant_1:1//1
521,project_2,L10,expansion,3,true,false,1//2,1//4,descendant_1:1//1
521,project_2,L11,expansion,3,true,true,1//2,1//4,descendant_1:1//1
522,project_1,L00,bridge,1,true,false,2//1,1//4,descendant_1:1//1
522,project_1,L01,bridge,1,true,true,2//1,1//4,descendant_1:1//1
522,project_1,L10,bridge,1,true,false,2//1,1//4,descendant_1:1//1
522,project_1,L11,bridge,1,true,true,2//1,1//4,descendant_1:1//1
522,project_2,L00,bridge,1,true,false,2//1,1//4,descendant_1:1//1
522,project_2,L01,bridge,1,true,true,2//1,1//4,descendant_1:1//1
522,project_2,L10,bridge,1,true,false,2//1,1//4,descendant_1:1//1
522,project_2,L11,bridge,1,true,true,2//1,1//4,descendant_1:1//1
523,project_1,L00,bridge,1,true,false,1//2,3//4,descendant_1:1//1
523,project_1,L01,bridge,1,true,true,1//2,3//4,descendant_1:1//1
523,project_1,L10,bridge,1,true,false,1//2,3//4,descendant_1:1//1
523,project_1,L11,bridge,1,true,true,1//2,3//4,descendant_1:1//1
523,project_2,L00,bridge,1,true,false,1//2,3//4,descendant_1:1//1
523,project_2,L01,bridge,1,true,true,1//2,3//4,descendant_1:1//1
523,project_2,L10,bridge,1,true,false,1//2,3//4,descendant_1:1//1
523,project_2,L11,bridge,1,true,true,1//2,3//4,descendant_1:1//1
524,project_1,L00,bridge,3,true,false,2//1,1//4,descendant_1:1//1
524,project_1,L01,bridge,3,true,true,2//1,1//4,descendant_1:1//1
524,project_1,L10,bridge,3,true,false,2//1,1//4,descendant_1:1//1
524,project_1,L11,bridge,3,true,true,2//1,1//4,descendant_1:1//1
524,project_2,L00,bridge,3,true,false,2//1,1//4,descendant_1:1//1
524,project_2,L01,bridge,3,true,true,2//1,1//4,descendant_1:1//1
524,project_2,L10,bridge,3,true,false,2//1,1//4,descendant_1:1//1
524,project_2,L11,bridge,3,true,true,2//1,1//4,descendant_1:1//1
525,project_1,L00,expansion,1,true,false,1//2,1//4,descendant_1:1//1
525,project_1,L01,expansion,1,true,true,1//2,1//4,descendant_1:1//1
525,project_1,L10,expansion,1,true,false,1//2,1//4,descendant_1:1//1
525,project_1,L11,expansion,1,true,true,1//2,1//4,descendant_1:1//1
525,project_2,L00,expansion,1,true,false,1//2,1//4,descendant_1:1//1
525,project_2,L01,expansion,1,true,true,1//2,1//4,descendant_1:1//1
525,project_2,L10,expansion,1,true,false,1//2,1//4,descendant_1:1//1
525,project_2,L11,expansion,1,true,true,1//2,1//4,descendant_1:1//1
526,project_1,L00,expansion,3,true,false,2//1,3//4,descendant_1:1//1
526,project_1,L01,expansion,3,true,true,2//1,3//4,descendant_1:1//1
526,project_1,L10,expansion,3,true,false,2//1,3//4,descendant_1:1//1
526,project_1,L11,expansion,3,true,true,2//1,3//4,descendant_1:1//1
526,project_2,L00,expansion,3,true,false,2//1,3//4,descendant_1:1//1
526,project_2,L01,expansion,3,true,true,2//1,3//4,descendant_1:1//1
526,project_2,L10,expansion,3,true,false,2//1,3//4,descendant_1:1//1
526,project_2,L11,expansion,3,true,true,2//1,3//4,descendant_1:1//1
527,project_1,L00,bridge,3,true,false,1//2,3//4,descendant_1:1//1
527,project_1,L01,bridge,3,true,true,1//2,3//4,descendant_1:1//1
527,project_1,L10,bridge,3,true,false,1//2,3//4,descendant_1:1//1
527,project_1,L11,bridge,3,true,true,1//2,3//4,descendant_1:1//1
527,project_2,L00,bridge,3,true,false,1//2,3//4,descendant_1:1//1
527,project_2,L01,bridge,3,true,true,1//2,3//4,descendant_1:1//1
527,project_2,L10,bridge,3,true,false,1//2,3//4,descendant_1:1//1
527,project_2,L11,bridge,3,true,true,1//2,3//4,descendant_1:1//1
528,project_1,L00,expansion,1,true,false,1//2,3//4,descendant_1:1//1
528,project_1,L01,expansion,1,true,true,1//2,3//4,descendant_1:1//1
528,project_1,L10,expansion,1,true,false,1//2,3//4,descendant_1:1//1
528,project_1,L11,expansion,1,true,true,1//2,3//4,descendant_1:1//1
528,project_2,L00,expansion,1,true,false,1//2,3//4,descendant_1:1//1
528,project_2,L01,expansion,1,true,true,1//2,3//4,descendant_1:1//1
528,project_2,L10,expansion,1,true,false,1//2,3//4,descendant_1:1//1
528,project_2,L11,expansion,1,true,true,1//2,3//4,descendant_1:1//1
529,project_1,L00,bridge,1,true,false,1//2,3//4,descendant_1:1//1
529,project_1,L01,bridge,1,true,true,1//2,3//4,descendant_1:1//1
529,project_1,L10,bridge,1,true,false,1//2,3//4,descendant_1:1//1
529,project_1,L11,bridge,1,true,true,1//2,3//4,descendant_1:1//1
529,project_2,L00,bridge,1,true,false,1//2,3//4,descendant_1:1//1
529,project_2,L01,bridge,1,true,true,1//2,3//4,descendant_1:1//1
529,project_2,L10,bridge,1,true,false,1//2,3//4,descendant_1:1//1
529,project_2,L11,bridge,1,true,true,1//2,3//4,descendant_1:1//1
530,project_1,L00,expansion,1,true,false,1//2,1//4,descendant_1:1//1
530,project_1,L01,expansion,1,true,true,1//2,1//4,descendant_1:1//1
530,project_1,L10,expansion,1,true,false,1//2,1//4,descendant_1:1//1
530,project_1,L11,expansion,1,true,true,1//2,1//4,descendant_1:1//1
530,project_2,L00,expansion,1,true,false,1//2,1//4,descendant_1:1//1
530,project_2,L01,expansion,1,true,true,1//2,1//4,descendant_1:1//1
530,project_2,L10,expansion,1,true,false,1//2,1//4,descendant_1:1//1
530,project_2,L11,expansion,1,true,true,1//2,1//4,descendant_1:1//1
531,project_1,L00,bridge,1,true,false,1//2,3//4,descendant_1:1//1
531,project_1,L01,bridge,1,true,true,1//2,3//4,descendant_1:1//1
531,project_1,L10,bridge,1,true,false,1//2,3//4,descendant_1:1//1
531,project_1,L11,bridge,1,true,true,1//2,3//4,descendant_1:1//1
531,project_2,L00,bridge,1,true,false,1//2,3//4,descendant_1:1//1
531,project_2,L01,bridge,1,true,true,1//2,3//4,descendant_1:1//1
531,project_2,L10,bridge,1,true,false,1//2,3//4,descendant_1:1//1
531,project_2,L11,bridge,1,true,true,1//2,3//4,descendant_1:1//1
532,project_1,L00,expansion,3,true,false,1//2,1//4,descendant_1:1//1
532,project_1,L01,expansion,3,true,true,1//2,1//4,descendant_1:1//1
532,project_1,L10,expansion,3,true,false,1//2,1//4,descendant_1:1//1
532,project_1,L11,expansion,3,true,true,1//2,1//4,descendant_1:1//1
532,project_2,L00,expansion,3,true,false,1//2,1//4,descendant_1:1//1
532,project_2,L01,expansion,3,true,true,1//2,1//4,descendant_1:1//1
532,project_2,L10,expansion,3,true,false,1//2,1//4,descendant_1:1//1
532,project_2,L11,expansion,3,true,true,1//2,1//4,descendant_1:1//1
533,project_1,L00,expansion,3,true,false,2//1,1//4,descendant_1:1//1
533,project_1,L01,expansion,3,true,true,2//1,1//4,descendant_1:1//1
533,project_1,L10,expansion,3,true,false,2//1,1//4,descendant_1:1//1
533,project_1,L11,expansion,3,true,true,2//1,1//4,descendant_1:1//1
533,project_2,L00,expansion,3,true,false,2//1,1//4,descendant_1:1//1
533,project_2,L01,expansion,3,true,true,2//1,1//4,descendant_1:1//1
533,project_2,L10,expansion,3,true,false,2//1,1//4,descendant_1:1//1
533,project_2,L11,expansion,3,true,true,2//1,1//4,descendant_1:1//1
534,project_1,L00,bridge,3,true,false,1//2,1//4,descendant_1:1//1
534,project_1,L01,bridge,3,true,true,1//2,1//4,descendant_1:1//1
534,project_1,L10,bridge,3,true,false,1//2,1//4,descendant_1:1//1
534,project_1,L11,bridge,3,true,true,1//2,1//4,descendant_1:1//1
534,project_2,L00,bridge,3,true,false,1//2,1//4,descendant_1:1//1
534,project_2,L01,bridge,3,true,true,1//2,1//4,descendant_1:1//1
534,project_2,L10,bridge,3,true,false,1//2,1//4,descendant_1:1//1
534,project_2,L11,bridge,3,true,true,1//2,1//4,descendant_1:1//1
535,project_1,L00,bridge,1,true,false,1//2,3//4,descendant_1:1//1
535,project_1,L01,bridge,1,true,true,1//2,3//4,descendant_1:1//1
535,project_1,L10,bridge,1,true,false,1//2,3//4,descendant_1:1//1
535,project_1,L11,bridge,1,true,true,1//2,3//4,descendant_1:1//1
535,project_2,L00,bridge,1,true,false,1//2,3//4,descendant_1:1//1
535,project_2,L01,bridge,1,true,true,1//2,3//4,descendant_1:1//1
535,project_2,L10,bridge,1,true,false,1//2,3//4,descendant_1:1//1
535,project_2,L11,bridge,1,true,true,1//2,3//4,descendant_1:1//1
536,project_1,L00,expansion,1,true,false,1//2,1//4,descendant_1:1//1
536,project_1,L01,expansion,1,true,true,1//2,1//4,descendant_1:1//1
536,project_1,L10,expansion,1,true,false,1//2,1//4,descendant_1:1//1
536,project_1,L11,expansion,1,true,true,1//2,1//4,descendant_1:1//1
536,project_2,L00,expansion,1,true,false,1//2,1//4,descendant_1:1//1
536,project_2,L01,expansion,1,true,true,1//2,1//4,descendant_1:1//1
536,project_2,L10,expansion,1,true,false,1//2,1//4,descendant_1:1//1
536,project_2,L11,expansion,1,true,true,1//2,1//4,descendant_1:1//1
537,project_1,L00,expansion,3,true,false,1//2,3//4,descendant_1:1//1
537,project_1,L01,expansion,3,true,true,1//2,3//4,descendant_1:1//1
537,project_1,L10,expansion,3,true,false,1//2,3//4,descendant_1:1//1
537,project_1,L11,expansion,3,true,true,1//2,3//4,descendant_1:1//1
537,project_2,L00,expansion,3,true,false,1//2,3//4,descendant_1:1//1
537,project_2,L01,expansion,3,true,true,1//2,3//4,descendant_1:1//1
537,project_2,L10,expansion,3,true,false,1//2,3//4,descendant_1:1//1
537,project_2,L11,expansion,3,true,true,1//2,3//4,descendant_1:1//1
538,project_1,L00,bridge,1,true,false,2//1,3//4,descendant_1:1//1
538,project_1,L01,bridge,1,true,true,2//1,3//4,descendant_1:1//1
538,project_1,L10,bridge,1,true,false,2//1,3//4,descendant_1:1//1
538,project_1,L11,bridge,1,true,true,2//1,3//4,descendant_1:1//1
538,project_2,L00,bridge,1,true,false,2//1,3//4,descendant_1:1//1
538,project_2,L01,bridge,1,true,true,2//1,3//4,descendant_1:1//1
538,project_2,L10,bridge,1,true,false,2//1,3//4,descendant_1:1//1
538,project_2,L11,bridge,1,true,true,2//1,3//4,descendant_1:1//1
539,project_1,L00,bridge,1,true,false,2//1,3//4,descendant_1:1//1
539,project_1,L01,bridge,1,true,true,2//1,3//4,descendant_1:1//1
539,project_1,L10,bridge,1,true,false,2//1,3//4,descendant_1:1//1
539,project_1,L11,bridge,1,true,true,2//1,3//4,descendant_1:1//1
539,project_2,L00,bridge,1,true,false,2//1,3//4,descendant_1:1//1
539,project_2,L01,bridge,1,true,true,2//1,3//4,descendant_1:1//1
539,project_2,L10,bridge,1,true,false,2//1,3//4,descendant_1:1//1
539,project_2,L11,bridge,1,true,true,2//1,3//4,descendant_1:1//1
540,project_1,L00,bridge,1,true,false,2//1,1//4,descendant_1:1//1
540,project_1,L01,bridge,1,true,true,2//1,1//4,descendant_1:1//1
540,project_1,L10,bridge,1,true,false,2//1,1//4,descendant_1:1//1
540,project_1,L11,bridge,1,true,true,2//1,1//4,descendant_1:1//1
540,project_2,L00,bridge,1,true,false,2//1,1//4,descendant_1:1//1
540,project_2,L01,bridge,1,true,true,2//1,1//4,descendant_1:1//1
540,project_2,L10,bridge,1,true,false,2//1,1//4,descendant_1:1//1
540,project_2,L11,bridge,1,true,true,2//1,1//4,descendant_1:1//1
541,project_1,L00,bridge,3,true,false,1//2,3//4,descendant_1:1//1
541,project_1,L01,bridge,3,true,true,1//2,3//4,descendant_1:1//1
541,project_1,L10,bridge,3,true,false,1//2,3//4,descendant_1:1//1
541,project_1,L11,bridge,3,true,true,1//2,3//4,descendant_1:1//1
541,project_2,L00,bridge,3,true,false,1//2,3//4,descendant_1:1//1
541,project_2,L01,bridge,3,true,true,1//2,3//4,descendant_1:1//1
541,project_2,L10,bridge,3,true,false,1//2,3//4,descendant_1:1//1
541,project_2,L11,bridge,3,true,true,1//2,3//4,descendant_1:1//1
542,project_1,L00,bridge,1,true,false,2//1,1//4,descendant_1:1//1
542,project_1,L01,bridge,1,true,true,2//1,1//4,descendant_1:1//1
542,project_1,L10,bridge,1,true,false,2//1,1//4,descendant_1:1//1
542,project_1,L11,bridge,1,true,true,2//1,1//4,descendant_1:1//1
542,project_2,L00,bridge,1,true,false,2//1,1//4,descendant_1:1//1
542,project_2,L01,bridge,1,true,true,2//1,1//4,descendant_1:1//1
542,project_2,L10,bridge,1,true,false,2//1,1//4,descendant_1:1//1
542,project_2,L11,bridge,1,true,true,2//1,1//4,descendant_1:1//1
543,project_1,L00,bridge,3,true,false,2//1,3//4,descendant_1:1//1
543,project_1,L01,bridge,3,true,true,2//1,3//4,descendant_1:1//1
543,project_1,L10,bridge,3,true,false,2//1,3//4,descendant_1:1//1
543,project_1,L11,bridge,3,true,true,2//1,3//4,descendant_1:1//1
543,project_2,L00,bridge,3,true,false,2//1,3//4,descendant_1:1//1
543,project_2,L01,bridge,3,true,true,2//1,3//4,descendant_1:1//1
543,project_2,L10,bridge,3,true,false,2//1,3//4,descendant_1:1//1
543,project_2,L11,bridge,3,true,true,2//1,3//4,descendant_1:1//1
544,project_1,L00,bridge,1,true,false,2//1,3//4,descendant_1:1//1
544,project_1,L01,bridge,1,true,true,2//1,3//4,descendant_1:1//1
544,project_1,L10,bridge,1,true,false,2//1,3//4,descendant_1:1//1
544,project_1,L11,bridge,1,true,true,2//1,3//4,descendant_1:1//1
544,project_2,L00,bridge,1,true,false,2//1,3//4,descendant_1:1//1
544,project_2,L01,bridge,1,true,true,2//1,3//4,descendant_1:1//1
544,project_2,L10,bridge,1,true,false,2//1,3//4,descendant_1:1//1
544,project_2,L11,bridge,1,true,true,2//1,3//4,descendant_1:1//1
545,project_1,L00,expansion,1,true,false,2//1,1//4,descendant_1:1//1
545,project_1,L01,expansion,1,true,true,2//1,1//4,descendant_1:1//1
545,project_1,L10,expansion,1,true,false,2//1,1//4,descendant_1:1//1
545,project_1,L11,expansion,1,true,true,2//1,1//4,descendant_1:1//1
545,project_2,L00,expansion,1,true,false,2//1,1//4,descendant_1:1//1
545,project_2,L01,expansion,1,true,true,2//1,1//4,descendant_1:1//1
545,project_2,L10,expansion,1,true,false,2//1,1//4,descendant_1:1//1
545,project_2,L11,expansion,1,true,true,2//1,1//4,descendant_1:1//1
546,project_1,L00,bridge,1,true,false,1//2,1//4,descendant_1:1//1
546,project_1,L01,bridge,1,true,true,1//2,1//4,descendant_1:1//1
546,project_1,L10,bridge,1,true,false,1//2,1//4,descendant_1:1//1
546,project_1,L11,bridge,1,true,true,1//2,1//4,descendant_1:1//1
546,project_2,L00,bridge,1,true,false,1//2,1//4,descendant_1:1//1
546,project_2,L01,bridge,1,true,true,1//2,1//4,descendant_1:1//1
546,project_2,L10,bridge,1,true,false,1//2,1//4,descendant_1:1//1
546,project_2,L11,bridge,1,true,true,1//2,1//4,descendant_1:1//1
547,project_1,L00,bridge,3,true,false,1//2,1//4,descendant_1:1//1
547,project_1,L01,bridge,3,true,true,1//2,1//4,descendant_1:1//1
547,project_1,L10,bridge,3,true,false,1//2,1//4,descendant_1:1//1
547,project_1,L11,bridge,3,true,true,1//2,1//4,descendant_1:1//1
547,project_2,L00,bridge,3,true,false,1//2,1//4,descendant_1:1//1
547,project_2,L01,bridge,3,true,true,1//2,1//4,descendant_1:1//1
547,project_2,L10,bridge,3,true,false,1//2,1//4,descendant_1:1//1
547,project_2,L11,bridge,3,true,true,1//2,1//4,descendant_1:1//1
548,project_1,L00,bridge,3,true,false,2//1,3//4,descendant_1:1//1
548,project_1,L01,bridge,3,true,true,2//1,3//4,descendant_1:1//1
548,project_1,L10,bridge,3,true,false,2//1,3//4,descendant_1:1//1
548,project_1,L11,bridge,3,true,true,2//1,3//4,descendant_1:1//1
548,project_2,L00,bridge,3,true,false,2//1,3//4,descendant_1:1//1
548,project_2,L01,bridge,3,true,true,2//1,3//4,descendant_1:1//1
548,project_2,L10,bridge,3,true,false,2//1,3//4,descendant_1:1//1
548,project_2,L11,bridge,3,true,true,2//1,3//4,descendant_1:1//1
549,project_1,L00,bridge,1,true,false,1//2,1//4,descendant_1:1//1
549,project_1,L01,bridge,1,true,true,1//2,1//4,descendant_1:1//1
549,project_1,L10,bridge,1,true,false,1//2,1//4,descendant_1:1//1
549,project_1,L11,bridge,1,true,true,1//2,1//4,descendant_1:1//1
549,project_2,L00,bridge,1,true,false,1//2,1//4,descendant_1:1//1
549,project_2,L01,bridge,1,true,true,1//2,1//4,descendant_1:1//1
549,project_2,L10,bridge,1,true,false,1//2,1//4,descendant_1:1//1
549,project_2,L11,bridge,1,true,true,1//2,1//4,descendant_1:1//1
550,project_1,L00,expansion,3,true,false,2//1,1//4,descendant_1:1//1
550,project_1,L01,expansion,3,true,true,2//1,1//4,descendant_1:1//1
550,project_1,L10,expansion,3,true,false,2//1,1//4,descendant_1:1//1
550,project_1,L11,expansion,3,true,true,2//1,1//4,descendant_1:1//1
550,project_2,L00,expansion,3,true,false,2//1,1//4,descendant_1:1//1
550,project_2,L01,expansion,3,true,true,2//1,1//4,descendant_1:1//1
550,project_2,L10,expansion,3,true,false,2//1,1//4,descendant_1:1//1
550,project_2,L11,expansion,3,true,true,2//1,1//4,descendant_1:1//1
551,project_1,L00,bridge,3,true,false,1//2,3//4,descendant_1:1//1
551,project_1,L01,bridge,3,true,true,1//2,3//4,descendant_1:1//1
551,project_1,L10,bridge,3,true,false,1//2,3//4,descendant_1:1//1
551,project_1,L11,bridge,3,true,true,1//2,3//4,descendant_1:1//1
551,project_2,L00,bridge,3,true,false,1//2,3//4,descendant_1:1//1
551,project_2,L01,bridge,3,true,true,1//2,3//4,descendant_1:1//1
551,project_2,L10,bridge,3,true,false,1//2,3//4,descendant_1:1//1
551,project_2,L11,bridge,3,true,true,1//2,3//4,descendant_1:1//1
552,project_1,L00,expansion,1,true,false,1//2,3//4,descendant_1:1//1
552,project_1,L01,expansion,1,true,true,1//2,3//4,descendant_1:1//1
552,project_1,L10,expansion,1,true,false,1//2,3//4,descendant_1:1//1
552,project_1,L11,expansion,1,true,true,1//2,3//4,descendant_1:1//1
552,project_2,L00,expansion,1,true,false,1//2,3//4,descendant_1:1//1
552,project_2,L01,expansion,1,true,true,1//2,3//4,descendant_1:1//1
552,project_2,L10,expansion,1,true,false,1//2,3//4,descendant_1:1//1
552,project_2,L11,expansion,1,true,true,1//2,3//4,descendant_1:1//1
553,project_1,L00,expansion,1,true,false,1//2,1//4,descendant_1:1//1
553,project_1,L01,expansion,1,true,true,1//2,1//4,descendant_1:1//1
553,project_1,L10,expansion,1,true,false,1//2,1//4,descendant_1:1//1
553,project_1,L11,expansion,1,true,true,1//2,1//4,descendant_1:1//1
553,project_2,L00,expansion,1,true,false,1//2,1//4,descendant_1:1//1
553,project_2,L01,expansion,1,true,true,1//2,1//4,descendant_1:1//1
553,project_2,L10,expansion,1,true,false,1//2,1//4,descendant_1:1//1
553,project_2,L11,expansion,1,true,true,1//2,1//4,descendant_1:1//1
554,project_1,L00,expansion,3,true,false,1//2,1//4,descendant_1:1//1
554,project_1,L01,expansion,3,true,true,1//2,1//4,descendant_1:1//1
554,project_1,L10,expansion,3,true,false,1//2,1//4,descendant_1:1//1
554,project_1,L11,expansion,3,true,true,1//2,1//4,descendant_1:1//1
554,project_2,L00,expansion,3,true,false,1//2,1//4,descendant_1:1//1
554,project_2,L01,expansion,3,true,true,1//2,1//4,descendant_1:1//1
554,project_2,L10,expansion,3,true,false,1//2,1//4,descendant_1:1//1
554,project_2,L11,expansion,3,true,true,1//2,1//4,descendant_1:1//1
555,project_1,L00,expansion,1,true,false,2//1,1//4,descendant_1:1//1
555,project_1,L01,expansion,1,true,true,2//1,1//4,descendant_1:1//1
555,project_1,L10,expansion,1,true,false,2//1,1//4,descendant_1:1//1
555,project_1,L11,expansion,1,true,true,2//1,1//4,descendant_1:1//1
555,project_2,L00,expansion,1,true,false,2//1,1//4,descendant_1:1//1
555,project_2,L01,expansion,1,true,true,2//1,1//4,descendant_1:1//1
555,project_2,L10,expansion,1,true,false,2//1,1//4,descendant_1:1//1
555,project_2,L11,expansion,1,true,true,2//1,1//4,descendant_1:1//1
556,project_1,L00,expansion,1,true,false,2//1,1//4,descendant_1:1//1
556,project_1,L01,expansion,1,true,true,2//1,1//4,descendant_1:1//1
556,project_1,L10,expansion,1,true,false,2//1,1//4,descendant_1:1//1
556,project_1,L11,expansion,1,true,true,2//1,1//4,descendant_1:1//1
556,project_2,L00,expansion,1,true,false,2//1,1//4,descendant_1:1//1
556,project_2,L01,expansion,1,true,true,2//1,1//4,descendant_1:1//1
556,project_2,L10,expansion,1,true,false,2//1,1//4,descendant_1:1//1
556,project_2,L11,expansion,1,true,true,2//1,1//4,descendant_1:1//1
557,project_1,L00,bridge,1,true,false,1//2,3//4,descendant_1:1//1
557,project_1,L01,bridge,1,true,true,1//2,3//4,descendant_1:1//1
557,project_1,L10,bridge,1,true,false,1//2,3//4,descendant_1:1//1
557,project_1,L11,bridge,1,true,true,1//2,3//4,descendant_1:1//1
557,project_2,L00,bridge,1,true,false,1//2,3//4,descendant_1:1//1
557,project_2,L01,bridge,1,true,true,1//2,3//4,descendant_1:1//1
557,project_2,L10,bridge,1,true,false,1//2,3//4,descendant_1:1//1
557,project_2,L11,bridge,1,true,true,1//2,3//4,descendant_1:1//1
558,project_1,L00,expansion,1,true,false,2//1,1//4,descendant_1:1//1
558,project_1,L01,expansion,1,true,true,2//1,1//4,descendant_1:1//1
558,project_1,L10,expansion,1,true,false,2//1,1//4,descendant_1:1//1
558,project_1,L11,expansion,1,true,true,2//1,1//4,descendant_1:1//1
558,project_2,L00,expansion,1,true,false,2//1,1//4,descendant_1:1//1
558,project_2,L01,expansion,1,true,true,2//1,1//4,descendant_1:1//1
558,project_2,L10,expansion,1,true,false,2//1,1//4,descendant_1:1//1
558,project_2,L11,expansion,1,true,true,2//1,1//4,descendant_1:1//1
559,project_1,L00,bridge,3,true,false,2//1,1//4,descendant_1:1//1
559,project_1,L01,bridge,3,true,true,2//1,1//4,descendant_1:1//1
559,project_1,L10,bridge,3,true,false,2//1,1//4,descendant_1:1//1
559,project_1,L11,bridge,3,true,true,2//1,1//4,descendant_1:1//1
559,project_2,L00,bridge,3,true,false,2//1,1//4,descendant_1:1//1
559,project_2,L01,bridge,3,true,true,2//1,1//4,descendant_1:1//1
559,project_2,L10,bridge,3,true,false,2//1,1//4,descendant_1:1//1
559,project_2,L11,bridge,3,true,true,2//1,1//4,descendant_1:1//1
560,project_1,L00,bridge,3,true,false,1//2,1//4,descendant_1:1//1
560,project_1,L01,bridge,3,true,true,1//2,1//4,descendant_1:1//1
560,project_1,L10,bridge,3,true,false,1//2,1//4,descendant_1:1//1
560,project_1,L11,bridge,3,true,true,1//2,1//4,descendant_1:1//1
560,project_2,L00,bridge,3,true,false,1//2,1//4,descendant_1:1//1
560,project_2,L01,bridge,3,true,true,1//2,1//4,descendant_1:1//1
560,project_2,L10,bridge,3,true,false,1//2,1//4,descendant_1:1//1
560,project_2,L11,bridge,3,true,true,1//2,1//4,descendant_1:1//1
561,project_1,L00,bridge,3,true,false,1//2,3//4,descendant_1:1//1
561,project_1,L01,bridge,3,true,true,1//2,3//4,descendant_1:1//1
561,project_1,L10,bridge,3,true,false,1//2,3//4,descendant_1:1//1
561,project_1,L11,bridge,3,true,true,1//2,3//4,descendant_1:1//1
561,project_2,L00,bridge,3,true,false,1//2,3//4,descendant_1:1//1
561,project_2,L01,bridge,3,true,true,1//2,3//4,descendant_1:1//1
561,project_2,L10,bridge,3,true,false,1//2,3//4,descendant_1:1//1
561,project_2,L11,bridge,3,true,true,1//2,3//4,descendant_1:1//1
562,project_1,L00,expansion,3,true,false,2//1,1//4,descendant_1:1//1
562,project_1,L01,expansion,3,true,true,2//1,1//4,descendant_1:1//1
562,project_1,L10,expansion,3,true,false,2//1,1//4,descendant_1:1//1
562,project_1,L11,expansion,3,true,true,2//1,1//4,descendant_1:1//1
562,project_2,L00,expansion,3,true,false,2//1,1//4,descendant_1:1//1
562,project_2,L01,expansion,3,true,true,2//1,1//4,descendant_1:1//1
562,project_2,L10,expansion,3,true,false,2//1,1//4,descendant_1:1//1
562,project_2,L11,expansion,3,true,true,2//1,1//4,descendant_1:1//1
563,project_1,L00,expansion,1,true,false,2//1,3//4,descendant_1:1//1
563,project_1,L01,expansion,1,true,true,2//1,3//4,descendant_1:1//1
563,project_1,L10,expansion,1,true,false,2//1,3//4,descendant_1:1//1
563,project_1,L11,expansion,1,true,true,2//1,3//4,descendant_1:1//1
563,project_2,L00,expansion,1,true,false,2//1,3//4,descendant_1:1//1
563,project_2,L01,expansion,1,true,true,2//1,3//4,descendant_1:1//1
563,project_2,L10,expansion,1,true,false,2//1,3//4,descendant_1:1//1
563,project_2,L11,expansion,1,true,true,2//1,3//4,descendant_1:1//1
564,project_1,L00,expansion,3,true,false,2//1,1//4,descendant_1:1//1
564,project_1,L01,expansion,3,true,true,2//1,1//4,descendant_1:1//1
564,project_1,L10,expansion,3,true,false,2//1,1//4,descendant_1:1//1
564,project_1,L11,expansion,3,true,true,2//1,1//4,descendant_1:1//1
564,project_2,L00,expansion,3,true,false,2//1,1//4,descendant_1:1//1
564,project_2,L01,expansion,3,true,true,2//1,1//4,descendant_1:1//1
564,project_2,L10,expansion,3,true,false,2//1,1//4,descendant_1:1//1
564,project_2,L11,expansion,3,true,true,2//1,1//4,descendant_1:1//1
565,project_1,L00,expansion,3,true,false,2//1,1//4,descendant_1:1//1
565,project_1,L01,expansion,3,true,true,2//1,1//4,descendant_1:1//1
565,project_1,L10,expansion,3,true,false,2//1,1//4,descendant_1:1//1
565,project_1,L11,expansion,3,true,true,2//1,1//4,descendant_1:1//1
565,project_2,L00,expansion,3,true,false,2//1,1//4,descendant_1:1//1
565,project_2,L01,expansion,3,true,true,2//1,1//4,descendant_1:1//1
565,project_2,L10,expansion,3,true,false,2//1,1//4,descendant_1:1//1
565,project_2,L11,expansion,3,true,true,2//1,1//4,descendant_1:1//1
566,project_1,L00,expansion,1,true,false,2//1,1//4,descendant_1:1//1
566,project_1,L01,expansion,1,true,true,2//1,1//4,descendant_1:1//1
566,project_1,L10,expansion,1,true,false,2//1,1//4,descendant_1:1//1
566,project_1,L11,expansion,1,true,true,2//1,1//4,descendant_1:1//1
566,project_2,L00,expansion,1,true,false,2//1,1//4,descendant_1:1//1
566,project_2,L01,expansion,1,true,true,2//1,1//4,descendant_1:1//1
566,project_2,L10,expansion,1,true,false,2//1,1//4,descendant_1:1//1
566,project_2,L11,expansion,1,true,true,2//1,1//4,descendant_1:1//1
567,project_1,L00,expansion,1,true,false,1//2,3//4,descendant_1:1//1
567,project_1,L01,expansion,1,true,true,1//2,3//4,descendant_1:1//1
567,project_1,L10,expansion,1,true,false,1//2,3//4,descendant_1:1//1
567,project_1,L11,expansion,1,true,true,1//2,3//4,descendant_1:1//1
567,project_2,L00,expansion,1,true,false,1//2,3//4,descendant_1:1//1
567,project_2,L01,expansion,1,true,true,1//2,3//4,descendant_1:1//1
567,project_2,L10,expansion,1,true,false,1//2,3//4,descendant_1:1//1
567,project_2,L11,expansion,1,true,true,1//2,3//4,descendant_1:1//1
568,project_1,L00,bridge,3,true,false,2//1,1//4,descendant_1:1//1
568,project_1,L01,bridge,3,true,true,2//1,1//4,descendant_1:1//1
568,project_1,L10,bridge,3,true,false,2//1,1//4,descendant_1:1//1
568,project_1,L11,bridge,3,true,true,2//1,1//4,descendant_1:1//1
568,project_2,L00,bridge,3,true,false,2//1,1//4,descendant_1:1//1
568,project_2,L01,bridge,3,true,true,2//1,1//4,descendant_1:1//1
568,project_2,L10,bridge,3,true,false,2//1,1//4,descendant_1:1//1
568,project_2,L11,bridge,3,true,true,2//1,1//4,descendant_1:1//1
569,project_1,L00,expansion,3,true,false,1//2,3//4,descendant_1:1//1
569,project_1,L01,expansion,3,true,true,1//2,3//4,descendant_1:1//1
569,project_1,L10,expansion,3,true,false,1//2,3//4,descendant_1:1//1
569,project_1,L11,expansion,3,true,true,1//2,3//4,descendant_1:1//1
569,project_2,L00,expansion,3,true,false,1//2,3//4,descendant_1:1//1
569,project_2,L01,expansion,3,true,true,1//2,3//4,descendant_1:1//1
569,project_2,L10,expansion,3,true,false,1//2,3//4,descendant_1:1//1
569,project_2,L11,expansion,3,true,true,1//2,3//4,descendant_1:1//1
570,project_1,L00,expansion,3,true,false,1//2,1//4,descendant_1:1//1
570,project_1,L01,expansion,3,true,true,1//2,1//4,descendant_1:1//1
570,project_1,L10,expansion,3,true,false,1//2,1//4,descendant_1:1//1
570,project_1,L11,expansion,3,true,true,1//2,1//4,descendant_1:1//1
570,project_2,L00,expansion,3,true,false,1//2,1//4,descendant_1:1//1
570,project_2,L01,expansion,3,true,true,1//2,1//4,descendant_1:1//1
570,project_2,L10,expansion,3,true,false,1//2,1//4,descendant_1:1//1
570,project_2,L11,expansion,3,true,true,1//2,1//4,descendant_1:1//1
571,project_1,L00,expansion,3,true,false,2//1,3//4,descendant_1:1//1
571,project_1,L01,expansion,3,true,true,2//1,3//4,descendant_1:1//1
571,project_1,L10,expansion,3,true,false,2//1,3//4,descendant_1:1//1
571,project_1,L11,expansion,3,true,true,2//1,3//4,descendant_1:1//1
571,project_2,L00,expansion,3,true,false,2//1,3//4,descendant_1:1//1
571,project_2,L01,expansion,3,true,true,2//1,3//4,descendant_1:1//1
571,project_2,L10,expansion,3,true,false,2//1,3//4,descendant_1:1//1
571,project_2,L11,expansion,3,true,true,2//1,3//4,descendant_1:1//1
572,project_1,L00,bridge,1,true,false,2//1,3//4,descendant_1:1//1
572,project_1,L01,bridge,1,true,true,2//1,3//4,descendant_1:1//1
572,project_1,L10,bridge,1,true,false,2//1,3//4,descendant_1:1//1
572,project_1,L11,bridge,1,true,true,2//1,3//4,descendant_1:1//1
572,project_2,L00,bridge,1,true,false,2//1,3//4,descendant_1:1//1
572,project_2,L01,bridge,1,true,true,2//1,3//4,descendant_1:1//1
572,project_2,L10,bridge,1,true,false,2//1,3//4,descendant_1:1//1
572,project_2,L11,bridge,1,true,true,2//1,3//4,descendant_1:1//1
573,project_1,L00,expansion,1,true,false,2//1,3//4,descendant_1:1//1
573,project_1,L01,expansion,1,true,true,2//1,3//4,descendant_1:1//1
573,project_1,L10,expansion,1,true,false,2//1,3//4,descendant_1:1//1
573,project_1,L11,expansion,1,true,true,2//1,3//4,descendant_1:1//1
573,project_2,L00,expansion,1,true,false,2//1,3//4,descendant_1:1//1
573,project_2,L01,expansion,1,true,true,2//1,3//4,descendant_1:1//1
573,project_2,L10,expansion,1,true,false,2//1,3//4,descendant_1:1//1
573,project_2,L11,expansion,1,true,true,2//1,3//4,descendant_1:1//1
574,project_1,L00,expansion,1,true,false,1//2,3//4,descendant_1:1//1
574,project_1,L01,expansion,1,true,true,1//2,3//4,descendant_1:1//1
574,project_1,L10,expansion,1,true,false,1//2,3//4,descendant_1:1//1
574,project_1,L11,expansion,1,true,true,1//2,3//4,descendant_1:1//1
574,project_2,L00,expansion,1,true,false,1//2,3//4,descendant_1:1//1
574,project_2,L01,expansion,1,true,true,1//2,3//4,descendant_1:1//1
574,project_2,L10,expansion,1,true,false,1//2,3//4,descendant_1:1//1
574,project_2,L11,expansion,1,true,true,1//2,3//4,descendant_1:1//1
575,project_1,L00,bridge,3,true,false,2//1,3//4,descendant_1:1//1
575,project_1,L01,bridge,3,true,true,2//1,3//4,descendant_1:1//1
575,project_1,L10,bridge,3,true,false,2//1,3//4,descendant_1:1//1
575,project_1,L11,bridge,3,true,true,2//1,3//4,descendant_1:1//1
575,project_2,L00,bridge,3,true,false,2//1,3//4,descendant_1:1//1
575,project_2,L01,bridge,3,true,true,2//1,3//4,descendant_1:1//1
575,project_2,L10,bridge,3,true,false,2//1,3//4,descendant_1:1//1
575,project_2,L11,bridge,3,true,true,2//1,3//4,descendant_1:1//1
576,project_1,L00,bridge,1,true,false,1//2,1//4,descendant_1:1//1
576,project_1,L01,bridge,1,true,true,1//2,1//4,descendant_1:1//1
576,project_1,L10,bridge,1,true,false,1//2,1//4,descendant_1:1//1
576,project_1,L11,bridge,1,true,true,1//2,1//4,descendant_1:1//1
576,project_2,L00,bridge,1,true,false,1//2,1//4,descendant_1:1//1
576,project_2,L01,bridge,1,true,true,1//2,1//4,descendant_1:1//1
576,project_2,L10,bridge,1,true,false,1//2,1//4,descendant_1:1//1
576,project_2,L11,bridge,1,true,true,1//2,1//4,descendant_1:1//1
577,project_1,L00,expansion,1,true,false,1//2,1//4,descendant_1:1//1
577,project_1,L01,expansion,1,true,true,1//2,1//4,descendant_1:1//1
577,project_1,L10,expansion,1,true,false,1//2,1//4,descendant_1:1//1
577,project_1,L11,expansion,1,true,true,1//2,1//4,descendant_1:1//1
577,project_2,L00,expansion,1,true,false,1//2,1//4,descendant_1:1//1
577,project_2,L01,expansion,1,true,true,1//2,1//4,descendant_1:1//1
577,project_2,L10,expansion,1,true,false,1//2,1//4,descendant_1:1//1
577,project_2,L11,expansion,1,true,true,1//2,1//4,descendant_1:1//1
578,project_1,L00,expansion,3,true,false,2//1,1//4,descendant_1:1//1
578,project_1,L01,expansion,3,true,true,2//1,1//4,descendant_1:1//1
578,project_1,L10,expansion,3,true,false,2//1,1//4,descendant_1:1//1
578,project_1,L11,expansion,3,true,true,2//1,1//4,descendant_1:1//1
578,project_2,L00,expansion,3,true,false,2//1,1//4,descendant_1:1//1
578,project_2,L01,expansion,3,true,true,2//1,1//4,descendant_1:1//1
578,project_2,L10,expansion,3,true,false,2//1,1//4,descendant_1:1//1
578,project_2,L11,expansion,3,true,true,2//1,1//4,descendant_1:1//1
579,project_1,L00,expansion,1,true,false,2//1,1//4,descendant_1:1//1
579,project_1,L01,expansion,1,true,true,2//1,1//4,descendant_1:1//1
579,project_1,L10,expansion,1,true,false,2//1,1//4,descendant_1:1//1
579,project_1,L11,expansion,1,true,true,2//1,1//4,descendant_1:1//1
579,project_2,L00,expansion,1,true,false,2//1,1//4,descendant_1:1//1
579,project_2,L01,expansion,1,true,true,2//1,1//4,descendant_1:1//1
579,project_2,L10,expansion,1,true,false,2//1,1//4,descendant_1:1//1
579,project_2,L11,expansion,1,true,true,2//1,1//4,descendant_1:1//1
580,project_1,L00,bridge,1,true,false,1//2,1//4,descendant_1:1//1
580,project_1,L01,bridge,1,true,true,1//2,1//4,descendant_1:1//1
580,project_1,L10,bridge,1,true,false,1//2,1//4,descendant_1:1//1
580,project_1,L11,bridge,1,true,true,1//2,1//4,descendant_1:1//1
580,project_2,L00,bridge,1,true,false,1//2,1//4,descendant_1:1//1
580,project_2,L01,bridge,1,true,true,1//2,1//4,descendant_1:1//1
580,project_2,L10,bridge,1,true,false,1//2,1//4,descendant_1:1//1
580,project_2,L11,bridge,1,true,true,1//2,1//4,descendant_1:1//1
581,project_1,L00,bridge,3,true,false,2//1,1//4,descendant_1:1//1
581,project_1,L01,bridge,3,true,true,2//1,1//4,descendant_1:1//1
581,project_1,L10,bridge,3,true,false,2//1,1//4,descendant_1:1//1
581,project_1,L11,bridge,3,true,true,2//1,1//4,descendant_1:1//1
581,project_2,L00,bridge,3,true,false,2//1,1//4,descendant_1:1//1
581,project_2,L01,bridge,3,true,true,2//1,1//4,descendant_1:1//1
581,project_2,L10,bridge,3,true,false,2//1,1//4,descendant_1:1//1
581,project_2,L11,bridge,3,true,true,2//1,1//4,descendant_1:1//1
582,project_1,L00,expansion,3,true,false,2//1,3//4,descendant_1:1//1
582,project_1,L01,expansion,3,true,true,2//1,3//4,descendant_1:1//1
582,project_1,L10,expansion,3,true,false,2//1,3//4,descendant_1:1//1
582,project_1,L11,expansion,3,true,true,2//1,3//4,descendant_1:1//1
582,project_2,L00,expansion,3,true,false,2//1,3//4,descendant_1:1//1
582,project_2,L01,expansion,3,true,true,2//1,3//4,descendant_1:1//1
582,project_2,L10,expansion,3,true,false,2//1,3//4,descendant_1:1//1
582,project_2,L11,expansion,3,true,true,2//1,3//4,descendant_1:1//1
583,project_1,L00,bridge,3,true,false,1//2,3//4,descendant_1:1//1
583,project_1,L01,bridge,3,true,true,1//2,3//4,descendant_1:1//1
583,project_1,L10,bridge,3,true,false,1//2,3//4,descendant_1:1//1
583,project_1,L11,bridge,3,true,true,1//2,3//4,descendant_1:1//1
583,project_2,L00,bridge,3,true,false,1//2,3//4,descendant_1:1//1
583,project_2,L01,bridge,3,true,true,1//2,3//4,descendant_1:1//1
583,project_2,L10,bridge,3,true,false,1//2,3//4,descendant_1:1//1
583,project_2,L11,bridge,3,true,true,1//2,3//4,descendant_1:1//1
584,project_1,L00,expansion,1,true,false,2//1,3//4,descendant_1:1//1
584,project_1,L01,expansion,1,true,true,2//1,3//4,descendant_1:1//1
584,project_1,L10,expansion,1,true,false,2//1,3//4,descendant_1:1//1
584,project_1,L11,expansion,1,true,true,2//1,3//4,descendant_1:1//1
584,project_2,L00,expansion,1,true,false,2//1,3//4,descendant_1:1//1
584,project_2,L01,expansion,1,true,true,2//1,3//4,descendant_1:1//1
584,project_2,L10,expansion,1,true,false,2//1,3//4,descendant_1:1//1
584,project_2,L11,expansion,1,true,true,2//1,3//4,descendant_1:1//1
585,project_1,L00,expansion,1,true,false,1//2,3//4,descendant_1:1//1
585,project_1,L01,expansion,1,true,true,1//2,3//4,descendant_1:1//1
585,project_1,L10,expansion,1,true,false,1//2,3//4,descendant_1:1//1
585,project_1,L11,expansion,1,true,true,1//2,3//4,descendant_1:1//1
585,project_2,L00,expansion,1,true,false,1//2,3//4,descendant_1:1//1
585,project_2,L01,expansion,1,true,true,1//2,3//4,descendant_1:1//1
585,project_2,L10,expansion,1,true,false,1//2,3//4,descendant_1:1//1
585,project_2,L11,expansion,1,true,true,1//2,3//4,descendant_1:1//1
586,project_1,L00,expansion,3,true,false,1//2,3//4,descendant_1:1//1
586,project_1,L01,expansion,3,true,true,1//2,3//4,descendant_1:1//1
586,project_1,L10,expansion,3,true,false,1//2,3//4,descendant_1:1//1
586,project_1,L11,expansion,3,true,true,1//2,3//4,descendant_1:1//1
586,project_2,L00,expansion,3,true,false,1//2,3//4,descendant_1:1//1
586,project_2,L01,expansion,3,true,true,1//2,3//4,descendant_1:1//1
586,project_2,L10,expansion,3,true,false,1//2,3//4,descendant_1:1//1
586,project_2,L11,expansion,3,true,true,1//2,3//4,descendant_1:1//1
587,project_1,L00,bridge,3,true,false,2//1,1//4,descendant_1:1//1
587,project_1,L01,bridge,3,true,true,2//1,1//4,descendant_1:1//1
587,project_1,L10,bridge,3,true,false,2//1,1//4,descendant_1:1//1
587,project_1,L11,bridge,3,true,true,2//1,1//4,descendant_1:1//1
587,project_2,L00,bridge,3,true,false,2//1,1//4,descendant_1:1//1
587,project_2,L01,bridge,3,true,true,2//1,1//4,descendant_1:1//1
587,project_2,L10,bridge,3,true,false,2//1,1//4,descendant_1:1//1
587,project_2,L11,bridge,3,true,true,2//1,1//4,descendant_1:1//1
588,project_1,L00,bridge,3,true,false,1//2,3//4,descendant_1:1//1
588,project_1,L01,bridge,3,true,true,1//2,3//4,descendant_1:1//1
588,project_1,L10,bridge,3,true,false,1//2,3//4,descendant_1:1//1
588,project_1,L11,bridge,3,true,true,1//2,3//4,descendant_1:1//1
588,project_2,L00,bridge,3,true,false,1//2,3//4,descendant_1:1//1
588,project_2,L01,bridge,3,true,true,1//2,3//4,descendant_1:1//1
588,project_2,L10,bridge,3,true,false,1//2,3//4,descendant_1:1//1
588,project_2,L11,bridge,3,true,true,1//2,3//4,descendant_1:1//1
589,project_1,L00,expansion,3,true,false,2//1,3//4,descendant_1:1//1
589,project_1,L01,expansion,3,true,true,2//1,3//4,descendant_1:1//1
589,project_1,L10,expansion,3,true,false,2//1,3//4,descendant_1:1//1
589,project_1,L11,expansion,3,true,true,2//1,3//4,descendant_1:1//1
589,project_2,L00,expansion,3,true,false,2//1,3//4,descendant_1:1//1
589,project_2,L01,expansion,3,true,true,2//1,3//4,descendant_1:1//1
589,project_2,L10,expansion,3,true,false,2//1,3//4,descendant_1:1//1
589,project_2,L11,expansion,3,true,true,2//1,3//4,descendant_1:1//1
590,project_1,L00,expansion,3,true,false,1//2,1//4,descendant_1:1//1
590,project_1,L01,expansion,3,true,true,1//2,1//4,descendant_1:1//1
590,project_1,L10,expansion,3,true,false,1//2,1//4,descendant_1:1//1
590,project_1,L11,expansion,3,true,true,1//2,1//4,descendant_1:1//1
590,project_2,L00,expansion,3,true,false,1//2,1//4,descendant_1:1//1
590,project_2,L01,expansion,3,true,true,1//2,1//4,descendant_1:1//1
590,project_2,L10,expansion,3,true,false,1//2,1//4,descendant_1:1//1
590,project_2,L11,expansion,3,true,true,1//2,1//4,descendant_1:1//1
591,project_1,L00,expansion,1,true,false,1//2,3//4,descendant_1:1//1
591,project_1,L01,expansion,1,true,true,1//2,3//4,descendant_1:1//1
591,project_1,L10,expansion,1,true,false,1//2,3//4,descendant_1:1//1
591,project_1,L11,expansion,1,true,true,1//2,3//4,descendant_1:1//1
591,project_2,L00,expansion,1,true,false,1//2,3//4,descendant_1:1//1
591,project_2,L01,expansion,1,true,true,1//2,3//4,descendant_1:1//1
591,project_2,L10,expansion,1,true,false,1//2,3//4,descendant_1:1//1
591,project_2,L11,expansion,1,true,true,1//2,3//4,descendant_1:1//1
592,project_1,L00,expansion,1,true,false,2//1,3//4,descendant_1:1//1
592,project_1,L01,expansion,1,true,true,2//1,3//4,descendant_1:1//1
592,project_1,L10,expansion,1,true,false,2//1,3//4,descendant_1:1//1
592,project_1,L11,expansion,1,true,true,2//1,3//4,descendant_1:1//1
592,project_2,L00,expansion,1,true,false,2//1,3//4,descendant_1:1//1
592,project_2,L01,expansion,1,true,true,2//1,3//4,descendant_1:1//1
592,project_2,L10,expansion,1,true,false,2//1,3//4,descendant_1:1//1
592,project_2,L11,expansion,1,true,true,2//1,3//4,descendant_1:1//1
593,project_1,L00,expansion,3,true,false,1//2,3//4,descendant_1:1//1
593,project_1,L01,expansion,3,true,true,1//2,3//4,descendant_1:1//1
593,project_1,L10,expansion,3,true,false,1//2,3//4,descendant_1:1//1
593,project_1,L11,expansion,3,true,true,1//2,3//4,descendant_1:1//1
593,project_2,L00,expansion,3,true,false,1//2,3//4,descendant_1:1//1
593,project_2,L01,expansion,3,true,true,1//2,3//4,descendant_1:1//1
593,project_2,L10,expansion,3,true,false,1//2,3//4,descendant_1:1//1
593,project_2,L11,expansion,3,true,true,1//2,3//4,descendant_1:1//1
594,project_1,L00,bridge,1,true,false,1//2,1//4,descendant_1:1//1
594,project_1,L01,bridge,1,true,true,1//2,1//4,descendant_1:1//1
594,project_1,L10,bridge,1,true,false,1//2,1//4,descendant_1:1//1
594,project_1,L11,bridge,1,true,true,1//2,1//4,descendant_1:1//1
594,project_2,L00,bridge,1,true,false,1//2,1//4,descendant_1:1//1
594,project_2,L01,bridge,1,true,true,1//2,1//4,descendant_1:1//1
594,project_2,L10,bridge,1,true,false,1//2,1//4,descendant_1:1//1
594,project_2,L11,bridge,1,true,true,1//2,1//4,descendant_1:1//1
595,project_1,L00,expansion,3,true,false,2//1,3//4,descendant_1:1//1
595,project_1,L01,expansion,3,true,true,2//1,3//4,descendant_1:1//1
595,project_1,L10,expansion,3,true,false,2//1,3//4,descendant_1:1//1
595,project_1,L11,expansion,3,true,true,2//1,3//4,descendant_1:1//1
595,project_2,L00,expansion,3,true,false,2//1,3//4,descendant_1:1//1
595,project_2,L01,expansion,3,true,true,2//1,3//4,descendant_1:1//1
595,project_2,L10,expansion,3,true,false,2//1,3//4,descendant_1:1//1
595,project_2,L11,expansion,3,true,true,2//1,3//4,descendant_1:1//1
596,project_1,L00,expansion,3,true,false,2//1,1//4,descendant_1:1//1
596,project_1,L01,expansion,3,true,true,2//1,1//4,descendant_1:1//1
596,project_1,L10,expansion,3,true,false,2//1,1//4,descendant_1:1//1
596,project_1,L11,expansion,3,true,true,2//1,1//4,descendant_1:1//1
596,project_2,L00,expansion,3,true,false,2//1,1//4,descendant_1:1//1
596,project_2,L01,expansion,3,true,true,2//1,1//4,descendant_1:1//1
596,project_2,L10,expansion,3,true,false,2//1,1//4,descendant_1:1//1
596,project_2,L11,expansion,3,true,true,2//1,1//4,descendant_1:1//1
597,project_1,L00,expansion,1,true,false,1//2,1//4,descendant_1:1//1
597,project_1,L01,expansion,1,true,true,1//2,1//4,descendant_1:1//1
597,project_1,L10,expansion,1,true,false,1//2,1//4,descendant_1:1//1
597,project_1,L11,expansion,1,true,true,1//2,1//4,descendant_1:1//1
597,project_2,L00,expansion,1,true,false,1//2,1//4,descendant_1:1//1
597,project_2,L01,expansion,1,true,true,1//2,1//4,descendant_1:1//1
597,project_2,L10,expansion,1,true,false,1//2,1//4,descendant_1:1//1
597,project_2,L11,expansion,1,true,true,1//2,1//4,descendant_1:1//1
598,project_1,L00,bridge,3,true,false,2//1,3//4,descendant_1:1//1
598,project_1,L01,bridge,3,true,true,2//1,3//4,descendant_1:1//1
598,project_1,L10,bridge,3,true,false,2//1,3//4,descendant_1:1//1
598,project_1,L11,bridge,3,true,true,2//1,3//4,descendant_1:1//1
598,project_2,L00,bridge,3,true,false,2//1,3//4,descendant_1:1//1
598,project_2,L01,bridge,3,true,true,2//1,3//4,descendant_1:1//1
598,project_2,L10,bridge,3,true,false,2//1,3//4,descendant_1:1//1
598,project_2,L11,bridge,3,true,true,2//1,3//4,descendant_1:1//1
599,project_1,L00,expansion,3,true,false,2//1,1//4,descendant_1:1//1
599,project_1,L01,expansion,3,true,true,2//1,1//4,descendant_1:1//1
599,project_1,L10,expansion,3,true,false,2//1,1//4,descendant_1:1//1
599,project_1,L11,expansion,3,true,true,2//1,1//4,descendant_1:1//1
599,project_2,L00,expansion,3,true,false,2//1,1//4,descendant_1:1//1
599,project_2,L01,expansion,3,true,true,2//1,1//4,descendant_1:1//1
599,project_2,L10,expansion,3,true,false,2//1,1//4,descendant_1:1//1
599,project_2,L11,expansion,3,true,true,2//1,1//4,descendant_1:1//1
600,project_1,L00,expansion,1,true,false,2//1,3//4,descendant_1:1//1
600,project_1,L01,expansion,1,true,true,2//1,3//4,descendant_1:1//1
600,project_1,L10,expansion,1,true,false,2//1,3//4,descendant_1:1//1
600,project_1,L11,expansion,1,true,true,2//1,3//4,descendant_1:1//1
600,project_2,L00,expansion,1,true,false,2//1,3//4,descendant_1:1//1
600,project_2,L01,expansion,1,true,true,2//1,3//4,descendant_1:1//1
600,project_2,L10,expansion,1,true,false,2//1,3//4,descendant_1:1//1
600,project_2,L11,expansion,1,true,true,2//1,3//4,descendant_1:1//1
601,project_1,L00,bridge,1,true,false,2//1,1//4,descendant_1:1//1
601,project_1,L01,bridge,1,true,true,2//1,1//4,descendant_1:1//1
601,project_1,L10,bridge,1,true,false,2//1,1//4,descendant_1:1//1
601,project_1,L11,bridge,1,true,true,2//1,1//4,descendant_1:1//1
601,project_2,L00,bridge,1,true,false,2//1,1//4,descendant_1:1//1
601,project_2,L01,bridge,1,true,true,2//1,1//4,descendant_1:1//1
601,project_2,L10,bridge,1,true,false,2//1,1//4,descendant_1:1//1
601,project_2,L11,bridge,1,true,true,2//1,1//4,descendant_1:1//1
602,project_1,L00,expansion,3,true,false,1//2,3//4,descendant_1:1//1
602,project_1,L01,expansion,3,true,true,1//2,3//4,descendant_1:1//1
602,project_1,L10,expansion,3,true,false,1//2,3//4,descendant_1:1//1
602,project_1,L11,expansion,3,true,true,1//2,3//4,descendant_1:1//1
602,project_2,L00,expansion,3,true,false,1//2,3//4,descendant_1:1//1
602,project_2,L01,expansion,3,true,true,1//2,3//4,descendant_1:1//1
602,project_2,L10,expansion,3,true,false,1//2,3//4,descendant_1:1//1
602,project_2,L11,expansion,3,true,true,1//2,3//4,descendant_1:1//1
603,project_1,L00,bridge,3,true,false,2//1,3//4,descendant_1:1//1
603,project_1,L01,bridge,3,true,true,2//1,3//4,descendant_1:1//1
603,project_1,L10,bridge,3,true,false,2//1,3//4,descendant_1:1//1
603,project_1,L11,bridge,3,true,true,2//1,3//4,descendant_1:1//1
603,project_2,L00,bridge,3,true,false,2//1,3//4,descendant_1:1//1
603,project_2,L01,bridge,3,true,true,2//1,3//4,descendant_1:1//1
603,project_2,L10,bridge,3,true,false,2//1,3//4,descendant_1:1//1
603,project_2,L11,bridge,3,true,true,2//1,3//4,descendant_1:1//1
604,project_1,L00,bridge,3,true,false,1//2,1//4,descendant_1:1//1
604,project_1,L01,bridge,3,true,true,1//2,1//4,descendant_1:1//1
604,project_1,L10,bridge,3,true,false,1//2,1//4,descendant_1:1//1
604,project_1,L11,bridge,3,true,true,1//2,1//4,descendant_1:1//1
604,project_2,L00,bridge,3,true,false,1//2,1//4,descendant_1:1//1
604,project_2,L01,bridge,3,true,true,1//2,1//4,descendant_1:1//1
604,project_2,L10,bridge,3,true,false,1//2,1//4,descendant_1:1//1
604,project_2,L11,bridge,3,true,true,1//2,1//4,descendant_1:1//1
605,project_1,L00,bridge,1,true,false,1//2,1//4,descendant_1:1//1
605,project_1,L01,bridge,1,true,true,1//2,1//4,descendant_1:1//1
605,project_1,L10,bridge,1,true,false,1//2,1//4,descendant_1:1//1
605,project_1,L11,bridge,1,true,true,1//2,1//4,descendant_1:1//1
605,project_2,L00,bridge,1,true,false,1//2,1//4,descendant_1:1//1
605,project_2,L01,bridge,1,true,true,1//2,1//4,descendant_1:1//1
605,project_2,L10,bridge,1,true,false,1//2,1//4,descendant_1:1//1
605,project_2,L11,bridge,1,true,true,1//2,1//4,descendant_1:1//1
606,project_1,L00,bridge,3,true,false,1//2,1//4,descendant_1:1//1
606,project_1,L01,bridge,3,true,true,1//2,1//4,descendant_1:1//1
606,project_1,L10,bridge,3,true,false,1//2,1//4,descendant_1:1//1
606,project_1,L11,bridge,3,true,true,1//2,1//4,descendant_1:1//1
606,project_2,L00,bridge,3,true,false,1//2,1//4,descendant_1:1//1
606,project_2,L01,bridge,3,true,true,1//2,1//4,descendant_1:1//1
606,project_2,L10,bridge,3,true,false,1//2,1//4,descendant_1:1//1
606,project_2,L11,bridge,3,true,true,1//2,1//4,descendant_1:1//1
607,project_1,L00,bridge,3,true,false,1//2,3//4,descendant_1:1//1
607,project_1,L01,bridge,3,true,true,1//2,3//4,descendant_1:1//1
607,project_1,L10,bridge,3,true,false,1//2,3//4,descendant_1:1//1
607,project_1,L11,bridge,3,true,true,1//2,3//4,descendant_1:1//1
607,project_2,L00,bridge,3,true,false,1//2,3//4,descendant_1:1//1
607,project_2,L01,bridge,3,true,true,1//2,3//4,descendant_1:1//1
607,project_2,L10,bridge,3,true,false,1//2,3//4,descendant_1:1//1
607,project_2,L11,bridge,3,true,true,1//2,3//4,descendant_1:1//1
608,project_1,L00,bridge,1,true,false,2//1,3//4,descendant_1:1//1
608,project_1,L01,bridge,1,true,true,2//1,3//4,descendant_1:1//1
608,project_1,L10,bridge,1,true,false,2//1,3//4,descendant_1:1//1
608,project_1,L11,bridge,1,true,true,2//1,3//4,descendant_1:1//1
608,project_2,L00,bridge,1,true,false,2//1,3//4,descendant_1:1//1
608,project_2,L01,bridge,1,true,true,2//1,3//4,descendant_1:1//1
608,project_2,L10,bridge,1,true,false,2//1,3//4,descendant_1:1//1
608,project_2,L11,bridge,1,true,true,2//1,3//4,descendant_1:1//1
609,project_1,L00,bridge,1,true,false,1//2,1//4,descendant_1:1//1
609,project_1,L01,bridge,1,true,true,1//2,1//4,descendant_1:1//1
609,project_1,L10,bridge,1,true,false,1//2,1//4,descendant_1:1//1
609,project_1,L11,bridge,1,true,true,1//2,1//4,descendant_1:1//1
609,project_2,L00,bridge,1,true,false,1//2,1//4,descendant_1:1//1
609,project_2,L01,bridge,1,true,true,1//2,1//4,descendant_1:1//1
609,project_2,L10,bridge,1,true,false,1//2,1//4,descendant_1:1//1
609,project_2,L11,bridge,1,true,true,1//2,1//4,descendant_1:1//1
610,project_1,L00,expansion,3,true,false,1//2,3//4,descendant_1:1//1
610,project_1,L01,expansion,3,true,true,1//2,3//4,descendant_1:1//1
610,project_1,L10,expansion,3,true,false,1//2,3//4,descendant_1:1//1
610,project_1,L11,expansion,3,true,true,1//2,3//4,descendant_1:1//1
610,project_2,L00,expansion,3,true,false,1//2,3//4,descendant_1:1//1
610,project_2,L01,expansion,3,true,true,1//2,3//4,descendant_1:1//1
610,project_2,L10,expansion,3,true,false,1//2,3//4,descendant_1:1//1
610,project_2,L11,expansion,3,true,true,1//2,3//4,descendant_1:1//1
611,project_1,L00,bridge,3,true,false,1//2,3//4,descendant_1:1//1
611,project_1,L01,bridge,3,true,true,1//2,3//4,descendant_1:1//1
611,project_1,L10,bridge,3,true,false,1//2,3//4,descendant_1:1//1
611,project_1,L11,bridge,3,true,true,1//2,3//4,descendant_1:1//1
611,project_2,L00,bridge,3,true,false,1//2,3//4,descendant_1:1//1
611,project_2,L01,bridge,3,true,true,1//2,3//4,descendant_1:1//1
611,project_2,L10,bridge,3,true,false,1//2,3//4,descendant_1:1//1
611,project_2,L11,bridge,3,true,true,1//2,3//4,descendant_1:1//1
612,project_1,L00,expansion,1,true,false,1//2,3//4,descendant_1:1//1
612,project_1,L01,expansion,1,true,true,1//2,3//4,descendant_1:1//1
612,project_1,L10,expansion,1,true,false,1//2,3//4,descendant_1:1//1
612,project_1,L11,expansion,1,true,true,1//2,3//4,descendant_1:1//1
612,project_2,L00,expansion,1,true,false,1//2,3//4,descendant_1:1//1
612,project_2,L01,expansion,1,true,true,1//2,3//4,descendant_1:1//1
612,project_2,L10,expansion,1,true,false,1//2,3//4,descendant_1:1//1
612,project_2,L11,expansion,1,true,true,1//2,3//4,descendant_1:1//1
613,project_1,L00,expansion,3,true,false,1//2,1//4,descendant_1:1//1
613,project_1,L01,expansion,3,true,true,1//2,1//4,descendant_1:1//1
613,project_1,L10,expansion,3,true,false,1//2,1//4,descendant_1:1//1
613,project_1,L11,expansion,3,true,true,1//2,1//4,descendant_1:1//1
613,project_2,L00,expansion,3,true,false,1//2,1//4,descendant_1:1//1
613,project_2,L01,expansion,3,true,true,1//2,1//4,descendant_1:1//1
613,project_2,L10,expansion,3,true,false,1//2,1//4,descendant_1:1//1
613,project_2,L11,expansion,3,true,true,1//2,1//4,descendant_1:1//1
614,project_1,L00,bridge,3,true,false,1//2,1//4,descendant_1:1//1
614,project_1,L01,bridge,3,true,true,1//2,1//4,descendant_1:1//1
614,project_1,L10,bridge,3,true,false,1//2,1//4,descendant_1:1//1
614,project_1,L11,bridge,3,true,true,1//2,1//4,descendant_1:1//1
614,project_2,L00,bridge,3,true,false,1//2,1//4,descendant_1:1//1
614,project_2,L01,bridge,3,true,true,1//2,1//4,descendant_1:1//1
614,project_2,L10,bridge,3,true,false,1//2,1//4,descendant_1:1//1
614,project_2,L11,bridge,3,true,true,1//2,1//4,descendant_1:1//1
615,project_1,L00,expansion,1,true,false,1//2,1//4,descendant_1:1//1
615,project_1,L01,expansion,1,true,true,1//2,1//4,descendant_1:1//1
615,project_1,L10,expansion,1,true,false,1//2,1//4,descendant_1:1//1
615,project_1,L11,expansion,1,true,true,1//2,1//4,descendant_1:1//1
615,project_2,L00,expansion,1,true,false,1//2,1//4,descendant_1:1//1
615,project_2,L01,expansion,1,true,true,1//2,1//4,descendant_1:1//1
615,project_2,L10,expansion,1,true,false,1//2,1//4,descendant_1:1//1
615,project_2,L11,expansion,1,true,true,1//2,1//4,descendant_1:1//1
616,project_1,L00,expansion,3,true,false,2//1,3//4,descendant_1:1//1
616,project_1,L01,expansion,3,true,true,2//1,3//4,descendant_1:1//1
616,project_1,L10,expansion,3,true,false,2//1,3//4,descendant_1:1//1
616,project_1,L11,expansion,3,true,true,2//1,3//4,descendant_1:1//1
616,project_2,L00,expansion,3,true,false,2//1,3//4,descendant_1:1//1
616,project_2,L01,expansion,3,true,true,2//1,3//4,descendant_1:1//1
616,project_2,L10,expansion,3,true,false,2//1,3//4,descendant_1:1//1
616,project_2,L11,expansion,3,true,true,2//1,3//4,descendant_1:1//1
617,project_1,L00,bridge,1,true,false,2//1,1//4,descendant_1:1//1
617,project_1,L01,bridge,1,true,true,2//1,1//4,descendant_1:1//1
617,project_1,L10,bridge,1,true,false,2//1,1//4,descendant_1:1//1
617,project_1,L11,bridge,1,true,true,2//1,1//4,descendant_1:1//1
617,project_2,L00,bridge,1,true,false,2//1,1//4,descendant_1:1//1
617,project_2,L01,bridge,1,true,true,2//1,1//4,descendant_1:1//1
617,project_2,L10,bridge,1,true,false,2//1,1//4,descendant_1:1//1
617,project_2,L11,bridge,1,true,true,2//1,1//4,descendant_1:1//1
618,project_1,L00,bridge,1,true,false,2//1,1//4,descendant_1:1//1
618,project_1,L01,bridge,1,true,true,2//1,1//4,descendant_1:1//1
618,project_1,L10,bridge,1,true,false,2//1,1//4,descendant_1:1//1
618,project_1,L11,bridge,1,true,true,2//1,1//4,descendant_1:1//1
618,project_2,L00,bridge,1,true,false,2//1,1//4,descendant_1:1//1
618,project_2,L01,bridge,1,true,true,2//1,1//4,descendant_1:1//1
618,project_2,L10,bridge,1,true,false,2//1,1//4,descendant_1:1//1
618,project_2,L11,bridge,1,true,true,2//1,1//4,descendant_1:1//1
619,project_1,L00,bridge,3,true,false,2//1,1//4,descendant_1:1//1
619,project_1,L01,bridge,3,true,true,2//1,1//4,descendant_1:1//1
619,project_1,L10,bridge,3,true,false,2//1,1//4,descendant_1:1//1
619,project_1,L11,bridge,3,true,true,2//1,1//4,descendant_1:1//1
619,project_2,L00,bridge,3,true,false,2//1,1//4,descendant_1:1//1
619,project_2,L01,bridge,3,true,true,2//1,1//4,descendant_1:1//1
619,project_2,L10,bridge,3,true,false,2//1,1//4,descendant_1:1//1
619,project_2,L11,bridge,3,true,true,2//1,1//4,descendant_1:1//1
620,project_1,L00,bridge,3,true,false,2//1,3//4,descendant_1:1//1
620,project_1,L01,bridge,3,true,true,2//1,3//4,descendant_1:1//1
620,project_1,L10,bridge,3,true,false,2//1,3//4,descendant_1:1//1
620,project_1,L11,bridge,3,true,true,2//1,3//4,descendant_1:1//1
620,project_2,L00,bridge,3,true,false,2//1,3//4,descendant_1:1//1
620,project_2,L01,bridge,3,true,true,2//1,3//4,descendant_1:1//1
620,project_2,L10,bridge,3,true,false,2//1,3//4,descendant_1:1//1
620,project_2,L11,bridge,3,true,true,2//1,3//4,descendant_1:1//1
621,project_1,L00,bridge,1,true,false,1//2,3//4,descendant_1:1//1
621,project_1,L01,bridge,1,true,true,1//2,3//4,descendant_1:1//1
621,project_1,L10,bridge,1,true,false,1//2,3//4,descendant_1:1//1
621,project_1,L11,bridge,1,true,true,1//2,3//4,descendant_1:1//1
621,project_2,L00,bridge,1,true,false,1//2,3//4,descendant_1:1//1
621,project_2,L01,bridge,1,true,true,1//2,3//4,descendant_1:1//1
621,project_2,L10,bridge,1,true,false,1//2,3//4,descendant_1:1//1
621,project_2,L11,bridge,1,true,true,1//2,3//4,descendant_1:1//1
622,project_1,L00,bridge,1,true,false,2//1,1//4,descendant_1:1//1
622,project_1,L01,bridge,1,true,true,2//1,1//4,descendant_1:1//1
622,project_1,L10,bridge,1,true,false,2//1,1//4,descendant_1:1//1
622,project_1,L11,bridge,1,true,true,2//1,1//4,descendant_1:1//1
622,project_2,L00,bridge,1,true,false,2//1,1//4,descendant_1:1//1
622,project_2,L01,bridge,1,true,true,2//1,1//4,descendant_1:1//1
622,project_2,L10,bridge,1,true,false,2//1,1//4,descendant_1:1//1
622,project_2,L11,bridge,1,true,true,2//1,1//4,descendant_1:1//1
623,project_1,L00,bridge,1,true,false,2//1,3//4,descendant_1:1//1
623,project_1,L01,bridge,1,true,true,2//1,3//4,descendant_1:1//1
623,project_1,L10,bridge,1,true,false,2//1,3//4,descendant_1:1//1
623,project_1,L11,bridge,1,true,true,2//1,3//4,descendant_1:1//1
623,project_2,L00,bridge,1,true,false,2//1,3//4,descendant_1:1//1
623,project_2,L01,bridge,1,true,true,2//1,3//4,descendant_1:1//1
623,project_2,L10,bridge,1,true,false,2//1,3//4,descendant_1:1//1
623,project_2,L11,bridge,1,true,true,2//1,3//4,descendant_1:1//1
624,project_1,L00,expansion,1,true,false,1//2,1//4,descendant_1:1//1
624,project_1,L01,expansion,1,true,true,1//2,1//4,descendant_1:1//1
624,project_1,L10,expansion,1,true,false,1//2,1//4,descendant_1:1//1
624,project_1,L11,expansion,1,true,true,1//2,1//4,descendant_1:1//1
624,project_2,L00,expansion,1,true,false,1//2,1//4,descendant_1:1//1
624,project_2,L01,expansion,1,true,true,1//2,1//4,descendant_1:1//1
624,project_2,L10,expansion,1,true,false,1//2,1//4,descendant_1:1//1
624,project_2,L11,expansion,1,true,true,1//2,1//4,descendant_1:1//1
625,project_1,L00,bridge,3,true,false,2//1,3//4,descendant_1:1//1
625,project_1,L01,bridge,3,true,true,2//1,3//4,descendant_1:1//1
625,project_1,L10,bridge,3,true,false,2//1,3//4,descendant_1:1//1
625,project_1,L11,bridge,3,true,true,2//1,3//4,descendant_1:1//1
625,project_2,L00,bridge,3,true,false,2//1,3//4,descendant_1:1//1
625,project_2,L01,bridge,3,true,true,2//1,3//4,descendant_1:1//1
625,project_2,L10,bridge,3,true,false,2//1,3//4,descendant_1:1//1
625,project_2,L11,bridge,3,true,true,2//1,3//4,descendant_1:1//1
626,project_1,L00,expansion,1,true,false,2//1,3//4,descendant_1:1//1
626,project_1,L01,expansion,1,true,true,2//1,3//4,descendant_1:1//1
626,project_1,L10,expansion,1,true,false,2//1,3//4,descendant_1:1//1
626,project_1,L11,expansion,1,true,true,2//1,3//4,descendant_1:1//1
626,project_2,L00,expansion,1,true,false,2//1,3//4,descendant_1:1//1
626,project_2,L01,expansion,1,true,true,2//1,3//4,descendant_1:1//1
626,project_2,L10,expansion,1,true,false,2//1,3//4,descendant_1:1//1
626,project_2,L11,expansion,1,true,true,2//1,3//4,descendant_1:1//1
627,project_1,L00,expansion,1,true,false,2//1,1//4,descendant_1:1//1
627,project_1,L01,expansion,1,true,true,2//1,1//4,descendant_1:1//1
627,project_1,L10,expansion,1,true,false,2//1,1//4,descendant_1:1//1
627,project_1,L11,expansion,1,true,true,2//1,1//4,descendant_1:1//1
627,project_2,L00,expansion,1,true,false,2//1,1//4,descendant_1:1//1
627,project_2,L01,expansion,1,true,true,2//1,1//4,descendant_1:1//1
627,project_2,L10,expansion,1,true,false,2//1,1//4,descendant_1:1//1
627,project_2,L11,expansion,1,true,true,2//1,1//4,descendant_1:1//1
628,project_1,L00,bridge,1,true,false,1//2,1//4,descendant_1:1//1
628,project_1,L01,bridge,1,true,true,1//2,1//4,descendant_1:1//1
628,project_1,L10,bridge,1,true,false,1//2,1//4,descendant_1:1//1
628,project_1,L11,bridge,1,true,true,1//2,1//4,descendant_1:1//1
628,project_2,L00,bridge,1,true,false,1//2,1//4,descendant_1:1//1
628,project_2,L01,bridge,1,true,true,1//2,1//4,descendant_1:1//1
628,project_2,L10,bridge,1,true,false,1//2,1//4,descendant_1:1//1
628,project_2,L11,bridge,1,true,true,1//2,1//4,descendant_1:1//1
629,project_1,L00,bridge,3,true,false,2//1,1//4,descendant_1:1//1
629,project_1,L01,bridge,3,true,true,2//1,1//4,descendant_1:1//1
629,project_1,L10,bridge,3,true,false,2//1,1//4,descendant_1:1//1
629,project_1,L11,bridge,3,true,true,2//1,1//4,descendant_1:1//1
629,project_2,L00,bridge,3,true,false,2//1,1//4,descendant_1:1//1
629,project_2,L01,bridge,3,true,true,2//1,1//4,descendant_1:1//1
629,project_2,L10,bridge,3,true,false,2//1,1//4,descendant_1:1//1
629,project_2,L11,bridge,3,true,true,2//1,1//4,descendant_1:1//1
630,project_1,L00,expansion,1,true,false,1//2,3//4,descendant_1:1//1
630,project_1,L01,expansion,1,true,true,1//2,3//4,descendant_1:1//1
630,project_1,L10,expansion,1,true,false,1//2,3//4,descendant_1:1//1
630,project_1,L11,expansion,1,true,true,1//2,3//4,descendant_1:1//1
630,project_2,L00,expansion,1,true,false,1//2,3//4,descendant_1:1//1
630,project_2,L01,expansion,1,true,true,1//2,3//4,descendant_1:1//1
630,project_2,L10,expansion,1,true,false,1//2,3//4,descendant_1:1//1
630,project_2,L11,expansion,1,true,true,1//2,3//4,descendant_1:1//1
631,project_1,L00,bridge,3,true,false,2//1,1//4,descendant_1:1//1
631,project_1,L01,bridge,3,true,true,2//1,1//4,descendant_1:1//1
631,project_1,L10,bridge,3,true,false,2//1,1//4,descendant_1:1//1
631,project_1,L11,bridge,3,true,true,2//1,1//4,descendant_1:1//1
631,project_2,L00,bridge,3,true,false,2//1,1//4,descendant_1:1//1
631,project_2,L01,bridge,3,true,true,2//1,1//4,descendant_1:1//1
631,project_2,L10,bridge,3,true,false,2//1,1//4,descendant_1:1//1
631,project_2,L11,bridge,3,true,true,2//1,1//4,descendant_1:1//1
632,project_1,L00,bridge,1,true,false,1//2,3//4,descendant_1:1//1
632,project_1,L01,bridge,1,true,true,1//2,3//4,descendant_1:1//1
632,project_1,L10,bridge,1,true,false,1//2,3//4,descendant_1:1//1
632,project_1,L11,bridge,1,true,true,1//2,3//4,descendant_1:1//1
632,project_2,L00,bridge,1,true,false,1//2,3//4,descendant_1:1//1
632,project_2,L01,bridge,1,true,true,1//2,3//4,descendant_1:1//1
632,project_2,L10,bridge,1,true,false,1//2,3//4,descendant_1:1//1
632,project_2,L11,bridge,1,true,true,1//2,3//4,descendant_1:1//1
633,project_1,L00,expansion,1,true,false,2//1,3//4,descendant_1:1//1
633,project_1,L01,expansion,1,true,true,2//1,3//4,descendant_1:1//1
633,project_1,L10,expansion,1,true,false,2//1,3//4,descendant_1:1//1
633,project_1,L11,expansion,1,true,true,2//1,3//4,descendant_1:1//1
633,project_2,L00,expansion,1,true,false,2//1,3//4,descendant_1:1//1
633,project_2,L01,expansion,1,true,true,2//1,3//4,descendant_1:1//1
633,project_2,L10,expansion,1,true,false,2//1,3//4,descendant_1:1//1
633,project_2,L11,expansion,1,true,true,2//1,3//4,descendant_1:1//1
634,project_1,L00,bridge,3,true,false,1//2,1//4,descendant_1:1//1
634,project_1,L01,bridge,3,true,true,1//2,1//4,descendant_1:1//1
634,project_1,L10,bridge,3,true,false,1//2,1//4,descendant_1:1//1
634,project_1,L11,bridge,3,true,true,1//2,1//4,descendant_1:1//1
634,project_2,L00,bridge,3,true,false,1//2,1//4,descendant_1:1//1
634,project_2,L01,bridge,3,true,true,1//2,1//4,descendant_1:1//1
634,project_2,L10,bridge,3,true,false,1//2,1//4,descendant_1:1//1
634,project_2,L11,bridge,3,true,true,1//2,1//4,descendant_1:1//1
635,project_1,L00,expansion,3,true,false,2//1,3//4,descendant_1:1//1
635,project_1,L01,expansion,3,true,true,2//1,3//4,descendant_1:1//1
635,project_1,L10,expansion,3,true,false,2//1,3//4,descendant_1:1//1
635,project_1,L11,expansion,3,true,true,2//1,3//4,descendant_1:1//1
635,project_2,L00,expansion,3,true,false,2//1,3//4,descendant_1:1//1
635,project_2,L01,expansion,3,true,true,2//1,3//4,descendant_1:1//1
635,project_2,L10,expansion,3,true,false,2//1,3//4,descendant_1:1//1
635,project_2,L11,expansion,3,true,true,2//1,3//4,descendant_1:1//1
636,project_1,L00,bridge,3,true,false,2//1,3//4,descendant_1:1//1
636,project_1,L01,bridge,3,true,true,2//1,3//4,descendant_1:1//1
636,project_1,L10,bridge,3,true,false,2//1,3//4,descendant_1:1//1
636,project_1,L11,bridge,3,true,true,2//1,3//4,descendant_1:1//1
636,project_2,L00,bridge,3,true,false,2//1,3//4,descendant_1:1//1
636,project_2,L01,bridge,3,true,true,2//1,3//4,descendant_1:1//1
636,project_2,L10,bridge,3,true,false,2//1,3//4,descendant_1:1//1
636,project_2,L11,bridge,3,true,true,2//1,3//4,descendant_1:1//1
637,project_1,L00,expansion,3,true,false,2//1,3//4,descendant_1:1//1
637,project_1,L01,expansion,3,true,true,2//1,3//4,descendant_1:1//1
637,project_1,L10,expansion,3,true,false,2//1,3//4,descendant_1:1//1
637,project_1,L11,expansion,3,true,true,2//1,3//4,descendant_1:1//1
637,project_2,L00,expansion,3,true,false,2//1,3//4,descendant_1:1//1
637,project_2,L01,expansion,3,true,true,2//1,3//4,descendant_1:1//1
637,project_2,L10,expansion,3,true,false,2//1,3//4,descendant_1:1//1
637,project_2,L11,expansion,3,true,true,2//1,3//4,descendant_1:1//1
638,project_1,L00,bridge,1,true,false,2//1,3//4,descendant_1:1//1
638,project_1,L01,bridge,1,true,true,2//1,3//4,descendant_1:1//1
638,project_1,L10,bridge,1,true,false,2//1,3//4,descendant_1:1//1
638,project_1,L11,bridge,1,true,true,2//1,3//4,descendant_1:1//1
638,project_2,L00,bridge,1,true,false,2//1,3//4,descendant_1:1//1
638,project_2,L01,bridge,1,true,true,2//1,3//4,descendant_1:1//1
638,project_2,L10,bridge,1,true,false,2//1,3//4,descendant_1:1//1
638,project_2,L11,bridge,1,true,true,2//1,3//4,descendant_1:1//1
639,project_1,L00,expansion,1,true,false,2//1,3//4,descendant_1:1//1
639,project_1,L01,expansion,1,true,true,2//1,3//4,descendant_1:1//1
639,project_1,L10,expansion,1,true,false,2//1,3//4,descendant_1:1//1
639,project_1,L11,expansion,1,true,true,2//1,3//4,descendant_1:1//1
639,project_2,L00,expansion,1,true,false,2//1,3//4,descendant_1:1//1
639,project_2,L01,expansion,1,true,true,2//1,3//4,descendant_1:1//1
639,project_2,L10,expansion,1,true,false,2//1,3//4,descendant_1:1//1
639,project_2,L11,expansion,1,true,true,2//1,3//4,descendant_1:1//1
640,project_1,L00,expansion,1,true,false,2//1,1//4,descendant_1:1//1
640,project_1,L01,expansion,1,true,true,2//1,1//4,descendant_1:1//1
640,project_1,L10,expansion,1,true,false,2//1,1//4,descendant_1:1//1
640,project_1,L11,expansion,1,true,true,2//1,1//4,descendant_1:1//1
640,project_2,L00,expansion,1,true,false,2//1,1//4,descendant_1:1//1
640,project_2,L01,expansion,1,true,true,2//1,1//4,descendant_1:1//1
640,project_2,L10,expansion,1,true,false,2//1,1//4,descendant_1:1//1
640,project_2,L11,expansion,1,true,true,2//1,1//4,descendant_1:1//1
641,project_1,L00,expansion,1,true,false,1//2,3//4,descendant_1:1//1
641,project_1,L01,expansion,1,true,true,1//2,3//4,descendant_1:1//1
641,project_1,L10,expansion,1,true,false,1//2,3//4,descendant_2:1//1
641,project_1,L11,expansion,1,true,true,1//2,3//4,descendant_2:1//1
641,project_2,L00,expansion,1,true,false,1//2,3//4,descendant_1:1//1
641,project_2,L01,expansion,1,true,true,1//2,3//4,descendant_1:1//1
641,project_2,L10,expansion,1,true,false,1//2,3//4,descendant_2:1//1
641,project_2,L11,expansion,1,true,true,1//2,3//4,descendant_2:1//1
642,project_1,L00,expansion,3,true,false,1//2,1//4,descendant_1:1//1
642,project_1,L01,expansion,3,true,true,1//2,1//4,descendant_1:1//1
642,project_1,L10,expansion,3,true,false,1//2,1//4,descendant_2:1//1
642,project_1,L11,expansion,3,true,true,1//2,1//4,descendant_2:1//1
642,project_2,L00,expansion,3,true,false,1//2,1//4,descendant_1:1//1
642,project_2,L01,expansion,3,true,true,1//2,1//4,descendant_1:1//1
642,project_2,L10,expansion,3,true,false,1//2,1//4,descendant_2:1//1
642,project_2,L11,expansion,3,true,true,1//2,1//4,descendant_2:1//1
643,project_1,L00,bridge,3,true,false,2//1,3//4,descendant_1:1//1
643,project_1,L01,bridge,3,true,true,2//1,3//4,descendant_1:1//1
643,project_1,L10,bridge,3,true,false,2//1,3//4,descendant_2:1//1
643,project_1,L11,bridge,3,true,true,2//1,3//4,descendant_2:1//1
643,project_2,L00,bridge,3,true,false,2//1,3//4,descendant_1:1//1
643,project_2,L01,bridge,3,true,true,2//1,3//4,descendant_1:1//1
643,project_2,L10,bridge,3,true,false,2//1,3//4,descendant_2:1//1
643,project_2,L11,bridge,3,true,true,2//1,3//4,descendant_2:1//1
644,project_1,L00,expansion,1,true,false,2//1,3//4,descendant_1:1//1
644,project_1,L01,expansion,1,true,true,2//1,3//4,descendant_1:1//1
644,project_1,L10,expansion,1,true,false,2//1,3//4,descendant_2:1//1
644,project_1,L11,expansion,1,true,true,2//1,3//4,descendant_2:1//1
644,project_2,L00,expansion,1,true,false,2//1,3//4,descendant_1:1//1
644,project_2,L01,expansion,1,true,true,2//1,3//4,descendant_1:1//1
644,project_2,L10,expansion,1,true,false,2//1,3//4,descendant_2:1//1
644,project_2,L11,expansion,1,true,true,2//1,3//4,descendant_2:1//1
645,project_1,L00,bridge,3,true,false,1//2,1//4,descendant_1:1//1
645,project_1,L01,bridge,3,true,true,1//2,1//4,descendant_1:1//1
645,project_1,L10,bridge,3,true,false,1//2,1//4,descendant_2:1//1
645,project_1,L11,bridge,3,true,true,1//2,1//4,descendant_2:1//1
645,project_2,L00,bridge,3,true,false,1//2,1//4,descendant_1:1//1
645,project_2,L01,bridge,3,true,true,1//2,1//4,descendant_1:1//1
645,project_2,L10,bridge,3,true,false,1//2,1//4,descendant_2:1//1
645,project_2,L11,bridge,3,true,true,1//2,1//4,descendant_2:1//1
646,project_1,L00,bridge,3,true,false,2//1,3//4,descendant_1:1//1
646,project_1,L01,bridge,3,true,true,2//1,3//4,descendant_1:1//1
646,project_1,L10,bridge,3,true,false,2//1,3//4,descendant_2:1//1
646,project_1,L11,bridge,3,true,true,2//1,3//4,descendant_2:1//1
646,project_2,L00,bridge,3,true,false,2//1,3//4,descendant_1:1//1
646,project_2,L01,bridge,3,true,true,2//1,3//4,descendant_1:1//1
646,project_2,L10,bridge,3,true,false,2//1,3//4,descendant_2:1//1
646,project_2,L11,bridge,3,true,true,2//1,3//4,descendant_2:1//1
647,project_1,L00,expansion,1,true,false,2//1,3//4,descendant_1:1//1
647,project_1,L01,expansion,1,true,true,2//1,3//4,descendant_1:1//1
647,project_1,L10,expansion,1,true,false,2//1,3//4,descendant_2:1//1
647,project_1,L11,expansion,1,true,true,2//1,3//4,descendant_2:1//1
647,project_2,L00,expansion,1,true,false,2//1,3//4,descendant_1:1//1
647,project_2,L01,expansion,1,true,true,2//1,3//4,descendant_1:1//1
647,project_2,L10,expansion,1,true,false,2//1,3//4,descendant_2:1//1
647,project_2,L11,expansion,1,true,true,2//1,3//4,descendant_2:1//1
648,project_1,L00,bridge,1,true,false,2//1,3//4,descendant_1:1//1
648,project_1,L01,bridge,1,true,true,2//1,3//4,descendant_1:1//1
648,project_1,L10,bridge,1,true,false,2//1,3//4,descendant_2:1//1
648,project_1,L11,bridge,1,true,true,2//1,3//4,descendant_2:1//1
648,project_2,L00,bridge,1,true,false,2//1,3//4,descendant_1:1//1
648,project_2,L01,bridge,1,true,true,2//1,3//4,descendant_1:1//1
648,project_2,L10,bridge,1,true,false,2//1,3//4,descendant_2:1//1
648,project_2,L11,bridge,1,true,true,2//1,3//4,descendant_2:1//1
649,project_1,L00,expansion,1,true,false,1//2,1//4,descendant_1:1//1
649,project_1,L01,expansion,1,true,true,1//2,1//4,descendant_1:1//1
649,project_1,L10,expansion,1,true,false,1//2,1//4,descendant_2:1//1
649,project_1,L11,expansion,1,true,true,1//2,1//4,descendant_2:1//1
649,project_2,L00,expansion,1,true,false,1//2,1//4,descendant_1:1//1
649,project_2,L01,expansion,1,true,true,1//2,1//4,descendant_1:1//1
649,project_2,L10,expansion,1,true,false,1//2,1//4,descendant_2:1//1
649,project_2,L11,expansion,1,true,true,1//2,1//4,descendant_2:1//1
650,project_1,L00,expansion,1,true,false,2//1,1//4,descendant_1:1//1
650,project_1,L01,expansion,1,true,true,2//1,1//4,descendant_1:1//1
650,project_1,L10,expansion,1,true,false,2//1,1//4,descendant_2:1//1
650,project_1,L11,expansion,1,true,true,2//1,1//4,descendant_2:1//1
650,project_2,L00,expansion,1,true,false,2//1,1//4,descendant_1:1//1
650,project_2,L01,expansion,1,true,true,2//1,1//4,descendant_1:1//1
650,project_2,L10,expansion,1,true,false,2//1,1//4,descendant_2:1//1
650,project_2,L11,expansion,1,true,true,2//1,1//4,descendant_2:1//1
651,project_1,L00,bridge,3,true,false,2//1,1//4,descendant_1:1//1
651,project_1,L01,bridge,3,true,true,2//1,1//4,descendant_1:1//1
651,project_1,L10,bridge,3,true,false,2//1,1//4,descendant_2:1//1
651,project_1,L11,bridge,3,true,true,2//1,1//4,descendant_2:1//1
651,project_2,L00,bridge,3,true,false,2//1,1//4,descendant_1:1//1
651,project_2,L01,bridge,3,true,true,2//1,1//4,descendant_1:1//1
651,project_2,L10,bridge,3,true,false,2//1,1//4,descendant_2:1//1
651,project_2,L11,bridge,3,true,true,2//1,1//4,descendant_2:1//1
652,project_1,L00,expansion,1,true,false,2//1,1//4,descendant_1:1//1
652,project_1,L01,expansion,1,true,true,2//1,1//4,descendant_1:1//1
652,project_1,L10,expansion,1,true,false,2//1,1//4,descendant_2:1//1
652,project_1,L11,expansion,1,true,true,2//1,1//4,descendant_2:1//1
652,project_2,L00,expansion,1,true,false,2//1,1//4,descendant_1:1//1
652,project_2,L01,expansion,1,true,true,2//1,1//4,descendant_1:1//1
652,project_2,L10,expansion,1,true,false,2//1,1//4,descendant_2:1//1
652,project_2,L11,expansion,1,true,true,2//1,1//4,descendant_2:1//1
653,project_1,L00,bridge,3,true,false,2//1,1//4,descendant_1:1//1
653,project_1,L01,bridge,3,true,true,2//1,1//4,descendant_1:1//1
653,project_1,L10,bridge,3,true,false,2//1,1//4,descendant_2:1//1
653,project_1,L11,bridge,3,true,true,2//1,1//4,descendant_2:1//1
653,project_2,L00,bridge,3,true,false,2//1,1//4,descendant_1:1//1
653,project_2,L01,bridge,3,true,true,2//1,1//4,descendant_1:1//1
653,project_2,L10,bridge,3,true,false,2//1,1//4,descendant_2:1//1
653,project_2,L11,bridge,3,true,true,2//1,1//4,descendant_2:1//1
654,project_1,L00,bridge,3,true,false,2//1,1//4,descendant_1:1//1
654,project_1,L01,bridge,3,true,true,2//1,1//4,descendant_1:1//1
654,project_1,L10,bridge,3,true,false,2//1,1//4,descendant_2:1//1
654,project_1,L11,bridge,3,true,true,2//1,1//4,descendant_2:1//1
654,project_2,L00,bridge,3,true,false,2//1,1//4,descendant_1:1//1
654,project_2,L01,bridge,3,true,true,2//1,1//4,descendant_1:1//1
654,project_2,L10,bridge,3,true,false,2//1,1//4,descendant_2:1//1
654,project_2,L11,bridge,3,true,true,2//1,1//4,descendant_2:1//1
655,project_1,L00,expansion,1,true,false,1//2,3//4,descendant_1:1//1
655,project_1,L01,expansion,1,true,true,1//2,3//4,descendant_1:1//1
655,project_1,L10,expansion,1,true,false,1//2,3//4,descendant_2:1//1
655,project_1,L11,expansion,1,true,true,1//2,3//4,descendant_2:1//1
655,project_2,L00,expansion,1,true,false,1//2,3//4,descendant_1:1//1
655,project_2,L01,expansion,1,true,true,1//2,3//4,descendant_1:1//1
655,project_2,L10,expansion,1,true,false,1//2,3//4,descendant_2:1//1
655,project_2,L11,expansion,1,true,true,1//2,3//4,descendant_2:1//1
656,project_1,L00,expansion,3,true,false,1//2,1//4,descendant_1:1//1
656,project_1,L01,expansion,3,true,true,1//2,1//4,descendant_1:1//1
656,project_1,L10,expansion,3,true,false,1//2,1//4,descendant_2:1//1
656,project_1,L11,expansion,3,true,true,1//2,1//4,descendant_2:1//1
656,project_2,L00,expansion,3,true,false,1//2,1//4,descendant_1:1//1
656,project_2,L01,expansion,3,true,true,1//2,1//4,descendant_1:1//1
656,project_2,L10,expansion,3,true,false,1//2,1//4,descendant_2:1//1
656,project_2,L11,expansion,3,true,true,1//2,1//4,descendant_2:1//1
657,project_1,L00,bridge,1,true,false,2//1,1//4,descendant_1:1//1
657,project_1,L01,bridge,1,true,true,2//1,1//4,descendant_1:1//1
657,project_1,L10,bridge,1,true,false,2//1,1//4,descendant_2:1//1
657,project_1,L11,bridge,1,true,true,2//1,1//4,descendant_2:1//1
657,project_2,L00,bridge,1,true,false,2//1,1//4,descendant_1:1//1
657,project_2,L01,bridge,1,true,true,2//1,1//4,descendant_1:1//1
657,project_2,L10,bridge,1,true,false,2//1,1//4,descendant_2:1//1
657,project_2,L11,bridge,1,true,true,2//1,1//4,descendant_2:1//1
658,project_1,L00,bridge,1,true,false,1//2,3//4,descendant_1:1//1
658,project_1,L01,bridge,1,true,true,1//2,3//4,descendant_1:1//1
658,project_1,L10,bridge,1,true,false,1//2,3//4,descendant_2:1//1
658,project_1,L11,bridge,1,true,true,1//2,3//4,descendant_2:1//1
658,project_2,L00,bridge,1,true,false,1//2,3//4,descendant_1:1//1
658,project_2,L01,bridge,1,true,true,1//2,3//4,descendant_1:1//1
658,project_2,L10,bridge,1,true,false,1//2,3//4,descendant_2:1//1
658,project_2,L11,bridge,1,true,true,1//2,3//4,descendant_2:1//1
659,project_1,L00,expansion,3,true,false,2//1,1//4,descendant_1:1//1
659,project_1,L01,expansion,3,true,true,2//1,1//4,descendant_1:1//1
659,project_1,L10,expansion,3,true,false,2//1,1//4,descendant_2:1//1
659,project_1,L11,expansion,3,true,true,2//1,1//4,descendant_2:1//1
659,project_2,L00,expansion,3,true,false,2//1,1//4,descendant_1:1//1
659,project_2,L01,expansion,3,true,true,2//1,1//4,descendant_1:1//1
659,project_2,L10,expansion,3,true,false,2//1,1//4,descendant_2:1//1
659,project_2,L11,expansion,3,true,true,2//1,1//4,descendant_2:1//1
660,project_1,L00,bridge,1,true,false,1//2,1//4,descendant_1:1//1
660,project_1,L01,bridge,1,true,true,1//2,1//4,descendant_1:1//1
660,project_1,L10,bridge,1,true,false,1//2,1//4,descendant_2:1//1
660,project_1,L11,bridge,1,true,true,1//2,1//4,descendant_2:1//1
660,project_2,L00,bridge,1,true,false,1//2,1//4,descendant_1:1//1
660,project_2,L01,bridge,1,true,true,1//2,1//4,descendant_1:1//1
660,project_2,L10,bridge,1,true,false,1//2,1//4,descendant_2:1//1
660,project_2,L11,bridge,1,true,true,1//2,1//4,descendant_2:1//1
661,project_1,L00,expansion,3,true,false,2//1,3//4,descendant_1:1//1
661,project_1,L01,expansion,3,true,true,2//1,3//4,descendant_1:1//1
661,project_1,L10,expansion,3,true,false,2//1,3//4,descendant_2:1//1
661,project_1,L11,expansion,3,true,true,2//1,3//4,descendant_2:1//1
661,project_2,L00,expansion,3,true,false,2//1,3//4,descendant_1:1//1
661,project_2,L01,expansion,3,true,true,2//1,3//4,descendant_1:1//1
661,project_2,L10,expansion,3,true,false,2//1,3//4,descendant_2:1//1
661,project_2,L11,expansion,3,true,true,2//1,3//4,descendant_2:1//1
662,project_1,L00,bridge,3,true,false,2//1,3//4,descendant_1:1//1
662,project_1,L01,bridge,3,true,true,2//1,3//4,descendant_1:1//1
662,project_1,L10,bridge,3,true,false,2//1,3//4,descendant_2:1//1
662,project_1,L11,bridge,3,true,true,2//1,3//4,descendant_2:1//1
662,project_2,L00,bridge,3,true,false,2//1,3//4,descendant_1:1//1
662,project_2,L01,bridge,3,true,true,2//1,3//4,descendant_1:1//1
662,project_2,L10,bridge,3,true,false,2//1,3//4,descendant_2:1//1
662,project_2,L11,bridge,3,true,true,2//1,3//4,descendant_2:1//1
663,project_1,L00,expansion,1,true,false,2//1,3//4,descendant_1:1//1
663,project_1,L01,expansion,1,true,true,2//1,3//4,descendant_1:1//1
663,project_1,L10,expansion,1,true,false,2//1,3//4,descendant_2:1//1
663,project_1,L11,expansion,1,true,true,2//1,3//4,descendant_2:1//1
663,project_2,L00,expansion,1,true,false,2//1,3//4,descendant_1:1//1
663,project_2,L01,expansion,1,true,true,2//1,3//4,descendant_1:1//1
663,project_2,L10,expansion,1,true,false,2//1,3//4,descendant_2:1//1
663,project_2,L11,expansion,1,true,true,2//1,3//4,descendant_2:1//1
664,project_1,L00,expansion,3,true,false,2//1,1//4,descendant_1:1//1
664,project_1,L01,expansion,3,true,true,2//1,1//4,descendant_1:1//1
664,project_1,L10,expansion,3,true,false,2//1,1//4,descendant_2:1//1
664,project_1,L11,expansion,3,true,true,2//1,1//4,descendant_2:1//1
664,project_2,L00,expansion,3,true,false,2//1,1//4,descendant_1:1//1
664,project_2,L01,expansion,3,true,true,2//1,1//4,descendant_1:1//1
664,project_2,L10,expansion,3,true,false,2//1,1//4,descendant_2:1//1
664,project_2,L11,expansion,3,true,true,2//1,1//4,descendant_2:1//1
665,project_1,L00,expansion,3,true,false,2//1,1//4,descendant_1:1//1
665,project_1,L01,expansion,3,true,true,2//1,1//4,descendant_1:1//1
665,project_1,L10,expansion,3,true,false,2//1,1//4,descendant_2:1//1
665,project_1,L11,expansion,3,true,true,2//1,1//4,descendant_2:1//1
665,project_2,L00,expansion,3,true,false,2//1,1//4,descendant_1:1//1
665,project_2,L01,expansion,3,true,true,2//1,1//4,descendant_1:1//1
665,project_2,L10,expansion,3,true,false,2//1,1//4,descendant_2:1//1
665,project_2,L11,expansion,3,true,true,2//1,1//4,descendant_2:1//1
666,project_1,L00,bridge,3,true,false,2//1,3//4,descendant_1:1//1
666,project_1,L01,bridge,3,true,true,2//1,3//4,descendant_1:1//1
666,project_1,L10,bridge,3,true,false,2//1,3//4,descendant_2:1//1
666,project_1,L11,bridge,3,true,true,2//1,3//4,descendant_2:1//1
666,project_2,L00,bridge,3,true,false,2//1,3//4,descendant_1:1//1
666,project_2,L01,bridge,3,true,true,2//1,3//4,descendant_1:1//1
666,project_2,L10,bridge,3,true,false,2//1,3//4,descendant_2:1//1
666,project_2,L11,bridge,3,true,true,2//1,3//4,descendant_2:1//1
667,project_1,L00,bridge,1,true,false,1//2,1//4,descendant_1:1//1
667,project_1,L01,bridge,1,true,true,1//2,1//4,descendant_1:1//1
667,project_1,L10,bridge,1,true,false,1//2,1//4,descendant_2:1//1
667,project_1,L11,bridge,1,true,true,1//2,1//4,descendant_2:1//1
667,project_2,L00,bridge,1,true,false,1//2,1//4,descendant_1:1//1
667,project_2,L01,bridge,1,true,true,1//2,1//4,descendant_1:1//1
667,project_2,L10,bridge,1,true,false,1//2,1//4,descendant_2:1//1
667,project_2,L11,bridge,1,true,true,1//2,1//4,descendant_2:1//1
668,project_1,L00,bridge,3,true,false,1//2,1//4,descendant_1:1//1
668,project_1,L01,bridge,3,true,true,1//2,1//4,descendant_1:1//1
668,project_1,L10,bridge,3,true,false,1//2,1//4,descendant_2:1//1
668,project_1,L11,bridge,3,true,true,1//2,1//4,descendant_2:1//1
668,project_2,L00,bridge,3,true,false,1//2,1//4,descendant_1:1//1
668,project_2,L01,bridge,3,true,true,1//2,1//4,descendant_1:1//1
668,project_2,L10,bridge,3,true,false,1//2,1//4,descendant_2:1//1
668,project_2,L11,bridge,3,true,true,1//2,1//4,descendant_2:1//1
669,project_1,L00,expansion,1,true,false,1//2,1//4,descendant_1:1//1
669,project_1,L01,expansion,1,true,true,1//2,1//4,descendant_1:1//1
669,project_1,L10,expansion,1,true,false,1//2,1//4,descendant_2:1//1
669,project_1,L11,expansion,1,true,true,1//2,1//4,descendant_2:1//1
669,project_2,L00,expansion,1,true,false,1//2,1//4,descendant_1:1//1
669,project_2,L01,expansion,1,true,true,1//2,1//4,descendant_1:1//1
669,project_2,L10,expansion,1,true,false,1//2,1//4,descendant_2:1//1
669,project_2,L11,expansion,1,true,true,1//2,1//4,descendant_2:1//1
670,project_1,L00,bridge,1,true,false,1//2,1//4,descendant_1:1//1
670,project_1,L01,bridge,1,true,true,1//2,1//4,descendant_1:1//1
670,project_1,L10,bridge,1,true,false,1//2,1//4,descendant_2:1//1
670,project_1,L11,bridge,1,true,true,1//2,1//4,descendant_2:1//1
670,project_2,L00,bridge,1,true,false,1//2,1//4,descendant_1:1//1
670,project_2,L01,bridge,1,true,true,1//2,1//4,descendant_1:1//1
670,project_2,L10,bridge,1,true,false,1//2,1//4,descendant_2:1//1
670,project_2,L11,bridge,1,true,true,1//2,1//4,descendant_2:1//1
671,project_1,L00,bridge,1,true,false,2//1,3//4,descendant_1:1//1
671,project_1,L01,bridge,1,true,true,2//1,3//4,descendant_1:1//1
671,project_1,L10,bridge,1,true,false,2//1,3//4,descendant_2:1//1
671,project_1,L11,bridge,1,true,true,2//1,3//4,descendant_2:1//1
671,project_2,L00,bridge,1,true,false,2//1,3//4,descendant_1:1//1
671,project_2,L01,bridge,1,true,true,2//1,3//4,descendant_1:1//1
671,project_2,L10,bridge,1,true,false,2//1,3//4,descendant_2:1//1
671,project_2,L11,bridge,1,true,true,2//1,3//4,descendant_2:1//1
672,project_1,L00,bridge,3,true,false,1//2,3//4,descendant_1:1//1
672,project_1,L01,bridge,3,true,true,1//2,3//4,descendant_1:1//1
672,project_1,L10,bridge,3,true,false,1//2,3//4,descendant_2:1//1
672,project_1,L11,bridge,3,true,true,1//2,3//4,descendant_2:1//1
672,project_2,L00,bridge,3,true,false,1//2,3//4,descendant_1:1//1
672,project_2,L01,bridge,3,true,true,1//2,3//4,descendant_1:1//1
672,project_2,L10,bridge,3,true,false,1//2,3//4,descendant_2:1//1
672,project_2,L11,bridge,3,true,true,1//2,3//4,descendant_2:1//1
673,project_1,L00,bridge,1,true,false,1//2,1//4,descendant_1:1//1
673,project_1,L01,bridge,1,true,true,1//2,1//4,descendant_1:1//1
673,project_1,L10,bridge,1,true,false,1//2,1//4,descendant_2:1//1
673,project_1,L11,bridge,1,true,true,1//2,1//4,descendant_2:1//1
673,project_2,L00,bridge,1,true,false,1//2,1//4,descendant_1:1//1
673,project_2,L01,bridge,1,true,true,1//2,1//4,descendant_1:1//1
673,project_2,L10,bridge,1,true,false,1//2,1//4,descendant_2:1//1
673,project_2,L11,bridge,1,true,true,1//2,1//4,descendant_2:1//1
674,project_1,L00,expansion,1,true,false,2//1,1//4,descendant_1:1//1
674,project_1,L01,expansion,1,true,true,2//1,1//4,descendant_1:1//1
674,project_1,L10,expansion,1,true,false,2//1,1//4,descendant_2:1//1
674,project_1,L11,expansion,1,true,true,2//1,1//4,descendant_2:1//1
674,project_2,L00,expansion,1,true,false,2//1,1//4,descendant_1:1//1
674,project_2,L01,expansion,1,true,true,2//1,1//4,descendant_1:1//1
674,project_2,L10,expansion,1,true,false,2//1,1//4,descendant_2:1//1
674,project_2,L11,expansion,1,true,true,2//1,1//4,descendant_2:1//1
675,project_1,L00,expansion,1,true,false,1//2,1//4,descendant_1:1//1
675,project_1,L01,expansion,1,true,true,1//2,1//4,descendant_1:1//1
675,project_1,L10,expansion,1,true,false,1//2,1//4,descendant_2:1//1
675,project_1,L11,expansion,1,true,true,1//2,1//4,descendant_2:1//1
675,project_2,L00,expansion,1,true,false,1//2,1//4,descendant_1:1//1
675,project_2,L01,expansion,1,true,true,1//2,1//4,descendant_1:1//1
675,project_2,L10,expansion,1,true,false,1//2,1//4,descendant_2:1//1
675,project_2,L11,expansion,1,true,true,1//2,1//4,descendant_2:1//1
676,project_1,L00,expansion,3,true,false,2//1,1//4,descendant_1:1//1
676,project_1,L01,expansion,3,true,true,2//1,1//4,descendant_1:1//1
676,project_1,L10,expansion,3,true,false,2//1,1//4,descendant_2:1//1
676,project_1,L11,expansion,3,true,true,2//1,1//4,descendant_2:1//1
676,project_2,L00,expansion,3,true,false,2//1,1//4,descendant_1:1//1
676,project_2,L01,expansion,3,true,true,2//1,1//4,descendant_1:1//1
676,project_2,L10,expansion,3,true,false,2//1,1//4,descendant_2:1//1
676,project_2,L11,expansion,3,true,true,2//1,1//4,descendant_2:1//1
677,project_1,L00,expansion,1,true,false,2//1,1//4,descendant_1:1//1
677,project_1,L01,expansion,1,true,true,2//1,1//4,descendant_1:1//1
677,project_1,L10,expansion,1,true,false,2//1,1//4,descendant_2:1//1
677,project_1,L11,expansion,1,true,true,2//1,1//4,descendant_2:1//1
677,project_2,L00,expansion,1,true,false,2//1,1//4,descendant_1:1//1
677,project_2,L01,expansion,1,true,true,2//1,1//4,descendant_1:1//1
677,project_2,L10,expansion,1,true,false,2//1,1//4,descendant_2:1//1
677,project_2,L11,expansion,1,true,true,2//1,1//4,descendant_2:1//1
678,project_1,L00,expansion,3,true,false,1//2,1//4,descendant_1:1//1
678,project_1,L01,expansion,3,true,true,1//2,1//4,descendant_1:1//1
678,project_1,L10,expansion,3,true,false,1//2,1//4,descendant_2:1//1
678,project_1,L11,expansion,3,true,true,1//2,1//4,descendant_2:1//1
678,project_2,L00,expansion,3,true,false,1//2,1//4,descendant_1:1//1
678,project_2,L01,expansion,3,true,true,1//2,1//4,descendant_1:1//1
678,project_2,L10,expansion,3,true,false,1//2,1//4,descendant_2:1//1
678,project_2,L11,expansion,3,true,true,1//2,1//4,descendant_2:1//1
679,project_1,L00,bridge,1,true,false,1//2,3//4,descendant_1:1//1
679,project_1,L01,bridge,1,true,true,1//2,3//4,descendant_1:1//1
679,project_1,L10,bridge,1,true,false,1//2,3//4,descendant_2:1//1
679,project_1,L11,bridge,1,true,true,1//2,3//4,descendant_2:1//1
679,project_2,L00,bridge,1,true,false,1//2,3//4,descendant_1:1//1
679,project_2,L01,bridge,1,true,true,1//2,3//4,descendant_1:1//1
679,project_2,L10,bridge,1,true,false,1//2,3//4,descendant_2:1//1
679,project_2,L11,bridge,1,true,true,1//2,3//4,descendant_2:1//1
680,project_1,L00,expansion,1,true,false,1//2,1//4,descendant_1:1//1
680,project_1,L01,expansion,1,true,true,1//2,1//4,descendant_1:1//1
680,project_1,L10,expansion,1,true,false,1//2,1//4,descendant_2:1//1
680,project_1,L11,expansion,1,true,true,1//2,1//4,descendant_2:1//1
680,project_2,L00,expansion,1,true,false,1//2,1//4,descendant_1:1//1
680,project_2,L01,expansion,1,true,true,1//2,1//4,descendant_1:1//1
680,project_2,L10,expansion,1,true,false,1//2,1//4,descendant_2:1//1
680,project_2,L11,expansion,1,true,true,1//2,1//4,descendant_2:1//1
681,project_1,L00,expansion,1,true,false,1//2,3//4,descendant_1:1//1
681,project_1,L01,expansion,1,true,true,1//2,3//4,descendant_1:1//1
681,project_1,L10,expansion,1,true,false,1//2,3//4,descendant_2:1//1
681,project_1,L11,expansion,1,true,true,1//2,3//4,descendant_2:1//1
681,project_2,L00,expansion,1,true,false,1//2,3//4,descendant_1:1//1
681,project_2,L01,expansion,1,true,true,1//2,3//4,descendant_1:1//1
681,project_2,L10,expansion,1,true,false,1//2,3//4,descendant_2:1//1
681,project_2,L11,expansion,1,true,true,1//2,3//4,descendant_2:1//1
682,project_1,L00,bridge,1,true,false,2//1,1//4,descendant_1:1//1
682,project_1,L01,bridge,1,true,true,2//1,1//4,descendant_1:1//1
682,project_1,L10,bridge,1,true,false,2//1,1//4,descendant_2:1//1
682,project_1,L11,bridge,1,true,true,2//1,1//4,descendant_2:1//1
682,project_2,L00,bridge,1,true,false,2//1,1//4,descendant_1:1//1
682,project_2,L01,bridge,1,true,true,2//1,1//4,descendant_1:1//1
682,project_2,L10,bridge,1,true,false,2//1,1//4,descendant_2:1//1
682,project_2,L11,bridge,1,true,true,2//1,1//4,descendant_2:1//1
683,project_1,L00,expansion,3,true,false,1//2,3//4,descendant_1:1//1
683,project_1,L01,expansion,3,true,true,1//2,3//4,descendant_1:1//1
683,project_1,L10,expansion,3,true,false,1//2,3//4,descendant_2:1//1
683,project_1,L11,expansion,3,true,true,1//2,3//4,descendant_2:1//1
683,project_2,L00,expansion,3,true,false,1//2,3//4,descendant_1:1//1
683,project_2,L01,expansion,3,true,true,1//2,3//4,descendant_1:1//1
683,project_2,L10,expansion,3,true,false,1//2,3//4,descendant_2:1//1
683,project_2,L11,expansion,3,true,true,1//2,3//4,descendant_2:1//1
684,project_1,L00,expansion,3,true,false,2//1,3//4,descendant_1:1//1
684,project_1,L01,expansion,3,true,true,2//1,3//4,descendant_1:1//1
684,project_1,L10,expansion,3,true,false,2//1,3//4,descendant_2:1//1
684,project_1,L11,expansion,3,true,true,2//1,3//4,descendant_2:1//1
684,project_2,L00,expansion,3,true,false,2//1,3//4,descendant_1:1//1
684,project_2,L01,expansion,3,true,true,2//1,3//4,descendant_1:1//1
684,project_2,L10,expansion,3,true,false,2//1,3//4,descendant_2:1//1
684,project_2,L11,expansion,3,true,true,2//1,3//4,descendant_2:1//1
685,project_1,L00,bridge,3,true,false,1//2,3//4,descendant_1:1//1
685,project_1,L01,bridge,3,true,true,1//2,3//4,descendant_1:1//1
685,project_1,L10,bridge,3,true,false,1//2,3//4,descendant_2:1//1
685,project_1,L11,bridge,3,true,true,1//2,3//4,descendant_2:1//1
685,project_2,L00,bridge,3,true,false,1//2,3//4,descendant_1:1//1
685,project_2,L01,bridge,3,true,true,1//2,3//4,descendant_1:1//1
685,project_2,L10,bridge,3,true,false,1//2,3//4,descendant_2:1//1
685,project_2,L11,bridge,3,true,true,1//2,3//4,descendant_2:1//1
686,project_1,L00,expansion,1,true,false,2//1,3//4,descendant_1:1//1
686,project_1,L01,expansion,1,true,true,2//1,3//4,descendant_1:1//1
686,project_1,L10,expansion,1,true,false,2//1,3//4,descendant_2:1//1
686,project_1,L11,expansion,1,true,true,2//1,3//4,descendant_2:1//1
686,project_2,L00,expansion,1,true,false,2//1,3//4,descendant_1:1//1
686,project_2,L01,expansion,1,true,true,2//1,3//4,descendant_1:1//1
686,project_2,L10,expansion,1,true,false,2//1,3//4,descendant_2:1//1
686,project_2,L11,expansion,1,true,true,2//1,3//4,descendant_2:1//1
687,project_1,L00,bridge,1,true,false,1//2,3//4,descendant_1:1//1
687,project_1,L01,bridge,1,true,true,1//2,3//4,descendant_1:1//1
687,project_1,L10,bridge,1,true,false,1//2,3//4,descendant_2:1//1
687,project_1,L11,bridge,1,true,true,1//2,3//4,descendant_2:1//1
687,project_2,L00,bridge,1,true,false,1//2,3//4,descendant_1:1//1
687,project_2,L01,bridge,1,true,true,1//2,3//4,descendant_1:1//1
687,project_2,L10,bridge,1,true,false,1//2,3//4,descendant_2:1//1
687,project_2,L11,bridge,1,true,true,1//2,3//4,descendant_2:1//1
688,project_1,L00,bridge,3,true,false,2//1,1//4,descendant_1:1//1
688,project_1,L01,bridge,3,true,true,2//1,1//4,descendant_1:1//1
688,project_1,L10,bridge,3,true,false,2//1,1//4,descendant_2:1//1
688,project_1,L11,bridge,3,true,true,2//1,1//4,descendant_2:1//1
688,project_2,L00,bridge,3,true,false,2//1,1//4,descendant_1:1//1
688,project_2,L01,bridge,3,true,true,2//1,1//4,descendant_1:1//1
688,project_2,L10,bridge,3,true,false,2//1,1//4,descendant_2:1//1
688,project_2,L11,bridge,3,true,true,2//1,1//4,descendant_2:1//1
689,project_1,L00,expansion,1,true,false,2//1,1//4,descendant_1:1//1
689,project_1,L01,expansion,1,true,true,2//1,1//4,descendant_1:1//1
689,project_1,L10,expansion,1,true,false,2//1,1//4,descendant_2:1//1
689,project_1,L11,expansion,1,true,true,2//1,1//4,descendant_2:1//1
689,project_2,L00,expansion,1,true,false,2//1,1//4,descendant_1:1//1
689,project_2,L01,expansion,1,true,true,2//1,1//4,descendant_1:1//1
689,project_2,L10,expansion,1,true,false,2//1,1//4,descendant_2:1//1
689,project_2,L11,expansion,1,true,true,2//1,1//4,descendant_2:1//1
690,project_1,L00,bridge,1,true,false,2//1,1//4,descendant_1:1//1
690,project_1,L01,bridge,1,true,true,2//1,1//4,descendant_1:1//1
690,project_1,L10,bridge,1,true,false,2//1,1//4,descendant_2:1//1
690,project_1,L11,bridge,1,true,true,2//1,1//4,descendant_2:1//1
690,project_2,L00,bridge,1,true,false,2//1,1//4,descendant_1:1//1
690,project_2,L01,bridge,1,true,true,2//1,1//4,descendant_1:1//1
690,project_2,L10,bridge,1,true,false,2//1,1//4,descendant_2:1//1
690,project_2,L11,bridge,1,true,true,2//1,1//4,descendant_2:1//1
691,project_1,L00,expansion,3,true,false,2//1,3//4,descendant_1:1//1
691,project_1,L01,expansion,3,true,true,2//1,3//4,descendant_1:1//1
691,project_1,L10,expansion,3,true,false,2//1,3//4,descendant_2:1//1
691,project_1,L11,expansion,3,true,true,2//1,3//4,descendant_2:1//1
691,project_2,L00,expansion,3,true,false,2//1,3//4,descendant_1:1//1
691,project_2,L01,expansion,3,true,true,2//1,3//4,descendant_1:1//1
691,project_2,L10,expansion,3,true,false,2//1,3//4,descendant_2:1//1
691,project_2,L11,expansion,3,true,true,2//1,3//4,descendant_2:1//1
692,project_1,L00,bridge,3,true,false,1//2,3//4,descendant_1:1//1
692,project_1,L01,bridge,3,true,true,1//2,3//4,descendant_1:1//1
692,project_1,L10,bridge,3,true,false,1//2,3//4,descendant_2:1//1
692,project_1,L11,bridge,3,true,true,1//2,3//4,descendant_2:1//1
692,project_2,L00,bridge,3,true,false,1//2,3//4,descendant_1:1//1
692,project_2,L01,bridge,3,true,true,1//2,3//4,descendant_1:1//1
692,project_2,L10,bridge,3,true,false,1//2,3//4,descendant_2:1//1
692,project_2,L11,bridge,3,true,true,1//2,3//4,descendant_2:1//1
693,project_1,L00,expansion,3,true,false,2//1,1//4,descendant_1:1//1
693,project_1,L01,expansion,3,true,true,2//1,1//4,descendant_1:1//1
693,project_1,L10,expansion,3,true,false,2//1,1//4,descendant_2:1//1
693,project_1,L11,expansion,3,true,true,2//1,1//4,descendant_2:1//1
693,project_2,L00,expansion,3,true,false,2//1,1//4,descendant_1:1//1
693,project_2,L01,expansion,3,true,true,2//1,1//4,descendant_1:1//1
693,project_2,L10,expansion,3,true,false,2//1,1//4,descendant_2:1//1
693,project_2,L11,expansion,3,true,true,2//1,1//4,descendant_2:1//1
694,project_1,L00,expansion,1,true,false,2//1,3//4,descendant_1:1//1
694,project_1,L01,expansion,1,true,true,2//1,3//4,descendant_1:1//1
694,project_1,L10,expansion,1,true,false,2//1,3//4,descendant_2:1//1
694,project_1,L11,expansion,1,true,true,2//1,3//4,descendant_2:1//1
694,project_2,L00,expansion,1,true,false,2//1,3//4,descendant_1:1//1
694,project_2,L01,expansion,1,true,true,2//1,3//4,descendant_1:1//1
694,project_2,L10,expansion,1,true,false,2//1,3//4,descendant_2:1//1
694,project_2,L11,expansion,1,true,true,2//1,3//4,descendant_2:1//1
695,project_1,L00,expansion,1,true,false,1//2,3//4,descendant_1:1//1
695,project_1,L01,expansion,1,true,true,1//2,3//4,descendant_1:1//1
695,project_1,L10,expansion,1,true,false,1//2,3//4,descendant_2:1//1
695,project_1,L11,expansion,1,true,true,1//2,3//4,descendant_2:1//1
695,project_2,L00,expansion,1,true,false,1//2,3//4,descendant_1:1//1
695,project_2,L01,expansion,1,true,true,1//2,3//4,descendant_1:1//1
695,project_2,L10,expansion,1,true,false,1//2,3//4,descendant_2:1//1
695,project_2,L11,expansion,1,true,true,1//2,3//4,descendant_2:1//1
696,project_1,L00,bridge,1,true,false,1//2,3//4,descendant_1:1//1
696,project_1,L01,bridge,1,true,true,1//2,3//4,descendant_1:1//1
696,project_1,L10,bridge,1,true,false,1//2,3//4,descendant_2:1//1
696,project_1,L11,bridge,1,true,true,1//2,3//4,descendant_2:1//1
696,project_2,L00,bridge,1,true,false,1//2,3//4,descendant_1:1//1
696,project_2,L01,bridge,1,true,true,1//2,3//4,descendant_1:1//1
696,project_2,L10,bridge,1,true,false,1//2,3//4,descendant_2:1//1
696,project_2,L11,bridge,1,true,true,1//2,3//4,descendant_2:1//1
697,project_1,L00,expansion,1,true,false,1//2,3//4,descendant_1:1//1
697,project_1,L01,expansion,1,true,true,1//2,3//4,descendant_1:1//1
697,project_1,L10,expansion,1,true,false,1//2,3//4,descendant_2:1//1
697,project_1,L11,expansion,1,true,true,1//2,3//4,descendant_2:1//1
697,project_2,L00,expansion,1,true,false,1//2,3//4,descendant_1:1//1
697,project_2,L01,expansion,1,true,true,1//2,3//4,descendant_1:1//1
697,project_2,L10,expansion,1,true,false,1//2,3//4,descendant_2:1//1
697,project_2,L11,expansion,1,true,true,1//2,3//4,descendant_2:1//1
698,project_1,L00,bridge,1,true,false,1//2,3//4,descendant_1:1//1
698,project_1,L01,bridge,1,true,true,1//2,3//4,descendant_1:1//1
698,project_1,L10,bridge,1,true,false,1//2,3//4,descendant_2:1//1
698,project_1,L11,bridge,1,true,true,1//2,3//4,descendant_2:1//1
698,project_2,L00,bridge,1,true,false,1//2,3//4,descendant_1:1//1
698,project_2,L01,bridge,1,true,true,1//2,3//4,descendant_1:1//1
698,project_2,L10,bridge,1,true,false,1//2,3//4,descendant_2:1//1
698,project_2,L11,bridge,1,true,true,1//2,3//4,descendant_2:1//1
699,project_1,L00,bridge,1,true,false,1//2,1//4,descendant_1:1//1
699,project_1,L01,bridge,1,true,true,1//2,1//4,descendant_1:1//1
699,project_1,L10,bridge,1,true,false,1//2,1//4,descendant_2:1//1
699,project_1,L11,bridge,1,true,true,1//2,1//4,descendant_2:1//1
699,project_2,L00,bridge,1,true,false,1//2,1//4,descendant_1:1//1
699,project_2,L01,bridge,1,true,true,1//2,1//4,descendant_1:1//1
699,project_2,L10,bridge,1,true,false,1//2,1//4,descendant_2:1//1
699,project_2,L11,bridge,1,true,true,1//2,1//4,descendant_2:1//1
700,project_1,L00,bridge,3,true,false,1//2,3//4,descendant_1:1//1
700,project_1,L01,bridge,3,true,true,1//2,3//4,descendant_1:1//1
700,project_1,L10,bridge,3,true,false,1//2,3//4,descendant_2:1//1
700,project_1,L11,bridge,3,true,true,1//2,3//4,descendant_2:1//1
700,project_2,L00,bridge,3,true,false,1//2,3//4,descendant_1:1//1
700,project_2,L01,bridge,3,true,true,1//2,3//4,descendant_1:1//1
700,project_2,L10,bridge,3,true,false,1//2,3//4,descendant_2:1//1
700,project_2,L11,bridge,3,true,true,1//2,3//4,descendant_2:1//1
701,project_1,L00,bridge,1,true,false,1//2,3//4,descendant_1:1//1
701,project_1,L01,bridge,1,true,true,1//2,3//4,descendant_1:1//1
701,project_1,L10,bridge,1,true,false,1//2,3//4,descendant_2:1//1
701,project_1,L11,bridge,1,true,true,1//2,3//4,descendant_2:1//1
701,project_2,L00,bridge,1,true,false,1//2,3//4,descendant_1:1//1
701,project_2,L01,bridge,1,true,true,1//2,3//4,descendant_1:1//1
701,project_2,L10,bridge,1,true,false,1//2,3//4,descendant_2:1//1
701,project_2,L11,bridge,1,true,true,1//2,3//4,descendant_2:1//1
702,project_1,L00,expansion,3,true,false,2//1,1//4,descendant_1:1//1
702,project_1,L01,expansion,3,true,true,2//1,1//4,descendant_1:1//1
702,project_1,L10,expansion,3,true,false,2//1,1//4,descendant_2:1//1
702,project_1,L11,expansion,3,true,true,2//1,1//4,descendant_2:1//1
702,project_2,L00,expansion,3,true,false,2//1,1//4,descendant_1:1//1
702,project_2,L01,expansion,3,true,true,2//1,1//4,descendant_1:1//1
702,project_2,L10,expansion,3,true,false,2//1,1//4,descendant_2:1//1
702,project_2,L11,expansion,3,true,true,2//1,1//4,descendant_2:1//1
703,project_1,L00,bridge,1,true,false,2//1,3//4,descendant_1:1//1
703,project_1,L01,bridge,1,true,true,2//1,3//4,descendant_1:1//1
703,project_1,L10,bridge,1,true,false,2//1,3//4,descendant_2:1//1
703,project_1,L11,bridge,1,true,true,2//1,3//4,descendant_2:1//1
703,project_2,L00,bridge,1,true,false,2//1,3//4,descendant_1:1//1
703,project_2,L01,bridge,1,true,true,2//1,3//4,descendant_1:1//1
703,project_2,L10,bridge,1,true,false,2//1,3//4,descendant_2:1//1
703,project_2,L11,bridge,1,true,true,2//1,3//4,descendant_2:1//1
704,project_1,L00,expansion,3,true,false,1//2,3//4,descendant_1:1//1
704,project_1,L01,expansion,3,true,true,1//2,3//4,descendant_1:1//1
704,project_1,L10,expansion,3,true,false,1//2,3//4,descendant_2:1//1
704,project_1,L11,expansion,3,true,true,1//2,3//4,descendant_2:1//1
704,project_2,L00,expansion,3,true,false,1//2,3//4,descendant_1:1//1
704,project_2,L01,expansion,3,true,true,1//2,3//4,descendant_1:1//1
704,project_2,L10,expansion,3,true,false,1//2,3//4,descendant_2:1//1
704,project_2,L11,expansion,3,true,true,1//2,3//4,descendant_2:1//1
705,project_1,L00,bridge,1,true,false,1//2,3//4,descendant_1:1//1
705,project_1,L01,bridge,1,true,true,1//2,3//4,descendant_1:1//1
705,project_1,L10,bridge,1,true,false,1//2,3//4,descendant_2:1//1
705,project_1,L11,bridge,1,true,true,1//2,3//4,descendant_2:1//1
705,project_2,L00,bridge,1,true,false,1//2,3//4,descendant_1:1//1
705,project_2,L01,bridge,1,true,true,1//2,3//4,descendant_1:1//1
705,project_2,L10,bridge,1,true,false,1//2,3//4,descendant_2:1//1
705,project_2,L11,bridge,1,true,true,1//2,3//4,descendant_2:1//1
706,project_1,L00,bridge,3,true,false,2//1,3//4,descendant_1:1//1
706,project_1,L01,bridge,3,true,true,2//1,3//4,descendant_1:1//1
706,project_1,L10,bridge,3,true,false,2//1,3//4,descendant_2:1//1
706,project_1,L11,bridge,3,true,true,2//1,3//4,descendant_2:1//1
706,project_2,L00,bridge,3,true,false,2//1,3//4,descendant_1:1//1
706,project_2,L01,bridge,3,true,true,2//1,3//4,descendant_1:1//1
706,project_2,L10,bridge,3,true,false,2//1,3//4,descendant_2:1//1
706,project_2,L11,bridge,3,true,true,2//1,3//4,descendant_2:1//1
707,project_1,L00,bridge,3,true,false,2//1,1//4,descendant_1:1//1
707,project_1,L01,bridge,3,true,true,2//1,1//4,descendant_1:1//1
707,project_1,L10,bridge,3,true,false,2//1,1//4,descendant_2:1//1
707,project_1,L11,bridge,3,true,true,2//1,1//4,descendant_2:1//1
707,project_2,L00,bridge,3,true,false,2//1,1//4,descendant_1:1//1
707,project_2,L01,bridge,3,true,true,2//1,1//4,descendant_1:1//1
707,project_2,L10,bridge,3,true,false,2//1,1//4,descendant_2:1//1
707,project_2,L11,bridge,3,true,true,2//1,1//4,descendant_2:1//1
708,project_1,L00,bridge,1,true,false,2//1,1//4,descendant_1:1//1
708,project_1,L01,bridge,1,true,true,2//1,1//4,descendant_1:1//1
708,project_1,L10,bridge,1,true,false,2//1,1//4,descendant_2:1//1
708,project_1,L11,bridge,1,true,true,2//1,1//4,descendant_2:1//1
708,project_2,L00,bridge,1,true,false,2//1,1//4,descendant_1:1//1
708,project_2,L01,bridge,1,true,true,2//1,1//4,descendant_1:1//1
708,project_2,L10,bridge,1,true,false,2//1,1//4,descendant_2:1//1
708,project_2,L11,bridge,1,true,true,2//1,1//4,descendant_2:1//1
709,project_1,L00,expansion,3,true,false,2//1,1//4,descendant_1:1//1
709,project_1,L01,expansion,3,true,true,2//1,1//4,descendant_1:1//1
709,project_1,L10,expansion,3,true,false,2//1,1//4,descendant_2:1//1
709,project_1,L11,expansion,3,true,true,2//1,1//4,descendant_2:1//1
709,project_2,L00,expansion,3,true,false,2//1,1//4,descendant_1:1//1
709,project_2,L01,expansion,3,true,true,2//1,1//4,descendant_1:1//1
709,project_2,L10,expansion,3,true,false,2//1,1//4,descendant_2:1//1
709,project_2,L11,expansion,3,true,true,2//1,1//4,descendant_2:1//1
710,project_1,L00,expansion,3,true,false,2//1,3//4,descendant_1:1//1
710,project_1,L01,expansion,3,true,true,2//1,3//4,descendant_1:1//1
710,project_1,L10,expansion,3,true,false,2//1,3//4,descendant_2:1//1
710,project_1,L11,expansion,3,true,true,2//1,3//4,descendant_2:1//1
710,project_2,L00,expansion,3,true,false,2//1,3//4,descendant_1:1//1
710,project_2,L01,expansion,3,true,true,2//1,3//4,descendant_1:1//1
710,project_2,L10,expansion,3,true,false,2//1,3//4,descendant_2:1//1
710,project_2,L11,expansion,3,true,true,2//1,3//4,descendant_2:1//1
711,project_1,L00,bridge,3,true,false,2//1,1//4,descendant_1:1//1
711,project_1,L01,bridge,3,true,true,2//1,1//4,descendant_1:1//1
711,project_1,L10,bridge,3,true,false,2//1,1//4,descendant_2:1//1
711,project_1,L11,bridge,3,true,true,2//1,1//4,descendant_2:1//1
711,project_2,L00,bridge,3,true,false,2//1,1//4,descendant_1:1//1
711,project_2,L01,bridge,3,true,true,2//1,1//4,descendant_1:1//1
711,project_2,L10,bridge,3,true,false,2//1,1//4,descendant_2:1//1
711,project_2,L11,bridge,3,true,true,2//1,1//4,descendant_2:1//1
712,project_1,L00,expansion,1,true,false,2//1,1//4,descendant_1:1//1
712,project_1,L01,expansion,1,true,true,2//1,1//4,descendant_1:1//1
712,project_1,L10,expansion,1,true,false,2//1,1//4,descendant_2:1//1
712,project_1,L11,expansion,1,true,true,2//1,1//4,descendant_2:1//1
712,project_2,L00,expansion,1,true,false,2//1,1//4,descendant_1:1//1
712,project_2,L01,expansion,1,true,true,2//1,1//4,descendant_1:1//1
712,project_2,L10,expansion,1,true,false,2//1,1//4,descendant_2:1//1
712,project_2,L11,expansion,1,true,true,2//1,1//4,descendant_2:1//1
713,project_1,L00,expansion,1,true,false,2//1,3//4,descendant_1:1//1
713,project_1,L01,expansion,1,true,true,2//1,3//4,descendant_1:1//1
713,project_1,L10,expansion,1,true,false,2//1,3//4,descendant_2:1//1
713,project_1,L11,expansion,1,true,true,2//1,3//4,descendant_2:1//1
713,project_2,L00,expansion,1,true,false,2//1,3//4,descendant_1:1//1
713,project_2,L01,expansion,1,true,true,2//1,3//4,descendant_1:1//1
713,project_2,L10,expansion,1,true,false,2//1,3//4,descendant_2:1//1
713,project_2,L11,expansion,1,true,true,2//1,3//4,descendant_2:1//1
714,project_1,L00,bridge,3,true,false,1//2,1//4,descendant_1:1//1
714,project_1,L01,bridge,3,true,true,1//2,1//4,descendant_1:1//1
714,project_1,L10,bridge,3,true,false,1//2,1//4,descendant_2:1//1
714,project_1,L11,bridge,3,true,true,1//2,1//4,descendant_2:1//1
714,project_2,L00,bridge,3,true,false,1//2,1//4,descendant_1:1//1
714,project_2,L01,bridge,3,true,true,1//2,1//4,descendant_1:1//1
714,project_2,L10,bridge,3,true,false,1//2,1//4,descendant_2:1//1
714,project_2,L11,bridge,3,true,true,1//2,1//4,descendant_2:1//1
715,project_1,L00,bridge,1,true,false,2//1,1//4,descendant_1:1//1
715,project_1,L01,bridge,1,true,true,2//1,1//4,descendant_1:1//1
715,project_1,L10,bridge,1,true,false,2//1,1//4,descendant_2:1//1
715,project_1,L11,bridge,1,true,true,2//1,1//4,descendant_2:1//1
715,project_2,L00,bridge,1,true,false,2//1,1//4,descendant_1:1//1
715,project_2,L01,bridge,1,true,true,2//1,1//4,descendant_1:1//1
715,project_2,L10,bridge,1,true,false,2//1,1//4,descendant_2:1//1
715,project_2,L11,bridge,1,true,true,2//1,1//4,descendant_2:1//1
716,project_1,L00,expansion,3,true,false,1//2,3//4,descendant_1:1//1
716,project_1,L01,expansion,3,true,true,1//2,3//4,descendant_1:1//1
716,project_1,L10,expansion,3,true,false,1//2,3//4,descendant_2:1//1
716,project_1,L11,expansion,3,true,true,1//2,3//4,descendant_2:1//1
716,project_2,L00,expansion,3,true,false,1//2,3//4,descendant_1:1//1
716,project_2,L01,expansion,3,true,true,1//2,3//4,descendant_1:1//1
716,project_2,L10,expansion,3,true,false,1//2,3//4,descendant_2:1//1
716,project_2,L11,expansion,3,true,true,1//2,3//4,descendant_2:1//1
717,project_1,L00,bridge,3,true,false,2//1,1//4,descendant_1:1//1
717,project_1,L01,bridge,3,true,true,2//1,1//4,descendant_1:1//1
717,project_1,L10,bridge,3,true,false,2//1,1//4,descendant_2:1//1
717,project_1,L11,bridge,3,true,true,2//1,1//4,descendant_2:1//1
717,project_2,L00,bridge,3,true,false,2//1,1//4,descendant_1:1//1
717,project_2,L01,bridge,3,true,true,2//1,1//4,descendant_1:1//1
717,project_2,L10,bridge,3,true,false,2//1,1//4,descendant_2:1//1
717,project_2,L11,bridge,3,true,true,2//1,1//4,descendant_2:1//1
718,project_1,L00,expansion,1,true,false,2//1,3//4,descendant_1:1//1
718,project_1,L01,expansion,1,true,true,2//1,3//4,descendant_1:1//1
718,project_1,L10,expansion,1,true,false,2//1,3//4,descendant_2:1//1
718,project_1,L11,expansion,1,true,true,2//1,3//4,descendant_2:1//1
718,project_2,L00,expansion,1,true,false,2//1,3//4,descendant_1:1//1
718,project_2,L01,expansion,1,true,true,2//1,3//4,descendant_1:1//1
718,project_2,L10,expansion,1,true,false,2//1,3//4,descendant_2:1//1
718,project_2,L11,expansion,1,true,true,2//1,3//4,descendant_2:1//1
719,project_1,L00,expansion,3,true,false,1//2,3//4,descendant_1:1//1
719,project_1,L01,expansion,3,true,true,1//2,3//4,descendant_1:1//1
719,project_1,L10,expansion,3,true,false,1//2,3//4,descendant_2:1//1
719,project_1,L11,expansion,3,true,true,1//2,3//4,descendant_2:1//1
719,project_2,L00,expansion,3,true,false,1//2,3//4,descendant_1:1//1
719,project_2,L01,expansion,3,true,true,1//2,3//4,descendant_1:1//1
719,project_2,L10,expansion,3,true,false,1//2,3//4,descendant_2:1//1
719,project_2,L11,expansion,3,true,true,1//2,3//4,descendant_2:1//1
720,project_1,L00,bridge,1,true,false,2//1,1//4,descendant_1:1//1
720,project_1,L01,bridge,1,true,true,2//1,1//4,descendant_1:1//1
720,project_1,L10,bridge,1,true,false,2//1,1//4,descendant_2:1//1
720,project_1,L11,bridge,1,true,true,2//1,1//4,descendant_2:1//1
720,project_2,L00,bridge,1,true,false,2//1,1//4,descendant_1:1//1
720,project_2,L01,bridge,1,true,true,2//1,1//4,descendant_1:1//1
720,project_2,L10,bridge,1,true,false,2//1,1//4,descendant_2:1//1
720,project_2,L11,bridge,1,true,true,2//1,1//4,descendant_2:1//1
721,project_1,L00,expansion,1,true,false,1//2,3//4,descendant_1:1//1
721,project_1,L01,expansion,1,true,true,1//2,3//4,descendant_1:1//1
721,project_1,L10,expansion,1,true,false,1//2,3//4,descendant_2:1//1
721,project_1,L11,expansion,1,true,true,1//2,3//4,descendant_2:1//1
721,project_2,L00,expansion,1,true,false,1//2,3//4,descendant_1:1//1
721,project_2,L01,expansion,1,true,true,1//2,3//4,descendant_1:1//1
721,project_2,L10,expansion,1,true,false,1//2,3//4,descendant_2:1//1
721,project_2,L11,expansion,1,true,true,1//2,3//4,descendant_2:1//1
722,project_1,L00,bridge,1,true,false,2//1,3//4,descendant_1:1//1
722,project_1,L01,bridge,1,true,true,2//1,3//4,descendant_1:1//1
722,project_1,L10,bridge,1,true,false,2//1,3//4,descendant_2:1//1
722,project_1,L11,bridge,1,true,true,2//1,3//4,descendant_2:1//1
722,project_2,L00,bridge,1,true,false,2//1,3//4,descendant_1:1//1
722,project_2,L01,bridge,1,true,true,2//1,3//4,descendant_1:1//1
722,project_2,L10,bridge,1,true,false,2//1,3//4,descendant_2:1//1
722,project_2,L11,bridge,1,true,true,2//1,3//4,descendant_2:1//1
723,project_1,L00,bridge,3,true,false,1//2,1//4,descendant_1:1//1
723,project_1,L01,bridge,3,true,true,1//2,1//4,descendant_1:1//1
723,project_1,L10,bridge,3,true,false,1//2,1//4,descendant_2:1//1
723,project_1,L11,bridge,3,true,true,1//2,1//4,descendant_2:1//1
723,project_2,L00,bridge,3,true,false,1//2,1//4,descendant_1:1//1
723,project_2,L01,bridge,3,true,true,1//2,1//4,descendant_1:1//1
723,project_2,L10,bridge,3,true,false,1//2,1//4,descendant_2:1//1
723,project_2,L11,bridge,3,true,true,1//2,1//4,descendant_2:1//1
724,project_1,L00,expansion,3,true,false,1//2,3//4,descendant_1:1//1
724,project_1,L01,expansion,3,true,true,1//2,3//4,descendant_1:1//1
724,project_1,L10,expansion,3,true,false,1//2,3//4,descendant_2:1//1
724,project_1,L11,expansion,3,true,true,1//2,3//4,descendant_2:1//1
724,project_2,L00,expansion,3,true,false,1//2,3//4,descendant_1:1//1
724,project_2,L01,expansion,3,true,true,1//2,3//4,descendant_1:1//1
724,project_2,L10,expansion,3,true,false,1//2,3//4,descendant_2:1//1
724,project_2,L11,expansion,3,true,true,1//2,3//4,descendant_2:1//1
725,project_1,L00,expansion,1,true,false,1//2,1//4,descendant_1:1//1
725,project_1,L01,expansion,1,true,true,1//2,1//4,descendant_1:1//1
725,project_1,L10,expansion,1,true,false,1//2,1//4,descendant_2:1//1
725,project_1,L11,expansion,1,true,true,1//2,1//4,descendant_2:1//1
725,project_2,L00,expansion,1,true,false,1//2,1//4,descendant_1:1//1
725,project_2,L01,expansion,1,true,true,1//2,1//4,descendant_1:1//1
725,project_2,L10,expansion,1,true,false,1//2,1//4,descendant_2:1//1
725,project_2,L11,expansion,1,true,true,1//2,1//4,descendant_2:1//1
726,project_1,L00,bridge,3,true,false,2//1,3//4,descendant_1:1//1
726,project_1,L01,bridge,3,true,true,2//1,3//4,descendant_1:1//1
726,project_1,L10,bridge,3,true,false,2//1,3//4,descendant_2:1//1
726,project_1,L11,bridge,3,true,true,2//1,3//4,descendant_2:1//1
726,project_2,L00,bridge,3,true,false,2//1,3//4,descendant_1:1//1
726,project_2,L01,bridge,3,true,true,2//1,3//4,descendant_1:1//1
726,project_2,L10,bridge,3,true,false,2//1,3//4,descendant_2:1//1
726,project_2,L11,bridge,3,true,true,2//1,3//4,descendant_2:1//1
727,project_1,L00,expansion,3,true,false,2//1,1//4,descendant_1:1//1
727,project_1,L01,expansion,3,true,true,2//1,1//4,descendant_1:1//1
727,project_1,L10,expansion,3,true,false,2//1,1//4,descendant_2:1//1
727,project_1,L11,expansion,3,true,true,2//1,1//4,descendant_2:1//1
727,project_2,L00,expansion,3,true,false,2//1,1//4,descendant_1:1//1
727,project_2,L01,expansion,3,true,true,2//1,1//4,descendant_1:1//1
727,project_2,L10,expansion,3,true,false,2//1,1//4,descendant_2:1//1
727,project_2,L11,expansion,3,true,true,2//1,1//4,descendant_2:1//1
728,project_1,L00,expansion,1,true,false,1//2,3//4,descendant_1:1//1
728,project_1,L01,expansion,1,true,true,1//2,3//4,descendant_1:1//1
728,project_1,L10,expansion,1,true,false,1//2,3//4,descendant_2:1//1
728,project_1,L11,expansion,1,true,true,1//2,3//4,descendant_2:1//1
728,project_2,L00,expansion,1,true,false,1//2,3//4,descendant_1:1//1
728,project_2,L01,expansion,1,true,true,1//2,3//4,descendant_1:1//1
728,project_2,L10,expansion,1,true,false,1//2,3//4,descendant_2:1//1
728,project_2,L11,expansion,1,true,true,1//2,3//4,descendant_2:1//1
729,project_1,L00,expansion,3,true,false,2//1,3//4,descendant_1:1//1
729,project_1,L01,expansion,3,true,true,2//1,3//4,descendant_1:1//1
729,project_1,L10,expansion,3,true,false,2//1,3//4,descendant_2:1//1
729,project_1,L11,expansion,3,true,true,2//1,3//4,descendant_2:1//1
729,project_2,L00,expansion,3,true,false,2//1,3//4,descendant_1:1//1
729,project_2,L01,expansion,3,true,true,2//1,3//4,descendant_1:1//1
729,project_2,L10,expansion,3,true,false,2//1,3//4,descendant_2:1//1
729,project_2,L11,expansion,3,true,true,2//1,3//4,descendant_2:1//1
730,project_1,L00,expansion,3,true,false,1//2,1//4,descendant_1:1//1
730,project_1,L01,expansion,3,true,true,1//2,1//4,descendant_1:1//1
730,project_1,L10,expansion,3,true,false,1//2,1//4,descendant_2:1//1
730,project_1,L11,expansion,3,true,true,1//2,1//4,descendant_2:1//1
730,project_2,L00,expansion,3,true,false,1//2,1//4,descendant_1:1//1
730,project_2,L01,expansion,3,true,true,1//2,1//4,descendant_1:1//1
730,project_2,L10,expansion,3,true,false,1//2,1//4,descendant_2:1//1
730,project_2,L11,expansion,3,true,true,1//2,1//4,descendant_2:1//1
731,project_1,L00,bridge,1,true,false,1//2,1//4,descendant_1:1//1
731,project_1,L01,bridge,1,true,true,1//2,1//4,descendant_1:1//1
731,project_1,L10,bridge,1,true,false,1//2,1//4,descendant_2:1//1
731,project_1,L11,bridge,1,true,true,1//2,1//4,descendant_2:1//1
731,project_2,L00,bridge,1,true,false,1//2,1//4,descendant_1:1//1
731,project_2,L01,bridge,1,true,true,1//2,1//4,descendant_1:1//1
731,project_2,L10,bridge,1,true,false,1//2,1//4,descendant_2:1//1
731,project_2,L11,bridge,1,true,true,1//2,1//4,descendant_2:1//1
732,project_1,L00,expansion,3,true,false,1//2,3//4,descendant_1:1//1
732,project_1,L01,expansion,3,true,true,1//2,3//4,descendant_1:1//1
732,project_1,L10,expansion,3,true,false,1//2,3//4,descendant_2:1//1
732,project_1,L11,expansion,3,true,true,1//2,3//4,descendant_2:1//1
732,project_2,L00,expansion,3,true,false,1//2,3//4,descendant_1:1//1
732,project_2,L01,expansion,3,true,true,1//2,3//4,descendant_1:1//1
732,project_2,L10,expansion,3,true,false,1//2,3//4,descendant_2:1//1
732,project_2,L11,expansion,3,true,true,1//2,3//4,descendant_2:1//1
733,project_1,L00,bridge,1,true,false,2//1,3//4,descendant_1:1//1
733,project_1,L01,bridge,1,true,true,2//1,3//4,descendant_1:1//1
733,project_1,L10,bridge,1,true,false,2//1,3//4,descendant_2:1//1
733,project_1,L11,bridge,1,true,true,2//1,3//4,descendant_2:1//1
733,project_2,L00,bridge,1,true,false,2//1,3//4,descendant_1:1//1
733,project_2,L01,bridge,1,true,true,2//1,3//4,descendant_1:1//1
733,project_2,L10,bridge,1,true,false,2//1,3//4,descendant_2:1//1
733,project_2,L11,bridge,1,true,true,2//1,3//4,descendant_2:1//1
734,project_1,L00,expansion,3,true,false,1//2,1//4,descendant_1:1//1
734,project_1,L01,expansion,3,true,true,1//2,1//4,descendant_1:1//1
734,project_1,L10,expansion,3,true,false,1//2,1//4,descendant_2:1//1
734,project_1,L11,expansion,3,true,true,1//2,1//4,descendant_2:1//1
734,project_2,L00,expansion,3,true,false,1//2,1//4,descendant_1:1//1
734,project_2,L01,expansion,3,true,true,1//2,1//4,descendant_1:1//1
734,project_2,L10,expansion,3,true,false,1//2,1//4,descendant_2:1//1
734,project_2,L11,expansion,3,true,true,1//2,1//4,descendant_2:1//1
735,project_1,L00,expansion,3,true,false,1//2,3//4,descendant_1:1//1
735,project_1,L01,expansion,3,true,true,1//2,3//4,descendant_1:1//1
735,project_1,L10,expansion,3,true,false,1//2,3//4,descendant_2:1//1
735,project_1,L11,expansion,3,true,true,1//2,3//4,descendant_2:1//1
735,project_2,L00,expansion,3,true,false,1//2,3//4,descendant_1:1//1
735,project_2,L01,expansion,3,true,true,1//2,3//4,descendant_1:1//1
735,project_2,L10,expansion,3,true,false,1//2,3//4,descendant_2:1//1
735,project_2,L11,expansion,3,true,true,1//2,3//4,descendant_2:1//1
736,project_1,L00,bridge,3,true,false,1//2,3//4,descendant_1:1//1
736,project_1,L01,bridge,3,true,true,1//2,3//4,descendant_1:1//1
736,project_1,L10,bridge,3,true,false,1//2,3//4,descendant_2:1//1
736,project_1,L11,bridge,3,true,true,1//2,3//4,descendant_2:1//1
736,project_2,L00,bridge,3,true,false,1//2,3//4,descendant_1:1//1
736,project_2,L01,bridge,3,true,true,1//2,3//4,descendant_1:1//1
736,project_2,L10,bridge,3,true,false,1//2,3//4,descendant_2:1//1
736,project_2,L11,bridge,3,true,true,1//2,3//4,descendant_2:1//1
737,project_1,L00,expansion,1,true,false,1//2,1//4,descendant_1:1//1
737,project_1,L01,expansion,1,true,true,1//2,1//4,descendant_1:1//1
737,project_1,L10,expansion,1,true,false,1//2,1//4,descendant_2:1//1
737,project_1,L11,expansion,1,true,true,1//2,1//4,descendant_2:1//1
737,project_2,L00,expansion,1,true,false,1//2,1//4,descendant_1:1//1
737,project_2,L01,expansion,1,true,true,1//2,1//4,descendant_1:1//1
737,project_2,L10,expansion,1,true,false,1//2,1//4,descendant_2:1//1
737,project_2,L11,expansion,1,true,true,1//2,1//4,descendant_2:1//1
738,project_1,L00,bridge,3,true,false,2//1,3//4,descendant_1:1//1
738,project_1,L01,bridge,3,true,true,2//1,3//4,descendant_1:1//1
738,project_1,L10,bridge,3,true,false,2//1,3//4,descendant_2:1//1
738,project_1,L11,bridge,3,true,true,2//1,3//4,descendant_2:1//1
738,project_2,L00,bridge,3,true,false,2//1,3//4,descendant_1:1//1
738,project_2,L01,bridge,3,true,true,2//1,3//4,descendant_1:1//1
738,project_2,L10,bridge,3,true,false,2//1,3//4,descendant_2:1//1
738,project_2,L11,bridge,3,true,true,2//1,3//4,descendant_2:1//1
739,project_1,L00,bridge,3,true,false,2//1,1//4,descendant_1:1//1
739,project_1,L01,bridge,3,true,true,2//1,1//4,descendant_1:1//1
739,project_1,L10,bridge,3,true,false,2//1,1//4,descendant_2:1//1
739,project_1,L11,bridge,3,true,true,2//1,1//4,descendant_2:1//1
739,project_2,L00,bridge,3,true,false,2//1,1//4,descendant_1:1//1
739,project_2,L01,bridge,3,true,true,2//1,1//4,descendant_1:1//1
739,project_2,L10,bridge,3,true,false,2//1,1//4,descendant_2:1//1
739,project_2,L11,bridge,3,true,true,2//1,1//4,descendant_2:1//1
740,project_1,L00,bridge,3,true,false,1//2,3//4,descendant_1:1//1
740,project_1,L01,bridge,3,true,true,1//2,3//4,descendant_1:1//1
740,project_1,L10,bridge,3,true,false,1//2,3//4,descendant_2:1//1
740,project_1,L11,bridge,3,true,true,1//2,3//4,descendant_2:1//1
740,project_2,L00,bridge,3,true,false,1//2,3//4,descendant_1:1//1
740,project_2,L01,bridge,3,true,true,1//2,3//4,descendant_1:1//1
740,project_2,L10,bridge,3,true,false,1//2,3//4,descendant_2:1//1
740,project_2,L11,bridge,3,true,true,1//2,3//4,descendant_2:1//1
741,project_1,L00,bridge,3,true,false,1//2,1//4,descendant_1:1//1
741,project_1,L01,bridge,3,true,true,1//2,1//4,descendant_1:1//1
741,project_1,L10,bridge,3,true,false,1//2,1//4,descendant_2:1//1
741,project_1,L11,bridge,3,true,true,1//2,1//4,descendant_2:1//1
741,project_2,L00,bridge,3,true,false,1//2,1//4,descendant_1:1//1
741,project_2,L01,bridge,3,true,true,1//2,1//4,descendant_1:1//1
741,project_2,L10,bridge,3,true,false,1//2,1//4,descendant_2:1//1
741,project_2,L11,bridge,3,true,true,1//2,1//4,descendant_2:1//1
742,project_1,L00,bridge,3,true,false,1//2,1//4,descendant_1:1//1
742,project_1,L01,bridge,3,true,true,1//2,1//4,descendant_1:1//1
742,project_1,L10,bridge,3,true,false,1//2,1//4,descendant_2:1//1
742,project_1,L11,bridge,3,true,true,1//2,1//4,descendant_2:1//1
742,project_2,L00,bridge,3,true,false,1//2,1//4,descendant_1:1//1
742,project_2,L01,bridge,3,true,true,1//2,1//4,descendant_1:1//1
742,project_2,L10,bridge,3,true,false,1//2,1//4,descendant_2:1//1
742,project_2,L11,bridge,3,true,true,1//2,1//4,descendant_2:1//1
743,project_1,L00,expansion,1,true,false,1//2,1//4,descendant_1:1//1
743,project_1,L01,expansion,1,true,true,1//2,1//4,descendant_1:1//1
743,project_1,L10,expansion,1,true,false,1//2,1//4,descendant_2:1//1
743,project_1,L11,expansion,1,true,true,1//2,1//4,descendant_2:1//1
743,project_2,L00,expansion,1,true,false,1//2,1//4,descendant_1:1//1
743,project_2,L01,expansion,1,true,true,1//2,1//4,descendant_1:1//1
743,project_2,L10,expansion,1,true,false,1//2,1//4,descendant_2:1//1
743,project_2,L11,expansion,1,true,true,1//2,1//4,descendant_2:1//1
744,project_1,L00,expansion,1,true,false,1//2,1//4,descendant_1:1//1
744,project_1,L01,expansion,1,true,true,1//2,1//4,descendant_1:1//1
744,project_1,L10,expansion,1,true,false,1//2,1//4,descendant_2:1//1
744,project_1,L11,expansion,1,true,true,1//2,1//4,descendant_2:1//1
744,project_2,L00,expansion,1,true,false,1//2,1//4,descendant_1:1//1
744,project_2,L01,expansion,1,true,true,1//2,1//4,descendant_1:1//1
744,project_2,L10,expansion,1,true,false,1//2,1//4,descendant_2:1//1
744,project_2,L11,expansion,1,true,true,1//2,1//4,descendant_2:1//1
745,project_1,L00,expansion,1,true,false,2//1,3//4,descendant_1:1//1
745,project_1,L01,expansion,1,true,true,2//1,3//4,descendant_1:1//1
745,project_1,L10,expansion,1,true,false,2//1,3//4,descendant_2:1//1
745,project_1,L11,expansion,1,true,true,2//1,3//4,descendant_2:1//1
745,project_2,L00,expansion,1,true,false,2//1,3//4,descendant_1:1//1
745,project_2,L01,expansion,1,true,true,2//1,3//4,descendant_1:1//1
745,project_2,L10,expansion,1,true,false,2//1,3//4,descendant_2:1//1
745,project_2,L11,expansion,1,true,true,2//1,3//4,descendant_2:1//1
746,project_1,L00,bridge,3,true,false,1//2,3//4,descendant_1:1//1
746,project_1,L01,bridge,3,true,true,1//2,3//4,descendant_1:1//1
746,project_1,L10,bridge,3,true,false,1//2,3//4,descendant_2:1//1
746,project_1,L11,bridge,3,true,true,1//2,3//4,descendant_2:1//1
746,project_2,L00,bridge,3,true,false,1//2,3//4,descendant_1:1//1
746,project_2,L01,bridge,3,true,true,1//2,3//4,descendant_1:1//1
746,project_2,L10,bridge,3,true,false,1//2,3//4,descendant_2:1//1
746,project_2,L11,bridge,3,true,true,1//2,3//4,descendant_2:1//1
747,project_1,L00,bridge,3,true,false,1//2,1//4,descendant_1:1//1
747,project_1,L01,bridge,3,true,true,1//2,1//4,descendant_1:1//1
747,project_1,L10,bridge,3,true,false,1//2,1//4,descendant_2:1//1
747,project_1,L11,bridge,3,true,true,1//2,1//4,descendant_2:1//1
747,project_2,L00,bridge,3,true,false,1//2,1//4,descendant_1:1//1
747,project_2,L01,bridge,3,true,true,1//2,1//4,descendant_1:1//1
747,project_2,L10,bridge,3,true,false,1//2,1//4,descendant_2:1//1
747,project_2,L11,bridge,3,true,true,1//2,1//4,descendant_2:1//1
748,project_1,L00,bridge,1,true,false,2//1,1//4,descendant_1:1//1
748,project_1,L01,bridge,1,true,true,2//1,1//4,descendant_1:1//1
748,project_1,L10,bridge,1,true,false,2//1,1//4,descendant_2:1//1
748,project_1,L11,bridge,1,true,true,2//1,1//4,descendant_2:1//1
748,project_2,L00,bridge,1,true,false,2//1,1//4,descendant_1:1//1
748,project_2,L01,bridge,1,true,true,2//1,1//4,descendant_1:1//1
748,project_2,L10,bridge,1,true,false,2//1,1//4,descendant_2:1//1
748,project_2,L11,bridge,1,true,true,2//1,1//4,descendant_2:1//1
749,project_1,L00,bridge,1,true,false,2//1,1//4,descendant_1:1//1
749,project_1,L01,bridge,1,true,true,2//1,1//4,descendant_1:1//1
749,project_1,L10,bridge,1,true,false,2//1,1//4,descendant_2:1//1
749,project_1,L11,bridge,1,true,true,2//1,1//4,descendant_2:1//1
749,project_2,L00,bridge,1,true,false,2//1,1//4,descendant_1:1//1
749,project_2,L01,bridge,1,true,true,2//1,1//4,descendant_1:1//1
749,project_2,L10,bridge,1,true,false,2//1,1//4,descendant_2:1//1
749,project_2,L11,bridge,1,true,true,2//1,1//4,descendant_2:1//1
750,project_1,L00,bridge,1,true,false,2//1,3//4,descendant_1:1//1
750,project_1,L01,bridge,1,true,true,2//1,3//4,descendant_1:1//1
750,project_1,L10,bridge,1,true,false,2//1,3//4,descendant_2:1//1
750,project_1,L11,bridge,1,true,true,2//1,3//4,descendant_2:1//1
750,project_2,L00,bridge,1,true,false,2//1,3//4,descendant_1:1//1
750,project_2,L01,bridge,1,true,true,2//1,3//4,descendant_1:1//1
750,project_2,L10,bridge,1,true,false,2//1,3//4,descendant_2:1//1
750,project_2,L11,bridge,1,true,true,2//1,3//4,descendant_2:1//1
751,project_1,L00,expansion,3,true,false,1//2,1//4,descendant_1:1//1
751,project_1,L01,expansion,3,true,true,1//2,1//4,descendant_1:1//1
751,project_1,L10,expansion,3,true,false,1//2,1//4,descendant_2:1//1
751,project_1,L11,expansion,3,true,true,1//2,1//4,descendant_2:1//1
751,project_2,L00,expansion,3,true,false,1//2,1//4,descendant_1:1//1
751,project_2,L01,expansion,3,true,true,1//2,1//4,descendant_1:1//1
751,project_2,L10,expansion,3,true,false,1//2,1//4,descendant_2:1//1
751,project_2,L11,expansion,3,true,true,1//2,1//4,descendant_2:1//1
752,project_1,L00,expansion,3,true,false,1//2,1//4,descendant_1:1//1
752,project_1,L01,expansion,3,true,true,1//2,1//4,descendant_1:1//1
752,project_1,L10,expansion,3,true,false,1//2,1//4,descendant_2:1//1
752,project_1,L11,expansion,3,true,true,1//2,1//4,descendant_2:1//1
752,project_2,L00,expansion,3,true,false,1//2,1//4,descendant_1:1//1
752,project_2,L01,expansion,3,true,true,1//2,1//4,descendant_1:1//1
752,project_2,L10,expansion,3,true,false,1//2,1//4,descendant_2:1//1
752,project_2,L11,expansion,3,true,true,1//2,1//4,descendant_2:1//1
753,project_1,L00,expansion,3,true,false,2//1,3//4,descendant_1:1//1
753,project_1,L01,expansion,3,true,true,2//1,3//4,descendant_1:1//1
753,project_1,L10,expansion,3,true,false,2//1,3//4,descendant_2:1//1
753,project_1,L11,expansion,3,true,true,2//1,3//4,descendant_2:1//1
753,project_2,L00,expansion,3,true,false,2//1,3//4,descendant_1:1//1
753,project_2,L01,expansion,3,true,true,2//1,3//4,descendant_1:1//1
753,project_2,L10,expansion,3,true,false,2//1,3//4,descendant_2:1//1
753,project_2,L11,expansion,3,true,true,2//1,3//4,descendant_2:1//1
754,project_1,L00,expansion,1,true,false,1//2,3//4,descendant_1:1//1
754,project_1,L01,expansion,1,true,true,1//2,3//4,descendant_1:1//1
754,project_1,L10,expansion,1,true,false,1//2,3//4,descendant_2:1//1
754,project_1,L11,expansion,1,true,true,1//2,3//4,descendant_2:1//1
754,project_2,L00,expansion,1,true,false,1//2,3//4,descendant_1:1//1
754,project_2,L01,expansion,1,true,true,1//2,3//4,descendant_1:1//1
754,project_2,L10,expansion,1,true,false,1//2,3//4,descendant_2:1//1
754,project_2,L11,expansion,1,true,true,1//2,3//4,descendant_2:1//1
755,project_1,L00,expansion,3,true,false,2//1,3//4,descendant_1:1//1
755,project_1,L01,expansion,3,true,true,2//1,3//4,descendant_1:1//1
755,project_1,L10,expansion,3,true,false,2//1,3//4,descendant_2:1//1
755,project_1,L11,expansion,3,true,true,2//1,3//4,descendant_2:1//1
755,project_2,L00,expansion,3,true,false,2//1,3//4,descendant_1:1//1
755,project_2,L01,expansion,3,true,true,2//1,3//4,descendant_1:1//1
755,project_2,L10,expansion,3,true,false,2//1,3//4,descendant_2:1//1
755,project_2,L11,expansion,3,true,true,2//1,3//4,descendant_2:1//1
756,project_1,L00,bridge,1,true,false,1//2,1//4,descendant_1:1//1
756,project_1,L01,bridge,1,true,true,1//2,1//4,descendant_1:1//1
756,project_1,L10,bridge,1,true,false,1//2,1//4,descendant_2:1//1
756,project_1,L11,bridge,1,true,true,1//2,1//4,descendant_2:1//1
756,project_2,L00,bridge,1,true,false,1//2,1//4,descendant_1:1//1
756,project_2,L01,bridge,1,true,true,1//2,1//4,descendant_1:1//1
756,project_2,L10,bridge,1,true,false,1//2,1//4,descendant_2:1//1
756,project_2,L11,bridge,1,true,true,1//2,1//4,descendant_2:1//1
757,project_1,L00,bridge,1,true,false,1//2,1//4,descendant_1:1//1
757,project_1,L01,bridge,1,true,true,1//2,1//4,descendant_1:1//1
757,project_1,L10,bridge,1,true,false,1//2,1//4,descendant_2:1//1
757,project_1,L11,bridge,1,true,true,1//2,1//4,descendant_2:1//1
757,project_2,L00,bridge,1,true,false,1//2,1//4,descendant_1:1//1
757,project_2,L01,bridge,1,true,true,1//2,1//4,descendant_1:1//1
757,project_2,L10,bridge,1,true,false,1//2,1//4,descendant_2:1//1
757,project_2,L11,bridge,1,true,true,1//2,1//4,descendant_2:1//1
758,project_1,L00,expansion,3,true,false,1//2,1//4,descendant_1:1//1
758,project_1,L01,expansion,3,true,true,1//2,1//4,descendant_1:1//1
758,project_1,L10,expansion,3,true,false,1//2,1//4,descendant_2:1//1
758,project_1,L11,expansion,3,true,true,1//2,1//4,descendant_2:1//1
758,project_2,L00,expansion,3,true,false,1//2,1//4,descendant_1:1//1
758,project_2,L01,expansion,3,true,true,1//2,1//4,descendant_1:1//1
758,project_2,L10,expansion,3,true,false,1//2,1//4,descendant_2:1//1
758,project_2,L11,expansion,3,true,true,1//2,1//4,descendant_2:1//1
759,project_1,L00,expansion,1,true,false,2//1,1//4,descendant_1:1//1
759,project_1,L01,expansion,1,true,true,2//1,1//4,descendant_1:1//1
759,project_1,L10,expansion,1,true,false,2//1,1//4,descendant_2:1//1
759,project_1,L11,expansion,1,true,true,2//1,1//4,descendant_2:1//1
759,project_2,L00,expansion,1,true,false,2//1,1//4,descendant_1:1//1
759,project_2,L01,expansion,1,true,true,2//1,1//4,descendant_1:1//1
759,project_2,L10,expansion,1,true,false,2//1,1//4,descendant_2:1//1
759,project_2,L11,expansion,1,true,true,2//1,1//4,descendant_2:1//1
760,project_1,L00,expansion,3,true,false,1//2,3//4,descendant_1:1//1
760,project_1,L01,expansion,3,true,true,1//2,3//4,descendant_1:1//1
760,project_1,L10,expansion,3,true,false,1//2,3//4,descendant_2:1//1
760,project_1,L11,expansion,3,true,true,1//2,3//4,descendant_2:1//1
760,project_2,L00,expansion,3,true,false,1//2,3//4,descendant_1:1//1
760,project_2,L01,expansion,3,true,true,1//2,3//4,descendant_1:1//1
760,project_2,L10,expansion,3,true,false,1//2,3//4,descendant_2:1//1
760,project_2,L11,expansion,3,true,true,1//2,3//4,descendant_2:1//1
761,project_1,L00,expansion,3,true,false,2//1,3//4,descendant_1:1//1
761,project_1,L01,expansion,3,true,true,2//1,3//4,descendant_1:1//1
761,project_1,L10,expansion,3,true,false,2//1,3//4,descendant_2:1//1
761,project_1,L11,expansion,3,true,true,2//1,3//4,descendant_2:1//1
761,project_2,L00,expansion,3,true,false,2//1,3//4,descendant_1:1//1
761,project_2,L01,expansion,3,true,true,2//1,3//4,descendant_1:1//1
761,project_2,L10,expansion,3,true,false,2//1,3//4,descendant_2:1//1
761,project_2,L11,expansion,3,true,true,2//1,3//4,descendant_2:1//1
762,project_1,L00,expansion,1,true,false,2//1,1//4,descendant_1:1//1
762,project_1,L01,expansion,1,true,true,2//1,1//4,descendant_1:1//1
762,project_1,L10,expansion,1,true,false,2//1,1//4,descendant_2:1//1
762,project_1,L11,expansion,1,true,true,2//1,1//4,descendant_2:1//1
762,project_2,L00,expansion,1,true,false,2//1,1//4,descendant_1:1//1
762,project_2,L01,expansion,1,true,true,2//1,1//4,descendant_1:1//1
762,project_2,L10,expansion,1,true,false,2//1,1//4,descendant_2:1//1
762,project_2,L11,expansion,1,true,true,2//1,1//4,descendant_2:1//1
763,project_1,L00,bridge,1,true,false,1//2,3//4,descendant_1:1//1
763,project_1,L01,bridge,1,true,true,1//2,3//4,descendant_1:1//1
763,project_1,L10,bridge,1,true,false,1//2,3//4,descendant_2:1//1
763,project_1,L11,bridge,1,true,true,1//2,3//4,descendant_2:1//1
763,project_2,L00,bridge,1,true,false,1//2,3//4,descendant_1:1//1
763,project_2,L01,bridge,1,true,true,1//2,3//4,descendant_1:1//1
763,project_2,L10,bridge,1,true,false,1//2,3//4,descendant_2:1//1
763,project_2,L11,bridge,1,true,true,1//2,3//4,descendant_2:1//1
764,project_1,L00,bridge,1,true,false,2//1,3//4,descendant_1:1//1
764,project_1,L01,bridge,1,true,true,2//1,3//4,descendant_1:1//1
764,project_1,L10,bridge,1,true,false,2//1,3//4,descendant_2:1//1
764,project_1,L11,bridge,1,true,true,2//1,3//4,descendant_2:1//1
764,project_2,L00,bridge,1,true,false,2//1,3//4,descendant_1:1//1
764,project_2,L01,bridge,1,true,true,2//1,3//4,descendant_1:1//1
764,project_2,L10,bridge,1,true,false,2//1,3//4,descendant_2:1//1
764,project_2,L11,bridge,1,true,true,2//1,3//4,descendant_2:1//1
765,project_1,L00,bridge,3,true,false,1//2,1//4,descendant_1:1//1
765,project_1,L01,bridge,3,true,true,1//2,1//4,descendant_1:1//1
765,project_1,L10,bridge,3,true,false,1//2,1//4,descendant_2:1//1
765,project_1,L11,bridge,3,true,true,1//2,1//4,descendant_2:1//1
765,project_2,L00,bridge,3,true,false,1//2,1//4,descendant_1:1//1
765,project_2,L01,bridge,3,true,true,1//2,1//4,descendant_1:1//1
765,project_2,L10,bridge,3,true,false,1//2,1//4,descendant_2:1//1
765,project_2,L11,bridge,3,true,true,1//2,1//4,descendant_2:1//1
766,project_1,L00,bridge,3,true,false,1//2,3//4,descendant_1:1//1
766,project_1,L01,bridge,3,true,true,1//2,3//4,descendant_1:1//1
766,project_1,L10,bridge,3,true,false,1//2,3//4,descendant_2:1//1
766,project_1,L11,bridge,3,true,true,1//2,3//4,descendant_2:1//1
766,project_2,L00,bridge,3,true,false,1//2,3//4,descendant_1:1//1
766,project_2,L01,bridge,3,true,true,1//2,3//4,descendant_1:1//1
766,project_2,L10,bridge,3,true,false,1//2,3//4,descendant_2:1//1
766,project_2,L11,bridge,3,true,true,1//2,3//4,descendant_2:1//1
767,project_1,L00,bridge,1,true,false,2//1,3//4,descendant_1:1//1
767,project_1,L01,bridge,1,true,true,2//1,3//4,descendant_1:1//1
767,project_1,L10,bridge,1,true,false,2//1,3//4,descendant_2:1//1
767,project_1,L11,bridge,1,true,true,2//1,3//4,descendant_2:1//1
767,project_2,L00,bridge,1,true,false,2//1,3//4,descendant_1:1//1
767,project_2,L01,bridge,1,true,true,2//1,3//4,descendant_1:1//1
767,project_2,L10,bridge,1,true,false,2//1,3//4,descendant_2:1//1
767,project_2,L11,bridge,1,true,true,2//1,3//4,descendant_2:1//1
768,project_1,L00,bridge,3,true,false,2//1,3//4,descendant_1:1//1
768,project_1,L01,bridge,3,true,true,2//1,3//4,descendant_1:1//1
768,project_1,L10,bridge,3,true,false,2//1,3//4,descendant_2:1//1
768,project_1,L11,bridge,3,true,true,2//1,3//4,descendant_2:1//1
768,project_2,L00,bridge,3,true,false,2//1,3//4,descendant_1:1//1
768,project_2,L01,bridge,3,true,true,2//1,3//4,descendant_1:1//1
768,project_2,L10,bridge,3,true,false,2//1,3//4,descendant_2:1//1
768,project_2,L11,bridge,3,true,true,2//1,3//4,descendant_2:1//1
769,project_1,L00,expansion,1,true,false,2//1,1//4,descendant_1:1//1
769,project_1,L01,expansion,1,true,true,2//1,1//4,descendant_1:1//1
769,project_1,L10,expansion,1,true,false,2//1,1//4,descendant_1:1//1
769,project_1,L11,expansion,1,true,true,2//1,1//4,descendant_1:1//1
769,project_2,L00,expansion,1,true,false,2//1,1//4,descendant_1:1//1
769,project_2,L01,expansion,1,true,true,2//1,1//4,descendant_1:1//1
769,project_2,L10,expansion,1,true,false,2//1,1//4,descendant_1:1//1
769,project_2,L11,expansion,1,true,true,2//1,1//4,descendant_1:1//1
770,project_1,L00,bridge,1,true,false,1//2,3//4,descendant_1:1//1
770,project_1,L01,bridge,1,true,true,1//2,3//4,descendant_1:1//1
770,project_1,L10,bridge,1,true,false,1//2,3//4,descendant_1:1//1
770,project_1,L11,bridge,1,true,true,1//2,3//4,descendant_1:1//1
770,project_2,L00,bridge,1,true,false,1//2,3//4,descendant_1:1//1
770,project_2,L01,bridge,1,true,true,1//2,3//4,descendant_1:1//1
770,project_2,L10,bridge,1,true,false,1//2,3//4,descendant_1:1//1
770,project_2,L11,bridge,1,true,true,1//2,3//4,descendant_1:1//1
771,project_1,L00,bridge,3,true,false,2//1,1//4,descendant_1:1//1
771,project_1,L01,bridge,3,true,true,2//1,1//4,descendant_1:1//1
771,project_1,L10,bridge,3,true,false,2//1,1//4,descendant_1:1//1
771,project_1,L11,bridge,3,true,true,2//1,1//4,descendant_1:1//1
771,project_2,L00,bridge,3,true,false,2//1,1//4,descendant_1:1//1
771,project_2,L01,bridge,3,true,true,2//1,1//4,descendant_1:1//1
771,project_2,L10,bridge,3,true,false,2//1,1//4,descendant_1:1//1
771,project_2,L11,bridge,3,true,true,2//1,1//4,descendant_1:1//1
772,project_1,L00,bridge,3,true,false,2//1,1//4,descendant_1:1//1
772,project_1,L01,bridge,3,true,true,2//1,1//4,descendant_1:1//1
772,project_1,L10,bridge,3,true,false,2//1,1//4,descendant_1:1//1
772,project_1,L11,bridge,3,true,true,2//1,1//4,descendant_1:1//1
772,project_2,L00,bridge,3,true,false,2//1,1//4,descendant_1:1//1
772,project_2,L01,bridge,3,true,true,2//1,1//4,descendant_1:1//1
772,project_2,L10,bridge,3,true,false,2//1,1//4,descendant_1:1//1
772,project_2,L11,bridge,3,true,true,2//1,1//4,descendant_1:1//1
773,project_1,L00,expansion,3,true,false,1//2,3//4,descendant_1:1//1
773,project_1,L01,expansion,3,true,true,1//2,3//4,descendant_1:1//1
773,project_1,L10,expansion,3,true,false,1//2,3//4,descendant_1:1//1
773,project_1,L11,expansion,3,true,true,1//2,3//4,descendant_1:1//1
773,project_2,L00,expansion,3,true,false,1//2,3//4,descendant_1:1//1
773,project_2,L01,expansion,3,true,true,1//2,3//4,descendant_1:1//1
773,project_2,L10,expansion,3,true,false,1//2,3//4,descendant_1:1//1
773,project_2,L11,expansion,3,true,true,1//2,3//4,descendant_1:1//1
774,project_1,L00,expansion,1,true,false,1//2,1//4,descendant_1:1//1
774,project_1,L01,expansion,1,true,true,1//2,1//4,descendant_1:1//1
774,project_1,L10,expansion,1,true,false,1//2,1//4,descendant_1:1//1
774,project_1,L11,expansion,1,true,true,1//2,1//4,descendant_1:1//1
774,project_2,L00,expansion,1,true,false,1//2,1//4,descendant_1:1//1
774,project_2,L01,expansion,1,true,true,1//2,1//4,descendant_1:1//1
774,project_2,L10,expansion,1,true,false,1//2,1//4,descendant_1:1//1
774,project_2,L11,expansion,1,true,true,1//2,1//4,descendant_1:1//1
775,project_1,L00,bridge,1,true,false,2//1,1//4,descendant_1:1//1
775,project_1,L01,bridge,1,true,true,2//1,1//4,descendant_1:1//1
775,project_1,L10,bridge,1,true,false,2//1,1//4,descendant_1:1//1
775,project_1,L11,bridge,1,true,true,2//1,1//4,descendant_1:1//1
775,project_2,L00,bridge,1,true,false,2//1,1//4,descendant_1:1//1
775,project_2,L01,bridge,1,true,true,2//1,1//4,descendant_1:1//1
775,project_2,L10,bridge,1,true,false,2//1,1//4,descendant_1:1//1
775,project_2,L11,bridge,1,true,true,2//1,1//4,descendant_1:1//1
776,project_1,L00,bridge,3,true,false,1//2,3//4,descendant_1:1//1
776,project_1,L01,bridge,3,true,true,1//2,3//4,descendant_1:1//1
776,project_1,L10,bridge,3,true,false,1//2,3//4,descendant_1:1//1
776,project_1,L11,bridge,3,true,true,1//2,3//4,descendant_1:1//1
776,project_2,L00,bridge,3,true,false,1//2,3//4,descendant_1:1//1
776,project_2,L01,bridge,3,true,true,1//2,3//4,descendant_1:1//1
776,project_2,L10,bridge,3,true,false,1//2,3//4,descendant_1:1//1
776,project_2,L11,bridge,3,true,true,1//2,3//4,descendant_1:1//1
777,project_1,L00,expansion,3,true,false,2//1,1//4,descendant_1:1//1
777,project_1,L01,expansion,3,true,true,2//1,1//4,descendant_1:1//1
777,project_1,L10,expansion,3,true,false,2//1,1//4,descendant_1:1//1
777,project_1,L11,expansion,3,true,true,2//1,1//4,descendant_1:1//1
777,project_2,L00,expansion,3,true,false,2//1,1//4,descendant_1:1//1
777,project_2,L01,expansion,3,true,true,2//1,1//4,descendant_1:1//1
777,project_2,L10,expansion,3,true,false,2//1,1//4,descendant_1:1//1
777,project_2,L11,expansion,3,true,true,2//1,1//4,descendant_1:1//1
778,project_1,L00,expansion,3,true,false,2//1,1//4,descendant_1:1//1
778,project_1,L01,expansion,3,true,true,2//1,1//4,descendant_1:1//1
778,project_1,L10,expansion,3,true,false,2//1,1//4,descendant_1:1//1
778,project_1,L11,expansion,3,true,true,2//1,1//4,descendant_1:1//1
778,project_2,L00,expansion,3,true,false,2//1,1//4,descendant_1:1//1
778,project_2,L01,expansion,3,true,true,2//1,1//4,descendant_1:1//1
778,project_2,L10,expansion,3,true,false,2//1,1//4,descendant_1:1//1
778,project_2,L11,expansion,3,true,true,2//1,1//4,descendant_1:1//1
779,project_1,L00,bridge,1,true,false,1//2,3//4,descendant_1:1//1
779,project_1,L01,bridge,1,true,true,1//2,3//4,descendant_1:1//1
779,project_1,L10,bridge,1,true,false,1//2,3//4,descendant_1:1//1
779,project_1,L11,bridge,1,true,true,1//2,3//4,descendant_1:1//1
779,project_2,L00,bridge,1,true,false,1//2,3//4,descendant_1:1//1
779,project_2,L01,bridge,1,true,true,1//2,3//4,descendant_1:1//1
779,project_2,L10,bridge,1,true,false,1//2,3//4,descendant_1:1//1
779,project_2,L11,bridge,1,true,true,1//2,3//4,descendant_1:1//1
780,project_1,L00,expansion,3,true,false,1//2,1//4,descendant_1:1//1
780,project_1,L01,expansion,3,true,true,1//2,1//4,descendant_1:1//1
780,project_1,L10,expansion,3,true,false,1//2,1//4,descendant_1:1//1
780,project_1,L11,expansion,3,true,true,1//2,1//4,descendant_1:1//1
780,project_2,L00,expansion,3,true,false,1//2,1//4,descendant_1:1//1
780,project_2,L01,expansion,3,true,true,1//2,1//4,descendant_1:1//1
780,project_2,L10,expansion,3,true,false,1//2,1//4,descendant_1:1//1
780,project_2,L11,expansion,3,true,true,1//2,1//4,descendant_1:1//1
781,project_1,L00,expansion,1,true,false,1//2,3//4,descendant_1:1//1
781,project_1,L01,expansion,1,true,true,1//2,3//4,descendant_1:1//1
781,project_1,L10,expansion,1,true,false,1//2,3//4,descendant_1:1//1
781,project_1,L11,expansion,1,true,true,1//2,3//4,descendant_1:1//1
781,project_2,L00,expansion,1,true,false,1//2,3//4,descendant_1:1//1
781,project_2,L01,expansion,1,true,true,1//2,3//4,descendant_1:1//1
781,project_2,L10,expansion,1,true,false,1//2,3//4,descendant_1:1//1
781,project_2,L11,expansion,1,true,true,1//2,3//4,descendant_1:1//1
782,project_1,L00,bridge,1,true,false,2//1,1//4,descendant_1:1//1
782,project_1,L01,bridge,1,true,true,2//1,1//4,descendant_1:1//1
782,project_1,L10,bridge,1,true,false,2//1,1//4,descendant_1:1//1
782,project_1,L11,bridge,1,true,true,2//1,1//4,descendant_1:1//1
782,project_2,L00,bridge,1,true,false,2//1,1//4,descendant_1:1//1
782,project_2,L01,bridge,1,true,true,2//1,1//4,descendant_1:1//1
782,project_2,L10,bridge,1,true,false,2//1,1//4,descendant_1:1//1
782,project_2,L11,bridge,1,true,true,2//1,1//4,descendant_1:1//1
783,project_1,L00,expansion,1,true,false,2//1,1//4,descendant_1:1//1
783,project_1,L01,expansion,1,true,true,2//1,1//4,descendant_1:1//1
783,project_1,L10,expansion,1,true,false,2//1,1//4,descendant_1:1//1
783,project_1,L11,expansion,1,true,true,2//1,1//4,descendant_1:1//1
783,project_2,L00,expansion,1,true,false,2//1,1//4,descendant_1:1//1
783,project_2,L01,expansion,1,true,true,2//1,1//4,descendant_1:1//1
783,project_2,L10,expansion,1,true,false,2//1,1//4,descendant_1:1//1
783,project_2,L11,expansion,1,true,true,2//1,1//4,descendant_1:1//1
784,project_1,L00,expansion,3,true,false,2//1,1//4,descendant_1:1//1
784,project_1,L01,expansion,3,true,true,2//1,1//4,descendant_1:1//1
784,project_1,L10,expansion,3,true,false,2//1,1//4,descendant_1:1//1
784,project_1,L11,expansion,3,true,true,2//1,1//4,descendant_1:1//1
784,project_2,L00,expansion,3,true,false,2//1,1//4,descendant_1:1//1
784,project_2,L01,expansion,3,true,true,2//1,1//4,descendant_1:1//1
784,project_2,L10,expansion,3,true,false,2//1,1//4,descendant_1:1//1
784,project_2,L11,expansion,3,true,true,2//1,1//4,descendant_1:1//1
785,project_1,L00,expansion,1,true,false,2//1,3//4,descendant_1:1//1
785,project_1,L01,expansion,1,true,true,2//1,3//4,descendant_1:1//1
785,project_1,L10,expansion,1,true,false,2//1,3//4,descendant_1:1//1
785,project_1,L11,expansion,1,true,true,2//1,3//4,descendant_1:1//1
785,project_2,L00,expansion,1,true,false,2//1,3//4,descendant_1:1//1
785,project_2,L01,expansion,1,true,true,2//1,3//4,descendant_1:1//1
785,project_2,L10,expansion,1,true,false,2//1,3//4,descendant_1:1//1
785,project_2,L11,expansion,1,true,true,2//1,3//4,descendant_1:1//1
786,project_1,L00,expansion,1,true,false,2//1,3//4,descendant_1:1//1
786,project_1,L01,expansion,1,true,true,2//1,3//4,descendant_1:1//1
786,project_1,L10,expansion,1,true,false,2//1,3//4,descendant_1:1//1
786,project_1,L11,expansion,1,true,true,2//1,3//4,descendant_1:1//1
786,project_2,L00,expansion,1,true,false,2//1,3//4,descendant_1:1//1
786,project_2,L01,expansion,1,true,true,2//1,3//4,descendant_1:1//1
786,project_2,L10,expansion,1,true,false,2//1,3//4,descendant_1:1//1
786,project_2,L11,expansion,1,true,true,2//1,3//4,descendant_1:1//1
787,project_1,L00,expansion,1,true,false,2//1,3//4,descendant_1:1//1
787,project_1,L01,expansion,1,true,true,2//1,3//4,descendant_1:1//1
787,project_1,L10,expansion,1,true,false,2//1,3//4,descendant_1:1//1
787,project_1,L11,expansion,1,true,true,2//1,3//4,descendant_1:1//1
787,project_2,L00,expansion,1,true,false,2//1,3//4,descendant_1:1//1
787,project_2,L01,expansion,1,true,true,2//1,3//4,descendant_1:1//1
787,project_2,L10,expansion,1,true,false,2//1,3//4,descendant_1:1//1
787,project_2,L11,expansion,1,true,true,2//1,3//4,descendant_1:1//1
788,project_1,L00,bridge,1,true,false,2//1,1//4,descendant_1:1//1
788,project_1,L01,bridge,1,true,true,2//1,1//4,descendant_1:1//1
788,project_1,L10,bridge,1,true,false,2//1,1//4,descendant_1:1//1
788,project_1,L11,bridge,1,true,true,2//1,1//4,descendant_1:1//1
788,project_2,L00,bridge,1,true,false,2//1,1//4,descendant_1:1//1
788,project_2,L01,bridge,1,true,true,2//1,1//4,descendant_1:1//1
788,project_2,L10,bridge,1,true,false,2//1,1//4,descendant_1:1//1
788,project_2,L11,bridge,1,true,true,2//1,1//4,descendant_1:1//1
789,project_1,L00,bridge,3,true,false,1//2,3//4,descendant_1:1//1
789,project_1,L01,bridge,3,true,true,1//2,3//4,descendant_1:1//1
789,project_1,L10,bridge,3,true,false,1//2,3//4,descendant_1:1//1
789,project_1,L11,bridge,3,true,true,1//2,3//4,descendant_1:1//1
789,project_2,L00,bridge,3,true,false,1//2,3//4,descendant_1:1//1
789,project_2,L01,bridge,3,true,true,1//2,3//4,descendant_1:1//1
789,project_2,L10,bridge,3,true,false,1//2,3//4,descendant_1:1//1
789,project_2,L11,bridge,3,true,true,1//2,3//4,descendant_1:1//1
790,project_1,L00,expansion,1,true,false,2//1,1//4,descendant_1:1//1
790,project_1,L01,expansion,1,true,true,2//1,1//4,descendant_1:1//1
790,project_1,L10,expansion,1,true,false,2//1,1//4,descendant_1:1//1
790,project_1,L11,expansion,1,true,true,2//1,1//4,descendant_1:1//1
790,project_2,L00,expansion,1,true,false,2//1,1//4,descendant_1:1//1
790,project_2,L01,expansion,1,true,true,2//1,1//4,descendant_1:1//1
790,project_2,L10,expansion,1,true,false,2//1,1//4,descendant_1:1//1
790,project_2,L11,expansion,1,true,true,2//1,1//4,descendant_1:1//1
791,project_1,L00,bridge,3,true,false,1//2,1//4,descendant_1:1//1
791,project_1,L01,bridge,3,true,true,1//2,1//4,descendant_1:1//1
791,project_1,L10,bridge,3,true,false,1//2,1//4,descendant_1:1//1
791,project_1,L11,bridge,3,true,true,1//2,1//4,descendant_1:1//1
791,project_2,L00,bridge,3,true,false,1//2,1//4,descendant_1:1//1
791,project_2,L01,bridge,3,true,true,1//2,1//4,descendant_1:1//1
791,project_2,L10,bridge,3,true,false,1//2,1//4,descendant_1:1//1
791,project_2,L11,bridge,3,true,true,1//2,1//4,descendant_1:1//1
792,project_1,L00,bridge,1,true,false,1//2,1//4,descendant_1:1//1
792,project_1,L01,bridge,1,true,true,1//2,1//4,descendant_1:1//1
792,project_1,L10,bridge,1,true,false,1//2,1//4,descendant_1:1//1
792,project_1,L11,bridge,1,true,true,1//2,1//4,descendant_1:1//1
792,project_2,L00,bridge,1,true,false,1//2,1//4,descendant_1:1//1
792,project_2,L01,bridge,1,true,true,1//2,1//4,descendant_1:1//1
792,project_2,L10,bridge,1,true,false,1//2,1//4,descendant_1:1//1
792,project_2,L11,bridge,1,true,true,1//2,1//4,descendant_1:1//1
793,project_1,L00,expansion,3,true,false,1//2,3//4,descendant_1:1//1
793,project_1,L01,expansion,3,true,true,1//2,3//4,descendant_1:1//1
793,project_1,L10,expansion,3,true,false,1//2,3//4,descendant_1:1//1
793,project_1,L11,expansion,3,true,true,1//2,3//4,descendant_1:1//1
793,project_2,L00,expansion,3,true,false,1//2,3//4,descendant_1:1//1
793,project_2,L01,expansion,3,true,true,1//2,3//4,descendant_1:1//1
793,project_2,L10,expansion,3,true,false,1//2,3//4,descendant_1:1//1
793,project_2,L11,expansion,3,true,true,1//2,3//4,descendant_1:1//1
794,project_1,L00,expansion,1,true,false,1//2,3//4,descendant_1:1//1
794,project_1,L01,expansion,1,true,true,1//2,3//4,descendant_1:1//1
794,project_1,L10,expansion,1,true,false,1//2,3//4,descendant_1:1//1
794,project_1,L11,expansion,1,true,true,1//2,3//4,descendant_1:1//1
794,project_2,L00,expansion,1,true,false,1//2,3//4,descendant_1:1//1
794,project_2,L01,expansion,1,true,true,1//2,3//4,descendant_1:1//1
794,project_2,L10,expansion,1,true,false,1//2,3//4,descendant_1:1//1
794,project_2,L11,expansion,1,true,true,1//2,3//4,descendant_1:1//1
795,project_1,L00,expansion,1,true,false,1//2,3//4,descendant_1:1//1
795,project_1,L01,expansion,1,true,true,1//2,3//4,descendant_1:1//1
795,project_1,L10,expansion,1,true,false,1//2,3//4,descendant_1:1//1
795,project_1,L11,expansion,1,true,true,1//2,3//4,descendant_1:1//1
795,project_2,L00,expansion,1,true,false,1//2,3//4,descendant_1:1//1
795,project_2,L01,expansion,1,true,true,1//2,3//4,descendant_1:1//1
795,project_2,L10,expansion,1,true,false,1//2,3//4,descendant_1:1//1
795,project_2,L11,expansion,1,true,true,1//2,3//4,descendant_1:1//1
796,project_1,L00,expansion,1,true,false,2//1,3//4,descendant_1:1//1
796,project_1,L01,expansion,1,true,true,2//1,3//4,descendant_1:1//1
796,project_1,L10,expansion,1,true,false,2//1,3//4,descendant_1:1//1
796,project_1,L11,expansion,1,true,true,2//1,3//4,descendant_1:1//1
796,project_2,L00,expansion,1,true,false,2//1,3//4,descendant_1:1//1
796,project_2,L01,expansion,1,true,true,2//1,3//4,descendant_1:1//1
796,project_2,L10,expansion,1,true,false,2//1,3//4,descendant_1:1//1
796,project_2,L11,expansion,1,true,true,2//1,3//4,descendant_1:1//1
797,project_1,L00,expansion,1,true,false,1//2,3//4,descendant_1:1//1
797,project_1,L01,expansion,1,true,true,1//2,3//4,descendant_1:1//1
797,project_1,L10,expansion,1,true,false,1//2,3//4,descendant_1:1//1
797,project_1,L11,expansion,1,true,true,1//2,3//4,descendant_1:1//1
797,project_2,L00,expansion,1,true,false,1//2,3//4,descendant_1:1//1
797,project_2,L01,expansion,1,true,true,1//2,3//4,descendant_1:1//1
797,project_2,L10,expansion,1,true,false,1//2,3//4,descendant_1:1//1
797,project_2,L11,expansion,1,true,true,1//2,3//4,descendant_1:1//1
798,project_1,L00,bridge,1,true,false,1//2,3//4,descendant_1:1//1
798,project_1,L01,bridge,1,true,true,1//2,3//4,descendant_1:1//1
798,project_1,L10,bridge,1,true,false,1//2,3//4,descendant_1:1//1
798,project_1,L11,bridge,1,true,true,1//2,3//4,descendant_1:1//1
798,project_2,L00,bridge,1,true,false,1//2,3//4,descendant_1:1//1
798,project_2,L01,bridge,1,true,true,1//2,3//4,descendant_1:1//1
798,project_2,L10,bridge,1,true,false,1//2,3//4,descendant_1:1//1
798,project_2,L11,bridge,1,true,true,1//2,3//4,descendant_1:1//1
799,project_1,L00,bridge,3,true,false,2//1,1//4,descendant_1:1//1
799,project_1,L01,bridge,3,true,true,2//1,1//4,descendant_1:1//1
799,project_1,L10,bridge,3,true,false,2//1,1//4,descendant_1:1//1
799,project_1,L11,bridge,3,true,true,2//1,1//4,descendant_1:1//1
799,project_2,L00,bridge,3,true,false,2//1,1//4,descendant_1:1//1
799,project_2,L01,bridge,3,true,true,2//1,1//4,descendant_1:1//1
799,project_2,L10,bridge,3,true,false,2//1,1//4,descendant_1:1//1
799,project_2,L11,bridge,3,true,true,2//1,1//4,descendant_1:1//1
800,project_1,L00,bridge,3,true,false,2//1,3//4,descendant_1:1//1
800,project_1,L01,bridge,3,true,true,2//1,3//4,descendant_1:1//1
800,project_1,L10,bridge,3,true,false,2//1,3//4,descendant_1:1//1
800,project_1,L11,bridge,3,true,true,2//1,3//4,descendant_1:1//1
800,project_2,L00,bridge,3,true,false,2//1,3//4,descendant_1:1//1
800,project_2,L01,bridge,3,true,true,2//1,3//4,descendant_1:1//1
800,project_2,L10,bridge,3,true,false,2//1,3//4,descendant_1:1//1
800,project_2,L11,bridge,3,true,true,2//1,3//4,descendant_1:1//1
801,project_1,L00,expansion,3,true,false,2//1,3//4,descendant_1:1//1
801,project_1,L01,expansion,3,true,true,2//1,3//4,descendant_1:1//1
801,project_1,L10,expansion,3,true,false,2//1,3//4,descendant_1:1//1
801,project_1,L11,expansion,3,true,true,2//1,3//4,descendant_1:1//1
801,project_2,L00,expansion,3,true,false,2//1,3//4,descendant_1:1//1
801,project_2,L01,expansion,3,true,true,2//1,3//4,descendant_1:1//1
801,project_2,L10,expansion,3,true,false,2//1,3//4,descendant_1:1//1
801,project_2,L11,expansion,3,true,true,2//1,3//4,descendant_1:1//1
802,project_1,L00,expansion,1,true,false,2//1,1//4,descendant_1:1//1
802,project_1,L01,expansion,1,true,true,2//1,1//4,descendant_1:1//1
802,project_1,L10,expansion,1,true,false,2//1,1//4,descendant_1:1//1
802,project_1,L11,expansion,1,true,true,2//1,1//4,descendant_1:1//1
802,project_2,L00,expansion,1,true,false,2//1,1//4,descendant_1:1//1
802,project_2,L01,expansion,1,true,true,2//1,1//4,descendant_1:1//1
802,project_2,L10,expansion,1,true,false,2//1,1//4,descendant_1:1//1
802,project_2,L11,expansion,1,true,true,2//1,1//4,descendant_1:1//1
803,project_1,L00,expansion,3,true,false,1//2,3//4,descendant_1:1//1
803,project_1,L01,expansion,3,true,true,1//2,3//4,descendant_1:1//1
803,project_1,L10,expansion,3,true,false,1//2,3//4,descendant_1:1//1
803,project_1,L11,expansion,3,true,true,1//2,3//4,descendant_1:1//1
803,project_2,L00,expansion,3,true,false,1//2,3//4,descendant_1:1//1
803,project_2,L01,expansion,3,true,true,1//2,3//4,descendant_1:1//1
803,project_2,L10,expansion,3,true,false,1//2,3//4,descendant_1:1//1
803,project_2,L11,expansion,3,true,true,1//2,3//4,descendant_1:1//1
804,project_1,L00,bridge,3,true,false,2//1,3//4,descendant_1:1//1
804,project_1,L01,bridge,3,true,true,2//1,3//4,descendant_1:1//1
804,project_1,L10,bridge,3,true,false,2//1,3//4,descendant_1:1//1
804,project_1,L11,bridge,3,true,true,2//1,3//4,descendant_1:1//1
804,project_2,L00,bridge,3,true,false,2//1,3//4,descendant_1:1//1
804,project_2,L01,bridge,3,true,true,2//1,3//4,descendant_1:1//1
804,project_2,L10,bridge,3,true,false,2//1,3//4,descendant_1:1//1
804,project_2,L11,bridge,3,true,true,2//1,3//4,descendant_1:1//1
805,project_1,L00,bridge,1,true,false,2//1,1//4,descendant_1:1//1
805,project_1,L01,bridge,1,true,true,2//1,1//4,descendant_1:1//1
805,project_1,L10,bridge,1,true,false,2//1,1//4,descendant_1:1//1
805,project_1,L11,bridge,1,true,true,2//1,1//4,descendant_1:1//1
805,project_2,L00,bridge,1,true,false,2//1,1//4,descendant_1:1//1
805,project_2,L01,bridge,1,true,true,2//1,1//4,descendant_1:1//1
805,project_2,L10,bridge,1,true,false,2//1,1//4,descendant_1:1//1
805,project_2,L11,bridge,1,true,true,2//1,1//4,descendant_1:1//1
806,project_1,L00,expansion,1,true,false,1//2,1//4,descendant_1:1//1
806,project_1,L01,expansion,1,true,true,1//2,1//4,descendant_1:1//1
806,project_1,L10,expansion,1,true,false,1//2,1//4,descendant_1:1//1
806,project_1,L11,expansion,1,true,true,1//2,1//4,descendant_1:1//1
806,project_2,L00,expansion,1,true,false,1//2,1//4,descendant_1:1//1
806,project_2,L01,expansion,1,true,true,1//2,1//4,descendant_1:1//1
806,project_2,L10,expansion,1,true,false,1//2,1//4,descendant_1:1//1
806,project_2,L11,expansion,1,true,true,1//2,1//4,descendant_1:1//1
807,project_1,L00,bridge,1,true,false,2//1,1//4,descendant_1:1//1
807,project_1,L01,bridge,1,true,true,2//1,1//4,descendant_1:1//1
807,project_1,L10,bridge,1,true,false,2//1,1//4,descendant_1:1//1
807,project_1,L11,bridge,1,true,true,2//1,1//4,descendant_1:1//1
807,project_2,L00,bridge,1,true,false,2//1,1//4,descendant_1:1//1
807,project_2,L01,bridge,1,true,true,2//1,1//4,descendant_1:1//1
807,project_2,L10,bridge,1,true,false,2//1,1//4,descendant_1:1//1
807,project_2,L11,bridge,1,true,true,2//1,1//4,descendant_1:1//1
808,project_1,L00,bridge,3,true,false,2//1,1//4,descendant_1:1//1
808,project_1,L01,bridge,3,true,true,2//1,1//4,descendant_1:1//1
808,project_1,L10,bridge,3,true,false,2//1,1//4,descendant_1:1//1
808,project_1,L11,bridge,3,true,true,2//1,1//4,descendant_1:1//1
808,project_2,L00,bridge,3,true,false,2//1,1//4,descendant_1:1//1
808,project_2,L01,bridge,3,true,true,2//1,1//4,descendant_1:1//1
808,project_2,L10,bridge,3,true,false,2//1,1//4,descendant_1:1//1
808,project_2,L11,bridge,3,true,true,2//1,1//4,descendant_1:1//1
809,project_1,L00,bridge,3,true,false,2//1,3//4,descendant_1:1//1
809,project_1,L01,bridge,3,true,true,2//1,3//4,descendant_1:1//1
809,project_1,L10,bridge,3,true,false,2//1,3//4,descendant_1:1//1
809,project_1,L11,bridge,3,true,true,2//1,3//4,descendant_1:1//1
809,project_2,L00,bridge,3,true,false,2//1,3//4,descendant_1:1//1
809,project_2,L01,bridge,3,true,true,2//1,3//4,descendant_1:1//1
809,project_2,L10,bridge,3,true,false,2//1,3//4,descendant_1:1//1
809,project_2,L11,bridge,3,true,true,2//1,3//4,descendant_1:1//1
810,project_1,L00,expansion,3,true,false,1//2,1//4,descendant_1:1//1
810,project_1,L01,expansion,3,true,true,1//2,1//4,descendant_1:1//1
810,project_1,L10,expansion,3,true,false,1//2,1//4,descendant_1:1//1
810,project_1,L11,expansion,3,true,true,1//2,1//4,descendant_1:1//1
810,project_2,L00,expansion,3,true,false,1//2,1//4,descendant_1:1//1
810,project_2,L01,expansion,3,true,true,1//2,1//4,descendant_1:1//1
810,project_2,L10,expansion,3,true,false,1//2,1//4,descendant_1:1//1
810,project_2,L11,expansion,3,true,true,1//2,1//4,descendant_1:1//1
811,project_1,L00,expansion,3,true,false,2//1,1//4,descendant_1:1//1
811,project_1,L01,expansion,3,true,true,2//1,1//4,descendant_1:1//1
811,project_1,L10,expansion,3,true,false,2//1,1//4,descendant_1:1//1
811,project_1,L11,expansion,3,true,true,2//1,1//4,descendant_1:1//1
811,project_2,L00,expansion,3,true,false,2//1,1//4,descendant_1:1//1
811,project_2,L01,expansion,3,true,true,2//1,1//4,descendant_1:1//1
811,project_2,L10,expansion,3,true,false,2//1,1//4,descendant_1:1//1
811,project_2,L11,expansion,3,true,true,2//1,1//4,descendant_1:1//1
812,project_1,L00,expansion,3,true,false,2//1,3//4,descendant_1:1//1
812,project_1,L01,expansion,3,true,true,2//1,3//4,descendant_1:1//1
812,project_1,L10,expansion,3,true,false,2//1,3//4,descendant_1:1//1
812,project_1,L11,expansion,3,true,true,2//1,3//4,descendant_1:1//1
812,project_2,L00,expansion,3,true,false,2//1,3//4,descendant_1:1//1
812,project_2,L01,expansion,3,true,true,2//1,3//4,descendant_1:1//1
812,project_2,L10,expansion,3,true,false,2//1,3//4,descendant_1:1//1
812,project_2,L11,expansion,3,true,true,2//1,3//4,descendant_1:1//1
813,project_1,L00,bridge,3,true,false,1//2,3//4,descendant_1:1//1
813,project_1,L01,bridge,3,true,true,1//2,3//4,descendant_1:1//1
813,project_1,L10,bridge,3,true,false,1//2,3//4,descendant_1:1//1
813,project_1,L11,bridge,3,true,true,1//2,3//4,descendant_1:1//1
813,project_2,L00,bridge,3,true,false,1//2,3//4,descendant_1:1//1
813,project_2,L01,bridge,3,true,true,1//2,3//4,descendant_1:1//1
813,project_2,L10,bridge,3,true,false,1//2,3//4,descendant_1:1//1
813,project_2,L11,bridge,3,true,true,1//2,3//4,descendant_1:1//1
814,project_1,L00,expansion,3,true,false,1//2,1//4,descendant_1:1//1
814,project_1,L01,expansion,3,true,true,1//2,1//4,descendant_1:1//1
814,project_1,L10,expansion,3,true,false,1//2,1//4,descendant_1:1//1
814,project_1,L11,expansion,3,true,true,1//2,1//4,descendant_1:1//1
814,project_2,L00,expansion,3,true,false,1//2,1//4,descendant_1:1//1
814,project_2,L01,expansion,3,true,true,1//2,1//4,descendant_1:1//1
814,project_2,L10,expansion,3,true,false,1//2,1//4,descendant_1:1//1
814,project_2,L11,expansion,3,true,true,1//2,1//4,descendant_1:1//1
815,project_1,L00,bridge,3,true,false,1//2,3//4,descendant_1:1//1
815,project_1,L01,bridge,3,true,true,1//2,3//4,descendant_1:1//1
815,project_1,L10,bridge,3,true,false,1//2,3//4,descendant_1:1//1
815,project_1,L11,bridge,3,true,true,1//2,3//4,descendant_1:1//1
815,project_2,L00,bridge,3,true,false,1//2,3//4,descendant_1:1//1
815,project_2,L01,bridge,3,true,true,1//2,3//4,descendant_1:1//1
815,project_2,L10,bridge,3,true,false,1//2,3//4,descendant_1:1//1
815,project_2,L11,bridge,3,true,true,1//2,3//4,descendant_1:1//1
816,project_1,L00,expansion,1,true,false,2//1,3//4,descendant_1:1//1
816,project_1,L01,expansion,1,true,true,2//1,3//4,descendant_1:1//1
816,project_1,L10,expansion,1,true,false,2//1,3//4,descendant_1:1//1
816,project_1,L11,expansion,1,true,true,2//1,3//4,descendant_1:1//1
816,project_2,L00,expansion,1,true,false,2//1,3//4,descendant_1:1//1
816,project_2,L01,expansion,1,true,true,2//1,3//4,descendant_1:1//1
816,project_2,L10,expansion,1,true,false,2//1,3//4,descendant_1:1//1
816,project_2,L11,expansion,1,true,true,2//1,3//4,descendant_1:1//1
817,project_1,L00,expansion,1,true,false,1//2,1//4,descendant_1:1//1
817,project_1,L01,expansion,1,true,true,1//2,1//4,descendant_1:1//1
817,project_1,L10,expansion,1,true,false,1//2,1//4,descendant_1:1//1
817,project_1,L11,expansion,1,true,true,1//2,1//4,descendant_1:1//1
817,project_2,L00,expansion,1,true,false,1//2,1//4,descendant_1:1//1
817,project_2,L01,expansion,1,true,true,1//2,1//4,descendant_1:1//1
817,project_2,L10,expansion,1,true,false,1//2,1//4,descendant_1:1//1
817,project_2,L11,expansion,1,true,true,1//2,1//4,descendant_1:1//1
818,project_1,L00,bridge,3,true,false,2//1,1//4,descendant_1:1//1
818,project_1,L01,bridge,3,true,true,2//1,1//4,descendant_1:1//1
818,project_1,L10,bridge,3,true,false,2//1,1//4,descendant_1:1//1
818,project_1,L11,bridge,3,true,true,2//1,1//4,descendant_1:1//1
818,project_2,L00,bridge,3,true,false,2//1,1//4,descendant_1:1//1
818,project_2,L01,bridge,3,true,true,2//1,1//4,descendant_1:1//1
818,project_2,L10,bridge,3,true,false,2//1,1//4,descendant_1:1//1
818,project_2,L11,bridge,3,true,true,2//1,1//4,descendant_1:1//1
819,project_1,L00,expansion,1,true,false,1//2,1//4,descendant_1:1//1
819,project_1,L01,expansion,1,true,true,1//2,1//4,descendant_1:1//1
819,project_1,L10,expansion,1,true,false,1//2,1//4,descendant_1:1//1
819,project_1,L11,expansion,1,true,true,1//2,1//4,descendant_1:1//1
819,project_2,L00,expansion,1,true,false,1//2,1//4,descendant_1:1//1
819,project_2,L01,expansion,1,true,true,1//2,1//4,descendant_1:1//1
819,project_2,L10,expansion,1,true,false,1//2,1//4,descendant_1:1//1
819,project_2,L11,expansion,1,true,true,1//2,1//4,descendant_1:1//1
820,project_1,L00,bridge,1,true,false,1//2,1//4,descendant_1:1//1
820,project_1,L01,bridge,1,true,true,1//2,1//4,descendant_1:1//1
820,project_1,L10,bridge,1,true,false,1//2,1//4,descendant_1:1//1
820,project_1,L11,bridge,1,true,true,1//2,1//4,descendant_1:1//1
820,project_2,L00,bridge,1,true,false,1//2,1//4,descendant_1:1//1
820,project_2,L01,bridge,1,true,true,1//2,1//4,descendant_1:1//1
820,project_2,L10,bridge,1,true,false,1//2,1//4,descendant_1:1//1
820,project_2,L11,bridge,1,true,true,1//2,1//4,descendant_1:1//1
821,project_1,L00,expansion,3,true,false,2//1,1//4,descendant_1:1//1
821,project_1,L01,expansion,3,true,true,2//1,1//4,descendant_1:1//1
821,project_1,L10,expansion,3,true,false,2//1,1//4,descendant_1:1//1
821,project_1,L11,expansion,3,true,true,2//1,1//4,descendant_1:1//1
821,project_2,L00,expansion,3,true,false,2//1,1//4,descendant_1:1//1
821,project_2,L01,expansion,3,true,true,2//1,1//4,descendant_1:1//1
821,project_2,L10,expansion,3,true,false,2//1,1//4,descendant_1:1//1
821,project_2,L11,expansion,3,true,true,2//1,1//4,descendant_1:1//1
822,project_1,L00,bridge,1,true,false,2//1,3//4,descendant_1:1//1
822,project_1,L01,bridge,1,true,true,2//1,3//4,descendant_1:1//1
822,project_1,L10,bridge,1,true,false,2//1,3//4,descendant_1:1//1
822,project_1,L11,bridge,1,true,true,2//1,3//4,descendant_1:1//1
822,project_2,L00,bridge,1,true,false,2//1,3//4,descendant_1:1//1
822,project_2,L01,bridge,1,true,true,2//1,3//4,descendant_1:1//1
822,project_2,L10,bridge,1,true,false,2//1,3//4,descendant_1:1//1
822,project_2,L11,bridge,1,true,true,2//1,3//4,descendant_1:1//1
823,project_1,L00,bridge,1,true,false,1//2,3//4,descendant_1:1//1
823,project_1,L01,bridge,1,true,true,1//2,3//4,descendant_1:1//1
823,project_1,L10,bridge,1,true,false,1//2,3//4,descendant_1:1//1
823,project_1,L11,bridge,1,true,true,1//2,3//4,descendant_1:1//1
823,project_2,L00,bridge,1,true,false,1//2,3//4,descendant_1:1//1
823,project_2,L01,bridge,1,true,true,1//2,3//4,descendant_1:1//1
823,project_2,L10,bridge,1,true,false,1//2,3//4,descendant_1:1//1
823,project_2,L11,bridge,1,true,true,1//2,3//4,descendant_1:1//1
824,project_1,L00,bridge,3,true,false,1//2,1//4,descendant_1:1//1
824,project_1,L01,bridge,3,true,true,1//2,1//4,descendant_1:1//1
824,project_1,L10,bridge,3,true,false,1//2,1//4,descendant_1:1//1
824,project_1,L11,bridge,3,true,true,1//2,1//4,descendant_1:1//1
824,project_2,L00,bridge,3,true,false,1//2,1//4,descendant_1:1//1
824,project_2,L01,bridge,3,true,true,1//2,1//4,descendant_1:1//1
824,project_2,L10,bridge,3,true,false,1//2,1//4,descendant_1:1//1
824,project_2,L11,bridge,3,true,true,1//2,1//4,descendant_1:1//1
825,project_1,L00,expansion,3,true,false,1//2,3//4,descendant_1:1//1
825,project_1,L01,expansion,3,true,true,1//2,3//4,descendant_1:1//1
825,project_1,L10,expansion,3,true,false,1//2,3//4,descendant_1:1//1
825,project_1,L11,expansion,3,true,true,1//2,3//4,descendant_1:1//1
825,project_2,L00,expansion,3,true,false,1//2,3//4,descendant_1:1//1
825,project_2,L01,expansion,3,true,true,1//2,3//4,descendant_1:1//1
825,project_2,L10,expansion,3,true,false,1//2,3//4,descendant_1:1//1
825,project_2,L11,expansion,3,true,true,1//2,3//4,descendant_1:1//1
826,project_1,L00,expansion,1,true,false,1//2,3//4,descendant_1:1//1
826,project_1,L01,expansion,1,true,true,1//2,3//4,descendant_1:1//1
826,project_1,L10,expansion,1,true,false,1//2,3//4,descendant_1:1//1
826,project_1,L11,expansion,1,true,true,1//2,3//4,descendant_1:1//1
826,project_2,L00,expansion,1,true,false,1//2,3//4,descendant_1:1//1
826,project_2,L01,expansion,1,true,true,1//2,3//4,descendant_1:1//1
826,project_2,L10,expansion,1,true,false,1//2,3//4,descendant_1:1//1
826,project_2,L11,expansion,1,true,true,1//2,3//4,descendant_1:1//1
827,project_1,L00,bridge,3,true,false,1//2,3//4,descendant_1:1//1
827,project_1,L01,bridge,3,true,true,1//2,3//4,descendant_1:1//1
827,project_1,L10,bridge,3,true,false,1//2,3//4,descendant_1:1//1
827,project_1,L11,bridge,3,true,true,1//2,3//4,descendant_1:1//1
827,project_2,L00,bridge,3,true,false,1//2,3//4,descendant_1:1//1
827,project_2,L01,bridge,3,true,true,1//2,3//4,descendant_1:1//1
827,project_2,L10,bridge,3,true,false,1//2,3//4,descendant_1:1//1
827,project_2,L11,bridge,3,true,true,1//2,3//4,descendant_1:1//1
828,project_1,L00,expansion,3,true,false,1//2,3//4,descendant_1:1//1
828,project_1,L01,expansion,3,true,true,1//2,3//4,descendant_1:1//1
828,project_1,L10,expansion,3,true,false,1//2,3//4,descendant_1:1//1
828,project_1,L11,expansion,3,true,true,1//2,3//4,descendant_1:1//1
828,project_2,L00,expansion,3,true,false,1//2,3//4,descendant_1:1//1
828,project_2,L01,expansion,3,true,true,1//2,3//4,descendant_1:1//1
828,project_2,L10,expansion,3,true,false,1//2,3//4,descendant_1:1//1
828,project_2,L11,expansion,3,true,true,1//2,3//4,descendant_1:1//1
829,project_1,L00,expansion,3,true,false,2//1,3//4,descendant_1:1//1
829,project_1,L01,expansion,3,true,true,2//1,3//4,descendant_1:1//1
829,project_1,L10,expansion,3,true,false,2//1,3//4,descendant_1:1//1
829,project_1,L11,expansion,3,true,true,2//1,3//4,descendant_1:1//1
829,project_2,L00,expansion,3,true,false,2//1,3//4,descendant_1:1//1
829,project_2,L01,expansion,3,true,true,2//1,3//4,descendant_1:1//1
829,project_2,L10,expansion,3,true,false,2//1,3//4,descendant_1:1//1
829,project_2,L11,expansion,3,true,true,2//1,3//4,descendant_1:1//1
830,project_1,L00,expansion,1,true,false,2//1,1//4,descendant_1:1//1
830,project_1,L01,expansion,1,true,true,2//1,1//4,descendant_1:1//1
830,project_1,L10,expansion,1,true,false,2//1,1//4,descendant_1:1//1
830,project_1,L11,expansion,1,true,true,2//1,1//4,descendant_1:1//1
830,project_2,L00,expansion,1,true,false,2//1,1//4,descendant_1:1//1
830,project_2,L01,expansion,1,true,true,2//1,1//4,descendant_1:1//1
830,project_2,L10,expansion,1,true,false,2//1,1//4,descendant_1:1//1
830,project_2,L11,expansion,1,true,true,2//1,1//4,descendant_1:1//1
831,project_1,L00,bridge,3,true,false,2//1,3//4,descendant_1:1//1
831,project_1,L01,bridge,3,true,true,2//1,3//4,descendant_1:1//1
831,project_1,L10,bridge,3,true,false,2//1,3//4,descendant_1:1//1
831,project_1,L11,bridge,3,true,true,2//1,3//4,descendant_1:1//1
831,project_2,L00,bridge,3,true,false,2//1,3//4,descendant_1:1//1
831,project_2,L01,bridge,3,true,true,2//1,3//4,descendant_1:1//1
831,project_2,L10,bridge,3,true,false,2//1,3//4,descendant_1:1//1
831,project_2,L11,bridge,3,true,true,2//1,3//4,descendant_1:1//1
832,project_1,L00,bridge,1,true,false,1//2,3//4,descendant_1:1//1
832,project_1,L01,bridge,1,true,true,1//2,3//4,descendant_1:1//1
832,project_1,L10,bridge,1,true,false,1//2,3//4,descendant_1:1//1
832,project_1,L11,bridge,1,true,true,1//2,3//4,descendant_1:1//1
832,project_2,L00,bridge,1,true,false,1//2,3//4,descendant_1:1//1
832,project_2,L01,bridge,1,true,true,1//2,3//4,descendant_1:1//1
832,project_2,L10,bridge,1,true,false,1//2,3//4,descendant_1:1//1
832,project_2,L11,bridge,1,true,true,1//2,3//4,descendant_1:1//1
833,project_1,L00,expansion,1,true,false,1//2,3//4,descendant_1:1//1
833,project_1,L01,expansion,1,true,true,1//2,3//4,descendant_1:1//1
833,project_1,L10,expansion,1,true,false,1//2,3//4,descendant_1:1//1
833,project_1,L11,expansion,1,true,true,1//2,3//4,descendant_1:1//1
833,project_2,L00,expansion,1,true,false,1//2,3//4,descendant_1:1//1
833,project_2,L01,expansion,1,true,true,1//2,3//4,descendant_1:1//1
833,project_2,L10,expansion,1,true,false,1//2,3//4,descendant_1:1//1
833,project_2,L11,expansion,1,true,true,1//2,3//4,descendant_1:1//1
834,project_1,L00,bridge,1,true,false,1//2,1//4,descendant_1:1//1
834,project_1,L01,bridge,1,true,true,1//2,1//4,descendant_1:1//1
834,project_1,L10,bridge,1,true,false,1//2,1//4,descendant_1:1//1
834,project_1,L11,bridge,1,true,true,1//2,1//4,descendant_1:1//1
834,project_2,L00,bridge,1,true,false,1//2,1//4,descendant_1:1//1
834,project_2,L01,bridge,1,true,true,1//2,1//4,descendant_1:1//1
834,project_2,L10,bridge,1,true,false,1//2,1//4,descendant_1:1//1
834,project_2,L11,bridge,1,true,true,1//2,1//4,descendant_1:1//1
835,project_1,L00,expansion,3,true,false,1//2,3//4,descendant_1:1//1
835,project_1,L01,expansion,3,true,true,1//2,3//4,descendant_1:1//1
835,project_1,L10,expansion,3,true,false,1//2,3//4,descendant_1:1//1
835,project_1,L11,expansion,3,true,true,1//2,3//4,descendant_1:1//1
835,project_2,L00,expansion,3,true,false,1//2,3//4,descendant_1:1//1
835,project_2,L01,expansion,3,true,true,1//2,3//4,descendant_1:1//1
835,project_2,L10,expansion,3,true,false,1//2,3//4,descendant_1:1//1
835,project_2,L11,expansion,3,true,true,1//2,3//4,descendant_1:1//1
836,project_1,L00,bridge,3,true,false,1//2,1//4,descendant_1:1//1
836,project_1,L01,bridge,3,true,true,1//2,1//4,descendant_1:1//1
836,project_1,L10,bridge,3,true,false,1//2,1//4,descendant_1:1//1
836,project_1,L11,bridge,3,true,true,1//2,1//4,descendant_1:1//1
836,project_2,L00,bridge,3,true,false,1//2,1//4,descendant_1:1//1
836,project_2,L01,bridge,3,true,true,1//2,1//4,descendant_1:1//1
836,project_2,L10,bridge,3,true,false,1//2,1//4,descendant_1:1//1
836,project_2,L11,bridge,3,true,true,1//2,1//4,descendant_1:1//1
837,project_1,L00,expansion,3,true,false,2//1,1//4,descendant_1:1//1
837,project_1,L01,expansion,3,true,true,2//1,1//4,descendant_1:1//1
837,project_1,L10,expansion,3,true,false,2//1,1//4,descendant_1:1//1
837,project_1,L11,expansion,3,true,true,2//1,1//4,descendant_1:1//1
837,project_2,L00,expansion,3,true,false,2//1,1//4,descendant_1:1//1
837,project_2,L01,expansion,3,true,true,2//1,1//4,descendant_1:1//1
837,project_2,L10,expansion,3,true,false,2//1,1//4,descendant_1:1//1
837,project_2,L11,expansion,3,true,true,2//1,1//4,descendant_1:1//1
838,project_1,L00,bridge,3,true,false,1//2,1//4,descendant_1:1//1
838,project_1,L01,bridge,3,true,true,1//2,1//4,descendant_1:1//1
838,project_1,L10,bridge,3,true,false,1//2,1//4,descendant_1:1//1
838,project_1,L11,bridge,3,true,true,1//2,1//4,descendant_1:1//1
838,project_2,L00,bridge,3,true,false,1//2,1//4,descendant_1:1//1
838,project_2,L01,bridge,3,true,true,1//2,1//4,descendant_1:1//1
838,project_2,L10,bridge,3,true,false,1//2,1//4,descendant_1:1//1
838,project_2,L11,bridge,3,true,true,1//2,1//4,descendant_1:1//1
839,project_1,L00,expansion,1,true,false,1//2,1//4,descendant_1:1//1
839,project_1,L01,expansion,1,true,true,1//2,1//4,descendant_1:1//1
839,project_1,L10,expansion,1,true,false,1//2,1//4,descendant_1:1//1
839,project_1,L11,expansion,1,true,true,1//2,1//4,descendant_1:1//1
839,project_2,L00,expansion,1,true,false,1//2,1//4,descendant_1:1//1
839,project_2,L01,expansion,1,true,true,1//2,1//4,descendant_1:1//1
839,project_2,L10,expansion,1,true,false,1//2,1//4,descendant_1:1//1
839,project_2,L11,expansion,1,true,true,1//2,1//4,descendant_1:1//1
840,project_1,L00,bridge,3,true,false,1//2,1//4,descendant_1:1//1
840,project_1,L01,bridge,3,true,true,1//2,1//4,descendant_1:1//1
840,project_1,L10,bridge,3,true,false,1//2,1//4,descendant_1:1//1
840,project_1,L11,bridge,3,true,true,1//2,1//4,descendant_1:1//1
840,project_2,L00,bridge,3,true,false,1//2,1//4,descendant_1:1//1
840,project_2,L01,bridge,3,true,true,1//2,1//4,descendant_1:1//1
840,project_2,L10,bridge,3,true,false,1//2,1//4,descendant_1:1//1
840,project_2,L11,bridge,3,true,true,1//2,1//4,descendant_1:1//1
841,project_1,L00,expansion,3,true,false,1//2,1//4,descendant_1:1//1
841,project_1,L01,expansion,3,true,true,1//2,1//4,descendant_1:1//1
841,project_1,L10,expansion,3,true,false,1//2,1//4,descendant_1:1//1
841,project_1,L11,expansion,3,true,true,1//2,1//4,descendant_1:1//1
841,project_2,L00,expansion,3,true,false,1//2,1//4,descendant_1:1//1
841,project_2,L01,expansion,3,true,true,1//2,1//4,descendant_1:1//1
841,project_2,L10,expansion,3,true,false,1//2,1//4,descendant_1:1//1
841,project_2,L11,expansion,3,true,true,1//2,1//4,descendant_1:1//1
842,project_1,L00,bridge,1,true,false,2//1,1//4,descendant_1:1//1
842,project_1,L01,bridge,1,true,true,2//1,1//4,descendant_1:1//1
842,project_1,L10,bridge,1,true,false,2//1,1//4,descendant_1:1//1
842,project_1,L11,bridge,1,true,true,2//1,1//4,descendant_1:1//1
842,project_2,L00,bridge,1,true,false,2//1,1//4,descendant_1:1//1
842,project_2,L01,bridge,1,true,true,2//1,1//4,descendant_1:1//1
842,project_2,L10,bridge,1,true,false,2//1,1//4,descendant_1:1//1
842,project_2,L11,bridge,1,true,true,2//1,1//4,descendant_1:1//1
843,project_1,L00,bridge,1,true,false,2//1,3//4,descendant_1:1//1
843,project_1,L01,bridge,1,true,true,2//1,3//4,descendant_1:1//1
843,project_1,L10,bridge,1,true,false,2//1,3//4,descendant_1:1//1
843,project_1,L11,bridge,1,true,true,2//1,3//4,descendant_1:1//1
843,project_2,L00,bridge,1,true,false,2//1,3//4,descendant_1:1//1
843,project_2,L01,bridge,1,true,true,2//1,3//4,descendant_1:1//1
843,project_2,L10,bridge,1,true,false,2//1,3//4,descendant_1:1//1
843,project_2,L11,bridge,1,true,true,2//1,3//4,descendant_1:1//1
844,project_1,L00,expansion,3,true,false,1//2,1//4,descendant_1:1//1
844,project_1,L01,expansion,3,true,true,1//2,1//4,descendant_1:1//1
844,project_1,L10,expansion,3,true,false,1//2,1//4,descendant_1:1//1
844,project_1,L11,expansion,3,true,true,1//2,1//4,descendant_1:1//1
844,project_2,L00,expansion,3,true,false,1//2,1//4,descendant_1:1//1
844,project_2,L01,expansion,3,true,true,1//2,1//4,descendant_1:1//1
844,project_2,L10,expansion,3,true,false,1//2,1//4,descendant_1:1//1
844,project_2,L11,expansion,3,true,true,1//2,1//4,descendant_1:1//1
845,project_1,L00,bridge,1,true,false,2//1,1//4,descendant_1:1//1
845,project_1,L01,bridge,1,true,true,2//1,1//4,descendant_1:1//1
845,project_1,L10,bridge,1,true,false,2//1,1//4,descendant_1:1//1
845,project_1,L11,bridge,1,true,true,2//1,1//4,descendant_1:1//1
845,project_2,L00,bridge,1,true,false,2//1,1//4,descendant_1:1//1
845,project_2,L01,bridge,1,true,true,2//1,1//4,descendant_1:1//1
845,project_2,L10,bridge,1,true,false,2//1,1//4,descendant_1:1//1
845,project_2,L11,bridge,1,true,true,2//1,1//4,descendant_1:1//1
846,project_1,L00,bridge,3,true,false,1//2,1//4,descendant_1:1//1
846,project_1,L01,bridge,3,true,true,1//2,1//4,descendant_1:1//1
846,project_1,L10,bridge,3,true,false,1//2,1//4,descendant_1:1//1
846,project_1,L11,bridge,3,true,true,1//2,1//4,descendant_1:1//1
846,project_2,L00,bridge,3,true,false,1//2,1//4,descendant_1:1//1
846,project_2,L01,bridge,3,true,true,1//2,1//4,descendant_1:1//1
846,project_2,L10,bridge,3,true,false,1//2,1//4,descendant_1:1//1
846,project_2,L11,bridge,3,true,true,1//2,1//4,descendant_1:1//1
847,project_1,L00,bridge,3,true,false,2//1,3//4,descendant_1:1//1
847,project_1,L01,bridge,3,true,true,2//1,3//4,descendant_1:1//1
847,project_1,L10,bridge,3,true,false,2//1,3//4,descendant_1:1//1
847,project_1,L11,bridge,3,true,true,2//1,3//4,descendant_1:1//1
847,project_2,L00,bridge,3,true,false,2//1,3//4,descendant_1:1//1
847,project_2,L01,bridge,3,true,true,2//1,3//4,descendant_1:1//1
847,project_2,L10,bridge,3,true,false,2//1,3//4,descendant_1:1//1
847,project_2,L11,bridge,3,true,true,2//1,3//4,descendant_1:1//1
848,project_1,L00,expansion,1,true,false,1//2,1//4,descendant_1:1//1
848,project_1,L01,expansion,1,true,true,1//2,1//4,descendant_1:1//1
848,project_1,L10,expansion,1,true,false,1//2,1//4,descendant_1:1//1
848,project_1,L11,expansion,1,true,true,1//2,1//4,descendant_1:1//1
848,project_2,L00,expansion,1,true,false,1//2,1//4,descendant_1:1//1
848,project_2,L01,expansion,1,true,true,1//2,1//4,descendant_1:1//1
848,project_2,L10,expansion,1,true,false,1//2,1//4,descendant_1:1//1
848,project_2,L11,expansion,1,true,true,1//2,1//4,descendant_1:1//1
849,project_1,L00,bridge,3,true,false,2//1,3//4,descendant_1:1//1
849,project_1,L01,bridge,3,true,true,2//1,3//4,descendant_1:1//1
849,project_1,L10,bridge,3,true,false,2//1,3//4,descendant_1:1//1
849,project_1,L11,bridge,3,true,true,2//1,3//4,descendant_1:1//1
849,project_2,L00,bridge,3,true,false,2//1,3//4,descendant_1:1//1
849,project_2,L01,bridge,3,true,true,2//1,3//4,descendant_1:1//1
849,project_2,L10,bridge,3,true,false,2//1,3//4,descendant_1:1//1
849,project_2,L11,bridge,3,true,true,2//1,3//4,descendant_1:1//1
850,project_1,L00,expansion,3,true,false,1//2,1//4,descendant_1:1//1
850,project_1,L01,expansion,3,true,true,1//2,1//4,descendant_1:1//1
850,project_1,L10,expansion,3,true,false,1//2,1//4,descendant_1:1//1
850,project_1,L11,expansion,3,true,true,1//2,1//4,descendant_1:1//1
850,project_2,L00,expansion,3,true,false,1//2,1//4,descendant_1:1//1
850,project_2,L01,expansion,3,true,true,1//2,1//4,descendant_1:1//1
850,project_2,L10,expansion,3,true,false,1//2,1//4,descendant_1:1//1
850,project_2,L11,expansion,3,true,true,1//2,1//4,descendant_1:1//1
851,project_1,L00,bridge,3,true,false,2//1,1//4,descendant_1:1//1
851,project_1,L01,bridge,3,true,true,2//1,1//4,descendant_1:1//1
851,project_1,L10,bridge,3,true,false,2//1,1//4,descendant_1:1//1
851,project_1,L11,bridge,3,true,true,2//1,1//4,descendant_1:1//1
851,project_2,L00,bridge,3,true,false,2//1,1//4,descendant_1:1//1
851,project_2,L01,bridge,3,true,true,2//1,1//4,descendant_1:1//1
851,project_2,L10,bridge,3,true,false,2//1,1//4,descendant_1:1//1
851,project_2,L11,bridge,3,true,true,2//1,1//4,descendant_1:1//1
852,project_1,L00,bridge,3,true,false,1//2,3//4,descendant_1:1//1
852,project_1,L01,bridge,3,true,true,1//2,3//4,descendant_1:1//1
852,project_1,L10,bridge,3,true,false,1//2,3//4,descendant_1:1//1
852,project_1,L11,bridge,3,true,true,1//2,3//4,descendant_1:1//1
852,project_2,L00,bridge,3,true,false,1//2,3//4,descendant_1:1//1
852,project_2,L01,bridge,3,true,true,1//2,3//4,descendant_1:1//1
852,project_2,L10,bridge,3,true,false,1//2,3//4,descendant_1:1//1
852,project_2,L11,bridge,3,true,true,1//2,3//4,descendant_1:1//1
853,project_1,L00,bridge,1,true,false,1//2,1//4,descendant_1:1//1
853,project_1,L01,bridge,1,true,true,1//2,1//4,descendant_1:1//1
853,project_1,L10,bridge,1,true,false,1//2,1//4,descendant_1:1//1
853,project_1,L11,bridge,1,true,true,1//2,1//4,descendant_1:1//1
853,project_2,L00,bridge,1,true,false,1//2,1//4,descendant_1:1//1
853,project_2,L01,bridge,1,true,true,1//2,1//4,descendant_1:1//1
853,project_2,L10,bridge,1,true,false,1//2,1//4,descendant_1:1//1
853,project_2,L11,bridge,1,true,true,1//2,1//4,descendant_1:1//1
854,project_1,L00,expansion,1,true,false,2//1,1//4,descendant_1:1//1
854,project_1,L01,expansion,1,true,true,2//1,1//4,descendant_1:1//1
854,project_1,L10,expansion,1,true,false,2//1,1//4,descendant_1:1//1
854,project_1,L11,expansion,1,true,true,2//1,1//4,descendant_1:1//1
854,project_2,L00,expansion,1,true,false,2//1,1//4,descendant_1:1//1
854,project_2,L01,expansion,1,true,true,2//1,1//4,descendant_1:1//1
854,project_2,L10,expansion,1,true,false,2//1,1//4,descendant_1:1//1
854,project_2,L11,expansion,1,true,true,2//1,1//4,descendant_1:1//1
855,project_1,L00,bridge,1,true,false,1//2,3//4,descendant_1:1//1
855,project_1,L01,bridge,1,true,true,1//2,3//4,descendant_1:1//1
855,project_1,L10,bridge,1,true,false,1//2,3//4,descendant_1:1//1
855,project_1,L11,bridge,1,true,true,1//2,3//4,descendant_1:1//1
855,project_2,L00,bridge,1,true,false,1//2,3//4,descendant_1:1//1
855,project_2,L01,bridge,1,true,true,1//2,3//4,descendant_1:1//1
855,project_2,L10,bridge,1,true,false,1//2,3//4,descendant_1:1//1
855,project_2,L11,bridge,1,true,true,1//2,3//4,descendant_1:1//1
856,project_1,L00,bridge,1,true,false,2//1,3//4,descendant_1:1//1
856,project_1,L01,bridge,1,true,true,2//1,3//4,descendant_1:1//1
856,project_1,L10,bridge,1,true,false,2//1,3//4,descendant_1:1//1
856,project_1,L11,bridge,1,true,true,2//1,3//4,descendant_1:1//1
856,project_2,L00,bridge,1,true,false,2//1,3//4,descendant_1:1//1
856,project_2,L01,bridge,1,true,true,2//1,3//4,descendant_1:1//1
856,project_2,L10,bridge,1,true,false,2//1,3//4,descendant_1:1//1
856,project_2,L11,bridge,1,true,true,2//1,3//4,descendant_1:1//1
857,project_1,L00,expansion,1,true,false,1//2,3//4,descendant_1:1//1
857,project_1,L01,expansion,1,true,true,1//2,3//4,descendant_1:1//1
857,project_1,L10,expansion,1,true,false,1//2,3//4,descendant_1:1//1
857,project_1,L11,expansion,1,true,true,1//2,3//4,descendant_1:1//1
857,project_2,L00,expansion,1,true,false,1//2,3//4,descendant_1:1//1
857,project_2,L01,expansion,1,true,true,1//2,3//4,descendant_1:1//1
857,project_2,L10,expansion,1,true,false,1//2,3//4,descendant_1:1//1
857,project_2,L11,expansion,1,true,true,1//2,3//4,descendant_1:1//1
858,project_1,L00,bridge,3,true,false,1//2,3//4,descendant_1:1//1
858,project_1,L01,bridge,3,true,true,1//2,3//4,descendant_1:1//1
858,project_1,L10,bridge,3,true,false,1//2,3//4,descendant_1:1//1
858,project_1,L11,bridge,3,true,true,1//2,3//4,descendant_1:1//1
858,project_2,L00,bridge,3,true,false,1//2,3//4,descendant_1:1//1
858,project_2,L01,bridge,3,true,true,1//2,3//4,descendant_1:1//1
858,project_2,L10,bridge,3,true,false,1//2,3//4,descendant_1:1//1
858,project_2,L11,bridge,3,true,true,1//2,3//4,descendant_1:1//1
859,project_1,L00,expansion,3,true,false,2//1,3//4,descendant_1:1//1
859,project_1,L01,expansion,3,true,true,2//1,3//4,descendant_1:1//1
859,project_1,L10,expansion,3,true,false,2//1,3//4,descendant_1:1//1
859,project_1,L11,expansion,3,true,true,2//1,3//4,descendant_1:1//1
859,project_2,L00,expansion,3,true,false,2//1,3//4,descendant_1:1//1
859,project_2,L01,expansion,3,true,true,2//1,3//4,descendant_1:1//1
859,project_2,L10,expansion,3,true,false,2//1,3//4,descendant_1:1//1
859,project_2,L11,expansion,3,true,true,2//1,3//4,descendant_1:1//1
860,project_1,L00,expansion,3,true,false,2//1,3//4,descendant_1:1//1
860,project_1,L01,expansion,3,true,true,2//1,3//4,descendant_1:1//1
860,project_1,L10,expansion,3,true,false,2//1,3//4,descendant_1:1//1
860,project_1,L11,expansion,3,true,true,2//1,3//4,descendant_1:1//1
860,project_2,L00,expansion,3,true,false,2//1,3//4,descendant_1:1//1
860,project_2,L01,expansion,3,true,true,2//1,3//4,descendant_1:1//1
860,project_2,L10,expansion,3,true,false,2//1,3//4,descendant_1:1//1
860,project_2,L11,expansion,3,true,true,2//1,3//4,descendant_1:1//1
861,project_1,L00,bridge,1,true,false,1//2,1//4,descendant_1:1//1
861,project_1,L01,bridge,1,true,true,1//2,1//4,descendant_1:1//1
861,project_1,L10,bridge,1,true,false,1//2,1//4,descendant_1:1//1
861,project_1,L11,bridge,1,true,true,1//2,1//4,descendant_1:1//1
861,project_2,L00,bridge,1,true,false,1//2,1//4,descendant_1:1//1
861,project_2,L01,bridge,1,true,true,1//2,1//4,descendant_1:1//1
861,project_2,L10,bridge,1,true,false,1//2,1//4,descendant_1:1//1
861,project_2,L11,bridge,1,true,true,1//2,1//4,descendant_1:1//1
862,project_1,L00,bridge,3,true,false,1//2,1//4,descendant_1:1//1
862,project_1,L01,bridge,3,true,true,1//2,1//4,descendant_1:1//1
862,project_1,L10,bridge,3,true,false,1//2,1//4,descendant_1:1//1
862,project_1,L11,bridge,3,true,true,1//2,1//4,descendant_1:1//1
862,project_2,L00,bridge,3,true,false,1//2,1//4,descendant_1:1//1
862,project_2,L01,bridge,3,true,true,1//2,1//4,descendant_1:1//1
862,project_2,L10,bridge,3,true,false,1//2,1//4,descendant_1:1//1
862,project_2,L11,bridge,3,true,true,1//2,1//4,descendant_1:1//1
863,project_1,L00,bridge,3,true,false,2//1,3//4,descendant_1:1//1
863,project_1,L01,bridge,3,true,true,2//1,3//4,descendant_1:1//1
863,project_1,L10,bridge,3,true,false,2//1,3//4,descendant_1:1//1
863,project_1,L11,bridge,3,true,true,2//1,3//4,descendant_1:1//1
863,project_2,L00,bridge,3,true,false,2//1,3//4,descendant_1:1//1
863,project_2,L01,bridge,3,true,true,2//1,3//4,descendant_1:1//1
863,project_2,L10,bridge,3,true,false,2//1,3//4,descendant_1:1//1
863,project_2,L11,bridge,3,true,true,2//1,3//4,descendant_1:1//1
864,project_1,L00,expansion,3,true,false,2//1,3//4,descendant_1:1//1
864,project_1,L01,expansion,3,true,true,2//1,3//4,descendant_1:1//1
864,project_1,L10,expansion,3,true,false,2//1,3//4,descendant_1:1//1
864,project_1,L11,expansion,3,true,true,2//1,3//4,descendant_1:1//1
864,project_2,L00,expansion,3,true,false,2//1,3//4,descendant_1:1//1
864,project_2,L01,expansion,3,true,true,2//1,3//4,descendant_1:1//1
864,project_2,L10,expansion,3,true,false,2//1,3//4,descendant_1:1//1
864,project_2,L11,expansion,3,true,true,2//1,3//4,descendant_1:1//1
865,project_1,L00,expansion,1,true,false,2//1,3//4,descendant_1:1//1
865,project_1,L01,expansion,1,true,true,2//1,3//4,descendant_1:1//1
865,project_1,L10,expansion,1,true,false,2//1,3//4,descendant_1:1//1
865,project_1,L11,expansion,1,true,true,2//1,3//4,descendant_1:1//1
865,project_2,L00,expansion,1,true,false,2//1,3//4,descendant_1:1//1
865,project_2,L01,expansion,1,true,true,2//1,3//4,descendant_1:1//1
865,project_2,L10,expansion,1,true,false,2//1,3//4,descendant_1:1//1
865,project_2,L11,expansion,1,true,true,2//1,3//4,descendant_1:1//1
866,project_1,L00,expansion,3,true,false,1//2,1//4,descendant_1:1//1
866,project_1,L01,expansion,3,true,true,1//2,1//4,descendant_1:1//1
866,project_1,L10,expansion,3,true,false,1//2,1//4,descendant_1:1//1
866,project_1,L11,expansion,3,true,true,1//2,1//4,descendant_1:1//1
866,project_2,L00,expansion,3,true,false,1//2,1//4,descendant_1:1//1
866,project_2,L01,expansion,3,true,true,1//2,1//4,descendant_1:1//1
866,project_2,L10,expansion,3,true,false,1//2,1//4,descendant_1:1//1
866,project_2,L11,expansion,3,true,true,1//2,1//4,descendant_1:1//1
867,project_1,L00,expansion,3,true,false,1//2,3//4,descendant_1:1//1
867,project_1,L01,expansion,3,true,true,1//2,3//4,descendant_1:1//1
867,project_1,L10,expansion,3,true,false,1//2,3//4,descendant_1:1//1
867,project_1,L11,expansion,3,true,true,1//2,3//4,descendant_1:1//1
867,project_2,L00,expansion,3,true,false,1//2,3//4,descendant_1:1//1
867,project_2,L01,expansion,3,true,true,1//2,3//4,descendant_1:1//1
867,project_2,L10,expansion,3,true,false,1//2,3//4,descendant_1:1//1
867,project_2,L11,expansion,3,true,true,1//2,3//4,descendant_1:1//1
868,project_1,L00,bridge,1,true,false,1//2,3//4,descendant_1:1//1
868,project_1,L01,bridge,1,true,true,1//2,3//4,descendant_1:1//1
868,project_1,L10,bridge,1,true,false,1//2,3//4,descendant_1:1//1
868,project_1,L11,bridge,1,true,true,1//2,3//4,descendant_1:1//1
868,project_2,L00,bridge,1,true,false,1//2,3//4,descendant_1:1//1
868,project_2,L01,bridge,1,true,true,1//2,3//4,descendant_1:1//1
868,project_2,L10,bridge,1,true,false,1//2,3//4,descendant_1:1//1
868,project_2,L11,bridge,1,true,true,1//2,3//4,descendant_1:1//1
869,project_1,L00,bridge,1,true,false,2//1,3//4,descendant_1:1//1
869,project_1,L01,bridge,1,true,true,2//1,3//4,descendant_1:1//1
869,project_1,L10,bridge,1,true,false,2//1,3//4,descendant_1:1//1
869,project_1,L11,bridge,1,true,true,2//1,3//4,descendant_1:1//1
869,project_2,L00,bridge,1,true,false,2//1,3//4,descendant_1:1//1
869,project_2,L01,bridge,1,true,true,2//1,3//4,descendant_1:1//1
869,project_2,L10,bridge,1,true,false,2//1,3//4,descendant_1:1//1
869,project_2,L11,bridge,1,true,true,2//1,3//4,descendant_1:1//1
870,project_1,L00,bridge,1,true,false,2//1,3//4,descendant_1:1//1
870,project_1,L01,bridge,1,true,true,2//1,3//4,descendant_1:1//1
870,project_1,L10,bridge,1,true,false,2//1,3//4,descendant_1:1//1
870,project_1,L11,bridge,1,true,true,2//1,3//4,descendant_1:1//1
870,project_2,L00,bridge,1,true,false,2//1,3//4,descendant_1:1//1
870,project_2,L01,bridge,1,true,true,2//1,3//4,descendant_1:1//1
870,project_2,L10,bridge,1,true,false,2//1,3//4,descendant_1:1//1
870,project_2,L11,bridge,1,true,true,2//1,3//4,descendant_1:1//1
871,project_1,L00,bridge,1,true,false,1//2,1//4,descendant_1:1//1
871,project_1,L01,bridge,1,true,true,1//2,1//4,descendant_1:1//1
871,project_1,L10,bridge,1,true,false,1//2,1//4,descendant_1:1//1
871,project_1,L11,bridge,1,true,true,1//2,1//4,descendant_1:1//1
871,project_2,L00,bridge,1,true,false,1//2,1//4,descendant_1:1//1
871,project_2,L01,bridge,1,true,true,1//2,1//4,descendant_1:1//1
871,project_2,L10,bridge,1,true,false,1//2,1//4,descendant_1:1//1
871,project_2,L11,bridge,1,true,true,1//2,1//4,descendant_1:1//1
872,project_1,L00,expansion,3,true,false,2//1,1//4,descendant_1:1//1
872,project_1,L01,expansion,3,true,true,2//1,1//4,descendant_1:1//1
872,project_1,L10,expansion,3,true,false,2//1,1//4,descendant_1:1//1
872,project_1,L11,expansion,3,true,true,2//1,1//4,descendant_1:1//1
872,project_2,L00,expansion,3,true,false,2//1,1//4,descendant_1:1//1
872,project_2,L01,expansion,3,true,true,2//1,1//4,descendant_1:1//1
872,project_2,L10,expansion,3,true,false,2//1,1//4,descendant_1:1//1
872,project_2,L11,expansion,3,true,true,2//1,1//4,descendant_1:1//1
873,project_1,L00,expansion,3,true,false,2//1,3//4,descendant_1:1//1
873,project_1,L01,expansion,3,true,true,2//1,3//4,descendant_1:1//1
873,project_1,L10,expansion,3,true,false,2//1,3//4,descendant_1:1//1
873,project_1,L11,expansion,3,true,true,2//1,3//4,descendant_1:1//1
873,project_2,L00,expansion,3,true,false,2//1,3//4,descendant_1:1//1
873,project_2,L01,expansion,3,true,true,2//1,3//4,descendant_1:1//1
873,project_2,L10,expansion,3,true,false,2//1,3//4,descendant_1:1//1
873,project_2,L11,expansion,3,true,true,2//1,3//4,descendant_1:1//1
874,project_1,L00,bridge,1,true,false,2//1,1//4,descendant_1:1//1
874,project_1,L01,bridge,1,true,true,2//1,1//4,descendant_1:1//1
874,project_1,L10,bridge,1,true,false,2//1,1//4,descendant_1:1//1
874,project_1,L11,bridge,1,true,true,2//1,1//4,descendant_1:1//1
874,project_2,L00,bridge,1,true,false,2//1,1//4,descendant_1:1//1
874,project_2,L01,bridge,1,true,true,2//1,1//4,descendant_1:1//1
874,project_2,L10,bridge,1,true,false,2//1,1//4,descendant_1:1//1
874,project_2,L11,bridge,1,true,true,2//1,1//4,descendant_1:1//1
875,project_1,L00,bridge,3,true,false,1//2,3//4,descendant_1:1//1
875,project_1,L01,bridge,3,true,true,1//2,3//4,descendant_1:1//1
875,project_1,L10,bridge,3,true,false,1//2,3//4,descendant_1:1//1
875,project_1,L11,bridge,3,true,true,1//2,3//4,descendant_1:1//1
875,project_2,L00,bridge,3,true,false,1//2,3//4,descendant_1:1//1
875,project_2,L01,bridge,3,true,true,1//2,3//4,descendant_1:1//1
875,project_2,L10,bridge,3,true,false,1//2,3//4,descendant_1:1//1
875,project_2,L11,bridge,3,true,true,1//2,3//4,descendant_1:1//1
876,project_1,L00,expansion,1,true,false,2//1,1//4,descendant_1:1//1
876,project_1,L01,expansion,1,true,true,2//1,1//4,descendant_1:1//1
876,project_1,L10,expansion,1,true,false,2//1,1//4,descendant_1:1//1
876,project_1,L11,expansion,1,true,true,2//1,1//4,descendant_1:1//1
876,project_2,L00,expansion,1,true,false,2//1,1//4,descendant_1:1//1
876,project_2,L01,expansion,1,true,true,2//1,1//4,descendant_1:1//1
876,project_2,L10,expansion,1,true,false,2//1,1//4,descendant_1:1//1
876,project_2,L11,expansion,1,true,true,2//1,1//4,descendant_1:1//1
877,project_1,L00,expansion,1,true,false,1//2,3//4,descendant_1:1//1
877,project_1,L01,expansion,1,true,true,1//2,3//4,descendant_1:1//1
877,project_1,L10,expansion,1,true,false,1//2,3//4,descendant_1:1//1
877,project_1,L11,expansion,1,true,true,1//2,3//4,descendant_1:1//1
877,project_2,L00,expansion,1,true,false,1//2,3//4,descendant_1:1//1
877,project_2,L01,expansion,1,true,true,1//2,3//4,descendant_1:1//1
877,project_2,L10,expansion,1,true,false,1//2,3//4,descendant_1:1//1
877,project_2,L11,expansion,1,true,true,1//2,3//4,descendant_1:1//1
878,project_1,L00,expansion,1,true,false,2//1,3//4,descendant_1:1//1
878,project_1,L01,expansion,1,true,true,2//1,3//4,descendant_1:1//1
878,project_1,L10,expansion,1,true,false,2//1,3//4,descendant_1:1//1
878,project_1,L11,expansion,1,true,true,2//1,3//4,descendant_1:1//1
878,project_2,L00,expansion,1,true,false,2//1,3//4,descendant_1:1//1
878,project_2,L01,expansion,1,true,true,2//1,3//4,descendant_1:1//1
878,project_2,L10,expansion,1,true,false,2//1,3//4,descendant_1:1//1
878,project_2,L11,expansion,1,true,true,2//1,3//4,descendant_1:1//1
879,project_1,L00,bridge,1,true,false,2//1,3//4,descendant_1:1//1
879,project_1,L01,bridge,1,true,true,2//1,3//4,descendant_1:1//1
879,project_1,L10,bridge,1,true,false,2//1,3//4,descendant_1:1//1
879,project_1,L11,bridge,1,true,true,2//1,3//4,descendant_1:1//1
879,project_2,L00,bridge,1,true,false,2//1,3//4,descendant_1:1//1
879,project_2,L01,bridge,1,true,true,2//1,3//4,descendant_1:1//1
879,project_2,L10,bridge,1,true,false,2//1,3//4,descendant_1:1//1
879,project_2,L11,bridge,1,true,true,2//1,3//4,descendant_1:1//1
880,project_1,L00,expansion,1,true,false,1//2,1//4,descendant_1:1//1
880,project_1,L01,expansion,1,true,true,1//2,1//4,descendant_1:1//1
880,project_1,L10,expansion,1,true,false,1//2,1//4,descendant_1:1//1
880,project_1,L11,expansion,1,true,true,1//2,1//4,descendant_1:1//1
880,project_2,L00,expansion,1,true,false,1//2,1//4,descendant_1:1//1
880,project_2,L01,expansion,1,true,true,1//2,1//4,descendant_1:1//1
880,project_2,L10,expansion,1,true,false,1//2,1//4,descendant_1:1//1
880,project_2,L11,expansion,1,true,true,1//2,1//4,descendant_1:1//1
881,project_1,L00,expansion,3,true,false,2//1,1//4,descendant_1:1//1
881,project_1,L01,expansion,3,true,true,2//1,1//4,descendant_1:1//1
881,project_1,L10,expansion,3,true,false,2//1,1//4,descendant_1:1//1
881,project_1,L11,expansion,3,true,true,2//1,1//4,descendant_1:1//1
881,project_2,L00,expansion,3,true,false,2//1,1//4,descendant_1:1//1
881,project_2,L01,expansion,3,true,true,2//1,1//4,descendant_1:1//1
881,project_2,L10,expansion,3,true,false,2//1,1//4,descendant_1:1//1
881,project_2,L11,expansion,3,true,true,2//1,1//4,descendant_1:1//1
882,project_1,L00,expansion,3,true,false,1//2,3//4,descendant_1:1//1
882,project_1,L01,expansion,3,true,true,1//2,3//4,descendant_1:1//1
882,project_1,L10,expansion,3,true,false,1//2,3//4,descendant_1:1//1
882,project_1,L11,expansion,3,true,true,1//2,3//4,descendant_1:1//1
882,project_2,L00,expansion,3,true,false,1//2,3//4,descendant_1:1//1
882,project_2,L01,expansion,3,true,true,1//2,3//4,descendant_1:1//1
882,project_2,L10,expansion,3,true,false,1//2,3//4,descendant_1:1//1
882,project_2,L11,expansion,3,true,true,1//2,3//4,descendant_1:1//1
883,project_1,L00,expansion,3,true,false,2//1,3//4,descendant_1:1//1
883,project_1,L01,expansion,3,true,true,2//1,3//4,descendant_1:1//1
883,project_1,L10,expansion,3,true,false,2//1,3//4,descendant_1:1//1
883,project_1,L11,expansion,3,true,true,2//1,3//4,descendant_1:1//1
883,project_2,L00,expansion,3,true,false,2//1,3//4,descendant_1:1//1
883,project_2,L01,expansion,3,true,true,2//1,3//4,descendant_1:1//1
883,project_2,L10,expansion,3,true,false,2//1,3//4,descendant_1:1//1
883,project_2,L11,expansion,3,true,true,2//1,3//4,descendant_1:1//1
884,project_1,L00,bridge,1,true,false,1//2,1//4,descendant_1:1//1
884,project_1,L01,bridge,1,true,true,1//2,1//4,descendant_1:1//1
884,project_1,L10,bridge,1,true,false,1//2,1//4,descendant_1:1//1
884,project_1,L11,bridge,1,true,true,1//2,1//4,descendant_1:1//1
884,project_2,L00,bridge,1,true,false,1//2,1//4,descendant_1:1//1
884,project_2,L01,bridge,1,true,true,1//2,1//4,descendant_1:1//1
884,project_2,L10,bridge,1,true,false,1//2,1//4,descendant_1:1//1
884,project_2,L11,bridge,1,true,true,1//2,1//4,descendant_1:1//1
885,project_1,L00,bridge,1,true,false,2//1,3//4,descendant_1:1//1
885,project_1,L01,bridge,1,true,true,2//1,3//4,descendant_1:1//1
885,project_1,L10,bridge,1,true,false,2//1,3//4,descendant_1:1//1
885,project_1,L11,bridge,1,true,true,2//1,3//4,descendant_1:1//1
885,project_2,L00,bridge,1,true,false,2//1,3//4,descendant_1:1//1
885,project_2,L01,bridge,1,true,true,2//1,3//4,descendant_1:1//1
885,project_2,L10,bridge,1,true,false,2//1,3//4,descendant_1:1//1
885,project_2,L11,bridge,1,true,true,2//1,3//4,descendant_1:1//1
886,project_1,L00,expansion,1,true,false,1//2,1//4,descendant_1:1//1
886,project_1,L01,expansion,1,true,true,1//2,1//4,descendant_1:1//1
886,project_1,L10,expansion,1,true,false,1//2,1//4,descendant_1:1//1
886,project_1,L11,expansion,1,true,true,1//2,1//4,descendant_1:1//1
886,project_2,L00,expansion,1,true,false,1//2,1//4,descendant_1:1//1
886,project_2,L01,expansion,1,true,true,1//2,1//4,descendant_1:1//1
886,project_2,L10,expansion,1,true,false,1//2,1//4,descendant_1:1//1
886,project_2,L11,expansion,1,true,true,1//2,1//4,descendant_1:1//1
887,project_1,L00,bridge,3,true,false,1//2,1//4,descendant_1:1//1
887,project_1,L01,bridge,3,true,true,1//2,1//4,descendant_1:1//1
887,project_1,L10,bridge,3,true,false,1//2,1//4,descendant_1:1//1
887,project_1,L11,bridge,3,true,true,1//2,1//4,descendant_1:1//1
887,project_2,L00,bridge,3,true,false,1//2,1//4,descendant_1:1//1
887,project_2,L01,bridge,3,true,true,1//2,1//4,descendant_1:1//1
887,project_2,L10,bridge,3,true,false,1//2,1//4,descendant_1:1//1
887,project_2,L11,bridge,3,true,true,1//2,1//4,descendant_1:1//1
888,project_1,L00,bridge,1,true,false,1//2,1//4,descendant_1:1//1
888,project_1,L01,bridge,1,true,true,1//2,1//4,descendant_1:1//1
888,project_1,L10,bridge,1,true,false,1//2,1//4,descendant_1:1//1
888,project_1,L11,bridge,1,true,true,1//2,1//4,descendant_1:1//1
888,project_2,L00,bridge,1,true,false,1//2,1//4,descendant_1:1//1
888,project_2,L01,bridge,1,true,true,1//2,1//4,descendant_1:1//1
888,project_2,L10,bridge,1,true,false,1//2,1//4,descendant_1:1//1
888,project_2,L11,bridge,1,true,true,1//2,1//4,descendant_1:1//1
889,project_1,L00,bridge,1,true,false,1//2,3//4,descendant_1:1//1
889,project_1,L01,bridge,1,true,true,1//2,3//4,descendant_1:1//1
889,project_1,L10,bridge,1,true,false,1//2,3//4,descendant_1:1//1
889,project_1,L11,bridge,1,true,true,1//2,3//4,descendant_1:1//1
889,project_2,L00,bridge,1,true,false,1//2,3//4,descendant_1:1//1
889,project_2,L01,bridge,1,true,true,1//2,3//4,descendant_1:1//1
889,project_2,L10,bridge,1,true,false,1//2,3//4,descendant_1:1//1
889,project_2,L11,bridge,1,true,true,1//2,3//4,descendant_1:1//1
890,project_1,L00,bridge,1,true,false,2//1,3//4,descendant_1:1//1
890,project_1,L01,bridge,1,true,true,2//1,3//4,descendant_1:1//1
890,project_1,L10,bridge,1,true,false,2//1,3//4,descendant_1:1//1
890,project_1,L11,bridge,1,true,true,2//1,3//4,descendant_1:1//1
890,project_2,L00,bridge,1,true,false,2//1,3//4,descendant_1:1//1
890,project_2,L01,bridge,1,true,true,2//1,3//4,descendant_1:1//1
890,project_2,L10,bridge,1,true,false,2//1,3//4,descendant_1:1//1
890,project_2,L11,bridge,1,true,true,2//1,3//4,descendant_1:1//1
891,project_1,L00,bridge,3,true,false,2//1,3//4,descendant_1:1//1
891,project_1,L01,bridge,3,true,true,2//1,3//4,descendant_1:1//1
891,project_1,L10,bridge,3,true,false,2//1,3//4,descendant_1:1//1
891,project_1,L11,bridge,3,true,true,2//1,3//4,descendant_1:1//1
891,project_2,L00,bridge,3,true,false,2//1,3//4,descendant_1:1//1
891,project_2,L01,bridge,3,true,true,2//1,3//4,descendant_1:1//1
891,project_2,L10,bridge,3,true,false,2//1,3//4,descendant_1:1//1
891,project_2,L11,bridge,3,true,true,2//1,3//4,descendant_1:1//1
892,project_1,L00,expansion,3,true,false,1//2,1//4,descendant_1:1//1
892,project_1,L01,expansion,3,true,true,1//2,1//4,descendant_1:1//1
892,project_1,L10,expansion,3,true,false,1//2,1//4,descendant_1:1//1
892,project_1,L11,expansion,3,true,true,1//2,1//4,descendant_1:1//1
892,project_2,L00,expansion,3,true,false,1//2,1//4,descendant_1:1//1
892,project_2,L01,expansion,3,true,true,1//2,1//4,descendant_1:1//1
892,project_2,L10,expansion,3,true,false,1//2,1//4,descendant_1:1//1
892,project_2,L11,expansion,3,true,true,1//2,1//4,descendant_1:1//1
893,project_1,L00,bridge,3,true,false,2//1,1//4,descendant_1:1//1
893,project_1,L01,bridge,3,true,true,2//1,1//4,descendant_1:1//1
893,project_1,L10,bridge,3,true,false,2//1,1//4,descendant_1:1//1
893,project_1,L11,bridge,3,true,true,2//1,1//4,descendant_1:1//1
893,project_2,L00,bridge,3,true,false,2//1,1//4,descendant_1:1//1
893,project_2,L01,bridge,3,true,true,2//1,1//4,descendant_1:1//1
893,project_2,L10,bridge,3,true,false,2//1,1//4,descendant_1:1//1
893,project_2,L11,bridge,3,true,true,2//1,1//4,descendant_1:1//1
894,project_1,L00,expansion,1,true,false,2//1,1//4,descendant_1:1//1
894,project_1,L01,expansion,1,true,true,2//1,1//4,descendant_1:1//1
894,project_1,L10,expansion,1,true,false,2//1,1//4,descendant_1:1//1
894,project_1,L11,expansion,1,true,true,2//1,1//4,descendant_1:1//1
894,project_2,L00,expansion,1,true,false,2//1,1//4,descendant_1:1//1
894,project_2,L01,expansion,1,true,true,2//1,1//4,descendant_1:1//1
894,project_2,L10,expansion,1,true,false,2//1,1//4,descendant_1:1//1
894,project_2,L11,expansion,1,true,true,2//1,1//4,descendant_1:1//1
895,project_1,L00,expansion,1,true,false,2//1,3//4,descendant_1:1//1
895,project_1,L01,expansion,1,true,true,2//1,3//4,descendant_1:1//1
895,project_1,L10,expansion,1,true,false,2//1,3//4,descendant_1:1//1
895,project_1,L11,expansion,1,true,true,2//1,3//4,descendant_1:1//1
895,project_2,L00,expansion,1,true,false,2//1,3//4,descendant_1:1//1
895,project_2,L01,expansion,1,true,true,2//1,3//4,descendant_1:1//1
895,project_2,L10,expansion,1,true,false,2//1,3//4,descendant_1:1//1
895,project_2,L11,expansion,1,true,true,2//1,3//4,descendant_1:1//1
896,project_1,L00,bridge,3,true,false,2//1,1//4,descendant_1:1//1
896,project_1,L01,bridge,3,true,true,2//1,1//4,descendant_1:1//1
896,project_1,L10,bridge,3,true,false,2//1,1//4,descendant_1:1//1
896,project_1,L11,bridge,3,true,true,2//1,1//4,descendant_1:1//1
896,project_2,L00,bridge,3,true,false,2//1,1//4,descendant_1:1//1
896,project_2,L01,bridge,3,true,true,2//1,1//4,descendant_1:1//1
896,project_2,L10,bridge,3,true,false,2//1,1//4,descendant_1:1//1
896,project_2,L11,bridge,3,true,true,2//1,1//4,descendant_1:1//1
897,project_1,L00,core_c,1,true,true,2//1,3//4,descendant_1:1//1
897,project_1,L01,core_c,1,true,true,2//1,3//4,descendant_1:1//1
897,project_1,L10,core_c,1,true,true,2//1,3//4,descendant_1:1//1
897,project_1,L11,core_c,1,true,true,2//1,3//4,descendant_1:1//1
897,project_2,L00,expansion,1,true,false,2//1,3//4,descendant_1:1//1
897,project_2,L01,expansion,1,true,true,2//1,3//4,descendant_1:1//1
897,project_2,L10,expansion,1,true,false,2//1,3//4,descendant_1:1//1
897,project_2,L11,expansion,1,true,true,2//1,3//4,descendant_1:1//1
898,project_1,L00,core_a,1,true,true,1//2,1//4,descendant_1:1//1
898,project_1,L01,core_a,1,true,true,1//2,1//4,descendant_1:1//1
898,project_1,L10,core_a,1,true,true,1//2,1//4,descendant_1:1//1
898,project_1,L11,core_a,1,true,true,1//2,1//4,descendant_1:1//1
898,project_2,L00,bridge,1,true,false,1//2,1//4,descendant_1:1//1
898,project_2,L01,bridge,1,true,true,1//2,1//4,descendant_1:1//1
898,project_2,L10,bridge,1,true,false,1//2,1//4,descendant_1:1//1
898,project_2,L11,bridge,1,true,true,1//2,1//4,descendant_1:1//1
899,project_1,L00,core_b,1,true,true,2//1,1//4,descendant_1:1//1
899,project_1,L01,core_b,1,true,true,2//1,1//4,descendant_1:1//1
899,project_1,L10,core_b,1,true,true,2//1,1//4,descendant_1:1//1
899,project_1,L11,core_b,1,true,true,2//1,1//4,descendant_1:1//1
899,project_2,L00,expansion,1,true,false,2//1,1//4,descendant_1:1//1
899,project_2,L01,expansion,1,true,true,2//1,1//4,descendant_1:1//1
899,project_2,L10,expansion,1,true,false,2//1,1//4,descendant_1:1//1
899,project_2,L11,expansion,1,true,true,2//1,1//4,descendant_1:1//1
900,project_1,L00,core_a,3,true,true,2//1,1//4,descendant_1:1//1
900,project_1,L01,core_a,3,true,true,2//1,1//4,descendant_1:1//1
900,project_1,L10,core_a,3,true,true,2//1,1//4,descendant_1:1//1
900,project_1,L11,core_a,3,true,true,2//1,1//4,descendant_1:1//1
900,project_2,L00,bridge,3,true,false,2//1,1//4,descendant_1:1//1
900,project_2,L01,bridge,3,true,true,2//1,1//4,descendant_1:1//1
900,project_2,L10,bridge,3,true,false,2//1,1//4,descendant_1:1//1
900,project_2,L11,bridge,3,true,true,2//1,1//4,descendant_1:1//1
901,project_1,L00,core_b,1,true,true,1//2,3//4,descendant_1:1//1
901,project_1,L01,core_b,1,true,true,1//2,3//4,descendant_1:1//1
901,project_1,L10,core_b,1,true,true,1//2,3//4,descendant_1:1//1
901,project_1,L11,core_b,1,true,true,1//2,3//4,descendant_1:1//1
901,project_2,L00,expansion,1,true,false,1//2,3//4,descendant_1:1//1
901,project_2,L01,expansion,1,true,true,1//2,3//4,descendant_1:1//1
901,project_2,L10,expansion,1,true,false,1//2,3//4,descendant_1:1//1
901,project_2,L11,expansion,1,true,true,1//2,3//4,descendant_1:1//1
902,project_1,L00,core_c,3,true,true,1//2,3//4,descendant_1:1//1
902,project_1,L01,core_c,3,true,true,1//2,3//4,descendant_1:1//1
902,project_1,L10,core_c,3,true,true,1//2,3//4,descendant_1:1//1
902,project_1,L11,core_c,3,true,true,1//2,3//4,descendant_1:1//1
902,project_2,L00,expansion,3,true,false,1//2,3//4,descendant_1:1//1
902,project_2,L01,expansion,3,true,true,1//2,3//4,descendant_1:1//1
902,project_2,L10,expansion,3,true,false,1//2,3//4,descendant_1:1//1
902,project_2,L11,expansion,3,true,true,1//2,3//4,descendant_1:1//1
903,project_1,L00,core_a,3,true,true,2//1,1//4,descendant_1:1//1
903,project_1,L01,core_a,3,true,true,2//1,1//4,descendant_1:1//1
903,project_1,L10,core_a,3,true,true,2//1,1//4,descendant_1:1//1
903,project_1,L11,core_a,3,true,true,2//1,1//4,descendant_1:1//1
903,project_2,L00,expansion,3,true,false,2//1,1//4,descendant_1:1//1
903,project_2,L01,expansion,3,true,true,2//1,1//4,descendant_1:1//1
903,project_2,L10,expansion,3,true,false,2//1,1//4,descendant_1:1//1
903,project_2,L11,expansion,3,true,true,2//1,1//4,descendant_1:1//1
904,project_1,L00,core_a,1,true,true,1//2,1//4,descendant_1:1//1
904,project_1,L01,core_a,1,true,true,1//2,1//4,descendant_1:1//1
904,project_1,L10,core_a,1,true,true,1//2,1//4,descendant_1:1//1
904,project_1,L11,core_a,1,true,true,1//2,1//4,descendant_1:1//1
904,project_2,L00,expansion,1,true,false,1//2,1//4,descendant_1:1//1
904,project_2,L01,expansion,1,true,true,1//2,1//4,descendant_1:1//1
904,project_2,L10,expansion,1,true,false,1//2,1//4,descendant_1:1//1
904,project_2,L11,expansion,1,true,true,1//2,1//4,descendant_1:1//1
905,project_1,L00,core_c,3,true,true,1//2,1//4,descendant_1:1//1
905,project_1,L01,core_c,3,true,true,1//2,1//4,descendant_1:1//1
905,project_1,L10,core_c,3,true,true,1//2,1//4,descendant_1:1//1
905,project_1,L11,core_c,3,true,true,1//2,1//4,descendant_1:1//1
905,project_2,L00,expansion,3,true,false,1//2,1//4,descendant_1:1//1
905,project_2,L01,expansion,3,true,true,1//2,1//4,descendant_1:1//1
905,project_2,L10,expansion,3,true,false,1//2,1//4,descendant_1:1//1
905,project_2,L11,expansion,3,true,true,1//2,1//4,descendant_1:1//1
906,project_1,L00,core_b,1,true,true,1//2,1//4,descendant_1:1//1
906,project_1,L01,core_b,1,true,true,1//2,1//4,descendant_1:1//1
906,project_1,L10,core_b,1,true,true,1//2,1//4,descendant_1:1//1
906,project_1,L11,core_b,1,true,true,1//2,1//4,descendant_1:1//1
906,project_2,L00,bridge,1,true,false,1//2,1//4,descendant_1:1//1
906,project_2,L01,bridge,1,true,true,1//2,1//4,descendant_1:1//1
906,project_2,L10,bridge,1,true,false,1//2,1//4,descendant_1:1//1
906,project_2,L11,bridge,1,true,true,1//2,1//4,descendant_1:1//1
907,project_1,L00,core_c,1,true,true,2//1,1//4,descendant_1:1//1
907,project_1,L01,core_c,1,true,true,2//1,1//4,descendant_1:1//1
907,project_1,L10,core_c,1,true,true,2//1,1//4,descendant_1:1//1
907,project_1,L11,core_c,1,true,true,2//1,1//4,descendant_1:1//1
907,project_2,L00,expansion,1,true,false,2//1,1//4,descendant_1:1//1
907,project_2,L01,expansion,1,true,true,2//1,1//4,descendant_1:1//1
907,project_2,L10,expansion,1,true,false,2//1,1//4,descendant_1:1//1
907,project_2,L11,expansion,1,true,true,2//1,1//4,descendant_1:1//1
908,project_1,L00,core_c,3,true,true,1//2,3//4,descendant_1:1//1
908,project_1,L01,core_c,3,true,true,1//2,3//4,descendant_1:1//1
908,project_1,L10,core_c,3,true,true,1//2,3//4,descendant_1:1//1
908,project_1,L11,core_c,3,true,true,1//2,3//4,descendant_1:1//1
908,project_2,L00,bridge,3,true,false,1//2,3//4,descendant_1:1//1
908,project_2,L01,bridge,3,true,true,1//2,3//4,descendant_1:1//1
908,project_2,L10,bridge,3,true,false,1//2,3//4,descendant_1:1//1
908,project_2,L11,bridge,3,true,true,1//2,3//4,descendant_1:1//1
909,project_1,L00,core_b,3,true,true,2//1,1//4,descendant_1:1//1
909,project_1,L01,core_b,3,true,true,2//1,1//4,descendant_1:1//1
909,project_1,L10,core_b,3,true,true,2//1,1//4,descendant_1:1//1
909,project_1,L11,core_b,3,true,true,2//1,1//4,descendant_1:1//1
909,project_2,L00,expansion,3,true,false,2//1,1//4,descendant_1:1//1
909,project_2,L01,expansion,3,true,true,2//1,1//4,descendant_1:1//1
909,project_2,L10,expansion,3,true,false,2//1,1//4,descendant_1:1//1
909,project_2,L11,expansion,3,true,true,2//1,1//4,descendant_1:1//1
910,project_1,L00,core_c,1,true,true,1//2,3//4,descendant_1:1//1
910,project_1,L01,core_c,1,true,true,1//2,3//4,descendant_1:1//1
910,project_1,L10,core_c,1,true,true,1//2,3//4,descendant_1:1//1
910,project_1,L11,core_c,1,true,true,1//2,3//4,descendant_1:1//1
910,project_2,L00,expansion,1,true,false,1//2,3//4,descendant_1:1//1
910,project_2,L01,expansion,1,true,true,1//2,3//4,descendant_1:1//1
910,project_2,L10,expansion,1,true,false,1//2,3//4,descendant_1:1//1
910,project_2,L11,expansion,1,true,true,1//2,3//4,descendant_1:1//1
911,project_1,L00,core_b,1,true,true,1//2,3//4,descendant_1:1//1
911,project_1,L01,core_b,1,true,true,1//2,3//4,descendant_1:1//1
911,project_1,L10,core_b,1,true,true,1//2,3//4,descendant_1:1//1
911,project_1,L11,core_b,1,true,true,1//2,3//4,descendant_1:1//1
911,project_2,L00,expansion,1,true,false,1//2,3//4,descendant_1:1//1
911,project_2,L01,expansion,1,true,true,1//2,3//4,descendant_1:1//1
911,project_2,L10,expansion,1,true,false,1//2,3//4,descendant_1:1//1
911,project_2,L11,expansion,1,true,true,1//2,3//4,descendant_1:1//1
912,project_1,L00,core_c,1,true,true,2//1,3//4,descendant_1:1//1
912,project_1,L01,core_c,1,true,true,2//1,3//4,descendant_1:1//1
912,project_1,L10,core_c,1,true,true,2//1,3//4,descendant_1:1//1
912,project_1,L11,core_c,1,true,true,2//1,3//4,descendant_1:1//1
912,project_2,L00,expansion,1,true,false,2//1,3//4,descendant_1:1//1
912,project_2,L01,expansion,1,true,true,2//1,3//4,descendant_1:1//1
912,project_2,L10,expansion,1,true,false,2//1,3//4,descendant_1:1//1
912,project_2,L11,expansion,1,true,true,2//1,3//4,descendant_1:1//1
913,project_1,L00,core_b,1,true,true,1//2,1//4,descendant_1:1//1
913,project_1,L01,core_b,1,true,true,1//2,1//4,descendant_1:1//1
913,project_1,L10,core_b,1,true,true,1//2,1//4,descendant_1:1//1
913,project_1,L11,core_b,1,true,true,1//2,1//4,descendant_1:1//1
913,project_2,L00,bridge,1,true,false,1//2,1//4,descendant_1:1//1
913,project_2,L01,bridge,1,true,true,1//2,1//4,descendant_1:1//1
913,project_2,L10,bridge,1,true,false,1//2,1//4,descendant_1:1//1
913,project_2,L11,bridge,1,true,true,1//2,1//4,descendant_1:1//1
914,project_1,L00,core_c,1,true,true,2//1,1//4,descendant_1:1//1
914,project_1,L01,core_c,1,true,true,2//1,1//4,descendant_1:1//1
914,project_1,L10,core_c,1,true,true,2//1,1//4,descendant_1:1//1
914,project_1,L11,core_c,1,true,true,2//1,1//4,descendant_1:1//1
914,project_2,L00,bridge,1,true,false,2//1,1//4,descendant_1:1//1
914,project_2,L01,bridge,1,true,true,2//1,1//4,descendant_1:1//1
914,project_2,L10,bridge,1,true,false,2//1,1//4,descendant_1:1//1
914,project_2,L11,bridge,1,true,true,2//1,1//4,descendant_1:1//1
915,project_1,L00,core_c,1,true,true,1//2,1//4,descendant_1:1//1
915,project_1,L01,core_c,1,true,true,1//2,1//4,descendant_1:1//1
915,project_1,L10,core_c,1,true,true,1//2,1//4,descendant_1:1//1
915,project_1,L11,core_c,1,true,true,1//2,1//4,descendant_1:1//1
915,project_2,L00,expansion,1,true,false,1//2,1//4,descendant_1:1//1
915,project_2,L01,expansion,1,true,true,1//2,1//4,descendant_1:1//1
915,project_2,L10,expansion,1,true,false,1//2,1//4,descendant_1:1//1
915,project_2,L11,expansion,1,true,true,1//2,1//4,descendant_1:1//1
916,project_1,L00,core_a,3,true,true,1//2,1//4,descendant_1:1//1
916,project_1,L01,core_a,3,true,true,1//2,1//4,descendant_1:1//1
916,project_1,L10,core_a,3,true,true,1//2,1//4,descendant_1:1//1
916,project_1,L11,core_a,3,true,true,1//2,1//4,descendant_1:1//1
916,project_2,L00,bridge,3,true,false,1//2,1//4,descendant_1:1//1
916,project_2,L01,bridge,3,true,true,1//2,1//4,descendant_1:1//1
916,project_2,L10,bridge,3,true,false,1//2,1//4,descendant_1:1//1
916,project_2,L11,bridge,3,true,true,1//2,1//4,descendant_1:1//1
917,project_1,L00,core_c,1,true,true,1//2,3//4,descendant_1:1//1
917,project_1,L01,core_c,1,true,true,1//2,3//4,descendant_1:1//1
917,project_1,L10,core_c,1,true,true,1//2,3//4,descendant_1:1//1
917,project_1,L11,core_c,1,true,true,1//2,3//4,descendant_1:1//1
917,project_2,L00,bridge,1,true,false,1//2,3//4,descendant_1:1//1
917,project_2,L01,bridge,1,true,true,1//2,3//4,descendant_1:1//1
917,project_2,L10,bridge,1,true,false,1//2,3//4,descendant_1:1//1
917,project_2,L11,bridge,1,true,true,1//2,3//4,descendant_1:1//1
918,project_1,L00,core_b,3,true,true,1//2,3//4,descendant_1:1//1
918,project_1,L01,core_b,3,true,true,1//2,3//4,descendant_1:1//1
918,project_1,L10,core_b,3,true,true,1//2,3//4,descendant_1:1//1
918,project_1,L11,core_b,3,true,true,1//2,3//4,descendant_1:1//1
918,project_2,L00,bridge,3,true,false,1//2,3//4,descendant_1:1//1
918,project_2,L01,bridge,3,true,true,1//2,3//4,descendant_1:1//1
918,project_2,L10,bridge,3,true,false,1//2,3//4,descendant_1:1//1
918,project_2,L11,bridge,3,true,true,1//2,3//4,descendant_1:1//1
919,project_1,L00,core_c,3,true,true,1//2,3//4,descendant_1:1//1
919,project_1,L01,core_c,3,true,true,1//2,3//4,descendant_1:1//1
919,project_1,L10,core_c,3,true,true,1//2,3//4,descendant_1:1//1
919,project_1,L11,core_c,3,true,true,1//2,3//4,descendant_1:1//1
919,project_2,L00,bridge,3,true,false,1//2,3//4,descendant_1:1//1
919,project_2,L01,bridge,3,true,true,1//2,3//4,descendant_1:1//1
919,project_2,L10,bridge,3,true,false,1//2,3//4,descendant_1:1//1
919,project_2,L11,bridge,3,true,true,1//2,3//4,descendant_1:1//1
920,project_1,L00,core_a,3,true,true,1//2,1//4,descendant_1:1//1
920,project_1,L01,core_a,3,true,true,1//2,1//4,descendant_1:1//1
920,project_1,L10,core_a,3,true,true,1//2,1//4,descendant_1:1//1
920,project_1,L11,core_a,3,true,true,1//2,1//4,descendant_1:1//1
920,project_2,L00,expansion,3,true,false,1//2,1//4,descendant_1:1//1
920,project_2,L01,expansion,3,true,true,1//2,1//4,descendant_1:1//1
920,project_2,L10,expansion,3,true,false,1//2,1//4,descendant_1:1//1
920,project_2,L11,expansion,3,true,true,1//2,1//4,descendant_1:1//1
921,project_1,L00,core_a,3,true,true,2//1,3//4,descendant_1:1//1
921,project_1,L01,core_a,3,true,true,2//1,3//4,descendant_1:1//1
921,project_1,L10,core_a,3,true,true,2//1,3//4,descendant_1:1//1
921,project_1,L11,core_a,3,true,true,2//1,3//4,descendant_1:1//1
921,project_2,L00,bridge,3,true,false,2//1,3//4,descendant_1:1//1
921,project_2,L01,bridge,3,true,true,2//1,3//4,descendant_1:1//1
921,project_2,L10,bridge,3,true,false,2//1,3//4,descendant_1:1//1
921,project_2,L11,bridge,3,true,true,2//1,3//4,descendant_1:1//1
922,project_1,L00,core_c,1,true,true,2//1,3//4,descendant_1:1//1
922,project_1,L01,core_c,1,true,true,2//1,3//4,descendant_1:1//1
922,project_1,L10,core_c,1,true,true,2//1,3//4,descendant_1:1//1
922,project_1,L11,core_c,1,true,true,2//1,3//4,descendant_1:1//1
922,project_2,L00,expansion,1,true,false,2//1,3//4,descendant_1:1//1
922,project_2,L01,expansion,1,true,true,2//1,3//4,descendant_1:1//1
922,project_2,L10,expansion,1,true,false,2//1,3//4,descendant_1:1//1
922,project_2,L11,expansion,1,true,true,2//1,3//4,descendant_1:1//1
923,project_1,L00,core_a,3,true,true,2//1,3//4,descendant_1:1//1
923,project_1,L01,core_a,3,true,true,2//1,3//4,descendant_1:1//1
923,project_1,L10,core_a,3,true,true,2//1,3//4,descendant_1:1//1
923,project_1,L11,core_a,3,true,true,2//1,3//4,descendant_1:1//1
923,project_2,L00,expansion,3,true,false,2//1,3//4,descendant_1:1//1
923,project_2,L01,expansion,3,true,true,2//1,3//4,descendant_1:1//1
923,project_2,L10,expansion,3,true,false,2//1,3//4,descendant_1:1//1
923,project_2,L11,expansion,3,true,true,2//1,3//4,descendant_1:1//1
924,project_1,L00,core_a,1,true,true,2//1,1//4,descendant_1:1//1
924,project_1,L01,core_a,1,true,true,2//1,1//4,descendant_1:1//1
924,project_1,L10,core_a,1,true,true,2//1,1//4,descendant_1:1//1
924,project_1,L11,core_a,1,true,true,2//1,1//4,descendant_1:1//1
924,project_2,L00,expansion,1,true,false,2//1,1//4,descendant_1:1//1
924,project_2,L01,expansion,1,true,true,2//1,1//4,descendant_1:1//1
924,project_2,L10,expansion,1,true,false,2//1,1//4,descendant_1:1//1
924,project_2,L11,expansion,1,true,true,2//1,1//4,descendant_1:1//1
925,project_1,L00,core_c,3,true,true,1//2,1//4,descendant_1:1//1
925,project_1,L01,core_c,3,true,true,1//2,1//4,descendant_1:1//1
925,project_1,L10,core_c,3,true,true,1//2,1//4,descendant_1:1//1
925,project_1,L11,core_c,3,true,true,1//2,1//4,descendant_1:1//1
925,project_2,L00,expansion,3,true,false,1//2,1//4,descendant_1:1//1
925,project_2,L01,expansion,3,true,true,1//2,1//4,descendant_1:1//1
925,project_2,L10,expansion,3,true,false,1//2,1//4,descendant_1:1//1
925,project_2,L11,expansion,3,true,true,1//2,1//4,descendant_1:1//1
926,project_1,L00,core_c,1,true,true,2//1,1//4,descendant_1:1//1
926,project_1,L01,core_c,1,true,true,2//1,1//4,descendant_1:1//1
926,project_1,L10,core_c,1,true,true,2//1,1//4,descendant_1:1//1
926,project_1,L11,core_c,1,true,true,2//1,1//4,descendant_1:1//1
926,project_2,L00,bridge,1,true,false,2//1,1//4,descendant_1:1//1
926,project_2,L01,bridge,1,true,true,2//1,1//4,descendant_1:1//1
926,project_2,L10,bridge,1,true,false,2//1,1//4,descendant_1:1//1
926,project_2,L11,bridge,1,true,true,2//1,1//4,descendant_1:1//1
927,project_1,L00,core_a,1,true,true,1//2,3//4,descendant_1:1//1
927,project_1,L01,core_a,1,true,true,1//2,3//4,descendant_1:1//1
927,project_1,L10,core_a,1,true,true,1//2,3//4,descendant_1:1//1
927,project_1,L11,core_a,1,true,true,1//2,3//4,descendant_1:1//1
927,project_2,L00,expansion,1,true,false,1//2,3//4,descendant_1:1//1
927,project_2,L01,expansion,1,true,true,1//2,3//4,descendant_1:1//1
927,project_2,L10,expansion,1,true,false,1//2,3//4,descendant_1:1//1
927,project_2,L11,expansion,1,true,true,1//2,3//4,descendant_1:1//1
928,project_1,L00,core_b,1,true,true,1//2,3//4,descendant_1:1//1
928,project_1,L01,core_b,1,true,true,1//2,3//4,descendant_1:1//1
928,project_1,L10,core_b,1,true,true,1//2,3//4,descendant_1:1//1
928,project_1,L11,core_b,1,true,true,1//2,3//4,descendant_1:1//1
928,project_2,L00,bridge,1,true,false,1//2,3//4,descendant_1:1//1
928,project_2,L01,bridge,1,true,true,1//2,3//4,descendant_1:1//1
928,project_2,L10,bridge,1,true,false,1//2,3//4,descendant_1:1//1
928,project_2,L11,bridge,1,true,true,1//2,3//4,descendant_1:1//1
929,project_1,L00,core_c,1,true,true,1//2,1//4,descendant_1:1//1
929,project_1,L01,core_c,1,true,true,1//2,1//4,descendant_1:1//1
929,project_1,L10,core_c,1,true,true,1//2,1//4,descendant_1:1//1
929,project_1,L11,core_c,1,true,true,1//2,1//4,descendant_1:1//1
929,project_2,L00,bridge,1,true,false,1//2,1//4,descendant_1:1//1
929,project_2,L01,bridge,1,true,true,1//2,1//4,descendant_1:1//1
929,project_2,L10,bridge,1,true,false,1//2,1//4,descendant_1:1//1
929,project_2,L11,bridge,1,true,true,1//2,1//4,descendant_1:1//1
930,project_1,L00,core_c,3,true,true,2//1,1//4,descendant_1:1//1
930,project_1,L01,core_c,3,true,true,2//1,1//4,descendant_1:1//1
930,project_1,L10,core_c,3,true,true,2//1,1//4,descendant_1:1//1
930,project_1,L11,core_c,3,true,true,2//1,1//4,descendant_1:1//1
930,project_2,L00,bridge,3,true,false,2//1,1//4,descendant_1:1//1
930,project_2,L01,bridge,3,true,true,2//1,1//4,descendant_1:1//1
930,project_2,L10,bridge,3,true,false,2//1,1//4,descendant_1:1//1
930,project_2,L11,bridge,3,true,true,2//1,1//4,descendant_1:1//1
931,project_1,L00,core_b,1,true,true,2//1,3//4,descendant_1:1//1
931,project_1,L01,core_b,1,true,true,2//1,3//4,descendant_1:1//1
931,project_1,L10,core_b,1,true,true,2//1,3//4,descendant_1:1//1
931,project_1,L11,core_b,1,true,true,2//1,3//4,descendant_1:1//1
931,project_2,L00,bridge,1,true,false,2//1,3//4,descendant_1:1//1
931,project_2,L01,bridge,1,true,true,2//1,3//4,descendant_1:1//1
931,project_2,L10,bridge,1,true,false,2//1,3//4,descendant_1:1//1
931,project_2,L11,bridge,1,true,true,2//1,3//4,descendant_1:1//1
932,project_1,L00,core_c,1,true,true,1//2,1//4,descendant_1:1//1
932,project_1,L01,core_c,1,true,true,1//2,1//4,descendant_1:1//1
932,project_1,L10,core_c,1,true,true,1//2,1//4,descendant_1:1//1
932,project_1,L11,core_c,1,true,true,1//2,1//4,descendant_1:1//1
932,project_2,L00,expansion,1,true,false,1//2,1//4,descendant_1:1//1
932,project_2,L01,expansion,1,true,true,1//2,1//4,descendant_1:1//1
932,project_2,L10,expansion,1,true,false,1//2,1//4,descendant_1:1//1
932,project_2,L11,expansion,1,true,true,1//2,1//4,descendant_1:1//1
933,project_1,L00,core_b,1,true,true,1//2,3//4,descendant_1:1//1
933,project_1,L01,core_b,1,true,true,1//2,3//4,descendant_1:1//1
933,project_1,L10,core_b,1,true,true,1//2,3//4,descendant_1:1//1
933,project_1,L11,core_b,1,true,true,1//2,3//4,descendant_1:1//1
933,project_2,L00,expansion,1,true,false,1//2,3//4,descendant_1:1//1
933,project_2,L01,expansion,1,true,true,1//2,3//4,descendant_1:1//1
933,project_2,L10,expansion,1,true,false,1//2,3//4,descendant_1:1//1
933,project_2,L11,expansion,1,true,true,1//2,3//4,descendant_1:1//1
934,project_1,L00,core_c,3,true,true,1//2,1//4,descendant_1:1//1
934,project_1,L01,core_c,3,true,true,1//2,1//4,descendant_1:1//1
934,project_1,L10,core_c,3,true,true,1//2,1//4,descendant_1:1//1
934,project_1,L11,core_c,3,true,true,1//2,1//4,descendant_1:1//1
934,project_2,L00,bridge,3,true,false,1//2,1//4,descendant_1:1//1
934,project_2,L01,bridge,3,true,true,1//2,1//4,descendant_1:1//1
934,project_2,L10,bridge,3,true,false,1//2,1//4,descendant_1:1//1
934,project_2,L11,bridge,3,true,true,1//2,1//4,descendant_1:1//1
935,project_1,L00,core_c,1,true,true,2//1,1//4,descendant_1:1//1
935,project_1,L01,core_c,1,true,true,2//1,1//4,descendant_1:1//1
935,project_1,L10,core_c,1,true,true,2//1,1//4,descendant_1:1//1
935,project_1,L11,core_c,1,true,true,2//1,1//4,descendant_1:1//1
935,project_2,L00,expansion,1,true,false,2//1,1//4,descendant_1:1//1
935,project_2,L01,expansion,1,true,true,2//1,1//4,descendant_1:1//1
935,project_2,L10,expansion,1,true,false,2//1,1//4,descendant_1:1//1
935,project_2,L11,expansion,1,true,true,2//1,1//4,descendant_1:1//1
936,project_1,L00,core_c,1,true,true,2//1,1//4,descendant_1:1//1
936,project_1,L01,core_c,1,true,true,2//1,1//4,descendant_1:1//1
936,project_1,L10,core_c,1,true,true,2//1,1//4,descendant_1:1//1
936,project_1,L11,core_c,1,true,true,2//1,1//4,descendant_1:1//1
936,project_2,L00,bridge,1,true,false,2//1,1//4,descendant_1:1//1
936,project_2,L01,bridge,1,true,true,2//1,1//4,descendant_1:1//1
936,project_2,L10,bridge,1,true,false,2//1,1//4,descendant_1:1//1
936,project_2,L11,bridge,1,true,true,2//1,1//4,descendant_1:1//1
937,project_1,L00,core_b,1,true,true,1//2,3//4,descendant_1:1//1
937,project_1,L01,core_b,1,true,true,1//2,3//4,descendant_1:1//1
937,project_1,L10,core_b,1,true,true,1//2,3//4,descendant_1:1//1
937,project_1,L11,core_b,1,true,true,1//2,3//4,descendant_1:1//1
937,project_2,L00,bridge,1,true,false,1//2,3//4,descendant_1:1//1
937,project_2,L01,bridge,1,true,true,1//2,3//4,descendant_1:1//1
937,project_2,L10,bridge,1,true,false,1//2,3//4,descendant_1:1//1
937,project_2,L11,bridge,1,true,true,1//2,3//4,descendant_1:1//1
938,project_1,L00,core_c,1,true,true,2//1,3//4,descendant_1:1//1
938,project_1,L01,core_c,1,true,true,2//1,3//4,descendant_1:1//1
938,project_1,L10,core_c,1,true,true,2//1,3//4,descendant_1:1//1
938,project_1,L11,core_c,1,true,true,2//1,3//4,descendant_1:1//1
938,project_2,L00,bridge,1,true,false,2//1,3//4,descendant_1:1//1
938,project_2,L01,bridge,1,true,true,2//1,3//4,descendant_1:1//1
938,project_2,L10,bridge,1,true,false,2//1,3//4,descendant_1:1//1
938,project_2,L11,bridge,1,true,true,2//1,3//4,descendant_1:1//1
939,project_1,L00,core_b,1,true,true,1//2,1//4,descendant_1:1//1
939,project_1,L01,core_b,1,true,true,1//2,1//4,descendant_1:1//1
939,project_1,L10,core_b,1,true,true,1//2,1//4,descendant_1:1//1
939,project_1,L11,core_b,1,true,true,1//2,1//4,descendant_1:1//1
939,project_2,L00,expansion,1,true,false,1//2,1//4,descendant_1:1//1
939,project_2,L01,expansion,1,true,true,1//2,1//4,descendant_1:1//1
939,project_2,L10,expansion,1,true,false,1//2,1//4,descendant_1:1//1
939,project_2,L11,expansion,1,true,true,1//2,1//4,descendant_1:1//1
940,project_1,L00,core_a,1,true,true,2//1,3//4,descendant_1:1//1
940,project_1,L01,core_a,1,true,true,2//1,3//4,descendant_1:1//1
940,project_1,L10,core_a,1,true,true,2//1,3//4,descendant_1:1//1
940,project_1,L11,core_a,1,true,true,2//1,3//4,descendant_1:1//1
940,project_2,L00,bridge,1,true,false,2//1,3//4,descendant_1:1//1
940,project_2,L01,bridge,1,true,true,2//1,3//4,descendant_1:1//1
940,project_2,L10,bridge,1,true,false,2//1,3//4,descendant_1:1//1
940,project_2,L11,bridge,1,true,true,2//1,3//4,descendant_1:1//1
941,project_1,L00,core_a,3,true,true,2//1,3//4,descendant_1:1//1
941,project_1,L01,core_a,3,true,true,2//1,3//4,descendant_1:1//1
941,project_1,L10,core_a,3,true,true,2//1,3//4,descendant_1:1//1
941,project_1,L11,core_a,3,true,true,2//1,3//4,descendant_1:1//1
941,project_2,L00,expansion,3,true,false,2//1,3//4,descendant_1:1//1
941,project_2,L01,expansion,3,true,true,2//1,3//4,descendant_1:1//1
941,project_2,L10,expansion,3,true,false,2//1,3//4,descendant_1:1//1
941,project_2,L11,expansion,3,true,true,2//1,3//4,descendant_1:1//1
942,project_1,L00,core_c,3,true,true,2//1,3//4,descendant_1:1//1
942,project_1,L01,core_c,3,true,true,2//1,3//4,descendant_1:1//1
942,project_1,L10,core_c,3,true,true,2//1,3//4,descendant_1:1//1
942,project_1,L11,core_c,3,true,true,2//1,3//4,descendant_1:1//1
942,project_2,L00,bridge,3,true,false,2//1,3//4,descendant_1:1//1
942,project_2,L01,bridge,3,true,true,2//1,3//4,descendant_1:1//1
942,project_2,L10,bridge,3,true,false,2//1,3//4,descendant_1:1//1
942,project_2,L11,bridge,3,true,true,2//1,3//4,descendant_1:1//1
943,project_1,L00,core_a,3,true,true,1//2,1//4,descendant_1:1//1
943,project_1,L01,core_a,3,true,true,1//2,1//4,descendant_1:1//1
943,project_1,L10,core_a,3,true,true,1//2,1//4,descendant_1:1//1
943,project_1,L11,core_a,3,true,true,1//2,1//4,descendant_1:1//1
943,project_2,L00,bridge,3,true,false,1//2,1//4,descendant_1:1//1
943,project_2,L01,bridge,3,true,true,1//2,1//4,descendant_1:1//1
943,project_2,L10,bridge,3,true,false,1//2,1//4,descendant_1:1//1
943,project_2,L11,bridge,3,true,true,1//2,1//4,descendant_1:1//1
944,project_1,L00,core_a,1,true,true,1//2,1//4,descendant_1:1//1
944,project_1,L01,core_a,1,true,true,1//2,1//4,descendant_1:1//1
944,project_1,L10,core_a,1,true,true,1//2,1//4,descendant_1:1//1
944,project_1,L11,core_a,1,true,true,1//2,1//4,descendant_1:1//1
944,project_2,L00,bridge,1,true,false,1//2,1//4,descendant_1:1//1
944,project_2,L01,bridge,1,true,true,1//2,1//4,descendant_1:1//1
944,project_2,L10,bridge,1,true,false,1//2,1//4,descendant_1:1//1
944,project_2,L11,bridge,1,true,true,1//2,1//4,descendant_1:1//1
945,project_1,L00,core_c,3,true,true,1//2,3//4,descendant_1:1//1
945,project_1,L01,core_c,3,true,true,1//2,3//4,descendant_1:1//1
945,project_1,L10,core_c,3,true,true,1//2,3//4,descendant_1:1//1
945,project_1,L11,core_c,3,true,true,1//2,3//4,descendant_1:1//1
945,project_2,L00,bridge,3,true,false,1//2,3//4,descendant_1:1//1
945,project_2,L01,bridge,3,true,true,1//2,3//4,descendant_1:1//1
945,project_2,L10,bridge,3,true,false,1//2,3//4,descendant_1:1//1
945,project_2,L11,bridge,3,true,true,1//2,3//4,descendant_1:1//1
946,project_1,L00,core_b,3,true,true,2//1,3//4,descendant_1:1//1
946,project_1,L01,core_b,3,true,true,2//1,3//4,descendant_1:1//1
946,project_1,L10,core_b,3,true,true,2//1,3//4,descendant_1:1//1
946,project_1,L11,core_b,3,true,true,2//1,3//4,descendant_1:1//1
946,project_2,L00,bridge,3,true,false,2//1,3//4,descendant_1:1//1
946,project_2,L01,bridge,3,true,true,2//1,3//4,descendant_1:1//1
946,project_2,L10,bridge,3,true,false,2//1,3//4,descendant_1:1//1
946,project_2,L11,bridge,3,true,true,2//1,3//4,descendant_1:1//1
947,project_1,L00,core_b,1,true,true,2//1,1//4,descendant_1:1//1
947,project_1,L01,core_b,1,true,true,2//1,1//4,descendant_1:1//1
947,project_1,L10,core_b,1,true,true,2//1,1//4,descendant_1:1//1
947,project_1,L11,core_b,1,true,true,2//1,1//4,descendant_1:1//1
947,project_2,L00,bridge,1,true,false,2//1,1//4,descendant_1:1//1
947,project_2,L01,bridge,1,true,true,2//1,1//4,descendant_1:1//1
947,project_2,L10,bridge,1,true,false,2//1,1//4,descendant_1:1//1
947,project_2,L11,bridge,1,true,true,2//1,1//4,descendant_1:1//1
948,project_1,L00,core_c,3,true,true,1//2,1//4,descendant_1:1//1
948,project_1,L01,core_c,3,true,true,1//2,1//4,descendant_1:1//1
948,project_1,L10,core_c,3,true,true,1//2,1//4,descendant_1:1//1
948,project_1,L11,core_c,3,true,true,1//2,1//4,descendant_1:1//1
948,project_2,L00,expansion,3,true,false,1//2,1//4,descendant_1:1//1
948,project_2,L01,expansion,3,true,true,1//2,1//4,descendant_1:1//1
948,project_2,L10,expansion,3,true,false,1//2,1//4,descendant_1:1//1
948,project_2,L11,expansion,3,true,true,1//2,1//4,descendant_1:1//1
949,project_1,L00,core_c,3,true,true,2//1,1//4,descendant_1:1//1
949,project_1,L01,core_c,3,true,true,2//1,1//4,descendant_1:1//1
949,project_1,L10,core_c,3,true,true,2//1,1//4,descendant_1:1//1
949,project_1,L11,core_c,3,true,true,2//1,1//4,descendant_1:1//1
949,project_2,L00,bridge,3,true,false,2//1,1//4,descendant_1:1//1
949,project_2,L01,bridge,3,true,true,2//1,1//4,descendant_1:1//1
949,project_2,L10,bridge,3,true,false,2//1,1//4,descendant_1:1//1
949,project_2,L11,bridge,3,true,true,2//1,1//4,descendant_1:1//1
950,project_1,L00,core_a,3,true,true,2//1,1//4,descendant_1:1//1
950,project_1,L01,core_a,3,true,true,2//1,1//4,descendant_1:1//1
950,project_1,L10,core_a,3,true,true,2//1,1//4,descendant_1:1//1
950,project_1,L11,core_a,3,true,true,2//1,1//4,descendant_1:1//1
950,project_2,L00,expansion,3,true,false,2//1,1//4,descendant_1:1//1
950,project_2,L01,expansion,3,true,true,2//1,1//4,descendant_1:1//1
950,project_2,L10,expansion,3,true,false,2//1,1//4,descendant_1:1//1
950,project_2,L11,expansion,3,true,true,2//1,1//4,descendant_1:1//1
951,project_1,L00,core_b,3,true,true,1//2,1//4,descendant_1:1//1
951,project_1,L01,core_b,3,true,true,1//2,1//4,descendant_1:1//1
951,project_1,L10,core_b,3,true,true,1//2,1//4,descendant_1:1//1
951,project_1,L11,core_b,3,true,true,1//2,1//4,descendant_1:1//1
951,project_2,L00,bridge,3,true,false,1//2,1//4,descendant_1:1//1
951,project_2,L01,bridge,3,true,true,1//2,1//4,descendant_1:1//1
951,project_2,L10,bridge,3,true,false,1//2,1//4,descendant_1:1//1
951,project_2,L11,bridge,3,true,true,1//2,1//4,descendant_1:1//1
952,project_1,L00,core_c,1,true,true,2//1,3//4,descendant_1:1//1
952,project_1,L01,core_c,1,true,true,2//1,3//4,descendant_1:1//1
952,project_1,L10,core_c,1,true,true,2//1,3//4,descendant_1:1//1
952,project_1,L11,core_c,1,true,true,2//1,3//4,descendant_1:1//1
952,project_2,L00,expansion,1,true,false,2//1,3//4,descendant_1:1//1
952,project_2,L01,expansion,1,true,true,2//1,3//4,descendant_1:1//1
952,project_2,L10,expansion,1,true,false,2//1,3//4,descendant_1:1//1
952,project_2,L11,expansion,1,true,true,2//1,3//4,descendant_1:1//1
953,project_1,L00,core_c,1,true,true,1//2,1//4,descendant_1:1//1
953,project_1,L01,core_c,1,true,true,1//2,1//4,descendant_1:1//1
953,project_1,L10,core_c,1,true,true,1//2,1//4,descendant_1:1//1
953,project_1,L11,core_c,1,true,true,1//2,1//4,descendant_1:1//1
953,project_2,L00,expansion,1,true,false,1//2,1//4,descendant_1:1//1
953,project_2,L01,expansion,1,true,true,1//2,1//4,descendant_1:1//1
953,project_2,L10,expansion,1,true,false,1//2,1//4,descendant_1:1//1
953,project_2,L11,expansion,1,true,true,1//2,1//4,descendant_1:1//1
954,project_1,L00,core_b,1,true,true,1//2,3//4,descendant_1:1//1
954,project_1,L01,core_b,1,true,true,1//2,3//4,descendant_1:1//1
954,project_1,L10,core_b,1,true,true,1//2,3//4,descendant_1:1//1
954,project_1,L11,core_b,1,true,true,1//2,3//4,descendant_1:1//1
954,project_2,L00,bridge,1,true,false,1//2,3//4,descendant_1:1//1
954,project_2,L01,bridge,1,true,true,1//2,3//4,descendant_1:1//1
954,project_2,L10,bridge,1,true,false,1//2,3//4,descendant_1:1//1
954,project_2,L11,bridge,1,true,true,1//2,3//4,descendant_1:1//1
955,project_1,L00,core_c,1,true,true,2//1,3//4,descendant_1:1//1
955,project_1,L01,core_c,1,true,true,2//1,3//4,descendant_1:1//1
955,project_1,L10,core_c,1,true,true,2//1,3//4,descendant_1:1//1
955,project_1,L11,core_c,1,true,true,2//1,3//4,descendant_1:1//1
955,project_2,L00,expansion,1,true,false,2//1,3//4,descendant_1:1//1
955,project_2,L01,expansion,1,true,true,2//1,3//4,descendant_1:1//1
955,project_2,L10,expansion,1,true,false,2//1,3//4,descendant_1:1//1
955,project_2,L11,expansion,1,true,true,2//1,3//4,descendant_1:1//1
956,project_1,L00,core_b,3,true,true,1//2,1//4,descendant_1:1//1
956,project_1,L01,core_b,3,true,true,1//2,1//4,descendant_1:1//1
956,project_1,L10,core_b,3,true,true,1//2,1//4,descendant_1:1//1
956,project_1,L11,core_b,3,true,true,1//2,1//4,descendant_1:1//1
956,project_2,L00,expansion,3,true,false,1//2,1//4,descendant_1:1//1
956,project_2,L01,expansion,3,true,true,1//2,1//4,descendant_1:1//1
956,project_2,L10,expansion,3,true,false,1//2,1//4,descendant_1:1//1
956,project_2,L11,expansion,3,true,true,1//2,1//4,descendant_1:1//1
957,project_1,L00,core_c,3,true,true,1//2,1//4,descendant_1:1//1
957,project_1,L01,core_c,3,true,true,1//2,1//4,descendant_1:1//1
957,project_1,L10,core_c,3,true,true,1//2,1//4,descendant_1:1//1
957,project_1,L11,core_c,3,true,true,1//2,1//4,descendant_1:1//1
957,project_2,L00,expansion,3,true,false,1//2,1//4,descendant_1:1//1
957,project_2,L01,expansion,3,true,true,1//2,1//4,descendant_1:1//1
957,project_2,L10,expansion,3,true,false,1//2,1//4,descendant_1:1//1
957,project_2,L11,expansion,3,true,true,1//2,1//4,descendant_1:1//1
958,project_1,L00,core_b,1,true,true,2//1,1//4,descendant_1:1//1
958,project_1,L01,core_b,1,true,true,2//1,1//4,descendant_1:1//1
958,project_1,L10,core_b,1,true,true,2//1,1//4,descendant_1:1//1
958,project_1,L11,core_b,1,true,true,2//1,1//4,descendant_1:1//1
958,project_2,L00,bridge,1,true,false,2//1,1//4,descendant_1:1//1
958,project_2,L01,bridge,1,true,true,2//1,1//4,descendant_1:1//1
958,project_2,L10,bridge,1,true,false,2//1,1//4,descendant_1:1//1
958,project_2,L11,bridge,1,true,true,2//1,1//4,descendant_1:1//1
959,project_1,L00,core_b,1,true,true,2//1,1//4,descendant_1:1//1
959,project_1,L01,core_b,1,true,true,2//1,1//4,descendant_1:1//1
959,project_1,L10,core_b,1,true,true,2//1,1//4,descendant_1:1//1
959,project_1,L11,core_b,1,true,true,2//1,1//4,descendant_1:1//1
959,project_2,L00,bridge,1,true,false,2//1,1//4,descendant_1:1//1
959,project_2,L01,bridge,1,true,true,2//1,1//4,descendant_1:1//1
959,project_2,L10,bridge,1,true,false,2//1,1//4,descendant_1:1//1
959,project_2,L11,bridge,1,true,true,2//1,1//4,descendant_1:1//1
960,project_1,L00,core_c,1,true,true,2//1,3//4,descendant_1:1//1
960,project_1,L01,core_c,1,true,true,2//1,3//4,descendant_1:1//1
960,project_1,L10,core_c,1,true,true,2//1,3//4,descendant_1:1//1
960,project_1,L11,core_c,1,true,true,2//1,3//4,descendant_1:1//1
960,project_2,L00,bridge,1,true,false,2//1,3//4,descendant_1:1//1
960,project_2,L01,bridge,1,true,true,2//1,3//4,descendant_1:1//1
960,project_2,L10,bridge,1,true,false,2//1,3//4,descendant_1:1//1
960,project_2,L11,bridge,1,true,true,2//1,3//4,descendant_1:1//1
961,project_1,L00,core_c,3,true,true,2//1,1//4,descendant_1:1//1
961,project_1,L01,core_c,3,true,true,2//1,1//4,descendant_1:1//1
961,project_1,L10,core_c,3,true,true,2//1,1//4,descendant_1:1//1
961,project_1,L11,core_c,3,true,true,2//1,1//4,descendant_1:1//1
961,project_2,L00,bridge,3,true,false,2//1,1//4,descendant_1:1//1
961,project_2,L01,bridge,3,true,true,2//1,1//4,descendant_1:1//1
961,project_2,L10,bridge,3,true,false,2//1,1//4,descendant_1:1//1
961,project_2,L11,bridge,3,true,true,2//1,1//4,descendant_1:1//1
962,project_1,L00,core_c,3,true,true,1//2,3//4,descendant_1:1//1
962,project_1,L01,core_c,3,true,true,1//2,3//4,descendant_1:1//1
962,project_1,L10,core_c,3,true,true,1//2,3//4,descendant_1:1//1
962,project_1,L11,core_c,3,true,true,1//2,3//4,descendant_1:1//1
962,project_2,L00,bridge,3,true,false,1//2,3//4,descendant_1:1//1
962,project_2,L01,bridge,3,true,true,1//2,3//4,descendant_1:1//1
962,project_2,L10,bridge,3,true,false,1//2,3//4,descendant_1:1//1
962,project_2,L11,bridge,3,true,true,1//2,3//4,descendant_1:1//1
963,project_1,L00,core_a,3,true,true,2//1,1//4,descendant_1:1//1
963,project_1,L01,core_a,3,true,true,2//1,1//4,descendant_1:1//1
963,project_1,L10,core_a,3,true,true,2//1,1//4,descendant_1:1//1
963,project_1,L11,core_a,3,true,true,2//1,1//4,descendant_1:1//1
963,project_2,L00,bridge,3,true,false,2//1,1//4,descendant_1:1//1
963,project_2,L01,bridge,3,true,true,2//1,1//4,descendant_1:1//1
963,project_2,L10,bridge,3,true,false,2//1,1//4,descendant_1:1//1
963,project_2,L11,bridge,3,true,true,2//1,1//4,descendant_1:1//1
964,project_1,L00,core_b,3,true,true,2//1,3//4,descendant_1:1//1
964,project_1,L01,core_b,3,true,true,2//1,3//4,descendant_1:1//1
964,project_1,L10,core_b,3,true,true,2//1,3//4,descendant_1:1//1
964,project_1,L11,core_b,3,true,true,2//1,3//4,descendant_1:1//1
964,project_2,L00,bridge,3,true,false,2//1,3//4,descendant_1:1//1
964,project_2,L01,bridge,3,true,true,2//1,3//4,descendant_1:1//1
964,project_2,L10,bridge,3,true,false,2//1,3//4,descendant_1:1//1
964,project_2,L11,bridge,3,true,true,2//1,3//4,descendant_1:1//1
965,project_1,L00,core_b,1,true,true,2//1,1//4,descendant_1:1//1
965,project_1,L01,core_b,1,true,true,2//1,1//4,descendant_1:1//1
965,project_1,L10,core_b,1,true,true,2//1,1//4,descendant_1:1//1
965,project_1,L11,core_b,1,true,true,2//1,1//4,descendant_1:1//1
965,project_2,L00,expansion,1,true,false,2//1,1//4,descendant_1:1//1
965,project_2,L01,expansion,1,true,true,2//1,1//4,descendant_1:1//1
965,project_2,L10,expansion,1,true,false,2//1,1//4,descendant_1:1//1
965,project_2,L11,expansion,1,true,true,2//1,1//4,descendant_1:1//1
966,project_1,L00,core_a,3,true,true,1//2,3//4,descendant_1:1//1
966,project_1,L01,core_a,3,true,true,1//2,3//4,descendant_1:1//1
966,project_1,L10,core_a,3,true,true,1//2,3//4,descendant_1:1//1
966,project_1,L11,core_a,3,true,true,1//2,3//4,descendant_1:1//1
966,project_2,L00,expansion,3,true,false,1//2,3//4,descendant_1:1//1
966,project_2,L01,expansion,3,true,true,1//2,3//4,descendant_1:1//1
966,project_2,L10,expansion,3,true,false,1//2,3//4,descendant_1:1//1
966,project_2,L11,expansion,3,true,true,1//2,3//4,descendant_1:1//1
967,project_1,L00,core_c,3,true,true,2//1,1//4,descendant_1:1//1
967,project_1,L01,core_c,3,true,true,2//1,1//4,descendant_1:1//1
967,project_1,L10,core_c,3,true,true,2//1,1//4,descendant_1:1//1
967,project_1,L11,core_c,3,true,true,2//1,1//4,descendant_1:1//1
967,project_2,L00,expansion,3,true,false,2//1,1//4,descendant_1:1//1
967,project_2,L01,expansion,3,true,true,2//1,1//4,descendant_1:1//1
967,project_2,L10,expansion,3,true,false,2//1,1//4,descendant_1:1//1
967,project_2,L11,expansion,3,true,true,2//1,1//4,descendant_1:1//1
968,project_1,L00,core_c,3,true,true,2//1,3//4,descendant_1:1//1
968,project_1,L01,core_c,3,true,true,2//1,3//4,descendant_1:1//1
968,project_1,L10,core_c,3,true,true,2//1,3//4,descendant_1:1//1
968,project_1,L11,core_c,3,true,true,2//1,3//4,descendant_1:1//1
968,project_2,L00,expansion,3,true,false,2//1,3//4,descendant_1:1//1
968,project_2,L01,expansion,3,true,true,2//1,3//4,descendant_1:1//1
968,project_2,L10,expansion,3,true,false,2//1,3//4,descendant_1:1//1
968,project_2,L11,expansion,3,true,true,2//1,3//4,descendant_1:1//1
969,project_1,L00,core_c,1,true,true,1//2,1//4,descendant_1:1//1
969,project_1,L01,core_c,1,true,true,1//2,1//4,descendant_1:1//1
969,project_1,L10,core_c,1,true,true,1//2,1//4,descendant_1:1//1
969,project_1,L11,core_c,1,true,true,1//2,1//4,descendant_1:1//1
969,project_2,L00,bridge,1,true,false,1//2,1//4,descendant_1:1//1
969,project_2,L01,bridge,1,true,true,1//2,1//4,descendant_1:1//1
969,project_2,L10,bridge,1,true,false,1//2,1//4,descendant_1:1//1
969,project_2,L11,bridge,1,true,true,1//2,1//4,descendant_1:1//1
970,project_1,L00,core_b,3,true,true,1//2,3//4,descendant_1:1//1
970,project_1,L01,core_b,3,true,true,1//2,3//4,descendant_1:1//1
970,project_1,L10,core_b,3,true,true,1//2,3//4,descendant_1:1//1
970,project_1,L11,core_b,3,true,true,1//2,3//4,descendant_1:1//1
970,project_2,L00,bridge,3,true,false,1//2,3//4,descendant_1:1//1
970,project_2,L01,bridge,3,true,true,1//2,3//4,descendant_1:1//1
970,project_2,L10,bridge,3,true,false,1//2,3//4,descendant_1:1//1
970,project_2,L11,bridge,3,true,true,1//2,3//4,descendant_1:1//1
971,project_1,L00,core_a,1,true,true,1//2,3//4,descendant_1:1//1
971,project_1,L01,core_a,1,true,true,1//2,3//4,descendant_1:1//1
971,project_1,L10,core_a,1,true,true,1//2,3//4,descendant_1:1//1
971,project_1,L11,core_a,1,true,true,1//2,3//4,descendant_1:1//1
971,project_2,L00,expansion,1,true,false,1//2,3//4,descendant_1:1//1
971,project_2,L01,expansion,1,true,true,1//2,3//4,descendant_1:1//1
971,project_2,L10,expansion,1,true,false,1//2,3//4,descendant_1:1//1
971,project_2,L11,expansion,1,true,true,1//2,3//4,descendant_1:1//1
972,project_1,L00,core_b,1,true,true,1//2,1//4,descendant_1:1//1
972,project_1,L01,core_b,1,true,true,1//2,1//4,descendant_1:1//1
972,project_1,L10,core_b,1,true,true,1//2,1//4,descendant_1:1//1
972,project_1,L11,core_b,1,true,true,1//2,1//4,descendant_1:1//1
972,project_2,L00,expansion,1,true,false,1//2,1//4,descendant_1:1//1
972,project_2,L01,expansion,1,true,true,1//2,1//4,descendant_1:1//1
972,project_2,L10,expansion,1,true,false,1//2,1//4,descendant_1:1//1
972,project_2,L11,expansion,1,true,true,1//2,1//4,descendant_1:1//1
973,project_1,L00,core_a,3,true,true,2//1,3//4,descendant_1:1//1
973,project_1,L01,core_a,3,true,true,2//1,3//4,descendant_1:1//1
973,project_1,L10,core_a,3,true,true,2//1,3//4,descendant_1:1//1
973,project_1,L11,core_a,3,true,true,2//1,3//4,descendant_1:1//1
973,project_2,L00,expansion,3,true,false,2//1,3//4,descendant_1:1//1
973,project_2,L01,expansion,3,true,true,2//1,3//4,descendant_1:1//1
973,project_2,L10,expansion,3,true,false,2//1,3//4,descendant_1:1//1
973,project_2,L11,expansion,3,true,true,2//1,3//4,descendant_1:1//1
974,project_1,L00,core_c,3,true,true,1//2,3//4,descendant_1:1//1
974,project_1,L01,core_c,3,true,true,1//2,3//4,descendant_1:1//1
974,project_1,L10,core_c,3,true,true,1//2,3//4,descendant_1:1//1
974,project_1,L11,core_c,3,true,true,1//2,3//4,descendant_1:1//1
974,project_2,L00,bridge,3,true,false,1//2,3//4,descendant_1:1//1
974,project_2,L01,bridge,3,true,true,1//2,3//4,descendant_1:1//1
974,project_2,L10,bridge,3,true,false,1//2,3//4,descendant_1:1//1
974,project_2,L11,bridge,3,true,true,1//2,3//4,descendant_1:1//1
975,project_1,L00,core_a,3,true,true,2//1,1//4,descendant_1:1//1
975,project_1,L01,core_a,3,true,true,2//1,1//4,descendant_1:1//1
975,project_1,L10,core_a,3,true,true,2//1,1//4,descendant_1:1//1
975,project_1,L11,core_a,3,true,true,2//1,1//4,descendant_1:1//1
975,project_2,L00,bridge,3,true,false,2//1,1//4,descendant_1:1//1
975,project_2,L01,bridge,3,true,true,2//1,1//4,descendant_1:1//1
975,project_2,L10,bridge,3,true,false,2//1,1//4,descendant_1:1//1
975,project_2,L11,bridge,3,true,true,2//1,1//4,descendant_1:1//1
976,project_1,L00,core_a,1,true,true,2//1,3//4,descendant_1:1//1
976,project_1,L01,core_a,1,true,true,2//1,3//4,descendant_1:1//1
976,project_1,L10,core_a,1,true,true,2//1,3//4,descendant_1:1//1
976,project_1,L11,core_a,1,true,true,2//1,3//4,descendant_1:1//1
976,project_2,L00,bridge,1,true,false,2//1,3//4,descendant_1:1//1
976,project_2,L01,bridge,1,true,true,2//1,3//4,descendant_1:1//1
976,project_2,L10,bridge,1,true,false,2//1,3//4,descendant_1:1//1
976,project_2,L11,bridge,1,true,true,2//1,3//4,descendant_1:1//1
977,project_1,L00,core_c,3,true,true,1//2,3//4,descendant_1:1//1
977,project_1,L01,core_c,3,true,true,1//2,3//4,descendant_1:1//1
977,project_1,L10,core_c,3,true,true,1//2,3//4,descendant_1:1//1
977,project_1,L11,core_c,3,true,true,1//2,3//4,descendant_1:1//1
977,project_2,L00,bridge,3,true,false,1//2,3//4,descendant_1:1//1
977,project_2,L01,bridge,3,true,true,1//2,3//4,descendant_1:1//1
977,project_2,L10,bridge,3,true,false,1//2,3//4,descendant_1:1//1
977,project_2,L11,bridge,3,true,true,1//2,3//4,descendant_1:1//1
978,project_1,L00,core_b,3,true,true,2//1,1//4,descendant_1:1//1
978,project_1,L01,core_b,3,true,true,2//1,1//4,descendant_1:1//1
978,project_1,L10,core_b,3,true,true,2//1,1//4,descendant_1:1//1
978,project_1,L11,core_b,3,true,true,2//1,1//4,descendant_1:1//1
978,project_2,L00,expansion,3,true,false,2//1,1//4,descendant_1:1//1
978,project_2,L01,expansion,3,true,true,2//1,1//4,descendant_1:1//1
978,project_2,L10,expansion,3,true,false,2//1,1//4,descendant_1:1//1
978,project_2,L11,expansion,3,true,true,2//1,1//4,descendant_1:1//1
979,project_1,L00,core_a,3,true,true,1//2,1//4,descendant_1:1//1
979,project_1,L01,core_a,3,true,true,1//2,1//4,descendant_1:1//1
979,project_1,L10,core_a,3,true,true,1//2,1//4,descendant_1:1//1
979,project_1,L11,core_a,3,true,true,1//2,1//4,descendant_1:1//1
979,project_2,L00,bridge,3,true,false,1//2,1//4,descendant_1:1//1
979,project_2,L01,bridge,3,true,true,1//2,1//4,descendant_1:1//1
979,project_2,L10,bridge,3,true,false,1//2,1//4,descendant_1:1//1
979,project_2,L11,bridge,3,true,true,1//2,1//4,descendant_1:1//1
980,project_1,L00,core_b,3,true,true,2//1,3//4,descendant_1:1//1
980,project_1,L01,core_b,3,true,true,2//1,3//4,descendant_1:1//1
980,project_1,L10,core_b,3,true,true,2//1,3//4,descendant_1:1//1
980,project_1,L11,core_b,3,true,true,2//1,3//4,descendant_1:1//1
980,project_2,L00,bridge,3,true,false,2//1,3//4,descendant_1:1//1
980,project_2,L01,bridge,3,true,true,2//1,3//4,descendant_1:1//1
980,project_2,L10,bridge,3,true,false,2//1,3//4,descendant_1:1//1
980,project_2,L11,bridge,3,true,true,2//1,3//4,descendant_1:1//1
981,project_1,L00,core_a,1,true,true,1//2,3//4,descendant_1:1//1
981,project_1,L01,core_a,1,true,true,1//2,3//4,descendant_1:1//1
981,project_1,L10,core_a,1,true,true,1//2,3//4,descendant_1:1//1
981,project_1,L11,core_a,1,true,true,1//2,3//4,descendant_1:1//1
981,project_2,L00,bridge,1,true,false,1//2,3//4,descendant_1:1//1
981,project_2,L01,bridge,1,true,true,1//2,3//4,descendant_1:1//1
981,project_2,L10,bridge,1,true,false,1//2,3//4,descendant_1:1//1
981,project_2,L11,bridge,1,true,true,1//2,3//4,descendant_1:1//1
982,project_1,L00,core_b,1,true,true,2//1,3//4,descendant_1:1//1
982,project_1,L01,core_b,1,true,true,2//1,3//4,descendant_1:1//1
982,project_1,L10,core_b,1,true,true,2//1,3//4,descendant_1:1//1
982,project_1,L11,core_b,1,true,true,2//1,3//4,descendant_1:1//1
982,project_2,L00,bridge,1,true,false,2//1,3//4,descendant_1:1//1
982,project_2,L01,bridge,1,true,true,2//1,3//4,descendant_1:1//1
982,project_2,L10,bridge,1,true,false,2//1,3//4,descendant_1:1//1
982,project_2,L11,bridge,1,true,true,2//1,3//4,descendant_1:1//1
983,project_1,L00,core_c,3,true,true,2//1,3//4,descendant_1:1//1
983,project_1,L01,core_c,3,true,true,2//1,3//4,descendant_1:1//1
983,project_1,L10,core_c,3,true,true,2//1,3//4,descendant_1:1//1
983,project_1,L11,core_c,3,true,true,2//1,3//4,descendant_1:1//1
983,project_2,L00,bridge,3,true,false,2//1,3//4,descendant_1:1//1
983,project_2,L01,bridge,3,true,true,2//1,3//4,descendant_1:1//1
983,project_2,L10,bridge,3,true,false,2//1,3//4,descendant_1:1//1
983,project_2,L11,bridge,3,true,true,2//1,3//4,descendant_1:1//1
984,project_1,L00,core_c,3,true,true,1//2,3//4,descendant_1:1//1
984,project_1,L01,core_c,3,true,true,1//2,3//4,descendant_1:1//1
984,project_1,L10,core_c,3,true,true,1//2,3//4,descendant_1:1//1
984,project_1,L11,core_c,3,true,true,1//2,3//4,descendant_1:1//1
984,project_2,L00,expansion,3,true,false,1//2,3//4,descendant_1:1//1
984,project_2,L01,expansion,3,true,true,1//2,3//4,descendant_1:1//1
984,project_2,L10,expansion,3,true,false,1//2,3//4,descendant_1:1//1
984,project_2,L11,expansion,3,true,true,1//2,3//4,descendant_1:1//1
985,project_1,L00,core_c,3,true,true,2//1,3//4,descendant_1:1//1
985,project_1,L01,core_c,3,true,true,2//1,3//4,descendant_1:1//1
985,project_1,L10,core_c,3,true,true,2//1,3//4,descendant_1:1//1
985,project_1,L11,core_c,3,true,true,2//1,3//4,descendant_1:1//1
985,project_2,L00,expansion,3,true,false,2//1,3//4,descendant_1:1//1
985,project_2,L01,expansion,3,true,true,2//1,3//4,descendant_1:1//1
985,project_2,L10,expansion,3,true,false,2//1,3//4,descendant_1:1//1
985,project_2,L11,expansion,3,true,true,2//1,3//4,descendant_1:1//1
986,project_1,L00,core_b,1,true,true,2//1,3//4,descendant_1:1//1
986,project_1,L01,core_b,1,true,true,2//1,3//4,descendant_1:1//1
986,project_1,L10,core_b,1,true,true,2//1,3//4,descendant_1:1//1
986,project_1,L11,core_b,1,true,true,2//1,3//4,descendant_1:1//1
986,project_2,L00,expansion,1,true,false,2//1,3//4,descendant_1:1//1
986,project_2,L01,expansion,1,true,true,2//1,3//4,descendant_1:1//1
986,project_2,L10,expansion,1,true,false,2//1,3//4,descendant_1:1//1
986,project_2,L11,expansion,1,true,true,2//1,3//4,descendant_1:1//1
987,project_1,L00,core_c,1,true,true,1//2,1//4,descendant_1:1//1
987,project_1,L01,core_c,1,true,true,1//2,1//4,descendant_1:1//1
987,project_1,L10,core_c,1,true,true,1//2,1//4,descendant_1:1//1
987,project_1,L11,core_c,1,true,true,1//2,1//4,descendant_1:1//1
987,project_2,L00,expansion,1,true,false,1//2,1//4,descendant_1:1//1
987,project_2,L01,expansion,1,true,true,1//2,1//4,descendant_1:1//1
987,project_2,L10,expansion,1,true,false,1//2,1//4,descendant_1:1//1
987,project_2,L11,expansion,1,true,true,1//2,1//4,descendant_1:1//1
988,project_1,L00,core_a,3,true,true,2//1,3//4,descendant_1:1//1
988,project_1,L01,core_a,3,true,true,2//1,3//4,descendant_1:1//1
988,project_1,L10,core_a,3,true,true,2//1,3//4,descendant_1:1//1
988,project_1,L11,core_a,3,true,true,2//1,3//4,descendant_1:1//1
988,project_2,L00,bridge,3,true,false,2//1,3//4,descendant_1:1//1
988,project_2,L01,bridge,3,true,true,2//1,3//4,descendant_1:1//1
988,project_2,L10,bridge,3,true,false,2//1,3//4,descendant_1:1//1
988,project_2,L11,bridge,3,true,true,2//1,3//4,descendant_1:1//1
989,project_1,L00,core_c,3,true,true,2//1,1//4,descendant_1:1//1
989,project_1,L01,core_c,3,true,true,2//1,1//4,descendant_1:1//1
989,project_1,L10,core_c,3,true,true,2//1,1//4,descendant_1:1//1
989,project_1,L11,core_c,3,true,true,2//1,1//4,descendant_1:1//1
989,project_2,L00,bridge,3,true,false,2//1,1//4,descendant_1:1//1
989,project_2,L01,bridge,3,true,true,2//1,1//4,descendant_1:1//1
989,project_2,L10,bridge,3,true,false,2//1,1//4,descendant_1:1//1
989,project_2,L11,bridge,3,true,true,2//1,1//4,descendant_1:1//1
990,project_1,L00,core_a,1,true,true,2//1,1//4,descendant_1:1//1
990,project_1,L01,core_a,1,true,true,2//1,1//4,descendant_1:1//1
990,project_1,L10,core_a,1,true,true,2//1,1//4,descendant_1:1//1
990,project_1,L11,core_a,1,true,true,2//1,1//4,descendant_1:1//1
990,project_2,L00,expansion,1,true,false,2//1,1//4,descendant_1:1//1
990,project_2,L01,expansion,1,true,true,2//1,1//4,descendant_1:1//1
990,project_2,L10,expansion,1,true,false,2//1,1//4,descendant_1:1//1
990,project_2,L11,expansion,1,true,true,2//1,1//4,descendant_1:1//1
991,project_1,L00,core_b,3,true,true,2//1,1//4,descendant_1:1//1
991,project_1,L01,core_b,3,true,true,2//1,1//4,descendant_1:1//1
991,project_1,L10,core_b,3,true,true,2//1,1//4,descendant_1:1//1
991,project_1,L11,core_b,3,true,true,2//1,1//4,descendant_1:1//1
991,project_2,L00,expansion,3,true,false,2//1,1//4,descendant_1:1//1
991,project_2,L01,expansion,3,true,true,2//1,1//4,descendant_1:1//1
991,project_2,L10,expansion,3,true,false,2//1,1//4,descendant_1:1//1
991,project_2,L11,expansion,3,true,true,2//1,1//4,descendant_1:1//1
992,project_1,L00,core_c,1,true,true,1//2,1//4,descendant_1:1//1
992,project_1,L01,core_c,1,true,true,1//2,1//4,descendant_1:1//1
992,project_1,L10,core_c,1,true,true,1//2,1//4,descendant_1:1//1
992,project_1,L11,core_c,1,true,true,1//2,1//4,descendant_1:1//1
992,project_2,L00,expansion,1,true,false,1//2,1//4,descendant_1:1//1
992,project_2,L01,expansion,1,true,true,1//2,1//4,descendant_1:1//1
992,project_2,L10,expansion,1,true,false,1//2,1//4,descendant_1:1//1
992,project_2,L11,expansion,1,true,true,1//2,1//4,descendant_1:1//1
993,project_1,L00,core_b,3,true,true,1//2,3//4,descendant_1:1//1
993,project_1,L01,core_b,3,true,true,1//2,3//4,descendant_1:1//1
993,project_1,L10,core_b,3,true,true,1//2,3//4,descendant_1:1//1
993,project_1,L11,core_b,3,true,true,1//2,3//4,descendant_1:1//1
993,project_2,L00,expansion,3,true,false,1//2,3//4,descendant_1:1//1
993,project_2,L01,expansion,3,true,true,1//2,3//4,descendant_1:1//1
993,project_2,L10,expansion,3,true,false,1//2,3//4,descendant_1:1//1
993,project_2,L11,expansion,3,true,true,1//2,3//4,descendant_1:1//1
994,project_1,L00,core_a,1,true,true,2//1,3//4,descendant_1:1//1
994,project_1,L01,core_a,1,true,true,2//1,3//4,descendant_1:1//1
994,project_1,L10,core_a,1,true,true,2//1,3//4,descendant_1:1//1
994,project_1,L11,core_a,1,true,true,2//1,3//4,descendant_1:1//1
994,project_2,L00,bridge,1,true,false,2//1,3//4,descendant_1:1//1
994,project_2,L01,bridge,1,true,true,2//1,3//4,descendant_1:1//1
994,project_2,L10,bridge,1,true,false,2//1,3//4,descendant_1:1//1
994,project_2,L11,bridge,1,true,true,2//1,3//4,descendant_1:1//1
995,project_1,L00,core_b,1,true,true,2//1,3//4,descendant_1:1//1
995,project_1,L01,core_b,1,true,true,2//1,3//4,descendant_1:1//1
995,project_1,L10,core_b,1,true,true,2//1,3//4,descendant_1:1//1
995,project_1,L11,core_b,1,true,true,2//1,3//4,descendant_1:1//1
995,project_2,L00,expansion,1,true,false,2//1,3//4,descendant_1:1//1
995,project_2,L01,expansion,1,true,true,2//1,3//4,descendant_1:1//1
995,project_2,L10,expansion,1,true,false,2//1,3//4,descendant_1:1//1
995,project_2,L11,expansion,1,true,true,2//1,3//4,descendant_1:1//1
996,project_1,L00,core_b,3,true,true,1//2,1//4,descendant_1:1//1
996,project_1,L01,core_b,3,true,true,1//2,1//4,descendant_1:1//1
996,project_1,L10,core_b,3,true,true,1//2,1//4,descendant_1:1//1
996,project_1,L11,core_b,3,true,true,1//2,1//4,descendant_1:1//1
996,project_2,L00,bridge,3,true,false,1//2,1//4,descendant_1:1//1
996,project_2,L01,bridge,3,true,true,1//2,1//4,descendant_1:1//1
996,project_2,L10,bridge,3,true,false,1//2,1//4,descendant_1:1//1
996,project_2,L11,bridge,3,true,true,1//2,1//4,descendant_1:1//1
997,project_1,L00,core_a,3,true,true,1//2,3//4,descendant_1:1//1
997,project_1,L01,core_a,3,true,true,1//2,3//4,descendant_1:1//1
997,project_1,L10,core_a,3,true,true,1//2,3//4,descendant_1:1//1
997,project_1,L11,core_a,3,true,true,1//2,3//4,descendant_1:1//1
997,project_2,L00,expansion,3,true,false,1//2,3//4,descendant_1:1//1
997,project_2,L01,expansion,3,true,true,1//2,3//4,descendant_1:1//1
997,project_2,L10,expansion,3,true,false,1//2,3//4,descendant_1:1//1
997,project_2,L11,expansion,3,true,true,1//2,3//4,descendant_1:1//1
998,project_1,L00,core_c,3,true,true,2//1,3//4,descendant_1:1//1
998,project_1,L01,core_c,3,true,true,2//1,3//4,descendant_1:1//1
998,project_1,L10,core_c,3,true,true,2//1,3//4,descendant_1:1//1
998,project_1,L11,core_c,3,true,true,2//1,3//4,descendant_1:1//1
998,project_2,L00,expansion,3,true,false,2//1,3//4,descendant_1:1//1
998,project_2,L01,expansion,3,true,true,2//1,3//4,descendant_1:1//1
998,project_2,L10,expansion,3,true,false,2//1,3//4,descendant_1:1//1
998,project_2,L11,expansion,3,true,true,2//1,3//4,descendant_1:1//1
999,project_1,L00,core_a,3,true,true,2//1,1//4,descendant_1:1//1
999,project_1,L01,core_a,3,true,true,2//1,1//4,descendant_1:1//1
999,project_1,L10,core_a,3,true,true,2//1,1//4,descendant_1:1//1
999,project_1,L11,core_a,3,true,true,2//1,1//4,descendant_1:1//1
999,project_2,L00,bridge,3,true,false,2//1,1//4,descendant_1:1//1
999,project_2,L01,bridge,3,true,true,2//1,1//4,descendant_1:1//1
999,project_2,L10,bridge,3,true,false,2//1,1//4,descendant_1:1//1
999,project_2,L11,bridge,3,true,true,2//1,1//4,descendant_1:1//1
1000,project_1,L00,core_a,1,true,true,1//2,3//4,descendant_1:1//1
1000,project_1,L01,core_a,1,true,true,1//2,3//4,descendant_1:1//1
1000,project_1,L10,core_a,1,true,true,1//2,3//4,descendant_1:1//1
1000,project_1,L11,core_a,1,true,true,1//2,3//4,descendant_1:1//1
1000,project_2,L00,expansion,1,true,false,1//2,3//4,descendant_1:1//1
1000,project_2,L01,expansion,1,true,true,1//2,3//4,descendant_1:1//1
1000,project_2,L10,expansion,1,true,false,1//2,3//4,descendant_1:1//1
1000,project_2,L11,expansion,1,true,true,1//2,3//4,descendant_1:1//1
1001,project_1,L00,core_a,1,true,true,2//1,3//4,descendant_1:1//1
1001,project_1,L01,core_a,1,true,true,2//1,3//4,descendant_1:1//1
1001,project_1,L10,core_a,1,true,true,2//1,3//4,descendant_1:1//1
1001,project_1,L11,core_a,1,true,true,2//1,3//4,descendant_1:1//1
1001,project_2,L00,bridge,1,true,false,2//1,3//4,descendant_1:1//1
1001,project_2,L01,bridge,1,true,true,2//1,3//4,descendant_1:1//1
1001,project_2,L10,bridge,1,true,false,2//1,3//4,descendant_1:1//1
1001,project_2,L11,bridge,1,true,true,2//1,3//4,descendant_1:1//1
1002,project_1,L00,core_c,1,true,true,1//2,3//4,descendant_1:1//1
1002,project_1,L01,core_c,1,true,true,1//2,3//4,descendant_1:1//1
1002,project_1,L10,core_c,1,true,true,1//2,3//4,descendant_1:1//1
1002,project_1,L11,core_c,1,true,true,1//2,3//4,descendant_1:1//1
1002,project_2,L00,bridge,1,true,false,1//2,3//4,descendant_1:1//1
1002,project_2,L01,bridge,1,true,true,1//2,3//4,descendant_1:1//1
1002,project_2,L10,bridge,1,true,false,1//2,3//4,descendant_1:1//1
1002,project_2,L11,bridge,1,true,true,1//2,3//4,descendant_1:1//1
1003,project_1,L00,core_b,1,true,true,2//1,3//4,descendant_1:1//1
1003,project_1,L01,core_b,1,true,true,2//1,3//4,descendant_1:1//1
1003,project_1,L10,core_b,1,true,true,2//1,3//4,descendant_1:1//1
1003,project_1,L11,core_b,1,true,true,2//1,3//4,descendant_1:1//1
1003,project_2,L00,expansion,1,true,false,2//1,3//4,descendant_1:1//1
1003,project_2,L01,expansion,1,true,true,2//1,3//4,descendant_1:1//1
1003,project_2,L10,expansion,1,true,false,2//1,3//4,descendant_1:1//1
1003,project_2,L11,expansion,1,true,true,2//1,3//4,descendant_1:1//1
1004,project_1,L00,core_b,1,true,true,1//2,3//4,descendant_1:1//1
1004,project_1,L01,core_b,1,true,true,1//2,3//4,descendant_1:1//1
1004,project_1,L10,core_b,1,true,true,1//2,3//4,descendant_1:1//1
1004,project_1,L11,core_b,1,true,true,1//2,3//4,descendant_1:1//1
1004,project_2,L00,bridge,1,true,false,1//2,3//4,descendant_1:1//1
1004,project_2,L01,bridge,1,true,true,1//2,3//4,descendant_1:1//1
1004,project_2,L10,bridge,1,true,false,1//2,3//4,descendant_1:1//1
1004,project_2,L11,bridge,1,true,true,1//2,3//4,descendant_1:1//1
1005,project_1,L00,core_b,3,true,true,1//2,3//4,descendant_1:1//1
1005,project_1,L01,core_b,3,true,true,1//2,3//4,descendant_1:1//1
1005,project_1,L10,core_b,3,true,true,1//2,3//4,descendant_1:1//1
1005,project_1,L11,core_b,3,true,true,1//2,3//4,descendant_1:1//1
1005,project_2,L00,expansion,3,true,false,1//2,3//4,descendant_1:1//1
1005,project_2,L01,expansion,3,true,true,1//2,3//4,descendant_1:1//1
1005,project_2,L10,expansion,3,true,false,1//2,3//4,descendant_1:1//1
1005,project_2,L11,expansion,3,true,true,1//2,3//4,descendant_1:1//1
1006,project_1,L00,core_b,1,true,true,1//2,1//4,descendant_1:1//1
1006,project_1,L01,core_b,1,true,true,1//2,1//4,descendant_1:1//1
1006,project_1,L10,core_b,1,true,true,1//2,1//4,descendant_1:1//1
1006,project_1,L11,core_b,1,true,true,1//2,1//4,descendant_1:1//1
1006,project_2,L00,bridge,1,true,false,1//2,1//4,descendant_1:1//1
1006,project_2,L01,bridge,1,true,true,1//2,1//4,descendant_1:1//1
1006,project_2,L10,bridge,1,true,false,1//2,1//4,descendant_1:1//1
1006,project_2,L11,bridge,1,true,true,1//2,1//4,descendant_1:1//1
1007,project_1,L00,core_b,1,true,true,2//1,1//4,descendant_1:1//1
1007,project_1,L01,core_b,1,true,true,2//1,1//4,descendant_1:1//1
1007,project_1,L10,core_b,1,true,true,2//1,1//4,descendant_1:1//1
1007,project_1,L11,core_b,1,true,true,2//1,1//4,descendant_1:1//1
1007,project_2,L00,bridge,1,true,false,2//1,1//4,descendant_1:1//1
1007,project_2,L01,bridge,1,true,true,2//1,1//4,descendant_1:1//1
1007,project_2,L10,bridge,1,true,false,2//1,1//4,descendant_1:1//1
1007,project_2,L11,bridge,1,true,true,2//1,1//4,descendant_1:1//1
1008,project_1,L00,core_a,3,true,true,2//1,3//4,descendant_1:1//1
1008,project_1,L01,core_a,3,true,true,2//1,3//4,descendant_1:1//1
1008,project_1,L10,core_a,3,true,true,2//1,3//4,descendant_1:1//1
1008,project_1,L11,core_a,3,true,true,2//1,3//4,descendant_1:1//1
1008,project_2,L00,expansion,3,true,false,2//1,3//4,descendant_1:1//1
1008,project_2,L01,expansion,3,true,true,2//1,3//4,descendant_1:1//1
1008,project_2,L10,expansion,3,true,false,2//1,3//4,descendant_1:1//1
1008,project_2,L11,expansion,3,true,true,2//1,3//4,descendant_1:1//1
1009,project_1,L00,core_c,3,true,true,1//2,3//4,descendant_1:1//1
1009,project_1,L01,core_c,3,true,true,1//2,3//4,descendant_1:1//1
1009,project_1,L10,core_c,3,true,true,1//2,3//4,descendant_1:1//1
1009,project_1,L11,core_c,3,true,true,1//2,3//4,descendant_1:1//1
1009,project_2,L00,expansion,3,true,false,1//2,3//4,descendant_1:1//1
1009,project_2,L01,expansion,3,true,true,1//2,3//4,descendant_1:1//1
1009,project_2,L10,expansion,3,true,false,1//2,3//4,descendant_1:1//1
1009,project_2,L11,expansion,3,true,true,1//2,3//4,descendant_1:1//1
1010,project_1,L00,core_a,3,true,true,2//1,1//4,descendant_1:1//1
1010,project_1,L01,core_a,3,true,true,2//1,1//4,descendant_1:1//1
1010,project_1,L10,core_a,3,true,true,2//1,1//4,descendant_1:1//1
1010,project_1,L11,core_a,3,true,true,2//1,1//4,descendant_1:1//1
1010,project_2,L00,expansion,3,true,false,2//1,1//4,descendant_1:1//1
1010,project_2,L01,expansion,3,true,true,2//1,1//4,descendant_1:1//1
1010,project_2,L10,expansion,3,true,false,2//1,1//4,descendant_1:1//1
1010,project_2,L11,expansion,3,true,true,2//1,1//4,descendant_1:1//1
1011,project_1,L00,core_b,1,true,true,2//1,1//4,descendant_1:1//1
1011,project_1,L01,core_b,1,true,true,2//1,1//4,descendant_1:1//1
1011,project_1,L10,core_b,1,true,true,2//1,1//4,descendant_1:1//1
1011,project_1,L11,core_b,1,true,true,2//1,1//4,descendant_1:1//1
1011,project_2,L00,expansion,1,true,false,2//1,1//4,descendant_1:1//1
1011,project_2,L01,expansion,1,true,true,2//1,1//4,descendant_1:1//1
1011,project_2,L10,expansion,1,true,false,2//1,1//4,descendant_1:1//1
1011,project_2,L11,expansion,1,true,true,2//1,1//4,descendant_1:1//1
1012,project_1,L00,core_a,3,true,true,1//2,1//4,descendant_1:1//1
1012,project_1,L01,core_a,3,true,true,1//2,1//4,descendant_1:1//1
1012,project_1,L10,core_a,3,true,true,1//2,1//4,descendant_1:1//1
1012,project_1,L11,core_a,3,true,true,1//2,1//4,descendant_1:1//1
1012,project_2,L00,bridge,3,true,false,1//2,1//4,descendant_1:1//1
1012,project_2,L01,bridge,3,true,true,1//2,1//4,descendant_1:1//1
1012,project_2,L10,bridge,3,true,false,1//2,1//4,descendant_1:1//1
1012,project_2,L11,bridge,3,true,true,1//2,1//4,descendant_1:1//1
1013,project_1,L00,core_c,3,true,true,2//1,1//4,descendant_1:1//1
1013,project_1,L01,core_c,3,true,true,2//1,1//4,descendant_1:1//1
1013,project_1,L10,core_c,3,true,true,2//1,1//4,descendant_1:1//1
1013,project_1,L11,core_c,3,true,true,2//1,1//4,descendant_1:1//1
1013,project_2,L00,expansion,3,true,false,2//1,1//4,descendant_1:1//1
1013,project_2,L01,expansion,3,true,true,2//1,1//4,descendant_1:1//1
1013,project_2,L10,expansion,3,true,false,2//1,1//4,descendant_1:1//1
1013,project_2,L11,expansion,3,true,true,2//1,1//4,descendant_1:1//1
1014,project_1,L00,core_b,3,true,true,1//2,1//4,descendant_1:1//1
1014,project_1,L01,core_b,3,true,true,1//2,1//4,descendant_1:1//1
1014,project_1,L10,core_b,3,true,true,1//2,1//4,descendant_1:1//1
1014,project_1,L11,core_b,3,true,true,1//2,1//4,descendant_1:1//1
1014,project_2,L00,bridge,3,true,false,1//2,1//4,descendant_1:1//1
1014,project_2,L01,bridge,3,true,true,1//2,1//4,descendant_1:1//1
1014,project_2,L10,bridge,3,true,false,1//2,1//4,descendant_1:1//1
1014,project_2,L11,bridge,3,true,true,1//2,1//4,descendant_1:1//1
1015,project_1,L00,core_c,1,true,true,1//2,3//4,descendant_1:1//1
1015,project_1,L01,core_c,1,true,true,1//2,3//4,descendant_1:1//1
1015,project_1,L10,core_c,1,true,true,1//2,3//4,descendant_1:1//1
1015,project_1,L11,core_c,1,true,true,1//2,3//4,descendant_1:1//1
1015,project_2,L00,bridge,1,true,false,1//2,3//4,descendant_1:1//1
1015,project_2,L01,bridge,1,true,true,1//2,3//4,descendant_1:1//1
1015,project_2,L10,bridge,1,true,false,1//2,3//4,descendant_1:1//1
1015,project_2,L11,bridge,1,true,true,1//2,3//4,descendant_1:1//1
1016,project_1,L00,core_b,3,true,true,1//2,1//4,descendant_1:1//1
1016,project_1,L01,core_b,3,true,true,1//2,1//4,descendant_1:1//1
1016,project_1,L10,core_b,3,true,true,1//2,1//4,descendant_1:1//1
1016,project_1,L11,core_b,3,true,true,1//2,1//4,descendant_1:1//1
1016,project_2,L00,expansion,3,true,false,1//2,1//4,descendant_1:1//1
1016,project_2,L01,expansion,3,true,true,1//2,1//4,descendant_1:1//1
1016,project_2,L10,expansion,3,true,false,1//2,1//4,descendant_1:1//1
1016,project_2,L11,expansion,3,true,true,1//2,1//4,descendant_1:1//1
1017,project_1,L00,core_a,3,true,true,1//2,1//4,descendant_1:1//1
1017,project_1,L01,core_a,3,true,true,1//2,1//4,descendant_1:1//1
1017,project_1,L10,core_a,3,true,true,1//2,1//4,descendant_1:1//1
1017,project_1,L11,core_a,3,true,true,1//2,1//4,descendant_1:1//1
1017,project_2,L00,expansion,3,true,false,1//2,1//4,descendant_1:1//1
1017,project_2,L01,expansion,3,true,true,1//2,1//4,descendant_1:1//1
1017,project_2,L10,expansion,3,true,false,1//2,1//4,descendant_1:1//1
1017,project_2,L11,expansion,3,true,true,1//2,1//4,descendant_1:1//1
1018,project_1,L00,core_c,3,true,true,1//2,3//4,descendant_1:1//1
1018,project_1,L01,core_c,3,true,true,1//2,3//4,descendant_1:1//1
1018,project_1,L10,core_c,3,true,true,1//2,3//4,descendant_1:1//1
1018,project_1,L11,core_c,3,true,true,1//2,3//4,descendant_1:1//1
1018,project_2,L00,expansion,3,true,false,1//2,3//4,descendant_1:1//1
1018,project_2,L01,expansion,3,true,true,1//2,3//4,descendant_1:1//1
1018,project_2,L10,expansion,3,true,false,1//2,3//4,descendant_1:1//1
1018,project_2,L11,expansion,3,true,true,1//2,3//4,descendant_1:1//1
1019,project_1,L00,core_a,1,true,true,2//1,1//4,descendant_1:1//1
1019,project_1,L01,core_a,1,true,true,2//1,1//4,descendant_1:1//1
1019,project_1,L10,core_a,1,true,true,2//1,1//4,descendant_1:1//1
1019,project_1,L11,core_a,1,true,true,2//1,1//4,descendant_1:1//1
1019,project_2,L00,bridge,1,true,false,2//1,1//4,descendant_1:1//1
1019,project_2,L01,bridge,1,true,true,2//1,1//4,descendant_1:1//1
1019,project_2,L10,bridge,1,true,false,2//1,1//4,descendant_1:1//1
1019,project_2,L11,bridge,1,true,true,2//1,1//4,descendant_1:1//1
1020,project_1,L00,core_a,3,true,true,2//1,3//4,descendant_1:1//1
1020,project_1,L01,core_a,3,true,true,2//1,3//4,descendant_1:1//1
1020,project_1,L10,core_a,3,true,true,2//1,3//4,descendant_1:1//1
1020,project_1,L11,core_a,3,true,true,2//1,3//4,descendant_1:1//1
1020,project_2,L00,expansion,3,true,false,2//1,3//4,descendant_1:1//1
1020,project_2,L01,expansion,3,true,true,2//1,3//4,descendant_1:1//1
1020,project_2,L10,expansion,3,true,false,2//1,3//4,descendant_1:1//1
1020,project_2,L11,expansion,3,true,true,2//1,3//4,descendant_1:1//1
1021,project_1,L00,core_b,1,true,true,1//2,1//4,descendant_1:1//1
1021,project_1,L01,core_b,1,true,true,1//2,1//4,descendant_1:1//1
1021,project_1,L10,core_b,1,true,true,1//2,1//4,descendant_1:1//1
1021,project_1,L11,core_b,1,true,true,1//2,1//4,descendant_1:1//1
1021,project_2,L00,bridge,1,true,false,1//2,1//4,descendant_1:1//1
1021,project_2,L01,bridge,1,true,true,1//2,1//4,descendant_1:1//1
1021,project_2,L10,bridge,1,true,false,1//2,1//4,descendant_1:1//1
1021,project_2,L11,bridge,1,true,true,1//2,1//4,descendant_1:1//1
1022,project_1,L00,core_c,1,true,true,2//1,1//4,descendant_1:1//1
1022,project_1,L01,core_c,1,true,true,2//1,1//4,descendant_1:1//1
1022,project_1,L10,core_c,1,true,true,2//1,1//4,descendant_1:1//1
1022,project_1,L11,core_c,1,true,true,2//1,1//4,descendant_1:1//1
1022,project_2,L00,expansion,1,true,false,2//1,1//4,descendant_1:1//1
1022,project_2,L01,expansion,1,true,true,2//1,1//4,descendant_1:1//1
1022,project_2,L10,expansion,1,true,false,2//1,1//4,descendant_1:1//1
1022,project_2,L11,expansion,1,true,true,2//1,1//4,descendant_1:1//1
1023,project_1,L00,core_c,3,true,true,2//1,3//4,descendant_1:1//1
1023,project_1,L01,core_c,3,true,true,2//1,3//4,descendant_1:1//1
1023,project_1,L10,core_c,3,true,true,2//1,3//4,descendant_1:1//1
1023,project_1,L11,core_c,3,true,true,2//1,3//4,descendant_1:1//1
1023,project_2,L00,bridge,3,true,false,2//1,3//4,descendant_1:1//1
1023,project_2,L01,bridge,3,true,true,2//1,3//4,descendant_1:1//1
1023,project_2,L10,bridge,3,true,false,2//1,3//4,descendant_1:1//1
1023,project_2,L11,bridge,3,true,true,2//1,3//4,descendant_1:1//1
1024,project_1,L00,core_a,1,true,true,1//2,3//4,descendant_1:1//1
1024,project_1,L01,core_a,1,true,true,1//2,3//4,descendant_1:1//1
1024,project_1,L10,core_a,1,true,true,1//2,3//4,descendant_1:1//1
1024,project_1,L11,core_a,1,true,true,1//2,3//4,descendant_1:1//1
1024,project_2,L00,expansion,1,true,false,1//2,3//4,descendant_1:1//1
1024,project_2,L01,expansion,1,true,true,1//2,3//4,descendant_1:1//1
1024,project_2,L10,expansion,1,true,false,1//2,3//4,descendant_1:1//1
1024,project_2,L11,expansion,1,true,true,1//2,3//4,descendant_1:1//1
