trial_id,batch_id,within_batch_order,principal_cell_id,canonical_index,replicate_id,theorem_regime,boundary_mechanism,frontier_density,module_overlap,module_complementarity,project_cost,duration,admission,persistence,schedule_key,trial_seed,catalog_seed,project_seed,deletion_seed
1,1,1,C038,38,1,primitive_eligible,none,dense,low,strong,low,short,high,low,87607281556355306,88896221981659946,8586167800522669909,3512831314653794819,9036757517036230724
2,1,2,C105,105,1,primitive_eligible,none,sparse,low,weak,high,short,high,high,233724678206544730,3498277895596856488,6883081616334972022,136314480862404494,2419093467911050948
3,1,3,C115,115,1,primitive_eligible,none,sparse,high,weak,low,long,high,high,476531435313533109,2460065269305029637,3631297257553582253,5113167563275408147,7846288248915081370
4,1,4,C023,23,1,primitive_eligible,none,sparse,high,strong,low,long,low,low,568821166051433874,6698470560631988635,8645848541155922826,4470009677930190069,2042297884948670827
5,1,5,C126,126,1,primitive_eligible,none,dense,low,strong,high,long,high,high,1063429593103792383,6003298121730580255,1508656677020022050,1617815409092735586,4948910875388848972
6,1,6,C122,122,1,primitive_eligible,none,dense,low,weak,high,long,high,high,1271434422082963836,8726577458587224425,2697901784102225107,5587727715739410753,6236163130737927970
7,1,7,C062,62,1,primitive_eligible,none,dense,low,strong,high,long,high,low,1393667236385038358,3764105936775036162,7088435667528665215,4067725236111345615,8349966811079766799
8,1,8,C113,113,1,primitive_eligible,none,sparse,low,weak,low,long,high,high,1434971491862265639,490778992412804868,152311022872860728,312000451548055726,1015988231911388979
9,1,9,C013,13,1,primitive_eligible,none,sparse,low,strong,high,short,low,low,1495739510134079713,6515261684155880940,9198117929958940461,4049976226511332196,1015623304443813865
10,1,10,C042,42,1,primitive_eligible,none,dense,low,weak,high,short,high,low,1585362262818965037,9101497487769862510,7715053695678875573,2400338238240519684,7838923723269633898
11,1,11,C109,109,1,primitive_eligible,none,sparse,low,strong,high,short,high,high,1934880438634365868,5056193851948679910,589631954810391109,6776581306365378028,8597295948911091307
12,1,12,C067,67,1,primitive_eligible,none,sparse,high,weak,low,short,low,high,1958171058381267574,8329199882715128910,5328052046020807568,752376687331094262,1725928721387891962
13,1,13,C009,9,1,primitive_eligible,none,sparse,low,weak,high,short,low,low,2154918849066188125,736289661223484805,3403610234409013950,2098111042250385142,4905373125846544311
14,1,14,C114,114,1,primitive_eligible,none,dense,low,weak,low,long,high,high,2170244346255636480,3374181177311942880,6021550313584662971,9110259663259965689,4992299852772686322
15,1,15,C037,37,1,primitive_eligible,none,sparse,low,strong,low,short,high,low,2215718639724648660,8963626601325602525,3221382660405455013,3619378598339318376,1337732095258754908
16,1,16,C094,94,1,primitive_eligible,none,dense,low,strong,high,long,low,high,2358047869190110700,3036598480169122800,5542535201437211432,1853231796075445708,2777864647457478190
17,1,17,C056,56,1,primitive_eligible,none,dense,high,strong,low,long,high,low,2511603156092366173,259401466869099779,1647628898531516954,8108058858325921422,5277641608924179291
18,1,18,C065,65,1,primitive_eligible,none,sparse,low,weak,low,short,low,high,2885965392228876883,3811646147980857349,2247650960542003337,1348931710852450724,3088104017297047973
19,1,19,C010,10,1,primitive_eligible,none,dense,low,weak,high,short,low,low,2911694203224301668,4528788848904976856,6592895312049642059,3602180062694203050,4529015495849714811
20,1,20,C048,48,1,primitive_eligible,none,dense,high,strong,high,short,high,low,2940290729086804435,6164641493921727511,1961444984253720194,5675293338290549499,7195291328993327028
21,1,21,C028,28,1,primitive_eligible,none,dense,high,weak,high,long,low,low,2977163215100043523,9149389865092202183,2349080680958730785,8404672839288084667,232417743232444253
22,1,22,C012,12,1,primitive_eligible,none,dense,high,weak,high,short,low,low,2992894296352361440,5559373839164511257,7294798960674866331,5551403007052551705,5305657239765276986
23,1,23,C017,17,1,primitive_eligible,none,sparse,low,weak,low,long,low,low,3033258842742416202,5527696781431923638,6470179226751695389,4906859151112426364,6073735168999123900
24,1,24,C008,8,1,primitive_eligible,none,dense,high,strong,low,short,low,low,3094383952722786347,4809976411124802580,9923655761225285,2710797303956066452,1157711724990361415
25,1,25,C001,1,1,primitive_eligible,none,sparse,low,weak,low,short,low,low,3311125286989114850,8621962170231847053,521932693366387849,7775374871489289234,3251023567007600306
26,1,26,C004,4,1,primitive_eligible,none,dense,high,weak,low,short,low,low,3382541707633179209,6700896650759181964,8655272808633621954,6895343555738574035,5403014592654907560
27,1,27,C120,120,1,primitive_eligible,none,dense,high,strong,low,long,high,high,3709445307642336733,6372142848102685342,3130046957544558145,496916860777384996,63974571040518999
28,1,28,C021,21,1,primitive_eligible,none,sparse,low,strong,low,long,low,low,3810039329218097693,4060528705741653288,1546902009435990255,1910593483806166332,5389893363965200727
29,1,29,C091,91,1,primitive_eligible,none,sparse,high,weak,high,long,low,high,3856770704173196276,6092348615542071361,1018313165067016930,5653783993791580979,8602526448957321835
30,1,30,C097,97,1,primitive_eligible,none,sparse,low,weak,low,short,high,high,3882815109318615011,7307216771767145280,9189614026910025515,4785713898345809181,1414010123496250341
31,1,31,C102,102,1,primitive_eligible,none,dense,low,strong,low,short,high,high,3926671871417141016,252916123593208081,7131977821385849928,6460101468450316219,7877554142712987274
32,1,32,C073,73,1,primitive_eligible,none,sparse,low,weak,high,short,low,high,4116081414574734425,1008205912164823304,3973954463899668315,206345954478334528,8540920991735540091
33,1,33,C078,78,1,primitive_eligible,none,dense,low,strong,high,short,low,high,4186526550538263922,8940200008680159518,4398462308678019518,8564853797208427,2267309062866518060
34,1,34,C111,111,1,primitive_eligible,none,sparse,high,strong,high,short,high,high,4212137950799638826,5369993137505038736,6439106496831290,3320462048179982048,6032976810440281892
35,1,35,C020,20,1,primitive_eligible,none,dense,high,weak,low,long,low,low,4231646394313759900,1256927211335662527,8212051826436332088,6266303151395557412,5260512239575630787
36,1,36,C081,81,1,primitive_eligible,none,sparse,low,weak,low,long,low,high,4283830869852748615,2393631440062538954,1759565865555612150,3298224963431045948,7452896611437851220
37,1,37,C064,64,1,primitive_eligible,none,dense,high,strong,high,long,high,low,4371703867414428603,8420364577908041937,2906545045978631304,1759716519873817775,1480119451899355055
38,1,38,C124,124,1,primitive_eligible,none,dense,high,weak,high,long,high,high,4704216727194585881,615038714049757643,7462812689550090882,8976779315255600680,7938806933188880955
39,1,39,C014,14,1,primitive_eligible,none,dense,low,strong,high,short,low,low,4751952114723909940,2401824033828700682,7210632932353923771,5265284849957931559,2012453687982672272
40,1,40,C101,101,1,primitive_eligible,none,sparse,low,strong,low,short,high,high,4892645903372945753,4639937259827260999,6559677946376090353,4917612077250794548,7493938256290987375
41,1,41,C090,90,1,primitive_eligible,none,dense,low,weak,high,long,low,high,4922497998045181422,2935288125106720823,1371949145971156087,4912707721027608513,2617563021130068234
42,1,42,C071,71,1,primitive_eligible,none,sparse,high,strong,low,short,low,high,5119324976514340020,4806755622672273989,6203818215020296958,867271045854181709,7699677220964880747
43,1,43,C003,3,1,primitive_eligible,none,sparse,high,weak,low,short,low,low,5127526408142960940,5365600471074840789,132594940381767565,5144649121082454821,3553580891120796981
44,1,44,C045,45,1,primitive_eligible,none,sparse,low,strong,high,short,high,low,5146346793621893184,2241092606233305340,758684037851180767,8461750977763787419,6073804220340466018
45,1,45,C104,104,1,primitive_eligible,none,dense,high,strong,low,short,high,high,5331978702852379218,5674755566064149382,5091223298900683322,5798571096367329057,9196795065676460134
46,1,46,C007,7,1,primitive_eligible,none,sparse,high,strong,low,short,low,low,5353286560034398883,6858665786574071051,6117098987385844712,783418883151304658,4071478672879777049
47,1,47,C002,2,1,primitive_eligible,none,dense,low,weak,low,short,low,low,5413212754253163035,5113746311770259721,251442478167623051,6411024942687391457,6729199853995970996
48,1,48,C025,25,1,primitive_eligible,none,sparse,low,weak,high,long,low,low,5419778331708903765,2429322325608547428,5271105185269658636,541377752684612289,6890842846594737636
49,1,49,C026,26,1,primitive_eligible,none,dense,low,weak,high,long,low,low,5449134902118879732,2534070460337384691,8033311716995829208,4102159806380701136,8367382118357322624
50,1,50,C070,70,1,primitive_eligible,none,dense,low,strong,low,short,low,high,5893913516680773096,3154462454563755163,239619925757988047,8901373623729989479,2786654828121476905
51,1,51,C027,27,1,primitive_eligible,none,sparse,high,weak,high,long,low,low,6371939701602184662,8968497603924265295,3728636697323553231,7339473585514164012,2495868241196608612
52,1,52,C019,19,1,primitive_eligible,none,sparse,high,weak,low,long,low,low,6390767217201554664,334216582422376895,4781017699188466239,8240799737256156580,6330840078700463742
53,1,53,C096,96,1,primitive_eligible,none,dense,high,strong,high,long,low,high,6477834576212567199,3954086254696776333,1764377995307826383,211461450192740771,4387430804911840034
54,1,54,C044,44,1,primitive_eligible,none,dense,high,weak,high,short,high,low,6620071164004900504,4582915721116994119,6800552165151066488,2213161976685214207,15714262582358314
55,1,55,C110,110,1,primitive_eligible,none,dense,low,strong,high,short,high,high,6677643954462214266,2969164323265003305,6837193168654643614,3752383788763627658,2337266233174547546
56,1,56,C103,103,1,primitive_eligible,none,sparse,high,strong,low,short,high,high,6753384929843896474,6310568785700699891,4812267623329804727,3743348851853297843,7248355615349156748
57,1,57,C034,34,1,primitive_eligible,none,dense,low,weak,low,short,high,low,6823227326429612153,4330707489874739652,7650881264919517528,5356132138283104526,5682819427944507214
58,1,58,C039,39,1,primitive_eligible,none,sparse,high,strong,low,short,high,low,7221569523830845592,6750413870748005066,1074530641342899055,4471899695835163318,9219615100530953539
59,1,59,C011,11,1,primitive_eligible,none,sparse,high,weak,high,short,low,low,7556086156982548350,4321322543005843982,3975518204729203235,5680441248428090333,2094894729014080556
60,1,60,C087,87,1,primitive_eligible,none,sparse,high,strong,low,long,low,high,7907914326688209325,2775667502888471273,5869839499344066794,7860609890253010868,3249246907906345664
61,1,61,C058,58,1,primitive_eligible,none,dense,low,weak,high,long,high,low,7928931022746180598,6608774007768920530,3298497501720112230,3348813943529846798,2132328502408370987
62,1,62,C112,112,1,primitive_eligible,none,dense,high,strong,high,short,high,high,8064564805190561330,9190499088476902628,8219098494589945635,5816077112457941366,1397831786993990661
63,1,63,C035,35,1,primitive_eligible,none,sparse,high,weak,low,short,high,low,8084398875522728057,8522459951278829163,2933153027917927809,2243141876853650294,8474752340692564042
64,1,64,C054,54,1,primitive_eligible,none,dense,low,strong,low,long,high,low,8394793712495232316,8650307701140324545,3126712305590181302,3249327746231443964,3043883329424702722
65,1,65,C085,85,1,primitive_eligible,none,sparse,low,strong,low,long,low,high,8453637228541569437,1279997477542473512,2771803445777025621,789803093376174109,6971739743908529781
66,1,66,C074,74,1,primitive_eligible,none,dense,low,weak,high,short,low,high,8493483561653896023,1325932128033164468,976929180167302766,5536984268257470264,3544778499381614929
67,1,67,C022,22,1,primitive_eligible,none,dense,low,strong,low,long,low,low,8619729464682414335,4123843512518247297,743194331311936734,98434793611328812,7096984567192507308
68,1,68,C121,121,1,primitive_eligible,none,sparse,low,weak,high,long,high,high,9022930553402270107,2160414484220754275,1886582185696974240,1112792745765079385,516769310403948841
69,1,69,C061,61,1,primitive_eligible,none,sparse,low,strong,high,long,high,low,9449684894075329192,5880119545936709551,1188193865514564391,6985711459415180099,6539986473668136688
70,1,70,C029,29,1,primitive_eligible,none,sparse,low,strong,high,long,low,low,9487717477991206341,5357350996900175255,3283597164314013290,4606900387572566204,1814278185808548053
71,1,71,C100,100,1,primitive_eligible,none,dense,high,weak,low,short,high,high,10161794673279394663,7349468993111010690,7713840456132361144,2862399157925352930,4046620251323664482
72,1,72,C083,83,1,primitive_eligible,none,sparse,high,weak,low,long,low,high,10324606113217913020,428534995202247107,8910839779808489905,8308722262048463155,6377610640383301539
73,1,73,C128,128,1,primitive_eligible,none,dense,high,strong,high,long,high,high,10351474575117163716,3473474570515136596,5524161405455957781,6833606163229727190,7592715979001554349
74,1,74,C116,116,1,primitive_eligible,none,dense,high,weak,low,long,high,high,10594526030321679268,7921106991875967774,5028484681697087721,655191986407204574,4021588502764018461
75,1,75,C095,95,1,primitive_eligible,none,sparse,high,strong,high,long,low,high,10794401614384136106,5797159400805448258,2215499114055261856,548787375496164555,5794088846858119988
76,1,76,C018,18,1,primitive_eligible,none,dense,low,weak,low,long,low,low,11082083392840511724,7977018689229461820,2700324606287319662,124653857286326258,8818320010389463490
77,1,77,C069,69,1,primitive_eligible,none,sparse,low,strong,low,short,low,high,11167108109092113003,2251743250848351581,3520285889158367163,5920788990896459754,746097368166245065
78,1,78,C089,89,1,primitive_eligible,none,sparse,low,weak,high,long,low,high,11603721856875497882,3752164311347850941,1461769876476829452,3449736101623334409,5338100555486480360
79,1,79,C125,125,1,primitive_eligible,none,sparse,low,strong,high,long,high,high,11661914151749259067,2155755288145440098,1090144096913329127,1853121316220391608,4030090380586180850
80,1,80,C047,47,1,primitive_eligible,none,sparse,high,strong,high,short,high,low,11663019935532547800,3926040487907071919,5327841854353690354,9499647874443806,5931793645253150396
81,1,81,C049,49,1,primitive_eligible,none,sparse,low,weak,low,long,high,low,11755389654733709866,2855382009656685082,4776502333494846378,3453496365253838985,6836469800317091705
82,1,82,C051,51,1,primitive_eligible,none,sparse,high,weak,low,long,high,low,11800868328637724766,4715844221261004361,8621354225944170958,9183972179192781281,6456334291917049862
83,1,83,C036,36,1,primitive_eligible,none,dense,high,weak,low,short,high,low,11805910269561353120,9082989424267760371,5879905948572305533,40670030581941842,1881700535895022527
84,1,84,C053,53,1,primitive_eligible,none,sparse,low,strong,low,long,high,low,11903596183273515268,927586599074388468,3155962738448872672,2048059103773082171,4518594221023435595
85,1,85,C063,63,1,primitive_eligible,none,sparse,high,strong,high,long,high,low,12023530070151571029,3089599211042740149,389032663235805160,2219053964564678264,1220719202860072722
86,1,86,C068,68,1,primitive_eligible,none,dense,high,weak,low,short,low,high,12111881827311092212,1744332901742569817,5118637518947225611,7210749226799747343,6777487015124298404
87,1,87,C031,31,1,primitive_eligible,none,sparse,high,strong,high,long,low,low,12274872965587617332,65452491593833169,3495288663312529510,6410438540136300223,1692401927011271361
88,1,88,C080,80,1,primitive_eligible,none,dense,high,strong,high,short,low,high,12299249810332373114,5636731575655560580,1928616856614740741,8056373153952608648,1612574857098086309
89,1,89,C077,77,1,primitive_eligible,none,sparse,low,strong,high,short,low,high,12412656237081564603,2404450664889779392,8247961130734707437,8244898819318609520,6420903996889396290
90,1,90,C076,76,1,primitive_eligible,none,dense,high,weak,high,short,low,high,12514332598460411914,7046086087070195584,2375308250731257290,2231125129351283434,176719491007493627
91,1,91,C032,32,1,primitive_eligible,none,dense,high,strong,high,long,low,low,12629146936110068914,6138675925539029429,8701601046117216348,3354678838565801067,5477363444231416163
92,1,92,C075,75,1,primitive_eligible,none,sparse,high,weak,high,short,low,high,12835399874587424866,2548002168448705046,836380400501424421,276820630463275305,8436089249596653982
93,1,93,C006,6,1,primitive_eligible,none,dense,low,strong,low,short,low,low,12933864503253785250,5939077949110835882,7639730540473212167,181749050179514372,1731155344385772439
94,1,94,C024,24,1,primitive_eligible,none,dense,high,strong,low,long,low,low,13285569932009181688,1009289242348838341,4299190200733894772,8626100021425934105,4538772984131873073
95,1,95,C033,33,1,primitive_eligible,none,sparse,low,weak,low,short,high,low,13327739988650925960,5328825617236537710,4209879716459259524,4070315805479664496,3747801867021454578
96,1,96,C060,60,1,primitive_eligible,none,dense,high,weak,high,long,high,low,13894412353465110693,6300427447397956564,9161969402005299295,9045026535148023761,6491414606629480617
97,1,97,C046,46,1,primitive_eligible,none,dense,low,strong,high,short,high,low,13904910214993089799,3739161274423299814,2235291779059766022,5506039225243893701,7049686209187887071
98,1,98,C092,92,1,primitive_eligible,none,dense,high,weak,high,long,low,high,14215819368636799381,6456372525518018538,3836542488429201696,8742755954515942248,3509765987826375347
99,1,99,C123,123,1,primitive_eligible,none,sparse,high,weak,high,long,high,high,14255550552056991612,718945325759256588,4109861598516219457,4519254665670100813,7966129088237764680
100,1,100,C088,88,1,primitive_eligible,none,dense,high,strong,low,long,low,high,14534096659084165559,5334290281573637799,4239807387949013765,348764385516141897,7186344293170481584
101,1,101,C099,99,1,primitive_eligible,none,sparse,high,weak,low,short,high,high,14554179497461257449,5306007368956618434,4710001951855412155,4966083921422889717,2622180978550404999
102,1,102,C050,50,1,primitive_eligible,none,dense,low,weak,low,long,high,low,14575573339250124812,1631623357419330578,2611555045635550158,220507600629597724,5155038811110886208
103,1,103,C086,86,1,primitive_eligible,none,dense,low,strong,low,long,low,high,14656690864055605001,6144482099494164269,3068469680188340149,2780826516071948894,7875468030219924532
104,1,104,C043,43,1,primitive_eligible,none,sparse,high,weak,high,short,high,low,14783282360538130035,2280861064638971987,152122352948960884,7203394425725486532,3490577234159490182
105,1,105,C117,117,1,primitive_eligible,none,sparse,low,strong,low,long,high,high,14806987468984870172,4041962640827710946,4012575920652403941,5866004806964696504,6294273935967940035
106,1,106,C079,79,1,primitive_eligible,none,sparse,high,strong,high,short,low,high,14828859821026666912,3715630728309618352,7518941700231426018,3636147366237272321,7978633040912325081
107,1,107,C015,15,1,primitive_eligible,none,sparse,high,strong,high,short,low,low,14943914993084501644,4997443010555453224,6954150759082835783,3690091779568667990,6298444561124937759
108,1,108,C093,93,1,primitive_eligible,none,sparse,low,strong,high,long,low,high,14974079780171393136,4550071702759519554,8799555792118081880,2756495449582296320,842625684059074464
109,1,109,C041,41,1,primitive_eligible,none,sparse,low,weak,high,short,high,low,15035950988953643615,2556901172963674324,3864232826859545257,6031500207256805093,1824030325983132550
110,1,110,C119,119,1,primitive_eligible,none,sparse,high,strong,low,long,high,high,15217165707433061130,3099646504523139806,3938630575330788637,958217227436474418,2624343387739753587
111,1,111,C055,55,1,primitive_eligible,none,sparse,high,strong,low,long,high,low,15302173254600023288,7700167907919434683,4896432473862391655,8445343472897052884,6338996768714995198
112,1,112,C066,66,1,primitive_eligible,none,dense,low,weak,low,short,low,high,15478099202138040506,7336111288135505996,2018561848982512033,6515784323847488885,4833820710636876058
113,1,113,C040,40,1,primitive_eligible,none,dense,high,strong,low,short,high,low,15535518440886346019,8417850497155543359,2379082749340806362,9106899802712463283,2434857108968147028
114,1,114,C107,107,1,primitive_eligible,none,sparse,high,weak,high,short,high,high,15539824363091282642,8231720804202460732,7114377620861583560,3673401755818143263,2143083881751350793
115,1,115,C057,57,1,primitive_eligible,none,sparse,low,weak,high,long,high,low,15751573119820503368,637764870571668137,5303502386391465313,8184253920854226989,6824616473446299770
116,1,116,C030,30,1,primitive_eligible,none,dense,low,strong,high,long,low,low,16061482758001578767,922741189432913515,8124333388366883142,2772249188489946621,6350512805986011278
117,1,117,C052,52,1,primitive_eligible,none,dense,high,weak,low,long,high,low,16081693469264183623,3934732343915008524,4715241265275489918,3115843956645674905,6128454376793147482
118,1,118,C108,108,1,primitive_eligible,none,dense,high,weak,high,short,high,high,16243764337973181905,4992475808740961802,2115159203926355776,5497499716469372330,3159863154115491924
119,1,119,C059,59,1,primitive_eligible,none,sparse,high,weak,high,long,high,low,16270787939771751725,6099447738642850376,2034569291550490212,6284859013672693111,4977780929612027787
120,1,120,C127,127,1,primitive_eligible,none,sparse,high,strong,high,long,high,high,16307625391856953315,4317262201636841139,2644799917434757208,6670446474707919379,1065615253088867883
121,1,121,C016,16,1,primitive_eligible,none,dense,high,strong,high,short,low,low,16841249836094225671,2535545637637000360,9008613103986662845,8923148025383780188,5546632409194873434
122,1,122,C084,84,1,primitive_eligible,none,dense,high,weak,low,long,low,high,16895038770125507866,7916692536889995065,46631827852061043,300672538574939283,5800023374736089957
123,1,123,C005,5,1,primitive_eligible,none,sparse,low,strong,low,short,low,low,17058065855412533115,462534755762833469,3646097457094170051,459333536981036302,7703371343576687354
124,1,124,C072,72,1,primitive_eligible,none,dense,high,strong,low,short,low,high,17072275199508205487,355997236152892986,1612149588989338898,6608243645610163105,4928662955314294494
125,1,125,C098,98,1,primitive_eligible,none,dense,low,weak,low,short,high,high,17189237788100887341,4165942887046690072,3805287604127391050,6668056735809461098,7735657864019615809
126,1,126,C106,106,1,primitive_eligible,none,dense,low,weak,high,short,high,high,17248009712275189046,4224601432605966713,4762211982253407079,4762556926899064149,265922909323267575
127,1,127,C118,118,1,primitive_eligible,none,dense,low,strong,low,long,high,high,17678973517700406393,1413773221519371889,1407347144968589000,8271557178599532042,7078029692277075285
128,1,128,C082,82,1,primitive_eligible,none,dense,low,weak,low,long,low,high,18296138969990420158,906518015987703783,6169628763702731597,1308994837363447258,8154449261028170061
129,2,1,C038,166,2,boundary,frontier_dependent_generator,dense,low,strong,low,short,high,low,128516295333416037,7136563481755628293,6379212301729681215,7650490541786227670,3161885503394861598
130,2,2,C021,149,2,boundary,frontier_dependent_generator,sparse,low,strong,low,long,low,low,240717896550571261,4441163572082259795,5436623722988626814,3180299174766170160,6885110479740618726
131,2,3,C127,255,2,boundary,frontier_dependent_generator,sparse,high,strong,high,long,high,high,279167858244501475,3843316273690174455,7596321898796215131,1721240867427939368,5876044808217089513
132,2,4,C112,240,2,boundary,frontier_dependent_generator,dense,high,strong,high,short,high,high,638682490565084002,3790804820043946405,9066143389353067344,8055640685155476245,7183383533048867756
133,2,5,C125,253,2,boundary,frontier_dependent_generator,sparse,low,strong,high,long,high,high,681850497903551191,5839423167399257498,5211053242721916394,8775689318386931627,6890569388140597765
134,2,6,C068,196,2,boundary,frontier_dependent_generator,dense,high,weak,low,short,low,high,765510435878937984,5652717328011961428,5726237944571421051,5931943543536393700,1426546680240367734
135,2,7,C109,237,2,boundary,frontier_dependent_generator,sparse,low,strong,high,short,high,high,802563581835314999,3918035887410623934,3384210196565325293,105491002740839590,7168578213286213060
136,2,8,C104,232,2,boundary,frontier_dependent_generator,dense,high,strong,low,short,high,high,807137438696831017,9097839839673590033,656468160837714491,4920494582215900115,9212720092219317978
137,2,9,C042,170,2,boundary,frontier_dependent_generator,dense,low,weak,high,short,high,low,1112922599581665232,1090705177479001042,2634752012305141618,5941299681621042041,3790223662422870914
138,2,10,C049,177,2,boundary,frontier_dependent_generator,sparse,low,weak,low,long,high,low,1337826049514729153,8762956636264231272,8844336612762228441,6305593977263577532,7407273228831039396
139,2,11,C024,152,2,boundary,frontier_dependent_generator,dense,high,strong,low,long,low,low,1350825068294078641,8716413514229055722,4117983946743770045,1624945068780142412,5102149946646804778
140,2,12,C118,246,2,boundary,frontier_dependent_generator,dense,low,strong,low,long,high,high,1497204561663611968,6898986007368181897,7156967756577994380,813737414384699980,1440072474029252674
141,2,13,C033,161,2,boundary,frontier_dependent_generator,sparse,low,weak,low,short,high,low,1520710243324451883,5969370038209156377,8595189829824432429,2886992492703543378,6754789841992845950
142,2,14,C123,251,2,boundary,frontier_dependent_generator,sparse,high,weak,high,long,high,high,1644308551829446240,4745087567649808591,4457032526269232533,1473366077775993099,2709300473301502188
143,2,15,C004,132,2,boundary,frontier_dependent_generator,dense,high,weak,low,short,low,low,1682333519562621940,5768584121162417483,3682176848767857631,4762417909060780060,1861725976933279236
144,2,16,C095,223,2,boundary,frontier_dependent_generator,sparse,high,strong,high,long,low,high,1890298613411962970,6714969009824533417,6021677016268159894,7647980846839384232,2541604655520248219
145,2,17,C087,215,2,boundary,frontier_dependent_generator,sparse,high,strong,low,long,low,high,1900220021926644829,8317490731327629937,5270753157100980175,4442719091244540202,4891956029250153452
146,2,18,C069,197,2,boundary,frontier_dependent_generator,sparse,low,strong,low,short,low,high,1960810097603290668,6370639119397115183,2807227927727105031,4971633322411834736,1076084584755045429
147,2,19,C108,236,2,boundary,frontier_dependent_generator,dense,high,weak,high,short,high,high,2028245936680809145,578958321267683573,8755393484570658510,3171604322813887668,5631494484903971810
148,2,20,C088,216,2,boundary,frontier_dependent_generator,dense,high,strong,low,long,low,high,2175249809876701198,6892498829873503318,405252652612961450,6652708643442710022,7386527992857256281
149,2,21,C098,226,2,boundary,frontier_dependent_generator,dense,low,weak,low,short,high,high,2314663231479040095,2518250731514879405,3664083198815449893,1358130752413670066,5271640761657204642
150,2,22,C074,202,2,boundary,frontier_dependent_generator,dense,low,weak,high,short,low,high,2504734762459185317,7152527832654510097,8144135037948385684,2107319326779251875,7535945965055933361
151,2,23,C003,131,2,boundary,frontier_dependent_generator,sparse,high,weak,low,short,low,low,2523376065387657289,5545169348188289791,8158296799489787027,5436830659486430648,2564027084676636250
152,2,24,C100,228,2,boundary,frontier_dependent_generator,dense,high,weak,low,short,high,high,2542086442978553437,7530850900559022520,3314046507903943835,4963821895800831127,3574706074912620453
153,2,25,C031,159,2,boundary,frontier_dependent_generator,sparse,high,strong,high,long,low,low,2811209057011131870,8208937591540946109,8744782453982236830,7744463791361405140,4312234807948751638
154,2,26,C097,225,2,boundary,frontier_dependent_generator,sparse,low,weak,low,short,high,high,2936155063974721477,613652917178404044,1312761657767854253,7666615613198322283,6020663663756639132
155,2,27,C054,182,2,boundary,frontier_dependent_generator,dense,low,strong,low,long,high,low,3047922940959826460,5913545161763161051,5683113356474355062,6568410970641793630,5920879201691286262
156,2,28,C036,164,2,boundary,frontier_dependent_generator,dense,high,weak,low,short,high,low,3310864118658127978,3243053350623549278,4892079980625525249,8160911224907355727,4941940658157266091
157,2,29,C020,148,2,boundary,frontier_dependent_generator,dense,high,weak,low,long,low,low,3388361030041719397,3017944140398903967,8139548800165778043,2986066744585724743,4973140667374329047
158,2,30,C050,178,2,boundary,frontier_dependent_generator,dense,low,weak,low,long,high,low,3579853227618958180,105347817453185697,2237851362133415168,6500473958619426154,2047813738805767278
159,2,31,C093,221,2,boundary,frontier_dependent_generator,sparse,low,strong,high,long,low,high,3790923680422305629,498478729919906616,6063087700941489018,4944087888421880133,20640165491050441
160,2,32,C055,183,2,boundary,frontier_dependent_generator,sparse,high,strong,low,long,high,low,3945989803024476573,7830041557288410132,7537842142887192548,133864698067758529,4375449627880898686
161,2,33,C005,133,2,boundary,frontier_dependent_generator,sparse,low,strong,low,short,low,low,4043021001355625957,5147131704828302682,7034013332714266917,161560757401351312,7731378206094338376
162,2,34,C051,179,2,boundary,frontier_dependent_generator,sparse,high,weak,low,long,high,low,4190483479295148687,7694514062697394160,763848363959907382,1451598813542694371,8940431076325783246
163,2,35,C014,142,2,boundary,frontier_dependent_generator,dense,low,strong,high,short,low,low,4247816827262113474,1207412537725815012,3166142506204107667,3656870800556348904,4096441281835695647
164,2,36,C075,203,2,boundary,frontier_dependent_generator,sparse,high,weak,high,short,low,high,4380461862582609522,6813245823653089675,5209026813515689316,4964921448698842494,9059336081470191778
165,2,37,C047,175,2,boundary,frontier_dependent_generator,sparse,high,strong,high,short,high,low,4479187548232358072,8820876107473061379,5069882716134846997,5953534748787722857,1391643583472804801
166,2,38,C057,185,2,boundary,frontier_dependent_generator,sparse,low,weak,high,long,high,low,4579298576860659426,765381927439452248,6184418784865061895,6382206759266423205,3978602867625704903
167,2,39,C085,213,2,boundary,frontier_dependent_generator,sparse,low,strong,low,long,low,high,4909869527856413965,6811202307656498757,7199657816675843983,3661887507049207872,5510146373374262474
168,2,40,C081,209,2,boundary,frontier_dependent_generator,sparse,low,weak,low,long,low,high,4983928133625818325,6531865275807518444,5376653026974170468,2787519190512621693,2981649814394695474
169,2,41,C022,150,2,boundary,frontier_dependent_generator,dense,low,strong,low,long,low,low,5164989152565190175,128521977758371952,1278480571111237700,6244021550398271065,2462080239209882012
170,2,42,C117,245,2,boundary,frontier_dependent_generator,sparse,low,strong,low,long,high,high,5206685670056516906,1177285401329416723,6291200004378400226,1127636454817326655,387832688687863288
171,2,43,C079,207,2,boundary,frontier_dependent_generator,sparse,high,strong,high,short,low,high,5330142715578677630,1786684292939507398,3870105169940733052,1722969523543277227,3422814920259242945
172,2,44,C060,188,2,boundary,frontier_dependent_generator,dense,high,weak,high,long,high,low,5405964681966172122,2800655317142719575,974737654375236815,1223609850530828384,5388320406348284658
173,2,45,C122,250,2,boundary,frontier_dependent_generator,dense,low,weak,high,long,high,high,5450660972565414986,3801933133962885118,4019080604422604344,7039885700764746259,1924172964155222629
174,2,46,C086,214,2,boundary,frontier_dependent_generator,dense,low,strong,low,long,low,high,5540764633049274988,8368324918605415857,8075774426624312229,4668464316841127953,4601554673882901462
175,2,47,C110,238,2,boundary,frontier_dependent_generator,dense,low,strong,high,short,high,high,5652517443042079190,8645424232906730961,3325911969096908653,8900855551803968355,4253952157203962460
176,2,48,C073,201,2,boundary,frontier_dependent_generator,sparse,low,weak,high,short,low,high,5839599364746361779,3454102892772806030,7603582438837709492,8317068710222419631,1341506579102889963
177,2,49,C113,241,2,boundary,frontier_dependent_generator,sparse,low,weak,low,long,high,high,5911404193590249233,3414490763503381302,4704773292565305261,8129522548970687721,7732434669989114066
178,2,50,C084,212,2,boundary,frontier_dependent_generator,dense,high,weak,low,long,low,high,6209547558711267817,3248583705457065651,2649480505316258661,10269672573131961,3078643311673293641
179,2,51,C076,204,2,boundary,frontier_dependent_generator,dense,high,weak,high,short,low,high,6273155537733192090,3397013253675041429,6345529097762812644,8237369069448850168,445197069227121829
180,2,52,C119,247,2,boundary,frontier_dependent_generator,sparse,high,strong,low,long,high,high,6922584750864258627,8396864583901647263,7319228868721684448,392064134896022375,7038694246322330346
181,2,53,C023,151,2,boundary,frontier_dependent_generator,sparse,high,strong,low,long,low,low,6977941980135546623,1667530617735528058,8159744583562886035,3828587680866588956,6275769090608775171
182,2,54,C006,134,2,boundary,frontier_dependent_generator,dense,low,strong,low,short,low,low,7334642183873561741,8106143738608071546,2303437134180226710,3584482327267425225,2321877857597831557
183,2,55,C064,192,2,boundary,frontier_dependent_generator,dense,high,strong,high,long,high,low,7368577533262934760,225057929798119712,3710900420160688455,374689727585753711,7218460200216263647
184,2,56,C116,244,2,boundary,frontier_dependent_generator,dense,high,weak,low,long,high,high,7422805581050018602,4826077335106872331,2893723085568423237,707777900122329606,7897936193619464087
185,2,57,C007,135,2,boundary,frontier_dependent_generator,sparse,high,strong,low,short,low,low,7480553756760777224,2965192956159834418,603850156084242800,4274929370669115380,1348718825611460891
186,2,58,C040,168,2,boundary,frontier_dependent_generator,dense,high,strong,low,short,high,low,7554027239234544493,1897483718816405317,3730396730007546126,9133554636265016965,8346401292326890997
187,2,59,C061,189,2,boundary,frontier_dependent_generator,sparse,low,strong,high,long,high,low,7569266227782273588,932027295276837505,5757537715995304207,3804246422119030194,1711313960347622095
188,2,60,C063,191,2,boundary,frontier_dependent_generator,sparse,high,strong,high,long,high,low,7618854109525807299,997570012379726723,459022549246688107,7595645422010522782,599771058918760601
189,2,61,C032,160,2,boundary,frontier_dependent_generator,dense,high,strong,high,long,low,low,7894565237208093970,7378577445705054779,3820546944459024241,6768969094108335392,176542931095301111
190,2,62,C082,210,2,boundary,frontier_dependent_generator,dense,low,weak,low,long,low,high,8036858846770079908,2393156444958513612,5619894287244261332,4514216430898279898,840175611394968067
191,2,63,C091,219,2,boundary,frontier_dependent_generator,sparse,high,weak,high,long,low,high,8385984596544580122,1699567470947510914,956394754190004850,1144608924628287972,3622718363733411614
192,2,64,C001,129,2,boundary,frontier_dependent_generator,sparse,low,weak,low,short,low,low,8656595701698294624,4128117108002616099,2638319736737006079,5000296824126263332,7403632779594153788
193,2,65,C034,162,2,boundary,frontier_dependent_generator,dense,low,weak,low,short,high,low,8769683508286131975,3966043910202803402,5796161260773507539,2066685677559561146,5605029505941120748
194,2,66,C046,174,2,boundary,frontier_dependent_generator,dense,low,strong,high,short,high,low,8918586581083850214,326711146846274019,2681991644830352956,8743208814091413927,1326614021449710146
195,2,67,C096,224,2,boundary,frontier_dependent_generator,dense,high,strong,high,long,low,high,9219900625925653557,6453952626435189855,1026192423696975081,8907048831785317845,6451743312520533814
196,2,68,C044,172,2,boundary,frontier_dependent_generator,dense,high,weak,high,short,high,low,9458499615090410062,4142478751158133682,3164391100036936390,7649577960484344165,4015970714617989995
197,2,69,C011,139,2,boundary,frontier_dependent_generator,sparse,high,weak,high,short,low,low,9693203825693497827,5724104815702512510,2688948547648819575,5772303022443494843,3852765151681834544
198,2,70,C103,231,2,boundary,frontier_dependent_generator,sparse,high,strong,low,short,high,high,9968850550460222575,3515368145957866173,5988087324638564855,2920419089201196084,5218064416381605763
199,2,71,C071,199,2,boundary,frontier_dependent_generator,sparse,high,strong,low,short,low,high,10165839716954557153,5296060755500607184,7541285797966218189,4061773582785425117,441267626674267682
200,2,72,C058,186,2,boundary,frontier_dependent_generator,dense,low,weak,high,long,high,low,10294047070428622875,769718448458877387,4192468076089076194,3758558480540462277,5133078224490369825
201,2,73,C018,146,2,boundary,frontier_dependent_generator,dense,low,weak,low,long,low,low,10431829012066522005,4631620404037395627,247805422784967948,9066404122052242899,4660757828425247964
202,2,74,C053,181,2,boundary,frontier_dependent_generator,sparse,low,strong,low,long,high,low,10500976051141891096,5793542214290483147,6011746564537594554,3817228351281221648,8196760416780523727
203,2,75,C037,165,2,boundary,frontier_dependent_generator,sparse,low,strong,low,short,high,low,10515929882714259956,6229475491896846761,9091056719655184500,7197261838431328135,8718548176350631434
204,2,76,C107,235,2,boundary,frontier_dependent_generator,sparse,high,weak,high,short,high,high,10773471264489027709,6818548753719151936,2469539466084134590,5626106424413181248,8633883030370804272
205,2,77,C048,176,2,boundary,frontier_dependent_generator,dense,high,strong,high,short,high,low,10785331697505383397,5948240965533229698,3818003385889475254,5210535504425373096,4777459742986428107
206,2,78,C025,153,2,boundary,frontier_dependent_generator,sparse,low,weak,high,long,low,low,10993052375301538778,6492587610432097720,8879209909829242983,4838448859639348842,6474132654388321784
207,2,79,C019,147,2,boundary,frontier_dependent_generator,sparse,high,weak,low,long,low,low,11331202581518082407,5997643101296108695,3169577839836997989,6453358315667872119,8960876022946061873
208,2,80,C115,243,2,boundary,frontier_dependent_generator,sparse,high,weak,low,long,high,high,11405827889859522285,1341633888583428886,4293557337812098043,7521920362069662940,6064157209286074065
209,2,81,C027,155,2,boundary,frontier_dependent_generator,sparse,high,weak,high,long,low,low,11630533599442222093,3017862275177814593,1593032641967043071,6588038177423747020,2677038473638204228
210,2,82,C101,229,2,boundary,frontier_dependent_generator,sparse,low,strong,low,short,high,high,11827748229820379378,4579295838483791265,1747259821970261091,9169884252721880378,6164128337557629678
211,2,83,C078,206,2,boundary,frontier_dependent_generator,dense,low,strong,high,short,low,high,12044908041104746116,8940257277965728349,9171461334569739015,1623106413967897946,1804275035128699617
212,2,84,C080,208,2,boundary,frontier_dependent_generator,dense,high,strong,high,short,low,high,12048070301139511111,2599122642887272406,8267556020827076688,7729792220682957481,5444520984035885745
213,2,85,C124,252,2,boundary,frontier_dependent_generator,dense,high,weak,high,long,high,high,12256071663468894124,3613859015528829605,9197193668527943512,3061908900118534240,1768931712445581679
214,2,86,C126,254,2,boundary,frontier_dependent_generator,dense,low,strong,high,long,high,high,12296742144190029646,3508101326833855552,5655432940241677077,7422845122681881563,3234745890144535260
215,2,87,C009,137,2,boundary,frontier_dependent_generator,sparse,low,weak,high,short,low,low,12650497526168027839,1530331001949509878,3477704757568616120,3246991204850476282,9136648350944242413
216,2,88,C059,187,2,boundary,frontier_dependent_generator,sparse,high,weak,high,long,high,low,12686783351518125358,7535921893931099729,8392279833902789707,6083060989004830582,9132403834667835936
217,2,89,C121,249,2,boundary,frontier_dependent_generator,sparse,low,weak,high,long,high,high,12696107444039753127,7710662480623769510,424064919784778671,8875289183058721255,6036372337297961998
218,2,90,C039,167,2,boundary,frontier_dependent_generator,sparse,high,strong,low,short,high,low,12829439608403738849,7668703791197064070,3673669540053649781,8347948575197259537,4464359937378895189
219,2,91,C016,144,2,boundary,frontier_dependent_generator,dense,high,strong,high,short,low,low,13063266721819245804,426765438077302890,3328196891724688297,4179444662781529345,4377894268593678513
220,2,92,C072,200,2,boundary,frontier_dependent_generator,dense,high,strong,low,short,low,high,13206692097988055054,8919696968441969061,6644196649864627026,4837906010571238589,3207903075127925294
221,2,93,C090,218,2,boundary,frontier_dependent_generator,dense,low,weak,high,long,low,high,13322342979870091989,1429455918537918180,3192628271215465599,2422529744869447145,8540604661539517316
222,2,94,C083,211,2,boundary,frontier_dependent_generator,sparse,high,weak,low,long,low,high,13967276144191628408,45457763507548563,7999580140968386921,6157596209957804829,8717214575296471875
223,2,95,C013,141,2,boundary,frontier_dependent_generator,sparse,low,strong,high,short,low,low,14165462490773475781,6182866614513236568,3119035448814076028,1963977066497991740,3026384324014387575
224,2,96,C028,156,2,boundary,frontier_dependent_generator,dense,high,weak,high,long,low,low,14210999475949162593,6875511912513420123,122979084815639902,3515002923026837152,1636752164567317940
225,2,97,C043,171,2,boundary,frontier_dependent_generator,sparse,high,weak,high,short,high,low,14612959934662075704,1404805239905248872,7321601720557695712,6309156159034906525,7837274748609859553
226,2,98,C077,205,2,boundary,frontier_dependent_generator,sparse,low,strong,high,short,low,high,14637808066348533813,5083423536618895714,7307182293754721366,8598658584345004943,5253596945008945964
227,2,99,C128,256,2,boundary,frontier_dependent_generator,dense,high,strong,high,long,high,high,14872783592655043839,5134538616729888037,4810416043437088220,6107075697638270313,9201449918220625021
228,2,100,C066,194,2,boundary,frontier_dependent_generator,dense,low,weak,low,short,low,high,14891883701703463058,8981308763296710179,2958289207947909694,12765909178891494,2399750539143372044
229,2,101,C111,239,2,boundary,frontier_dependent_generator,sparse,high,strong,high,short,high,high,14970826842801723029,6819305441357183231,1065667151254028856,7322311252960575140,2440006458526202066
230,2,102,C026,154,2,boundary,frontier_dependent_generator,dense,low,weak,high,long,low,low,15078494766300243690,1109667562696199541,8307569112073209125,7164345133987922105,614635687482912655
231,2,103,C002,130,2,boundary,frontier_dependent_generator,dense,low,weak,low,short,low,low,15096351586810969638,6244707458688883557,6869403894733129428,8286502568475378209,5332488520291482341
232,2,104,C052,180,2,boundary,frontier_dependent_generator,dense,high,weak,low,long,high,low,15109547480515572346,1852635412214294678,4951303878307401397,7860055846284392507,173151997645564201
233,2,105,C010,138,2,boundary,frontier_dependent_generator,dense,low,weak,high,short,low,low,15361470432888222222,4151110791359587157,6808849238722270937,3593471695248427366,7218459457612907178
234,2,106,C008,136,2,boundary,frontier_dependent_generator,dense,high,strong,low,short,low,low,15380291568548372750,7434486754738852805,1061021299873251065,2035365119535497343,5727337613101074472
235,2,107,C056,184,2,boundary,frontier_dependent_generator,dense,high,strong,low,long,high,low,15658733917663064564,4219334150168152422,8679485772573580556,4605727353914025488,9055985724293127393
236,2,108,C092,220,2,boundary,frontier_dependent_generator,dense,high,weak,high,long,low,high,16161079365635330792,435659370542000478,6432108932468241975,8002398379851750732,4854094419802675184
237,2,109,C041,169,2,boundary,frontier_dependent_generator,sparse,low,weak,high,short,high,low,16447589182387250173,3001591872059702514,5595238630823027235,4544920256077954017,2171168838458719358
238,2,110,C029,157,2,boundary,frontier_dependent_generator,sparse,low,strong,high,long,low,low,16496776094316043412,4524927840750425050,5447497836575296893,2005613739449115502,4477037562644642191
239,2,111,C120,248,2,boundary,frontier_dependent_generator,dense,high,strong,low,long,high,high,16640906991029782241,1400400637704680949,3754350200751922127,3916571294876166985,1563146135401043794
240,2,112,C094,222,2,boundary,frontier_dependent_generator,dense,low,strong,high,long,low,high,16718182892103694806,8797526308134575316,7220750050663099760,5188977605727413932,8370941017745475340
241,2,113,C017,145,2,boundary,frontier_dependent_generator,sparse,low,weak,low,long,low,low,17069574382069362794,2987275355894221179,5276157736837153350,7936173616652649510,2513217161498375947
242,2,114,C106,234,2,boundary,frontier_dependent_generator,dense,low,weak,high,short,high,high,17263988895068040787,3526376672897426956,3800207535214522651,2538038850230965863,5534909541990407832
243,2,115,C045,173,2,boundary,frontier_dependent_generator,sparse,low,strong,high,short,high,low,17336032214742786777,3175306418995561102,817383477253792372,5031013800064966344,8969952466239291145
244,2,116,C065,193,2,boundary,frontier_dependent_generator,sparse,low,weak,low,short,low,high,17465473935048312095,6047170776867762277,4590276650682094297,2810621086846533499,840093189526278512
245,2,117,C070,198,2,boundary,frontier_dependent_generator,dense,low,strong,low,short,low,high,17595183458188413976,343231519106066664,8377730280781714654,7763850308127779954,3779797069018271763
246,2,118,C012,140,2,boundary,frontier_dependent_generator,dense,high,weak,high,short,low,low,17692724203698251498,1697184241935350584,3697402044197290603,5784737865022180060,6780464205886032400
247,2,119,C089,217,2,boundary,frontier_dependent_generator,sparse,low,weak,high,long,low,high,17810339540456651119,6910184805979750347,6208083191641575163,7605581819176079370,5296960453312553086
248,2,120,C030,158,2,boundary,frontier_dependent_generator,dense,low,strong,high,long,low,low,17885787560731557887,7838498425414631701,8138290331840794435,46559769541616568,9092911565101950970
249,2,121,C105,233,2,boundary,frontier_dependent_generator,sparse,low,weak,high,short,high,high,17887019663146496275,6448505508523183291,8172132541721816988,4566170636075481674,3519419162989175074
250,2,122,C099,227,2,boundary,frontier_dependent_generator,sparse,high,weak,low,short,high,high,18004748008583034203,8538018227634893067,5990792831151378198,704601233783521695,2126781248157963109
251,2,123,C062,190,2,boundary,frontier_dependent_generator,dense,low,strong,high,long,high,low,18076457472430160439,745335553310363771,2955513534040175443,2248238477673683156,7619383061703949527
252,2,124,C102,230,2,boundary,frontier_dependent_generator,dense,low,strong,low,short,high,high,18086798513297614268,2709452989467595284,558133764904524669,4498885695815726026,2577861813352586137
253,2,125,C015,143,2,boundary,frontier_dependent_generator,sparse,high,strong,high,short,low,low,18185373130647505473,4777013596941652024,2932389834358690409,3834582427382321874,130129051193853908
254,2,126,C067,195,2,boundary,frontier_dependent_generator,sparse,high,weak,low,short,low,high,18297965185319155671,7904461408625900169,2600539392161269298,3815437947419161375,5912472531911981752
255,2,127,C035,163,2,boundary,frontier_dependent_generator,sparse,high,weak,low,short,high,low,18395182035570191279,9187569433297681673,5997711366173978416,4261338113930668168,5683281722594448975
256,2,128,C114,242,2,boundary,frontier_dependent_generator,dense,low,weak,low,long,high,high,18417758159403135547,5308167786197515297,8833707686579860581,8584965296471621874,915070777717135576
257,3,1,C013,269,3,primitive_eligible,none,sparse,low,strong,high,short,low,low,158910819720300271,4798458351824816857,2671182050850599273,8096192508204096782,3765652854854837869
258,3,2,C125,381,3,primitive_eligible,none,sparse,low,strong,high,long,high,high,249970922804815373,2745686813061207362,3586998281422327300,7167842393423913778,856278675910106416
259,3,3,C077,333,3,primitive_eligible,none,sparse,low,strong,high,short,low,high,363304166855561784,4747862594213010770,1289154633563324101,2153024420363751266,482116230973484941
260,3,4,C072,328,3,primitive_eligible,none,dense,high,strong,low,short,low,high,485446798163164653,7380291579236516502,8643462040007069821,6321428487465977448,2976583723471022309
261,3,5,C114,370,3,primitive_eligible,none,dense,low,weak,low,long,high,high,543252814690036764,4162826871213737549,7899355002217287422,1387985190612232115,2888340422892303402
262,3,6,C014,270,3,primitive_eligible,none,dense,low,strong,high,short,low,low,583426594811899259,700386125525140986,3835966851644697016,3730108820650501248,3453788172736077217
263,3,7,C047,303,3,primitive_eligible,none,sparse,high,strong,high,short,high,low,750012733577713036,7151665103783853204,4668702685833994218,2105396898197170241,7690281909536553640
264,3,8,C115,371,3,primitive_eligible,none,sparse,high,weak,low,long,high,high,851476960200476249,980719376593742788,6737117281239222301,6851253730745328422,6691689864978052572
265,3,9,C054,310,3,primitive_eligible,none,dense,low,strong,low,long,high,low,1009821787057199411,1428463550711043595,3113916116852695341,3435971386570902736,2173460250251342439
266,3,10,C122,378,3,primitive_eligible,none,dense,low,weak,high,long,high,high,1152003117886334286,3086568982552803713,283062894682575890,5896936979371036725,3281965681897365228
267,3,11,C076,332,3,primitive_eligible,none,dense,high,weak,high,short,low,high,1440812100143043542,2693013108185663559,2492508717947516826,7939894979022652043,8807822768552700941
268,3,12,C003,259,3,primitive_eligible,none,sparse,high,weak,low,short,low,low,1605602425699285755,956845036654886292,8275667166594707773,1588431556115800586,4959282786079181938
269,3,13,C128,384,3,primitive_eligible,none,dense,high,strong,high,long,high,high,1731467110367864112,8305869392707957871,2524634760278266554,1059928538170241020,6790451983964087290
270,3,14,C040,296,3,primitive_eligible,none,dense,high,strong,low,short,high,low,1852831793446982885,7250690796604499936,9163713815797514711,6090457955903446427,5844116737267554194
271,3,15,C048,304,3,primitive_eligible,none,dense,high,strong,high,short,high,low,1871927703253702323,693259973008805107,1464185998367512643,7650629188589219498,7707735287447553645
272,3,16,C087,343,3,primitive_eligible,none,sparse,high,strong,low,long,low,high,1948695373230272190,8045668745445147963,457465976911053287,5876445172560504699,7409438020903874037
273,3,17,C118,374,3,primitive_eligible,none,dense,low,strong,low,long,high,high,1951757044494391874,1069068533412626914,3431677660624428089,3875817868751052362,6660287604576090003
274,3,18,C127,383,3,primitive_eligible,none,sparse,high,strong,high,long,high,high,2187102825824658506,4423875583872787565,997133637924729996,2435183532440026462,4919897612080440941
275,3,19,C060,316,3,primitive_eligible,none,dense,high,weak,high,long,high,low,2367457029058729523,6860865057890666910,2129051412641766684,6293897932298677975,6720435509058684818
276,3,20,C052,308,3,primitive_eligible,none,dense,high,weak,low,long,high,low,2660149734483767992,1541129123880380472,1875376886832558188,791699341180865614,8423063661388600536
277,3,21,C071,327,3,primitive_eligible,none,sparse,high,strong,low,short,low,high,2757199083534225666,1729577929783744479,4848124399369911650,6765481833847078240,764671968115672472
278,3,22,C030,286,3,primitive_eligible,none,dense,low,strong,high,long,low,low,2857832571635016052,6862175325704722512,4626038812457517801,3630957649290488321,3929708458357589662
279,3,23,C070,326,3,primitive_eligible,none,dense,low,strong,low,short,low,high,3049018372029423882,4995842362822739911,4502051187938087869,5021362875722892253,837714884035404440
280,3,24,C102,358,3,primitive_eligible,none,dense,low,strong,low,short,high,high,3253711824714087017,5170129269625093050,3508143711736538049,7297421946374717008,6640335209137377593
281,3,25,C126,382,3,primitive_eligible,none,dense,low,strong,high,long,high,high,3362407885371055810,5358275948775820548,2833340882833969955,5786945662382417323,149327348947483811
282,3,26,C033,289,3,primitive_eligible,none,sparse,low,weak,low,short,high,low,3426070643278746795,2029559675607922957,780331262640676488,1659631644264263332,182453862885495141
283,3,27,C082,338,3,primitive_eligible,none,dense,low,weak,low,long,low,high,3565062734508071627,4650608756733685201,4191568931013221269,2757836433150135247,4935040853172467656
284,3,28,C116,372,3,primitive_eligible,none,dense,high,weak,low,long,high,high,3576809524879455929,7516665720255863202,1164018977266778999,5467571990841324750,2271838426847835417
285,3,29,C090,346,3,primitive_eligible,none,dense,low,weak,high,long,low,high,3596514762841781546,7683634418071206656,6189587728755146552,4325520344680192899,1532407333125200503
286,3,30,C067,323,3,primitive_eligible,none,sparse,high,weak,low,short,low,high,3821570618479794351,5525947212338219500,4328898942109242853,6185731337895569306,7751215263668183069
287,3,31,C081,337,3,primitive_eligible,none,sparse,low,weak,low,long,low,high,3969411432463834644,144028241132088421,4156833377429040774,8189053425271933213,16078200999841186
288,3,32,C108,364,3,primitive_eligible,none,dense,high,weak,high,short,high,high,4010547032401503614,6024720140805485577,1503042883084396698,6854476859347143146,5257940996200947380
289,3,33,C103,359,3,primitive_eligible,none,sparse,high,strong,low,short,high,high,4118531570060037092,28978485712740629,388842911820584426,8566779320590230981,1211084626038758744
290,3,34,C056,312,3,primitive_eligible,none,dense,high,strong,low,long,high,low,4120738982031494069,8581176240557464502,7784708141847288980,1678133864139649819,2414199154855283085
291,3,35,C099,355,3,primitive_eligible,none,sparse,high,weak,low,short,high,high,4194400371974636431,8448060473649147699,3812510828737982125,4284712385168143024,2742708438622250013
292,3,36,C074,330,3,primitive_eligible,none,dense,low,weak,high,short,low,high,4271523953127776088,5660775573326783247,5974524664334840827,609361788691736428,2940382381287525241
293,3,37,C017,273,3,primitive_eligible,none,sparse,low,weak,low,long,low,low,4431005083285298693,2823904957247959813,9021091630378585371,6828603181786373482,3862442797272541851
294,3,38,C094,350,3,primitive_eligible,none,dense,low,strong,high,long,low,high,4474342163376701136,1384765223678000270,7087773305707854641,7723926881156754251,2014753908439520187
295,3,39,C053,309,3,primitive_eligible,none,sparse,low,strong,low,long,high,low,4572849393445118430,8915225938821507257,9169582325502565184,3027339428849768828,2004065390886779795
296,3,40,C037,293,3,primitive_eligible,none,sparse,low,strong,low,short,high,low,4778326372335136595,8129944664102066754,1165546536059347240,2239625676410598125,6427226372787777923
297,3,41,C107,363,3,primitive_eligible,none,sparse,high,weak,high,short,high,high,4791494408195949659,4055314062088381048,8871268252934363647,1745827717830705631,4845576342394742896
298,3,42,C019,275,3,primitive_eligible,none,sparse,high,weak,low,long,low,low,5637006775700032655,7241444575042211011,7998525439768068454,7832706978360161602,6847737288615467489
299,3,43,C124,380,3,primitive_eligible,none,dense,high,weak,high,long,high,high,5758151714658958071,7821545397344835729,4530061272996070515,5329270418532987532,3161495968684839364
300,3,44,C091,347,3,primitive_eligible,none,sparse,high,weak,high,long,low,high,6121073761596009275,4742628014022391331,7806563637011449237,7612414954334374214,1692791642375190983
301,3,45,C046,302,3,primitive_eligible,none,dense,low,strong,high,short,high,low,6377022050367775675,3044348064776629072,3255090194508656650,5964785350686382909,482288071869803112
302,3,46,C035,291,3,primitive_eligible,none,sparse,high,weak,low,short,high,low,6592474335809646928,2578129330384525917,7639470214355728496,7486211221476299938,6483942023571038270
303,3,47,C026,282,3,primitive_eligible,none,dense,low,weak,high,long,low,low,6596212884557954234,1783259458951058317,2846989485731707503,3968974332119529507,7726955384030060928
304,3,48,C015,271,3,primitive_eligible,none,sparse,high,strong,high,short,low,low,6614916366495573049,2779847402561111764,914891699391226880,8459320242795986245,5439259263063774907
305,3,49,C075,331,3,primitive_eligible,none,sparse,high,weak,high,short,low,high,6961579671346173765,7917470281789860898,6272898354584064999,9019027220356411773,9121831990312001136
306,3,50,C080,336,3,primitive_eligible,none,dense,high,strong,high,short,low,high,7016167969240670357,4284111423663732329,2158879238903114307,5595530140074948247,6009130831894683565
307,3,51,C001,257,3,primitive_eligible,none,sparse,low,weak,low,short,low,low,7180724180909959712,256778608170528763,8658611518066435417,951278265333745596,7801163090887537034
308,3,52,C050,306,3,primitive_eligible,none,dense,low,weak,low,long,high,low,7239381374124741940,8068776737742280438,4428058301031241899,5433223190738938295,5159858403873587873
309,3,53,C002,258,3,primitive_eligible,none,dense,low,weak,low,short,low,low,7298596296238124049,5805890869414807013,3687493217468507950,6858575807007052893,6512376715430121321
310,3,54,C113,369,3,primitive_eligible,none,sparse,low,weak,low,long,high,high,7332371786639140702,341484062640267004,3411643877066685322,2789301706652308734,3173295855002168550
311,3,55,C062,318,3,primitive_eligible,none,dense,low,strong,high,long,high,low,7916818530025451295,4893748492049707491,1476334294076245459,3690047261071837140,4376444807965705799
312,3,56,C121,377,3,primitive_eligible,none,sparse,low,weak,high,long,high,high,8534868542270475622,2334520931371729713,8343069359028720809,5575870520566245318,3414305679644704737
313,3,57,C059,315,3,primitive_eligible,none,sparse,high,weak,high,long,high,low,8791445929448778531,7919712718575029032,7021180153722296754,7946845483184800931,3942137987807770349
314,3,58,C038,294,3,primitive_eligible,none,dense,low,strong,low,short,high,low,8844892132633294661,4862296742888596868,684315555751174829,2663574299415756127,305501865380108303
315,3,59,C079,335,3,primitive_eligible,none,sparse,high,strong,high,short,low,high,8914155961020419596,2799758916601648942,4987945115997558175,7361689684732066306,8215629047511815683
316,3,60,C029,285,3,primitive_eligible,none,sparse,low,strong,high,long,low,low,9008692296501072071,4292252554507947442,1209712132177142290,5928815623622350582,6675291914725072828
317,3,61,C110,366,3,primitive_eligible,none,dense,low,strong,high,short,high,high,9141788107656974967,4977342463593068151,6633738222100110956,3302229276080436840,3395620734127614841
318,3,62,C066,322,3,primitive_eligible,none,dense,low,weak,low,short,low,high,9184772127168845858,2576647024499263098,4322798519727859520,240020963635262097,8611156738234040635
319,3,63,C055,311,3,primitive_eligible,none,sparse,high,strong,low,long,high,low,9278796173860348511,7984809062631612469,6405052234287496659,6744444641255504856,3108922827434180995
320,3,64,C089,345,3,primitive_eligible,none,sparse,low,weak,high,long,low,high,9501009281394993092,153802316890042305,8750525856109519868,77077634464501605,8985969022030653719
321,3,65,C065,321,3,primitive_eligible,none,sparse,low,weak,low,short,low,high,9716952706792478435,4003421715075007445,8656963116378313959,4186977495883382525,8667235959880178371
322,3,66,C044,300,3,primitive_eligible,none,dense,high,weak,high,short,high,low,10099779469826519377,7367330349981652238,5730041648084181790,7498304525837784519,7235461676442110369
323,3,67,C007,263,3,primitive_eligible,none,sparse,high,strong,low,short,low,low,10237482000858470808,4477604476550971858,3480389847554955748,8842401849691358492,3008479766824299442
324,3,68,C083,339,3,primitive_eligible,none,sparse,high,weak,low,long,low,high,10299670931108035766,3331303426490948894,5999463763679980555,8762078314414061015,6243359968214240188
325,3,69,C042,298,3,primitive_eligible,none,dense,low,weak,high,short,high,low,10518895548901131908,2027181989884669051,2938108181643962890,156775627956191483,7866956729810422396
326,3,70,C085,341,3,primitive_eligible,none,sparse,low,strong,low,long,low,high,10658431365808686567,5771456875645116131,7472476332120439232,700980326419198474,661938012643108718
327,3,71,C123,379,3,primitive_eligible,none,sparse,high,weak,high,long,high,high,10667984395530425281,3128554747066401822,3511999176739659048,8842733834358347462,3029645772233009939
328,3,72,C084,340,3,primitive_eligible,none,dense,high,weak,low,long,low,high,10905549750008356550,4776077084471913403,7584178144875768410,3747876676424050969,1402269070266958068
329,3,73,C088,344,3,primitive_eligible,none,dense,high,strong,low,long,low,high,10945078577981376477,2213393310283192388,5576730900360786986,8188062218699171700,5588551996523250220
330,3,74,C064,320,3,primitive_eligible,none,dense,high,strong,high,long,high,low,11132192309209815961,3886535463698384270,8401532946383335137,7957159263142714167,8714078025646107686
331,3,75,C043,299,3,primitive_eligible,none,sparse,high,weak,high,short,high,low,11270083090039290072,3668982113618033505,1056043265999541565,3444286747033916870,7549360252589198130
332,3,76,C111,367,3,primitive_eligible,none,sparse,high,strong,high,short,high,high,11446665195057018325,8655409841854980946,4235917854052992109,4309732089252685814,1456564743688483598
333,3,77,C105,361,3,primitive_eligible,none,sparse,low,weak,high,short,high,high,11457497161340734662,67324512313688113,7813181706519443040,7523848732523917077,3904951174844445789
334,3,78,C021,277,3,primitive_eligible,none,sparse,low,strong,low,long,low,low,11545186012785652470,5226969684046516673,7268308029633465479,4520100539777025714,7494713278851235918
335,3,79,C018,274,3,primitive_eligible,none,dense,low,weak,low,long,low,low,11886441215202861199,3885629481282762657,5794118425239716214,2535559613902249314,97893975041151130
336,3,80,C006,262,3,primitive_eligible,none,dense,low,strong,low,short,low,low,11888824263483668448,7353481951481852911,6730581775560344689,4840357334370585352,8481214184286666833
337,3,81,C028,284,3,primitive_eligible,none,dense,high,weak,high,long,low,low,11949863443354144777,1697739054990902494,5143225414455088611,3922704265574292491,8038373385710597853
338,3,82,C061,317,3,primitive_eligible,none,sparse,low,strong,high,long,high,low,12127727919976968096,2387003571259950013,2188738478794179896,7315190805510246795,1304713868929420486
339,3,83,C109,365,3,primitive_eligible,none,sparse,low,strong,high,short,high,high,12206789621092749160,827306280887845712,5917367396831093265,3540697245691514943,4109441916353230257
340,3,84,C097,353,3,primitive_eligible,none,sparse,low,weak,low,short,high,high,12237939157285587083,7305434769792096065,7283618634765954470,8437694402834623217,8730775622606946447
341,3,85,C049,305,3,primitive_eligible,none,sparse,low,weak,low,long,high,low,12285779967153300738,4613986349244311999,1399775177549037955,7434283395324270027,7385036125447302717
342,3,86,C058,314,3,primitive_eligible,none,dense,low,weak,high,long,high,low,12423327852285742337,7787673401354719194,3214766304692855405,6212938366163691855,5485482878841780108
343,3,87,C095,351,3,primitive_eligible,none,sparse,high,strong,high,long,low,high,12636073899754063818,5932615299289609181,1952496927327816318,3741799309568701442,7618185007696120345
344,3,88,C119,375,3,primitive_eligible,none,sparse,high,strong,low,long,high,high,12840086887978736089,5481726084613261594,7612555957605633626,894997204491362074,8084163409550026364
345,3,89,C016,272,3,primitive_eligible,none,dense,high,strong,high,short,low,low,12975566909271372131,7054339299708599440,8600318571814470871,2944860069370588008,1541182462403719420
346,3,90,C024,280,3,primitive_eligible,none,dense,high,strong,low,long,low,low,13033430410323544310,8597484031036932207,780485343247162976,5770711814253880118,2260759241425944030
347,3,91,C063,319,3,primitive_eligible,none,sparse,high,strong,high,long,high,low,13166631859745104435,8862530564512929965,8304964769443819533,3798435965226458815,1963520382452541098
348,3,92,C078,334,3,primitive_eligible,none,dense,low,strong,high,short,low,high,13241376847407079227,8100042500107230014,1270256403235519526,3730045565268641181,2825588343812427637
349,3,93,C031,287,3,primitive_eligible,none,sparse,high,strong,high,long,low,low,13283567652619865780,8220893861606677167,6738447327337497156,1334156906064393107,230082071143286726
350,3,94,C101,357,3,primitive_eligible,none,sparse,low,strong,low,short,high,high,13287082132511211665,4262759465416181682,7950515200116135259,1380760854308707268,1960677788342618067
351,3,95,C117,373,3,primitive_eligible,none,sparse,low,strong,low,long,high,high,13293197827452476561,5673005677036058886,5395429073614545196,985763721169112647,572385326042752606
352,3,96,C045,301,3,primitive_eligible,none,sparse,low,strong,high,short,high,low,13657479543212918151,2553729676218045602,6189506394464627505,159923023512252909,3754855906068073983
353,3,97,C020,276,3,primitive_eligible,none,dense,high,weak,low,long,low,low,13841001096342460405,7899340759003747981,3170425043311621007,1069390943802874830,4348657362997806357
354,3,98,C100,356,3,primitive_eligible,none,dense,high,weak,low,short,high,high,14488690898453251872,3472097407742955449,7855396656321783351,7344183747583042855,3215424399012295594
355,3,99,C073,329,3,primitive_eligible,none,sparse,low,weak,high,short,low,high,14634128004803136162,2917939852874398763,7543100482085141680,2619059870456610337,4491895271947602950
356,3,100,C041,297,3,primitive_eligible,none,sparse,low,weak,high,short,high,low,14749062598050815242,4098329942920996972,2162365806172366410,6361290701676060706,3694498074434376014
357,3,101,C120,376,3,primitive_eligible,none,dense,high,strong,low,long,high,high,14837567642154213708,2616071218867558667,6679861247226147711,6365461149003004655,5985787120077725875
358,3,102,C093,349,3,primitive_eligible,none,sparse,low,strong,high,long,low,high,14891179896171354608,6128076697238516909,7633471830363646699,6842111264585912948,7874730014472783227
359,3,103,C057,313,3,primitive_eligible,none,sparse,low,weak,high,long,high,low,15066497270555255102,7834801939106537179,6886797047259209078,4324301011970445702,8896914671064459388
360,3,104,C069,325,3,primitive_eligible,none,sparse,low,strong,low,short,low,high,15068641998103161376,2500038513249695329,6223529602945096387,8359029447808710481,8884371062688286920
361,3,105,C009,265,3,primitive_eligible,none,sparse,low,weak,high,short,low,low,15385263151373681226,8060359717819002540,1093947007425402728,2418839980362040232,1778567799816781588
362,3,106,C106,362,3,primitive_eligible,none,dense,low,weak,high,short,high,high,15472705570653891315,2247493613189240884,895113291172645812,1245755384569415571,36521452747678378
363,3,107,C112,368,3,primitive_eligible,none,dense,high,strong,high,short,high,high,15565461445861583941,2163838876573407395,974022639222134621,4063034651090476296,3578969984780817998
364,3,108,C034,290,3,primitive_eligible,none,dense,low,weak,low,short,high,low,15600210715172224957,5665348140744443218,3688110120601764169,6855230423048454388,4707294685456563662
365,3,109,C039,295,3,primitive_eligible,none,sparse,high,strong,low,short,high,low,15743740669986912762,1215649320455148189,5264941459209601541,7208137464876439506,1229100818308551578
366,3,110,C012,268,3,primitive_eligible,none,dense,high,weak,high,short,low,low,15828356357744298705,4123378711958059482,3831642091255163215,6783921087434181367,2231794353485291123
367,3,111,C098,354,3,primitive_eligible,none,dense,low,weak,low,short,high,high,16102411888373229576,9210900332412726267,6489880400671260808,2415606050079453403,8434972866255158976
368,3,112,C027,283,3,primitive_eligible,none,sparse,high,weak,high,long,low,low,16350744804138181864,1720047492862967645,4342482218072978775,6821154713375045768,4027643510052783877
369,3,113,C068,324,3,primitive_eligible,none,dense,high,weak,low,short,low,high,16471471199821997353,3739025707611679950,628268486143988180,1828361515831354652,6255654643671041138
370,3,114,C096,352,3,primitive_eligible,none,dense,high,strong,high,long,low,high,16660696017179049680,6083226625272710561,5020526906399172100,1493793186200612506,6289460954758800206
371,3,115,C023,279,3,primitive_eligible,none,sparse,high,strong,low,long,low,low,16788625120900509048,870938542439858886,5766539166443729783,3732649979711421755,9091455211723210627
372,3,116,C011,267,3,primitive_eligible,none,sparse,high,weak,high,short,low,low,16845327527160166838,6985776098234343851,7872135030430816404,5649645862042066467,2420066620272699667
373,3,117,C092,348,3,primitive_eligible,none,dense,high,weak,high,long,low,high,16922124177299920237,7585956221570264301,7919271941707577102,5412303918382679787,2555086348779553817
374,3,118,C025,281,3,primitive_eligible,none,sparse,low,weak,high,long,low,low,16939612333053305069,5206867665898899724,1596489523463775732,2975556785830764004,5961412185772445981
375,3,119,C086,342,3,primitive_eligible,none,dense,low,strong,low,long,low,high,16951759798797110829,4600563142157563354,3591698294264457411,8698468893948802237,5501506766343567799
376,3,120,C032,288,3,primitive_eligible,none,dense,high,strong,high,long,low,low,17144790684724969755,5807923882061975987,8364038634417866598,6384155699795991174,4002475991908088021
377,3,121,C010,266,3,primitive_eligible,none,dense,low,weak,high,short,low,low,17439237543006935473,8750423458995570892,6037207518995977768,480781687096112054,3249770947179893827
378,3,122,C005,261,3,primitive_eligible,none,sparse,low,strong,low,short,low,low,17716639746042955439,7072672110131952830,251389153179647456,5800060603366642421,5052543086184451585
379,3,123,C004,260,3,primitive_eligible,none,dense,high,weak,low,short,low,low,17945669465815010218,2555106803516152299,3980339960216964441,2895553772066927735,2473941812404124075
380,3,124,C036,292,3,primitive_eligible,none,dense,high,weak,low,short,high,low,18009322936965234903,3430509488163846692,3643485416904472606,9031593039046310292,4764430330918533201
381,3,125,C022,278,3,primitive_eligible,none,dense,low,strong,low,long,low,low,18116084990423891677,6047987240621231175,660631398837627866,2016738530607507438,5802634653937040135
382,3,126,C008,264,3,primitive_eligible,none,dense,high,strong,low,short,low,low,18164659609728757258,4501123542405562225,4329087833136265494,2573395885534347352,7516777455527739987
383,3,127,C051,307,3,primitive_eligible,none,sparse,high,weak,low,long,high,low,18200382798006765238,5623301703910653475,9216137917774724155,3777580231759292814,342304245843583068
384,3,128,C104,360,3,primitive_eligible,none,dense,high,strong,low,short,high,high,18393012855761566549,2037409988424427381,5518049303041988206,1439199046299608892,4846415121887833187
385,4,1,C049,433,4,boundary,positive_poor_exposure,sparse,low,weak,low,long,high,low,22945804550308731,5222070378581062734,7983934410929219856,2439351799081564891,4565015028371478380
386,4,2,C083,467,4,boundary,positive_poor_exposure,sparse,high,weak,low,long,low,high,65382753136369344,6950952000024586268,1603587147270108667,8089433023452245845,3442861402975673404
387,4,3,C052,436,4,boundary,positive_poor_exposure,dense,high,weak,low,long,high,low,334199004852075139,8625730399413173167,6501963099796934919,5358531557604122976,570753620696232414
388,4,4,C093,477,4,boundary,positive_poor_exposure,sparse,low,strong,high,long,low,high,366191373712583461,5157219695134583369,6373271951512621697,3071613102050308215,3804990436398051399
389,4,5,C077,461,4,boundary,positive_poor_exposure,sparse,low,strong,high,short,low,high,699763732492613498,1165793323797933807,4048270465065189230,9139492554572374397,8641116920625977729
390,4,6,C035,419,4,boundary,positive_poor_exposure,sparse,high,weak,low,short,high,low,937083589930688649,2236951493238448597,4561840908445620909,620274798925210286,7878312281700145912
391,4,7,C072,456,4,boundary,positive_poor_exposure,dense,high,strong,low,short,low,high,1034761703331959370,6499072519886677533,1840391076284682077,5455756937708265044,520364565224610351
392,4,8,C082,466,4,boundary,positive_poor_exposure,dense,low,weak,low,long,low,high,1331437202584278896,5494441057385084616,1081212326028493297,4603174633679039958,8099929835480092303
393,4,9,C073,457,4,boundary,positive_poor_exposure,sparse,low,weak,high,short,low,high,1399379531207272980,6736501482043943645,7307672589437717775,1122661480706146475,9025730938471318597
394,4,10,C011,395,4,boundary,positive_poor_exposure,sparse,high,weak,high,short,low,low,2383141571266455047,6689628868407196167,4060057628728536741,9075262933836047038,1771761485631661429
395,4,11,C040,424,4,boundary,positive_poor_exposure,dense,high,strong,low,short,high,low,2396598973617747713,1399347458815361790,2242171757908982482,9209896157459282306,8899432150544170163
396,4,12,C056,440,4,boundary,positive_poor_exposure,dense,high,strong,low,long,high,low,2399110541540852901,2780563921694576902,6681271013089113742,2975762556440976380,6157761338859622614
397,4,13,C086,470,4,boundary,positive_poor_exposure,dense,low,strong,low,long,low,high,2795613189295285916,224442756383041141,6430118257086090138,4784095662991590736,5748375917560567260
398,4,14,C053,437,4,boundary,positive_poor_exposure,sparse,low,strong,low,long,high,low,2897559107181854563,6074967828208803322,4253003795882650478,961111519918466362,6129754955942027759
399,4,15,C128,512,4,boundary,positive_poor_exposure,dense,high,strong,high,long,high,high,2913310272152666321,9197007160221704004,3806252853928834854,5496098681005915530,4882061480851529699
400,4,16,C007,391,4,boundary,positive_poor_exposure,sparse,high,strong,low,short,low,low,3300074481140806010,8605429587393838178,8832127848956892993,5001396565339132325,385123240770559703
401,4,17,C015,399,4,boundary,positive_poor_exposure,sparse,high,strong,high,short,low,low,3425887245369477478,7209687981577087024,2292505724787221884,7208424045592337604,1409436402302185340
402,4,18,C122,506,4,boundary,positive_poor_exposure,dense,low,weak,high,long,high,high,3810122174133031904,4170744026967439550,3801972274052367738,1774464629205010769,8868508177358028603
403,4,19,C005,389,4,boundary,positive_poor_exposure,sparse,low,strong,low,short,low,low,3978729237267073887,5315190255471224250,3575862036125966480,7668248219139014663,544285592913976265
404,4,20,C094,478,4,boundary,positive_poor_exposure,dense,low,strong,high,long,low,high,4513943506619429704,8693998970497038398,936533560146175417,1701372864199581830,5952031605825493363
405,4,21,C085,469,4,boundary,positive_poor_exposure,sparse,low,strong,low,long,low,high,4600695783455472726,6776707797876006533,2532460641352537275,7761633453302360308,7397658832941608465
406,4,22,C021,405,4,boundary,positive_poor_exposure,sparse,low,strong,low,long,low,low,4785112839452243314,8049142174395808012,549213255205624053,2435592393547421173,7621151446505987276
407,4,23,C096,480,4,boundary,positive_poor_exposure,dense,high,strong,high,long,low,high,5476443700442090207,5283904235798062330,3139761129029438882,7856588036169608822,1702705269616835327
408,4,24,C104,488,4,boundary,positive_poor_exposure,dense,high,strong,low,short,high,high,5686815000980951375,6760142040646268744,836282300109198024,8007168014976595004,5355155355027706031
409,4,25,C033,417,4,boundary,positive_poor_exposure,sparse,low,weak,low,short,high,low,5718854983991846418,8058341744036127347,3761187165010750082,4977115421160723525,4308724226246753727
410,4,26,C059,443,4,boundary,positive_poor_exposure,sparse,high,weak,high,long,high,low,5871269423613764482,4614225338367713970,6120777514448078598,5475185289329076530,8761344424774146633
411,4,27,C062,446,4,boundary,positive_poor_exposure,dense,low,strong,high,long,high,low,5961766360921528245,1381455525398411415,232018818627522475,3621370453308653435,419024605043852588
412,4,28,C110,494,4,boundary,positive_poor_exposure,dense,low,strong,high,short,high,high,6151295908191152482,8299990774602615087,3919102257649024754,3238020870602405831,2265688195779364706
413,4,29,C079,463,4,boundary,positive_poor_exposure,sparse,high,strong,high,short,low,high,6916404386961531706,6543111564552814912,7313990102534235838,1936023743335233068,3767624878756695294
414,4,30,C124,508,4,boundary,positive_poor_exposure,dense,high,weak,high,long,high,high,6977930988278681701,2434222536387976775,3840345173584564706,5962507173875263075,5431254959405677304
415,4,31,C014,398,4,boundary,positive_poor_exposure,dense,low,strong,high,short,low,low,7012166976414969400,6252139530058012258,7443676918731094786,3134000908579736008,9120815523542876212
416,4,32,C050,434,4,boundary,positive_poor_exposure,dense,low,weak,low,long,high,low,7136310913732242303,119065528936775231,2162174019462660419,1384141398854502468,2895539701490704739
417,4,33,C078,462,4,boundary,positive_poor_exposure,dense,low,strong,high,short,low,high,7237808689666401519,2609414927873394149,1197684312028727237,6129526565434352598,4270996367960495261
418,4,34,C002,386,4,boundary,positive_poor_exposure,dense,low,weak,low,short,low,low,7281966305368490608,4718559581540953300,99839246626873000,3207464905691051272,2476966455575554900
419,4,35,C066,450,4,boundary,positive_poor_exposure,dense,low,weak,low,short,low,high,7284909579790138023,11337518064411882,1864206349440810436,4102384781627071882,860232187058197586
420,4,36,C101,485,4,boundary,positive_poor_exposure,sparse,low,strong,low,short,high,high,7463194577387407698,5366807592405128841,454071540391883185,2374189962928547852,7435676687786884338
421,4,37,C004,388,4,boundary,positive_poor_exposure,dense,high,weak,low,short,low,low,7490430424851225571,5212155063684832277,7835767239359243805,220076101409227109,1487124282054312038
422,4,38,C046,430,4,boundary,positive_poor_exposure,dense,low,strong,high,short,high,low,7584250489920477072,7203481669877664661,4770292447216953835,3110183080729855077,6639971685784560807
423,4,39,C111,495,4,boundary,positive_poor_exposure,sparse,high,strong,high,short,high,high,7797431680432312665,1276666860226010208,7676812710340701087,6436618348637165606,3515593848795134852
424,4,40,C102,486,4,boundary,positive_poor_exposure,dense,low,strong,low,short,high,high,8012265023656676678,992094849905797023,6825844996946783542,6980189690017772978,2510628124577410433
425,4,41,C017,401,4,boundary,positive_poor_exposure,sparse,low,weak,low,long,low,low,8030136932386126414,6775274156498841057,8811812418433287413,2656113270590735865,3840503346282088020
426,4,42,C065,449,4,boundary,positive_poor_exposure,sparse,low,weak,low,short,low,high,8244792023783629514,3753067181278224814,305044988443022516,7908213267134045194,7028388802022626212
427,4,43,C044,428,4,boundary,positive_poor_exposure,dense,high,weak,high,short,high,low,8429381603529489211,8553134233485617666,5879534672943419850,1988762590049919000,6592922162320865440
428,4,44,C115,499,4,boundary,positive_poor_exposure,sparse,high,weak,low,long,high,high,8435422477771508436,1586785378988640556,5289637942711715268,2980104345228705881,5921666086926318296
429,4,45,C125,509,4,boundary,positive_poor_exposure,sparse,low,strong,high,long,high,high,8508045660333359844,6847850723537065669,433157493888005943,5033303922739347422,1848445823830049300
430,4,46,C038,422,4,boundary,positive_poor_exposure,dense,low,strong,low,short,high,low,8650774653034385664,2625716784055810729,8434107027568740257,7877932381773560046,5616445704711857282
431,4,47,C009,393,4,boundary,positive_poor_exposure,sparse,low,weak,high,short,low,low,8663259821968256491,2417808167592352546,8431726686576659993,3556033730093177288,3357863674544143781
432,4,48,C080,464,4,boundary,positive_poor_exposure,dense,high,strong,high,short,low,high,8782383856674726733,1063464478741619109,594594959123329886,3139461101906444877,270134298712405397
433,4,49,C106,490,4,boundary,positive_poor_exposure,dense,low,weak,high,short,high,high,9074492034571712134,2957818233664979081,1340553603976845961,7259501302709087899,3862135335786447236
434,4,50,C121,505,4,boundary,positive_poor_exposure,sparse,low,weak,high,long,high,high,9115915573639835751,6642803381022238765,1937464390432464712,5256162503417686969,8817918754881790443
435,4,51,C126,510,4,boundary,positive_poor_exposure,dense,low,strong,high,long,high,high,9158254657741054979,7021137322743572875,1533902164440381942,5422702663384159186,3746992568303450853
436,4,52,C054,438,4,boundary,positive_poor_exposure,dense,low,strong,low,long,high,low,9411774902408476700,2064174658258231708,8204433492358698510,6941015285455405581,5312709472996139265
437,4,53,C089,473,4,boundary,positive_poor_exposure,sparse,low,weak,high,long,low,high,9608870059927973501,2016584856218760339,8039375382846779591,4717544359725203783,1064502721195609968
438,4,54,C120,504,4,boundary,positive_poor_exposure,dense,high,strong,low,long,high,high,9961276125439978046,1707408239546528365,4777781311787168198,2474793758766560111,6043722150844018820
439,4,55,C071,455,4,boundary,positive_poor_exposure,sparse,high,strong,low,short,low,high,10074830911147248117,6303371919229832299,4303518606781867547,5872416037589126496,3924972047123992564
440,4,56,C088,472,4,boundary,positive_poor_exposure,dense,high,strong,low,long,low,high,10266351532857034955,3707059553821795525,7547108381122160824,2283172668391920408,1362782848381484994
441,4,57,C041,425,4,boundary,positive_poor_exposure,sparse,low,weak,high,short,high,low,10420790425040657317,5150826623846791190,9198616852860410676,601068928527114146,6905739874466983481
442,4,58,C047,431,4,boundary,positive_poor_exposure,sparse,high,strong,high,short,high,low,10612147044720281020,3170162849995522070,3479154092565721453,2415343413841713628,817914373649177377
443,4,59,C060,444,4,boundary,positive_poor_exposure,dense,high,weak,high,long,high,low,10613633094365043894,464619419997986382,2477885694488240230,458566768317057597,1490280438403394516
444,4,60,C051,435,4,boundary,positive_poor_exposure,sparse,high,weak,low,long,high,low,10674040515289202623,6121663738202185429,7346115685658040310,5508206042991215219,6055611825644515463
445,4,61,C095,479,4,boundary,positive_poor_exposure,sparse,high,strong,high,long,low,high,10769543120453174580,5234894604134240076,6040961817494562726,2575290602564632498,8613990259334133230
446,4,62,C039,423,4,boundary,positive_poor_exposure,sparse,high,strong,low,short,high,low,10776614427658300183,8648719090585840422,2102806859740912775,7892173696005866705,2029696555669987906
447,4,63,C027,411,4,boundary,positive_poor_exposure,sparse,high,weak,high,long,low,low,10894334108938925770,5756028532556774041,6056471005975827186,5484188274426297495,1937811223403039570
448,4,64,C030,414,4,boundary,positive_poor_exposure,dense,low,strong,high,long,low,low,10934166289034212972,348601622921563512,7016335014280132254,7317371604022265670,3813110725852606226
449,4,65,C118,502,4,boundary,positive_poor_exposure,dense,low,strong,low,long,high,high,10942975574516751699,3499852801250995029,6565940054815321602,704167121548427953,6799701744091169658
450,4,66,C042,426,4,boundary,positive_poor_exposure,dense,low,weak,high,short,high,low,11044468428437876860,663597345387579472,5872986270889474976,7776625484296735507,1976122654098763077
451,4,67,C117,501,4,boundary,positive_poor_exposure,sparse,low,strong,low,long,high,high,11102886530517714155,7429913861496160399,5361319356760376271,1423021273357265293,7304081307339559057
452,4,68,C091,475,4,boundary,positive_poor_exposure,sparse,high,weak,high,long,low,high,11152156316638899976,3774450508198178595,8173766364221922376,8185523019449743610,7020075862050750790
453,4,69,C099,483,4,boundary,positive_poor_exposure,sparse,high,weak,low,short,high,high,11546337108258783837,7816314614525832209,9213329652743240847,5074474036412821623,6740326261244536259
454,4,70,C098,482,4,boundary,positive_poor_exposure,dense,low,weak,low,short,high,high,12208564527695326206,3610565286753767771,8786604767757622250,8386444903137940147,9177946134881303809
455,4,71,C023,407,4,boundary,positive_poor_exposure,sparse,high,strong,low,long,low,low,12397606263047535166,7594883688922185770,5257255462268706649,8731805276848081162,5357321833421466678
456,4,72,C058,442,4,boundary,positive_poor_exposure,dense,low,weak,high,long,high,low,12640902355855911602,5423076663676450278,682663739489665681,7518764543653145980,4617187497562871614
457,4,73,C031,415,4,boundary,positive_poor_exposure,sparse,high,strong,high,long,low,low,12795619398291133998,6780899253465222811,27752607423205713,459134978951128799,555783323528843537
458,4,74,C010,394,4,boundary,positive_poor_exposure,dense,low,weak,high,short,low,low,13005756250919706069,7166222035564916623,7332287265030807474,3078475310398969068,4456614520491232163
459,4,75,C025,409,4,boundary,positive_poor_exposure,sparse,low,weak,high,long,low,low,13010959945787500488,8568656071880871981,1683509921623892952,3241670818935540761,6697476655637178592
460,4,76,C097,481,4,boundary,positive_poor_exposure,sparse,low,weak,low,short,high,high,13010970714701461675,4101763815947478366,755755960895444413,667792295160530510,3428065902722526568
461,4,77,C070,454,4,boundary,positive_poor_exposure,dense,low,strong,low,short,low,high,13032251590117893951,6481868131648739181,251902014625517944,8990798427403117124,5365867296161346230
462,4,78,C029,413,4,boundary,positive_poor_exposure,sparse,low,strong,high,long,low,low,13100418125840189902,7924762399535616064,6274923770587645424,8352924267913733728,4883491790948160168
463,4,79,C034,418,4,boundary,positive_poor_exposure,dense,low,weak,low,short,high,low,13120936623444511377,7047986251877138254,4486710914169176732,1119956694232572995,4637419161505834314
464,4,80,C057,441,4,boundary,positive_poor_exposure,sparse,low,weak,high,long,high,low,13126136185173721971,6182004032449877568,9016242821414271198,1520729232399921230,6939712437350027273
465,4,81,C116,500,4,boundary,positive_poor_exposure,dense,high,weak,low,long,high,high,13134815366352544416,619735199362533990,6219596311965583883,7277500416917536577,8021901782327505239
466,4,82,C024,408,4,boundary,positive_poor_exposure,dense,high,strong,low,long,low,low,13419910606411083380,3238019444606562915,2242596423898263122,3486674981357438900,4389333440301500766
467,4,83,C119,503,4,boundary,positive_poor_exposure,sparse,high,strong,low,long,high,high,13469610586978617044,8597239650217794525,2723562540396708082,5217609360067226922,8000863725319108473
468,4,84,C074,458,4,boundary,positive_poor_exposure,dense,low,weak,high,short,low,high,13480248128766424180,6468283165021011288,8049967775485750918,7942763032372634182,6005719223623843294
469,4,85,C032,416,4,boundary,positive_poor_exposure,dense,high,strong,high,long,low,low,13703638838701294075,2023227076704805529,7265253678901266592,7536027876606677321,3433164796037693178
470,4,86,C113,497,4,boundary,positive_poor_exposure,sparse,low,weak,low,long,high,high,13777327757034864135,5837716004013245618,3828005534221240125,8369212461254056979,5582789403979304618
471,4,87,C028,412,4,boundary,positive_poor_exposure,dense,high,weak,high,long,low,low,13835545550781706765,478328885852834513,8463441171529266657,6673791365529624938,2033641668074948711
472,4,88,C105,489,4,boundary,positive_poor_exposure,sparse,low,weak,high,short,high,high,13858922369883920069,6313713927162616041,1065807415155131462,1848887119666816371,4046055173861836604
473,4,89,C019,403,4,boundary,positive_poor_exposure,sparse,high,weak,low,long,low,low,14044682178145816752,5366836572874498834,5180326797647763451,6152201488213196398,4084511500233364163
474,4,90,C012,396,4,boundary,positive_poor_exposure,dense,high,weak,high,short,low,low,14066115736045597057,3089403490355777063,3290115601002486049,3804574538753334712,1239573103007482024
475,4,91,C076,460,4,boundary,positive_poor_exposure,dense,high,weak,high,short,low,high,14199261604156223982,8565463892361468379,1092316148549710000,317488374637198575,3819307482270893680
476,4,92,C127,511,4,boundary,positive_poor_exposure,sparse,high,strong,high,long,high,high,14218697722919196285,3783057626224689484,3661312646179699046,8140808088077074278,7740144418192480833
477,4,93,C003,387,4,boundary,positive_poor_exposure,sparse,high,weak,low,short,low,low,14241407008077786393,2510266234400900167,8606882868621436018,551516144069533656,5719015874893023489
478,4,94,C008,392,4,boundary,positive_poor_exposure,dense,high,strong,low,short,low,low,14372003385068871822,5284628587382740725,3397856182795978921,6200772192202373130,7451289817514016815
479,4,95,C112,496,4,boundary,positive_poor_exposure,dense,high,strong,high,short,high,high,14458689134863037911,163285095632889365,1608707897326663136,717113625925350603,4282631626140519789
480,4,96,C108,492,4,boundary,positive_poor_exposure,dense,high,weak,high,short,high,high,14482859206531599258,745792539422699158,6924665324634220671,5682708055392845026,2442920056399897585
481,4,97,C107,491,4,boundary,positive_poor_exposure,sparse,high,weak,high,short,high,high,14500898600223497853,8626006384861636794,5745497113125826240,6934928060395766927,7036561190031735607
482,4,98,C048,432,4,boundary,positive_poor_exposure,dense,high,strong,high,short,high,low,14569156106515574303,6585019641049905765,2087581853878309642,1801040717170111573,4589191049895228537
483,4,99,C100,484,4,boundary,positive_poor_exposure,dense,high,weak,low,short,high,high,14673665049517638962,516227475825627648,8176600702424431025,2686004333613633883,8886151896230790958
484,4,100,C006,390,4,boundary,positive_poor_exposure,dense,low,strong,low,short,low,low,14699616767482659640,4323811114298186646,2069805015133800427,6782648671681588507,1185497611411317800
485,4,101,C109,493,4,boundary,positive_poor_exposure,sparse,low,strong,high,short,high,high,14716375988567405462,3898850997052278551,7385165652321120863,2248176185041733182,1826284464383297495
486,4,102,C092,476,4,boundary,positive_poor_exposure,dense,high,weak,high,long,low,high,14846810869453282840,2808027073918603441,1333973903560939485,3522231815638999101,3924972696233169180
487,4,103,C018,402,4,boundary,positive_poor_exposure,dense,low,weak,low,long,low,low,15524047104206617545,163176017406654867,1248106160984581544,6439079185538424208,8223984637690848747
488,4,104,C016,400,4,boundary,positive_poor_exposure,dense,high,strong,high,short,low,low,15890837569259055414,5782102710109274644,713837214552852747,1719963213352358906,5020011167996220498
489,4,105,C123,507,4,boundary,positive_poor_exposure,sparse,high,weak,high,long,high,high,16028312463210317204,8004994420285476137,8207970313188067377,4078446142325130488,7324126289939494735
490,4,106,C067,451,4,boundary,positive_poor_exposure,sparse,high,weak,low,short,low,high,16031651774103813011,3141115549791019716,3034884070713765021,7242952239500409662,5987836119090366206
491,4,107,C103,487,4,boundary,positive_poor_exposure,sparse,high,strong,low,short,high,high,16112724524730258375,9046047246837872900,2488138033899769059,7504334290443759612,2630156703114498835
492,4,108,C026,410,4,boundary,positive_poor_exposure,dense,low,weak,high,long,low,low,16310233450486791312,4089583327758786932,7825375433804150231,457067315014354274,3283408016534688846
493,4,109,C063,447,4,boundary,positive_poor_exposure,sparse,high,strong,high,long,high,low,16342243608986410215,2574584566207678046,3227947569493513281,6514594683082714918,2534064240083685114
494,4,110,C061,445,4,boundary,positive_poor_exposure,sparse,low,strong,high,long,high,low,16547958909858910939,3728790708294105753,4820258449491463756,2204886066802108464,7527180812025335800
495,4,111,C069,453,4,boundary,positive_poor_exposure,sparse,low,strong,low,short,low,high,16703140893093249485,629090312785236937,3244350460487721095,5792389990080675152,2090824914028911968
496,4,112,C114,498,4,boundary,positive_poor_exposure,dense,low,weak,low,long,high,high,16711622233890604724,1673025846964836156,8087530522161959952,7725638390732489756,1386104176192110954
497,4,113,C075,459,4,boundary,positive_poor_exposure,sparse,high,weak,high,short,low,high,16793487812056471316,9220592052804833831,7425232638394927706,2550530582805493458,8544201627731610352
498,4,114,C064,448,4,boundary,positive_poor_exposure,dense,high,strong,high,long,high,low,16969518676342752641,5855706985042980327,3422279885446711705,1958228959345759702,4519366048910874072
499,4,115,C090,474,4,boundary,positive_poor_exposure,dense,low,weak,high,long,low,high,17012221275822908376,577279313303596815,3720458084895550938,2007730054077544481,6254120509661801690
500,4,116,C055,439,4,boundary,positive_poor_exposure,sparse,high,strong,low,long,high,low,17046783316052315696,2809942169372965946,150307277606602021,715338922831851976,4661950669219261930
501,4,117,C022,406,4,boundary,positive_poor_exposure,dense,low,strong,low,long,low,low,17145608609366149560,4155354924469918759,3005024767079036828,8093079471573013984,7394340537109619834
502,4,118,C043,427,4,boundary,positive_poor_exposure,sparse,high,weak,high,short,high,low,17149351894134892693,8914686503545203547,4997347586929953,6874478099960204871,7271349599547704367
503,4,119,C013,397,4,boundary,positive_poor_exposure,sparse,low,strong,high,short,low,low,17415196105068325341,5080531250288797799,5931073720276758678,5399289997192483318,474111137402211158
504,4,120,C045,429,4,boundary,positive_poor_exposure,sparse,low,strong,high,short,high,low,17446375366430872728,398382021162740420,5826088645092725266,1124078229881418150,7822179954296569564
505,4,121,C081,465,4,boundary,positive_poor_exposure,sparse,low,weak,low,long,low,high,17633561490598898150,8688974191282673560,2754283668718026379,1715283503446482836,8530202173267740163
506,4,122,C068,452,4,boundary,positive_poor_exposure,dense,high,weak,low,short,low,high,17848283485185018141,1732902797609830624,4546729709964092972,8441566548678983582,8285359516433406233
507,4,123,C001,385,4,boundary,positive_poor_exposure,sparse,low,weak,low,short,low,low,17889136618742942624,2691594947761558368,6733893200469335668,4741060631271721885,7079510347134900323
508,4,124,C036,420,4,boundary,positive_poor_exposure,dense,high,weak,low,short,high,low,18026415912032520935,8586718933959304869,3385434896926960482,3536112790633816224,5141809616604065757
509,4,125,C037,421,4,boundary,positive_poor_exposure,sparse,low,strong,low,short,high,low,18116197575788709909,7505488021041765233,5883119557130500438,5257590654758365006,3271055167148459101
510,4,126,C087,471,4,boundary,positive_poor_exposure,sparse,high,strong,low,long,low,high,18181512162006472975,8173326031505859426,3801300363366445138,5334305586396907236,8978950573290135611
511,4,127,C020,404,4,boundary,positive_poor_exposure,dense,high,weak,low,long,low,low,18250865722558860231,2123683627147271658,6348950782185844477,2848431704218534726,5113371246694126952
512,4,128,C084,468,4,boundary,positive_poor_exposure,dense,high,weak,low,long,low,high,18413646024610249987,4433718217901138756,3712973185569003160,5832866695425328684,801976830500140294
513,5,1,C113,625,5,primitive_eligible,none,sparse,low,weak,low,long,high,high,175136284654268847,4341019107894576230,4516068711244887589,5161269835593238201,5748208716659391235
514,5,2,C050,562,5,primitive_eligible,none,dense,low,weak,low,long,high,low,215744042456450329,3706336087345299963,2987467572570646704,5743105046010975315,4592100326593255335
515,5,3,C087,599,5,primitive_eligible,none,sparse,high,strong,low,long,low,high,377484461306005995,8208853746678430713,982472786103579258,3391437243535564610,3546937265391920398
516,5,4,C020,532,5,primitive_eligible,none,dense,high,weak,low,long,low,low,465376594641661780,6298835355203198820,4847316026614687356,4882183913306188706,8511993187389261660
517,5,5,C103,615,5,primitive_eligible,none,sparse,high,strong,low,short,high,high,643481883542221599,4732382446988037949,431794042400815998,3014494423085522353,1059673539689473022
518,5,6,C109,621,5,primitive_eligible,none,sparse,low,strong,high,short,high,high,671116373799572571,8426034617482513273,5447453909654402289,9092609805631721054,6245784583542845599
519,5,7,C014,526,5,primitive_eligible,none,dense,low,strong,high,short,low,low,877682365484283797,8175042144780379488,7748731540688243326,8874988149352965241,2401952790821757533
520,5,8,C019,531,5,primitive_eligible,none,sparse,high,weak,low,long,low,low,903957916810236481,2063503936235036655,5065189111293303201,9171018349669378682,6059773072184219432
521,5,9,C083,595,5,primitive_eligible,none,sparse,high,weak,low,long,low,high,1064126236711112392,211630512840148634,412560006939565204,7152210823535218683,3867338232170615977
522,5,10,C013,525,5,primitive_eligible,none,sparse,low,strong,high,short,low,low,1220215179172029153,7688654294565832441,3216741224594130930,547531987703209427,4643295592526252642
523,5,11,C102,614,5,primitive_eligible,none,dense,low,strong,low,short,high,high,1535822942753987372,1770121635626005244,1617717492224715890,2333109291060963021,1825492605542659967
524,5,12,C032,544,5,primitive_eligible,none,dense,high,strong,high,long,low,low,1717430047099558303,5076919252281637905,1156226109217979785,2834235478639461547,448262162687502758
525,5,13,C065,577,5,primitive_eligible,none,sparse,low,weak,low,short,low,high,2032697756994190329,1446576445591922289,118900108023290976,1071610054311881386,7514448306056305071
526,5,14,C123,635,5,primitive_eligible,none,sparse,high,weak,high,long,high,high,2040533214201434615,3103442971976462343,7234386385222383913,6327138440134589609,3879751719865998431
527,5,15,C120,632,5,primitive_eligible,none,dense,high,strong,low,long,high,high,2245279936231625451,7541059301434223313,8152271924425410335,335167249927176481,7617816948812593837
528,5,16,C034,546,5,primitive_eligible,none,dense,low,weak,low,short,high,low,2254013562882932071,7902134917410555366,1176778576000129557,90975030949751412,4248073345932210076
529,5,17,C101,613,5,primitive_eligible,none,sparse,low,strong,low,short,high,high,2272580678861566206,8422091975660175486,257000322463006789,8608281488076842863,5230718295394707552
530,5,18,C066,578,5,primitive_eligible,none,dense,low,weak,low,short,low,high,2417620742608183163,2737883137336686715,8962023128949508043,422529062926718366,2451894911074989249
531,5,19,C104,616,5,primitive_eligible,none,dense,high,strong,low,short,high,high,2461720027983392818,76617997196179413,4949624308016599223,4353055206983026654,3991990220780901792
532,5,20,C081,593,5,primitive_eligible,none,sparse,low,weak,low,long,low,high,2748928859377219255,7679374426999656316,2277133391483846858,243547824078301488,1460560566523722593
533,5,21,C090,602,5,primitive_eligible,none,dense,low,weak,high,long,low,high,2819049713858842894,7968890466993461316,5153393321324088770,7872127870748281401,8406000773524396052
534,5,22,C022,534,5,primitive_eligible,none,dense,low,strong,low,long,low,low,2916362789240765272,2000412147116352681,3115749158609729441,6437848275080212680,8729658476872198910
535,5,23,C039,551,5,primitive_eligible,none,sparse,high,strong,low,short,high,low,2990077102034517995,6521337158115582042,5083340233980294220,2986548616361894693,8287086282261724088
536,5,24,C004,516,5,primitive_eligible,none,dense,high,weak,low,short,low,low,3583384032128507258,7019232960057010493,1619521792492028789,4752609761070106717,2330970238100451557
537,5,25,C116,628,5,primitive_eligible,none,dense,high,weak,low,long,high,high,3689467876111261897,1171936834582268082,5883397675940055680,7774300201657291631,1898785615876474742
538,5,26,C047,559,5,primitive_eligible,none,sparse,high,strong,high,short,high,low,3788624367653682526,1397539220542380726,1633106808092557924,6244034160604616085,1224527285637008399
539,5,27,C110,622,5,primitive_eligible,none,dense,low,strong,high,short,high,high,4082073662914369473,9143176094578625559,2608079192517813523,8868981392540517862,1557403133085868984
540,5,28,C078,590,5,primitive_eligible,none,dense,low,strong,high,short,low,high,4496763424705870931,1130310583843842707,71903293003456252,6193232901545498460,881515400725455770
541,5,29,C054,566,5,primitive_eligible,none,dense,low,strong,low,long,high,low,4565665984687200726,7957499720096971469,3264398642108606876,846303851416052609,1408063032072773552
542,5,30,C079,591,5,primitive_eligible,none,sparse,high,strong,high,short,low,high,4649127275902492649,7474296305623568837,1931325680991272032,2896328090825315419,8376257506832894799
543,5,31,C128,640,5,primitive_eligible,none,dense,high,strong,high,long,high,high,4703394636370164028,2954548149419872112,8267505800070763274,5899167321161776714,164478114043402750
544,5,32,C111,623,5,primitive_eligible,none,sparse,high,strong,high,short,high,high,4707665004590854319,5959875160657732465,3538329530664321510,2633561595227410280,3579497783397548443
545,5,33,C009,521,5,primitive_eligible,none,sparse,low,weak,high,short,low,low,4739520333533350417,1553365080312233087,7985206079926082017,1276528456759415816,7090918813567173647
546,5,34,C070,582,5,primitive_eligible,none,dense,low,strong,low,short,low,high,4961279595102069462,2084561533694636646,2580526565616420599,3679168137446422346,4327991354648155006
547,5,35,C021,533,5,primitive_eligible,none,sparse,low,strong,low,long,low,low,5111371058684128827,4853087826193275351,3877388827322018019,3075823354361218975,134062570590899772
548,5,36,C062,574,5,primitive_eligible,none,dense,low,strong,high,long,high,low,5229334375066615278,4503299184882796592,4096264113558091104,4103591241790103428,2327563329367457382
549,5,37,C072,584,5,primitive_eligible,none,dense,high,strong,low,short,low,high,5243261038312012205,4477316634474160668,4970270271463626672,1630787334429418917,2809290012055721336
550,5,38,C091,603,5,primitive_eligible,none,sparse,high,weak,high,long,low,high,5710290042278009170,8252395036232301448,8800797062553685820,8129395987598037837,5076750903867133901
551,5,39,C119,631,5,primitive_eligible,none,sparse,high,strong,low,long,high,high,6041118449854078920,669627790064298134,2925171357595003612,3731356196002873305,482487638683305447
552,5,40,C036,548,5,primitive_eligible,none,dense,high,weak,low,short,high,low,6119732123591167781,2291695794849058526,646061920654327478,5040111993374551180,359612734615070805
553,5,41,C001,513,5,primitive_eligible,none,sparse,low,weak,low,short,low,low,6467906632465441086,6114635878886775307,7485241017489862409,4574832199531895917,1659884529945392925
554,5,42,C082,594,5,primitive_eligible,none,dense,low,weak,low,long,low,high,6653230612903713373,4311745520521696340,3630731591905411978,2138145848893312898,7860265920425987091
555,5,43,C011,523,5,primitive_eligible,none,sparse,high,weak,high,short,low,low,6676636013771226975,2769672201329514469,8152118164077807666,2857388489047522571,1665703911687916735
556,5,44,C073,585,5,primitive_eligible,none,sparse,low,weak,high,short,low,high,6887620779256065341,4854816343534257370,183023642720034942,3279853208382658964,488342885659330354
557,5,45,C040,552,5,primitive_eligible,none,dense,high,strong,low,short,high,low,7021075871891426839,1394320539419359916,7061311137648974711,916560722301587384,3777537313396027950
558,5,46,C075,587,5,primitive_eligible,none,sparse,high,weak,high,short,low,high,7286594934341163106,8825932430368551987,7985909401205109963,5769485291157925177,7153805507427275968
559,5,47,C029,541,5,primitive_eligible,none,sparse,low,strong,high,long,low,low,7294135487996348935,7367212720990572738,3408550103772720925,8104890241578208822,1257138576985706373
560,5,48,C088,600,5,primitive_eligible,none,dense,high,strong,low,long,low,high,7400987399253552056,5966006988925175348,6362534954700092742,10903284684264145,4160353523204035697
561,5,49,C055,567,5,primitive_eligible,none,sparse,high,strong,low,long,high,low,7435515948953789392,2703813769374753753,6427846153577515800,1008638496593260446,7978964647023568870
562,5,50,C089,601,5,primitive_eligible,none,sparse,low,weak,high,long,low,high,7492800217075111244,1813543826944180054,3582875930452428168,8632347427011825364,3868148809057871123
563,5,51,C041,553,5,primitive_eligible,none,sparse,low,weak,high,short,high,low,7769694740066607991,4861230566982387070,4265875454269321954,8334972633006303530,7717430665110562109
564,5,52,C027,539,5,primitive_eligible,none,sparse,high,weak,high,long,low,low,7950938310834417152,7864234086670888254,3270329790555876907,1755039614595676691,8655239930781873130
565,5,53,C025,537,5,primitive_eligible,none,sparse,low,weak,high,long,low,low,7951818564982167000,3112887746241408973,1646016067272934238,3459710643917986744,667014153199408905
566,5,54,C074,586,5,primitive_eligible,none,dense,low,weak,high,short,low,high,7987176894010183010,1308100253228364167,5162118188808656946,7047608395563496238,5587926345593442059
567,5,55,C035,547,5,primitive_eligible,none,sparse,high,weak,low,short,high,low,8112821723353174547,4857450023837571470,7082597996499929512,1786939526720204025,345233593100393369
568,5,56,C030,542,5,primitive_eligible,none,dense,low,strong,high,long,low,low,8302983566067096957,215973462103913060,2668515290793001672,3721850979287211142,5933695905549554566
569,5,57,C114,626,5,primitive_eligible,none,dense,low,weak,low,long,high,high,8489004842285739405,1061971995169877095,7246325249009841425,8870259060286155432,4266614496703458336
570,5,58,C017,529,5,primitive_eligible,none,sparse,low,weak,low,long,low,low,8884408140481774251,280482063054777359,4644944724383812810,9195680162171386294,8760915518347525141
571,5,59,C121,633,5,primitive_eligible,none,sparse,low,weak,high,long,high,high,8941156172498302455,7169688138483863745,4419828065644780281,5847948605617720168,8360490657368115572
572,5,60,C045,557,5,primitive_eligible,none,sparse,low,strong,high,short,high,low,9183851360171584212,8962101792566549758,5432172304351895915,3969099808573301132,8046861119278847819
573,5,61,C108,620,5,primitive_eligible,none,dense,high,weak,high,short,high,high,9445204762114788534,2509033004045291829,2595292759019388185,2465508247676832514,5368395960228188358
574,5,62,C098,610,5,primitive_eligible,none,dense,low,weak,low,short,high,high,9483833689526262482,8813845962657234310,4246532090373782993,6675850394767621608,1647789516128296446
575,5,63,C127,639,5,primitive_eligible,none,sparse,high,strong,high,long,high,high,9615958688360403509,7236691394076294624,587690922233533446,4819273333778789173,1751084932636768741
576,5,64,C069,581,5,primitive_eligible,none,sparse,low,strong,low,short,low,high,9700931961854425061,3024996727343780563,4874917582781226506,5456664632471286135,6324298451513780551
577,5,65,C068,580,5,primitive_eligible,none,dense,high,weak,low,short,low,high,9756399656984105074,7887490528807165002,7193767247028116847,682525157161273284,7836254636573178590
578,5,66,C028,540,5,primitive_eligible,none,dense,high,weak,high,long,low,low,9872257180201947991,8299346947067847327,6397691955738796155,7414146161836588257,5849746918051547186
579,5,67,C012,524,5,primitive_eligible,none,dense,high,weak,high,short,low,low,9955719672304756324,100856024293062305,2435523603077325114,3008465107570653251,113563332052057118
580,5,68,C071,583,5,primitive_eligible,none,sparse,high,strong,low,short,low,high,10089260743913829138,2476082581460336978,2527910880995860891,1033431677568799847,7009641050265069256
581,5,69,C096,608,5,primitive_eligible,none,dense,high,strong,high,long,low,high,10227065742286323278,5628114175270149097,8946646565659051284,3608940705930164244,7869501711864380978
582,5,70,C058,570,5,primitive_eligible,none,dense,low,weak,high,long,high,low,10443974471003154660,7295955379763909336,8447493098793169095,3489000768996673821,4887214687384756842
583,5,71,C053,565,5,primitive_eligible,none,sparse,low,strong,low,long,high,low,10520965253723581091,7543846743895172109,794172296926042827,4980494814051040050,2960415482812099958
584,5,72,C105,617,5,primitive_eligible,none,sparse,low,weak,high,short,high,high,10595190152312614673,6256736318854804102,1266866157606696089,1390055380849053842,3133501837225296076
585,5,73,C033,545,5,primitive_eligible,none,sparse,low,weak,low,short,high,low,10735523649324379980,3381019346505529760,6891418601111764161,8396062458261780795,3377795104432283920
586,5,74,C049,561,5,primitive_eligible,none,sparse,low,weak,low,long,high,low,10758090251638247556,1566323676733870254,133542869135059313,5767289469247635298,118125454420149065
587,5,75,C094,606,5,primitive_eligible,none,dense,low,strong,high,long,low,high,10873989997753630998,6568034738292113814,5308269949167915481,8086269089415264763,3528228971585412705
588,5,76,C056,568,5,primitive_eligible,none,dense,high,strong,low,long,high,low,11156288967365269853,7021557244522689928,1281045474904220367,390337929657043444,5123738767231914971
589,5,77,C122,634,5,primitive_eligible,none,dense,low,weak,high,long,high,high,11190373703289567869,4579547993561212181,1849452424530354896,474853241201834690,4596936781215489069
590,5,78,C018,530,5,primitive_eligible,none,dense,low,weak,low,long,low,low,11290688950540379975,146066433304283404,6254613250656657663,8844193261264273746,6990358333957261115
591,5,79,C100,612,5,primitive_eligible,none,dense,high,weak,low,short,high,high,11618427799351128764,1555846282267414028,5852254401742632255,8908560902536644013,5644853390260017215
592,5,80,C044,556,5,primitive_eligible,none,dense,high,weak,high,short,high,low,11748669966347859884,8625485553297449527,5514339440355185081,6012794219535172706,3745089185993320418
593,5,81,C115,627,5,primitive_eligible,none,sparse,high,weak,low,long,high,high,11829237215262799365,2851749620736982485,2414617101911069328,9167090321084630515,501989846585280605
594,5,82,C005,517,5,primitive_eligible,none,sparse,low,strong,low,short,low,low,12153293280625773063,5332379733996596475,6296284005365852017,2227777750950565446,3438656220644209034
595,5,83,C060,572,5,primitive_eligible,none,dense,high,weak,high,long,high,low,12210669112329207769,891252688817086560,1887179594381862867,5367527181929031898,4674194447183176155
596,5,84,C092,604,5,primitive_eligible,none,dense,high,weak,high,long,low,high,12330323108176867102,3195859966884873935,5885698191939181566,2036545469491587745,7269932215349243393
597,5,85,C003,515,5,primitive_eligible,none,sparse,high,weak,low,short,low,low,12351104930995012175,7750138545886479979,7337116784049108143,7915341366512029441,5585154563061793666
598,5,86,C063,575,5,primitive_eligible,none,sparse,high,strong,high,long,high,low,12514789653229989580,7265512242965281222,8222965975152580975,8351318086472762020,6647369118187033901
599,5,87,C026,538,5,primitive_eligible,none,dense,low,weak,high,long,low,low,12570685937964889045,6632223024350098821,2726417722730685961,3001644443217601557,5714131005516528554
600,5,88,C043,555,5,primitive_eligible,none,sparse,high,weak,high,short,high,low,12671633111397176380,6156704226946524631,6604235637952827199,8023707206694775547,3548443032063269825
601,5,89,C015,527,5,primitive_eligible,none,sparse,high,strong,high,short,low,low,12740422445666666099,1171740455444139925,4579391748389366545,7599356718558286769,6733319717524664090
602,5,90,C052,564,5,primitive_eligible,none,dense,high,weak,low,long,high,low,12790972709042498396,1469289367296140317,2282852027690254215,7942449360819171329,3075274217272803805
603,5,91,C126,638,5,primitive_eligible,none,dense,low,strong,high,long,high,high,13138839822228650743,3897720029027170012,7088884539614545396,3613122955263067869,3257267133967345935
604,5,92,C086,598,5,primitive_eligible,none,dense,low,strong,low,long,low,high,13606422180910025620,2342079553143884838,1944345522248944333,7194489073694174724,4089286829198103001
605,5,93,C006,518,5,primitive_eligible,none,dense,low,strong,low,short,low,low,13983227448711926909,6089505086294148528,7857226838452544039,180187910433392417,4328751423636635601
606,5,94,C085,597,5,primitive_eligible,none,sparse,low,strong,low,long,low,high,14059897878522444282,6845090468947582757,5872777932369794486,2032941574437161606,7255644476627806330
607,5,95,C118,630,5,primitive_eligible,none,dense,low,strong,low,long,high,high,14137577451238332302,7002594180161155805,1966624861588466039,2223521753062287334,3744947110815890928
608,5,96,C112,624,5,primitive_eligible,none,dense,high,strong,high,short,high,high,14187415427539984745,5781221532238064827,4273728438900055718,2837282652329142972,6532130395656666007
609,5,97,C008,520,5,primitive_eligible,none,dense,high,strong,low,short,low,low,14322514742068866004,2354429721351558431,7104631797093142834,6815061280103177107,7283489324475749924
610,5,98,C051,563,5,primitive_eligible,none,sparse,high,weak,low,long,high,low,14466795572016389825,7519851020373391458,8977548362870365628,2278255410370481287,4300149794213785829
611,5,99,C117,629,5,primitive_eligible,none,sparse,low,strong,low,long,high,high,14882466438977195798,8608674751083205120,5484076940864839951,5397540678949594170,8547743449413996035
612,5,100,C097,609,5,primitive_eligible,none,sparse,low,weak,low,short,high,high,15106685739795976496,2834208525904941246,8415689651432885866,5586591685582619365,7011360719933595198
613,5,101,C084,596,5,primitive_eligible,none,dense,high,weak,low,long,low,high,15278757033556889058,3416051170325655289,8602073871841409720,2793443847438002692,7100502883093807311
614,5,102,C023,535,5,primitive_eligible,none,sparse,high,strong,low,long,low,low,15434252362375661784,3479830219948399102,7846534919816839199,2515511061521097662,8325900337547276017
615,5,103,C002,514,5,primitive_eligible,none,dense,low,weak,low,short,low,low,15444443064882933951,3797776101136761603,8125156487982700154,1249696447568910725,6954411029078577516
616,5,104,C057,569,5,primitive_eligible,none,sparse,low,weak,high,long,high,low,15663521840718183443,8925949440990736346,538756017904330744,7383024449668729953,2083206996371974984
617,5,105,C016,528,5,primitive_eligible,none,dense,high,strong,high,short,low,low,15908867138399312593,7375128307210706358,7349764634538394793,7930686160054299414,9086155233179344657
618,5,106,C080,592,5,primitive_eligible,none,dense,high,strong,high,short,low,high,15971247909048078499,7854151496359375220,1900692143393320472,7743065393567361722,1686730698247558549
619,5,107,C093,605,5,primitive_eligible,none,sparse,low,strong,high,long,low,high,16134726522063992671,6712668411451933068,1093406970422342637,8896649556279608748,4575242752936846649
620,5,108,C064,576,5,primitive_eligible,none,dense,high,strong,high,long,high,low,16321744759322960543,4617337333191702654,8008355325367587503,7066941293179360891,5609513091813103052
621,5,109,C038,550,5,primitive_eligible,none,dense,low,strong,low,short,high,low,16545470390985992993,2905117773709555838,273637005345805767,6975392995932147576,4230653901467509121
622,5,110,C077,589,5,primitive_eligible,none,sparse,low,strong,high,short,low,high,16682228867808342903,3406224717057253678,7886244684410960159,5530238003356919914,7948287890942713993
623,5,111,C046,558,5,primitive_eligible,none,dense,low,strong,high,short,high,low,16870153513417869165,9086013880883031764,1482171541092988069,5095629762401442287,6046340854111152904
624,5,112,C067,579,5,primitive_eligible,none,sparse,high,weak,low,short,low,high,16893309641311387674,6435270114318985003,2660690368886480372,7524006373574111183,7067940449892829449
625,5,113,C125,637,5,primitive_eligible,none,sparse,low,strong,high,long,high,high,16933629548563776166,7599098270112874320,3983377002102493446,685110318895442125,5584719717125546442
626,5,114,C042,554,5,primitive_eligible,none,dense,low,weak,high,short,high,low,17040359684033778310,2741087690136418996,2309296344424834585,3925113329416481970,802482338911833266
627,5,115,C010,522,5,primitive_eligible,none,dense,low,weak,high,short,low,low,17143741359687683881,8149939176239571943,383978863703942139,4548779758859399344,5115301340694078099
628,5,116,C007,519,5,primitive_eligible,none,sparse,high,strong,low,short,low,low,17479649759795520013,8693295516466969210,6752650249533581109,2373352798787470926,5952713699950111571
629,5,117,C095,607,5,primitive_eligible,none,sparse,high,strong,high,long,low,high,17488433126284298176,2073786342059051172,6177683209785206589,6802207095440006026,4189619638435723503
630,5,118,C099,611,5,primitive_eligible,none,sparse,high,weak,low,short,high,high,17538077721914083103,3028257307588960745,7950625874639403378,5738064628964176163,584658804693121537
631,5,119,C031,543,5,primitive_eligible,none,sparse,high,strong,high,long,low,low,17568121682726731723,7498096991499374281,4360411114425511148,5571917708644555336,6793540620278974375
632,5,120,C037,549,5,primitive_eligible,none,sparse,low,strong,low,short,high,low,17570086339167957001,8942958216938107231,8180518722758485353,5329888906901620248,329189397180439331
633,5,121,C106,618,5,primitive_eligible,none,dense,low,weak,high,short,high,high,17594908768232934728,4227622284922756137,5306429451559414228,4302240234003003706,681355892517182924
634,5,122,C024,536,5,primitive_eligible,none,dense,high,strong,low,long,low,low,17625843079181488344,2909543426666299304,1797902100420887434,1069071944275676957,3040000582922317862
635,5,123,C124,636,5,primitive_eligible,none,dense,high,weak,high,long,high,high,17901966481298768061,2610734593954236090,2880546856951093532,8848178389143455668,2298259679646262765
636,5,124,C061,573,5,primitive_eligible,none,sparse,low,strong,high,long,high,low,17922515571822660059,8144235364638030551,3903216201890496441,6181274663573181004,3246474938961644232
637,5,125,C059,571,5,primitive_eligible,none,sparse,high,weak,high,long,high,low,18112702182689440013,5184576896793236325,7852912460330425753,8817420147333844297,2778326730269547004
638,5,126,C048,560,5,primitive_eligible,none,dense,high,strong,high,short,high,low,18195995552380870283,3471677416948134082,2189463983954699461,7539303979305772347,3474542533396161513
639,5,127,C107,619,5,primitive_eligible,none,sparse,high,weak,high,short,high,high,18250526368008728714,5081005105748580187,6152081472010314481,1125720413874759560,6405436737251367848
640,5,128,C076,588,5,primitive_eligible,none,dense,high,weak,high,short,low,high,18439185479779697412,2946485087061110195,702390841383632889,3146779710108900591,461840756519623052
641,6,1,C033,673,6,boundary,frontier_dependent_generator,sparse,low,weak,low,short,high,low,138932445224959884,5196999244057522126,2166581737262628631,230782320211282944,6098643861594611812
642,6,2,C081,721,6,boundary,frontier_dependent_generator,sparse,low,weak,low,long,low,high,277113487754742622,5184551840880327665,1907669003034966763,444199097634933120,8011573887381860904
643,6,3,C064,704,6,boundary,frontier_dependent_generator,dense,high,strong,high,long,high,low,310518499944797463,57864573284447957,1260782700287234593,7675165306669733436,5331603699778229821
644,6,4,C106,746,6,boundary,frontier_dependent_generator,dense,low,weak,high,short,high,high,651824973849678108,828671562154986150,4538618434458129027,3769578450312282012,2001314799071224473
645,6,5,C086,726,6,boundary,frontier_dependent_generator,dense,low,strong,low,long,low,high,732571009520108936,2719337041114531937,8264181704922153259,1112636496400825249,7803154330695352229
646,6,6,C063,703,6,boundary,frontier_dependent_generator,sparse,high,strong,high,long,high,low,1163768712258464099,584125362281384750,4989822282547289799,6406202078324766023,4237671350103820693
647,6,7,C042,682,6,boundary,frontier_dependent_generator,dense,low,weak,high,short,high,low,1386770940976967862,6072891912835252275,1696225000631466795,5848598388444938739,4065671118883208296
648,6,8,C110,750,6,boundary,frontier_dependent_generator,dense,low,strong,high,short,high,high,1699575257405081544,5143804659358081307,140338073940156611,5720778710449215495,5732614517346750730
649,6,9,C068,708,6,boundary,frontier_dependent_generator,dense,high,weak,low,short,low,high,1845728513385264339,1587288472908116990,6358204999202285105,4121889842290686127,977074657486614068
650,6,10,C076,716,6,boundary,frontier_dependent_generator,dense,high,weak,high,short,low,high,2254408813693490663,1468208691066525959,901510270617568796,6870420012114155552,1707577363326142923
651,6,11,C030,670,6,boundary,frontier_dependent_generator,dense,low,strong,high,long,low,low,2532470363502439885,8579690722565706866,7181685862589325976,8556481457927150158,7825188503707547307
652,6,12,C012,652,6,boundary,frontier_dependent_generator,dense,high,weak,high,short,low,low,2654497186465214449,3952728751240547438,6831361238387649418,1289384759669412939,6238785073614384703
653,6,13,C096,736,6,boundary,frontier_dependent_generator,dense,high,strong,high,long,low,high,2880517268786756325,6442529158536118028,4849384108511527421,7305642916785085882,601631739181658381
654,6,14,C031,671,6,boundary,frontier_dependent_generator,sparse,high,strong,high,long,low,low,3105185579320631505,2930284495557492789,3470852305603781739,525339904513697059,5305555573276586633
655,6,15,C097,737,6,boundary,frontier_dependent_generator,sparse,low,weak,low,short,high,high,3436496729632740205,137671906334586463,972333850468057409,7973896504136985085,7845033137890495963
656,6,16,C020,660,6,boundary,frontier_dependent_generator,dense,high,weak,low,long,low,low,3437118810682637799,8411732931119482909,4075123006357043003,8225746624948351784,9177930730008783411
657,6,17,C016,656,6,boundary,frontier_dependent_generator,dense,high,strong,high,short,low,low,3517305656063808387,3210926837177712129,9160239273320759856,5311057444956118245,2916042911496421599
658,6,18,C040,680,6,boundary,frontier_dependent_generator,dense,high,strong,low,short,high,low,3798113901182294166,196280900725274681,8171364287434870216,7780495396086732180,4827188381391644760
659,6,19,C027,667,6,boundary,frontier_dependent_generator,sparse,high,weak,high,long,low,low,4002709453048136088,5961057910615513362,9002005590259678543,8861712252218998944,6943327754932613982
660,6,20,C069,709,6,boundary,frontier_dependent_generator,sparse,low,strong,low,short,low,high,4005053503081495819,6517263135448373854,3105596846603117006,6774130935240133994,5063818219609125795
661,6,21,C122,762,6,boundary,frontier_dependent_generator,dense,low,weak,high,long,high,high,4077661178071615179,4587472789690903550,386671947865708900,6062156801009193580,1181316460824328508
662,6,22,C127,767,6,boundary,frontier_dependent_generator,sparse,high,strong,high,long,high,high,4150769150641204384,5675701855086980834,4188961441427941519,7943819353841917152,5449435857095348307
663,6,23,C041,681,6,boundary,frontier_dependent_generator,sparse,low,weak,high,short,high,low,4155088872797561173,356237631983912606,9018084469966385998,7981793608432446054,5387814984418801159
664,6,24,C092,732,6,boundary,frontier_dependent_generator,dense,high,weak,high,long,low,high,4238989568997661968,6182971759889203464,8715139245991754385,6397351192986273777,5466862602889521533
665,6,25,C089,729,6,boundary,frontier_dependent_generator,sparse,low,weak,high,long,low,high,4483775261423294732,3494065748678002459,5918659258568717594,1051022137350310871,6029088427638956718
666,6,26,C061,701,6,boundary,frontier_dependent_generator,sparse,low,strong,high,long,high,low,4547696627687935558,3259623121622015835,5656605512523794473,7256546675451903488,2074343544269187230
667,6,27,C072,712,6,boundary,frontier_dependent_generator,dense,high,strong,low,short,low,high,4568673696484169037,3775186900258024847,1171995141574582447,814998621701460739,6493687819488650102
668,6,28,C085,725,6,boundary,frontier_dependent_generator,sparse,low,strong,low,long,low,high,4622700997420460003,3156893682210351342,4034745764591082110,1080933894360260993,1838838685750436889
669,6,29,C003,643,6,boundary,frontier_dependent_generator,sparse,high,weak,low,short,low,low,4842979626699585178,8859845968582080614,1328861885222648031,5785718067192568618,7552433152428343626
670,6,30,C008,648,6,boundary,frontier_dependent_generator,dense,high,strong,low,short,low,low,5091495565121070517,8742829077679040367,7628104382098332151,8310565015825973034,3218224868639250007
671,6,31,C109,749,6,boundary,frontier_dependent_generator,sparse,low,strong,high,short,high,high,5252975915823618255,8389400766256740047,2942078021681180771,4798633985869793826,4606163887676451184
672,6,32,C119,759,6,boundary,frontier_dependent_generator,sparse,high,strong,low,long,high,high,5323438198164150105,239709073910249104,8953450031913352287,2845723587203474068,6193536123414657254
673,6,33,C071,711,6,boundary,frontier_dependent_generator,sparse,high,strong,low,short,low,high,5718656182642128207,1722132602614009457,2293783441197429939,2829648420095707509,6086320848150900470
674,6,34,C009,649,6,boundary,frontier_dependent_generator,sparse,low,weak,high,short,low,low,5730615804921260922,4896426792434027800,6833226110428102863,6817075825066936898,2056112478537814679
675,6,35,C067,707,6,boundary,frontier_dependent_generator,sparse,high,weak,low,short,low,high,5755746366964050448,1885007928713733937,8906747012978173743,7866153142241225006,6941720191447197643
676,6,36,C028,668,6,boundary,frontier_dependent_generator,dense,high,weak,high,long,low,low,5978066636752130630,5440915248025970588,8883119857662395676,8783359798389474934,4514779379932156766
677,6,37,C075,715,6,boundary,frontier_dependent_generator,sparse,high,weak,high,short,low,high,6015493378486361301,727901120559125894,3546347556557559200,1672295563337482630,5144821067716135926
678,6,38,C019,659,6,boundary,frontier_dependent_generator,sparse,high,weak,low,long,low,low,6626497007310705609,6372706613219192933,5514458481089234841,5261296192380011372,5962882501088569439
679,6,39,C103,743,6,boundary,frontier_dependent_generator,sparse,high,strong,low,short,high,high,6686122340176224819,585864091968881819,4223734490317539835,7392668217069997544,1499498851373476639
680,6,40,C066,706,6,boundary,frontier_dependent_generator,dense,low,weak,low,short,low,high,6885736367191341825,2425739437629298255,313171803981174311,1492328536473022759,7076395430514262543
681,6,41,C098,738,6,boundary,frontier_dependent_generator,dense,low,weak,low,short,high,high,6981590748908917781,6616568928586745602,795740835130662109,4706954383678141995,6674505446934923730
682,6,42,C015,655,6,boundary,frontier_dependent_generator,sparse,high,strong,high,short,low,low,7124344854555648500,8247327243604856620,5490414837683016201,7619386573495490006,4759078540785269790
683,6,43,C052,692,6,boundary,frontier_dependent_generator,dense,high,weak,low,long,high,low,7405760701375541392,3148519633844947581,29603950443229574,3206389821440164715,8609482195768421831
684,6,44,C124,764,6,boundary,frontier_dependent_generator,dense,high,weak,high,long,high,high,7672720871520530376,7045549521981779458,6294513462987418802,8130583391468355840,6274476936440451788
685,6,45,C117,757,6,boundary,frontier_dependent_generator,sparse,low,strong,low,long,high,high,7737061185960087042,6514177043395554063,1559111707861702450,8697553258202896953,6581136148689647806
686,6,46,C108,748,6,boundary,frontier_dependent_generator,dense,high,weak,high,short,high,high,7961638122047872044,6307935249052694464,2083496565927213458,2027686169585575599,2896394860721415700
687,6,47,C037,677,6,boundary,frontier_dependent_generator,sparse,low,strong,low,short,high,low,7978739683087411166,3568604543206140977,7882985349251042829,3334139517171853039,5177223420834629280
688,6,48,C032,672,6,boundary,frontier_dependent_generator,dense,high,strong,high,long,low,low,8183324000408797904,2683179375985644872,7906266359734623937,7970426238300288815,8812824427113682885
689,6,49,C010,650,6,boundary,frontier_dependent_generator,dense,low,weak,high,short,low,low,8259921327038540175,6090259176602503009,9130773183206810231,650789460514587872,575930098947451062
690,6,50,C077,717,6,boundary,frontier_dependent_generator,sparse,low,strong,high,short,low,high,8363588484503350033,3812915421656880336,7950782477669314325,4901372074546122737,8251531316828190021
691,6,51,C060,700,6,boundary,frontier_dependent_generator,dense,high,weak,high,long,high,low,8408932026069243679,8593332877915412735,8299266276057434774,4780131191374381979,4846357067460206587
692,6,52,C056,696,6,boundary,frontier_dependent_generator,dense,high,strong,low,long,high,low,8512786041603197175,7717628038402889840,2887846749258868317,4466607881578711435,7675793553465783672
693,6,53,C091,731,6,boundary,frontier_dependent_generator,sparse,high,weak,high,long,low,high,8515003624731151987,7151562024439604660,7144847448585949962,9190465842367024648,614536427035057498
694,6,54,C044,684,6,boundary,frontier_dependent_generator,dense,high,weak,high,short,high,low,8813503254227696677,4598721797947167302,8588633932820640367,443911619790480624,7616459653423498496
695,6,55,C100,740,6,boundary,frontier_dependent_generator,dense,high,weak,low,short,high,high,9360752101799576916,8090744298066185462,2906517073808270046,8979084223525730884,2125159631732920653
696,6,56,C038,678,6,boundary,frontier_dependent_generator,dense,low,strong,low,short,high,low,9600072883193213644,4289438239360901242,5853879500968630061,6316237076920829890,3891242282706631481
697,6,57,C099,739,6,boundary,frontier_dependent_generator,sparse,high,weak,low,short,high,high,9607279074219342348,4177999710675967221,6338165440766046151,3586084452433804374,8556464628923135802
698,6,58,C101,741,6,boundary,frontier_dependent_generator,sparse,low,strong,low,short,high,high,9671520878336574034,12595135416375393,7148930260468608391,3095042687950984993,1740015479429418529
699,6,59,C005,645,6,boundary,frontier_dependent_generator,sparse,low,strong,low,short,low,low,9920756285051000639,7824825515226617502,5102706875796589015,5592376593257895586,1341039645467776662
700,6,60,C053,693,6,boundary,frontier_dependent_generator,sparse,low,strong,low,long,high,low,9921448622660272594,4050354211889481170,8613298770325121638,6966790472978225145,288896457332487452
701,6,61,C102,742,6,boundary,frontier_dependent_generator,dense,low,strong,low,short,high,high,10148425363356373504,5076529502307297057,3739816915473168827,420139545870667228,8289331752609519556
702,6,62,C025,665,6,boundary,frontier_dependent_generator,sparse,low,weak,high,long,low,low,10207497557712728019,3586760758250945101,717702962589283180,4606351650840964386,7988314528314651940
703,6,63,C045,685,6,boundary,frontier_dependent_generator,sparse,low,strong,high,short,high,low,10216484119994702563,6179883149039385474,3378307935845833814,6992133449548035493,2063561847163066421
704,6,64,C113,753,6,boundary,frontier_dependent_generator,sparse,low,weak,low,long,high,high,10318845330259733775,2753866204732272196,3268505583685493424,1078443159267962014,3386705986415000027
705,6,65,C104,744,6,boundary,frontier_dependent_generator,dense,high,strong,low,short,high,high,10531090168450809277,4373681192410327391,5608537518357299535,3392828552049237443,8675210704392214528
706,6,66,C125,765,6,boundary,frontier_dependent_generator,sparse,low,strong,high,long,high,high,10537031727631737595,7416386806021872940,4774102562349752394,4961797962017102074,541659005477698204
707,6,67,C029,669,6,boundary,frontier_dependent_generator,sparse,low,strong,high,long,low,low,10545907059232634344,4838063736444572360,8774142202820066558,4653933463136010622,4563769411457057410
708,6,68,C013,653,6,boundary,frontier_dependent_generator,sparse,low,strong,high,short,low,low,11077368775568094115,7888515522826028158,3313285067773382289,5491942109172979715,6038895601940693129
709,6,69,C026,666,6,boundary,frontier_dependent_generator,dense,low,weak,high,long,low,low,11380164807446044686,685331642104612309,6665115550839879051,4511028108864509631,6606640220718896364
710,6,70,C123,763,6,boundary,frontier_dependent_generator,sparse,high,weak,high,long,high,high,11384121682376031167,2083687324189665803,3874475187055162474,936185407298891502,3146575978139504593
711,6,71,C095,735,6,boundary,frontier_dependent_generator,sparse,high,strong,high,long,low,high,11564605422659969380,1650370491024102969,2926790781239387081,611609145824311503,8902975403278502082
712,6,72,C074,714,6,boundary,frontier_dependent_generator,dense,low,weak,high,short,low,high,11677329236145405971,4393564099573424377,4675224971645808455,6015401833119240187,6704168028784735149
713,6,73,C105,745,6,boundary,frontier_dependent_generator,sparse,low,weak,high,short,high,high,11710780772648013265,805255800020559769,6492360897868575810,4215856347108240831,8773865166508244952
714,6,74,C023,663,6,boundary,frontier_dependent_generator,sparse,high,strong,low,long,low,low,11767354528101276387,3491393367832851399,4567010683386920270,8807960702678056288,3713591038773783011
715,6,75,C079,719,6,boundary,frontier_dependent_generator,sparse,high,strong,high,short,low,high,11846110408859977040,6873511821942458512,707655689350436066,7449028687172481875,6698039380279275905
716,6,76,C114,754,6,boundary,frontier_dependent_generator,dense,low,weak,low,long,high,high,12177104401997397995,8331602341577519117,7278613281326373775,1885221591137432266,3534045338672692475
717,6,77,C093,733,6,boundary,frontier_dependent_generator,sparse,low,strong,high,long,low,high,12600680498085343837,3751649264497556029,47526442899429010,3303153251272126053,4776238270435459014
718,6,78,C043,683,6,boundary,frontier_dependent_generator,sparse,high,weak,high,short,high,low,12750226813836990626,8535740625698113228,952136807285790699,3889075429484370543,2330911529495622280
719,6,79,C115,755,6,boundary,frontier_dependent_generator,sparse,high,weak,low,long,high,high,12773458395622895280,157159291323323023,9073794270706266826,1476694347739931931,2710297789389722186
720,6,80,C078,718,6,boundary,frontier_dependent_generator,dense,low,strong,high,short,low,high,12956273318967221908,1457816637435932791,5828808608096363930,3601951138135693212,3331958963337074869
721,6,81,C034,674,6,boundary,frontier_dependent_generator,dense,low,weak,low,short,high,low,13017277601687766261,2585004621434609575,1127816316037847929,1134577956095888391,2634862083118553854
722,6,82,C112,752,6,boundary,frontier_dependent_generator,dense,high,strong,high,short,high,high,13055059105952395063,5406906620371140722,2520283210815355360,3287628627595534632,7655935278124983143
723,6,83,C021,661,6,boundary,frontier_dependent_generator,sparse,low,strong,low,long,low,low,13513526541130506983,195557954997678347,7613326472059672558,1676405956126977624,8210996127106296056
724,6,84,C049,689,6,boundary,frontier_dependent_generator,sparse,low,weak,low,long,high,low,13587319959405224319,3101237371014565444,5577016057430425648,1668869964036264114,8420615772001777203
725,6,85,C002,642,6,boundary,frontier_dependent_generator,dense,low,weak,low,short,low,low,13746416888560375861,5038397300158142556,3968857039358099909,4836274608455225555,3306625356895500146
726,6,86,C128,768,6,boundary,frontier_dependent_generator,dense,high,strong,high,long,high,high,14031487354910399264,2561458803195525785,4397016470127305270,4625165473339099231,8150294640128082435
727,6,87,C090,730,6,boundary,frontier_dependent_generator,dense,low,weak,high,long,low,high,14100029232258895051,6064025861742821910,8776531709617763910,1307208412914607865,3274496784629615814
728,6,88,C036,676,6,boundary,frontier_dependent_generator,dense,high,weak,low,short,high,low,14159755207237303172,1219595370815165589,1743065400132824145,497920217781879327,7004506132099442890
729,6,89,C057,697,6,boundary,frontier_dependent_generator,sparse,low,weak,high,long,high,low,14171816420701016311,8370030395550454368,5218315356279902738,5079280565418779810,586307191631014219
730,6,90,C017,657,6,boundary,frontier_dependent_generator,sparse,low,weak,low,long,low,low,14179360443884823695,6753233944828697006,7415863405841498256,8915786197946775550,7281794199567269455
731,6,91,C070,710,6,boundary,frontier_dependent_generator,dense,low,strong,low,short,low,high,14216359617021274210,5539135773911556356,491892979115852589,8198148693924730429,1520540833343761602
732,6,92,C116,756,6,boundary,frontier_dependent_generator,dense,high,weak,low,long,high,high,14257205582526652562,6133614553280347194,6009538431969505227,7247140489584453911,8818157232561053100
733,6,93,C047,687,6,boundary,frontier_dependent_generator,sparse,high,strong,high,short,high,low,14376882364910944264,6076471582984500934,4213272001224255223,5739148768626583410,7085765822170678368
734,6,94,C018,658,6,boundary,frontier_dependent_generator,dense,low,weak,low,long,low,low,14384394867723981897,1573305122589272472,1258390459937556507,5517820565950776920,6589087527308278525
735,6,95,C050,690,6,boundary,frontier_dependent_generator,dense,low,weak,low,long,high,low,14387369346967773625,3103124076107287169,3998969538047669296,4333833052643184631,7672476575819564287
736,6,96,C118,758,6,boundary,frontier_dependent_generator,dense,low,strong,low,long,high,high,14408384913119542474,93739330874603229,6902379303053534017,5129198754635776829,5307251788344508561
737,6,97,C004,644,6,boundary,frontier_dependent_generator,dense,high,weak,low,short,low,low,14422609925170590616,3098148931242687396,1164330634450187037,7690949560877027718,8612047393789646256
738,6,98,C062,702,6,boundary,frontier_dependent_generator,dense,low,strong,high,long,high,low,14628872191571809944,115379038461768362,6430500856905624049,7370116173801914275,2895852772568259984
739,6,99,C094,734,6,boundary,frontier_dependent_generator,dense,low,strong,high,long,low,high,14785363102447184888,143274902455247094,2149842248479801108,7948437427100995027,7020562496673007877
740,6,100,C055,695,6,boundary,frontier_dependent_generator,sparse,high,strong,low,long,high,low,14862959123832751528,6592674654448569614,1320507083762566269,3582065125389411254,8495494840062327629
741,6,101,C022,662,6,boundary,frontier_dependent_generator,dense,low,strong,low,long,low,low,14931548080052521117,4580517200767514714,4454859585758197444,2865062516624323194,4326512812183062306
742,6,102,C088,728,6,boundary,frontier_dependent_generator,dense,high,strong,low,long,low,high,14966189679275826541,3589723581932686891,5249465261914746890,456197617825630961,3628042625706007089
743,6,103,C001,641,6,boundary,frontier_dependent_generator,sparse,low,weak,low,short,low,low,15042697241102005234,7264342025769283245,1956499810344278179,2179190094443046375,7604280301458546669
744,6,104,C065,705,6,boundary,frontier_dependent_generator,sparse,low,weak,low,short,low,high,15445780466109502607,1604432585018240039,6335942476497790613,6707445992024598188,893714765747058404
745,6,105,C107,747,6,boundary,frontier_dependent_generator,sparse,high,weak,high,short,high,high,15458663961096290997,1613750763857344629,6752067035576658172,3470566079900557490,125000294765144954
746,6,106,C120,760,6,boundary,frontier_dependent_generator,dense,high,strong,low,long,high,high,15626812385203383749,1626254675746440216,916513374261536936,4763753016452173933,6318379962024298129
747,6,107,C024,664,6,boundary,frontier_dependent_generator,dense,high,strong,low,long,low,low,15653958291251946067,8078949341309414383,4216103159635596928,2988521861424747491,184799104156756313
748,6,108,C014,654,6,boundary,frontier_dependent_generator,dense,low,strong,high,short,low,low,15770772777967982283,1047939338397486970,1242781157543197846,2835975977224925396,2428094575741435858
749,6,109,C080,720,6,boundary,frontier_dependent_generator,dense,high,strong,high,short,low,high,15803402657131083335,8768425287789693680,272420523878978776,282741380073786926,3418759646465469964
750,6,110,C048,688,6,boundary,frontier_dependent_generator,dense,high,strong,high,short,high,low,15847666109196787370,365241770010927769,8384515563176430259,739711846414351380,3444897667657946401
751,6,111,C082,722,6,boundary,frontier_dependent_generator,dense,low,weak,low,long,low,high,15942169281790066535,852207028587603368,4345309577819552592,7580063232011463665,6333909804847969568
752,6,112,C083,723,6,boundary,frontier_dependent_generator,sparse,high,weak,low,long,low,high,16086633150534197615,1954353334345276279,5975178862609899549,4503981862630156998,189669721049951916
753,6,113,C121,761,6,boundary,frontier_dependent_generator,sparse,low,weak,high,long,high,high,16176763892736675009,1828674182524493651,4088699182985611972,3308962923269994468,2093870317713736669
754,6,114,C035,675,6,boundary,frontier_dependent_generator,sparse,high,weak,low,short,high,low,16356187846790255338,7549948197328626443,2363453056907314280,3182263471931890384,1302683067275145070
755,6,115,C058,698,6,boundary,frontier_dependent_generator,dense,low,weak,high,long,high,low,16418187257133237660,4294390306204890321,8627008752374262260,6493945908705511350,3634757392073401755
756,6,116,C006,646,6,boundary,frontier_dependent_generator,dense,low,strong,low,short,low,low,16446076471808239298,2365514593129292896,476962865502841430,8742934795919290713,2863036251620185064
757,6,117,C007,647,6,boundary,frontier_dependent_generator,sparse,high,strong,low,short,low,low,16719687016375085886,4015507640656010285,1293502301538481242,761247978430170353,2150273887022063229
758,6,118,C084,724,6,boundary,frontier_dependent_generator,dense,high,weak,low,long,low,high,16916249335223163752,2396755471602946264,632855811697666446,728798055074816698,5386903617521145650
759,6,119,C073,713,6,boundary,frontier_dependent_generator,sparse,low,weak,high,short,low,high,17011469814341074465,6045702658959766987,2124504440537981301,5573269323405258992,2346506729769814339
760,6,120,C051,691,6,boundary,frontier_dependent_generator,sparse,high,weak,low,long,high,low,17303141667118811855,7762912373631987349,5862065051207569195,9206597744887695579,6409032979985138604
761,6,121,C059,699,6,boundary,frontier_dependent_generator,sparse,high,weak,high,long,high,low,17519145694720680862,2258654451219144000,1897684639622389578,3858924145521059713,9206287043718558153
762,6,122,C011,651,6,boundary,frontier_dependent_generator,sparse,high,weak,high,short,low,low,17523441319077154875,6583764204061616498,8388010607498523992,5066312507746644042,5318000465466511246
763,6,123,C039,679,6,boundary,frontier_dependent_generator,sparse,high,strong,low,short,high,low,17531944923100115953,7944060171283087611,5414844661258030874,3700008858003886018,735374859160091320
764,6,124,C046,686,6,boundary,frontier_dependent_generator,dense,low,strong,high,short,high,low,17571836698295216110,5923862415830952846,7746072309340472215,8249759651740075578,756754000843490539
765,6,125,C087,727,6,boundary,frontier_dependent_generator,sparse,high,strong,low,long,low,high,17686948068737912414,1506932377094479384,6045597528211509276,8080231591555431246,2097546790384646844
766,6,126,C054,694,6,boundary,frontier_dependent_generator,dense,low,strong,low,long,high,low,17906623396507771728,3898022920323512368,2692578958307678274,2622610593203884445,7689230890241752027
767,6,127,C111,751,6,boundary,frontier_dependent_generator,sparse,high,strong,high,short,high,high,18019252263944365382,2838835490104236261,2159936166346527535,8306865538157306363,1724611132466353155
768,6,128,C126,766,6,boundary,frontier_dependent_generator,dense,low,strong,high,long,high,high,18313851620500274962,6171553107703246805,8864249763544286885,3029978326117169017,2391730478430625081
769,7,1,C009,777,7,primitive_eligible,none,sparse,low,weak,high,short,low,low,257357148195557555,1138797741091533288,5800793716494050051,5493069683524612914,793447148473491583
770,7,2,C103,871,7,primitive_eligible,none,sparse,high,strong,low,short,high,high,334580480128545791,2546690215881963074,325074864231787983,8836923408567080717,7031226357624742213
771,7,3,C093,861,7,primitive_eligible,none,sparse,low,strong,high,long,low,high,425756138419276061,2294971528231209124,3326705085038548007,2547605177663513097,7570960841527964629
772,7,4,C095,863,7,primitive_eligible,none,sparse,high,strong,high,long,low,high,470357833555096682,3921458761421191051,1180204874595640777,2007961731125252945,6301440232456094133
773,7,5,C113,881,7,primitive_eligible,none,sparse,low,weak,low,long,high,high,718931876975025940,6907332049647431510,8405162171865337923,8035247146331626670,5572641709098962940
774,7,6,C065,833,7,primitive_eligible,none,sparse,low,weak,low,short,low,high,953408492358103227,2266769554239598064,5998987326037290624,7591921951132220141,5762630174810314627
775,7,7,C013,781,7,primitive_eligible,none,sparse,low,strong,high,short,low,low,1015954461912511191,5773282391823522260,1091085848797848336,3724464565980520467,8705198596827455859
776,7,8,C056,824,7,primitive_eligible,none,dense,high,strong,low,long,high,low,1362326067944616062,7674234497045607943,13567138345263527,8430075036183542940,2654487438594818531
777,7,9,C027,795,7,primitive_eligible,none,sparse,high,weak,high,long,low,low,1434886960887431033,8550218508276482983,8027500379174033728,2977667575286514749,3899991288893232369
778,7,10,C026,794,7,primitive_eligible,none,dense,low,weak,high,long,low,low,1554450367271202997,6848728645123668091,4851406797320207799,5438977257612484741,6703767725292745560
779,7,11,C040,808,7,primitive_eligible,none,dense,high,strong,low,short,high,low,1662730674149299755,6548594423458980822,6876082135504956604,4796273983467366532,7385760218744718443
780,7,12,C020,788,7,primitive_eligible,none,dense,high,weak,low,long,low,low,1701637465856810804,2074471248078018601,4636154331919567727,1580091714180218816,933572722936129954
781,7,13,C033,801,7,primitive_eligible,none,sparse,low,weak,low,short,high,low,1704713232856416414,8689519607762667038,6395373843553231397,5022972376166453712,3191137804425494661
782,7,14,C080,848,7,primitive_eligible,none,dense,high,strong,high,short,low,high,1779528533651201749,8921209672714438081,2829480952867480059,6887147897472130574,6260337028781627758
783,7,15,C076,844,7,primitive_eligible,none,dense,high,weak,high,short,low,high,1824930379122850944,6192834468478739298,2625855536702908391,1694293176757512339,8175828016191427650
784,7,16,C089,857,7,primitive_eligible,none,sparse,low,weak,high,long,low,high,2243484425389709413,8773530287713424913,6209315992056665422,1401366284550131739,619017715946550860
785,7,17,C043,811,7,primitive_eligible,none,sparse,high,weak,high,short,high,low,2306311713156709578,1777964794973715301,2661688695276589231,6161927197437737675,7329651248905929241
786,7,18,C041,809,7,primitive_eligible,none,sparse,low,weak,high,short,high,low,2396936372798780688,9029391960868800103,658748385913785958,5746187670817514562,7298383552544029234
787,7,19,C106,874,7,primitive_eligible,none,dense,low,weak,high,short,high,high,2510803912472936666,5477540459001310938,875189911532569814,7308664951209274846,5097146347556296236
788,7,20,C077,845,7,primitive_eligible,none,sparse,low,strong,high,short,low,high,2515492139069807731,6151325626304865880,2824467528572718437,6744056286606525867,7348509007769781474
789,7,21,C053,821,7,primitive_eligible,none,sparse,low,strong,low,long,high,low,2746369837471940986,8763942913729415247,4459937468107644362,2454718620666275672,6376679274690999300
790,7,22,C074,842,7,primitive_eligible,none,dense,low,weak,high,short,low,high,2765864849359043682,7867526815250780929,4709256076304563013,5935430344421368612,5606359329177515161
791,7,23,C086,854,7,primitive_eligible,none,dense,low,strong,low,long,low,high,2802353984676373669,7990220652320238753,1468963663124848809,5140004128791735793,2638234305350011126
792,7,24,C006,774,7,primitive_eligible,none,dense,low,strong,low,short,low,low,3184545140540179234,4385887635137382108,4726969546047602250,7157495202973945200,4881394871493587130
793,7,25,C052,820,7,primitive_eligible,none,dense,high,weak,low,long,high,low,3247887409612230666,3395100155984611541,1699549793154718596,3017589118107081195,2460448421524262731
794,7,26,C098,866,7,primitive_eligible,none,dense,low,weak,low,short,high,high,3327130166760334356,449811018673880309,3436656427371002670,8397056525000802517,5777212438035090544
795,7,27,C036,804,7,primitive_eligible,none,dense,high,weak,low,short,high,low,3390163229645394664,2088310127258523739,1451489691324390397,8039934037179420903,1794482138993792799
796,7,28,C108,876,7,primitive_eligible,none,dense,high,weak,high,short,high,high,3918249313699961994,4471843276086076248,1055146845673346294,1105830453945615205,3805063346140527820
797,7,29,C097,865,7,primitive_eligible,none,sparse,low,weak,low,short,high,high,4259717921269159692,4130823202981660294,8546801862525648768,5348827865594904738,307145353840458256
798,7,30,C039,807,7,primitive_eligible,none,sparse,high,strong,low,short,high,low,4261950565096121053,4135822475584410037,3342517332652181581,5944538280404910551,1113946536695489934
799,7,31,C030,798,7,primitive_eligible,none,dense,low,strong,high,long,low,low,4274178401162347132,3043759807557402507,6337598162686464428,8356726025512864176,255811374505498893
800,7,32,C126,894,7,primitive_eligible,none,dense,low,strong,high,long,high,high,4325541318121237319,3741154819113195968,8587656935462001919,7638610384463929477,2473683227580565877
801,7,33,C059,827,7,primitive_eligible,none,sparse,high,weak,high,long,high,low,4352029464856971275,2446615941098201362,5149031106801455400,8468566899337632791,4658303776109484086
802,7,34,C010,778,7,primitive_eligible,none,dense,low,weak,high,short,low,low,4574340423013883642,2003661820923231897,4132532810846544747,3554739939994921388,5205947747969013835
803,7,35,C051,819,7,primitive_eligible,none,sparse,high,weak,low,long,high,low,4805356443657102166,8893290207854621378,3014146216632572370,4230949771008177328,4054499477349412675
804,7,36,C127,895,7,primitive_eligible,none,sparse,high,strong,high,long,high,high,4821818693655188396,5412396225110508993,39344065601117599,4503648764613075285,2380787563725612355
805,7,37,C014,782,7,primitive_eligible,none,dense,low,strong,high,short,low,low,4897908200724939398,7168683004253273266,1914326611623358822,7289658135445579341,1420638645932813236
806,7,38,C004,772,7,primitive_eligible,none,dense,high,weak,low,short,low,low,5443757532338892391,4605567199064921791,1606542728380768023,6027944959906551746,1574636177604437466
807,7,39,C015,783,7,primitive_eligible,none,sparse,high,strong,high,short,low,low,5477150175308856900,6018370941993286327,9057653685046979744,8530717212175048258,5907933546326959048
808,7,40,C096,864,7,primitive_eligible,none,dense,high,strong,high,long,low,high,5563071486824879939,8947506131442798034,7277314548067707872,3192614150850620851,2125511522698035729
809,7,41,C128,896,7,primitive_eligible,none,dense,high,strong,high,long,high,high,5773609623331134137,3353432162889169016,2568726393650884313,4190451847546497864,3132111726041476730
810,7,42,C084,852,7,primitive_eligible,none,dense,high,weak,low,long,low,high,6001475399365215505,1407414072446344263,1201897313645288482,8248383850847528227,6134911363978125856
811,7,43,C028,796,7,primitive_eligible,none,dense,high,weak,high,long,low,low,6038298230844319757,8942701853372414826,5935816582426389117,7884611365395658633,7357054562176109391
812,7,44,C121,889,7,primitive_eligible,none,sparse,low,weak,high,long,high,high,6415655610160757879,29698161497329448,4853746893901204685,5721771518430000959,2954438233019764004
813,7,45,C117,885,7,primitive_eligible,none,sparse,low,strong,low,long,high,high,6795130865523786114,3629153649078092090,1217635580924462892,3221316588146270607,7426810322482057285
814,7,46,C083,851,7,primitive_eligible,none,sparse,high,weak,low,long,low,high,6815794630564087150,9106484205157087702,6866782909511604264,3727615204700536894,8412411494212139035
815,7,47,C055,823,7,primitive_eligible,none,sparse,high,strong,low,long,high,low,7087881931464467499,5611737624775774181,4938429063671243733,5319903309497571605,5150315412761141932
816,7,48,C107,875,7,primitive_eligible,none,sparse,high,weak,high,short,high,high,7243416170590050465,2367693553584412075,2497904683310935178,3607131951952191847,5890237446617981197
817,7,49,C067,835,7,primitive_eligible,none,sparse,high,weak,low,short,low,high,7260003746567024543,5291917754920608955,8923212943689213509,7271119533662713906,7919649776487007295
818,7,50,C094,862,7,primitive_eligible,none,dense,low,strong,high,long,low,high,7277044647298599586,990442135689476441,1620575276084445210,4046809453555834275,3851526839902645935
819,7,51,C002,770,7,primitive_eligible,none,dense,low,weak,low,short,low,low,7452458049170894733,1160491874887933429,6158443884637554345,7650756896480399610,7803667851263626152
820,7,52,C069,837,7,primitive_eligible,none,sparse,low,strong,low,short,low,high,7470459320639496330,549711533590413435,997109620145752741,2897148026440317139,7780027692892346591
821,7,53,C025,793,7,primitive_eligible,none,sparse,low,weak,high,long,low,low,7920814608603774591,8970308835774598714,8795546541598157479,5651258887733458182,7195852783185496353
822,7,54,C048,816,7,primitive_eligible,none,dense,high,strong,high,short,high,low,8028739327326675254,1452363551443874850,5692058642015480605,6507836788216268469,3906174991621199711
823,7,55,C038,806,7,primitive_eligible,none,dense,low,strong,low,short,high,low,8042976337950442536,4552711171938792676,4900052771853844556,7965170963480002334,3548263081463873115
824,7,56,C088,856,7,primitive_eligible,none,dense,high,strong,low,long,low,high,8283833329218003935,6476271748313741241,6771589290223124328,1209671496699312185,8275463096082202122
825,7,57,C049,817,7,primitive_eligible,none,sparse,low,weak,low,long,high,low,8336587392313026481,6522872539864642390,8252938199285018478,3316161727922103935,8498083987705275942
826,7,58,C100,868,7,primitive_eligible,none,dense,high,weak,low,short,high,high,8352064269003334592,2788252142601261492,1299275950673001832,7037317877323355307,7327522005471070806
827,7,59,C119,887,7,primitive_eligible,none,sparse,high,strong,low,long,high,high,8404447472473820616,3159854374255324312,33221917974934488,5124464189662406839,7209006749496211568
828,7,60,C115,883,7,primitive_eligible,none,sparse,high,weak,low,long,high,high,8661689506641750711,5245502521185445148,6221606483701993890,1955954990635473844,5261221978523307323
829,7,61,C057,825,7,primitive_eligible,none,sparse,low,weak,high,long,high,low,8929784267350846873,4878543884457635389,5058998431566384940,8131669308973504924,3366064550699459352
830,7,62,C011,779,7,primitive_eligible,none,sparse,high,weak,high,short,low,low,8955510122713869915,5255298776901161073,4240777771693324349,2672999672353094409,9032826847016552835
831,7,63,C063,831,7,primitive_eligible,none,sparse,high,strong,high,long,high,low,9184953822177247699,6269685872280451885,5950185549539196114,627881902528125567,8361809330209198687
832,7,64,C101,869,7,primitive_eligible,none,sparse,low,strong,low,short,high,high,9314560609603661025,8427399936851388925,5235904090014275084,4174091033999375522,7094377487050432076
833,7,65,C099,867,7,primitive_eligible,none,sparse,high,weak,low,short,high,high,9357068212948879527,5791984039850835175,1981407400869161139,5527984249056501472,8071258220786715016
834,7,66,C007,775,7,primitive_eligible,none,sparse,high,strong,low,short,low,low,9720872906459245319,6031311893262460534,1340969566412306041,4649853509093317191,6365593249947734724
835,7,67,C116,884,7,primitive_eligible,none,dense,high,weak,low,long,high,high,9731505934977635003,4476778630584919925,8566104135254802711,2666907105970540978,5068348513834009230
836,7,68,C022,790,7,primitive_eligible,none,dense,low,strong,low,long,low,low,9842434742189190843,768049840318873970,1711141340309123878,672998145789441652,1693943511993504261
837,7,69,C092,860,7,primitive_eligible,none,dense,high,weak,high,long,low,high,10188092451158734452,6914350975881169082,4379373972592060294,149388781460992957,2414390038555882624
838,7,70,C087,855,7,primitive_eligible,none,sparse,high,strong,low,long,low,high,10286984736202976592,4105333339482849308,5788092070897121566,2996359321081465321,6814375395686415978
839,7,71,C066,834,7,primitive_eligible,none,dense,low,weak,low,short,low,high,10424709921329756514,1931064584124966967,7013411104712936660,1080106244863375842,233695862416220188
840,7,72,C024,792,7,primitive_eligible,none,dense,high,strong,low,long,low,low,10432467349341607456,3444706986448346083,6343508186290963986,4950292442205934468,708261705222576943
841,7,73,C019,787,7,primitive_eligible,none,sparse,high,weak,low,long,low,low,10618253178847365809,6040113950230373831,723786509897133206,5253766076848430884,654241303471205532
842,7,74,C016,784,7,primitive_eligible,none,dense,high,strong,high,short,low,low,10629635301645053993,3074272604964661813,640390975803349993,2484021398706008222,6950062958937719902
843,7,75,C109,877,7,primitive_eligible,none,sparse,low,strong,high,short,high,high,10641532204407527110,6963820827137099763,8203180835377006206,5962133682864206014,1852563520937698965
844,7,76,C017,785,7,primitive_eligible,none,sparse,low,weak,low,long,low,low,10688227442921290712,1142083951367246766,62355306801551031,7489168770532023144,5604159057105513749
845,7,77,C079,847,7,primitive_eligible,none,sparse,high,strong,high,short,low,high,10712753147275680096,2646447266497915,885069103478070309,5669319210148940332,2139103114155982126
846,7,78,C021,789,7,primitive_eligible,none,sparse,low,strong,low,long,low,low,10807465671017407056,5838070422537689737,6450096969350254178,5250391606132180397,816864494576558599
847,7,79,C064,832,7,primitive_eligible,none,dense,high,strong,high,long,high,low,10945435322230919284,6109733887738715494,5963462875211258546,1383428441449789761,105907460908765584
848,7,80,C001,769,7,primitive_eligible,none,sparse,low,weak,low,short,low,low,10946617607722178943,5276028979723124288,3973850860586778431,8993085873371169204,5824744171436191455
849,7,81,C062,830,7,primitive_eligible,none,dense,low,strong,high,long,high,low,11094751998115391075,3197704765225730006,6376449585336953346,5834399944071593115,7677084583451888311
850,7,82,C018,786,7,primitive_eligible,none,dense,low,weak,low,long,low,low,11367924348009248252,5251249218072480117,6759750299611367053,2386997875517434513,2956431934303624103
851,7,83,C029,797,7,primitive_eligible,none,sparse,low,strong,high,long,low,low,11457395793411066266,5785640285096127502,5405472077452550263,2090076572439895305,1324797397624751003
852,7,84,C054,822,7,primitive_eligible,none,dense,low,strong,low,long,high,low,11693794945991089358,4632717913288006929,71533723137039847,2700155187780217883,8212344797730086710
853,7,85,C072,840,7,primitive_eligible,none,dense,high,strong,low,short,low,high,11799267001264647224,7812914450700947108,164392108607564267,4234661707630120563,662830417616128510
854,7,86,C012,780,7,primitive_eligible,none,dense,high,weak,high,short,low,low,11803933217212665599,2735595646478612362,7568498177220112775,5089193210852085718,8780910160834540508
855,7,87,C104,872,7,primitive_eligible,none,dense,high,strong,low,short,high,high,12055939649000333248,3835447888324850024,7075179042291854250,933171358806366149,221382798140080318
856,7,88,C047,815,7,primitive_eligible,none,sparse,high,strong,high,short,high,low,12158690625215472451,519665511445175237,884264131459810744,4671341304348366981,6933004680907672305
857,7,89,C035,803,7,primitive_eligible,none,sparse,high,weak,low,short,high,low,12219465147438874074,4200644777491149989,2175930525207092475,4747992718855121583,7485018867851425095
858,7,90,C120,888,7,primitive_eligible,none,dense,high,strong,low,long,high,high,12223004558840107070,7736210138670585347,5407054988270918538,3843959304123524496,8619003038968231498
859,7,91,C123,891,7,primitive_eligible,none,sparse,high,weak,high,long,high,high,12293034894514716244,2149862737220266110,2326734028642862095,4854028714970459449,1181132263549403104
860,7,92,C058,826,7,primitive_eligible,none,dense,low,weak,high,long,high,low,12324567665052953991,5101906928089184256,4916987577854067118,7407377007524412999,1332736685256236108
861,7,93,C005,773,7,primitive_eligible,none,sparse,low,strong,low,short,low,low,12385185042489006888,7515101374869071347,4453948286699229484,6329085199232724090,5734934973273867341
862,7,94,C023,791,7,primitive_eligible,none,sparse,high,strong,low,long,low,low,12815025998056080416,8617102268696561189,748713403742863118,1322351778215659326,6751603953001365190
863,7,95,C061,829,7,primitive_eligible,none,sparse,low,strong,high,long,high,low,12959790346357565242,968951127333791960,6913995425539637062,1992384654475161790,9033085698185992074
864,7,96,C122,890,7,primitive_eligible,none,dense,low,weak,high,long,high,high,12963361153476434310,2748248467566177190,948761723705271414,506577296079912264,8005830657525254485
865,7,97,C105,873,7,primitive_eligible,none,sparse,low,weak,high,short,high,high,13016399157470997786,2143585309172494486,4734994913454196422,1489277342571526243,5876563851020621658
866,7,98,C081,849,7,primitive_eligible,none,sparse,low,weak,low,long,low,high,13238445066698301814,276284875014857277,6004589471254475295,4005890848095995242,4074719481203946207
867,7,99,C050,818,7,primitive_eligible,none,dense,low,weak,low,long,high,low,13441956965461367688,3125963716393893097,3141040891704768349,7834677985649722048,7073164827430361417
868,7,100,C102,870,7,primitive_eligible,none,dense,low,strong,low,short,high,high,13887860783757938234,3224015794235513577,4488094659202578728,8892303083585165746,6588211638722096396
869,7,101,C111,879,7,primitive_eligible,none,sparse,high,strong,high,short,high,high,13957831529385427805,3186847987119388551,5709549349229592278,1692673002343329150,8695449344826033693
870,7,102,C046,814,7,primitive_eligible,none,dense,low,strong,high,short,high,low,14041520086097047329,738441821891482285,7881133902215199376,4079868603088751681,546276189234241519
871,7,103,C071,839,7,primitive_eligible,none,sparse,high,strong,low,short,low,high,14074446516552283410,6925556134224372781,5056011498362622698,7761507358000845531,775879813212790536
872,7,104,C090,858,7,primitive_eligible,none,dense,low,weak,high,long,low,high,14202167958014041953,4023695899317394132,3406076173296104241,373946403226529267,7874869829461243320
873,7,105,C060,828,7,primitive_eligible,none,dense,high,weak,high,long,high,low,14295510279476782491,6063804062142682256,2108596864380508179,4360411435304524798,5610932861012382513
874,7,106,C078,846,7,primitive_eligible,none,dense,low,strong,high,short,low,high,14468157802802703018,1421151388521715654,3232684263168227434,7466439290235790904,6087112961779975972
875,7,107,C118,886,7,primitive_eligible,none,dense,low,strong,low,long,high,high,14592276341131738807,2580279667028346425,3828375467867782463,2755920993648181536,5398992463419888315
876,7,108,C075,843,7,primitive_eligible,none,sparse,high,weak,high,short,low,high,15175667993551995031,4732070840704499125,2263511642160132441,3894653987322762690,3393502667029469203
877,7,109,C034,802,7,primitive_eligible,none,dense,low,weak,low,short,high,low,15331181953410293744,378640040896387536,1110799535824778355,3029913772735106375,174260392362232486
878,7,110,C042,810,7,primitive_eligible,none,dense,low,weak,high,short,high,low,15479155076824604514,3040377778896311255,3125550920350248797,1402022229226191451,5078778826958418696
879,7,111,C112,880,7,primitive_eligible,none,dense,high,strong,high,short,high,high,15584957167060103984,7438818834681354873,6935679675927364316,7852676715223905938,4918928958431386408
880,7,112,C003,771,7,primitive_eligible,none,sparse,high,weak,low,short,low,low,15597589352753794650,191469238578694854,888118776358513629,66950491770402134,5555625807415802333
881,7,113,C091,859,7,primitive_eligible,none,sparse,high,weak,high,long,low,high,16218914319414865100,4148665761997363858,9057151810883981734,5468736731006216030,5257361701598359531
882,7,114,C114,882,7,primitive_eligible,none,dense,low,weak,low,long,high,high,16250519428761208360,2438733032888007111,2292132482986841279,3774299911030606964,3256227209630785429
883,7,115,C124,892,7,primitive_eligible,none,dense,high,weak,high,long,high,high,16318621159794733660,3347514344563864503,1126707385510903796,8579075232017847325,7078949079938954913
884,7,116,C008,776,7,primitive_eligible,none,dense,high,strong,low,short,low,low,16438724745741724067,6752847308774588100,6277092035377803357,7331711242475604524,7083377832536473797
885,7,117,C110,878,7,primitive_eligible,none,dense,low,strong,high,short,high,high,16497156219658321031,6432011859412700912,8653632200293323017,5447655850278261470,4322260857948247298
886,7,118,C068,836,7,primitive_eligible,none,dense,high,weak,low,short,low,high,16509346116475518605,1688289781150490988,1448957117977106588,171601966728766378,2211339405014949069
887,7,119,C085,853,7,primitive_eligible,none,sparse,low,strong,low,long,low,high,16835901252188785220,1344214833170944094,837952389574690370,8648163631246797985,1242978621920276576
888,7,120,C070,838,7,primitive_eligible,none,dense,low,strong,low,short,low,high,16984199851489998929,9009010537741050006,2550955231372817365,4662945904610777278,2862408967834085270
889,7,121,C037,805,7,primitive_eligible,none,sparse,low,strong,low,short,high,low,17146961872203772728,7414759207678147702,6800753020278621580,481068849292468683,8423332839004689476
890,7,122,C045,813,7,primitive_eligible,none,sparse,low,strong,high,short,high,low,17296157166598097078,942133480251061708,7172968196279381726,3384436206903121433,889947346418441485
891,7,123,C125,893,7,primitive_eligible,none,sparse,low,strong,high,long,high,high,17461000549900373036,7467977706436187709,6860919969699171992,3144071202860700081,4192257885115326229
892,7,124,C082,850,7,primitive_eligible,none,dense,low,weak,low,long,low,high,17495293258596372175,2671991505420444261,4816390459728564389,343414389267379832,1203294245359367432
893,7,125,C031,799,7,primitive_eligible,none,sparse,high,strong,high,long,low,low,17633977392545904354,8960699244955163920,580911914308761354,6538989825742803633,7609252283195708521
894,7,126,C073,841,7,primitive_eligible,none,sparse,low,weak,high,short,low,high,17808338198739625454,3377147231577649870,7024116595194640593,2213458809999327410,4351587373276894220
895,7,127,C044,812,7,primitive_eligible,none,dense,high,weak,high,short,high,low,17936677514154335001,5949761315139758736,756654414894218895,8148638803568791027,2017135550171663690
896,7,128,C032,800,7,primitive_eligible,none,dense,high,strong,high,long,low,low,18381725455013881115,2038080974336598847,6047792975292864557,2405095162001727951,1134831744269264483
897,8,1,C106,1002,8,boundary,positive_poor_exposure,dense,low,weak,high,short,high,high,4187174108366293,3295769702314188818,6400412246477776961,6675301629186265387,1166346046992956988
898,8,2,C070,966,8,boundary,positive_poor_exposure,dense,low,strong,low,short,low,high,103314289481653448,175877051775078965,7762540185166077748,1581759445713495962,923000923216787142
899,8,3,C009,905,8,boundary,positive_poor_exposure,sparse,low,weak,high,short,low,low,103762183809858873,1162089382328581235,6842872476558554422,8432282396881339000,6325518036818363009
900,8,4,C031,927,8,boundary,positive_poor_exposure,sparse,high,strong,high,long,low,low,108539874685861165,3203649096642248292,7988738924466513790,2205924153122756060,4973431885277517442
901,8,5,C035,931,8,boundary,positive_poor_exposure,sparse,high,weak,low,short,high,low,147732593253170744,7776794749387279382,6156190010490631771,5690049853369612378,2959013515983086316
902,8,6,C113,1009,8,boundary,positive_poor_exposure,sparse,low,weak,low,long,high,high,615643110522490212,2662650035742029872,4040831477854606338,777209304929982139,1180070988477127958
903,8,7,C090,986,8,boundary,positive_poor_exposure,dense,low,weak,high,long,low,high,656023618538318876,5739625509537029189,834752818402139758,8407104055596017687,1777374789667711390
904,8,8,C003,899,8,boundary,positive_poor_exposure,sparse,high,weak,low,short,low,low,685446766014572237,1296435535712205863,4760837470191370094,5161704690742313856,1817386135534772850
905,8,9,C081,977,8,boundary,positive_poor_exposure,sparse,low,weak,low,long,low,high,730213029737387208,4248465351322605713,8630331033624678519,361122356238121736,3235522436192693389
906,8,10,C072,968,8,boundary,positive_poor_exposure,dense,high,strong,low,short,low,high,907021683918323288,7308103339921894860,9033284114868857455,33698057074953025,7738972509616199330
907,8,11,C075,971,8,boundary,positive_poor_exposure,sparse,high,weak,high,short,low,high,1061631994776000138,8958670229818829994,9072401354078510440,1468614495517308289,7158255805446787305
908,8,12,C118,1014,8,boundary,positive_poor_exposure,dense,low,strong,low,long,high,high,1104922677743197844,6364697590857930567,8041713383106888730,5395705353814934724,4583042380738895461
909,8,13,C091,987,8,boundary,positive_poor_exposure,sparse,high,weak,high,long,low,high,1422127502812882385,4575645660211007782,3575737522874381889,7835334673886603968,3406547837272788424
910,8,14,C100,996,8,boundary,positive_poor_exposure,dense,high,weak,low,short,high,high,1564201534210588448,6973738609404880292,5105418416666887793,859804662647269797,7779393693168091755
911,8,15,C099,995,8,boundary,positive_poor_exposure,sparse,high,weak,low,short,high,high,2097947392526969533,2046666453481405613,8492623668858888531,6563608548701835020,8645625816069617587
912,8,16,C043,939,8,boundary,positive_poor_exposure,sparse,high,weak,high,short,high,low,2311138930199379431,2799323853498378491,6809306907084660182,4777379192650044769,3685141763047876262
913,8,17,C005,901,8,boundary,positive_poor_exposure,sparse,low,strong,low,short,low,low,2471545653363692022,2227642884272432951,2803472041766487258,3909733500945280914,5846212575966446156
914,8,18,C078,974,8,boundary,positive_poor_exposure,dense,low,strong,high,short,low,high,2524307050207111518,1649252857731300128,3351156698984214417,8577047238179392494,3325345370277849161
915,8,19,C068,964,8,boundary,positive_poor_exposure,dense,high,weak,low,short,low,high,2565099533188326006,402735869845534875,6320367754006270596,3123103816020880296,5913749585615293078
916,8,20,C024,920,8,boundary,positive_poor_exposure,dense,high,strong,low,long,low,low,2984986738385655361,4851298419317872374,3227952554090485886,2946450889774029374,7817000950972999590
917,8,21,C104,1000,8,boundary,positive_poor_exposure,dense,high,strong,low,short,high,high,3068842301651663792,653113543473447408,5341627883734137605,4493639159582415962,998390452687871733
918,8,22,C120,1016,8,boundary,positive_poor_exposure,dense,high,strong,low,long,high,high,3816171881171205868,951621944192689211,2821913840404716756,1223482632050816859,815191626660756659
919,8,23,C117,1013,8,boundary,positive_poor_exposure,sparse,low,strong,low,long,high,high,4000172194125532394,1764014583246594839,5453483565777525686,1461635690742791535,1649065758191971742
920,8,24,C083,979,8,boundary,positive_poor_exposure,sparse,high,weak,low,long,low,high,4144332633907022545,617117253473034262,540052192351656986,1178887868845398808,4121151836303477770
921,8,25,C125,1021,8,boundary,positive_poor_exposure,sparse,low,strong,high,long,high,high,4256015145635121691,92056254296183019,1851969166620174856,3034127614550955543,5649117217428953140
922,8,26,C105,1001,8,boundary,positive_poor_exposure,sparse,low,weak,high,short,high,high,4260210082132701242,4922549703966526660,743121625113758399,2106512945271776009,5945771245606364024
923,8,27,C123,1019,8,boundary,positive_poor_exposure,sparse,high,weak,high,long,high,high,4430574466230913783,7939651455784558065,9008657887454484515,7839862707580616440,3341580604738581215
924,8,28,C011,907,8,boundary,positive_poor_exposure,sparse,high,weak,high,short,low,low,4511801119349494582,188071245905146328,2571516108093134955,7114228186518667570,278877669411987349
925,8,29,C082,978,8,boundary,positive_poor_exposure,dense,low,weak,low,long,low,high,4643837645972092422,292370370596165837,1655914947966789457,5729577249745587627,937191221242509833
926,8,30,C077,973,8,boundary,positive_poor_exposure,sparse,low,strong,high,short,low,high,4818341035254469102,8986815433586406507,2927349962712292102,6501015705207925489,375958151941734488
927,8,31,C036,932,8,boundary,positive_poor_exposure,dense,high,weak,low,short,high,low,4940793411234678211,343148877442204154,6434506434787421481,1439597376127957050,5570787497055063543
928,8,32,C102,998,8,boundary,positive_poor_exposure,dense,low,strong,low,short,high,high,4962826630338102478,3022423712629839484,7214763016183431380,3707516178876919135,833581991260874738
929,8,33,C069,965,8,boundary,positive_poor_exposure,sparse,low,strong,low,short,low,high,5087350075114953172,7032939170257668654,7265399674222902821,3796222917114682682,695640926285600218
930,8,34,C094,990,8,boundary,positive_poor_exposure,dense,low,strong,high,long,low,high,5855405740279024529,1508226188179184840,7662400285053848903,1932828006982464787,2310301199046383166
931,8,35,C048,944,8,boundary,positive_poor_exposure,dense,high,strong,high,short,high,low,5930700521274598857,6970433575050954142,2025976414894496676,7491381508403131776,8724344893919288504
932,8,36,C002,898,8,boundary,positive_poor_exposure,dense,low,weak,low,short,low,low,6209350270212922634,6388272497954443022,3012705466460748897,6593294468173126130,7838906905877482731
933,8,37,C033,929,8,boundary,positive_poor_exposure,sparse,low,weak,low,short,high,low,6273406534956983764,8675842237905434903,6845642636423343037,8895548322741738416,8742089529540965674
934,8,38,C086,982,8,boundary,positive_poor_exposure,dense,low,strong,low,long,low,high,6592848338392101345,8114236187919335409,8318338774644714676,6086421060278479634,8234188899805838141
935,8,39,C012,908,8,boundary,positive_poor_exposure,dense,high,weak,high,short,low,low,6793190701019403531,7018093549833392835,1118077829017352139,801266699084855959,1855589860176701968
936,8,40,C079,975,8,boundary,positive_poor_exposure,sparse,high,strong,high,short,low,high,6985898650502518533,5190448105769775732,7062210979684232091,507195463065546902,4772954032249214730
937,8,41,C103,999,8,boundary,positive_poor_exposure,sparse,high,strong,low,short,high,high,7229617515270923410,2282651624924405965,288939489680342160,7846886295278484401,3860579061960338845
938,8,42,C045,941,8,boundary,positive_poor_exposure,sparse,low,strong,high,short,high,low,7332249480181366698,7554862889769237666,2306092349626103998,3217877868105667239,8871855404343109783
939,8,43,C067,963,8,boundary,positive_poor_exposure,sparse,high,weak,low,short,low,high,7369737884982866968,569851136491469562,4749498759783907271,5275996317157254673,4204725791652815840
940,8,44,C047,943,8,boundary,positive_poor_exposure,sparse,high,strong,high,short,high,low,7377591650568201112,4478616120365268324,3556633308641967707,5506753686527394095,8740938149878524372
941,8,45,C059,955,8,boundary,positive_poor_exposure,sparse,high,weak,high,long,high,low,7400958395728293037,2318218085678073328,1389493068204107305,7326319249368664035,6701749896405728845
942,8,46,C063,959,8,boundary,positive_poor_exposure,sparse,high,strong,high,long,high,low,7579615202583308678,8593753937183601818,4924679979541678914,8177143767821315061,1386651135419409519
943,8,47,C085,981,8,boundary,positive_poor_exposure,sparse,low,strong,low,long,low,high,7629982040796211769,8024046263957829917,3768085530481220903,1085945382674807954,8948020221448764255
944,8,48,C071,967,8,boundary,positive_poor_exposure,sparse,high,strong,low,short,low,high,7655412631564612948,4280962539013029778,3297308889233206678,5712804389158502720,2387444032487246372
945,8,49,C053,949,8,boundary,positive_poor_exposure,sparse,low,strong,low,long,high,low,7773510976791108500,4518289618137665761,8411834949895792966,2879417804748581306,2405393936493903842
946,8,50,C127,1023,8,boundary,positive_poor_exposure,sparse,high,strong,high,long,high,high,7775661563428724084,3571528566958709782,7184719959165428192,3976879128520218038,5978879920563505753
947,8,51,C015,911,8,boundary,positive_poor_exposure,sparse,high,strong,high,short,low,low,7886909393136860240,8506497520567866212,3304515625860503046,7102246087893777207,6011152120507947555
948,8,52,C018,914,8,boundary,positive_poor_exposure,dense,low,weak,low,long,low,low,8048043589013976012,5580866550276192803,5205583772282782006,2747761232470172430,3238110978474163069
949,8,53,C095,991,8,boundary,positive_poor_exposure,sparse,high,strong,high,long,low,high,8095495876094176751,1129918267591798523,4678413892920287471,1215236982181724290,8521906987595018462
950,8,54,C089,985,8,boundary,positive_poor_exposure,sparse,low,weak,high,long,low,high,8391866176909799795,7187526349391018963,2074401960715688596,2522889515730247631,5919149772796498692
951,8,55,C087,983,8,boundary,positive_poor_exposure,sparse,high,strong,low,long,low,high,8624587523266040210,6878048264312137224,5133992196749075872,4280989729403919037,8299724449349293535
952,8,56,C107,1003,8,boundary,positive_poor_exposure,sparse,high,weak,high,short,high,high,8810762758455192406,8784823179861395764,6243237736750547189,7382120082764185960,2952671527399319993
953,8,57,C066,962,8,boundary,positive_poor_exposure,dense,low,weak,low,short,low,high,9049972923619479006,8522520945640504959,1298439270664647963,6174036212815674017,3523546949731109289
954,8,58,C038,934,8,boundary,positive_poor_exposure,dense,low,strong,low,short,high,low,9263966227519196478,8673152696905336117,2761181789402681941,3797766417830058,8661062153331479164
955,8,59,C044,940,8,boundary,positive_poor_exposure,dense,high,weak,high,short,high,low,9268352797919943312,8454668264981760332,1078099094742054346,4221536112807240751,4695434010657222993
956,8,60,C084,980,8,boundary,positive_poor_exposure,dense,high,weak,low,long,low,high,9507752094588905695,945510517108571543,6977690772010822315,3763641440297008080,7899885623164340229
957,8,61,C019,915,8,boundary,positive_poor_exposure,sparse,high,weak,low,long,low,low,9671683299094652794,4898127079610376799,643299495093118041,1050523113812863133,5416697191214017402
958,8,62,C080,976,8,boundary,positive_poor_exposure,dense,high,strong,high,short,low,high,9994111228147018171,704921419116504237,2512692478256614000,4191108055210601703,7338960204519125395
959,8,63,C014,910,8,boundary,positive_poor_exposure,dense,low,strong,high,short,low,low,10190303853325323037,76775674549192097,7526632493440085518,1084464237228283817,2234251635798585628
960,8,64,C112,1008,8,boundary,positive_poor_exposure,dense,high,strong,high,short,high,high,10280382432623984640,4540964818981619668,3543279355213398586,4451676518178658097,5235690941610466646
961,8,65,C093,989,8,boundary,positive_poor_exposure,sparse,low,strong,high,long,low,high,10332279445324432268,2817159875401542341,7063843476785857175,9045284611928577181,3826354525748118964
962,8,66,C055,951,8,boundary,positive_poor_exposure,sparse,high,strong,low,long,high,low,10975600209168471553,4768257114628560699,4399176789103026048,8815753962626091498,3637853949405908492
963,8,67,C029,925,8,boundary,positive_poor_exposure,sparse,low,strong,high,long,low,low,11122927499283557543,475701208739405812,4324021760237273967,2571969843588823702,5940331785452538054
964,8,68,C128,1024,8,boundary,positive_poor_exposure,dense,high,strong,high,long,high,high,11228114511819870131,6434090166436800146,2683601503501821840,9094837145921136851,1061872964216115994
965,8,69,C073,969,8,boundary,positive_poor_exposure,sparse,low,weak,high,short,low,high,11239457174511225924,2023743330305034061,3183331647750063630,9173015506391719819,1109431910557911049
966,8,70,C116,1012,8,boundary,positive_poor_exposure,dense,high,weak,low,long,high,high,11245725621651305448,7159170599458373513,183723267208055956,4164773194128569671,7630249720737535627
967,8,71,C028,924,8,boundary,positive_poor_exposure,dense,high,weak,high,long,low,low,11385827346639881872,9143645686996223072,6070342781711843698,6889190399847695567,1766491084321906570
968,8,72,C060,956,8,boundary,positive_poor_exposure,dense,high,weak,high,long,high,low,11441220830843735068,8262409385938509790,145636783527882481,282524866180754809,7141457459429178475
969,8,73,C008,904,8,boundary,positive_poor_exposure,dense,high,strong,low,short,low,low,11604210069794013200,180084506095841586,1957142778063956236,2996360589371518407,5613189885899939491
970,8,74,C054,950,8,boundary,positive_poor_exposure,dense,low,strong,low,long,high,low,11932840138019733336,4386499933233761264,9070218893764881524,3175617098846905326,8365175484697333252
971,8,75,C034,930,8,boundary,positive_poor_exposure,dense,low,weak,low,short,high,low,11958865137878898660,1058103725229106422,5208091254233717786,1825083812814516259,6859619079940035386
972,8,76,C001,897,8,boundary,positive_poor_exposure,sparse,low,weak,low,short,low,low,12001893242172277527,267858486329524972,6339240761310378886,285570544920387101,6875544220068426023
973,8,77,C057,953,8,boundary,positive_poor_exposure,sparse,low,weak,high,long,high,low,12318263644168134256,4772310737733651373,2277053603086529308,1003240618744370773,3596446665830765645
974,8,78,C056,952,8,boundary,positive_poor_exposure,dense,high,strong,low,long,high,low,12555774135563055803,8580456151639483625,2861669005220897350,3716258025763120567,3227924332579653910
975,8,79,C032,928,8,boundary,positive_poor_exposure,dense,high,strong,high,long,low,low,12657063203638368725,3716895248376131735,6391895009637314907,6806302434599644693,5213427493073702182
976,8,80,C046,942,8,boundary,positive_poor_exposure,dense,low,strong,high,short,high,low,13141334950543969510,5136019158162631691,3802406248721419068,8170524490383731671,3074748696974933795
977,8,81,C119,1015,8,boundary,positive_poor_exposure,sparse,high,strong,low,long,high,high,13170441129093669946,107234291623731093,5136780597952623395,240962121438028600,381762951165139813
978,8,82,C026,922,8,boundary,positive_poor_exposure,dense,low,weak,high,long,low,low,13173301959584672981,3053410565339144062,5844863459171481525,6876695433153690571,147288303130042844
979,8,83,C022,918,8,boundary,positive_poor_exposure,dense,low,strong,low,long,low,low,13178374427844040606,2533089179521434625,524943587223613206,930478079626198977,1149681727314309402
980,8,84,C126,1022,8,boundary,positive_poor_exposure,dense,low,strong,high,long,high,high,13345303229084717985,3109361507631363043,6499411620069754021,4209762442884322127,1054078025239457420
981,8,85,C101,997,8,boundary,positive_poor_exposure,sparse,low,strong,low,short,high,high,13406808585479612563,2787955319882259730,1945556883268815360,261524473453705889,5938750284473717485
982,8,86,C111,1007,8,boundary,positive_poor_exposure,sparse,high,strong,high,short,high,high,13632024026359143915,6843147404280564316,8537394697583048052,7926340044024468374,3406665994748558761
983,8,87,C064,960,8,boundary,positive_poor_exposure,dense,high,strong,high,long,high,low,13893378227777387804,2298147771778420586,569380827308829066,8055924147251548051,7015851425264236829
984,8,88,C052,948,8,boundary,positive_poor_exposure,dense,high,weak,low,long,high,low,14041803891892876687,8611214347780968303,1796299344275000620,2848303153033700132,7123394354668668702
985,8,89,C121,1017,8,boundary,positive_poor_exposure,sparse,low,weak,high,long,high,high,14046778253010241424,4128951640303622008,2903147014112636336,1197334456170694138,6575506785686396313
986,8,90,C041,937,8,boundary,positive_poor_exposure,sparse,low,weak,high,short,high,low,14238437057467449202,4806560167577561001,5098514062896555261,4183115100322172903,2673898124017947432
987,8,91,C065,961,8,boundary,positive_poor_exposure,sparse,low,weak,low,short,low,high,14428972192200412299,5877609716256148173,731340747828807510,2452016117129618096,104580205789925003
988,8,92,C062,958,8,boundary,positive_poor_exposure,dense,low,strong,high,long,high,low,14456432216376823127,2678150396518876973,4652615289857999020,5631515092223192521,6839362529441188993
989,8,93,C030,926,8,boundary,positive_poor_exposure,dense,low,strong,high,long,low,low,14555096554068068702,2881476130583747755,5028657712910089714,2485150057928607867,1412368655954307464
990,8,94,C076,972,8,boundary,positive_poor_exposure,dense,high,weak,high,short,low,high,14772590649618729158,1141374858275681338,5498144861410127329,6966139102092272886,3132625114204425415
991,8,95,C025,921,8,boundary,positive_poor_exposure,sparse,low,weak,high,long,low,low,14916156793593948754,5623986730042533548,3401534811538713172,5517232613783728460,4201787525225322855
992,8,96,C004,900,8,boundary,positive_poor_exposure,dense,high,weak,low,short,low,low,14936735633555748005,5864713691187729127,4858330591480567764,5425305208327670121,2240863140693956060
993,8,97,C049,945,8,boundary,positive_poor_exposure,sparse,low,weak,low,long,high,low,15040403580483564977,6975326365753551237,6189502752484489103,1588456672087574261,7907560781496510099
994,8,98,C110,1006,8,boundary,positive_poor_exposure,dense,low,strong,high,short,high,high,15111121529875312090,7195183715828537737,1387457327062416140,5392051684725635748,3947984594569196821
995,8,99,C108,1004,8,boundary,positive_poor_exposure,dense,high,weak,high,short,high,high,15120980314565209381,5071636123778979767,8376876737805411800,6474755943288549275,2092450317640299419
996,8,100,C023,919,8,boundary,positive_poor_exposure,sparse,high,strong,low,long,low,low,15139945151229631273,3622388849385134072,2871152812024269925,6489494605238961993,7509944047817287796
997,8,101,C050,946,8,boundary,positive_poor_exposure,dense,low,weak,low,long,high,low,15322708586910938419,3107540116395677415,922580370203058389,8700511849799685595,1537321923144922535
998,8,102,C122,1018,8,boundary,positive_poor_exposure,dense,low,weak,high,long,high,high,15427652876242213870,4633978060392325060,281756720594842840,6960393691331303168,6466015864171167838
999,8,103,C096,992,8,boundary,positive_poor_exposure,dense,high,strong,high,long,low,high,15549062767488463462,3296655920422774795,3282385593506906295,7395890798438839392,7474699800872052678
1000,8,104,C098,994,8,boundary,positive_poor_exposure,dense,low,weak,low,short,high,high,15880792464718586415,5881394996081118861,8889090107874612073,7025235342656707481,6112986654524298175
1001,8,105,C109,1005,8,boundary,positive_poor_exposure,sparse,low,strong,high,short,high,high,15983697804827891310,5116922625539083514,5303090631365826966,1577063769390191701,3779416849341280086
1002,8,106,C037,933,8,boundary,positive_poor_exposure,sparse,low,strong,low,short,high,low,16070479727986753577,375831478503971364,208419518640340096,7794316800776116209,2945497686251634147
1003,8,107,C042,938,8,boundary,positive_poor_exposure,dense,low,weak,high,short,high,low,16088850612389626523,3174879686871652485,5082471949797257745,4054532273244337115,2456889372787686997
1004,8,108,C040,936,8,boundary,positive_poor_exposure,dense,high,strong,low,short,high,low,16118623150994622263,1006436641882160620,1376542057152500874,9027005404291099416,3403895585761924594
1005,8,109,C115,1011,8,boundary,positive_poor_exposure,sparse,high,weak,low,long,high,high,16126440217730003916,4748138756429987757,3269570926834530189,8532799472905283499,3977660455971248445
1006,8,110,C006,902,8,boundary,positive_poor_exposure,dense,low,strong,low,short,low,low,16234251302752871765,3468866045743857706,3979036434622771186,523606001575712789,3657708563118535085
1007,8,111,C016,912,8,boundary,positive_poor_exposure,dense,high,strong,high,short,low,low,16338762028347719783,2981206325158152054,698857982605429991,5047071576624972606,502504312622772485
1008,8,112,C058,954,8,boundary,positive_poor_exposure,dense,low,weak,high,long,high,low,16363616895128067915,1912940962476005811,8278858169386128531,4444174165085777834,7908166091648828121
1009,8,113,C114,1010,8,boundary,positive_poor_exposure,dense,low,weak,low,long,high,high,16515057438959025377,1858794689423048229,5938003933467083866,5352305461099988872,8752708298276052045
1010,8,114,C092,988,8,boundary,positive_poor_exposure,dense,high,weak,high,long,low,high,16680953302727192750,9091488598163077990,4684698837753415942,6793015193098191527,2160881763456617108
1011,8,115,C074,970,8,boundary,positive_poor_exposure,dense,low,weak,high,short,low,high,16715465277536984225,1152820109101725293,643810012866346359,8879662769278952032,7415344252253771754
1012,8,116,C021,917,8,boundary,positive_poor_exposure,sparse,low,strong,low,long,low,low,16724167871922197725,9162670144280477507,8236916270326037075,8826439251884953380,4230790901281010426
1013,8,117,C027,923,8,boundary,positive_poor_exposure,sparse,high,weak,high,long,low,low,17030321186525519224,868704734573380037,4949518074267554683,8803443661614069811,6784634534105239691
1014,8,118,C088,984,8,boundary,positive_poor_exposure,dense,high,strong,low,long,low,high,17043745123608661604,8065287219234165041,3134669164577896896,8573341675627964464,5329798595516563336
1015,8,119,C039,935,8,boundary,positive_poor_exposure,sparse,high,strong,low,short,high,low,17149408396249699314,7746035612339331210,263368182493339900,5545047876129077740,5204680418472814166
1016,8,120,C017,913,8,boundary,positive_poor_exposure,sparse,low,weak,low,long,low,low,17382590506443618054,8515124612608361263,2254363574516128791,3374647957377944598,3150623243274707884
1017,8,121,C020,916,8,boundary,positive_poor_exposure,dense,high,weak,low,long,low,low,17428762881238736415,1654767577146527332,5111403405727516558,7114205512544067897,5871554270227477896
1018,8,122,C051,947,8,boundary,positive_poor_exposure,sparse,high,weak,low,long,high,low,17610186545942204497,4766978250252539137,1847195082178758507,6264059209212966137,8400368202090570748
1019,8,123,C013,909,8,boundary,positive_poor_exposure,sparse,low,strong,high,short,low,low,17630398897774738748,9116784642671262924,4475070814949343804,6374575402983872391,2934283358040039363
1020,8,124,C124,1020,8,boundary,positive_poor_exposure,dense,high,weak,high,long,high,high,17790436786834175713,8008820000490587086,7385532561110406397,7727089162046468243,6983865871542723228
1021,8,125,C007,903,8,boundary,positive_poor_exposure,sparse,high,strong,low,short,low,low,18039543231623736956,8113799151081668353,265127137205061380,218586434344311348,729080577770437781
1022,8,126,C010,906,8,boundary,positive_poor_exposure,dense,low,weak,high,short,low,low,18131361953836129781,8855945935989500088,3477525726451131182,4939182190274489220,3492357117778018527
1023,8,127,C061,957,8,boundary,positive_poor_exposure,sparse,low,strong,high,long,high,low,18205450804981812458,4120465797509887048,5988706753657968275,733633986790861404,6142799737399989791
1024,8,128,C097,993,8,boundary,positive_poor_exposure,sparse,low,weak,low,short,high,high,18422508741853818339,1919435141238270841,4637172333034981264,7739459010463284170,3160749497465906111
